1,22.32,Haynesworth The Hack,Starter,Tom Brady,TB,QB
1,4.05,Haynesworth The Hack,Starter,Andre Johnson,Ten,WR|W/R/T
1,7.3,Haynesworth The Hack,Starter,Brandon Marshall,Sea,WR|W/R/T
1,16.25,Haynesworth The Hack,Starter,Jamaal Charles,Jax,RB|W/R/T
1,42.05,Haynesworth The Hack,Starter,Arian Foster,Mia,RB|W/R/T
1,2.7,Haynesworth The Hack,Starter,Greg Olsen,Sea,TE|W/R/T
1,0.0,Haynesworth The Hack,Starter,Mike Sims-Walker,Jax,WR|W/R/T
1,0.0,Haynesworth The Hack,Non-Starter,Michael Bush,Ari,RB|W/R/T
1,3.9,Haynesworth The Hack,Non-Starter,Thomas Jones,KC,RB|W/R/T
1,0.0,Haynesworth The Hack,Non-Starter,Vincent Jackson,TB,WR|W/R/T
1,1.55,Haynesworth The Hack,Non-Starter,Braylon Edwards,Sea,WR|W/R/T
1,8.84,Haynesworth The Hack,Non-Starter,Brett Favre,Min,QB
1,2.15,Haynesworth The Hack,Non-Starter,Nate Burleson,Det,WR|W/R/T
1,0.0,Haynesworth The Hack,Non-Starter,Brian Westbrook,SF,RB|W/R/T
1,15.0,Haynesworth The Hack,Starter,New York Giants,NYG,DEF
2,11.92,Haynesworth The Hack,Starter,Tom Brady,TB,QB
2,24.8,Haynesworth The Hack,Starter,Andre Johnson,Ten,WR|W/R/T
2,8.1,Haynesworth The Hack,Starter,Brandon Marshall,Sea,WR|W/R/T
2,7.85,Haynesworth The Hack,Starter,Jamaal Charles,Jax,RB|W/R/T
2,14.55,Haynesworth The Hack,Starter,Arian Foster,Mia,RB|W/R/T
2,10.15,Haynesworth The Hack,Starter,Greg Olsen,Sea,TE|W/R/T
2,0.0,Haynesworth The Hack,Starter,Michael Bush,Ari,RB|W/R/T
2,17.0,Haynesworth The Hack,Non-Starter,Mike Sims-Walker,Jax,WR|W/R/T
2,9.05,Haynesworth The Hack,Non-Starter,Thomas Jones,KC,RB|W/R/T
2,0.0,Haynesworth The Hack,Non-Starter,Vincent Jackson,TB,WR|W/R/T
2,13.75,Haynesworth The Hack,Non-Starter,Braylon Edwards,Sea,WR|W/R/T
2,1.0,Haynesworth The Hack,Non-Starter,Brett Favre,Min,QB
2,0.65,Haynesworth The Hack,Non-Starter,Nate Burleson,Det,WR|W/R/T
2,0.0,Haynesworth The Hack,Non-Starter,Brian Westbrook,SF,RB|W/R/T
2,2.0,Haynesworth The Hack,Starter,New York Giants,NYG,DEF
3,22.68,Haynesworth The Hack,Starter,Tom Brady,TB,QB
3,7.4,Haynesworth The Hack,Starter,Andre Johnson,Ten,WR|W/R/T
3,4.8,Haynesworth The Hack,Starter,Demaryius Thomas,NE,WR|W/R/T
3,16.15,Haynesworth The Hack,Starter,Jamaal Charles,Jax,RB|W/R/T
3,11.6,Haynesworth The Hack,Starter,Arian Foster,Mia,RB|W/R/T
3,23.3,Haynesworth The Hack,Starter,Dustin Keller,NYJ,TE|W/R/T
3,3.9,Haynesworth The Hack,Starter,Mike Sims-Walker,Jax,WR|W/R/T
3,25.4,Haynesworth The Hack,Non-Starter,Brandon Marshall,Sea,WR|W/R/T
3,1.3,Haynesworth The Hack,Non-Starter,Michael Bush,Ari,RB|W/R/T
3,15.85,Haynesworth The Hack,Non-Starter,Thomas Jones,KC,RB|W/R/T
3,0.0,Haynesworth The Hack,Non-Starter,Vincent Jackson,TB,WR|W/R/T
3,15.2,Haynesworth The Hack,Non-Starter,Braylon Edwards,Sea,WR|W/R/T
3,1.1,Haynesworth The Hack,Non-Starter,Brian Westbrook,SF,RB|W/R/T
3,22.14,Haynesworth The Hack,Non-Starter,Kyle Orton,Buf,QB
3,1.0,Haynesworth The Hack,Starter,New York Giants,NYG,DEF
4,10.72,Haynesworth The Hack,Starter,Tom Brady,TB,QB
4,6.25,Haynesworth The Hack,Starter,Brandon Marshall,Sea,WR|W/R/T
4,15.6,Haynesworth The Hack,Starter,Braylon Edwards,Sea,WR|W/R/T
4,31.45,Haynesworth The Hack,Starter,Arian Foster,Mia,RB|W/R/T
4,12.1,Haynesworth The Hack,Starter,Michael Bush,Ari,RB|W/R/T
4,15.8,Haynesworth The Hack,Starter,Dustin Keller,NYJ,TE|W/R/T
4,0.0,Haynesworth The Hack,Starter,Mike Sims-Walker,Jax,WR|W/R/T
4,0.0,Haynesworth The Hack,Non-Starter,Andre Johnson,Ten,WR|W/R/T
4,1.15,Haynesworth The Hack,Non-Starter,Demaryius Thomas,NE,WR|W/R/T
4,0.0,Haynesworth The Hack,Non-Starter,Jamaal Charles,Jax,RB|W/R/T
4,0.0,Haynesworth The Hack,Non-Starter,Thomas Jones,KC,RB|W/R/T
4,0.0,Haynesworth The Hack,Non-Starter,Vincent Jackson,TB,WR|W/R/T
4,20.74,Haynesworth The Hack,Non-Starter,Kyle Orton,Buf,QB
4,0.0,Haynesworth The Hack,Non-Starter,LeGarrette Blount,Det,RB|W/R/T
4,23.0,Haynesworth The Hack,Starter,New York Giants,NYG,DEF
5,20.56,Haynesworth The Hack,Starter,Kyle Orton,Buf,QB
5,8.25,Haynesworth The Hack,Starter,Braylon Edwards,Sea,WR|W/R/T
5,10.75,Haynesworth The Hack,Starter,Andre Johnson,Ten,WR|W/R/T
5,3.2,Haynesworth The Hack,Starter,Arian Foster,Mia,RB|W/R/T
5,20.25,Haynesworth The Hack,Starter,Michael Bush,Ari,RB|W/R/T
5,1.9,Haynesworth The Hack,Starter,Dustin Keller,NYJ,TE|W/R/T
5,8.85,Haynesworth The Hack,Starter,Jamaal Charles,Jax,RB|W/R/T
5,0.0,Haynesworth The Hack,Non-Starter,Tom Brady,TB,QB
5,0.0,Haynesworth The Hack,Non-Starter,Brandon Marshall,Sea,WR|W/R/T
5,11.6,Haynesworth The Hack,Non-Starter,Mike Sims-Walker,Jax,WR|W/R/T
5,-0.3,Haynesworth The Hack,Non-Starter,Demaryius Thomas,NE,WR|W/R/T
5,1.9,Haynesworth The Hack,Non-Starter,Thomas Jones,KC,RB|W/R/T
5,0.0,Haynesworth The Hack,Non-Starter,Vincent Jackson,TB,WR|W/R/T
5,0.3,Haynesworth The Hack,Non-Starter,LeGarrette Blount,Det,RB|W/R/T
5,11.0,Haynesworth The Hack,Starter,New York Giants,NYG,DEF
6,14.56,Haynesworth The Hack,Starter,Kyle Orton,Buf,QB
6,21.8,Haynesworth The Hack,Starter,Andre Johnson,Ten,WR|W/R/T
6,15.2,Haynesworth The Hack,Starter,Brandon Marshall,Sea,WR|W/R/T
6,23.2,Haynesworth The Hack,Starter,Arian Foster,Mia,RB|W/R/T
6,12.7,Haynesworth The Hack,Starter,Jamaal Charles,Jax,RB|W/R/T
6,8.25,Haynesworth The Hack,Starter,Dustin Keller,NYJ,TE|W/R/T
6,6.4,Haynesworth The Hack,Starter,Michael Bush,Ari,RB|W/R/T
6,11.6,Haynesworth The Hack,Non-Starter,Braylon Edwards,Sea,WR|W/R/T
6,11.78,Haynesworth The Hack,Non-Starter,Tom Brady,TB,QB
6,2.1,Haynesworth The Hack,Non-Starter,Mike Sims-Walker,Jax,WR|W/R/T
6,7.95,Haynesworth The Hack,Non-Starter,Demaryius Thomas,NE,WR|W/R/T
6,17.25,Haynesworth The Hack,Non-Starter,Thomas Jones,KC,RB|W/R/T
6,0.0,Haynesworth The Hack,Non-Starter,Vincent Jackson,TB,WR|W/R/T
6,0.0,Haynesworth The Hack,Non-Starter,LeGarrette Blount,Det,RB|W/R/T
6,9.0,Haynesworth The Hack,Starter,New York Giants,NYG,DEF
7,14.02,Haynesworth The Hack,Starter,Kyle Orton,Buf,QB
7,6.95,Haynesworth The Hack,Starter,Brandon Marshall,Sea,WR|W/R/T
7,10.55,Haynesworth The Hack,Starter,Mike Sims-Walker,Jax,WR|W/R/T
7,13.1,Haynesworth The Hack,Starter,Jamaal Charles,Jax,RB|W/R/T
7,18.5,Haynesworth The Hack,Starter,Thomas Jones,KC,RB|W/R/T
7,6.65,Haynesworth The Hack,Starter,Aaron Hernandez,NE,TE|W/R/T
7,12.75,Haynesworth The Hack,Starter,Michael Bush,Ari,RB|W/R/T
7,0.0,Haynesworth The Hack,Non-Starter,Dustin Keller,NYJ,TE|W/R/T
7,0.0,Haynesworth The Hack,Non-Starter,Andre Johnson,Ten,WR|W/R/T
7,0.0,Haynesworth The Hack,Non-Starter,Arian Foster,Mia,RB|W/R/T
7,0.0,Haynesworth The Hack,Non-Starter,Braylon Edwards,Sea,WR|W/R/T
7,10.46,Haynesworth The Hack,Non-Starter,Tom Brady,TB,QB
7,-1.05,Haynesworth The Hack,Non-Starter,Demaryius Thomas,NE,WR|W/R/T
7,0.0,Haynesworth The Hack,Non-Starter,Vincent Jackson,TB,WR|W/R/T
7,3.0,Haynesworth The Hack,Starter,New York Giants,NYG,DEF
8,16.56,Haynesworth The Hack,Starter,Kyle Orton,Buf,QB
8,7.65,Haynesworth The Hack,Starter,Brandon Marshall,Sea,WR|W/R/T
8,18.35,Haynesworth The Hack,Starter,Andre Johnson,Ten,WR|W/R/T
8,24.8,Haynesworth The Hack,Starter,Jamaal Charles,Jax,RB|W/R/T
8,24.95,Haynesworth The Hack,Starter,Arian Foster,Mia,RB|W/R/T
8,3.8,Haynesworth The Hack,Starter,Aaron Hernandez,NE,TE|W/R/T
8,8.45,Haynesworth The Hack,Starter,Thomas Jones,KC,RB|W/R/T
8,23.3,Haynesworth The Hack,Non-Starter,Mike Sims-Walker,Jax,WR|W/R/T
8,16.85,Haynesworth The Hack,Non-Starter,Michael Bush,Ari,RB|W/R/T
8,5.0,Haynesworth The Hack,Non-Starter,Dustin Keller,NYJ,TE|W/R/T
8,3.45,Haynesworth The Hack,Non-Starter,Braylon Edwards,Sea,WR|W/R/T
8,13.3,Haynesworth The Hack,Non-Starter,Tom Brady,TB,QB
8,0.0,Haynesworth The Hack,Non-Starter,Vincent Jackson,TB,WR|W/R/T
8,23.4,Haynesworth The Hack,Non-Starter,LeGarrette Blount,Det,RB|W/R/T
8,9.0,Haynesworth The Hack,Starter,Kansas City Chiefs,KC,DEF
9,17.06,Haynesworth The Hack,Starter,Tom Brady,TB,QB
9,4.25,Haynesworth The Hack,Starter,Brandon Marshall,Sea,WR|W/R/T
9,5.1,Haynesworth The Hack,Starter,Andre Johnson,Ten,WR|W/R/T
9,11.25,Haynesworth The Hack,Starter,Jamaal Charles,Jax,RB|W/R/T
9,32.7,Haynesworth The Hack,Starter,Arian Foster,Mia,RB|W/R/T
9,18.05,Haynesworth The Hack,Starter,Aaron Hernandez,NE,TE|W/R/T
9,4.6,Haynesworth The Hack,Starter,LeGarrette Blount,Det,RB|W/R/T
9,3.2,Haynesworth The Hack,Non-Starter,Thomas Jones,KC,RB|W/R/T
9,0.0,Haynesworth The Hack,Non-Starter,Kyle Orton,Buf,QB
9,0.0,Haynesworth The Hack,Non-Starter,Mike Sims-Walker,Jax,WR|W/R/T
9,1.7,Haynesworth The Hack,Non-Starter,Michael Bush,Ari,RB|W/R/T
9,6.9,Haynesworth The Hack,Non-Starter,Dustin Keller,NYJ,TE|W/R/T
9,12.55,Haynesworth The Hack,Non-Starter,Braylon Edwards,Sea,WR|W/R/T
9,0.0,Haynesworth The Hack,Non-Starter,Vincent Jackson,TB,WR|W/R/T
9,10.0,Haynesworth The Hack,Starter,Kansas City Chiefs,KC,DEF
10,27.74,Haynesworth The Hack,Starter,Kyle Orton,Buf,QB
10,4.15,Haynesworth The Hack,Starter,Brandon Marshall,Sea,WR|W/R/T
10,22.85,Haynesworth The Hack,Starter,Andre Johnson,Ten,WR|W/R/T
10,19.35,Haynesworth The Hack,Starter,Jamaal Charles,Jax,RB|W/R/T
10,12.25,Haynesworth The Hack,Starter,Arian Foster,Mia,RB|W/R/T
10,0.0,Haynesworth The Hack,Starter,Aaron Hernandez,NE,TE|W/R/T
10,15.1,Haynesworth The Hack,Starter,LeGarrette Blount,Det,RB|W/R/T
10,32.3,Haynesworth The Hack,Non-Starter,Tom Brady,TB,QB
10,2.45,Haynesworth The Hack,Non-Starter,Thomas Jones,KC,RB|W/R/T
10,3.35,Haynesworth The Hack,Non-Starter,Mike Sims-Walker,Jax,WR|W/R/T
10,0.0,Haynesworth The Hack,Non-Starter,Michael Bush,Ari,RB|W/R/T
10,3.25,Haynesworth The Hack,Non-Starter,Dustin Keller,NYJ,TE|W/R/T
10,6.9,Haynesworth The Hack,Non-Starter,Braylon Edwards,Sea,WR|W/R/T
10,0.0,Haynesworth The Hack,Non-Starter,Vincent Jackson,TB,WR|W/R/T
10,-4.0,Haynesworth The Hack,Starter,Kansas City Chiefs,KC,DEF
11,15.24,Haynesworth The Hack,Starter,Tom Brady,TB,QB
11,4.2,Haynesworth The Hack,Starter,Andre Johnson,Ten,WR|W/R/T
11,15.6,Haynesworth The Hack,Starter,Braylon Edwards,Sea,WR|W/R/T
11,13.6,Haynesworth The Hack,Starter,Jamaal Charles,Jax,RB|W/R/T
11,25.8,Haynesworth The Hack,Starter,Arian Foster,Mia,RB|W/R/T
11,1.2,Haynesworth The Hack,Starter,Dustin Keller,NYJ,TE|W/R/T
11,8.2,Haynesworth The Hack,Starter,LeGarrette Blount,Det,RB|W/R/T
11,11.08,Haynesworth The Hack,Non-Starter,Kyle Orton,Buf,QB
11,7.05,Haynesworth The Hack,Non-Starter,Aaron Hernandez,NE,TE|W/R/T
11,4.85,Haynesworth The Hack,Non-Starter,Brandon Marshall,Sea,WR|W/R/T
11,19.1,Haynesworth The Hack,Non-Starter,Thomas Jones,KC,RB|W/R/T
11,0.0,Haynesworth The Hack,Non-Starter,Mike Sims-Walker,Jax,WR|W/R/T
11,0.0,Haynesworth The Hack,Non-Starter,Vincent Jackson,TB,WR|W/R/T
11,11.0,Haynesworth The Hack,Non-Starter,Keiland Williams,Was,RB|W/R/T
11,5.0,Haynesworth The Hack,Starter,New Orleans Saints,NO,DEF
12,29.74,Haynesworth The Hack,Starter,Tom Brady,TB,QB
12,13.85,Haynesworth The Hack,Starter,Andre Johnson,Ten,WR|W/R/T
12,0.0,Haynesworth The Hack,Starter,Vincent Jackson,TB,WR|W/R/T
12,22.1,Haynesworth The Hack,Starter,Jamaal Charles,Jax,RB|W/R/T
12,24.05,Haynesworth The Hack,Starter,Arian Foster,Mia,RB|W/R/T
12,5.9,Haynesworth The Hack,Starter,Dustin Keller,NYJ,TE|W/R/T
12,3.6,Haynesworth The Hack,Starter,Keiland Williams,Was,RB|W/R/T
12,2.05,Haynesworth The Hack,Non-Starter,Aaron Hernandez,NE,TE|W/R/T
12,2.5,Haynesworth The Hack,Non-Starter,Braylon Edwards,Sea,WR|W/R/T
12,5.5,Haynesworth The Hack,Non-Starter,LeGarrette Blount,Det,RB|W/R/T
12,25.88,Haynesworth The Hack,Non-Starter,Kyle Orton,Buf,QB
12,0.0,Haynesworth The Hack,Non-Starter,Brandon Marshall,Sea,WR|W/R/T
12,8.95,Haynesworth The Hack,Non-Starter,Thomas Jones,KC,RB|W/R/T
12,5.8,Haynesworth The Hack,Non-Starter,Mike Sims-Walker,Jax,WR|W/R/T
12,7.0,Haynesworth The Hack,Starter,New Orleans Saints,NO,DEF
13,29.34,Haynesworth The Hack,Starter,Tom Brady,TB,QB
13,17.4,Haynesworth The Hack,Starter,Andre Johnson,Ten,WR|W/R/T
13,4.4,Haynesworth The Hack,Starter,Braylon Edwards,Sea,WR|W/R/T
13,14.1,Haynesworth The Hack,Starter,Jamaal Charles,Jax,RB|W/R/T
13,23.4,Haynesworth The Hack,Starter,Arian Foster,Mia,RB|W/R/T
13,3.45,Haynesworth The Hack,Starter,Dustin Keller,NYJ,TE|W/R/T
13,11.7,Haynesworth The Hack,Starter,Thomas Jones,KC,RB|W/R/T
13,16.3,Haynesworth The Hack,Non-Starter,LeGarrette Blount,Det,RB|W/R/T
13,0.0,Haynesworth The Hack,Non-Starter,Vincent Jackson,TB,WR|W/R/T
13,1.6,Haynesworth The Hack,Non-Starter,Keiland Williams,Was,RB|W/R/T
13,11.85,Haynesworth The Hack,Non-Starter,Aaron Hernandez,NE,TE|W/R/T
13,2.68,Haynesworth The Hack,Non-Starter,Kyle Orton,Buf,QB
13,0.0,Haynesworth The Hack,Non-Starter,Brandon Marshall,Sea,WR|W/R/T
13,0.0,Haynesworth The Hack,Non-Starter,Mike Sims-Walker,Jax,WR|W/R/T
13,2.0,Haynesworth The Hack,Starter,New Orleans Saints,NO,DEF
14,-0.86,Haynesworth The Hack,Starter,Kyle Orton,Buf,QB
14,28.25,Haynesworth The Hack,Starter,Andre Johnson,Ten,WR|W/R/T
14,1.95,Haynesworth The Hack,Starter,Braylon Edwards,Sea,WR|W/R/T
14,13.5,Haynesworth The Hack,Starter,Arian Foster,Mia,RB|W/R/T
14,4.8,Haynesworth The Hack,Starter,LeGarrette Blount,Det,RB|W/R/T
14,1.8,Haynesworth The Hack,Starter,Tony Moeaki,Atl,TE|W/R/T
14,5.4,Haynesworth The Hack,Starter,Jamaal Charles,Jax,RB|W/R/T
14,22.76,Haynesworth The Hack,Non-Starter,Tom Brady,TB,QB
14,0.1,Haynesworth The Hack,Non-Starter,Thomas Jones,KC,RB|W/R/T
14,4.8,Haynesworth The Hack,Non-Starter,Vincent Jackson,TB,WR|W/R/T
14,8.35,Haynesworth The Hack,Non-Starter,Keiland Williams,Was,RB|W/R/T
14,2.4,Haynesworth The Hack,Non-Starter,Aaron Hernandez,NE,TE|W/R/T
14,8.1,Haynesworth The Hack,Non-Starter,Brandon Marshall,Sea,WR|W/R/T
14,8.8,Haynesworth The Hack,Non-Starter,Mike Sims-Walker,Jax,WR|W/R/T
14,8.0,Haynesworth The Hack,Starter,Cleveland Browns,Cle,DEF
15,14.52,Haynesworth The Hack,Starter,Tom Brady,TB,QB
15,13.3,Haynesworth The Hack,Starter,Andre Johnson,Ten,WR|W/R/T
15,17.35,Haynesworth The Hack,Starter,Brandon Marshall,Sea,WR|W/R/T
15,7.6,Haynesworth The Hack,Starter,Arian Foster,Mia,RB|W/R/T
15,17.0,Haynesworth The Hack,Starter,LeGarrette Blount,Det,RB|W/R/T
15,3.25,Haynesworth The Hack,Starter,Tony Moeaki,Atl,TE|W/R/T
15,22.05,Haynesworth The Hack,Starter,Jamaal Charles,Jax,RB|W/R/T
15,0.0,Haynesworth The Hack,Non-Starter,Kyle Orton,Buf,QB
15,12.0,Haynesworth The Hack,Non-Starter,Braylon Edwards,Sea,WR|W/R/T
15,14.05,Haynesworth The Hack,Non-Starter,Thomas Jones,KC,RB|W/R/T
15,30.45,Haynesworth The Hack,Non-Starter,Vincent Jackson,TB,WR|W/R/T
15,1.95,Haynesworth The Hack,Non-Starter,Keiland Williams,Was,RB|W/R/T
15,17.7,Haynesworth The Hack,Non-Starter,Aaron Hernandez,NE,TE|W/R/T
15,17.2,Haynesworth The Hack,Non-Starter,Mike Sims-Walker,Jax,WR|W/R/T
15,1.0,Haynesworth The Hack,Starter,Cleveland Browns,Cle,DEF
1,12.42,Football Yankees,Starter,Aaron Rodgers,Pit,QB
1,7.15,Football Yankees,Starter,Randy Moss,SF,WR|W/R/T
1,11.05,Football Yankees,Starter,Larry Fitzgerald,Ari,WR|W/R/T
1,6.65,Football Yankees,Starter,Clinton Portis,Was,RB|W/R/T
1,22.5,Football Yankees,Starter,Darren McFadden,Dal,RB|W/R/T
1,4.2,Football Yankees,Starter,Kellen Winslow,NYJ,TE|W/R/T
1,5.55,Football Yankees,Starter,Steve Smith,LAR,WR|W/R/T
1,0.0,Football Yankees,Non-Starter,Beanie Wells,Ari,RB|W/R/T
1,4.05,Football Yankees,Non-Starter,Robert Meachem,NO,WR|W/R/T
1,0.95,Football Yankees,Non-Starter,Donald Brown,LAC,RB|W/R/T
1,1.2,Football Yankees,Non-Starter,Leon Washington,Ten,RB|W/R/T
1,3.45,Football Yankees,Non-Starter,Willis McGahee,Cle,RB|W/R/T
1,18.25,Football Yankees,Non-Starter,Legedu Naanee,Mia,WR|W/R/T
1,0.0,Football Yankees,Non-Starter,Ben Roethlisberger,Pit,QB
1,-1.0,Football Yankees,Starter,Cincinnati Bengals,Cin,DEF
2,26.2,Football Yankees,Starter,Aaron Rodgers,Pit,QB
2,10.3,Football Yankees,Starter,Randy Moss,SF,WR|W/R/T
2,10.05,Football Yankees,Starter,Larry Fitzgerald,Ari,WR|W/R/T
2,15.3,Football Yankees,Starter,Clinton Portis,Was,RB|W/R/T
2,15.8,Football Yankees,Starter,Darren McFadden,Dal,RB|W/R/T
2,9.3,Football Yankees,Starter,Kellen Winslow,NYJ,TE|W/R/T
2,4.5,Football Yankees,Starter,Steve Smith,LAR,WR|W/R/T
2,0.0,Football Yankees,Non-Starter,Beanie Wells,Ari,RB|W/R/T
2,0.0,Football Yankees,Non-Starter,Robert Meachem,NO,WR|W/R/T
2,15.05,Football Yankees,Non-Starter,Donald Brown,LAC,RB|W/R/T
2,1.7,Football Yankees,Non-Starter,Leon Washington,Ten,RB|W/R/T
2,1.0,Football Yankees,Non-Starter,Willis McGahee,Cle,RB|W/R/T
2,1.65,Football Yankees,Non-Starter,Legedu Naanee,Mia,WR|W/R/T
2,0.0,Football Yankees,Non-Starter,Ben Roethlisberger,Pit,QB
2,2.0,Football Yankees,Starter,New England Patriots,NE,DEF
3,22.64,Football Yankees,Starter,Aaron Rodgers,Pit,QB
3,16.7,Football Yankees,Starter,Randy Moss,SF,WR|W/R/T
3,9.1,Football Yankees,Starter,Larry Fitzgerald,Ari,WR|W/R/T
3,6.05,Football Yankees,Starter,Clinton Portis,Was,RB|W/R/T
3,18.7,Football Yankees,Starter,Darren McFadden,Dal,RB|W/R/T
3,3.15,Football Yankees,Starter,Kellen Winslow,NYJ,TE|W/R/T
3,7.75,Football Yankees,Starter,Mike Tolbert,Buf,RB|W/R/T
3,12.55,Football Yankees,Non-Starter,Steve Smith,LAR,WR|W/R/T
3,7.5,Football Yankees,Non-Starter,Beanie Wells,Ari,RB|W/R/T
3,0.75,Football Yankees,Non-Starter,Robert Meachem,NO,WR|W/R/T
3,1.2,Football Yankees,Non-Starter,Donald Brown,LAC,RB|W/R/T
3,2.9,Football Yankees,Non-Starter,Willis McGahee,Cle,RB|W/R/T
3,6.1,Football Yankees,Non-Starter,Legedu Naanee,Mia,WR|W/R/T
3,0.0,Football Yankees,Non-Starter,Ben Roethlisberger,Pit,QB
3,13.0,Football Yankees,Starter,Cincinnati Bengals,Cin,DEF
4,17.24,Football Yankees,Starter,Aaron Rodgers,Pit,QB
4,0.0,Football Yankees,Starter,Randy Moss,SF,WR|W/R/T
4,7.35,Football Yankees,Starter,Larry Fitzgerald,Ari,WR|W/R/T
4,14.4,Football Yankees,Starter,Darren McFadden,Dal,RB|W/R/T
4,2.75,Football Yankees,Starter,Beanie Wells,Ari,RB|W/R/T
4,4.15,Football Yankees,Starter,Aaron Hernandez,NE,TE|W/R/T
4,4.0,Football Yankees,Starter,Steve Smith,LAR,WR|W/R/T
4,16.8,Football Yankees,Non-Starter,Mike Tolbert,Buf,RB|W/R/T
4,0.0,Football Yankees,Non-Starter,Kellen Winslow,NYJ,TE|W/R/T
4,8.6,Football Yankees,Non-Starter,Clinton Portis,Was,RB|W/R/T
4,0.0,Football Yankees,Non-Starter,Donald Brown,LAC,RB|W/R/T
4,8.6,Football Yankees,Non-Starter,Willis McGahee,Cle,RB|W/R/T
4,0.65,Football Yankees,Non-Starter,Legedu Naanee,Mia,WR|W/R/T
4,0.0,Football Yankees,Non-Starter,Ben Roethlisberger,Pit,QB
4,3.0,Football Yankees,Starter,Cincinnati Bengals,Cin,DEF
5,16.72,Football Yankees,Starter,Aaron Rodgers,Pit,QB
5,11.05,Football Yankees,Starter,Larry Fitzgerald,Ari,WR|W/R/T
5,16.4,Football Yankees,Starter,Steve Smith,LAR,WR|W/R/T
5,4.25,Football Yankees,Starter,Beanie Wells,Ari,RB|W/R/T
5,8.0,Football Yankees,Starter,Mike Tolbert,Buf,RB|W/R/T
5,9.0,Football Yankees,Starter,Kellen Winslow,NYJ,TE|W/R/T
5,15.1,Football Yankees,Starter,Randy Moss,SF,WR|W/R/T
5,0.0,Football Yankees,Non-Starter,Darren McFadden,Dal,RB|W/R/T
5,0.0,Football Yankees,Non-Starter,Aaron Hernandez,NE,TE|W/R/T
5,0.0,Football Yankees,Non-Starter,Clinton Portis,Was,RB|W/R/T
5,0.0,Football Yankees,Non-Starter,Donald Brown,LAC,RB|W/R/T
5,12.7,Football Yankees,Non-Starter,Willis McGahee,Cle,RB|W/R/T
5,0.0,Football Yankees,Non-Starter,Ben Roethlisberger,Pit,QB
5,0.0,Football Yankees,Non-Starter,Brandon Tate,NO,WR|W/R/T
5,10.0,Football Yankees,Starter,Cincinnati Bengals,Cin,DEF
6,21.92,Football Yankees,Starter,Aaron Rodgers,Pit,QB
6,8.5,Football Yankees,Starter,Steve Smith,LAR,WR|W/R/T
6,6.75,Football Yankees,Starter,Randy Moss,SF,WR|W/R/T
6,6.3,Football Yankees,Starter,Mike Tolbert,Buf,RB|W/R/T
6,0.0,Football Yankees,Starter,Willis McGahee,Cle,RB|W/R/T
6,6.05,Football Yankees,Starter,Kellen Winslow,NYJ,TE|W/R/T
6,2.2,Football Yankees,Starter,Brandon Tate,NO,WR|W/R/T
6,20.78,Football Yankees,Non-Starter,Ben Roethlisberger,Pit,QB
6,0.0,Football Yankees,Non-Starter,Darren McFadden,Dal,RB|W/R/T
6,0.0,Football Yankees,Non-Starter,Larry Fitzgerald,Ari,WR|W/R/T
6,0.0,Football Yankees,Non-Starter,Beanie Wells,Ari,RB|W/R/T
6,0.0,Football Yankees,Non-Starter,Clinton Portis,Was,RB|W/R/T
6,0.0,Football Yankees,Non-Starter,Donald Brown,LAC,RB|W/R/T
6,18.05,Football Yankees,Non-Starter,Deion Branch,Ind,WR|W/R/T
6,4.0,Football Yankees,Starter,New England Patriots,NE,DEF
7,18.18,Football Yankees,Starter,Ben Roethlisberger,Pit,QB
7,18.35,Football Yankees,Starter,Steve Smith,LAR,WR|W/R/T
7,9.75,Football Yankees,Starter,Randy Moss,SF,WR|W/R/T
7,11.4,Football Yankees,Starter,Beanie Wells,Ari,RB|W/R/T
7,4.8,Football Yankees,Starter,Chris Ivory,Buf,RB|W/R/T
7,5.65,Football Yankees,Starter,Kellen Winslow,NYJ,TE|W/R/T
7,3.75,Football Yankees,Starter,Larry Fitzgerald,Ari,WR|W/R/T
7,17.2,Football Yankees,Non-Starter,Aaron Rodgers,Pit,QB
7,8.05,Football Yankees,Non-Starter,Mike Tolbert,Buf,RB|W/R/T
7,13.65,Football Yankees,Non-Starter,Willis McGahee,Cle,RB|W/R/T
7,0.55,Football Yankees,Non-Starter,Brandon Tate,NO,WR|W/R/T
7,44.1,Football Yankees,Non-Starter,Darren McFadden,Dal,RB|W/R/T
7,0.0,Football Yankees,Non-Starter,Clinton Portis,Was,RB|W/R/T
7,4.9,Football Yankees,Non-Starter,Deion Branch,Ind,WR|W/R/T
7,26.0,Football Yankees,Starter,Washington Commanders,Was,DEF
8,5.7,Football Yankees,Starter,Ben Roethlisberger,Pit,QB
8,1.05,Football Yankees,Starter,Randy Moss,SF,WR|W/R/T
8,20.7,Football Yankees,Starter,Larry Fitzgerald,Ari,WR|W/R/T
8,12.65,Football Yankees,Starter,Beanie Wells,Ari,RB|W/R/T
8,14.0,Football Yankees,Starter,Darren McFadden,Dal,RB|W/R/T
8,0.75,Football Yankees,Starter,Kellen Winslow,NYJ,TE|W/R/T
8,2.35,Football Yankees,Starter,Deion Branch,Ind,WR|W/R/T
8,0.0,Football Yankees,Non-Starter,Steve Smith,LAR,WR|W/R/T
8,0.7,Football Yankees,Non-Starter,Chris Ivory,Buf,RB|W/R/T
8,7.3,Football Yankees,Non-Starter,Aaron Rodgers,Pit,QB
8,16.0,Football Yankees,Non-Starter,Mike Tolbert,Buf,RB|W/R/T
8,0.0,Football Yankees,Non-Starter,Willis McGahee,Cle,RB|W/R/T
8,16.85,Football Yankees,Non-Starter,Brandon Tate,NO,WR|W/R/T
8,0.0,Football Yankees,Non-Starter,Clinton Portis,Was,RB|W/R/T
8,10.0,Football Yankees,Starter,Washington Commanders,Was,DEF
9,27.66,Football Yankees,Starter,Aaron Rodgers,Pit,QB
9,12.45,Football Yankees,Starter,Larry Fitzgerald,Ari,WR|W/R/T
9,11.6,Football Yankees,Starter,Steve Smith,LAR,WR|W/R/T
9,-0.2,Football Yankees,Starter,Beanie Wells,Ari,RB|W/R/T
9,10.4,Football Yankees,Starter,Darren McFadden,Dal,RB|W/R/T
9,3.85,Football Yankees,Starter,Kellen Winslow,NYJ,TE|W/R/T
9,5.65,Football Yankees,Starter,Mike Tolbert,Buf,RB|W/R/T
9,1.45,Football Yankees,Non-Starter,Brandon Tate,NO,WR|W/R/T
9,9.82,Football Yankees,Non-Starter,Ben Roethlisberger,Pit,QB
9,0.0,Football Yankees,Non-Starter,Randy Moss,SF,WR|W/R/T
9,2.6,Football Yankees,Non-Starter,Deion Branch,Ind,WR|W/R/T
9,5.0,Football Yankees,Non-Starter,Chris Ivory,Buf,RB|W/R/T
9,13.35,Football Yankees,Non-Starter,Willis McGahee,Cle,RB|W/R/T
9,0.0,Football Yankees,Non-Starter,Clinton Portis,Was,RB|W/R/T
9,10.0,Football Yankees,Starter,New York Giants,NYG,DEF
10,26.68,Football Yankees,Starter,Ben Roethlisberger,Pit,QB
10,12.85,Football Yankees,Starter,Larry Fitzgerald,Ari,WR|W/R/T
10,8.85,Football Yankees,Starter,Deion Branch,Ind,WR|W/R/T
10,0.0,Football Yankees,Starter,Beanie Wells,Ari,RB|W/R/T
10,0.65,Football Yankees,Starter,Willis McGahee,Cle,RB|W/R/T
10,14.0,Football Yankees,Starter,Kellen Winslow,NYJ,TE|W/R/T
10,2.85,Football Yankees,Starter,Randy Moss,SF,WR|W/R/T
10,0.0,Football Yankees,Non-Starter,Steve Smith,LAR,WR|W/R/T
10,0.0,Football Yankees,Non-Starter,Darren McFadden,Dal,RB|W/R/T
10,0.0,Football Yankees,Non-Starter,Aaron Rodgers,Pit,QB
10,0.0,Football Yankees,Non-Starter,Mike Tolbert,Buf,RB|W/R/T
10,5.5,Football Yankees,Non-Starter,Brandon Tate,NO,WR|W/R/T
10,0.0,Football Yankees,Non-Starter,Chris Ivory,Buf,RB|W/R/T
10,0.0,Football Yankees,Non-Starter,Clinton Portis,Was,RB|W/R/T
10,5.0,Football Yankees,Starter,New York Giants,NYG,DEF
11,30.14,Football Yankees,Starter,Aaron Rodgers,Pit,QB
11,16.5,Football Yankees,Starter,Larry Fitzgerald,Ari,WR|W/R/T
11,8.75,Football Yankees,Starter,Deion Branch,Ind,WR|W/R/T
11,3.5,Football Yankees,Starter,Darren McFadden,Dal,RB|W/R/T
11,21.8,Football Yankees,Starter,Mike Tolbert,Buf,RB|W/R/T
11,4.4,Football Yankees,Starter,Kellen Winslow,NYJ,TE|W/R/T
11,0.0,Football Yankees,Starter,Randy Moss,SF,WR|W/R/T
11,34.5,Football Yankees,Non-Starter,Ben Roethlisberger,Pit,QB
11,3.9,Football Yankees,Non-Starter,Beanie Wells,Ari,RB|W/R/T
11,0.0,Football Yankees,Non-Starter,Steve Smith,LAR,WR|W/R/T
11,0.0,Football Yankees,Non-Starter,Brandon Tate,NO,WR|W/R/T
11,15.9,Football Yankees,Non-Starter,Chris Ivory,Buf,RB|W/R/T
11,4.85,Football Yankees,Non-Starter,Clinton Portis,Was,RB|W/R/T
11,16.35,Football Yankees,Non-Starter,Mike Goodson,NYJ,RB|W/R/T
11,9.0,Football Yankees,Starter,New York Giants,NYG,DEF
12,26.86,Football Yankees,Starter,Aaron Rodgers,Pit,QB
12,4.7,Football Yankees,Starter,Larry Fitzgerald,Ari,WR|W/R/T
12,24.05,Football Yankees,Starter,Deion Branch,Ind,WR|W/R/T
12,8.25,Football Yankees,Starter,Darren McFadden,Dal,RB|W/R/T
12,18.3,Football Yankees,Starter,Mike Tolbert,Buf,RB|W/R/T
12,11.4,Football Yankees,Starter,Kellen Winslow,NYJ,TE|W/R/T
12,21.6,Football Yankees,Starter,Mike Goodson,NYJ,RB|W/R/T
12,3.05,Football Yankees,Non-Starter,Randy Moss,SF,WR|W/R/T
12,11.64,Football Yankees,Non-Starter,Ben Roethlisberger,Pit,QB
12,5.85,Football Yankees,Non-Starter,Beanie Wells,Ari,RB|W/R/T
12,0.0,Football Yankees,Non-Starter,Steve Smith,LAR,WR|W/R/T
12,1.7,Football Yankees,Non-Starter,Brandon Tate,NO,WR|W/R/T
12,15.8,Football Yankees,Non-Starter,Chris Ivory,Buf,RB|W/R/T
12,2.6,Football Yankees,Non-Starter,Derek Hagan,Ten,WR|W/R/T
12,9.0,Football Yankees,Starter,New York Giants,NYG,DEF
13,27.82,Football Yankees,Starter,Aaron Rodgers,Pit,QB
13,7.1,Football Yankees,Starter,Larry Fitzgerald,Ari,WR|W/R/T
13,13.15,Football Yankees,Starter,Deion Branch,Ind,WR|W/R/T
13,17.45,Football Yankees,Starter,Darren McFadden,Dal,RB|W/R/T
13,7.9,Football Yankees,Starter,Mike Goodson,NYJ,RB|W/R/T
13,3.35,Football Yankees,Starter,Kellen Winslow,NYJ,TE|W/R/T
13,23.7,Football Yankees,Starter,Chris Ivory,Buf,RB|W/R/T
13,7.8,Football Yankees,Non-Starter,Mike Tolbert,Buf,RB|W/R/T
13,1.55,Football Yankees,Non-Starter,Randy Moss,SF,WR|W/R/T
13,12.02,Football Yankees,Non-Starter,Ben Roethlisberger,Pit,QB
13,2.4,Football Yankees,Non-Starter,Beanie Wells,Ari,RB|W/R/T
13,0.0,Football Yankees,Non-Starter,Steve Smith,LAR,WR|W/R/T
13,7.25,Football Yankees,Non-Starter,Brandon Tate,NO,WR|W/R/T
13,8.25,Football Yankees,Non-Starter,Derek Hagan,Ten,WR|W/R/T
13,20.0,Football Yankees,Starter,New York Giants,NYG,DEF
14,2.34,Football Yankees,Starter,Aaron Rodgers,Pit,QB
14,8.7,Football Yankees,Starter,Larry Fitzgerald,Ari,WR|W/R/T
14,23.1,Football Yankees,Starter,Deion Branch,Ind,WR|W/R/T
14,39.65,Football Yankees,Starter,Darren McFadden,Dal,RB|W/R/T
14,13.85,Football Yankees,Starter,Mike Goodson,NYJ,RB|W/R/T
14,11.7,Football Yankees,Starter,Kellen Winslow,NYJ,TE|W/R/T
14,4.7,Football Yankees,Starter,Chris Ivory,Buf,RB|W/R/T
14,14.15,Football Yankees,Non-Starter,Mike Tolbert,Buf,RB|W/R/T
14,0.0,Football Yankees,Non-Starter,Randy Moss,SF,WR|W/R/T
14,12.62,Football Yankees,Non-Starter,Ben Roethlisberger,Pit,QB
14,1.6,Football Yankees,Non-Starter,Beanie Wells,Ari,RB|W/R/T
14,1.45,Football Yankees,Non-Starter,Steve Smith,LAR,WR|W/R/T
14,4.5,Football Yankees,Non-Starter,Brandon Tate,NO,WR|W/R/T
14,1.25,Football Yankees,Non-Starter,Derek Hagan,Ten,WR|W/R/T
14,13.0,Football Yankees,Starter,New York Giants,NYG,DEF
15,0.0,Football Yankees,Starter,Aaron Rodgers,Pit,QB
15,14.75,Football Yankees,Starter,Larry Fitzgerald,Ari,WR|W/R/T
15,3.8,Football Yankees,Starter,Deion Branch,Ind,WR|W/R/T
15,14.8,Football Yankees,Starter,Darren McFadden,Dal,RB|W/R/T
15,5.3,Football Yankees,Starter,Mike Goodson,NYJ,RB|W/R/T
15,5.6,Football Yankees,Starter,Kellen Winslow,NYJ,TE|W/R/T
15,0.0,Football Yankees,Starter,Chris Ivory,Buf,RB|W/R/T
15,10.6,Football Yankees,Non-Starter,Mike Tolbert,Buf,RB|W/R/T
15,0.0,Football Yankees,Non-Starter,Randy Moss,SF,WR|W/R/T
15,17.06,Football Yankees,Non-Starter,Ben Roethlisberger,Pit,QB
15,1.1,Football Yankees,Non-Starter,Beanie Wells,Ari,RB|W/R/T
15,0.0,Football Yankees,Non-Starter,Steve Smith,LAR,WR|W/R/T
15,0.75,Football Yankees,Non-Starter,Brandon Tate,NO,WR|W/R/T
15,4.35,Football Yankees,Non-Starter,Derek Hagan,Ten,WR|W/R/T
15,5.0,Football Yankees,Starter,New York Giants,NYG,DEF
16,34.76,Football Yankees,Starter,Aaron Rodgers,Pit,QB
16,2.85,Football Yankees,Starter,Larry Fitzgerald,Ari,WR|W/R/T
16,3.0,Football Yankees,Starter,Deion Branch,Ind,WR|W/R/T
16,8.6,Football Yankees,Starter,Darren McFadden,Dal,RB|W/R/T
16,1.1,Football Yankees,Starter,Mike Goodson,NYJ,RB|W/R/T
16,23.55,Football Yankees,Starter,Kellen Winslow,NYJ,TE|W/R/T
16,0.0,Football Yankees,Starter,Chris Ivory,Buf,RB|W/R/T
16,-2.2,Football Yankees,Non-Starter,Mike Tolbert,Buf,RB|W/R/T
16,0.0,Football Yankees,Non-Starter,Randy Moss,SF,WR|W/R/T
16,19.0,Football Yankees,Non-Starter,Ben Roethlisberger,Pit,QB
16,4.7,Football Yankees,Non-Starter,Beanie Wells,Ari,RB|W/R/T
16,0.0,Football Yankees,Non-Starter,Steve Smith,LAR,WR|W/R/T
16,1.2,Football Yankees,Non-Starter,Brandon Tate,NO,WR|W/R/T
16,1.6,Football Yankees,Non-Starter,Derek Hagan,Ten,WR|W/R/T
16,0.0,Football Yankees,Starter,New York Giants,NYG,DEF
1,12.88,Undrafted,Starter,Drew Brees,NO,QB
1,14.75,Undrafted,Starter,Steve Smith,Bal,WR|W/R/T
1,1.7,Undrafted,Starter,Michael Crabtree,Ari,WR|W/R/T
1,15.35,Undrafted,Starter,Pierre Thomas,SF,RB|W/R/T
1,8.3,Undrafted,Starter,LaDainian Tomlinson,NYJ,RB|W/R/T
1,3.45,Undrafted,Starter,Jason Witten,LV,TE|W/R/T
1,6.9,Undrafted,Starter,Felix Jones,Pit,RB|W/R/T
1,5.95,Undrafted,Non-Starter,Johnny Knox,Chi,WR|W/R/T
1,1.32,Undrafted,Non-Starter,Matthew Stafford,LAR,QB
1,1.3,Undrafted,Non-Starter,Marshawn Lynch,Sea,RB|W/R/T
1,0.0,Undrafted,Non-Starter,Julian Edelman,NE,WR|W/R/T
1,1.05,Undrafted,Non-Starter,Jason Snelling,Atl,RB|W/R/T
1,0.0,Undrafted,Non-Starter,Toby Gerhart,Jax,RB|W/R/T
1,9.0,Undrafted,Starter,Green Bay Packers,GB,DEF
1,9.0,Undrafted,Non-Starter,Chicago,Chi,DEF
2,19.11,Undrafted,Starter,Drew Brees,NO,QB
2,13.35,Undrafted,Starter,Steve Smith,Bal,WR|W/R/T
2,3.45,Undrafted,Starter,Michael Crabtree,Ari,WR|W/R/T
2,12.3,Undrafted,Starter,Pierre Thomas,SF,RB|W/R/T
2,11.2,Undrafted,Starter,LaDainian Tomlinson,NYJ,RB|W/R/T
2,6.35,Undrafted,Starter,Jason Witten,LV,TE|W/R/T
2,2.4,Undrafted,Starter,Felix Jones,Pit,RB|W/R/T
2,9.6,Undrafted,Non-Starter,Johnny Knox,Chi,WR|W/R/T
2,0.0,Undrafted,Non-Starter,Matthew Stafford,LAR,QB
2,6.4,Undrafted,Non-Starter,Marshawn Lynch,Sea,RB|W/R/T
2,0.85,Undrafted,Non-Starter,Julian Edelman,NE,WR|W/R/T
2,37.85,Undrafted,Non-Starter,Jason Snelling,Atl,RB|W/R/T
2,1.75,Undrafted,Non-Starter,Toby Gerhart,Jax,RB|W/R/T
2,12.0,Undrafted,Starter,Green Bay Packers,GB,DEF
2,7.0,Undrafted,Non-Starter,Chicago,Chi,DEF
3,22.6,Undrafted,Starter,Drew Brees,NO,QB
3,2.95,Undrafted,Starter,Steve Smith,Bal,WR|W/R/T
3,10.6,Undrafted,Starter,Johnny Knox,Chi,WR|W/R/T
3,10.6,Undrafted,Starter,Pierre Thomas,SF,RB|W/R/T
3,15.55,Undrafted,Starter,LaDainian Tomlinson,NYJ,RB|W/R/T
3,7.35,Undrafted,Starter,Jason Witten,LV,TE|W/R/T
3,7.25,Undrafted,Starter,Jason Snelling,Atl,RB|W/R/T
3,4.45,Undrafted,Non-Starter,Michael Crabtree,Ari,WR|W/R/T
3,4.3,Undrafted,Non-Starter,Felix Jones,Pit,RB|W/R/T
3,0.0,Undrafted,Non-Starter,Matthew Stafford,LAR,QB
3,8.85,Undrafted,Non-Starter,Marshawn Lynch,Sea,RB|W/R/T
3,1.65,Undrafted,Non-Starter,Julian Edelman,NE,WR|W/R/T
3,9.05,Undrafted,Non-Starter,Josh Cribbs,Ind,WR|W/R/T
3,6.0,Undrafted,Starter,Green Bay Packers,GB,DEF
3,13.0,Undrafted,Non-Starter,Chicago,Chi,DEF
4,14.9,Undrafted,Starter,Drew Brees,NO,QB
4,1.6,Undrafted,Starter,Steve Smith,Bal,WR|W/R/T
4,2.85,Undrafted,Starter,Johnny Knox,Chi,WR|W/R/T
4,0.0,Undrafted,Starter,Pierre Thomas,SF,RB|W/R/T
4,28.25,Undrafted,Starter,LaDainian Tomlinson,NYJ,RB|W/R/T
4,1.75,Undrafted,Starter,John Carlson,Ari,TE|W/R/T
4,4.1,Undrafted,Starter,Jason Snelling,Atl,RB|W/R/T
4,0.0,Undrafted,Non-Starter,Jason Witten,LV,TE|W/R/T
4,7.05,Undrafted,Non-Starter,Michael Crabtree,Ari,WR|W/R/T
4,0.0,Undrafted,Non-Starter,Felix Jones,Pit,RB|W/R/T
4,-1.2,Undrafted,Non-Starter,Marshawn Lynch,Sea,RB|W/R/T
4,0.0,Undrafted,Non-Starter,Julian Edelman,NE,WR|W/R/T
4,3.8,Undrafted,Non-Starter,Josh Cribbs,Ind,WR|W/R/T
4,15.0,Undrafted,Starter,Green Bay Packers,GB,DEF
4,9.0,Undrafted,Non-Starter,Chicago,Chi,DEF
5,13.36,Undrafted,Starter,Drew Brees,NO,QB
5,1.65,Undrafted,Starter,Johnny Knox,Chi,WR|W/R/T
5,2.55,Undrafted,Starter,Josh Cribbs,Ind,WR|W/R/T
5,11.95,Undrafted,Starter,LaDainian Tomlinson,NYJ,RB|W/R/T
5,13.6,Undrafted,Starter,Felix Jones,Pit,RB|W/R/T
5,15.65,Undrafted,Starter,Jason Witten,LV,TE|W/R/T
5,2.5,Undrafted,Starter,Jason Snelling,Atl,RB|W/R/T
5,0.0,Undrafted,Non-Starter,Steve Smith,Bal,WR|W/R/T
5,0.0,Undrafted,Non-Starter,Pierre Thomas,SF,RB|W/R/T
5,0.0,Undrafted,Non-Starter,John Carlson,Ari,TE|W/R/T
5,18.75,Undrafted,Non-Starter,Michael Crabtree,Ari,WR|W/R/T
5,0.0,Undrafted,Non-Starter,Marshawn Lynch,Sea,RB|W/R/T
5,0.0,Undrafted,Non-Starter,Julian Edelman,NE,WR|W/R/T
5,8.0,Undrafted,Starter,Green Bay Packers,GB,DEF
5,18.0,Undrafted,Non-Starter,Chicago,Chi,DEF
6,20.72,Undrafted,Starter,Drew Brees,NO,QB
6,13.25,Undrafted,Starter,Johnny Knox,Chi,WR|W/R/T
6,12.7,Undrafted,Starter,Michael Crabtree,Ari,WR|W/R/T
6,19.2,Undrafted,Starter,LaDainian Tomlinson,NYJ,RB|W/R/T
6,11.8,Undrafted,Starter,Felix Jones,Pit,RB|W/R/T
6,5.95,Undrafted,Starter,Jason Witten,LV,TE|W/R/T
6,12.05,Undrafted,Starter,Marshawn Lynch,Sea,RB|W/R/T
6,2.6,Undrafted,Non-Starter,John Carlson,Ari,TE|W/R/T
6,0.1,Undrafted,Non-Starter,Josh Cribbs,Ind,WR|W/R/T
6,3.2,Undrafted,Non-Starter,Jason Snelling,Atl,RB|W/R/T
6,0.0,Undrafted,Non-Starter,Steve Smith,Bal,WR|W/R/T
6,0.0,Undrafted,Non-Starter,Pierre Thomas,SF,RB|W/R/T
6,0.0,Undrafted,Non-Starter,Julian Edelman,NE,WR|W/R/T
6,2.0,Undrafted,Starter,Green Bay Packers,GB,DEF
6,6.0,Undrafted,Non-Starter,Chicago,Chi,DEF
7,14.24,Undrafted,Starter,Drew Brees,NO,QB
7,16.1,Undrafted,Starter,Johnny Knox,Chi,WR|W/R/T
7,4.1,Undrafted,Starter,Michael Crabtree,Ari,WR|W/R/T
7,6.95,Undrafted,Starter,Felix Jones,Pit,RB|W/R/T
7,8.9,Undrafted,Starter,Marshawn Lynch,Sea,RB|W/R/T
7,17.75,Undrafted,Starter,Jason Witten,LV,TE|W/R/T
7,4.0,Undrafted,Starter,Steve Smith,Bal,WR|W/R/T
7,0.0,Undrafted,Non-Starter,LaDainian Tomlinson,NYJ,RB|W/R/T
7,0.55,Undrafted,Non-Starter,John Carlson,Ari,TE|W/R/T
7,1.25,Undrafted,Non-Starter,Josh Cribbs,Ind,WR|W/R/T
7,2.9,Undrafted,Non-Starter,Jason Snelling,Atl,RB|W/R/T
7,0.0,Undrafted,Non-Starter,Pierre Thomas,SF,RB|W/R/T
7,0.0,Undrafted,Non-Starter,Julian Edelman,NE,WR|W/R/T
7,13.0,Undrafted,Starter,Green Bay Packers,GB,DEF
7,18.0,Undrafted,Non-Starter,Chicago,Chi,DEF
8,16.0,Undrafted,Starter,Drew Brees,NO,QB
8,12.05,Undrafted,Starter,Michael Crabtree,Ari,WR|W/R/T
8,8.75,Undrafted,Starter,Steve Smith,Bal,WR|W/R/T
8,4.35,Undrafted,Starter,Felix Jones,Pit,RB|W/R/T
8,0.7,Undrafted,Starter,Marshawn Lynch,Sea,RB|W/R/T
8,18.2,Undrafted,Starter,Jason Witten,LV,TE|W/R/T
8,9.55,Undrafted,Starter,LaDainian Tomlinson,NYJ,RB|W/R/T
8,0.0,Undrafted,Non-Starter,Johnny Knox,Chi,WR|W/R/T
8,5.45,Undrafted,Non-Starter,John Carlson,Ari,TE|W/R/T
8,0.0,Undrafted,Non-Starter,Josh Cribbs,Ind,WR|W/R/T
8,0.0,Undrafted,Non-Starter,Jason Snelling,Atl,RB|W/R/T
8,0.0,Undrafted,Non-Starter,Pierre Thomas,SF,RB|W/R/T
8,0.0,Undrafted,Non-Starter,Julian Edelman,NE,WR|W/R/T
8,18.0,Undrafted,Starter,Green Bay Packers,GB,DEF
8,0.0,Undrafted,Non-Starter,Chicago,Chi,DEF
9,16.12,Undrafted,Starter,Drew Brees,NO,QB
9,1.15,Undrafted,Starter,Steve Smith,Bal,WR|W/R/T
9,5.65,Undrafted,Starter,Johnny Knox,Chi,WR|W/R/T
9,4.8,Undrafted,Starter,Marshawn Lynch,Sea,RB|W/R/T
9,11.7,Undrafted,Starter,LaDainian Tomlinson,NYJ,RB|W/R/T
9,5.15,Undrafted,Starter,Jason Witten,LV,TE|W/R/T
9,2.0,Undrafted,Starter,Josh Cribbs,Ind,WR|W/R/T
9,1.6,Undrafted,Non-Starter,Felix Jones,Pit,RB|W/R/T
9,0.0,Undrafted,Non-Starter,Michael Crabtree,Ari,WR|W/R/T
9,1.4,Undrafted,Non-Starter,John Carlson,Ari,TE|W/R/T
9,5.15,Undrafted,Non-Starter,Jason Snelling,Atl,RB|W/R/T
9,0.0,Undrafted,Non-Starter,Pierre Thomas,SF,RB|W/R/T
9,0.0,Undrafted,Non-Starter,Julian Edelman,NE,WR|W/R/T
9,28.0,Undrafted,Starter,Green Bay Packers,GB,DEF
9,10.0,Undrafted,Non-Starter,Chicago,Chi,DEF
10,2.04,Undrafted,Starter,Kerry Collins,Ind,QB
10,5.45,Undrafted,Starter,Steve Smith,Bal,WR|W/R/T
10,10.25,Undrafted,Starter,Johnny Knox,Chi,WR|W/R/T
10,12.5,Undrafted,Starter,LaDainian Tomlinson,NYJ,RB|W/R/T
10,1.4,Undrafted,Starter,C.J. Spiller,KC,RB|W/R/T
10,0.95,Undrafted,Starter,Jason Witten,LV,TE|W/R/T
10,13.1,Undrafted,Starter,Michael Crabtree,Ari,WR|W/R/T
10,12.7,Undrafted,Non-Starter,Marshawn Lynch,Sea,RB|W/R/T
10,5.35,Undrafted,Non-Starter,Josh Cribbs,Ind,WR|W/R/T
10,0.0,Undrafted,Non-Starter,Drew Brees,NO,QB
10,20.35,Undrafted,Non-Starter,Felix Jones,Pit,RB|W/R/T
10,14.2,Undrafted,Non-Starter,Jason Snelling,Atl,RB|W/R/T
10,0.0,Undrafted,Non-Starter,Pierre Thomas,SF,RB|W/R/T
10,13.0,Undrafted,Starter,Chicago,Chi,DEF
10,0.0,Undrafted,Non-Starter,Green Bay Packers,GB,DEF
11,27.28,Undrafted,Starter,Drew Brees,NO,QB
11,1.75,Undrafted,Starter,Michael Crabtree,Ari,WR|W/R/T
11,8.3,Undrafted,Starter,Danny Amendola,Hou,WR|W/R/T
11,12.45,Undrafted,Starter,LaDainian Tomlinson,NYJ,RB|W/R/T
11,7.35,Undrafted,Starter,Felix Jones,Pit,RB|W/R/T
11,5.8,Undrafted,Starter,Jason Witten,LV,TE|W/R/T
11,6.75,Undrafted,Starter,Johnny Knox,Chi,WR|W/R/T
11,3.55,Undrafted,Non-Starter,Jason Snelling,Atl,RB|W/R/T
11,5.6,Undrafted,Non-Starter,Steve Smith,Bal,WR|W/R/T
11,0.0,Undrafted,Non-Starter,C.J. Spiller,KC,RB|W/R/T
11,2.5,Undrafted,Non-Starter,Marshawn Lynch,Sea,RB|W/R/T
11,0.0,Undrafted,Non-Starter,Josh Cribbs,Ind,WR|W/R/T
11,0.0,Undrafted,Non-Starter,Pierre Thomas,SF,RB|W/R/T
11,12.0,Undrafted,Starter,Green Bay Packers,GB,DEF
11,18.0,Undrafted,Non-Starter,Chicago,Chi,DEF
12,15.78,Undrafted,Starter,Drew Brees,NO,QB
12,9.9,Undrafted,Starter,Danny Amendola,Hou,WR|W/R/T
12,11.3,Undrafted,Starter,Michael Crabtree,Ari,WR|W/R/T
12,6.8,Undrafted,Starter,LaDainian Tomlinson,NYJ,RB|W/R/T
12,13.05,Undrafted,Starter,Felix Jones,Pit,RB|W/R/T
12,12.4,Undrafted,Starter,Jason Witten,LV,TE|W/R/T
12,3.8,Undrafted,Starter,Marshawn Lynch,Sea,RB|W/R/T
12,13.55,Undrafted,Non-Starter,Johnny Knox,Chi,WR|W/R/T
12,3.8,Undrafted,Non-Starter,Steve Smith,Bal,WR|W/R/T
12,0.0,Undrafted,Non-Starter,Josh Cribbs,Ind,WR|W/R/T
12,4.9,Undrafted,Non-Starter,Jason Snelling,Atl,RB|W/R/T
12,0.0,Undrafted,Non-Starter,C.J. Spiller,KC,RB|W/R/T
12,0.0,Undrafted,Non-Starter,Pierre Thomas,SF,RB|W/R/T
12,3.0,Undrafted,Starter,Green Bay Packers,GB,DEF
12,6.0,Undrafted,Non-Starter,Chicago,Chi,DEF
13,18.52,Undrafted,Starter,Drew Brees,NO,QB
13,1.95,Undrafted,Starter,Danny Amendola,Hou,WR|W/R/T
13,4.15,Undrafted,Starter,Johnny Knox,Chi,WR|W/R/T
13,6.6,Undrafted,Starter,LaDainian Tomlinson,NYJ,RB|W/R/T
13,9.85,Undrafted,Starter,Felix Jones,Pit,RB|W/R/T
13,11.45,Undrafted,Starter,Jason Witten,LV,TE|W/R/T
13,5.25,Undrafted,Starter,Michael Crabtree,Ari,WR|W/R/T
13,28.25,Undrafted,Non-Starter,Marshawn Lynch,Sea,RB|W/R/T
13,6.15,Undrafted,Non-Starter,Steve Smith,Bal,WR|W/R/T
13,0.0,Undrafted,Non-Starter,Josh Cribbs,Ind,WR|W/R/T
13,0.0,Undrafted,Non-Starter,Jason Snelling,Atl,RB|W/R/T
13,4.1,Undrafted,Non-Starter,C.J. Spiller,KC,RB|W/R/T
13,0.0,Undrafted,Non-Starter,Pierre Thomas,SF,RB|W/R/T
13,7.0,Undrafted,Starter,Green Bay Packers,GB,DEF
13,3.0,Undrafted,Non-Starter,Chicago,Chi,DEF
14,17.54,Undrafted,Starter,Drew Brees,NO,QB
14,2.35,Undrafted,Starter,Danny Amendola,Hou,WR|W/R/T
14,0.1,Undrafted,Starter,Johnny Knox,Chi,WR|W/R/T
14,5.9,Undrafted,Starter,LaDainian Tomlinson,NYJ,RB|W/R/T
14,8.35,Undrafted,Starter,Marshawn Lynch,Sea,RB|W/R/T
14,20.65,Undrafted,Starter,Jason Witten,LV,TE|W/R/T
14,0.35,Undrafted,Starter,Michael Crabtree,Ari,WR|W/R/T
14,15.3,Undrafted,Non-Starter,Felix Jones,Pit,RB|W/R/T
14,3.1,Undrafted,Non-Starter,Steve Smith,Bal,WR|W/R/T
14,-0.15,Undrafted,Non-Starter,Josh Cribbs,Ind,WR|W/R/T
14,0.0,Undrafted,Non-Starter,Jason Snelling,Atl,RB|W/R/T
14,3.3,Undrafted,Non-Starter,C.J. Spiller,KC,RB|W/R/T
14,7.8,Undrafted,Non-Starter,Pierre Thomas,SF,RB|W/R/T
14,10.0,Undrafted,Starter,Green Bay Packers,GB,DEF
14,2.0,Undrafted,Non-Starter,Chicago,Chi,DEF
15,20.68,Undrafted,Starter,Drew Brees,NO,QB
15,14.3,Undrafted,Starter,Johnny Knox,Chi,WR|W/R/T
15,2.7,Undrafted,Starter,Steve Smith,Bal,WR|W/R/T
15,12.2,Undrafted,Starter,Felix Jones,Pit,RB|W/R/T
15,2.25,Undrafted,Starter,Pierre Thomas,SF,RB|W/R/T
15,22.5,Undrafted,Starter,Jason Witten,LV,TE|W/R/T
15,2.45,Undrafted,Starter,Michael Crabtree,Ari,WR|W/R/T
15,5.75,Undrafted,Non-Starter,LaDainian Tomlinson,NYJ,RB|W/R/T
15,7.75,Undrafted,Non-Starter,Danny Amendola,Hou,WR|W/R/T
15,13.95,Undrafted,Non-Starter,Marshawn Lynch,Sea,RB|W/R/T
15,0.65,Undrafted,Non-Starter,Josh Cribbs,Ind,WR|W/R/T
15,9.1,Undrafted,Non-Starter,Jason Snelling,Atl,RB|W/R/T
15,4.2,Undrafted,Non-Starter,C.J. Spiller,KC,RB|W/R/T
15,21.0,Undrafted,Starter,Chicago,Chi,DEF
15,3.0,Undrafted,Non-Starter,Green Bay Packers,GB,DEF
1,0.96,Vickadelphia,Starter,Kevin Kolb,Ari,QB
1,1.65,Vickadelphia,Starter,Percy Harvin,Buf,WR|W/R/T
1,4.4,Vickadelphia,Starter,Lee Evans,Bal,WR|W/R/T
1,12.05,Vickadelphia,Starter,Maurice Jones-Drew,LV,RB|W/R/T
1,15.45,Vickadelphia,Starter,LeSean McCoy,TB,RB|W/R/T
1,14.85,Vickadelphia,Starter,Antonio Gates,LAC,TE|W/R/T
1,15.0,Vickadelphia,Starter,Ronnie Brown,Hou,RB|W/R/T
1,2.95,Vickadelphia,Non-Starter,T.J. Houshmandzadeh,LV,WR|W/R/T
1,6.6,Vickadelphia,Non-Starter,Davone Bess,Cle,WR|W/R/T
1,7.18,Vickadelphia,Non-Starter,Chad Henne,KC,QB
1,23.05,Vickadelphia,Non-Starter,Austin Collie,NE,WR|W/R/T
1,0.0,Vickadelphia,Non-Starter,Kevin Smith,Det,RB|W/R/T
1,2.15,Vickadelphia,Non-Starter,Ted Ginn,Chi,WR|W/R/T
1,6.15,Vickadelphia,Non-Starter,Jerome Harrison,Det,RB|W/R/T
1,7.0,Vickadelphia,Starter,Philadelphia Eagles,Phi,DEF
2,8.56,Vickadelphia,Starter,Chad Henne,KC,QB
2,4.45,Vickadelphia,Starter,Percy Harvin,Buf,WR|W/R/T
2,9.5,Vickadelphia,Starter,Austin Collie,NE,WR|W/R/T
2,3.05,Vickadelphia,Starter,Maurice Jones-Drew,LV,RB|W/R/T
2,31.8,Vickadelphia,Starter,LeSean McCoy,TB,RB|W/R/T
2,18.95,Vickadelphia,Starter,Antonio Gates,LAC,TE|W/R/T
2,6.55,Vickadelphia,Starter,Ronnie Brown,Hou,RB|W/R/T
2,23.06,Vickadelphia,Non-Starter,Michael Vick,Pit,QB
2,0.0,Vickadelphia,Non-Starter,Lee Evans,Bal,WR|W/R/T
2,0.0,Vickadelphia,Non-Starter,Kevin Kolb,Ari,QB
2,0.0,Vickadelphia,Non-Starter,T.J. Houshmandzadeh,LV,WR|W/R/T
2,1.45,Vickadelphia,Non-Starter,Davone Bess,Cle,WR|W/R/T
2,0.0,Vickadelphia,Non-Starter,Ted Ginn,Chi,WR|W/R/T
2,5.55,Vickadelphia,Non-Starter,Jerome Harrison,Det,RB|W/R/T
2,5.0,Vickadelphia,Starter,Philadelphia Eagles,Phi,DEF
3,7.84,Vickadelphia,Starter,Brett Favre,Min,QB
3,32.1,Vickadelphia,Starter,Austin Collie,NE,WR|W/R/T
3,24.4,Vickadelphia,Starter,Brandon Lloyd,SF,WR|W/R/T
3,9.4,Vickadelphia,Starter,Maurice Jones-Drew,LV,RB|W/R/T
3,6.6,Vickadelphia,Starter,LeSean McCoy,TB,RB|W/R/T
3,18.65,Vickadelphia,Starter,Antonio Gates,LAC,TE|W/R/T
3,5.8,Vickadelphia,Starter,Ronnie Brown,Hou,RB|W/R/T
3,20.62,Vickadelphia,Non-Starter,Chad Henne,KC,QB
3,15.0,Vickadelphia,Non-Starter,Percy Harvin,Buf,WR|W/R/T
3,6.65,Vickadelphia,Non-Starter,Lee Evans,Bal,WR|W/R/T
3,0.0,Vickadelphia,Non-Starter,Kevin Kolb,Ari,QB
3,0.65,Vickadelphia,Non-Starter,T.J. Houshmandzadeh,LV,WR|W/R/T
3,10.1,Vickadelphia,Non-Starter,Davone Bess,Cle,WR|W/R/T
3,0.0,Vickadelphia,Non-Starter,Jerome Harrison,Det,RB|W/R/T
3,16.0,Vickadelphia,Starter,Philadelphia Eagles,Phi,DEF
4,14.2,Vickadelphia,Starter,Chad Henne,KC,QB
4,11.15,Vickadelphia,Starter,Austin Collie,NE,WR|W/R/T
4,14.25,Vickadelphia,Starter,Brandon Lloyd,SF,WR|W/R/T
4,24.6,Vickadelphia,Starter,Maurice Jones-Drew,LV,RB|W/R/T
4,18.4,Vickadelphia,Starter,LeSean McCoy,TB,RB|W/R/T
4,28.15,Vickadelphia,Starter,Antonio Gates,LAC,TE|W/R/T
4,6.6,Vickadelphia,Starter,Ronnie Brown,Hou,RB|W/R/T
4,0.0,Vickadelphia,Non-Starter,Percy Harvin,Buf,WR|W/R/T
4,0.85,Vickadelphia,Non-Starter,Lee Evans,Bal,WR|W/R/T
4,12.14,Vickadelphia,Non-Starter,Kevin Kolb,Ari,QB
4,17.3,Vickadelphia,Non-Starter,Davone Bess,Cle,WR|W/R/T
4,0.0,Vickadelphia,Non-Starter,Jerome Harrison,Det,RB|W/R/T
4,2.5,Vickadelphia,Non-Starter,Josh Morgan,Chi,WR|W/R/T
4,8.95,Vickadelphia,Non-Starter,Lance Moore,Det,WR|W/R/T
4,4.0,Vickadelphia,Starter,Philadelphia Eagles,Phi,DEF
5,13.82,Vickadelphia,Starter,Kevin Kolb,Ari,QB
5,26.75,Vickadelphia,Starter,Brandon Lloyd,SF,WR|W/R/T
5,22.95,Vickadelphia,Starter,Percy Harvin,Buf,WR|W/R/T
5,9.8,Vickadelphia,Starter,Maurice Jones-Drew,LV,RB|W/R/T
5,21.05,Vickadelphia,Starter,LeSean McCoy,TB,RB|W/R/T
5,16.45,Vickadelphia,Starter,Antonio Gates,LAC,TE|W/R/T
5,1.05,Vickadelphia,Starter,Lance Moore,Det,WR|W/R/T
5,0.8,Vickadelphia,Non-Starter,Mike Bell,Cle,RB|W/R/T
5,6.05,Vickadelphia,Non-Starter,Austin Collie,NE,WR|W/R/T
5,0.6,Vickadelphia,Non-Starter,Jerome Harrison,Det,RB|W/R/T
5,0.0,Vickadelphia,Non-Starter,Chad Henne,KC,QB
5,0.0,Vickadelphia,Non-Starter,Ronnie Brown,Hou,RB|W/R/T
5,15.95,Vickadelphia,Non-Starter,Lee Evans,Bal,WR|W/R/T
5,0.0,Vickadelphia,Non-Starter,Davone Bess,Cle,WR|W/R/T
5,18.0,Vickadelphia,Starter,Philadelphia Eagles,Phi,DEF
6,23.14,Vickadelphia,Starter,Kevin Kolb,Ari,QB
6,8.4,Vickadelphia,Starter,Brandon Lloyd,SF,WR|W/R/T
6,13.45,Vickadelphia,Starter,Austin Collie,NE,WR|W/R/T
6,7.0,Vickadelphia,Starter,Maurice Jones-Drew,LV,RB|W/R/T
6,9.5,Vickadelphia,Starter,LeSean McCoy,TB,RB|W/R/T
6,1.7,Vickadelphia,Starter,Antonio Gates,LAC,TE|W/R/T
6,7.75,Vickadelphia,Starter,Ronnie Brown,Hou,RB|W/R/T
6,16.14,Vickadelphia,Non-Starter,Chad Henne,KC,QB
6,12.2,Vickadelphia,Non-Starter,Lance Moore,Det,WR|W/R/T
6,10.65,Vickadelphia,Non-Starter,Percy Harvin,Buf,WR|W/R/T
6,0.3,Vickadelphia,Non-Starter,Mike Bell,Cle,RB|W/R/T
6,0.0,Vickadelphia,Non-Starter,Jerome Harrison,Det,RB|W/R/T
6,0.0,Vickadelphia,Non-Starter,Lee Evans,Bal,WR|W/R/T
6,10.95,Vickadelphia,Non-Starter,Davone Bess,Cle,WR|W/R/T
6,8.0,Vickadelphia,Starter,Philadelphia Eagles,Phi,DEF
7,9.04,Vickadelphia,Starter,Kevin Kolb,Ari,QB
7,4.85,Vickadelphia,Starter,Brandon Lloyd,SF,WR|W/R/T
7,17.85,Vickadelphia,Starter,Percy Harvin,Buf,WR|W/R/T
7,19.35,Vickadelphia,Starter,Maurice Jones-Drew,LV,RB|W/R/T
7,11.7,Vickadelphia,Starter,LeSean McCoy,TB,RB|W/R/T
7,12.0,Vickadelphia,Starter,Antonio Gates,LAC,TE|W/R/T
7,3.9,Vickadelphia,Starter,Ronnie Brown,Hou,RB|W/R/T
7,0.0,Vickadelphia,Non-Starter,Austin Collie,NE,WR|W/R/T
7,12.28,Vickadelphia,Non-Starter,Chad Henne,KC,QB
7,5.55,Vickadelphia,Non-Starter,Lance Moore,Det,WR|W/R/T
7,-0.3,Vickadelphia,Non-Starter,Mike Bell,Cle,RB|W/R/T
7,0.0,Vickadelphia,Non-Starter,Jerome Harrison,Det,RB|W/R/T
7,14.1,Vickadelphia,Non-Starter,Davone Bess,Cle,WR|W/R/T
7,3.5,Vickadelphia,Non-Starter,Jeremy Shockey,Car,TE|W/R/T
7,8.0,Vickadelphia,Starter,Philadelphia Eagles,Phi,DEF
8,5.98,Vickadelphia,Starter,Chad Henne,KC,QB
8,24.65,Vickadelphia,Starter,Brandon Lloyd,SF,WR|W/R/T
8,13.9,Vickadelphia,Starter,Percy Harvin,Buf,WR|W/R/T
8,15.3,Vickadelphia,Starter,Maurice Jones-Drew,LV,RB|W/R/T
8,7.05,Vickadelphia,Starter,Ronnie Brown,Hou,RB|W/R/T
8,19.55,Vickadelphia,Starter,Antonio Gates,LAC,TE|W/R/T
8,5.05,Vickadelphia,Starter,Davone Bess,Cle,WR|W/R/T
8,0.0,Vickadelphia,Non-Starter,Kevin Kolb,Ari,QB
8,0.0,Vickadelphia,Non-Starter,LeSean McCoy,TB,RB|W/R/T
8,0.0,Vickadelphia,Non-Starter,Austin Collie,NE,WR|W/R/T
8,13.15,Vickadelphia,Non-Starter,Lance Moore,Det,WR|W/R/T
8,0.0,Vickadelphia,Non-Starter,Mike Bell,Cle,RB|W/R/T
8,0.0,Vickadelphia,Non-Starter,Jerome Harrison,Det,RB|W/R/T
8,4.0,Vickadelphia,Starter,New England Patriots,NE,DEF
8,0.0,Vickadelphia,Non-Starter,Philadelphia Eagles,Phi,DEF
9,4.54,Vickadelphia,Starter,Chad Henne,KC,QB
9,6.25,Vickadelphia,Starter,Davone Bess,Cle,WR|W/R/T
9,0.15,Vickadelphia,Starter,Austin Collie,NE,WR|W/R/T
9,17.15,Vickadelphia,Starter,Ronnie Brown,Hou,RB|W/R/T
9,11.05,Vickadelphia,Starter,LeSean McCoy,TB,RB|W/R/T
9,6.95,Vickadelphia,Starter,Jeremy Shockey,Car,TE|W/R/T
9,9.2,Vickadelphia,Starter,Lance Moore,Det,WR|W/R/T
9,0.0,Vickadelphia,Non-Starter,Antonio Gates,LAC,TE|W/R/T
9,12.85,Vickadelphia,Non-Starter,Percy Harvin,Buf,WR|W/R/T
9,0.0,Vickadelphia,Non-Starter,Brandon Lloyd,SF,WR|W/R/T
9,0.0,Vickadelphia,Non-Starter,Maurice Jones-Drew,LV,RB|W/R/T
9,0.0,Vickadelphia,Non-Starter,Kevin Kolb,Ari,QB
9,0.6,Vickadelphia,Non-Starter,Jerome Harrison,Det,RB|W/R/T
9,0.0,Vickadelphia,Non-Starter,Sidney Rice,Sea,WR|W/R/T
9,1.0,Vickadelphia,Starter,New England Patriots,NE,DEF
10,17.54,Vickadelphia,Starter,Josh Freeman,Ind,QB
10,3.9,Vickadelphia,Starter,Davone Bess,Cle,WR|W/R/T
10,22.5,Vickadelphia,Starter,Brandon Lloyd,SF,WR|W/R/T
10,16.65,Vickadelphia,Starter,LeSean McCoy,TB,RB|W/R/T
10,24.8,Vickadelphia,Starter,Maurice Jones-Drew,LV,RB|W/R/T
10,3.9,Vickadelphia,Starter,Visanthe Shiancoe,Ten,TE|W/R/T
10,13.4,Vickadelphia,Starter,Percy Harvin,Buf,WR|W/R/T
10,0.0,Vickadelphia,Non-Starter,Lance Moore,Det,WR|W/R/T
10,0.0,Vickadelphia,Non-Starter,Austin Collie,NE,WR|W/R/T
10,7.1,Vickadelphia,Non-Starter,Ronnie Brown,Hou,RB|W/R/T
10,0.0,Vickadelphia,Non-Starter,Antonio Gates,LAC,TE|W/R/T
10,-0.1,Vickadelphia,Non-Starter,Kevin Kolb,Ari,QB
10,18.65,Vickadelphia,Non-Starter,Jerome Harrison,Det,RB|W/R/T
10,0.0,Vickadelphia,Non-Starter,Sidney Rice,Sea,WR|W/R/T
10,13.0,Vickadelphia,Starter,New England Patriots,NE,DEF
11,14.94,Vickadelphia,Starter,Josh Freeman,Ind,QB
11,15.3,Vickadelphia,Starter,Brandon Lloyd,SF,WR|W/R/T
11,3.5,Vickadelphia,Starter,Percy Harvin,Buf,WR|W/R/T
11,21.25,Vickadelphia,Starter,LeSean McCoy,TB,RB|W/R/T
11,24.75,Vickadelphia,Starter,Maurice Jones-Drew,LV,RB|W/R/T
11,0.0,Vickadelphia,Starter,Randy McMichael,LAC,TE|W/R/T
11,7.25,Vickadelphia,Starter,Austin Collie,NE,WR|W/R/T
11,0.0,Vickadelphia,Non-Starter,Antonio Gates,LAC,TE|W/R/T
11,5.05,Vickadelphia,Non-Starter,Lance Moore,Det,WR|W/R/T
11,1.15,Vickadelphia,Non-Starter,Davone Bess,Cle,WR|W/R/T
11,3.65,Vickadelphia,Non-Starter,Ronnie Brown,Hou,RB|W/R/T
11,0.0,Vickadelphia,Non-Starter,Kevin Kolb,Ari,QB
11,0.0,Vickadelphia,Non-Starter,Jerome Harrison,Det,RB|W/R/T
11,6.35,Vickadelphia,Non-Starter,Sidney Rice,Sea,WR|W/R/T
11,5.0,Vickadelphia,Starter,New England Patriots,NE,DEF
12,13.18,Vickadelphia,Starter,Josh Freeman,Ind,QB
12,20.6,Vickadelphia,Starter,Brandon Lloyd,SF,WR|W/R/T
12,5.85,Vickadelphia,Starter,Percy Harvin,Buf,WR|W/R/T
12,14.0,Vickadelphia,Starter,LeSean McCoy,TB,RB|W/R/T
12,13.2,Vickadelphia,Starter,Maurice Jones-Drew,LV,RB|W/R/T
12,7.15,Vickadelphia,Starter,Greg Olsen,Sea,TE|W/R/T
12,8.5,Vickadelphia,Starter,Ronnie Brown,Hou,RB|W/R/T
12,2.25,Vickadelphia,Non-Starter,Sidney Rice,Sea,WR|W/R/T
12,0.0,Vickadelphia,Non-Starter,Austin Collie,NE,WR|W/R/T
12,5.6,Vickadelphia,Non-Starter,Antonio Gates,LAC,TE|W/R/T
12,11.15,Vickadelphia,Non-Starter,Lance Moore,Det,WR|W/R/T
12,12.6,Vickadelphia,Non-Starter,Davone Bess,Cle,WR|W/R/T
12,0.0,Vickadelphia,Non-Starter,Kevin Kolb,Ari,QB
12,0.85,Vickadelphia,Non-Starter,Jerome Harrison,Det,RB|W/R/T
12,6.0,Vickadelphia,Starter,New England Patriots,NE,DEF
13,12.04,Vickadelphia,Starter,Josh Freeman,Ind,QB
13,3.6,Vickadelphia,Starter,Brandon Lloyd,SF,WR|W/R/T
13,0.0,Vickadelphia,Starter,Percy Harvin,Buf,WR|W/R/T
13,27.0,Vickadelphia,Starter,LeSean McCoy,TB,RB|W/R/T
13,19.25,Vickadelphia,Starter,Maurice Jones-Drew,LV,RB|W/R/T
13,14.8,Vickadelphia,Starter,Antonio Gates,LAC,TE|W/R/T
13,8.2,Vickadelphia,Starter,Davone Bess,Cle,WR|W/R/T
13,0.75,Vickadelphia,Non-Starter,Greg Olsen,Sea,TE|W/R/T
13,8.2,Vickadelphia,Non-Starter,Ronnie Brown,Hou,RB|W/R/T
13,23.75,Vickadelphia,Non-Starter,Sidney Rice,Sea,WR|W/R/T
13,0.0,Vickadelphia,Non-Starter,Austin Collie,NE,WR|W/R/T
13,5.1,Vickadelphia,Non-Starter,Lance Moore,Det,WR|W/R/T
13,0.0,Vickadelphia,Non-Starter,Kevin Kolb,Ari,QB
13,2.0,Vickadelphia,Non-Starter,Jerome Harrison,Det,RB|W/R/T
13,14.0,Vickadelphia,Starter,New England Patriots,NE,DEF
14,15.64,Vickadelphia,Starter,Josh Freeman,Ind,QB
14,3.95,Vickadelphia,Starter,Brandon Lloyd,SF,WR|W/R/T
14,7.25,Vickadelphia,Starter,Sidney Rice,Sea,WR|W/R/T
14,16.05,Vickadelphia,Starter,LeSean McCoy,TB,RB|W/R/T
14,18.75,Vickadelphia,Starter,Maurice Jones-Drew,LV,RB|W/R/T
14,0.0,Vickadelphia,Starter,Antonio Gates,LAC,TE|W/R/T
14,3.5,Vickadelphia,Starter,Ronnie Brown,Hou,RB|W/R/T
14,0.85,Vickadelphia,Non-Starter,Davone Bess,Cle,WR|W/R/T
14,0.0,Vickadelphia,Non-Starter,Percy Harvin,Buf,WR|W/R/T
14,0.85,Vickadelphia,Non-Starter,Greg Olsen,Sea,TE|W/R/T
14,0.0,Vickadelphia,Non-Starter,Austin Collie,NE,WR|W/R/T
14,14.25,Vickadelphia,Non-Starter,Lance Moore,Det,WR|W/R/T
14,0.0,Vickadelphia,Non-Starter,Kevin Kolb,Ari,QB
14,0.0,Vickadelphia,Non-Starter,Jerome Harrison,Det,RB|W/R/T
14,20.0,Vickadelphia,Starter,New England Patriots,NE,DEF
15,16.94,Vickadelphia,Starter,Josh Freeman,Ind,QB
15,14.9,Vickadelphia,Starter,Brandon Lloyd,SF,WR|W/R/T
15,2.8,Vickadelphia,Starter,Sidney Rice,Sea,WR|W/R/T
15,8.7,Vickadelphia,Starter,LeSean McCoy,TB,RB|W/R/T
15,7.3,Vickadelphia,Starter,Maurice Jones-Drew,LV,RB|W/R/T
15,0.0,Vickadelphia,Starter,Antonio Gates,LAC,TE|W/R/T
15,10.45,Vickadelphia,Starter,Ronnie Brown,Hou,RB|W/R/T
15,10.05,Vickadelphia,Non-Starter,Davone Bess,Cle,WR|W/R/T
15,14.35,Vickadelphia,Non-Starter,Percy Harvin,Buf,WR|W/R/T
15,3.8,Vickadelphia,Non-Starter,Greg Olsen,Sea,TE|W/R/T
15,22.7,Vickadelphia,Non-Starter,Austin Collie,NE,WR|W/R/T
15,9.1,Vickadelphia,Non-Starter,Lance Moore,Det,WR|W/R/T
15,0.0,Vickadelphia,Non-Starter,Kevin Kolb,Ari,QB
15,1.25,Vickadelphia,Non-Starter,Jerome Harrison,Det,RB|W/R/T
15,15.0,Vickadelphia,Starter,New England Patriots,NE,DEF
1,8.48,Grateful Deadskins,Starter,Matt Ryan,Ind,QB
1,17.65,Grateful Deadskins,Starter,Reggie Wayne,Ind,WR|W/R/T
1,5.05,Grateful Deadskins,Starter,Pierre Garcon,SF,WR|W/R/T
1,0.95,Grateful Deadskins,Starter,Shonn Greene,Ten,RB|W/R/T
1,31.85,Grateful Deadskins,Starter,Matt Forte,NYJ,RB|W/R/T
1,5.0,Grateful Deadskins,Starter,Heath Miller,Pit,TE|W/R/T
1,12.3,Grateful Deadskins,Starter,Hines Ward,Pit,WR|W/R/T
1,1.2,Grateful Deadskins,Non-Starter,Jonathan Stewart,NYG,RB|W/R/T
1,1.0,Grateful Deadskins,Non-Starter,Darren Sproles,Phi,RB|W/R/T
1,2.4,Grateful Deadskins,Non-Starter,Fred Jackson,Sea,RB|W/R/T
1,1.65,Grateful Deadskins,Non-Starter,Chris Chambers,KC,WR|W/R/T
1,7.12,Grateful Deadskins,Non-Starter,Matt Cassel,Det,QB
1,0.0,Grateful Deadskins,Non-Starter,Michael Jenkins,Min,WR|W/R/T
1,1.35,Grateful Deadskins,Non-Starter,Kevin Boss,KC,TE|W/R/T
1,12.0,Grateful Deadskins,Starter,New York Jets,NYJ,DEF
2,19.6,Grateful Deadskins,Starter,Matt Ryan,Ind,QB
2,17.35,Grateful Deadskins,Starter,Reggie Wayne,Ind,WR|W/R/T
2,1.15,Grateful Deadskins,Starter,Hines Ward,Pit,WR|W/R/T
2,6.25,Grateful Deadskins,Starter,Shonn Greene,Ten,RB|W/R/T
2,13.85,Grateful Deadskins,Starter,Matt Forte,NYJ,RB|W/R/T
2,0.8,Grateful Deadskins,Starter,Heath Miller,Pit,TE|W/R/T
2,4.3,Grateful Deadskins,Starter,Jonathan Stewart,NYG,RB|W/R/T
2,1.35,Grateful Deadskins,Non-Starter,Pierre Garcon,SF,WR|W/R/T
2,11.0,Grateful Deadskins,Non-Starter,Darren Sproles,Phi,RB|W/R/T
2,9.9,Grateful Deadskins,Non-Starter,Fred Jackson,Sea,RB|W/R/T
2,4.05,Grateful Deadskins,Non-Starter,Chris Chambers,KC,WR|W/R/T
2,3.54,Grateful Deadskins,Non-Starter,Matt Cassel,Det,QB
2,0.0,Grateful Deadskins,Non-Starter,Michael Jenkins,Min,WR|W/R/T
2,0.0,Grateful Deadskins,Non-Starter,Kevin Boss,KC,TE|W/R/T
2,8.0,Grateful Deadskins,Starter,New York Jets,NYJ,DEF
3,19.72,Grateful Deadskins,Starter,Matt Ryan,Ind,QB
3,7.5,Grateful Deadskins,Starter,Reggie Wayne,Ind,WR|W/R/T
3,9.3,Grateful Deadskins,Starter,Mario Manningham,SF,WR|W/R/T
3,4.8,Grateful Deadskins,Starter,Matt Forte,NYJ,RB|W/R/T
3,4.9,Grateful Deadskins,Starter,Brandon Jackson,Cle,RB|W/R/T
3,2.25,Grateful Deadskins,Starter,Marcedes Lewis,Chi,TE|W/R/T
3,0.85,Grateful Deadskins,Starter,Darren Sproles,Phi,RB|W/R/T
3,3.0,Grateful Deadskins,Non-Starter,Heath Miller,Pit,TE|W/R/T
3,9.95,Grateful Deadskins,Non-Starter,Hines Ward,Pit,WR|W/R/T
3,3.6,Grateful Deadskins,Non-Starter,Shonn Greene,Ten,RB|W/R/T
3,7.6,Grateful Deadskins,Non-Starter,Jonathan Stewart,NYG,RB|W/R/T
3,0.0,Grateful Deadskins,Non-Starter,Pierre Garcon,SF,WR|W/R/T
3,0.8,Grateful Deadskins,Non-Starter,Fred Jackson,Sea,RB|W/R/T
3,20.7,Grateful Deadskins,Non-Starter,Matt Cassel,Det,QB
3,6.0,Grateful Deadskins,Starter,New York Jets,NYJ,DEF
4,12.42,Grateful Deadskins,Starter,Matt Ryan,Ind,QB
4,21.35,Grateful Deadskins,Starter,Reggie Wayne,Ind,WR|W/R/T
4,1.9,Grateful Deadskins,Starter,Hines Ward,Pit,WR|W/R/T
4,3.8,Grateful Deadskins,Starter,Matt Forte,NYJ,RB|W/R/T
4,3.65,Grateful Deadskins,Starter,Brandon Jackson,Cle,RB|W/R/T
4,8.7,Grateful Deadskins,Starter,Marcedes Lewis,Chi,TE|W/R/T
4,11.7,Grateful Deadskins,Starter,Shonn Greene,Ten,RB|W/R/T
4,-0.3,Grateful Deadskins,Non-Starter,Darren Sproles,Phi,RB|W/R/T
4,0.0,Grateful Deadskins,Non-Starter,Mario Manningham,SF,WR|W/R/T
4,3.7,Grateful Deadskins,Non-Starter,Heath Miller,Pit,TE|W/R/T
4,13.85,Grateful Deadskins,Non-Starter,Jonathan Stewart,NYG,RB|W/R/T
4,0.0,Grateful Deadskins,Non-Starter,Pierre Garcon,SF,WR|W/R/T
4,2.1,Grateful Deadskins,Non-Starter,Fred Jackson,Sea,RB|W/R/T
4,0.0,Grateful Deadskins,Non-Starter,Matt Cassel,Det,QB
4,8.0,Grateful Deadskins,Starter,New York Jets,NYJ,DEF
5,9.98,Grateful Deadskins,Starter,Matt Ryan,Ind,QB
5,9.0,Grateful Deadskins,Starter,Reggie Wayne,Ind,WR|W/R/T
5,0.0,Grateful Deadskins,Starter,Mario Manningham,SF,WR|W/R/T
5,31.3,Grateful Deadskins,Starter,Matt Forte,NYJ,RB|W/R/T
5,6.85,Grateful Deadskins,Starter,Fred Jackson,Sea,RB|W/R/T
5,18.4,Grateful Deadskins,Starter,Marcedes Lewis,Chi,TE|W/R/T
5,11.7,Grateful Deadskins,Starter,Shonn Greene,Ten,RB|W/R/T
5,0.0,Grateful Deadskins,Non-Starter,Hines Ward,Pit,WR|W/R/T
5,15.25,Grateful Deadskins,Non-Starter,Brandon Jackson,Cle,RB|W/R/T
5,4.05,Grateful Deadskins,Non-Starter,Darren Sproles,Phi,RB|W/R/T
5,0.0,Grateful Deadskins,Non-Starter,Heath Miller,Pit,TE|W/R/T
5,3.65,Grateful Deadskins,Non-Starter,Jonathan Stewart,NYG,RB|W/R/T
5,7.2,Grateful Deadskins,Non-Starter,Pierre Garcon,SF,WR|W/R/T
5,6.34,Grateful Deadskins,Non-Starter,Matt Cassel,Det,QB
5,17.0,Grateful Deadskins,Starter,New York Jets,NYJ,DEF
6,14.3,Grateful Deadskins,Starter,Matt Ryan,Ind,QB
6,8.6,Grateful Deadskins,Starter,Reggie Wayne,Ind,WR|W/R/T
6,12.65,Grateful Deadskins,Starter,Hines Ward,Pit,WR|W/R/T
6,11.85,Grateful Deadskins,Starter,Matt Forte,NYJ,RB|W/R/T
6,8.95,Grateful Deadskins,Starter,Brandon Jackson,Cle,RB|W/R/T
6,2.9,Grateful Deadskins,Starter,Marcedes Lewis,Chi,TE|W/R/T
6,4.3,Grateful Deadskins,Starter,Shonn Greene,Ten,RB|W/R/T
6,12.1,Grateful Deadskins,Non-Starter,Mario Manningham,SF,WR|W/R/T
6,0.0,Grateful Deadskins,Non-Starter,Fred Jackson,Sea,RB|W/R/T
6,6.95,Grateful Deadskins,Non-Starter,Darren Sproles,Phi,RB|W/R/T
6,11.5,Grateful Deadskins,Non-Starter,Heath Miller,Pit,TE|W/R/T
6,0.0,Grateful Deadskins,Non-Starter,Jonathan Stewart,NYG,RB|W/R/T
6,17.3,Grateful Deadskins,Non-Starter,Pierre Garcon,SF,WR|W/R/T
6,20.84,Grateful Deadskins,Non-Starter,Matt Cassel,Det,QB
6,6.0,Grateful Deadskins,Starter,New York Jets,NYJ,DEF
7,24.46,Grateful Deadskins,Starter,Matt Ryan,Ind,QB
7,20.85,Grateful Deadskins,Starter,Hines Ward,Pit,WR|W/R/T
7,10.75,Grateful Deadskins,Starter,Mario Manningham,SF,WR|W/R/T
7,6.55,Grateful Deadskins,Starter,Matt Forte,NYJ,RB|W/R/T
7,17.15,Grateful Deadskins,Starter,Brandon Jackson,Cle,RB|W/R/T
7,5.15,Grateful Deadskins,Starter,Marcedes Lewis,Chi,TE|W/R/T
7,2.9,Grateful Deadskins,Starter,Jonathan Stewart,NYG,RB|W/R/T
7,0.0,Grateful Deadskins,Non-Starter,Reggie Wayne,Ind,WR|W/R/T
7,0.0,Grateful Deadskins,Non-Starter,Shonn Greene,Ten,RB|W/R/T
7,9.95,Grateful Deadskins,Non-Starter,Darren Sproles,Phi,RB|W/R/T
7,4.05,Grateful Deadskins,Non-Starter,Heath Miller,Pit,TE|W/R/T
7,0.0,Grateful Deadskins,Non-Starter,Pierre Garcon,SF,WR|W/R/T
7,15.72,Grateful Deadskins,Non-Starter,Matt Cassel,Det,QB
7,-2.0,Grateful Deadskins,Starter,Denver Broncos,Den,DEF
7,0.0,Grateful Deadskins,Non-Starter,New York Jets,NYJ,DEF
8,11.38,Grateful Deadskins,Starter,Matt Cassel,Det,QB
8,2.25,Grateful Deadskins,Starter,Hines Ward,Pit,WR|W/R/T
8,10.9,Grateful Deadskins,Starter,Reggie Wayne,Ind,WR|W/R/T
8,7.7,Grateful Deadskins,Starter,Brandon Jackson,Cle,RB|W/R/T
8,3.45,Grateful Deadskins,Starter,Shonn Greene,Ten,RB|W/R/T
8,17.6,Grateful Deadskins,Starter,Marcedes Lewis,Chi,TE|W/R/T
8,4.05,Grateful Deadskins,Starter,Jonathan Stewart,NYG,RB|W/R/T
8,0.0,Grateful Deadskins,Non-Starter,Matt Ryan,Ind,QB
8,0.0,Grateful Deadskins,Non-Starter,Mario Manningham,SF,WR|W/R/T
8,0.0,Grateful Deadskins,Non-Starter,Matt Forte,NYJ,RB|W/R/T
8,14.7,Grateful Deadskins,Non-Starter,Darren Sproles,Phi,RB|W/R/T
8,2.4,Grateful Deadskins,Non-Starter,Heath Miller,Pit,TE|W/R/T
8,9.55,Grateful Deadskins,Non-Starter,Pierre Garcon,SF,WR|W/R/T
8,6.0,Grateful Deadskins,Starter,New York Jets,NYJ,DEF
8,0.0,Grateful Deadskins,Non-Starter,Denver Broncos,Den,DEF
9,13.9,Grateful Deadskins,Starter,Matt Ryan,Ind,QB
9,5.75,Grateful Deadskins,Starter,Hines Ward,Pit,WR|W/R/T
9,11.05,Grateful Deadskins,Starter,Reggie Wayne,Ind,WR|W/R/T
9,19.8,Grateful Deadskins,Starter,Brandon Jackson,Cle,RB|W/R/T
9,8.85,Grateful Deadskins,Starter,Matt Forte,NYJ,RB|W/R/T
9,2.85,Grateful Deadskins,Starter,Heath Miller,Pit,TE|W/R/T
9,6.6,Grateful Deadskins,Starter,Mario Manningham,SF,WR|W/R/T
9,0.0,Grateful Deadskins,Non-Starter,Marcedes Lewis,Chi,TE|W/R/T
9,16.04,Grateful Deadskins,Non-Starter,Matt Cassel,Det,QB
9,6.0,Grateful Deadskins,Non-Starter,Shonn Greene,Ten,RB|W/R/T
9,1.0,Grateful Deadskins,Non-Starter,Jonathan Stewart,NYG,RB|W/R/T
9,1.15,Grateful Deadskins,Non-Starter,Darren Sproles,Phi,RB|W/R/T
9,2.0,Grateful Deadskins,Non-Starter,Pierre Garcon,SF,WR|W/R/T
9,3.0,Grateful Deadskins,Starter,New York Jets,NYJ,DEF
9,0.0,Grateful Deadskins,Non-Starter,Denver Broncos,Den,DEF
10,25.14,Grateful Deadskins,Starter,Matt Ryan,Ind,QB
10,0.0,Grateful Deadskins,Starter,Hines Ward,Pit,WR|W/R/T
10,4.15,Grateful Deadskins,Starter,Reggie Wayne,Ind,WR|W/R/T
10,8.05,Grateful Deadskins,Starter,Matt Forte,NYJ,RB|W/R/T
10,10.15,Grateful Deadskins,Starter,Shonn Greene,Ten,RB|W/R/T
10,6.55,Grateful Deadskins,Starter,Marcedes Lewis,Chi,TE|W/R/T
10,4.95,Grateful Deadskins,Starter,Pierre Garcon,SF,WR|W/R/T
10,0.0,Grateful Deadskins,Non-Starter,Brandon Jackson,Cle,RB|W/R/T
10,7.25,Grateful Deadskins,Non-Starter,Heath Miller,Pit,TE|W/R/T
10,17.6,Grateful Deadskins,Non-Starter,Mario Manningham,SF,WR|W/R/T
10,33.06,Grateful Deadskins,Non-Starter,Matt Cassel,Det,QB
10,0.0,Grateful Deadskins,Non-Starter,Jonathan Stewart,NYG,RB|W/R/T
10,0.0,Grateful Deadskins,Non-Starter,Darren Sproles,Phi,RB|W/R/T
10,6.75,Grateful Deadskins,Non-Starter,Kevin Smith,Det,RB|W/R/T
10,8.0,Grateful Deadskins,Starter,New York Jets,NYJ,DEF
11,20.92,Grateful Deadskins,Starter,Matt Ryan,Ind,QB
11,3.55,Grateful Deadskins,Starter,Hines Ward,Pit,WR|W/R/T
11,18.7,Grateful Deadskins,Starter,Reggie Wayne,Ind,WR|W/R/T
11,16.9,Grateful Deadskins,Starter,Matt Forte,NYJ,RB|W/R/T
11,2.2,Grateful Deadskins,Starter,Shonn Greene,Ten,RB|W/R/T
11,13.85,Grateful Deadskins,Starter,Marcedes Lewis,Chi,TE|W/R/T
11,7.45,Grateful Deadskins,Starter,Pierre Garcon,SF,WR|W/R/T
11,7.6,Grateful Deadskins,Non-Starter,Brandon Jackson,Cle,RB|W/R/T
11,3.35,Grateful Deadskins,Non-Starter,Heath Miller,Pit,TE|W/R/T
11,3.15,Grateful Deadskins,Non-Starter,Mario Manningham,SF,WR|W/R/T
11,15.72,Grateful Deadskins,Non-Starter,Matt Cassel,Det,QB
11,0.0,Grateful Deadskins,Non-Starter,Jonathan Stewart,NYG,RB|W/R/T
11,14.65,Grateful Deadskins,Non-Starter,Darren Sproles,Phi,RB|W/R/T
11,0.0,Grateful Deadskins,Non-Starter,Kevin Smith,Det,RB|W/R/T
11,3.0,Grateful Deadskins,Starter,New York Jets,NYJ,DEF
12,11.88,Grateful Deadskins,Starter,Matt Ryan,Ind,QB
12,12.45,Grateful Deadskins,Starter,Hines Ward,Pit,WR|W/R/T
12,5.45,Grateful Deadskins,Starter,Reggie Wayne,Ind,WR|W/R/T
12,14.4,Grateful Deadskins,Starter,Matt Forte,NYJ,RB|W/R/T
12,8.35,Grateful Deadskins,Starter,Shonn Greene,Ten,RB|W/R/T
12,4.35,Grateful Deadskins,Starter,Marcedes Lewis,Chi,TE|W/R/T
12,8.45,Grateful Deadskins,Starter,Pierre Garcon,SF,WR|W/R/T
12,4.35,Grateful Deadskins,Non-Starter,Brandon Jackson,Cle,RB|W/R/T
12,5.6,Grateful Deadskins,Non-Starter,Heath Miller,Pit,TE|W/R/T
12,12.85,Grateful Deadskins,Non-Starter,Mario Manningham,SF,WR|W/R/T
12,28.12,Grateful Deadskins,Non-Starter,Matt Cassel,Det,QB
12,9.8,Grateful Deadskins,Non-Starter,Jonathan Stewart,NYG,RB|W/R/T
12,5.1,Grateful Deadskins,Non-Starter,Darren Sproles,Phi,RB|W/R/T
12,0.0,Grateful Deadskins,Non-Starter,Kevin Smith,Det,RB|W/R/T
12,21.0,Grateful Deadskins,Starter,New York Jets,NYJ,DEF
13,11.9,Grateful Deadskins,Starter,Matt Ryan,Ind,QB
13,1.55,Grateful Deadskins,Starter,Hines Ward,Pit,WR|W/R/T
13,29.5,Grateful Deadskins,Starter,Reggie Wayne,Ind,WR|W/R/T
13,16.5,Grateful Deadskins,Starter,Matt Forte,NYJ,RB|W/R/T
13,6.95,Grateful Deadskins,Starter,Shonn Greene,Ten,RB|W/R/T
13,4.35,Grateful Deadskins,Starter,Marcedes Lewis,Chi,TE|W/R/T
13,14.7,Grateful Deadskins,Starter,Pierre Garcon,SF,WR|W/R/T
13,8.6,Grateful Deadskins,Non-Starter,Brandon Jackson,Cle,RB|W/R/T
13,1.15,Grateful Deadskins,Non-Starter,Heath Miller,Pit,TE|W/R/T
13,4.1,Grateful Deadskins,Non-Starter,Mario Manningham,SF,WR|W/R/T
13,12.34,Grateful Deadskins,Non-Starter,Matt Cassel,Det,QB
13,16.15,Grateful Deadskins,Non-Starter,Jonathan Stewart,NYG,RB|W/R/T
13,-1.05,Grateful Deadskins,Non-Starter,Darren Sproles,Phi,RB|W/R/T
13,0.0,Grateful Deadskins,Non-Starter,Kevin Smith,Det,RB|W/R/T
13,-1.0,Grateful Deadskins,Starter,New York Jets,NYJ,DEF
14,11.48,Grateful Deadskins,Starter,Matt Ryan,Ind,QB
14,13.5,Grateful Deadskins,Starter,Hines Ward,Pit,WR|W/R/T
14,11.6,Grateful Deadskins,Starter,Reggie Wayne,Ind,WR|W/R/T
14,6.6,Grateful Deadskins,Starter,Matt Forte,NYJ,RB|W/R/T
14,5.35,Grateful Deadskins,Starter,Shonn Greene,Ten,RB|W/R/T
14,12.7,Grateful Deadskins,Starter,Marcedes Lewis,Chi,TE|W/R/T
14,22.8,Grateful Deadskins,Starter,Pierre Garcon,SF,WR|W/R/T
14,3.55,Grateful Deadskins,Non-Starter,Brandon Jackson,Cle,RB|W/R/T
14,0.0,Grateful Deadskins,Non-Starter,Heath Miller,Pit,TE|W/R/T
14,0.35,Grateful Deadskins,Non-Starter,Mario Manningham,SF,WR|W/R/T
14,0.0,Grateful Deadskins,Non-Starter,Matt Cassel,Det,QB
14,11.3,Grateful Deadskins,Non-Starter,Jonathan Stewart,NYG,RB|W/R/T
14,11.65,Grateful Deadskins,Non-Starter,Darren Sproles,Phi,RB|W/R/T
14,0.0,Grateful Deadskins,Non-Starter,Kevin Smith,Det,RB|W/R/T
14,15.0,Grateful Deadskins,Starter,New York Jets,NYJ,DEF
15,17.56,Grateful Deadskins,Starter,Matt Ryan,Ind,QB
15,3.9,Grateful Deadskins,Starter,Hines Ward,Pit,WR|W/R/T
15,4.65,Grateful Deadskins,Starter,Reggie Wayne,Ind,WR|W/R/T
15,10.05,Grateful Deadskins,Starter,Matt Forte,NYJ,RB|W/R/T
15,4.75,Grateful Deadskins,Starter,Shonn Greene,Ten,RB|W/R/T
15,7.8,Grateful Deadskins,Starter,Marcedes Lewis,Chi,TE|W/R/T
15,5.65,Grateful Deadskins,Starter,Pierre Garcon,SF,WR|W/R/T
15,10.45,Grateful Deadskins,Non-Starter,Brandon Jackson,Cle,RB|W/R/T
15,0.0,Grateful Deadskins,Non-Starter,Heath Miller,Pit,TE|W/R/T
15,23.3,Grateful Deadskins,Non-Starter,Mario Manningham,SF,WR|W/R/T
15,11.06,Grateful Deadskins,Non-Starter,Matt Cassel,Det,QB
15,12.15,Grateful Deadskins,Non-Starter,Jonathan Stewart,NYG,RB|W/R/T
15,4.35,Grateful Deadskins,Non-Starter,Darren Sproles,Phi,RB|W/R/T
15,0.0,Grateful Deadskins,Non-Starter,Kevin Smith,Det,RB|W/R/T
15,12.0,Grateful Deadskins,Starter,New York Jets,NYJ,DEF
16,12.52,Grateful Deadskins,Starter,Matt Ryan,Ind,QB
16,4.55,Grateful Deadskins,Starter,Hines Ward,Pit,WR|W/R/T
16,4.75,Grateful Deadskins,Starter,Reggie Wayne,Ind,WR|W/R/T
16,23.9,Grateful Deadskins,Starter,Matt Forte,NYJ,RB|W/R/T
16,14.9,Grateful Deadskins,Starter,Shonn Greene,Ten,RB|W/R/T
16,4.45,Grateful Deadskins,Starter,Marcedes Lewis,Chi,TE|W/R/T
16,9.75,Grateful Deadskins,Starter,Pierre Garcon,SF,WR|W/R/T
16,5.15,Grateful Deadskins,Non-Starter,Brandon Jackson,Cle,RB|W/R/T
16,8.55,Grateful Deadskins,Non-Starter,Heath Miller,Pit,TE|W/R/T
16,20.2,Grateful Deadskins,Non-Starter,Mario Manningham,SF,WR|W/R/T
16,26.56,Grateful Deadskins,Non-Starter,Matt Cassel,Det,QB
16,8.25,Grateful Deadskins,Non-Starter,Jonathan Stewart,NYG,RB|W/R/T
16,8.3,Grateful Deadskins,Non-Starter,Darren Sproles,Phi,RB|W/R/T
16,0.0,Grateful Deadskins,Non-Starter,Kevin Smith,Det,RB|W/R/T
16,6.0,Grateful Deadskins,Starter,New York Jets,NYJ,DEF
1,15.28,Brodie CrOil Spill,Starter,Tony Romo,Dal,QB
1,7.05,Brodie CrOil Spill,Starter,Terrell Owens,Cin,WR|W/R/T
1,11.8,Brodie CrOil Spill,Starter,Eddie Royal,Chi,WR|W/R/T
1,9.7,Brodie CrOil Spill,Starter,Steven Jackson,NE,RB|W/R/T
1,4.5,Brodie CrOil Spill,Starter,Ryan Grant,GB,RB|W/R/T
1,9.3,Brodie CrOil Spill,Starter,Vernon Davis,Was,TE|W/R/T
1,2.4,Brodie CrOil Spill,Starter,C.J. Spiller,KC,RB|W/R/T
1,10.3,Brodie CrOil Spill,Non-Starter,Cadillac Williams,LAR,RB|W/R/T
1,7.6,Brodie CrOil Spill,Non-Starter,Dez Bryant,Bal,WR|W/R/T
1,0.0,Brodie CrOil Spill,Non-Starter,Santonio Holmes,Chi,WR|W/R/T
1,11.1,Brodie CrOil Spill,Non-Starter,Mohamed Massaquoi,Cle,WR|W/R/T
1,7.4,Brodie CrOil Spill,Non-Starter,Dexter McCluster,LAC,WR|RB|W/R/T
1,0.0,Brodie CrOil Spill,Non-Starter,Sidney Rice,Sea,WR|W/R/T
1,15.55,Brodie CrOil Spill,Non-Starter,Nate Washington,Hou,WR|W/R/T
1,3.0,Brodie CrOil Spill,Starter,San Francisco 49ers,SF,DEF
2,14.86,Brodie CrOil Spill,Starter,Tony Romo,Dal,QB
2,6.45,Brodie CrOil Spill,Starter,Terrell Owens,Cin,WR|W/R/T
2,13.75,Brodie CrOil Spill,Starter,Eddie Royal,Chi,WR|W/R/T
2,13.5,Brodie CrOil Spill,Starter,Steven Jackson,NE,RB|W/R/T
2,6.15,Brodie CrOil Spill,Starter,Cadillac Williams,LAR,RB|W/R/T
2,10.8,Brodie CrOil Spill,Starter,Vernon Davis,Was,TE|W/R/T
2,11.7,Brodie CrOil Spill,Starter,Dez Bryant,Bal,WR|W/R/T
2,1.15,Brodie CrOil Spill,Non-Starter,Mohamed Massaquoi,Cle,WR|W/R/T
2,3.6,Brodie CrOil Spill,Non-Starter,C.J. Spiller,KC,RB|W/R/T
2,0.0,Brodie CrOil Spill,Non-Starter,Santonio Holmes,Chi,WR|W/R/T
2,0.3,Brodie CrOil Spill,Non-Starter,Dexter McCluster,LAC,WR|RB|W/R/T
2,0.0,Brodie CrOil Spill,Non-Starter,Sidney Rice,Sea,WR|W/R/T
2,10.4,Brodie CrOil Spill,Non-Starter,Nate Washington,Hou,WR|W/R/T
2,12.0,Brodie CrOil Spill,Starter,Atlanta Falcons,Atl,DEF
3,32.64,Brodie CrOil Spill,Starter,Michael Vick,Pit,QB
3,5.2,Brodie CrOil Spill,Starter,Terrell Owens,Cin,WR|W/R/T
3,3.3,Brodie CrOil Spill,Starter,Eddie Royal,Chi,WR|W/R/T
3,12.65,Brodie CrOil Spill,Starter,Steven Jackson,NE,RB|W/R/T
3,25.75,Brodie CrOil Spill,Starter,Peyton Hillis,NYG,RB|W/R/T
3,2.95,Brodie CrOil Spill,Starter,Vernon Davis,Was,TE|W/R/T
3,6.0,Brodie CrOil Spill,Starter,Dez Bryant,Bal,WR|W/R/T
3,5.85,Brodie CrOil Spill,Non-Starter,Cadillac Williams,LAR,RB|W/R/T
3,19.26,Brodie CrOil Spill,Non-Starter,Tony Romo,Dal,QB
3,0.0,Brodie CrOil Spill,Non-Starter,Mohamed Massaquoi,Cle,WR|W/R/T
3,16.65,Brodie CrOil Spill,Non-Starter,C.J. Spiller,KC,RB|W/R/T
3,0.0,Brodie CrOil Spill,Non-Starter,Santonio Holmes,Chi,WR|W/R/T
3,0.0,Brodie CrOil Spill,Non-Starter,Sidney Rice,Sea,WR|W/R/T
3,3.75,Brodie CrOil Spill,Non-Starter,Nate Washington,Hou,WR|W/R/T
3,6.0,Brodie CrOil Spill,Starter,Washington Commanders,Was,DEF
4,3.66,Brodie CrOil Spill,Starter,Michael Vick,Pit,QB
4,30.7,Brodie CrOil Spill,Starter,Terrell Owens,Cin,WR|W/R/T
4,19.3,Brodie CrOil Spill,Starter,Eddie Royal,Chi,WR|W/R/T
4,17.5,Brodie CrOil Spill,Starter,Peyton Hillis,NYG,RB|W/R/T
4,13.6,Brodie CrOil Spill,Starter,BenJarvus Green-Ellis,Cin,RB|W/R/T
4,10.6,Brodie CrOil Spill,Starter,Vernon Davis,Was,TE|W/R/T
4,8.5,Brodie CrOil Spill,Starter,Kenneth Darby,LAR,RB|W/R/T
4,13.15,Brodie CrOil Spill,Non-Starter,Steven Jackson,NE,RB|W/R/T
4,1.75,Brodie CrOil Spill,Non-Starter,C.J. Spiller,KC,RB|W/R/T
4,0.0,Brodie CrOil Spill,Non-Starter,Dez Bryant,Bal,WR|W/R/T
4,0.0,Brodie CrOil Spill,Non-Starter,Cadillac Williams,LAR,RB|W/R/T
4,0.0,Brodie CrOil Spill,Non-Starter,Tony Romo,Dal,QB
4,0.0,Brodie CrOil Spill,Non-Starter,Santonio Holmes,Chi,WR|W/R/T
4,0.0,Brodie CrOil Spill,Non-Starter,Sidney Rice,Sea,WR|W/R/T
4,28.0,Brodie CrOil Spill,Starter,Los Angeles Chargers,LAC,DEF
5,23.14,Brodie CrOil Spill,Starter,Tony Romo,Dal,QB
5,17.95,Brodie CrOil Spill,Starter,Terrell Owens,Cin,WR|W/R/T
5,4.85,Brodie CrOil Spill,Starter,Santonio Holmes,Chi,WR|W/R/T
5,12.7,Brodie CrOil Spill,Starter,Peyton Hillis,NYG,RB|W/R/T
5,12.85,Brodie CrOil Spill,Starter,Steven Jackson,NE,RB|W/R/T
5,17.65,Brodie CrOil Spill,Starter,Vernon Davis,Was,TE|W/R/T
5,2.95,Brodie CrOil Spill,Starter,Dez Bryant,Bal,WR|W/R/T
5,0.0,Brodie CrOil Spill,Non-Starter,Michael Vick,Pit,QB
5,4.1,Brodie CrOil Spill,Non-Starter,Eddie Royal,Chi,WR|W/R/T
5,0.0,Brodie CrOil Spill,Non-Starter,BenJarvus Green-Ellis,Cin,RB|W/R/T
5,1.95,Brodie CrOil Spill,Non-Starter,Kenneth Darby,LAR,RB|W/R/T
5,3.65,Brodie CrOil Spill,Non-Starter,C.J. Spiller,KC,RB|W/R/T
5,3.3,Brodie CrOil Spill,Non-Starter,Cadillac Williams,LAR,RB|W/R/T
5,0.0,Brodie CrOil Spill,Non-Starter,Sidney Rice,Sea,WR|W/R/T
5,3.0,Brodie CrOil Spill,Starter,Los Angeles Chargers,LAC,DEF
6,21.0,Brodie CrOil Spill,Starter,Tony Romo,Dal,QB
6,5.1,Brodie CrOil Spill,Starter,Santonio Holmes,Chi,WR|W/R/T
6,5.75,Brodie CrOil Spill,Starter,Eddie Royal,Chi,WR|W/R/T
6,17.35,Brodie CrOil Spill,Starter,Steven Jackson,NE,RB|W/R/T
6,7.85,Brodie CrOil Spill,Starter,Cadillac Williams,LAR,RB|W/R/T
6,10.5,Brodie CrOil Spill,Starter,Vernon Davis,Was,TE|W/R/T
6,8.0,Brodie CrOil Spill,Starter,BenJarvus Green-Ellis,Cin,RB|W/R/T
6,0.0,Brodie CrOil Spill,Non-Starter,Terrell Owens,Cin,WR|W/R/T
6,10.5,Brodie CrOil Spill,Non-Starter,Peyton Hillis,NYG,RB|W/R/T
6,9.35,Brodie CrOil Spill,Non-Starter,Dez Bryant,Bal,WR|W/R/T
6,0.0,Brodie CrOil Spill,Non-Starter,Michael Vick,Pit,QB
6,0.0,Brodie CrOil Spill,Non-Starter,Kenneth Darby,LAR,RB|W/R/T
6,0.0,Brodie CrOil Spill,Non-Starter,C.J. Spiller,KC,RB|W/R/T
6,2.65,Brodie CrOil Spill,Non-Starter,Danny Amendola,Hou,WR|W/R/T
6,4.0,Brodie CrOil Spill,Starter,Los Angeles Chargers,LAC,DEF
7,5.56,Brodie CrOil Spill,Starter,Tony Romo,Dal,QB
7,17.05,Brodie CrOil Spill,Starter,Terrell Owens,Cin,WR|W/R/T
7,9.95,Brodie CrOil Spill,Starter,Patrick Crayton,LAC,WR|W/R/T
7,15.0,Brodie CrOil Spill,Starter,Steven Jackson,NE,RB|W/R/T
7,12.6,Brodie CrOil Spill,Starter,Cadillac Williams,LAR,RB|W/R/T
7,14.4,Brodie CrOil Spill,Starter,Vernon Davis,Was,TE|W/R/T
7,13.77,Brodie CrOil Spill,Starter,Peyton Hillis,NYG,RB|W/R/T
7,3.1,Brodie CrOil Spill,Non-Starter,Eddie Royal,Chi,WR|W/R/T
7,0.0,Brodie CrOil Spill,Non-Starter,Santonio Holmes,Chi,WR|W/R/T
7,8.4,Brodie CrOil Spill,Non-Starter,BenJarvus Green-Ellis,Cin,RB|W/R/T
7,24.4,Brodie CrOil Spill,Non-Starter,Dez Bryant,Bal,WR|W/R/T
7,0.0,Brodie CrOil Spill,Non-Starter,Michael Vick,Pit,QB
7,4.05,Brodie CrOil Spill,Non-Starter,Kenneth Darby,LAR,RB|W/R/T
7,1.3,Brodie CrOil Spill,Non-Starter,C.J. Spiller,KC,RB|W/R/T
7,16.0,Brodie CrOil Spill,Starter,Seattle Seahawks,Sea,DEF
8,12.36,Brodie CrOil Spill,Starter,Jon Kitna,Dal,QB
8,19.75,Brodie CrOil Spill,Starter,Terrell Owens,Cin,WR|W/R/T
8,10.95,Brodie CrOil Spill,Starter,Steve Johnson,LAC,WR|W/R/T
8,6.55,Brodie CrOil Spill,Starter,Steven Jackson,NE,RB|W/R/T
8,24.55,Brodie CrOil Spill,Starter,BenJarvus Green-Ellis,Cin,RB|W/R/T
8,1.45,Brodie CrOil Spill,Starter,Vernon Davis,Was,TE|W/R/T
8,10.15,Brodie CrOil Spill,Starter,Dez Bryant,Bal,WR|W/R/T
8,6.85,Brodie CrOil Spill,Non-Starter,Lee Evans,Bal,WR|W/R/T
8,5.05,Brodie CrOil Spill,Non-Starter,Santonio Holmes,Chi,WR|W/R/T
8,4.35,Brodie CrOil Spill,Non-Starter,Cadillac Williams,LAR,RB|W/R/T
8,4.4,Brodie CrOil Spill,Non-Starter,Eddie Royal,Chi,WR|W/R/T
8,0.0,Brodie CrOil Spill,Non-Starter,Peyton Hillis,NYG,RB|W/R/T
8,0.0,Brodie CrOil Spill,Non-Starter,Michael Vick,Pit,QB
8,5.5,Brodie CrOil Spill,Non-Starter,C.J. Spiller,KC,RB|W/R/T
8,20.0,Brodie CrOil Spill,Starter,Tampa Bay Buccaneers,TB,DEF
9,26.12,Brodie CrOil Spill,Starter,Michael Vick,Pit,QB
9,28.6,Brodie CrOil Spill,Starter,Terrell Owens,Cin,WR|W/R/T
9,17.25,Brodie CrOil Spill,Starter,Steve Johnson,LAC,WR|W/R/T
9,1.4,Brodie CrOil Spill,Starter,BenJarvus Green-Ellis,Cin,RB|W/R/T
9,32.75,Brodie CrOil Spill,Starter,Peyton Hillis,NYG,RB|W/R/T
9,7.8,Brodie CrOil Spill,Starter,Tony Moeaki,Atl,TE|W/R/T
9,12.65,Brodie CrOil Spill,Starter,Santonio Holmes,Chi,WR|W/R/T
9,0.0,Brodie CrOil Spill,Non-Starter,Vernon Davis,Was,TE|W/R/T
9,7.32,Brodie CrOil Spill,Non-Starter,Jon Kitna,Dal,QB
9,0.0,Brodie CrOil Spill,Non-Starter,Steven Jackson,NE,RB|W/R/T
9,14.85,Brodie CrOil Spill,Non-Starter,Dez Bryant,Bal,WR|W/R/T
9,3.85,Brodie CrOil Spill,Non-Starter,Lee Evans,Bal,WR|W/R/T
9,2.45,Brodie CrOil Spill,Non-Starter,Cadillac Williams,LAR,RB|W/R/T
9,0.0,Brodie CrOil Spill,Non-Starter,Eddie Royal,Chi,WR|W/R/T
9,12.0,Brodie CrOil Spill,Starter,Baltimore Ravens,Bal,DEF
10,49.32,Brodie CrOil Spill,Starter,Michael Vick,Pit,QB
10,7.4,Brodie CrOil Spill,Starter,Terrell Owens,Cin,WR|W/R/T
10,4.45,Brodie CrOil Spill,Starter,Steve Johnson,LAC,WR|W/R/T
10,15.9,Brodie CrOil Spill,Starter,Peyton Hillis,NYG,RB|W/R/T
10,22.8,Brodie CrOil Spill,Starter,Steven Jackson,NE,RB|W/R/T
10,8.9,Brodie CrOil Spill,Starter,Vernon Davis,Was,TE|W/R/T
10,14.85,Brodie CrOil Spill,Starter,Santonio Holmes,Chi,WR|W/R/T
10,13.3,Brodie CrOil Spill,Non-Starter,BenJarvus Green-Ellis,Cin,RB|W/R/T
10,3.65,Brodie CrOil Spill,Non-Starter,Tony Moeaki,Atl,TE|W/R/T
10,23.58,Brodie CrOil Spill,Non-Starter,Jon Kitna,Dal,QB
10,17.15,Brodie CrOil Spill,Non-Starter,Dez Bryant,Bal,WR|W/R/T
10,5.7,Brodie CrOil Spill,Non-Starter,Lee Evans,Bal,WR|W/R/T
10,15.0,Brodie CrOil Spill,Non-Starter,Cadillac Williams,LAR,RB|W/R/T
10,5.0,Brodie CrOil Spill,Starter,Tampa Bay Buccaneers,TB,DEF
10,2.0,Brodie CrOil Spill,Non-Starter,Baltimore Ravens,Bal,DEF
11,19.72,Brodie CrOil Spill,Starter,Michael Vick,Pit,QB
11,13.05,Brodie CrOil Spill,Starter,Terrell Owens,Cin,WR|W/R/T
11,7.55,Brodie CrOil Spill,Starter,Dez Bryant,Bal,WR|W/R/T
11,21.8,Brodie CrOil Spill,Starter,Peyton Hillis,NYG,RB|W/R/T
11,6.85,Brodie CrOil Spill,Starter,Steven Jackson,NE,RB|W/R/T
11,0.55,Brodie CrOil Spill,Starter,Vernon Davis,Was,TE|W/R/T
11,16.25,Brodie CrOil Spill,Starter,BenJarvus Green-Ellis,Cin,RB|W/R/T
11,33.7,Brodie CrOil Spill,Non-Starter,Steve Johnson,LAC,WR|W/R/T
11,26.35,Brodie CrOil Spill,Non-Starter,Santonio Holmes,Chi,WR|W/R/T
11,27.88,Brodie CrOil Spill,Non-Starter,Jon Kitna,Dal,QB
11,7.7,Brodie CrOil Spill,Non-Starter,Lee Evans,Bal,WR|W/R/T
11,12.05,Brodie CrOil Spill,Non-Starter,Cadillac Williams,LAR,RB|W/R/T
11,0.0,Brodie CrOil Spill,Non-Starter,Tony Romo,Dal,QB
11,23.0,Brodie CrOil Spill,Starter,Baltimore Ravens,Bal,DEF
11,22.0,Brodie CrOil Spill,Non-Starter,Cleveland Browns,Cle,DEF
12,23.72,Brodie CrOil Spill,Starter,Michael Vick,Pit,QB
12,0.0,Brodie CrOil Spill,Starter,Dez Bryant,Bal,WR|W/R/T
12,11.65,Brodie CrOil Spill,Starter,Santonio Holmes,Chi,WR|W/R/T
12,38.9,Brodie CrOil Spill,Starter,Peyton Hillis,NYG,RB|W/R/T
12,6.85,Brodie CrOil Spill,Starter,Steven Jackson,NE,RB|W/R/T
12,3.7,Brodie CrOil Spill,Starter,Vernon Davis,Was,TE|W/R/T
12,17.9,Brodie CrOil Spill,Starter,BenJarvus Green-Ellis,Cin,RB|W/R/T
12,2.45,Brodie CrOil Spill,Non-Starter,Terrell Owens,Cin,WR|W/R/T
12,8.55,Brodie CrOil Spill,Non-Starter,Steve Johnson,LAC,WR|W/R/T
12,12.52,Brodie CrOil Spill,Non-Starter,Jon Kitna,Dal,QB
12,-0.85,Brodie CrOil Spill,Non-Starter,Lee Evans,Bal,WR|W/R/T
12,7.25,Brodie CrOil Spill,Non-Starter,Cadillac Williams,LAR,RB|W/R/T
12,0.0,Brodie CrOil Spill,Non-Starter,Tony Romo,Dal,QB
12,6.0,Brodie CrOil Spill,Starter,Cleveland Browns,Cle,DEF
12,4.0,Brodie CrOil Spill,Non-Starter,Baltimore Ravens,Bal,DEF
13,28.88,Brodie CrOil Spill,Starter,Michael Vick,Pit,QB
13,12.2,Brodie CrOil Spill,Starter,Terrell Owens,Cin,WR|W/R/T
13,8.95,Brodie CrOil Spill,Starter,Santonio Holmes,Chi,WR|W/R/T
13,9.65,Brodie CrOil Spill,Starter,Peyton Hillis,NYG,RB|W/R/T
13,17.75,Brodie CrOil Spill,Starter,Steven Jackson,NE,RB|W/R/T
13,19.6,Brodie CrOil Spill,Starter,Vernon Davis,Was,TE|W/R/T
13,20.15,Brodie CrOil Spill,Starter,BenJarvus Green-Ellis,Cin,RB|W/R/T
13,4.1,Brodie CrOil Spill,Non-Starter,Steve Johnson,LAC,WR|W/R/T
13,1.65,Brodie CrOil Spill,Non-Starter,Dez Bryant,Bal,WR|W/R/T
13,1.9,Brodie CrOil Spill,Non-Starter,Cadillac Williams,LAR,RB|W/R/T
13,12.0,Brodie CrOil Spill,Starter,Seattle Seahawks,Sea,DEF
13,9.0,Brodie CrOil Spill,Non-Starter,Baltimore Ravens,Bal,DEF
13,3.0,Brodie CrOil Spill,Non-Starter,Tampa Bay Buccaneers,TB,DEF
13,16.0,Brodie CrOil Spill,Non-Starter,Dallas,Dal,DEF
13,2.0,Brodie CrOil Spill,Non-Starter,Los Angeles Chargers,LAC,DEF
14,22.4,Brodie CrOil Spill,Starter,Michael Vick,Pit,QB
14,2.45,Brodie CrOil Spill,Starter,Terrell Owens,Cin,WR|W/R/T
14,6.2,Brodie CrOil Spill,Starter,Santonio Holmes,Chi,WR|W/R/T
14,10.8,Brodie CrOil Spill,Starter,Peyton Hillis,NYG,RB|W/R/T
14,12.4,Brodie CrOil Spill,Starter,Steven Jackson,NE,RB|W/R/T
14,14.25,Brodie CrOil Spill,Starter,Vernon Davis,Was,TE|W/R/T
14,8.7,Brodie CrOil Spill,Starter,BenJarvus Green-Ellis,Cin,RB|W/R/T
14,5.45,Brodie CrOil Spill,Non-Starter,Steve Johnson,LAC,WR|W/R/T
14,0.0,Brodie CrOil Spill,Non-Starter,Dez Bryant,Bal,WR|W/R/T
14,5.0,Brodie CrOil Spill,Non-Starter,Cadillac Williams,LAR,RB|W/R/T
14,7.0,Brodie CrOil Spill,Starter,Seattle Seahawks,Sea,DEF
14,17.0,Brodie CrOil Spill,Non-Starter,Baltimore Ravens,Bal,DEF
14,5.0,Brodie CrOil Spill,Non-Starter,Tampa Bay Buccaneers,TB,DEF
14,5.0,Brodie CrOil Spill,Non-Starter,Dallas,Dal,DEF
14,14.0,Brodie CrOil Spill,Non-Starter,Los Angeles Chargers,LAC,DEF
15,38.68,Brodie CrOil Spill,Starter,Michael Vick,Pit,QB
15,5.5,Brodie CrOil Spill,Starter,Santonio Holmes,Chi,WR|W/R/T
15,8.7,Brodie CrOil Spill,Starter,Peyton Hillis,NYG,RB|W/R/T
15,17.65,Brodie CrOil Spill,Starter,Steven Jackson,NE,RB|W/R/T
15,0.65,Brodie CrOil Spill,Starter,Vernon Davis,Was,TE|W/R/T
15,11.5,Brodie CrOil Spill,Starter,BenJarvus Green-Ellis,Cin,RB|W/R/T
15,10.96,Brodie CrOil Spill,Non-Starter,Joe Webb,NYG,QB|WR|W/R/T
15,14.4,Brodie CrOil Spill,Non-Starter,Steve Johnson,LAC,WR|W/R/T
15,0.0,Brodie CrOil Spill,Non-Starter,Terrell Owens,Cin,WR|W/R/T
15,0.0,Brodie CrOil Spill,Non-Starter,Dez Bryant,Bal,WR|W/R/T
15,10.0,Brodie CrOil Spill,Starter,Dallas,Dal,DEF
15,0.0,Brodie CrOil Spill,Non-Starter,Tampa Bay Buccaneers,TB,DEF
15,12.0,Brodie CrOil Spill,Non-Starter,Los Angeles Chargers,LAC,DEF
15,2.0,Brodie CrOil Spill,Non-Starter,Seattle Seahawks,Sea,DEF
15,5.0,Brodie CrOil Spill,Non-Starter,Baltimore Ravens,Bal,DEF
16,20.82,Brodie CrOil Spill,Starter,Michael Vick,Pit,QB
16,16.9,Brodie CrOil Spill,Starter,Joe Webb,NYG,QB|WR|W/R/T
16,7.05,Brodie CrOil Spill,Starter,Steve Johnson,LAC,WR|W/R/T
16,4.25,Brodie CrOil Spill,Starter,Peyton Hillis,NYG,RB|W/R/T
16,13.45,Brodie CrOil Spill,Starter,Steven Jackson,NE,RB|W/R/T
16,7.75,Brodie CrOil Spill,Starter,Vernon Davis,Was,TE|W/R/T
16,10.95,Brodie CrOil Spill,Starter,BenJarvus Green-Ellis,Cin,RB|W/R/T
16,12.2,Brodie CrOil Spill,Non-Starter,Santonio Holmes,Chi,WR|W/R/T
16,0.0,Brodie CrOil Spill,Non-Starter,Terrell Owens,Cin,WR|W/R/T
16,0.0,Brodie CrOil Spill,Non-Starter,Dez Bryant,Bal,WR|W/R/T
16,5.35,Brodie CrOil Spill,Non-Starter,Lance Ball,Den,RB|W/R/T
16,1.0,Brodie CrOil Spill,Starter,Los Angeles Chargers,LAC,DEF
16,4.0,Brodie CrOil Spill,Non-Starter,Tampa Bay Buccaneers,TB,DEF
16,2.0,Brodie CrOil Spill,Non-Starter,Dallas,Dal,DEF
16,12.0,Brodie CrOil Spill,Non-Starter,Baltimore Ravens,Bal,DEF
1,5.98,Your2009TampaBayBucs,Starter,Matt Schaub,Atl,QB
1,7.45,Your2009TampaBayBucs,Starter,Marques Colston,NO,WR|W/R/T
1,11.9,Your2009TampaBayBucs,Starter,Jeremy Maclin,Bal,WR|W/R/T
1,9.8,Your2009TampaBayBucs,Starter,Frank Gore,NYJ,RB|W/R/T
1,4.5,Your2009TampaBayBucs,Starter,Marion Barber,Chi,RB|W/R/T
1,4.0,Your2009TampaBayBucs,Starter,Tony Gonzalez,Atl,TE|W/R/T
1,10.25,Your2009TampaBayBucs,Starter,Donald Driver,GB,WR|W/R/T
1,2.6,Your2009TampaBayBucs,Non-Starter,Derrick Mason,NYJ,WR|W/R/T
1,1.95,Your2009TampaBayBucs,Non-Starter,Devin Hester,Bal,WR|W/R/T
1,2.9,Your2009TampaBayBucs,Non-Starter,Steve Slaton,Hou,RB|W/R/T
1,1.8,Your2009TampaBayBucs,Non-Starter,Julius Jones,Sea,RB|W/R/T
1,1.15,Your2009TampaBayBucs,Non-Starter,Owen Daniels,Den,TE|W/R/T
1,3.25,Your2009TampaBayBucs,Non-Starter,Rashad Jennings,NYG,RB|W/R/T
1,16.32,Your2009TampaBayBucs,Non-Starter,Eli Manning,NYG,QB
1,8.0,Your2009TampaBayBucs,Starter,Baltimore Ravens,Bal,DEF
2,9.04,Your2009TampaBayBucs,Starter,Eli Manning,NYG,QB
2,7.95,Your2009TampaBayBucs,Starter,Marques Colston,NO,WR|W/R/T
2,9.35,Your2009TampaBayBucs,Starter,Jeremy Maclin,Bal,WR|W/R/T
2,30.55,Your2009TampaBayBucs,Starter,Frank Gore,NYJ,RB|W/R/T
2,3.1,Your2009TampaBayBucs,Starter,Marion Barber,Chi,RB|W/R/T
2,2.4,Your2009TampaBayBucs,Starter,Tony Gonzalez,Atl,TE|W/R/T
2,10.8,Your2009TampaBayBucs,Starter,Donald Driver,GB,WR|W/R/T
2,30.08,Your2009TampaBayBucs,Non-Starter,Matt Schaub,Atl,QB
2,9.35,Your2009TampaBayBucs,Non-Starter,Derrick Mason,NYJ,WR|W/R/T
2,14.7,Your2009TampaBayBucs,Non-Starter,Devin Hester,Bal,WR|W/R/T
2,1.4,Your2009TampaBayBucs,Non-Starter,Steve Slaton,Hou,RB|W/R/T
2,1.2,Your2009TampaBayBucs,Non-Starter,Julius Jones,Sea,RB|W/R/T
2,2.9,Your2009TampaBayBucs,Non-Starter,Owen Daniels,Den,TE|W/R/T
2,9.8,Your2009TampaBayBucs,Non-Starter,Rashad Jennings,NYG,RB|W/R/T
2,2.0,Your2009TampaBayBucs,Starter,Baltimore Ravens,Bal,DEF
3,9.64,Your2009TampaBayBucs,Starter,Matt Schaub,Atl,QB
3,3.5,Your2009TampaBayBucs,Starter,Marques Colston,NO,WR|W/R/T
3,21.3,Your2009TampaBayBucs,Starter,Jeremy Maclin,Bal,WR|W/R/T
3,16.75,Your2009TampaBayBucs,Starter,Frank Gore,NYJ,RB|W/R/T
3,12.25,Your2009TampaBayBucs,Starter,Marion Barber,Chi,RB|W/R/T
3,19.0,Your2009TampaBayBucs,Starter,Tony Gonzalez,Atl,TE|W/R/T
3,8.35,Your2009TampaBayBucs,Starter,Donald Driver,GB,WR|W/R/T
3,11.64,Your2009TampaBayBucs,Non-Starter,Eli Manning,NYG,QB
3,4.0,Your2009TampaBayBucs,Non-Starter,Derrick Mason,NYJ,WR|W/R/T
3,7.85,Your2009TampaBayBucs,Non-Starter,Devin Hester,Bal,WR|W/R/T
3,1.95,Your2009TampaBayBucs,Non-Starter,Steve Slaton,Hou,RB|W/R/T
3,0.0,Your2009TampaBayBucs,Non-Starter,Julius Jones,Sea,RB|W/R/T
3,3.45,Your2009TampaBayBucs,Non-Starter,Owen Daniels,Den,TE|W/R/T
3,3.55,Your2009TampaBayBucs,Non-Starter,Rashad Jennings,NYG,RB|W/R/T
3,3.0,Your2009TampaBayBucs,Starter,Baltimore Ravens,Bal,DEF
4,15.78,Your2009TampaBayBucs,Starter,Matt Schaub,Atl,QB
4,4.6,Your2009TampaBayBucs,Starter,Marques Colston,NO,WR|W/R/T
4,1.75,Your2009TampaBayBucs,Starter,Jeremy Maclin,Bal,WR|W/R/T
4,15.45,Your2009TampaBayBucs,Starter,Frank Gore,NYJ,RB|W/R/T
4,3.4,Your2009TampaBayBucs,Starter,Leon Washington,Ten,RB|W/R/T
4,5.85,Your2009TampaBayBucs,Starter,Tony Gonzalez,Atl,TE|W/R/T
4,15.65,Your2009TampaBayBucs,Starter,Donald Driver,GB,WR|W/R/T
4,2.0,Your2009TampaBayBucs,Non-Starter,Rashad Jennings,NYG,RB|W/R/T
4,0.0,Your2009TampaBayBucs,Non-Starter,Marion Barber,Chi,RB|W/R/T
4,3.6,Your2009TampaBayBucs,Non-Starter,Eli Manning,NYG,QB
4,9.5,Your2009TampaBayBucs,Non-Starter,Derrick Mason,NYJ,WR|W/R/T
4,3.45,Your2009TampaBayBucs,Non-Starter,Devin Hester,Bal,WR|W/R/T
4,5.0,Your2009TampaBayBucs,Non-Starter,Steve Slaton,Hou,RB|W/R/T
4,1.05,Your2009TampaBayBucs,Non-Starter,Owen Daniels,Den,TE|W/R/T
4,5.0,Your2009TampaBayBucs,Starter,Baltimore Ravens,Bal,DEF
5,3.74,Your2009TampaBayBucs,Starter,Matt Schaub,Atl,QB
5,11.45,Your2009TampaBayBucs,Starter,Marques Colston,NO,WR|W/R/T
5,11.0,Your2009TampaBayBucs,Starter,Jeremy Maclin,Bal,WR|W/R/T
5,10.3,Your2009TampaBayBucs,Starter,Frank Gore,NYJ,RB|W/R/T
5,1.9,Your2009TampaBayBucs,Starter,Marion Barber,Chi,RB|W/R/T
5,5.35,Your2009TampaBayBucs,Starter,Tony Gonzalez,Atl,TE|W/R/T
5,6.8,Your2009TampaBayBucs,Starter,Donald Driver,GB,WR|W/R/T
5,0.0,Your2009TampaBayBucs,Non-Starter,Leon Washington,Ten,RB|W/R/T
5,0.0,Your2009TampaBayBucs,Non-Starter,Rashad Jennings,NYG,RB|W/R/T
5,20.78,Your2009TampaBayBucs,Non-Starter,Eli Manning,NYG,QB
5,5.45,Your2009TampaBayBucs,Non-Starter,Derrick Mason,NYJ,WR|W/R/T
5,1.5,Your2009TampaBayBucs,Non-Starter,Devin Hester,Bal,WR|W/R/T
5,-0.1,Your2009TampaBayBucs,Non-Starter,Steve Slaton,Hou,RB|W/R/T
5,5.25,Your2009TampaBayBucs,Non-Starter,Owen Daniels,Den,TE|W/R/T
5,4.0,Your2009TampaBayBucs,Starter,Baltimore Ravens,Bal,DEF
6,14.98,Your2009TampaBayBucs,Starter,Eli Manning,NYG,QB
6,6.55,Your2009TampaBayBucs,Starter,Marques Colston,NO,WR|W/R/T
6,29.65,Your2009TampaBayBucs,Starter,Jeremy Maclin,Bal,WR|W/R/T
6,14.9,Your2009TampaBayBucs,Starter,Frank Gore,NYJ,RB|W/R/T
6,5.35,Your2009TampaBayBucs,Starter,Marion Barber,Chi,RB|W/R/T
6,14.65,Your2009TampaBayBucs,Starter,Tony Gonzalez,Atl,TE|W/R/T
6,3.85,Your2009TampaBayBucs,Starter,Donald Driver,GB,WR|W/R/T
6,20.5,Your2009TampaBayBucs,Non-Starter,Matt Schaub,Atl,QB
6,0.25,Your2009TampaBayBucs,Non-Starter,Leon Washington,Ten,RB|W/R/T
6,0.0,Your2009TampaBayBucs,Non-Starter,Rashad Jennings,NYG,RB|W/R/T
6,12.0,Your2009TampaBayBucs,Non-Starter,Derrick Mason,NYJ,WR|W/R/T
6,9.1,Your2009TampaBayBucs,Non-Starter,Devin Hester,Bal,WR|W/R/T
6,0.0,Your2009TampaBayBucs,Non-Starter,Steve Slaton,Hou,RB|W/R/T
6,9.15,Your2009TampaBayBucs,Non-Starter,Owen Daniels,Den,TE|W/R/T
6,7.0,Your2009TampaBayBucs,Starter,Baltimore Ravens,Bal,DEF
7,22.14,Your2009TampaBayBucs,Starter,Eli Manning,NYG,QB
7,19.7,Your2009TampaBayBucs,Starter,Marques Colston,NO,WR|W/R/T
7,6.85,Your2009TampaBayBucs,Starter,Jeremy Maclin,Bal,WR|W/R/T
7,16.9,Your2009TampaBayBucs,Starter,Frank Gore,NYJ,RB|W/R/T
7,1.55,Your2009TampaBayBucs,Starter,Marion Barber,Chi,RB|W/R/T
7,3.2,Your2009TampaBayBucs,Starter,Tony Gonzalez,Atl,TE|W/R/T
7,0.0,Your2009TampaBayBucs,Starter,Donald Driver,GB,WR|W/R/T
7,0.0,Your2009TampaBayBucs,Non-Starter,Matt Schaub,Atl,QB
7,0.0,Your2009TampaBayBucs,Non-Starter,Leon Washington,Ten,RB|W/R/T
7,0.0,Your2009TampaBayBucs,Non-Starter,Rashad Jennings,NYG,RB|W/R/T
7,5.3,Your2009TampaBayBucs,Non-Starter,Derrick Mason,NYJ,WR|W/R/T
7,4.75,Your2009TampaBayBucs,Non-Starter,Devin Hester,Bal,WR|W/R/T
7,0.0,Your2009TampaBayBucs,Non-Starter,Steve Slaton,Hou,RB|W/R/T
7,0.0,Your2009TampaBayBucs,Non-Starter,Owen Daniels,Den,TE|W/R/T
7,8.0,Your2009TampaBayBucs,Starter,Baltimore Ravens,Bal,DEF
8,8.14,Your2009TampaBayBucs,Starter,Matt Schaub,Atl,QB
8,15.1,Your2009TampaBayBucs,Starter,Marques Colston,NO,WR|W/R/T
8,0.0,Your2009TampaBayBucs,Starter,Donald Driver,GB,WR|W/R/T
8,18.75,Your2009TampaBayBucs,Starter,Frank Gore,NYJ,RB|W/R/T
8,7.6,Your2009TampaBayBucs,Starter,Marion Barber,Chi,RB|W/R/T
8,1.05,Your2009TampaBayBucs,Starter,Owen Daniels,Den,TE|W/R/T
8,0.65,Your2009TampaBayBucs,Starter,Earnest Graham,TB,RB|W/R/T
8,0.0,Your2009TampaBayBucs,Non-Starter,Eli Manning,NYG,QB
8,0.0,Your2009TampaBayBucs,Non-Starter,Jeremy Maclin,Bal,WR|W/R/T
8,0.0,Your2009TampaBayBucs,Non-Starter,Tony Gonzalez,Atl,TE|W/R/T
8,0.0,Your2009TampaBayBucs,Non-Starter,Rashad Jennings,NYG,RB|W/R/T
8,0.0,Your2009TampaBayBucs,Non-Starter,Derrick Mason,NYJ,WR|W/R/T
8,0.0,Your2009TampaBayBucs,Non-Starter,Devin Hester,Bal,WR|W/R/T
8,1.9,Your2009TampaBayBucs,Non-Starter,Derrick Ward,Hou,RB|W/R/T
8,1.0,Your2009TampaBayBucs,Starter,Seattle Seahawks,Sea,DEF
9,23.5,Your2009TampaBayBucs,Starter,Eli Manning,NYG,QB
9,8.5,Your2009TampaBayBucs,Starter,Marques Colston,NO,WR|W/R/T
9,5.8,Your2009TampaBayBucs,Starter,Jeremy Maclin,Bal,WR|W/R/T
9,1.4,Your2009TampaBayBucs,Starter,Marion Barber,Chi,RB|W/R/T
9,10.45,Your2009TampaBayBucs,Starter,Donald Brown,LAC,RB|W/R/T
9,9.2,Your2009TampaBayBucs,Starter,Tony Gonzalez,Atl,TE|W/R/T
9,11.2,Your2009TampaBayBucs,Starter,Derrick Mason,NYJ,WR|W/R/T
9,1.2,Your2009TampaBayBucs,Non-Starter,Derrick Ward,Hou,RB|W/R/T
9,0.0,Your2009TampaBayBucs,Non-Starter,Earnest Graham,TB,RB|W/R/T
9,8.78,Your2009TampaBayBucs,Non-Starter,Matt Schaub,Atl,QB
9,0.0,Your2009TampaBayBucs,Non-Starter,Donald Driver,GB,WR|W/R/T
9,0.0,Your2009TampaBayBucs,Non-Starter,Frank Gore,NYJ,RB|W/R/T
9,0.0,Your2009TampaBayBucs,Non-Starter,Owen Daniels,Den,TE|W/R/T
9,2.7,Your2009TampaBayBucs,Non-Starter,Devin Hester,Bal,WR|W/R/T
9,-2.0,Your2009TampaBayBucs,Starter,Seattle Seahawks,Sea,DEF
10,20.62,Your2009TampaBayBucs,Starter,Eli Manning,NYG,QB
10,16.0,Your2009TampaBayBucs,Starter,Jeremy Maclin,Bal,WR|W/R/T
10,11.8,Your2009TampaBayBucs,Starter,Derrick Mason,NYJ,WR|W/R/T
10,5.0,Your2009TampaBayBucs,Starter,Donald Brown,LAC,RB|W/R/T
10,22.15,Your2009TampaBayBucs,Starter,Frank Gore,NYJ,RB|W/R/T
10,4.8,Your2009TampaBayBucs,Starter,Tony Gonzalez,Atl,TE|W/R/T
10,10.8,Your2009TampaBayBucs,Starter,Devin Hester,Bal,WR|W/R/T
10,0.0,Your2009TampaBayBucs,Non-Starter,Marques Colston,NO,WR|W/R/T
10,4.75,Your2009TampaBayBucs,Non-Starter,Marion Barber,Chi,RB|W/R/T
10,1.1,Your2009TampaBayBucs,Non-Starter,Derrick Ward,Hou,RB|W/R/T
10,0.0,Your2009TampaBayBucs,Non-Starter,Earnest Graham,TB,RB|W/R/T
10,21.96,Your2009TampaBayBucs,Non-Starter,Matt Schaub,Atl,QB
10,0.0,Your2009TampaBayBucs,Non-Starter,Donald Driver,GB,WR|W/R/T
10,0.0,Your2009TampaBayBucs,Non-Starter,Owen Daniels,Den,TE|W/R/T
10,10.0,Your2009TampaBayBucs,Starter,Seattle Seahawks,Sea,DEF
11,8.08,Your2009TampaBayBucs,Starter,Eli Manning,NYG,QB
11,14.25,Your2009TampaBayBucs,Starter,Jeremy Maclin,Bal,WR|W/R/T
11,25.3,Your2009TampaBayBucs,Starter,Marques Colston,NO,WR|W/R/T
11,7.25,Your2009TampaBayBucs,Starter,Frank Gore,NYJ,RB|W/R/T
11,5.35,Your2009TampaBayBucs,Starter,Marion Barber,Chi,RB|W/R/T
11,5.6,Your2009TampaBayBucs,Starter,Tony Gonzalez,Atl,TE|W/R/T
11,4.95,Your2009TampaBayBucs,Starter,Derrick Mason,NYJ,WR|W/R/T
11,11.55,Your2009TampaBayBucs,Non-Starter,Donald Brown,LAC,RB|W/R/T
11,5.1,Your2009TampaBayBucs,Non-Starter,Devin Hester,Bal,WR|W/R/T
11,0.0,Your2009TampaBayBucs,Non-Starter,Derrick Ward,Hou,RB|W/R/T
11,0.7,Your2009TampaBayBucs,Non-Starter,Earnest Graham,TB,RB|W/R/T
11,14.46,Your2009TampaBayBucs,Non-Starter,Matt Schaub,Atl,QB
11,4.1,Your2009TampaBayBucs,Non-Starter,Donald Driver,GB,WR|W/R/T
11,0.0,Your2009TampaBayBucs,Non-Starter,Owen Daniels,Den,TE|W/R/T
11,3.0,Your2009TampaBayBucs,Starter,Seattle Seahawks,Sea,DEF
12,16.94,Your2009TampaBayBucs,Starter,Eli Manning,NYG,QB
12,11.7,Your2009TampaBayBucs,Starter,Jeremy Maclin,Bal,WR|W/R/T
12,12.0,Your2009TampaBayBucs,Starter,Marques Colston,NO,WR|W/R/T
12,5.2,Your2009TampaBayBucs,Starter,Frank Gore,NYJ,RB|W/R/T
12,8.35,Your2009TampaBayBucs,Starter,Donald Brown,LAC,RB|W/R/T
12,12.6,Your2009TampaBayBucs,Starter,Tony Gonzalez,Atl,TE|W/R/T
12,16.7,Your2009TampaBayBucs,Starter,Derrick Mason,NYJ,WR|W/R/T
12,9.2,Your2009TampaBayBucs,Non-Starter,Marion Barber,Chi,RB|W/R/T
12,9.35,Your2009TampaBayBucs,Non-Starter,Devin Hester,Bal,WR|W/R/T
12,4.7,Your2009TampaBayBucs,Non-Starter,Derrick Ward,Hou,RB|W/R/T
12,0.0,Your2009TampaBayBucs,Non-Starter,Earnest Graham,TB,RB|W/R/T
12,14.92,Your2009TampaBayBucs,Non-Starter,Matt Schaub,Atl,QB
12,3.1,Your2009TampaBayBucs,Non-Starter,Donald Driver,GB,WR|W/R/T
12,0.0,Your2009TampaBayBucs,Non-Starter,Owen Daniels,Den,TE|W/R/T
12,8.0,Your2009TampaBayBucs,Starter,Miami Dolphins,Mia,DEF
13,4.34,Your2009TampaBayBucs,Starter,Eli Manning,NYG,QB
13,8.05,Your2009TampaBayBucs,Starter,Jeremy Maclin,Bal,WR|W/R/T
13,13.25,Your2009TampaBayBucs,Starter,Marques Colston,NO,WR|W/R/T
13,3.1,Your2009TampaBayBucs,Starter,Brian Westbrook,SF,RB|W/R/T
13,1.05,Your2009TampaBayBucs,Starter,Donald Brown,LAC,RB|W/R/T
13,4.55,Your2009TampaBayBucs,Starter,Tony Gonzalez,Atl,TE|W/R/T
13,0.85,Your2009TampaBayBucs,Starter,Devin Hester,Bal,WR|W/R/T
13,0.0,Your2009TampaBayBucs,Non-Starter,Marion Barber,Chi,RB|W/R/T
13,2.7,Your2009TampaBayBucs,Non-Starter,Derrick Mason,NYJ,WR|W/R/T
13,0.0,Your2009TampaBayBucs,Non-Starter,Frank Gore,NYJ,RB|W/R/T
13,1.5,Your2009TampaBayBucs,Non-Starter,Derrick Ward,Hou,RB|W/R/T
13,17.48,Your2009TampaBayBucs,Non-Starter,Matt Schaub,Atl,QB
13,14.3,Your2009TampaBayBucs,Non-Starter,Donald Driver,GB,WR|W/R/T
13,0.0,Your2009TampaBayBucs,Non-Starter,Owen Daniels,Den,TE|W/R/T
13,6.0,Your2009TampaBayBucs,Starter,Miami Dolphins,Mia,DEF
14,7.48,Your2009TampaBayBucs,Starter,Eli Manning,NYG,QB
14,1.35,Your2009TampaBayBucs,Starter,Jeremy Maclin,Bal,WR|W/R/T
14,17.85,Your2009TampaBayBucs,Starter,Marques Colston,NO,WR|W/R/T
14,18.5,Your2009TampaBayBucs,Starter,Brian Westbrook,SF,RB|W/R/T
14,6.95,Your2009TampaBayBucs,Starter,Donald Brown,LAC,RB|W/R/T
14,9.8,Your2009TampaBayBucs,Starter,Tony Gonzalez,Atl,TE|W/R/T
14,2.2,Your2009TampaBayBucs,Starter,Devin Hester,Bal,WR|W/R/T
14,0.0,Your2009TampaBayBucs,Non-Starter,Marion Barber,Chi,RB|W/R/T
14,21.3,Your2009TampaBayBucs,Non-Starter,Derrick Mason,NYJ,WR|W/R/T
14,0.0,Your2009TampaBayBucs,Non-Starter,Frank Gore,NYJ,RB|W/R/T
14,0.3,Your2009TampaBayBucs,Non-Starter,Derrick Ward,Hou,RB|W/R/T
14,26.52,Your2009TampaBayBucs,Non-Starter,Matt Schaub,Atl,QB
14,1.7,Your2009TampaBayBucs,Non-Starter,Donald Driver,GB,WR|W/R/T
14,10.35,Your2009TampaBayBucs,Non-Starter,Owen Daniels,Den,TE|W/R/T
14,17.0,Your2009TampaBayBucs,Starter,Miami Dolphins,Mia,DEF
15,19.0,Your2009TampaBayBucs,Starter,Matt Schaub,Atl,QB
15,17.65,Your2009TampaBayBucs,Starter,Jeremy Maclin,Bal,WR|W/R/T
15,9.6,Your2009TampaBayBucs,Starter,Marques Colston,NO,WR|W/R/T
15,9.5,Your2009TampaBayBucs,Starter,Brian Westbrook,SF,RB|W/R/T
15,19.55,Your2009TampaBayBucs,Starter,Donald Brown,LAC,RB|W/R/T
15,3.6,Your2009TampaBayBucs,Starter,Tony Gonzalez,Atl,TE|W/R/T
15,4.45,Your2009TampaBayBucs,Starter,Derrick Mason,NYJ,WR|W/R/T
15,25.56,Your2009TampaBayBucs,Non-Starter,Eli Manning,NYG,QB
15,14.8,Your2009TampaBayBucs,Non-Starter,Devin Hester,Bal,WR|W/R/T
15,0.0,Your2009TampaBayBucs,Non-Starter,Marion Barber,Chi,RB|W/R/T
15,0.0,Your2009TampaBayBucs,Non-Starter,Frank Gore,NYJ,RB|W/R/T
15,2.85,Your2009TampaBayBucs,Non-Starter,Derrick Ward,Hou,RB|W/R/T
15,3.85,Your2009TampaBayBucs,Non-Starter,Donald Driver,GB,WR|W/R/T
15,5.5,Your2009TampaBayBucs,Non-Starter,Owen Daniels,Den,TE|W/R/T
15,5.0,Your2009TampaBayBucs,Starter,Miami Dolphins,Mia,DEF
16,14.4,Your2009TampaBayBucs,Starter,Matt Schaub,Atl,QB
16,8.9,Your2009TampaBayBucs,Starter,Jeremy Maclin,Bal,WR|W/R/T
16,2.6,Your2009TampaBayBucs,Starter,Marques Colston,NO,WR|W/R/T
16,4.8,Your2009TampaBayBucs,Starter,Brian Westbrook,SF,RB|W/R/T
16,2.8,Your2009TampaBayBucs,Starter,Donald Brown,LAC,RB|W/R/T
16,1.7,Your2009TampaBayBucs,Starter,Tony Gonzalez,Atl,TE|W/R/T
16,12.0,Your2009TampaBayBucs,Starter,Derrick Mason,NYJ,WR|W/R/T
16,13.24,Your2009TampaBayBucs,Non-Starter,Eli Manning,NYG,QB
16,11.55,Your2009TampaBayBucs,Non-Starter,Devin Hester,Bal,WR|W/R/T
16,11.8,Your2009TampaBayBucs,Non-Starter,Marion Barber,Chi,RB|W/R/T
16,0.0,Your2009TampaBayBucs,Non-Starter,Frank Gore,NYJ,RB|W/R/T
16,1.55,Your2009TampaBayBucs,Non-Starter,Derrick Ward,Hou,RB|W/R/T
16,5.15,Your2009TampaBayBucs,Non-Starter,Donald Driver,GB,WR|W/R/T
16,15.3,Your2009TampaBayBucs,Non-Starter,Owen Daniels,Den,TE|W/R/T
16,1.0,Your2009TampaBayBucs,Starter,Miami Dolphins,Mia,DEF
1,5.0,SemiPublicBafroomSex,Starter,Alex Smith,Was,QB
1,14.35,SemiPublicBafroomSex,Starter,Roddy White,Atl,WR|W/R/T
1,24.9,SemiPublicBafroomSex,Starter,Chad Johnson,NE,WR|W/R/T
1,6.2,SemiPublicBafroomSex,Starter,DeAngelo Williams,Pit,RB|W/R/T
1,6.7,SemiPublicBafroomSex,Starter,Ray Rice,Bal,RB|W/R/T
1,5.3,SemiPublicBafroomSex,Starter,Zach Miller,Sea,TE|W/R/T
1,12.4,SemiPublicBafroomSex,Starter,Tim Hightower,NO,RB|W/R/T
1,12.65,SemiPublicBafroomSex,Non-Starter,Knowshon Moreno,Mia,RB|W/R/T
1,8.55,SemiPublicBafroomSex,Non-Starter,Laurent Robinson,Jax,WR|W/R/T
1,2.3,SemiPublicBafroomSex,Non-Starter,Jerricho Cotchery,Car,WR|W/R/T
1,-0.5,SemiPublicBafroomSex,Non-Starter,Correll Buckhalter,Den,RB|W/R/T
1,1.35,SemiPublicBafroomSex,Non-Starter,Le'Ron McClain,LAC,RB|W/R/T
1,6.7,SemiPublicBafroomSex,Non-Starter,Mike Wallace,Phi,WR|W/R/T
1,7.0,SemiPublicBafroomSex,Starter,Tampa Bay Buccaneers,TB,DEF
2,19.78,SemiPublicBafroomSex,Starter,Kyle Orton,Buf,QB
2,15.55,SemiPublicBafroomSex,Starter,Roddy White,Atl,WR|W/R/T
2,5.4,SemiPublicBafroomSex,Starter,Chad Johnson,NE,WR|W/R/T
2,8.15,SemiPublicBafroomSex,Starter,DeAngelo Williams,Pit,RB|W/R/T
2,12.7,SemiPublicBafroomSex,Starter,Ray Rice,Bal,RB|W/R/T
2,5.65,SemiPublicBafroomSex,Starter,Zach Miller,Sea,TE|W/R/T
2,18.8,SemiPublicBafroomSex,Starter,Knowshon Moreno,Mia,RB|W/R/T
2,15.8,SemiPublicBafroomSex,Non-Starter,Alex Smith,Was,QB
2,18.9,SemiPublicBafroomSex,Non-Starter,Tim Hightower,NO,RB|W/R/T
2,0.65,SemiPublicBafroomSex,Non-Starter,Laurent Robinson,Jax,WR|W/R/T
2,10.2,SemiPublicBafroomSex,Non-Starter,Jerricho Cotchery,Car,WR|W/R/T
2,7.9,SemiPublicBafroomSex,Non-Starter,Correll Buckhalter,Den,RB|W/R/T
2,1.05,SemiPublicBafroomSex,Non-Starter,Le'Ron McClain,LAC,RB|W/R/T
2,3.0,SemiPublicBafroomSex,Non-Starter,Mike Wallace,Phi,WR|W/R/T
2,12.0,SemiPublicBafroomSex,Starter,Kansas City Chiefs,KC,DEF
3,11.28,SemiPublicBafroomSex,Starter,Alex Smith,Was,QB
3,14.15,SemiPublicBafroomSex,Starter,Roddy White,Atl,WR|W/R/T
3,4.4,SemiPublicBafroomSex,Starter,Chad Johnson,NE,WR|W/R/T
3,6.4,SemiPublicBafroomSex,Starter,DeAngelo Williams,Pit,RB|W/R/T
3,10.6,SemiPublicBafroomSex,Starter,Ray Rice,Bal,RB|W/R/T
3,13.4,SemiPublicBafroomSex,Starter,Zach Miller,Sea,TE|W/R/T
3,4.25,SemiPublicBafroomSex,Starter,Tim Hightower,NO,RB|W/R/T
3,11.6,SemiPublicBafroomSex,Non-Starter,Sam Bradford,Ari,QB
3,0.0,SemiPublicBafroomSex,Non-Starter,Knowshon Moreno,Mia,RB|W/R/T
3,0.0,SemiPublicBafroomSex,Non-Starter,Laurent Robinson,Jax,WR|W/R/T
3,2.5,SemiPublicBafroomSex,Non-Starter,Jerricho Cotchery,Car,WR|W/R/T
3,6.0,SemiPublicBafroomSex,Non-Starter,Correll Buckhalter,Den,RB|W/R/T
3,22.65,SemiPublicBafroomSex,Non-Starter,Mike Wallace,Phi,WR|W/R/T
3,10.15,SemiPublicBafroomSex,Non-Starter,Kevin Walter,Hou,WR|W/R/T
3,4.0,SemiPublicBafroomSex,Starter,New England Patriots,NE,DEF
4,18.36,SemiPublicBafroomSex,Starter,Sam Bradford,Ari,QB
4,12.15,SemiPublicBafroomSex,Starter,Roddy White,Atl,WR|W/R/T
4,6.65,SemiPublicBafroomSex,Starter,Chad Johnson,NE,WR|W/R/T
4,16.25,SemiPublicBafroomSex,Starter,DeAngelo Williams,Pit,RB|W/R/T
4,2.4,SemiPublicBafroomSex,Starter,Tim Hightower,NO,RB|W/R/T
4,5.15,SemiPublicBafroomSex,Starter,Greg Olsen,Sea,TE|W/R/T
4,3.0,SemiPublicBafroomSex,Starter,Mike Wallace,Phi,WR|W/R/T
4,7.62,SemiPublicBafroomSex,Non-Starter,Alex Smith,Was,QB
4,3.15,SemiPublicBafroomSex,Non-Starter,Ray Rice,Bal,RB|W/R/T
4,0.0,SemiPublicBafroomSex,Non-Starter,Knowshon Moreno,Mia,RB|W/R/T
4,3.35,SemiPublicBafroomSex,Non-Starter,Jerricho Cotchery,Car,WR|W/R/T
4,11.35,SemiPublicBafroomSex,Non-Starter,Correll Buckhalter,Den,RB|W/R/T
4,4.5,SemiPublicBafroomSex,Non-Starter,Kevin Walter,Hou,WR|W/R/T
4,13.0,SemiPublicBafroomSex,Non-Starter,Ryan Torain,NYG,RB|W/R/T
4,33.0,SemiPublicBafroomSex,Starter,New England Patriots,NE,DEF
5,4.6,SemiPublicBafroomSex,Starter,Sam Bradford,Ari,QB
5,17.35,SemiPublicBafroomSex,Starter,Roddy White,Atl,WR|W/R/T
5,2.75,SemiPublicBafroomSex,Starter,Chad Johnson,NE,WR|W/R/T
5,6.65,SemiPublicBafroomSex,Starter,DeAngelo Williams,Pit,RB|W/R/T
5,28.9,SemiPublicBafroomSex,Starter,Ray Rice,Bal,RB|W/R/T
5,0.0,SemiPublicBafroomSex,Starter,Greg Olsen,Sea,TE|W/R/T
5,7.7,SemiPublicBafroomSex,Starter,Ryan Torain,NYG,RB|W/R/T
5,0.6,SemiPublicBafroomSex,Non-Starter,Tim Hightower,NO,RB|W/R/T
5,0.0,SemiPublicBafroomSex,Non-Starter,Mike Wallace,Phi,WR|W/R/T
5,19.96,SemiPublicBafroomSex,Non-Starter,Alex Smith,Was,QB
5,0.0,SemiPublicBafroomSex,Non-Starter,Knowshon Moreno,Mia,RB|W/R/T
5,5.85,SemiPublicBafroomSex,Non-Starter,Jerricho Cotchery,Car,WR|W/R/T
5,2.75,SemiPublicBafroomSex,Non-Starter,Correll Buckhalter,Den,RB|W/R/T
5,2.9,SemiPublicBafroomSex,Non-Starter,Kevin Walter,Hou,WR|W/R/T
5,19.0,SemiPublicBafroomSex,Starter,Atlanta Falcons,Atl,DEF
6,15.64,SemiPublicBafroomSex,Starter,Alex Smith,Was,QB
6,9.8,SemiPublicBafroomSex,Starter,Roddy White,Atl,WR|W/R/T
6,15.75,SemiPublicBafroomSex,Starter,Mike Wallace,Phi,WR|W/R/T
6,14.6,SemiPublicBafroomSex,Starter,Ray Rice,Bal,RB|W/R/T
6,23.15,SemiPublicBafroomSex,Starter,Ryan Torain,NYG,RB|W/R/T
6,0.0,SemiPublicBafroomSex,Starter,Greg Olsen,Sea,TE|W/R/T
6,0.0,SemiPublicBafroomSex,Starter,Kevin Walter,Hou,WR|W/R/T
6,12.72,SemiPublicBafroomSex,Non-Starter,Sam Bradford,Ari,QB
6,0.0,SemiPublicBafroomSex,Non-Starter,Chad Johnson,NE,WR|W/R/T
6,0.0,SemiPublicBafroomSex,Non-Starter,DeAngelo Williams,Pit,RB|W/R/T
6,0.0,SemiPublicBafroomSex,Non-Starter,Tim Hightower,NO,RB|W/R/T
6,2.8,SemiPublicBafroomSex,Non-Starter,Knowshon Moreno,Mia,RB|W/R/T
6,2.8,SemiPublicBafroomSex,Non-Starter,Jerricho Cotchery,Car,WR|W/R/T
6,2.0,SemiPublicBafroomSex,Non-Starter,Correll Buckhalter,Den,RB|W/R/T
6,10.0,SemiPublicBafroomSex,Starter,San Francisco 49ers,SF,DEF
7,11.24,SemiPublicBafroomSex,Starter,Sam Bradford,Ari,QB
7,34.85,SemiPublicBafroomSex,Starter,Roddy White,Atl,WR|W/R/T
7,11.8,SemiPublicBafroomSex,Starter,Mike Wallace,Phi,WR|W/R/T
7,7.55,SemiPublicBafroomSex,Starter,Ray Rice,Bal,RB|W/R/T
7,10.5,SemiPublicBafroomSex,Starter,Ryan Torain,NYG,RB|W/R/T
7,5.05,SemiPublicBafroomSex,Starter,Greg Olsen,Sea,TE|W/R/T
7,5.3,SemiPublicBafroomSex,Starter,DeAngelo Williams,Pit,RB|W/R/T
7,9.16,SemiPublicBafroomSex,Non-Starter,Alex Smith,Was,QB
7,0.0,SemiPublicBafroomSex,Non-Starter,Kevin Walter,Hou,WR|W/R/T
7,19.3,SemiPublicBafroomSex,Non-Starter,Chad Johnson,NE,WR|W/R/T
7,4.55,SemiPublicBafroomSex,Non-Starter,Tim Hightower,NO,RB|W/R/T
7,21.75,SemiPublicBafroomSex,Non-Starter,Knowshon Moreno,Mia,RB|W/R/T
7,0.0,SemiPublicBafroomSex,Non-Starter,Jerricho Cotchery,Car,WR|W/R/T
7,0.0,SemiPublicBafroomSex,Non-Starter,Correll Buckhalter,Den,RB|W/R/T
7,13.0,SemiPublicBafroomSex,Starter,San Francisco 49ers,SF,DEF
8,15.84,SemiPublicBafroomSex,Starter,Sam Bradford,Ari,QB
8,5.05,SemiPublicBafroomSex,Starter,Mike Wallace,Phi,WR|W/R/T
8,4.15,SemiPublicBafroomSex,Starter,Chad Johnson,NE,WR|W/R/T
8,9.65,SemiPublicBafroomSex,Starter,Ryan Torain,NYG,RB|W/R/T
8,0.0,SemiPublicBafroomSex,Starter,DeAngelo Williams,Pit,RB|W/R/T
8,7.3,SemiPublicBafroomSex,Starter,Brandon Pettigrew,Det,TE|W/R/T
8,6.9,SemiPublicBafroomSex,Starter,Knowshon Moreno,Mia,RB|W/R/T
8,0.0,SemiPublicBafroomSex,Non-Starter,Roddy White,Atl,WR|W/R/T
8,0.0,SemiPublicBafroomSex,Non-Starter,Ray Rice,Bal,RB|W/R/T
8,0.0,SemiPublicBafroomSex,Non-Starter,Alex Smith,Was,QB
8,0.0,SemiPublicBafroomSex,Non-Starter,Kevin Walter,Hou,WR|W/R/T
8,1.35,SemiPublicBafroomSex,Non-Starter,Tim Hightower,NO,RB|W/R/T
8,9.9,SemiPublicBafroomSex,Non-Starter,Jerricho Cotchery,Car,WR|W/R/T
8,3.3,SemiPublicBafroomSex,Non-Starter,Correll Buckhalter,Den,RB|W/R/T
8,9.0,SemiPublicBafroomSex,Starter,San Francisco 49ers,SF,DEF
9,12.86,SemiPublicBafroomSex,Starter,Ryan Fitzpatrick,Was,QB
9,18.25,SemiPublicBafroomSex,Starter,Mike Wallace,Phi,WR|W/R/T
9,1.75,SemiPublicBafroomSex,Starter,Chad Johnson,NE,WR|W/R/T
9,19.75,SemiPublicBafroomSex,Starter,Ray Rice,Bal,RB|W/R/T
9,3.9,SemiPublicBafroomSex,Starter,Tim Hightower,NO,RB|W/R/T
9,8.55,SemiPublicBafroomSex,Starter,Brandon Pettigrew,Det,TE|W/R/T
9,6.2,SemiPublicBafroomSex,Starter,Roddy White,Atl,WR|W/R/T
9,0.0,SemiPublicBafroomSex,Non-Starter,Sam Bradford,Ari,QB
9,0.0,SemiPublicBafroomSex,Non-Starter,Ryan Torain,NYG,RB|W/R/T
9,0.0,SemiPublicBafroomSex,Non-Starter,DeAngelo Williams,Pit,RB|W/R/T
9,0.0,SemiPublicBafroomSex,Non-Starter,Knowshon Moreno,Mia,RB|W/R/T
9,0.0,SemiPublicBafroomSex,Non-Starter,Kevin Walter,Hou,WR|W/R/T
9,3.4,SemiPublicBafroomSex,Non-Starter,Jerricho Cotchery,Car,WR|W/R/T
9,0.0,SemiPublicBafroomSex,Non-Starter,Correll Buckhalter,Den,RB|W/R/T
9,4.0,SemiPublicBafroomSex,Starter,Los Angeles Chargers,LAC,DEF
10,9.74,SemiPublicBafroomSex,Starter,Ryan Fitzpatrick,Was,QB
10,27.6,SemiPublicBafroomSex,Starter,Mike Wallace,Phi,WR|W/R/T
10,28.8,SemiPublicBafroomSex,Starter,Roddy White,Atl,WR|W/R/T
10,10.95,SemiPublicBafroomSex,Starter,Ray Rice,Bal,RB|W/R/T
10,0.0,SemiPublicBafroomSex,Starter,Ryan Torain,NYG,RB|W/R/T
10,6.0,SemiPublicBafroomSex,Starter,Brandon Pettigrew,Det,TE|W/R/T
10,22.35,SemiPublicBafroomSex,Starter,Knowshon Moreno,Mia,RB|W/R/T
10,12.7,SemiPublicBafroomSex,Non-Starter,Tim Hightower,NO,RB|W/R/T
10,16.35,SemiPublicBafroomSex,Non-Starter,Chad Johnson,NE,WR|W/R/T
10,15.14,SemiPublicBafroomSex,Non-Starter,Sam Bradford,Ari,QB
10,0.0,SemiPublicBafroomSex,Non-Starter,DeAngelo Williams,Pit,RB|W/R/T
10,16.5,SemiPublicBafroomSex,Non-Starter,Kevin Walter,Hou,WR|W/R/T
10,11.05,SemiPublicBafroomSex,Non-Starter,Jerricho Cotchery,Car,WR|W/R/T
10,1.4,SemiPublicBafroomSex,Non-Starter,Correll Buckhalter,Den,RB|W/R/T
10,13.0,SemiPublicBafroomSex,Starter,Philadelphia Eagles,Phi,DEF
11,25.74,SemiPublicBafroomSex,Starter,Ryan Fitzpatrick,Was,QB
11,20.25,SemiPublicBafroomSex,Starter,Mike Wallace,Phi,WR|W/R/T
11,12.55,SemiPublicBafroomSex,Starter,Roddy White,Atl,WR|W/R/T
11,20.6,SemiPublicBafroomSex,Starter,Ray Rice,Bal,RB|W/R/T
11,19.75,SemiPublicBafroomSex,Starter,Knowshon Moreno,Mia,RB|W/R/T
11,9.5,SemiPublicBafroomSex,Starter,Brandon Pettigrew,Det,TE|W/R/T
11,9.55,SemiPublicBafroomSex,Starter,Chad Johnson,NE,WR|W/R/T
11,0.0,SemiPublicBafroomSex,Non-Starter,Ryan Torain,NYG,RB|W/R/T
11,9.35,SemiPublicBafroomSex,Non-Starter,Tim Hightower,NO,RB|W/R/T
11,17.02,SemiPublicBafroomSex,Non-Starter,Sam Bradford,Ari,QB
11,0.0,SemiPublicBafroomSex,Non-Starter,DeAngelo Williams,Pit,RB|W/R/T
11,2.1,SemiPublicBafroomSex,Non-Starter,Kevin Walter,Hou,WR|W/R/T
11,0.0,SemiPublicBafroomSex,Non-Starter,Jerricho Cotchery,Car,WR|W/R/T
11,1.15,SemiPublicBafroomSex,Non-Starter,Correll Buckhalter,Den,RB|W/R/T
11,11.0,SemiPublicBafroomSex,Starter,Philadelphia Eagles,Phi,DEF
12,24.22,SemiPublicBafroomSex,Starter,Sam Bradford,Ari,QB
12,4.05,SemiPublicBafroomSex,Starter,Mike Wallace,Phi,WR|W/R/T
12,6.15,SemiPublicBafroomSex,Starter,Roddy White,Atl,WR|W/R/T
12,14.95,SemiPublicBafroomSex,Starter,Ray Rice,Bal,RB|W/R/T
12,17.3,SemiPublicBafroomSex,Starter,Knowshon Moreno,Mia,RB|W/R/T
12,7.95,SemiPublicBafroomSex,Starter,Brandon Pettigrew,Det,TE|W/R/T
12,0.0,SemiPublicBafroomSex,Starter,Tim Hightower,NO,RB|W/R/T
12,13.0,SemiPublicBafroomSex,Non-Starter,Ryan Fitzpatrick,Was,QB
12,5.1,SemiPublicBafroomSex,Non-Starter,Chad Johnson,NE,WR|W/R/T
12,0.0,SemiPublicBafroomSex,Non-Starter,Ryan Torain,NYG,RB|W/R/T
12,0.0,SemiPublicBafroomSex,Non-Starter,DeAngelo Williams,Pit,RB|W/R/T
12,1.45,SemiPublicBafroomSex,Non-Starter,Kevin Walter,Hou,WR|W/R/T
12,0.0,SemiPublicBafroomSex,Non-Starter,Jerricho Cotchery,Car,WR|W/R/T
12,1.2,SemiPublicBafroomSex,Non-Starter,Correll Buckhalter,Den,RB|W/R/T
12,3.0,SemiPublicBafroomSex,Starter,Philadelphia Eagles,Phi,DEF
13,6.18,SemiPublicBafroomSex,Starter,Sam Bradford,Ari,QB
13,8.85,SemiPublicBafroomSex,Starter,Mike Wallace,Phi,WR|W/R/T
13,9.15,SemiPublicBafroomSex,Starter,Roddy White,Atl,WR|W/R/T
13,5.5,SemiPublicBafroomSex,Starter,Ray Rice,Bal,RB|W/R/T
13,17.75,SemiPublicBafroomSex,Starter,Knowshon Moreno,Mia,RB|W/R/T
13,4.85,SemiPublicBafroomSex,Starter,Brandon Pettigrew,Det,TE|W/R/T
13,8.85,SemiPublicBafroomSex,Starter,Tim Hightower,NO,RB|W/R/T
13,4.82,SemiPublicBafroomSex,Non-Starter,Ryan Fitzpatrick,Was,QB
13,10.85,SemiPublicBafroomSex,Non-Starter,Chad Johnson,NE,WR|W/R/T
13,0.0,SemiPublicBafroomSex,Non-Starter,Ryan Torain,NYG,RB|W/R/T
13,0.0,SemiPublicBafroomSex,Non-Starter,DeAngelo Williams,Pit,RB|W/R/T
13,4.3,SemiPublicBafroomSex,Non-Starter,Kevin Walter,Hou,WR|W/R/T
13,1.4,SemiPublicBafroomSex,Non-Starter,Jerricho Cotchery,Car,WR|W/R/T
13,0.0,SemiPublicBafroomSex,Non-Starter,Correll Buckhalter,Den,RB|W/R/T
13,6.0,SemiPublicBafroomSex,Starter,Philadelphia Eagles,Phi,DEF
14,11.74,SemiPublicBafroomSex,Starter,Sam Bradford,Ari,QB
14,10.25,SemiPublicBafroomSex,Starter,Mike Wallace,Phi,WR|W/R/T
14,9.9,SemiPublicBafroomSex,Starter,Roddy White,Atl,WR|W/R/T
14,14.0,SemiPublicBafroomSex,Starter,Ray Rice,Bal,RB|W/R/T
14,18.55,SemiPublicBafroomSex,Starter,Knowshon Moreno,Mia,RB|W/R/T
14,1.9,SemiPublicBafroomSex,Starter,Brandon Pettigrew,Det,TE|W/R/T
14,24.8,SemiPublicBafroomSex,Starter,Tim Hightower,NO,RB|W/R/T
14,12.58,SemiPublicBafroomSex,Non-Starter,Ryan Fitzpatrick,Was,QB
14,8.6,SemiPublicBafroomSex,Non-Starter,Chad Johnson,NE,WR|W/R/T
14,18.7,SemiPublicBafroomSex,Non-Starter,Ryan Torain,NYG,RB|W/R/T
14,6.95,SemiPublicBafroomSex,Non-Starter,Kevin Walter,Hou,WR|W/R/T
14,8.15,SemiPublicBafroomSex,Non-Starter,Jerricho Cotchery,Car,WR|W/R/T
14,0.25,SemiPublicBafroomSex,Non-Starter,Correll Buckhalter,Den,RB|W/R/T
14,0.8,SemiPublicBafroomSex,Non-Starter,James Starks,GB,RB|W/R/T
14,5.0,SemiPublicBafroomSex,Starter,Philadelphia Eagles,Phi,DEF
15,3.44,SemiPublicBafroomSex,Starter,Sam Bradford,Ari,QB
15,12.75,SemiPublicBafroomSex,Starter,Mike Wallace,Phi,WR|W/R/T
15,14.25,SemiPublicBafroomSex,Starter,Roddy White,Atl,WR|W/R/T
15,36.55,SemiPublicBafroomSex,Starter,Ray Rice,Bal,RB|W/R/T
15,0.85,SemiPublicBafroomSex,Starter,Knowshon Moreno,Mia,RB|W/R/T
15,3.0,SemiPublicBafroomSex,Starter,Brandon Pettigrew,Det,TE|W/R/T
15,3.55,SemiPublicBafroomSex,Starter,Tim Hightower,NO,RB|W/R/T
15,16.82,SemiPublicBafroomSex,Non-Starter,Ryan Fitzpatrick,Was,QB
15,4.1,SemiPublicBafroomSex,Non-Starter,Chad Johnson,NE,WR|W/R/T
15,17.35,SemiPublicBafroomSex,Non-Starter,Ryan Torain,NYG,RB|W/R/T
15,15.65,SemiPublicBafroomSex,Non-Starter,Kevin Walter,Hou,WR|W/R/T
15,0.0,SemiPublicBafroomSex,Non-Starter,Jerricho Cotchery,Car,WR|W/R/T
15,2.25,SemiPublicBafroomSex,Non-Starter,Correll Buckhalter,Den,RB|W/R/T
15,0.0,SemiPublicBafroomSex,Non-Starter,James Starks,GB,RB|W/R/T
15,11.0,SemiPublicBafroomSex,Starter,Philadelphia Eagles,Phi,DEF
16,13.68,SemiPublicBafroomSex,Starter,Sam Bradford,Ari,QB
16,17.4,SemiPublicBafroomSex,Starter,Mike Wallace,Phi,WR|W/R/T
16,11.05,SemiPublicBafroomSex,Starter,Roddy White,Atl,WR|W/R/T
16,9.45,SemiPublicBafroomSex,Starter,Ray Rice,Bal,RB|W/R/T
16,4.35,SemiPublicBafroomSex,Starter,Knowshon Moreno,Mia,RB|W/R/T
16,14.4,SemiPublicBafroomSex,Starter,Brandon Pettigrew,Det,TE|W/R/T
16,3.15,SemiPublicBafroomSex,Starter,Tim Hightower,NO,RB|W/R/T
16,1.44,SemiPublicBafroomSex,Non-Starter,Ryan Fitzpatrick,Was,QB
16,0.0,SemiPublicBafroomSex,Non-Starter,Chad Johnson,NE,WR|W/R/T
16,13.4,SemiPublicBafroomSex,Non-Starter,Ryan Torain,NYG,RB|W/R/T
16,1.65,SemiPublicBafroomSex,Non-Starter,Kevin Walter,Hou,WR|W/R/T
16,1.3,SemiPublicBafroomSex,Non-Starter,Jerricho Cotchery,Car,WR|W/R/T
16,21.95,SemiPublicBafroomSex,Non-Starter,Correll Buckhalter,Den,RB|W/R/T
16,0.0,SemiPublicBafroomSex,Non-Starter,James Starks,GB,RB|W/R/T
16,5.0,SemiPublicBafroomSex,Starter,Philadelphia Eagles,Phi,DEF
1,21.08,ClevelandAirMarshals,Starter,Jay Cutler,Mia,QB
1,12.75,ClevelandAirMarshals,Starter,Anquan Boldin,Det,WR|W/R/T
1,26.5,ClevelandAirMarshals,Starter,Hakeem Nicks,NYG,WR|W/R/T
1,10.85,ClevelandAirMarshals,Starter,Adrian Peterson,Sea,RB|W/R/T
1,16.85,ClevelandAirMarshals,Starter,Jahvid Best,Det,RB|W/R/T
1,5.7,ClevelandAirMarshals,Starter,Jermichael Finley,GB,TE|W/R/T
1,13.8,ClevelandAirMarshals,Starter,Ahmad Bradshaw,Ind,RB|W/R/T
1,1.55,ClevelandAirMarshals,Non-Starter,Dwayne Bowe,Cle,WR|W/R/T
1,0.55,ClevelandAirMarshals,Non-Starter,Bernard Berrian,Min,WR|W/R/T
1,0.0,ClevelandAirMarshals,Non-Starter,Laurence Maroney,NE,RB|W/R/T
1,15.16,ClevelandAirMarshals,Non-Starter,Vince Young,Phi,QB
1,0.0,ClevelandAirMarshals,Non-Starter,Kareem Huggins,TB,RB|W/R/T
1,3.8,ClevelandAirMarshals,Non-Starter,Louis Murphy,SF,WR|W/R/T
1,0.0,ClevelandAirMarshals,Non-Starter,Anthony Dixon,Buf,RB|W/R/T
1,5.0,ClevelandAirMarshals,Starter,Dallas,Dal,DEF
2,-2.16,ClevelandAirMarshals,Starter,Vince Young,Phi,QB
2,4.75,ClevelandAirMarshals,Starter,Anquan Boldin,Det,WR|W/R/T
2,5.5,ClevelandAirMarshals,Starter,Dwayne Bowe,Cle,WR|W/R/T
2,25.85,ClevelandAirMarshals,Starter,Adrian Peterson,Sea,RB|W/R/T
2,43.45,ClevelandAirMarshals,Starter,Jahvid Best,Det,RB|W/R/T
2,11.3,ClevelandAirMarshals,Starter,Jermichael Finley,GB,TE|W/R/T
2,8.9,ClevelandAirMarshals,Starter,Ahmad Bradshaw,Ind,RB|W/R/T
2,23.38,ClevelandAirMarshals,Non-Starter,Jay Cutler,Mia,QB
2,10.3,ClevelandAirMarshals,Non-Starter,Hakeem Nicks,NYG,WR|W/R/T
2,2.9,ClevelandAirMarshals,Non-Starter,Bernard Berrian,Min,WR|W/R/T
2,0.0,ClevelandAirMarshals,Non-Starter,Laurence Maroney,NE,RB|W/R/T
2,0.0,ClevelandAirMarshals,Non-Starter,Kareem Huggins,TB,RB|W/R/T
2,16.6,ClevelandAirMarshals,Non-Starter,Louis Murphy,SF,WR|W/R/T
2,6.2,ClevelandAirMarshals,Non-Starter,Anthony Dixon,Buf,RB|W/R/T
2,7.0,ClevelandAirMarshals,Starter,Dallas,Dal,DEF
3,14.54,ClevelandAirMarshals,Starter,Jay Cutler,Mia,QB
3,33.96,ClevelandAirMarshals,Starter,Anquan Boldin,Det,WR|W/R/T
3,7.35,ClevelandAirMarshals,Starter,Hakeem Nicks,NYG,WR|W/R/T
3,32.25,ClevelandAirMarshals,Starter,Adrian Peterson,Sea,RB|W/R/T
3,4.4,ClevelandAirMarshals,Starter,Jahvid Best,Det,RB|W/R/T
3,13.75,ClevelandAirMarshals,Starter,Jermichael Finley,GB,TE|W/R/T
3,17.05,ClevelandAirMarshals,Starter,Ahmad Bradshaw,Ind,RB|W/R/T
3,13.15,ClevelandAirMarshals,Non-Starter,Louis Murphy,SF,WR|W/R/T
3,9.32,ClevelandAirMarshals,Non-Starter,Vince Young,Phi,QB
3,12.6,ClevelandAirMarshals,Non-Starter,Dwayne Bowe,Cle,WR|W/R/T
3,1.6,ClevelandAirMarshals,Non-Starter,Bernard Berrian,Min,WR|W/R/T
3,6.9,ClevelandAirMarshals,Non-Starter,Laurence Maroney,NE,RB|W/R/T
3,0.0,ClevelandAirMarshals,Non-Starter,Anthony Dixon,Buf,RB|W/R/T
3,9.75,ClevelandAirMarshals,Non-Starter,Mark Clayton,LAR,WR|W/R/T
3,3.0,ClevelandAirMarshals,Starter,Tampa Bay Buccaneers,TB,DEF
4,-2.32,ClevelandAirMarshals,Starter,Jay Cutler,Mia,QB
4,8.85,ClevelandAirMarshals,Starter,Anquan Boldin,Det,WR|W/R/T
4,13.0,ClevelandAirMarshals,Starter,Hakeem Nicks,NYG,WR|W/R/T
4,18.8,ClevelandAirMarshals,Starter,Ahmad Bradshaw,Ind,RB|W/R/T
4,3.9,ClevelandAirMarshals,Starter,John Kuhn,NO,RB|W/R/T
4,10.6,ClevelandAirMarshals,Starter,Jermichael Finley,GB,TE|W/R/T
4,9.05,ClevelandAirMarshals,Starter,Mark Clayton,LAR,WR|W/R/T
4,2.0,ClevelandAirMarshals,Non-Starter,Laurence Maroney,NE,RB|W/R/T
4,0.75,ClevelandAirMarshals,Non-Starter,Louis Murphy,SF,WR|W/R/T
4,7.65,ClevelandAirMarshals,Non-Starter,Jahvid Best,Det,RB|W/R/T
4,0.0,ClevelandAirMarshals,Non-Starter,Adrian Peterson,Sea,RB|W/R/T
4,12.72,ClevelandAirMarshals,Non-Starter,Vince Young,Phi,QB
4,0.0,ClevelandAirMarshals,Non-Starter,Dwayne Bowe,Cle,WR|W/R/T
4,0.0,ClevelandAirMarshals,Non-Starter,Bernard Berrian,Min,WR|W/R/T
4,14.0,ClevelandAirMarshals,Starter,Tennessee Titans,Ten,DEF
5,17.12,ClevelandAirMarshals,Starter,Vince Young,Phi,QB
5,1.05,ClevelandAirMarshals,Starter,Anquan Boldin,Det,WR|W/R/T
5,28.0,ClevelandAirMarshals,Starter,Hakeem Nicks,NYG,WR|W/R/T
5,9.65,ClevelandAirMarshals,Starter,Ahmad Bradshaw,Ind,RB|W/R/T
5,11.4,ClevelandAirMarshals,Starter,Jahvid Best,Det,RB|W/R/T
5,0.0,ClevelandAirMarshals,Starter,Jermichael Finley,GB,TE|W/R/T
5,11.05,ClevelandAirMarshals,Starter,Adrian Peterson,Sea,RB|W/R/T
5,0.0,ClevelandAirMarshals,Non-Starter,Jay Cutler,Mia,QB
5,2.2,ClevelandAirMarshals,Non-Starter,John Kuhn,NO,RB|W/R/T
5,0.85,ClevelandAirMarshals,Non-Starter,Mark Clayton,LAR,WR|W/R/T
5,6.6,ClevelandAirMarshals,Non-Starter,Louis Murphy,SF,WR|W/R/T
5,3.8,ClevelandAirMarshals,Non-Starter,Dwayne Bowe,Cle,WR|W/R/T
5,13.7,ClevelandAirMarshals,Non-Starter,Zach Miller,Sea,TE|W/R/T
5,16.66,ClevelandAirMarshals,Non-Starter,Brett Favre,Min,QB
5,12.0,ClevelandAirMarshals,Starter,Tennessee Titans,Ten,DEF
6,6.44,ClevelandAirMarshals,Starter,Vince Young,Phi,QB
6,13.2,ClevelandAirMarshals,Starter,Anquan Boldin,Det,WR|W/R/T
6,1.55,ClevelandAirMarshals,Starter,Hakeem Nicks,NYG,WR|W/R/T
6,14.8,ClevelandAirMarshals,Starter,Ahmad Bradshaw,Ind,RB|W/R/T
6,6.2,ClevelandAirMarshals,Starter,Jahvid Best,Det,RB|W/R/T
6,5.3,ClevelandAirMarshals,Starter,Zach Miller,Sea,TE|W/R/T
6,13.35,ClevelandAirMarshals,Starter,Adrian Peterson,Sea,RB|W/R/T
6,13.5,ClevelandAirMarshals,Non-Starter,Jay Cutler,Mia,QB
6,4.95,ClevelandAirMarshals,Non-Starter,Louis Murphy,SF,WR|W/R/T
6,24.3,ClevelandAirMarshals,Non-Starter,Dwayne Bowe,Cle,WR|W/R/T
6,6.72,ClevelandAirMarshals,Non-Starter,Brett Favre,Min,QB
6,10.8,ClevelandAirMarshals,Non-Starter,Mike Thomas,Det,WR|W/R/T
6,0.0,ClevelandAirMarshals,Non-Starter,Earnest Graham,TB,RB|W/R/T
6,8.85,ClevelandAirMarshals,Non-Starter,Ladell Betts,NO,RB|W/R/T
6,17.0,ClevelandAirMarshals,Starter,Tennessee Titans,Ten,DEF
7,5.24,ClevelandAirMarshals,Starter,Jay Cutler,Mia,QB
7,16.7,ClevelandAirMarshals,Starter,Anquan Boldin,Det,WR|W/R/T
7,25.05,ClevelandAirMarshals,Starter,Hakeem Nicks,NYG,WR|W/R/T
7,12.3,ClevelandAirMarshals,Starter,Ahmad Bradshaw,Ind,RB|W/R/T
7,23.7,ClevelandAirMarshals,Starter,Adrian Peterson,Sea,RB|W/R/T
7,13.25,ClevelandAirMarshals,Starter,Zach Miller,Sea,TE|W/R/T
7,20.85,ClevelandAirMarshals,Starter,Dwayne Bowe,Cle,WR|W/R/T
7,6.48,ClevelandAirMarshals,Non-Starter,Brett Favre,Min,QB
7,0.0,ClevelandAirMarshals,Non-Starter,Jahvid Best,Det,RB|W/R/T
7,3.4,ClevelandAirMarshals,Non-Starter,Louis Murphy,SF,WR|W/R/T
7,-2.0,ClevelandAirMarshals,Non-Starter,Mike Thomas,Det,WR|W/R/T
7,17.45,ClevelandAirMarshals,Non-Starter,Mike Williams,Sea,WR|W/R/T
7,3.8,ClevelandAirMarshals,Non-Starter,Robert Meachem,NO,WR|W/R/T
7,0.0,ClevelandAirMarshals,Non-Starter,Donald Brown,LAC,RB|W/R/T
7,16.0,ClevelandAirMarshals,Starter,Tennessee Titans,Ten,DEF
8,24.48,ClevelandAirMarshals,Starter,Matthew Stafford,LAR,QB
8,8.75,ClevelandAirMarshals,Starter,Dwayne Bowe,Cle,WR|W/R/T
8,2.95,ClevelandAirMarshals,Starter,Mike Williams,Sea,WR|W/R/T
8,21.45,ClevelandAirMarshals,Starter,Adrian Peterson,Sea,RB|W/R/T
8,9.15,ClevelandAirMarshals,Starter,Jahvid Best,Det,RB|W/R/T
8,1.05,ClevelandAirMarshals,Starter,Zach Miller,Sea,TE|W/R/T
8,11.05,ClevelandAirMarshals,Starter,Mike Hart,Ind,RB|W/R/T
8,3.4,ClevelandAirMarshals,Non-Starter,Donald Brown,LAC,RB|W/R/T
8,8.25,ClevelandAirMarshals,Non-Starter,Fred Jackson,Sea,RB|W/R/T
8,0.0,ClevelandAirMarshals,Non-Starter,Jay Cutler,Mia,QB
8,0.0,ClevelandAirMarshals,Non-Starter,Anquan Boldin,Det,WR|W/R/T
8,0.0,ClevelandAirMarshals,Non-Starter,Hakeem Nicks,NYG,WR|W/R/T
8,0.0,ClevelandAirMarshals,Non-Starter,Ahmad Bradshaw,Ind,RB|W/R/T
8,9.1,ClevelandAirMarshals,Non-Starter,Robert Meachem,NO,WR|W/R/T
8,6.0,ClevelandAirMarshals,Starter,Tennessee Titans,Ten,DEF
9,19.42,ClevelandAirMarshals,Starter,Jay Cutler,Mia,QB
9,3.3,ClevelandAirMarshals,Starter,Anquan Boldin,Det,WR|W/R/T
9,20.3,ClevelandAirMarshals,Starter,Hakeem Nicks,NYG,WR|W/R/T
9,27.4,ClevelandAirMarshals,Starter,Adrian Peterson,Sea,RB|W/R/T
9,22.2,ClevelandAirMarshals,Starter,Ahmad Bradshaw,Ind,RB|W/R/T
9,19.55,ClevelandAirMarshals,Starter,Jacob Tamme,Atl,TE|W/R/T
9,13.55,ClevelandAirMarshals,Starter,Dwayne Bowe,Cle,WR|W/R/T
9,24.7,ClevelandAirMarshals,Non-Starter,Matthew Stafford,LAR,QB
9,3.0,ClevelandAirMarshals,Non-Starter,Mike Williams,Sea,WR|W/R/T
9,0.0,ClevelandAirMarshals,Non-Starter,Zach Miller,Sea,TE|W/R/T
9,10.05,ClevelandAirMarshals,Non-Starter,Jahvid Best,Det,RB|W/R/T
9,2.0,ClevelandAirMarshals,Non-Starter,Robert Meachem,NO,WR|W/R/T
9,8.85,ClevelandAirMarshals,Non-Starter,Fred Jackson,Sea,RB|W/R/T
9,5.0,ClevelandAirMarshals,Starter,Atlanta Falcons,Atl,DEF
9,0.0,ClevelandAirMarshals,Non-Starter,Tennessee Titans,Ten,DEF
10,25.18,ClevelandAirMarshals,Starter,David Garrard,NYJ,QB
10,12.25,ClevelandAirMarshals,Starter,Anquan Boldin,Det,WR|W/R/T
10,9.45,ClevelandAirMarshals,Starter,Hakeem Nicks,NYG,WR|W/R/T
10,8.5,ClevelandAirMarshals,Starter,Adrian Peterson,Sea,RB|W/R/T
10,15.0,ClevelandAirMarshals,Starter,Ahmad Bradshaw,Ind,RB|W/R/T
10,9.05,ClevelandAirMarshals,Starter,Jacob Tamme,Atl,TE|W/R/T
10,4.9,ClevelandAirMarshals,Starter,Jahvid Best,Det,RB|W/R/T
10,28.5,ClevelandAirMarshals,Non-Starter,Fred Jackson,Sea,RB|W/R/T
10,19.88,ClevelandAirMarshals,Non-Starter,Jay Cutler,Mia,QB
10,33.85,ClevelandAirMarshals,Non-Starter,Dwayne Bowe,Cle,WR|W/R/T
10,17.25,ClevelandAirMarshals,Non-Starter,Mike Williams,Sea,WR|W/R/T
10,0.0,ClevelandAirMarshals,Non-Starter,Zach Miller,Sea,TE|W/R/T
10,0.0,ClevelandAirMarshals,Non-Starter,James Jones,GB,WR|W/R/T
10,15.02,ClevelandAirMarshals,Non-Starter,Shaun Hill,Min,QB
10,2.0,ClevelandAirMarshals,Starter,Tennessee Titans,Ten,DEF
11,17.56,ClevelandAirMarshals,Starter,Shaun Hill,Min,QB
11,8.0,ClevelandAirMarshals,Starter,Hakeem Nicks,NYG,WR|W/R/T
11,24.4,ClevelandAirMarshals,Starter,Dwayne Bowe,Cle,WR|W/R/T
11,9.05,ClevelandAirMarshals,Starter,Adrian Peterson,Sea,RB|W/R/T
11,0.9,ClevelandAirMarshals,Starter,Ahmad Bradshaw,Ind,RB|W/R/T
11,7.75,ClevelandAirMarshals,Starter,Jacob Tamme,Atl,TE|W/R/T
11,25.65,ClevelandAirMarshals,Starter,Fred Jackson,Sea,RB|W/R/T
11,1.65,ClevelandAirMarshals,Non-Starter,Anquan Boldin,Det,WR|W/R/T
11,7.04,ClevelandAirMarshals,Non-Starter,Jay Cutler,Mia,QB
11,11.06,ClevelandAirMarshals,Non-Starter,David Garrard,NYJ,QB
11,1.4,ClevelandAirMarshals,Non-Starter,Zach Miller,Sea,TE|W/R/T
11,2.7,ClevelandAirMarshals,Non-Starter,Jahvid Best,Det,RB|W/R/T
11,12.4,ClevelandAirMarshals,Non-Starter,Mike Williams,Sea,WR|W/R/T
11,11.85,ClevelandAirMarshals,Non-Starter,James Jones,GB,WR|W/R/T
11,12.0,ClevelandAirMarshals,Starter,Tennessee Titans,Ten,DEF
12,13.7,ClevelandAirMarshals,Starter,Shaun Hill,Min,QB
12,38.25,ClevelandAirMarshals,Starter,Dwayne Bowe,Cle,WR|W/R/T
12,3.45,ClevelandAirMarshals,Starter,Anquan Boldin,Det,WR|W/R/T
12,13.25,ClevelandAirMarshals,Starter,Adrian Peterson,Sea,RB|W/R/T
12,11.3,ClevelandAirMarshals,Starter,Ahmad Bradshaw,Ind,RB|W/R/T
12,14.15,ClevelandAirMarshals,Starter,Jacob Tamme,Atl,TE|W/R/T
12,5.65,ClevelandAirMarshals,Starter,James Jones,GB,WR|W/R/T
12,23.55,ClevelandAirMarshals,Non-Starter,Fred Jackson,Sea,RB|W/R/T
12,0.0,ClevelandAirMarshals,Non-Starter,Hakeem Nicks,NYG,WR|W/R/T
12,27.58,ClevelandAirMarshals,Non-Starter,Jay Cutler,Mia,QB
12,12.58,ClevelandAirMarshals,Non-Starter,David Garrard,NYJ,QB
12,0.85,ClevelandAirMarshals,Non-Starter,Zach Miller,Sea,TE|W/R/T
12,0.0,ClevelandAirMarshals,Non-Starter,Jahvid Best,Det,RB|W/R/T
12,0.0,ClevelandAirMarshals,Non-Starter,Mike Williams,Sea,WR|W/R/T
12,10.0,ClevelandAirMarshals,Starter,Las Vegas Raiders,LV,DEF
13,12.56,ClevelandAirMarshals,Starter,Jay Cutler,Mia,QB
13,0.0,ClevelandAirMarshals,Starter,Dwayne Bowe,Cle,WR|W/R/T
13,19.05,ClevelandAirMarshals,Starter,Anquan Boldin,Det,WR|W/R/T
13,22.75,ClevelandAirMarshals,Starter,Ahmad Bradshaw,Ind,RB|W/R/T
13,29.05,ClevelandAirMarshals,Starter,Adrian Peterson,Sea,RB|W/R/T
13,5.7,ClevelandAirMarshals,Starter,Jacob Tamme,Atl,TE|W/R/T
13,5.05,ClevelandAirMarshals,Starter,Fred Jackson,Sea,RB|W/R/T
13,5.45,ClevelandAirMarshals,Non-Starter,Toby Gerhart,Jax,RB|W/R/T
13,1.3,ClevelandAirMarshals,Non-Starter,James Jones,GB,WR|W/R/T
13,0.0,ClevelandAirMarshals,Non-Starter,Hakeem Nicks,NYG,WR|W/R/T
13,12.94,ClevelandAirMarshals,Non-Starter,David Garrard,NYJ,QB
13,9.95,ClevelandAirMarshals,Non-Starter,Jahvid Best,Det,RB|W/R/T
13,0.0,ClevelandAirMarshals,Non-Starter,Mike Williams,Sea,WR|W/R/T
13,4.25,ClevelandAirMarshals,Non-Starter,Maurice Morris,Det,RB|W/R/T
13,15.0,ClevelandAirMarshals,Starter,Los Angeles Rams,LAR,DEF
14,19.56,ClevelandAirMarshals,Starter,David Garrard,NYJ,QB
14,4.85,ClevelandAirMarshals,Starter,Anquan Boldin,Det,WR|W/R/T
14,0.55,ClevelandAirMarshals,Starter,Dwayne Bowe,Cle,WR|W/R/T
14,18.75,ClevelandAirMarshals,Starter,Ahmad Bradshaw,Ind,RB|W/R/T
14,2.6,ClevelandAirMarshals,Starter,Adrian Peterson,Sea,RB|W/R/T
14,4.6,ClevelandAirMarshals,Starter,Jacob Tamme,Atl,TE|W/R/T
14,11.75,ClevelandAirMarshals,Starter,Fred Jackson,Sea,RB|W/R/T
14,3.55,ClevelandAirMarshals,Non-Starter,Tashard Choice,Ind,RB|W/R/T
14,11.35,ClevelandAirMarshals,Non-Starter,Hakeem Nicks,NYG,WR|W/R/T
14,2.18,ClevelandAirMarshals,Non-Starter,Jay Cutler,Mia,QB
14,1.45,ClevelandAirMarshals,Non-Starter,Toby Gerhart,Jax,RB|W/R/T
14,4.45,ClevelandAirMarshals,Non-Starter,Jahvid Best,Det,RB|W/R/T
14,0.0,ClevelandAirMarshals,Non-Starter,Mike Williams,Sea,WR|W/R/T
14,7.05,ClevelandAirMarshals,Non-Starter,Anthony Dixon,Buf,RB|W/R/T
14,13.0,ClevelandAirMarshals,Starter,Atlanta Falcons,Atl,DEF
15,21.3,ClevelandAirMarshals,Starter,Jon Kitna,Dal,QB
15,13.8,ClevelandAirMarshals,Starter,Hakeem Nicks,NYG,WR|W/R/T
15,8.6,ClevelandAirMarshals,Starter,Mike Williams,Sea,WR|W/R/T
15,8.5,ClevelandAirMarshals,Starter,Ahmad Bradshaw,Ind,RB|W/R/T
15,8.25,ClevelandAirMarshals,Starter,Toby Gerhart,Jax,RB|W/R/T
15,5.15,ClevelandAirMarshals,Starter,Jacob Tamme,Atl,TE|W/R/T
15,3.6,ClevelandAirMarshals,Starter,Fred Jackson,Sea,RB|W/R/T
15,0.0,ClevelandAirMarshals,Non-Starter,Adrian Peterson,Sea,RB|W/R/T
15,5.8,ClevelandAirMarshals,Non-Starter,Dwayne Bowe,Cle,WR|W/R/T
15,18.56,ClevelandAirMarshals,Non-Starter,David Garrard,NYJ,QB
15,0.45,ClevelandAirMarshals,Non-Starter,Anquan Boldin,Det,WR|W/R/T
15,15.4,ClevelandAirMarshals,Non-Starter,Tashard Choice,Ind,RB|W/R/T
15,1.2,ClevelandAirMarshals,Non-Starter,Jahvid Best,Det,RB|W/R/T
15,3.75,ClevelandAirMarshals,Non-Starter,Anthony Dixon,Buf,RB|W/R/T
15,6.0,ClevelandAirMarshals,Starter,Las Vegas Raiders,LV,DEF
16,21.86,ClevelandAirMarshals,Starter,David Garrard,NYJ,QB
16,16.3,ClevelandAirMarshals,Starter,Hakeem Nicks,NYG,WR|W/R/T
16,22.8,ClevelandAirMarshals,Starter,Dwayne Bowe,Cle,WR|W/R/T
16,6.45,ClevelandAirMarshals,Starter,Ahmad Bradshaw,Ind,RB|W/R/T
16,7.1,ClevelandAirMarshals,Starter,Rashad Jennings,NYG,RB|W/R/T
16,15.55,ClevelandAirMarshals,Starter,Jacob Tamme,Atl,TE|W/R/T
16,17.15,ClevelandAirMarshals,Starter,Adrian Peterson,Sea,RB|W/R/T
16,2.0,ClevelandAirMarshals,Non-Starter,Mike Williams,Sea,WR|W/R/T
16,3.95,ClevelandAirMarshals,Non-Starter,Tashard Choice,Ind,RB|W/R/T
16,9.7,ClevelandAirMarshals,Non-Starter,Fred Jackson,Sea,RB|W/R/T
16,2.0,ClevelandAirMarshals,Non-Starter,Anquan Boldin,Det,WR|W/R/T
16,0.6,ClevelandAirMarshals,Non-Starter,Toby Gerhart,Jax,RB|W/R/T
16,13.95,ClevelandAirMarshals,Non-Starter,Jahvid Best,Det,RB|W/R/T
16,1.7,ClevelandAirMarshals,Non-Starter,Anthony Dixon,Buf,RB|W/R/T
16,11.0,ClevelandAirMarshals,Starter,Los Angeles Rams,LAR,DEF
1,20.42,Cock Salad,Starter,Philip Rivers,Ind,QB
1,5.5,Cock Salad,Starter,Calvin Johnson,Det,WR|W/R/T
1,23.1,Cock Salad,Starter,Miles Austin,Phi,WR|W/R/T
1,5.95,Cock Salad,Starter,Ryan Mathews,Phi,RB|W/R/T
1,20.0,Cock Salad,Starter,Rashard Mendenhall,Ari,RB|W/R/T
1,16.75,Cock Salad,Starter,Dallas Clark,Bal,TE|W/R/T
1,7.0,Cock Salad,Starter,Brandon Jacobs,NYG,RB|W/R/T
1,10.25,Cock Salad,Non-Starter,Mike Williams,Buf,WR|W/R/T
1,14.95,Cock Salad,Non-Starter,Steve Breaston,KC,WR|W/R/T
1,3.46,Cock Salad,Non-Starter,Mark Sanchez,Was,QB
1,5.75,Cock Salad,Non-Starter,Bernard Scott,Bal,RB|W/R/T
1,2.85,Cock Salad,Non-Starter,Roy Williams,Chi,WR|W/R/T
1,0.0,Cock Salad,Non-Starter,Devin Thomas,NYG,WR|W/R/T
1,0.0,Cock Salad,Non-Starter,Golden Tate,Ten,WR|W/R/T
1,2.0,Cock Salad,Starter,Minnesota Vikings,Min,DEF
2,21.36,Cock Salad,Starter,Philip Rivers,Ind,QB
2,14.0,Cock Salad,Starter,Calvin Johnson,Det,WR|W/R/T
2,16.7,Cock Salad,Starter,Miles Austin,Phi,WR|W/R/T
2,4.0,Cock Salad,Starter,Ryan Mathews,Phi,RB|W/R/T
2,7.45,Cock Salad,Starter,Rashard Mendenhall,Ari,RB|W/R/T
2,15.55,Cock Salad,Starter,Dallas Clark,Bal,TE|W/R/T
2,0.8,Cock Salad,Starter,Brandon Jacobs,NYG,RB|W/R/T
2,11.9,Cock Salad,Non-Starter,Mike Williams,Buf,WR|W/R/T
2,1.75,Cock Salad,Non-Starter,Steve Breaston,KC,WR|W/R/T
2,23.0,Cock Salad,Non-Starter,Mark Sanchez,Was,QB
2,1.7,Cock Salad,Non-Starter,Bernard Scott,Bal,RB|W/R/T
2,4.3,Cock Salad,Non-Starter,Roy Williams,Chi,WR|W/R/T
2,0.0,Cock Salad,Non-Starter,Devin Thomas,NYG,WR|W/R/T
2,5.45,Cock Salad,Non-Starter,Golden Tate,Ten,WR|W/R/T
2,10.0,Cock Salad,Starter,Minnesota Vikings,Min,DEF
3,24.4,Cock Salad,Starter,Philip Rivers,Ind,QB
3,7.3,Cock Salad,Starter,Calvin Johnson,Det,WR|W/R/T
3,2.5,Cock Salad,Starter,Miles Austin,Phi,WR|W/R/T
3,20.3,Cock Salad,Starter,Rashard Mendenhall,Ari,RB|W/R/T
3,2.05,Cock Salad,Starter,Brandon Jacobs,NYG,RB|W/R/T
3,5.65,Cock Salad,Starter,Dallas Clark,Bal,TE|W/R/T
3,4.75,Cock Salad,Starter,Mike Williams,Buf,WR|W/R/T
3,0.0,Cock Salad,Non-Starter,Ryan Mathews,Phi,RB|W/R/T
3,11.5,Cock Salad,Non-Starter,Steve Breaston,KC,WR|W/R/T
3,22.14,Cock Salad,Non-Starter,Mark Sanchez,Was,QB
3,1.5,Cock Salad,Non-Starter,Bernard Scott,Bal,RB|W/R/T
3,24.95,Cock Salad,Non-Starter,Roy Williams,Chi,WR|W/R/T
3,0.0,Cock Salad,Non-Starter,Devin Thomas,NYG,WR|W/R/T
3,4.3,Cock Salad,Non-Starter,Golden Tate,Ten,WR|W/R/T
3,11.0,Cock Salad,Starter,Minnesota Vikings,Min,DEF
4,17.64,Cock Salad,Starter,Philip Rivers,Ind,QB
4,22.3,Cock Salad,Starter,Calvin Johnson,Det,WR|W/R/T
4,3.85,Cock Salad,Starter,Golden Tate,Ten,WR|W/R/T
4,21.3,Cock Salad,Starter,Rashard Mendenhall,Ari,RB|W/R/T
4,12.85,Cock Salad,Starter,Brandon Jacobs,NYG,RB|W/R/T
4,14.55,Cock Salad,Starter,Dallas Clark,Bal,TE|W/R/T
4,5.2,Cock Salad,Starter,Nate Washington,Hou,WR|W/R/T
4,0.0,Cock Salad,Non-Starter,Mike Williams,Buf,WR|W/R/T
4,0.0,Cock Salad,Non-Starter,Miles Austin,Phi,WR|W/R/T
4,13.05,Cock Salad,Non-Starter,Ryan Mathews,Phi,RB|W/R/T
4,0.0,Cock Salad,Non-Starter,Steve Breaston,KC,WR|W/R/T
4,14.44,Cock Salad,Non-Starter,Mark Sanchez,Was,QB
4,0.7,Cock Salad,Non-Starter,Bernard Scott,Bal,RB|W/R/T
4,0.0,Cock Salad,Non-Starter,Roy Williams,Chi,WR|W/R/T
4,0.0,Cock Salad,Starter,Minnesota Vikings,Min,DEF
5,22.64,Cock Salad,Starter,Philip Rivers,Ind,QB
5,12.4,Cock Salad,Starter,Calvin Johnson,Det,WR|W/R/T
5,25.25,Cock Salad,Starter,Miles Austin,Phi,WR|W/R/T
5,10.1,Cock Salad,Starter,Brandon Jacobs,NYG,RB|W/R/T
5,6.15,Cock Salad,Starter,Ryan Mathews,Phi,RB|W/R/T
5,2.75,Cock Salad,Starter,Dallas Clark,Bal,TE|W/R/T
5,8.65,Cock Salad,Starter,Nate Washington,Hou,WR|W/R/T
5,0.0,Cock Salad,Non-Starter,Golden Tate,Ten,WR|W/R/T
5,0.0,Cock Salad,Non-Starter,Rashard Mendenhall,Ari,RB|W/R/T
5,15.65,Cock Salad,Non-Starter,Mike Williams,Buf,WR|W/R/T
5,0.0,Cock Salad,Non-Starter,Steve Breaston,KC,WR|W/R/T
5,7.64,Cock Salad,Non-Starter,Mark Sanchez,Was,QB
5,-1.6,Cock Salad,Non-Starter,Bernard Scott,Bal,RB|W/R/T
5,16.2,Cock Salad,Non-Starter,Roy Williams,Chi,WR|W/R/T
5,2.0,Cock Salad,Starter,Minnesota Vikings,Min,DEF
6,11.96,Cock Salad,Starter,Philip Rivers,Ind,QB
6,21.85,Cock Salad,Starter,Calvin Johnson,Det,WR|W/R/T
6,1.7,Cock Salad,Starter,Miles Austin,Phi,WR|W/R/T
6,15.5,Cock Salad,Starter,Brandon Jacobs,NYG,RB|W/R/T
6,16.65,Cock Salad,Starter,Rashard Mendenhall,Ari,RB|W/R/T
6,6.7,Cock Salad,Starter,Dallas Clark,Bal,TE|W/R/T
6,1.15,Cock Salad,Starter,Nate Washington,Hou,WR|W/R/T
6,8.35,Cock Salad,Non-Starter,Ryan Mathews,Phi,RB|W/R/T
6,0.0,Cock Salad,Non-Starter,Golden Tate,Ten,WR|W/R/T
6,5.5,Cock Salad,Non-Starter,Mike Williams,Buf,WR|W/R/T
6,0.0,Cock Salad,Non-Starter,Steve Breaston,KC,WR|W/R/T
6,7.82,Cock Salad,Non-Starter,Mark Sanchez,Was,QB
6,0.0,Cock Salad,Non-Starter,Bernard Scott,Bal,RB|W/R/T
6,15.55,Cock Salad,Non-Starter,Roy Williams,Chi,WR|W/R/T
6,10.0,Cock Salad,Starter,Minnesota Vikings,Min,DEF
7,14.34,Cock Salad,Starter,Philip Rivers,Ind,QB
7,4.55,Cock Salad,Starter,Miles Austin,Phi,WR|W/R/T
7,0.0,Cock Salad,Starter,Roy Williams,Chi,WR|W/R/T
7,11.5,Cock Salad,Starter,Brandon Jacobs,NYG,RB|W/R/T
7,4.55,Cock Salad,Starter,Rashard Mendenhall,Ari,RB|W/R/T
7,2.05,Cock Salad,Starter,Benjamin Watson,NE,TE|W/R/T
7,0.95,Cock Salad,Starter,Nate Washington,Hou,WR|W/R/T
7,0.0,Cock Salad,Non-Starter,Dallas Clark,Bal,TE|W/R/T
7,0.0,Cock Salad,Non-Starter,Calvin Johnson,Det,WR|W/R/T
7,2.7,Cock Salad,Non-Starter,Ryan Mathews,Phi,RB|W/R/T
7,0.0,Cock Salad,Non-Starter,Golden Tate,Ten,WR|W/R/T
7,9.45,Cock Salad,Non-Starter,Mike Williams,Buf,WR|W/R/T
7,0.0,Cock Salad,Non-Starter,Steve Breaston,KC,WR|W/R/T
7,0.0,Cock Salad,Non-Starter,Mark Sanchez,Was,QB
7,4.0,Cock Salad,Starter,Minnesota Vikings,Min,DEF
8,18.5,Cock Salad,Starter,Philip Rivers,Ind,QB
8,13.45,Cock Salad,Starter,Miles Austin,Phi,WR|W/R/T
8,2.35,Cock Salad,Starter,Roy Williams,Chi,WR|W/R/T
8,0.0,Cock Salad,Starter,Brandon Jacobs,NYG,RB|W/R/T
8,15.0,Cock Salad,Starter,Rashard Mendenhall,Ari,RB|W/R/T
8,0.0,Cock Salad,Starter,Benjamin Watson,NE,TE|W/R/T
8,18.7,Cock Salad,Starter,Nate Washington,Hou,WR|W/R/T
8,0.0,Cock Salad,Non-Starter,Dallas Clark,Bal,TE|W/R/T
8,30.35,Cock Salad,Non-Starter,Calvin Johnson,Det,WR|W/R/T
8,12.15,Cock Salad,Non-Starter,Ryan Mathews,Phi,RB|W/R/T
8,4.1,Cock Salad,Non-Starter,Golden Tate,Ten,WR|W/R/T
8,17.5,Cock Salad,Non-Starter,Mike Williams,Buf,WR|W/R/T
8,18.1,Cock Salad,Non-Starter,Steve Breaston,KC,WR|W/R/T
8,8.44,Cock Salad,Non-Starter,Mark Sanchez,Was,QB
8,-1.0,Cock Salad,Starter,Minnesota Vikings,Min,DEF
9,25.1,Cock Salad,Starter,Philip Rivers,Ind,QB
9,2.1,Cock Salad,Starter,Miles Austin,Phi,WR|W/R/T
9,0.85,Cock Salad,Starter,Roy Williams,Chi,WR|W/R/T
9,7.8,Cock Salad,Starter,Brandon Jacobs,NYG,RB|W/R/T
9,19.75,Cock Salad,Starter,Rashard Mendenhall,Ari,RB|W/R/T
9,2.65,Cock Salad,Starter,Benjamin Watson,NE,TE|W/R/T
9,15.9,Cock Salad,Starter,Mike Williams,Buf,WR|W/R/T
9,0.0,Cock Salad,Non-Starter,Nate Washington,Hou,WR|W/R/T
9,0.0,Cock Salad,Non-Starter,Dallas Clark,Bal,TE|W/R/T
9,1.55,Cock Salad,Non-Starter,Calvin Johnson,Det,WR|W/R/T
9,4.5,Cock Salad,Non-Starter,Ryan Mathews,Phi,RB|W/R/T
9,0.0,Cock Salad,Non-Starter,Golden Tate,Ten,WR|W/R/T
9,4.23,Cock Salad,Non-Starter,Steve Breaston,KC,WR|W/R/T
9,21.54,Cock Salad,Non-Starter,Mark Sanchez,Was,QB
9,9.0,Cock Salad,Starter,Minnesota Vikings,Min,DEF
10,24.36,Cock Salad,Starter,Mark Sanchez,Was,QB
10,13.3,Cock Salad,Starter,Miles Austin,Phi,WR|W/R/T
10,9.35,Cock Salad,Starter,Nate Washington,Hou,WR|W/R/T
10,3.3,Cock Salad,Starter,Brandon Jacobs,NYG,RB|W/R/T
10,6.0,Cock Salad,Starter,Rashard Mendenhall,Ari,RB|W/R/T
10,8.65,Cock Salad,Starter,Benjamin Watson,NE,TE|W/R/T
10,7.8,Cock Salad,Starter,Mike Williams,Buf,WR|W/R/T
10,3.8,Cock Salad,Non-Starter,Roy Williams,Chi,WR|W/R/T
10,0.0,Cock Salad,Non-Starter,Philip Rivers,Ind,QB
10,0.0,Cock Salad,Non-Starter,Dallas Clark,Bal,TE|W/R/T
10,21.3,Cock Salad,Non-Starter,Calvin Johnson,Det,WR|W/R/T
10,0.0,Cock Salad,Non-Starter,Ryan Mathews,Phi,RB|W/R/T
10,0.0,Cock Salad,Non-Starter,Golden Tate,Ten,WR|W/R/T
10,10.8,Cock Salad,Non-Starter,Steve Breaston,KC,WR|W/R/T
10,6.0,Cock Salad,Starter,Minnesota Vikings,Min,DEF
11,23.92,Cock Salad,Starter,Philip Rivers,Ind,QB
11,13.2,Cock Salad,Starter,Miles Austin,Phi,WR|W/R/T
11,12.95,Cock Salad,Starter,Nate Washington,Hou,WR|W/R/T
11,3.45,Cock Salad,Starter,Brandon Jacobs,NYG,RB|W/R/T
11,9.9,Cock Salad,Starter,Rashard Mendenhall,Ari,RB|W/R/T
11,0.0,Cock Salad,Starter,Benjamin Watson,NE,TE|W/R/T
11,12.15,Cock Salad,Starter,Mike Williams,Buf,WR|W/R/T
11,24.8,Cock Salad,Non-Starter,Mark Sanchez,Was,QB
11,2.5,Cock Salad,Non-Starter,Roy Williams,Chi,WR|W/R/T
11,0.0,Cock Salad,Non-Starter,Dallas Clark,Bal,TE|W/R/T
11,12.1,Cock Salad,Non-Starter,Calvin Johnson,Det,WR|W/R/T
11,0.0,Cock Salad,Non-Starter,Ryan Mathews,Phi,RB|W/R/T
11,0.0,Cock Salad,Non-Starter,Golden Tate,Ten,WR|W/R/T
11,10.45,Cock Salad,Non-Starter,Steve Breaston,KC,WR|W/R/T
11,2.0,Cock Salad,Starter,Minnesota Vikings,Min,DEF
12,8.1,Cock Salad,Starter,Philip Rivers,Ind,QB
12,15.25,Cock Salad,Starter,Miles Austin,Phi,WR|W/R/T
12,16.6,Cock Salad,Starter,Calvin Johnson,Det,WR|W/R/T
12,8.7,Cock Salad,Starter,Brandon Jacobs,NYG,RB|W/R/T
12,19.1,Cock Salad,Starter,Rashard Mendenhall,Ari,RB|W/R/T
12,5.0,Cock Salad,Starter,Benjamin Watson,NE,TE|W/R/T
12,2.5,Cock Salad,Starter,Mike Williams,Buf,WR|W/R/T
12,0.45,Cock Salad,Non-Starter,Nate Washington,Hou,WR|W/R/T
12,8.24,Cock Salad,Non-Starter,Mark Sanchez,Was,QB
12,7.55,Cock Salad,Non-Starter,Roy Williams,Chi,WR|W/R/T
12,0.0,Cock Salad,Non-Starter,Dallas Clark,Bal,TE|W/R/T
12,0.0,Cock Salad,Non-Starter,Ryan Mathews,Phi,RB|W/R/T
12,2.6,Cock Salad,Non-Starter,Golden Tate,Ten,WR|W/R/T
12,2.7,Cock Salad,Non-Starter,Steve Breaston,KC,WR|W/R/T
12,10.0,Cock Salad,Starter,Minnesota Vikings,Min,DEF
13,13.7,Cock Salad,Starter,Philip Rivers,Ind,QB
13,6.3,Cock Salad,Starter,Miles Austin,Phi,WR|W/R/T
13,13.35,Cock Salad,Starter,Calvin Johnson,Det,WR|W/R/T
13,22.3,Cock Salad,Starter,Brandon Jacobs,NYG,RB|W/R/T
13,7.05,Cock Salad,Starter,Rashard Mendenhall,Ari,RB|W/R/T
13,18.5,Cock Salad,Starter,Benjamin Watson,NE,TE|W/R/T
13,14.3,Cock Salad,Starter,Mike Williams,Buf,WR|W/R/T
13,4.75,Cock Salad,Non-Starter,Nate Washington,Hou,WR|W/R/T
13,2.56,Cock Salad,Non-Starter,Mark Sanchez,Was,QB
13,5.7,Cock Salad,Non-Starter,Roy Williams,Chi,WR|W/R/T
13,0.0,Cock Salad,Non-Starter,Dallas Clark,Bal,TE|W/R/T
13,0.0,Cock Salad,Non-Starter,Ryan Mathews,Phi,RB|W/R/T
13,1.8,Cock Salad,Non-Starter,Golden Tate,Ten,WR|W/R/T
13,6.95,Cock Salad,Non-Starter,Steve Breaston,KC,WR|W/R/T
13,15.0,Cock Salad,Starter,Minnesota Vikings,Min,DEF
14,13.54,Cock Salad,Starter,Philip Rivers,Ind,QB
14,5.3,Cock Salad,Starter,Miles Austin,Phi,WR|W/R/T
14,5.95,Cock Salad,Starter,Calvin Johnson,Det,WR|W/R/T
14,17.6,Cock Salad,Starter,Brandon Jacobs,NYG,RB|W/R/T
14,7.75,Cock Salad,Starter,Rashard Mendenhall,Ari,RB|W/R/T
14,1.05,Cock Salad,Starter,Benjamin Watson,NE,TE|W/R/T
14,1.75,Cock Salad,Starter,Mike Williams,Buf,WR|W/R/T
14,5.55,Cock Salad,Non-Starter,Nate Washington,Hou,WR|W/R/T
14,6.64,Cock Salad,Non-Starter,Mark Sanchez,Was,QB
14,2.8,Cock Salad,Non-Starter,Roy Williams,Chi,WR|W/R/T
14,0.0,Cock Salad,Non-Starter,Dallas Clark,Bal,TE|W/R/T
14,13.35,Cock Salad,Non-Starter,Ryan Mathews,Phi,RB|W/R/T
14,3.65,Cock Salad,Non-Starter,Golden Tate,Ten,WR|W/R/T
14,4.0,Cock Salad,Non-Starter,Steve Breaston,KC,WR|W/R/T
14,5.0,Cock Salad,Starter,Minnesota Vikings,Min,DEF
15,22.92,Cock Salad,Starter,Philip Rivers,Ind,QB
15,10.55,Cock Salad,Starter,Miles Austin,Phi,WR|W/R/T
15,17.7,Cock Salad,Starter,Calvin Johnson,Det,WR|W/R/T
15,3.4,Cock Salad,Starter,Brandon Jacobs,NYG,RB|W/R/T
15,15.9,Cock Salad,Starter,Rashard Mendenhall,Ari,RB|W/R/T
15,10.95,Cock Salad,Starter,Benjamin Watson,NE,TE|W/R/T
15,17.1,Cock Salad,Starter,Mike Williams,Buf,WR|W/R/T
15,8.5,Cock Salad,Non-Starter,Nate Washington,Hou,WR|W/R/T
15,14.3,Cock Salad,Non-Starter,Mark Sanchez,Was,QB
15,0.0,Cock Salad,Non-Starter,Roy Williams,Chi,WR|W/R/T
15,0.0,Cock Salad,Non-Starter,Dallas Clark,Bal,TE|W/R/T
15,5.6,Cock Salad,Non-Starter,Ryan Mathews,Phi,RB|W/R/T
15,0.0,Cock Salad,Non-Starter,Golden Tate,Ten,WR|W/R/T
15,10.7,Cock Salad,Non-Starter,Steve Breaston,KC,WR|W/R/T
15,-1.0,Cock Salad,Starter,Minnesota Vikings,Min,DEF
1,8.54,AirBudGoldenReceiver,Starter,Donovan McNabb,Min,QB
1,15.45,AirBudGoldenReceiver,Starter,Greg Jennings,Mia,WR|W/R/T
1,20.4,AirBudGoldenReceiver,Starter,Wes Welker,LAR,WR|W/R/T
1,5.15,AirBudGoldenReceiver,Starter,Michael Turner,Atl,RB|W/R/T
1,8.8,AirBudGoldenReceiver,Starter,Joseph Addai,Ind,RB|W/R/T
1,9.5,AirBudGoldenReceiver,Starter,Chris Cooley,Was,TE|W/R/T
1,6.75,AirBudGoldenReceiver,Starter,Justin Forsett,Det,RB|W/R/T
1,9.2,AirBudGoldenReceiver,Non-Starter,Santana Moss,Was,WR|W/R/T
1,6.12,AirBudGoldenReceiver,Non-Starter,Joe Flacco,Cle,QB
1,0.0,AirBudGoldenReceiver,Non-Starter,Kenny Britt,NE,WR|W/R/T
1,8.05,AirBudGoldenReceiver,Non-Starter,Chester Taylor,Ari,RB|W/R/T
1,8.35,AirBudGoldenReceiver,Non-Starter,Devin Aromashodu,Min,WR|W/R/T
1,14.6,AirBudGoldenReceiver,Non-Starter,Visanthe Shiancoe,Ten,TE|W/R/T
1,1.35,AirBudGoldenReceiver,Non-Starter,Darrius Heyward-Bey,Pit,WR|W/R/T
1,8.0,AirBudGoldenReceiver,Starter,Pittsburgh Steelers,Pit,DEF
2,21.04,AirBudGoldenReceiver,Starter,Donovan McNabb,Min,QB
2,4.35,AirBudGoldenReceiver,Starter,Greg Jennings,Mia,WR|W/R/T
2,11.3,AirBudGoldenReceiver,Starter,Wes Welker,LAR,WR|W/R/T
2,7.5,AirBudGoldenReceiver,Starter,Michael Turner,Atl,RB|W/R/T
2,11.8,AirBudGoldenReceiver,Starter,Joseph Addai,Ind,RB|W/R/T
2,13.15,AirBudGoldenReceiver,Starter,Chris Cooley,Was,TE|W/R/T
2,5.45,AirBudGoldenReceiver,Starter,Justin Forsett,Det,RB|W/R/T
2,10.6,AirBudGoldenReceiver,Non-Starter,Santana Moss,Was,WR|W/R/T
2,3.06,AirBudGoldenReceiver,Non-Starter,Joe Flacco,Cle,QB
2,7.35,AirBudGoldenReceiver,Non-Starter,Kenny Britt,NE,WR|W/R/T
2,2.0,AirBudGoldenReceiver,Non-Starter,Chester Taylor,Ari,RB|W/R/T
2,0.0,AirBudGoldenReceiver,Non-Starter,Devin Aromashodu,Min,WR|W/R/T
2,10.1,AirBudGoldenReceiver,Non-Starter,Visanthe Shiancoe,Ten,TE|W/R/T
2,9.5,AirBudGoldenReceiver,Non-Starter,Darrius Heyward-Bey,Pit,WR|W/R/T
2,28.0,AirBudGoldenReceiver,Starter,Pittsburgh Steelers,Pit,DEF
3,13.94,AirBudGoldenReceiver,Starter,Donovan McNabb,Min,QB
3,8.3,AirBudGoldenReceiver,Starter,Greg Jennings,Mia,WR|W/R/T
3,5.5,AirBudGoldenReceiver,Starter,Wes Welker,LAR,WR|W/R/T
3,19.0,AirBudGoldenReceiver,Starter,Michael Turner,Atl,RB|W/R/T
3,4.4,AirBudGoldenReceiver,Starter,Joseph Addai,Ind,RB|W/R/T
3,6.55,AirBudGoldenReceiver,Starter,Chris Cooley,Was,TE|W/R/T
3,17.9,AirBudGoldenReceiver,Starter,Santana Moss,Was,WR|W/R/T
3,10.15,AirBudGoldenReceiver,Non-Starter,Justin Forsett,Det,RB|W/R/T
3,22.08,AirBudGoldenReceiver,Non-Starter,Joe Flacco,Cle,QB
3,9.1,AirBudGoldenReceiver,Non-Starter,Kenny Britt,NE,WR|W/R/T
3,0.9,AirBudGoldenReceiver,Non-Starter,Chester Taylor,Ari,RB|W/R/T
3,0.0,AirBudGoldenReceiver,Non-Starter,Devin Aromashodu,Min,WR|W/R/T
3,0.95,AirBudGoldenReceiver,Non-Starter,Visanthe Shiancoe,Ten,TE|W/R/T
3,5.65,AirBudGoldenReceiver,Non-Starter,Darrius Heyward-Bey,Pit,WR|W/R/T
3,18.0,AirBudGoldenReceiver,Starter,Pittsburgh Steelers,Pit,DEF
4,10.9,AirBudGoldenReceiver,Starter,Donovan McNabb,Min,QB
4,9.0,AirBudGoldenReceiver,Starter,Greg Jennings,Mia,WR|W/R/T
4,9.0,AirBudGoldenReceiver,Starter,Wes Welker,LAR,WR|W/R/T
4,8.55,AirBudGoldenReceiver,Starter,Michael Turner,Atl,RB|W/R/T
4,8.0,AirBudGoldenReceiver,Starter,Justin Forsett,Det,RB|W/R/T
4,10.2,AirBudGoldenReceiver,Starter,Chris Cooley,Was,TE|W/R/T
4,0.5,AirBudGoldenReceiver,Starter,Santana Moss,Was,WR|W/R/T
4,20.95,AirBudGoldenReceiver,Non-Starter,Joseph Addai,Ind,RB|W/R/T
4,12.34,AirBudGoldenReceiver,Non-Starter,Joe Flacco,Cle,QB
4,9.05,AirBudGoldenReceiver,Non-Starter,Kenny Britt,NE,WR|W/R/T
4,2.2,AirBudGoldenReceiver,Non-Starter,Chester Taylor,Ari,RB|W/R/T
4,0.0,AirBudGoldenReceiver,Non-Starter,Visanthe Shiancoe,Ten,TE|W/R/T
4,0.45,AirBudGoldenReceiver,Non-Starter,Darrius Heyward-Bey,Pit,WR|W/R/T
4,0.0,AirBudGoldenReceiver,Non-Starter,Dexter McCluster,LAC,WR|RB|W/R/T
4,6.0,AirBudGoldenReceiver,Starter,Pittsburgh Steelers,Pit,DEF
5,15.84,AirBudGoldenReceiver,Starter,Joe Flacco,Cle,QB
5,2.7,AirBudGoldenReceiver,Starter,Greg Jennings,Mia,WR|W/R/T
5,13.55,AirBudGoldenReceiver,Starter,Santana Moss,Was,WR|W/R/T
5,14.0,AirBudGoldenReceiver,Starter,Michael Turner,Atl,RB|W/R/T
5,10.15,AirBudGoldenReceiver,Starter,Joseph Addai,Ind,RB|W/R/T
5,8.65,AirBudGoldenReceiver,Starter,Chris Cooley,Was,TE|W/R/T
5,3.3,AirBudGoldenReceiver,Starter,Visanthe Shiancoe,Ten,TE|W/R/T
5,17.28,AirBudGoldenReceiver,Non-Starter,Donovan McNabb,Min,QB
5,0.0,AirBudGoldenReceiver,Non-Starter,Wes Welker,LAR,WR|W/R/T
5,0.0,AirBudGoldenReceiver,Non-Starter,Justin Forsett,Det,RB|W/R/T
5,15.6,AirBudGoldenReceiver,Non-Starter,Kenny Britt,NE,WR|W/R/T
5,5.9,AirBudGoldenReceiver,Non-Starter,Chester Taylor,Ari,RB|W/R/T
5,2.3,AirBudGoldenReceiver,Non-Starter,Dexter McCluster,LAC,WR|RB|W/R/T
5,-3.0,AirBudGoldenReceiver,Starter,Los Angeles Rams,LAR,DEF
5,0.0,AirBudGoldenReceiver,Non-Starter,Pittsburgh Steelers,Pit,DEF
6,19.9,AirBudGoldenReceiver,Starter,Joe Flacco,Cle,QB
6,20.8,AirBudGoldenReceiver,Starter,Greg Jennings,Mia,WR|W/R/T
6,9.7,AirBudGoldenReceiver,Starter,Santana Moss,Was,WR|W/R/T
6,5.15,AirBudGoldenReceiver,Starter,Michael Turner,Atl,RB|W/R/T
6,16.8,AirBudGoldenReceiver,Starter,Joseph Addai,Ind,RB|W/R/T
6,4.95,AirBudGoldenReceiver,Starter,Chris Cooley,Was,TE|W/R/T
6,7.05,AirBudGoldenReceiver,Starter,Wes Welker,LAR,WR|W/R/T
6,0.0,AirBudGoldenReceiver,Non-Starter,Visanthe Shiancoe,Ten,TE|W/R/T
6,9.94,AirBudGoldenReceiver,Non-Starter,Donovan McNabb,Min,QB
6,13.85,AirBudGoldenReceiver,Non-Starter,Justin Forsett,Det,RB|W/R/T
6,9.8,AirBudGoldenReceiver,Non-Starter,Kenny Britt,NE,WR|W/R/T
6,3.75,AirBudGoldenReceiver,Non-Starter,Chester Taylor,Ari,RB|W/R/T
6,4.75,AirBudGoldenReceiver,Non-Starter,Dexter McCluster,LAC,WR|RB|W/R/T
6,12.75,AirBudGoldenReceiver,Non-Starter,Danny Woodhead,Bal,WR|RB|W/R/T
6,16.0,AirBudGoldenReceiver,Starter,Pittsburgh Steelers,Pit,DEF
7,19.9,AirBudGoldenReceiver,Starter,Joe Flacco,Cle,QB
7,14.9,AirBudGoldenReceiver,Starter,Greg Jennings,Mia,WR|W/R/T
7,13.35,AirBudGoldenReceiver,Starter,Santana Moss,Was,WR|W/R/T
7,26.9,AirBudGoldenReceiver,Starter,Michael Turner,Atl,RB|W/R/T
7,7.7,AirBudGoldenReceiver,Starter,Justin Forsett,Det,RB|W/R/T
7,6.95,AirBudGoldenReceiver,Starter,Chris Cooley,Was,TE|W/R/T
7,3.5,AirBudGoldenReceiver,Starter,Wes Welker,LAR,WR|W/R/T
7,0.0,AirBudGoldenReceiver,Non-Starter,Joseph Addai,Ind,RB|W/R/T
7,3.75,AirBudGoldenReceiver,Non-Starter,Visanthe Shiancoe,Ten,TE|W/R/T
7,7.8,AirBudGoldenReceiver,Non-Starter,Donovan McNabb,Min,QB
7,42.25,AirBudGoldenReceiver,Non-Starter,Kenny Britt,NE,WR|W/R/T
7,3.5,AirBudGoldenReceiver,Non-Starter,Chester Taylor,Ari,RB|W/R/T
7,8.15,AirBudGoldenReceiver,Non-Starter,Dexter McCluster,LAC,WR|RB|W/R/T
7,5.95,AirBudGoldenReceiver,Non-Starter,Danny Woodhead,Bal,WR|RB|W/R/T
7,5.0,AirBudGoldenReceiver,Starter,Pittsburgh Steelers,Pit,DEF
8,14.9,AirBudGoldenReceiver,Starter,Donovan McNabb,Min,QB
8,9.6,AirBudGoldenReceiver,Starter,Greg Jennings,Mia,WR|W/R/T
8,7.1,AirBudGoldenReceiver,Starter,Santana Moss,Was,WR|W/R/T
8,4.45,AirBudGoldenReceiver,Starter,Justin Forsett,Det,RB|W/R/T
8,13.05,AirBudGoldenReceiver,Starter,Danny Woodhead,Bal,WR|RB|W/R/T
8,5.8,AirBudGoldenReceiver,Starter,Chris Cooley,Was,TE|W/R/T
8,0.0,AirBudGoldenReceiver,Starter,Kenny Britt,NE,WR|W/R/T
8,3.15,AirBudGoldenReceiver,Non-Starter,Wes Welker,LAR,WR|W/R/T
8,0.0,AirBudGoldenReceiver,Non-Starter,Joe Flacco,Cle,QB
8,0.0,AirBudGoldenReceiver,Non-Starter,Michael Turner,Atl,RB|W/R/T
8,0.0,AirBudGoldenReceiver,Non-Starter,Joseph Addai,Ind,RB|W/R/T
8,4.8,AirBudGoldenReceiver,Non-Starter,Visanthe Shiancoe,Ten,TE|W/R/T
8,0.0,AirBudGoldenReceiver,Non-Starter,Chester Taylor,Ari,RB|W/R/T
8,0.0,AirBudGoldenReceiver,Non-Starter,Dexter McCluster,LAC,WR|RB|W/R/T
8,7.0,AirBudGoldenReceiver,Starter,Pittsburgh Steelers,Pit,DEF
9,19.34,AirBudGoldenReceiver,Starter,Joe Flacco,Cle,QB
9,15.75,AirBudGoldenReceiver,Starter,Greg Jennings,Mia,WR|W/R/T
9,9.7,AirBudGoldenReceiver,Starter,Danny Woodhead,Bal,WR|RB|W/R/T
9,0.65,AirBudGoldenReceiver,Starter,Justin Forsett,Det,RB|W/R/T
9,22.7,AirBudGoldenReceiver,Starter,Michael Turner,Atl,RB|W/R/T
9,2.8,AirBudGoldenReceiver,Starter,Todd Heap,Ari,TE|W/R/T
9,4.6,AirBudGoldenReceiver,Starter,Wes Welker,LAR,WR|W/R/T
9,0.0,AirBudGoldenReceiver,Non-Starter,Donovan McNabb,Min,QB
9,0.0,AirBudGoldenReceiver,Non-Starter,Santana Moss,Was,WR|W/R/T
9,0.0,AirBudGoldenReceiver,Non-Starter,Chris Cooley,Was,TE|W/R/T
9,0.0,AirBudGoldenReceiver,Non-Starter,Kenny Britt,NE,WR|W/R/T
9,0.0,AirBudGoldenReceiver,Non-Starter,Joseph Addai,Ind,RB|W/R/T
9,0.0,AirBudGoldenReceiver,Non-Starter,Dexter McCluster,LAC,WR|RB|W/R/T
9,0.0,AirBudGoldenReceiver,Non-Starter,Darrius Heyward-Bey,Pit,WR|W/R/T
9,10.0,AirBudGoldenReceiver,Starter,Pittsburgh Steelers,Pit,DEF
10,19.9,AirBudGoldenReceiver,Starter,Joe Flacco,Cle,QB
10,3.55,AirBudGoldenReceiver,Starter,Santana Moss,Was,WR|W/R/T
10,10.9,AirBudGoldenReceiver,Starter,Wes Welker,LAR,WR|W/R/T
10,3.8,AirBudGoldenReceiver,Starter,Danny Woodhead,Bal,WR|RB|W/R/T
10,3.9,AirBudGoldenReceiver,Starter,Michael Turner,Atl,RB|W/R/T
10,3.05,AirBudGoldenReceiver,Starter,Chris Cooley,Was,TE|W/R/T
10,12.7,AirBudGoldenReceiver,Starter,Todd Heap,Ari,TE|W/R/T
10,7.4,AirBudGoldenReceiver,Non-Starter,Nate Burleson,Det,WR|W/R/T
10,16.25,AirBudGoldenReceiver,Non-Starter,Justin Forsett,Det,RB|W/R/T
10,0.0,AirBudGoldenReceiver,Non-Starter,Greg Jennings,Mia,WR|W/R/T
10,13.8,AirBudGoldenReceiver,Non-Starter,Donovan McNabb,Min,QB
10,0.0,AirBudGoldenReceiver,Non-Starter,Kenny Britt,NE,WR|W/R/T
10,0.0,AirBudGoldenReceiver,Non-Starter,Joseph Addai,Ind,RB|W/R/T
10,0.0,AirBudGoldenReceiver,Non-Starter,Dexter McCluster,LAC,WR|RB|W/R/T
10,-1.0,AirBudGoldenReceiver,Starter,Pittsburgh Steelers,Pit,DEF
11,14.04,AirBudGoldenReceiver,Starter,Joe Flacco,Cle,QB
11,13.05,AirBudGoldenReceiver,Starter,Wes Welker,LAR,WR|W/R/T
11,34.95,AirBudGoldenReceiver,Starter,Greg Jennings,Mia,WR|W/R/T
11,18.95,AirBudGoldenReceiver,Starter,Michael Turner,Atl,RB|W/R/T
11,5.55,AirBudGoldenReceiver,Starter,Justin Forsett,Det,RB|W/R/T
11,10.85,AirBudGoldenReceiver,Starter,Chris Cooley,Was,TE|W/R/T
11,18.1,AirBudGoldenReceiver,Starter,Santana Moss,Was,WR|W/R/T
11,16.0,AirBudGoldenReceiver,Non-Starter,Danny Woodhead,Bal,WR|RB|W/R/T
11,8.15,AirBudGoldenReceiver,Non-Starter,Todd Heap,Ari,TE|W/R/T
11,18.95,AirBudGoldenReceiver,Non-Starter,Nate Burleson,Det,WR|W/R/T
11,17.44,AirBudGoldenReceiver,Non-Starter,Donovan McNabb,Min,QB
11,0.0,AirBudGoldenReceiver,Non-Starter,Kenny Britt,NE,WR|W/R/T
11,0.0,AirBudGoldenReceiver,Non-Starter,Joseph Addai,Ind,RB|W/R/T
11,0.0,AirBudGoldenReceiver,Non-Starter,Dexter McCluster,LAC,WR|RB|W/R/T
11,19.0,AirBudGoldenReceiver,Starter,Pittsburgh Steelers,Pit,DEF
12,17.36,AirBudGoldenReceiver,Starter,Joe Flacco,Cle,QB
12,23.0,AirBudGoldenReceiver,Starter,Wes Welker,LAR,WR|W/R/T
12,13.15,AirBudGoldenReceiver,Starter,Greg Jennings,Mia,WR|W/R/T
12,17.65,AirBudGoldenReceiver,Starter,Michael Turner,Atl,RB|W/R/T
12,5.0,AirBudGoldenReceiver,Starter,Danny Woodhead,Bal,WR|RB|W/R/T
12,6.15,AirBudGoldenReceiver,Starter,Chris Cooley,Was,TE|W/R/T
12,5.25,AirBudGoldenReceiver,Starter,Santana Moss,Was,WR|W/R/T
12,1.25,AirBudGoldenReceiver,Non-Starter,Justin Forsett,Det,RB|W/R/T
12,14.4,AirBudGoldenReceiver,Non-Starter,Todd Heap,Ari,TE|W/R/T
12,4.25,AirBudGoldenReceiver,Non-Starter,Nate Burleson,Det,WR|W/R/T
12,11.14,AirBudGoldenReceiver,Non-Starter,Donovan McNabb,Min,QB
12,0.0,AirBudGoldenReceiver,Non-Starter,Kenny Britt,NE,WR|W/R/T
12,0.0,AirBudGoldenReceiver,Non-Starter,Joseph Addai,Ind,RB|W/R/T
12,0.0,AirBudGoldenReceiver,Non-Starter,Dexter McCluster,LAC,WR|RB|W/R/T
12,7.0,AirBudGoldenReceiver,Starter,Pittsburgh Steelers,Pit,DEF
13,14.14,AirBudGoldenReceiver,Starter,Joe Flacco,Cle,QB
13,15.75,AirBudGoldenReceiver,Starter,Wes Welker,LAR,WR|W/R/T
13,25.7,AirBudGoldenReceiver,Starter,Greg Jennings,Mia,WR|W/R/T
13,14.8,AirBudGoldenReceiver,Starter,Michael Turner,Atl,RB|W/R/T
13,12.5,AirBudGoldenReceiver,Starter,Danny Woodhead,Bal,WR|RB|W/R/T
13,5.6,AirBudGoldenReceiver,Starter,Chris Cooley,Was,TE|W/R/T
13,2.9,AirBudGoldenReceiver,Starter,Santana Moss,Was,WR|W/R/T
13,6.0,AirBudGoldenReceiver,Non-Starter,Justin Forsett,Det,RB|W/R/T
13,0.0,AirBudGoldenReceiver,Non-Starter,Todd Heap,Ari,TE|W/R/T
13,3.45,AirBudGoldenReceiver,Non-Starter,Nate Burleson,Det,WR|W/R/T
13,10.34,AirBudGoldenReceiver,Non-Starter,Donovan McNabb,Min,QB
13,0.0,AirBudGoldenReceiver,Non-Starter,Kenny Britt,NE,WR|W/R/T
13,0.0,AirBudGoldenReceiver,Non-Starter,Joseph Addai,Ind,RB|W/R/T
13,2.1,AirBudGoldenReceiver,Non-Starter,Dexter McCluster,LAC,WR|RB|W/R/T
13,10.0,AirBudGoldenReceiver,Starter,Pittsburgh Steelers,Pit,DEF
14,17.4,AirBudGoldenReceiver,Starter,Joe Flacco,Cle,QB
14,13.5,AirBudGoldenReceiver,Starter,Wes Welker,LAR,WR|W/R/T
14,6.2,AirBudGoldenReceiver,Starter,Greg Jennings,Mia,WR|W/R/T
14,30.65,AirBudGoldenReceiver,Starter,Michael Turner,Atl,RB|W/R/T
14,8.7,AirBudGoldenReceiver,Starter,Danny Woodhead,Bal,WR|RB|W/R/T
14,2.7,AirBudGoldenReceiver,Starter,Chris Cooley,Was,TE|W/R/T
14,15.95,AirBudGoldenReceiver,Starter,Santana Moss,Was,WR|W/R/T
14,1.65,AirBudGoldenReceiver,Non-Starter,Justin Forsett,Det,RB|W/R/T
14,0.0,AirBudGoldenReceiver,Non-Starter,Todd Heap,Ari,TE|W/R/T
14,17.12,AirBudGoldenReceiver,Non-Starter,Donovan McNabb,Min,QB
14,2.9,AirBudGoldenReceiver,Non-Starter,Kenny Britt,NE,WR|W/R/T
14,0.0,AirBudGoldenReceiver,Non-Starter,Joseph Addai,Ind,RB|W/R/T
14,0.0,AirBudGoldenReceiver,Non-Starter,Dexter McCluster,LAC,WR|RB|W/R/T
14,2.2,AirBudGoldenReceiver,Non-Starter,Michael Bush,Ari,RB|W/R/T
14,25.0,AirBudGoldenReceiver,Starter,Pittsburgh Steelers,Pit,DEF
15,15.08,AirBudGoldenReceiver,Starter,Joe Flacco,Cle,QB
15,4.95,AirBudGoldenReceiver,Starter,Wes Welker,LAR,WR|W/R/T
15,9.9,AirBudGoldenReceiver,Starter,Greg Jennings,Mia,WR|W/R/T
15,8.2,AirBudGoldenReceiver,Starter,Michael Turner,Atl,RB|W/R/T
15,7.35,AirBudGoldenReceiver,Starter,Danny Woodhead,Bal,WR|RB|W/R/T
15,15.45,AirBudGoldenReceiver,Starter,Chris Cooley,Was,TE|W/R/T
15,21.1,AirBudGoldenReceiver,Starter,Santana Moss,Was,WR|W/R/T
15,2.1,AirBudGoldenReceiver,Non-Starter,Justin Forsett,Det,RB|W/R/T
15,0.0,AirBudGoldenReceiver,Non-Starter,Todd Heap,Ari,TE|W/R/T
15,14.3,AirBudGoldenReceiver,Non-Starter,Kenny Britt,NE,WR|W/R/T
15,0.0,AirBudGoldenReceiver,Non-Starter,Joseph Addai,Ind,RB|W/R/T
15,0.55,AirBudGoldenReceiver,Non-Starter,Dexter McCluster,LAC,WR|RB|W/R/T
15,14.4,AirBudGoldenReceiver,Non-Starter,Michael Bush,Ari,RB|W/R/T
15,17.66,AirBudGoldenReceiver,Non-Starter,Jay Cutler,Mia,QB
15,2.0,AirBudGoldenReceiver,Starter,Pittsburgh Steelers,Pit,DEF
16,11.68,AirBudGoldenReceiver,Starter,Joe Flacco,Cle,QB
16,2.65,AirBudGoldenReceiver,Starter,Wes Welker,LAR,WR|W/R/T
16,15.95,AirBudGoldenReceiver,Starter,Greg Jennings,Mia,WR|W/R/T
16,2.8,AirBudGoldenReceiver,Starter,Michael Turner,Atl,RB|W/R/T
16,19.25,AirBudGoldenReceiver,Starter,Danny Woodhead,Bal,WR|RB|W/R/T
16,6.05,AirBudGoldenReceiver,Starter,Chris Cooley,Was,TE|W/R/T
16,9.75,AirBudGoldenReceiver,Starter,Santana Moss,Was,WR|W/R/T
16,2.2,AirBudGoldenReceiver,Non-Starter,Justin Forsett,Det,RB|W/R/T
16,0.0,AirBudGoldenReceiver,Non-Starter,Todd Heap,Ari,TE|W/R/T
16,15.9,AirBudGoldenReceiver,Non-Starter,Kenny Britt,NE,WR|W/R/T
16,11.35,AirBudGoldenReceiver,Non-Starter,Joseph Addai,Ind,RB|W/R/T
16,2.4,AirBudGoldenReceiver,Non-Starter,Dexter McCluster,LAC,WR|RB|W/R/T
16,4.15,AirBudGoldenReceiver,Non-Starter,Michael Bush,Ari,RB|W/R/T
16,24.9,AirBudGoldenReceiver,Non-Starter,Jay Cutler,Mia,QB
16,15.0,AirBudGoldenReceiver,Starter,Pittsburgh Steelers,Pit,DEF
1,29.32,imdrunkrightnow,Starter,Peyton Manning,Den,QB
1,4.0,imdrunkrightnow,Starter,DeSean Jackson,Bal,WR|W/R/T
1,5.55,imdrunkrightnow,Starter,Malcom Floyd,LAC,WR|W/R/T
1,28.0,imdrunkrightnow,Starter,Chris Johnson,Ari,RB|W/R/T
1,9.65,imdrunkrightnow,Starter,Cedric Benson,GB,RB|W/R/T
1,3.7,imdrunkrightnow,Starter,Brent Celek,Phi,TE|W/R/T
1,6.2,imdrunkrightnow,Starter,Ricky Williams,Bal,RB|W/R/T
1,5.95,imdrunkrightnow,Non-Starter,Reggie Bush,Buf,RB|W/R/T
1,10.15,imdrunkrightnow,Non-Starter,Jabar Gaffney,Mia,WR|W/R/T
1,3.4,imdrunkrightnow,Non-Starter,Jacoby Jones,LAC,WR|W/R/T
1,20.7,imdrunkrightnow,Non-Starter,Carson Palmer,Ari,QB
1,8.2,imdrunkrightnow,Non-Starter,Fred Taylor,NE,RB|W/R/T
1,0.0,imdrunkrightnow,Non-Starter,D.J. Ware,TB,RB|W/R/T
1,0.0,imdrunkrightnow,Non-Starter,Montario Hardesty,Cle,RB|W/R/T
1,9.0,imdrunkrightnow,Starter,New Orleans Saints,NO,DEF
2,21.9,imdrunkrightnow,Starter,Peyton Manning,Den,QB
2,21.0,imdrunkrightnow,Starter,DeSean Jackson,Bal,WR|W/R/T
2,2.0,imdrunkrightnow,Starter,Jabar Gaffney,Mia,WR|W/R/T
2,4.55,imdrunkrightnow,Starter,Chris Johnson,Ari,RB|W/R/T
2,7.8,imdrunkrightnow,Starter,Cedric Benson,GB,RB|W/R/T
2,3.45,imdrunkrightnow,Starter,Brent Celek,Phi,TE|W/R/T
2,16.25,imdrunkrightnow,Starter,Malcom Floyd,LAC,WR|W/R/T
2,10.15,imdrunkrightnow,Non-Starter,Brandon Jackson,Cle,RB|W/R/T
2,1.0,imdrunkrightnow,Non-Starter,Ricky Williams,Bal,RB|W/R/T
2,10.4,imdrunkrightnow,Non-Starter,Reggie Bush,Buf,RB|W/R/T
2,12.8,imdrunkrightnow,Non-Starter,Jacoby Jones,LAC,WR|W/R/T
2,6.58,imdrunkrightnow,Non-Starter,Carson Palmer,Ari,QB
2,1.1,imdrunkrightnow,Non-Starter,Fred Taylor,NE,RB|W/R/T
2,0.0,imdrunkrightnow,Non-Starter,Montario Hardesty,Cle,RB|W/R/T
2,10.0,imdrunkrightnow,Starter,New Orleans Saints,NO,DEF
3,24.9,imdrunkrightnow,Starter,Peyton Manning,Den,QB
3,23.35,imdrunkrightnow,Starter,DeSean Jackson,Bal,WR|W/R/T
3,6.35,imdrunkrightnow,Starter,Jacoby Jones,LAC,WR|W/R/T
3,24.5,imdrunkrightnow,Starter,Chris Johnson,Ari,RB|W/R/T
3,21.5,imdrunkrightnow,Starter,Cedric Benson,GB,RB|W/R/T
3,5.2,imdrunkrightnow,Starter,Brent Celek,Phi,TE|W/R/T
3,1.6,imdrunkrightnow,Starter,Fred Taylor,NE,RB|W/R/T
3,17.2,imdrunkrightnow,Non-Starter,Malcom Floyd,LAC,WR|W/R/T
3,17.0,imdrunkrightnow,Non-Starter,Jabar Gaffney,Mia,WR|W/R/T
3,2.8,imdrunkrightnow,Non-Starter,Ricky Williams,Bal,RB|W/R/T
3,0.0,imdrunkrightnow,Non-Starter,Reggie Bush,Buf,RB|W/R/T
3,8.6,imdrunkrightnow,Non-Starter,Carson Palmer,Ari,QB
3,0.0,imdrunkrightnow,Non-Starter,Montario Hardesty,Cle,RB|W/R/T
3,3.0,imdrunkrightnow,Non-Starter,Javon Ringer,Ten,RB|W/R/T
3,4.0,imdrunkrightnow,Starter,New Orleans Saints,NO,DEF
4,19.98,imdrunkrightnow,Starter,Peyton Manning,Den,QB
4,2.85,imdrunkrightnow,Starter,DeSean Jackson,Bal,WR|W/R/T
4,1.45,imdrunkrightnow,Starter,Jacoby Jones,LAC,WR|W/R/T
4,5.15,imdrunkrightnow,Starter,Chris Johnson,Ari,RB|W/R/T
4,6.0,imdrunkrightnow,Starter,Cedric Benson,GB,RB|W/R/T
4,9.45,imdrunkrightnow,Starter,Brent Celek,Phi,TE|W/R/T
4,17.1,imdrunkrightnow,Starter,Ricky Williams,Bal,RB|W/R/T
4,0.0,imdrunkrightnow,Non-Starter,Fred Taylor,NE,RB|W/R/T
4,5.0,imdrunkrightnow,Non-Starter,Malcom Floyd,LAC,WR|W/R/T
4,6.35,imdrunkrightnow,Non-Starter,Jabar Gaffney,Mia,WR|W/R/T
4,0.0,imdrunkrightnow,Non-Starter,Reggie Bush,Buf,RB|W/R/T
4,18.84,imdrunkrightnow,Non-Starter,Carson Palmer,Ari,QB
4,0.0,imdrunkrightnow,Non-Starter,Montario Hardesty,Cle,RB|W/R/T
4,5.0,imdrunkrightnow,Non-Starter,Javon Ringer,Ten,RB|W/R/T
4,6.0,imdrunkrightnow,Starter,New Orleans Saints,NO,DEF
5,7.46,imdrunkrightnow,Starter,Peyton Manning,Den,QB
5,3.7,imdrunkrightnow,Starter,DeSean Jackson,Bal,WR|W/R/T
5,10.95,imdrunkrightnow,Starter,Jabar Gaffney,Mia,WR|W/R/T
5,25.45,imdrunkrightnow,Starter,Chris Johnson,Ari,RB|W/R/T
5,18.8,imdrunkrightnow,Starter,Cedric Benson,GB,RB|W/R/T
5,11.45,imdrunkrightnow,Starter,Brent Celek,Phi,TE|W/R/T
5,29.3,imdrunkrightnow,Starter,Malcom Floyd,LAC,WR|W/R/T
5,0.0,imdrunkrightnow,Non-Starter,Jacoby Jones,LAC,WR|W/R/T
5,0.0,imdrunkrightnow,Non-Starter,Ricky Williams,Bal,RB|W/R/T
5,0.0,imdrunkrightnow,Non-Starter,Fred Taylor,NE,RB|W/R/T
5,0.0,imdrunkrightnow,Non-Starter,Reggie Bush,Buf,RB|W/R/T
5,10.66,imdrunkrightnow,Non-Starter,Carson Palmer,Ari,QB
5,0.0,imdrunkrightnow,Non-Starter,Montario Hardesty,Cle,RB|W/R/T
5,1.65,imdrunkrightnow,Non-Starter,Javon Ringer,Ten,RB|W/R/T
5,7.0,imdrunkrightnow,Starter,New Orleans Saints,NO,DEF
6,18.18,imdrunkrightnow,Starter,Peyton Manning,Den,QB
6,20.05,imdrunkrightnow,Starter,DeSean Jackson,Bal,WR|W/R/T
6,2.0,imdrunkrightnow,Starter,Malcom Floyd,LAC,WR|W/R/T
6,19.6,imdrunkrightnow,Starter,Chris Johnson,Ari,RB|W/R/T
6,6.55,imdrunkrightnow,Starter,Ricky Williams,Bal,RB|W/R/T
6,5.6,imdrunkrightnow,Starter,Brent Celek,Phi,TE|W/R/T
6,9.6,imdrunkrightnow,Starter,Jabar Gaffney,Mia,WR|W/R/T
6,0.0,imdrunkrightnow,Non-Starter,Cedric Benson,GB,RB|W/R/T
6,5.5,imdrunkrightnow,Non-Starter,Jacoby Jones,LAC,WR|W/R/T
6,0.0,imdrunkrightnow,Non-Starter,Fred Taylor,NE,RB|W/R/T
6,0.0,imdrunkrightnow,Non-Starter,Reggie Bush,Buf,RB|W/R/T
6,0.0,imdrunkrightnow,Non-Starter,Carson Palmer,Ari,QB
6,0.0,imdrunkrightnow,Non-Starter,Montario Hardesty,Cle,RB|W/R/T
6,5.25,imdrunkrightnow,Non-Starter,Javon Ringer,Ten,RB|W/R/T
6,10.0,imdrunkrightnow,Starter,New Orleans Saints,NO,DEF
7,28.48,imdrunkrightnow,Starter,Carson Palmer,Ari,QB
7,6.4,imdrunkrightnow,Starter,Jabar Gaffney,Mia,WR|W/R/T
7,0.0,imdrunkrightnow,Starter,T.J. Houshmandzadeh,LV,WR|W/R/T
7,7.8,imdrunkrightnow,Starter,Chris Johnson,Ari,RB|W/R/T
7,4.8,imdrunkrightnow,Starter,Ricky Williams,Bal,RB|W/R/T
7,1.3,imdrunkrightnow,Starter,Brent Celek,Phi,TE|W/R/T
7,5.85,imdrunkrightnow,Starter,Cedric Benson,GB,RB|W/R/T
7,0.0,imdrunkrightnow,Non-Starter,Malcom Floyd,LAC,WR|W/R/T
7,0.0,imdrunkrightnow,Non-Starter,Peyton Manning,Den,QB
7,0.0,imdrunkrightnow,Non-Starter,DeSean Jackson,Bal,WR|W/R/T
7,0.0,imdrunkrightnow,Non-Starter,Jacoby Jones,LAC,WR|W/R/T
7,0.0,imdrunkrightnow,Non-Starter,Reggie Bush,Buf,RB|W/R/T
7,0.0,imdrunkrightnow,Non-Starter,Montario Hardesty,Cle,RB|W/R/T
7,0.9,imdrunkrightnow,Non-Starter,Javon Ringer,Ten,RB|W/R/T
7,2.0,imdrunkrightnow,Starter,New Orleans Saints,NO,DEF
8,19.02,imdrunkrightnow,Starter,Peyton Manning,Den,QB
8,6.4,imdrunkrightnow,Starter,Jabar Gaffney,Mia,WR|W/R/T
8,1.1,imdrunkrightnow,Starter,Jacoby Jones,LAC,WR|W/R/T
8,15.55,imdrunkrightnow,Starter,Chris Johnson,Ari,RB|W/R/T
8,11.15,imdrunkrightnow,Starter,Ricky Williams,Bal,RB|W/R/T
8,4.35,imdrunkrightnow,Starter,Anthony Fasano,Mia,TE|W/R/T
8,8.85,imdrunkrightnow,Starter,Cedric Benson,GB,RB|W/R/T
8,0.0,imdrunkrightnow,Non-Starter,Malcom Floyd,LAC,WR|W/R/T
8,0.0,imdrunkrightnow,Non-Starter,Brent Celek,Phi,TE|W/R/T
8,13.54,imdrunkrightnow,Non-Starter,Carson Palmer,Ari,QB
8,0.0,imdrunkrightnow,Non-Starter,DeSean Jackson,Bal,WR|W/R/T
8,0.0,imdrunkrightnow,Non-Starter,Reggie Bush,Buf,RB|W/R/T
8,0.0,imdrunkrightnow,Non-Starter,Montario Hardesty,Cle,RB|W/R/T
8,0.3,imdrunkrightnow,Non-Starter,Javon Ringer,Ten,RB|W/R/T
8,11.0,imdrunkrightnow,Starter,New Orleans Saints,NO,DEF
9,11.76,imdrunkrightnow,Starter,Peyton Manning,Den,QB
9,5.1,imdrunkrightnow,Starter,Jacoby Jones,LAC,WR|W/R/T
9,20.65,imdrunkrightnow,Starter,DeSean Jackson,Bal,WR|W/R/T
9,0.1,imdrunkrightnow,Starter,Ricky Williams,Bal,RB|W/R/T
9,13.9,imdrunkrightnow,Starter,Cedric Benson,GB,RB|W/R/T
9,0.0,imdrunkrightnow,Starter,Brent Celek,Phi,TE|W/R/T
9,7.75,imdrunkrightnow,Starter,Patrick Crayton,LAC,WR|W/R/T
9,0.0,imdrunkrightnow,Non-Starter,Malcom Floyd,LAC,WR|W/R/T
9,0.0,imdrunkrightnow,Non-Starter,Jabar Gaffney,Mia,WR|W/R/T
9,0.0,imdrunkrightnow,Non-Starter,Chris Johnson,Ari,RB|W/R/T
9,15.92,imdrunkrightnow,Non-Starter,Carson Palmer,Ari,QB
9,0.0,imdrunkrightnow,Non-Starter,Reggie Bush,Buf,RB|W/R/T
9,0.0,imdrunkrightnow,Non-Starter,Montario Hardesty,Cle,RB|W/R/T
9,0.0,imdrunkrightnow,Non-Starter,Javon Ringer,Ten,RB|W/R/T
9,21.0,imdrunkrightnow,Starter,New Orleans Saints,NO,DEF
10,7.4,imdrunkrightnow,Starter,Peyton Manning,Den,QB
10,16.8,imdrunkrightnow,Starter,DeSean Jackson,Bal,WR|W/R/T
10,12.45,imdrunkrightnow,Starter,Jabar Gaffney,Mia,WR|W/R/T
10,7.5,imdrunkrightnow,Starter,Ricky Williams,Bal,RB|W/R/T
10,4.35,imdrunkrightnow,Starter,Cedric Benson,GB,RB|W/R/T
10,1.3,imdrunkrightnow,Starter,Brent Celek,Phi,TE|W/R/T
10,18.65,imdrunkrightnow,Starter,Chris Johnson,Ari,RB|W/R/T
10,0.75,imdrunkrightnow,Non-Starter,Jacoby Jones,LAC,WR|W/R/T
10,0.0,imdrunkrightnow,Non-Starter,Malcom Floyd,LAC,WR|W/R/T
10,13.68,imdrunkrightnow,Non-Starter,Carson Palmer,Ari,QB
10,0.0,imdrunkrightnow,Non-Starter,Reggie Bush,Buf,RB|W/R/T
10,0.0,imdrunkrightnow,Non-Starter,Montario Hardesty,Cle,RB|W/R/T
10,1.05,imdrunkrightnow,Non-Starter,Javon Ringer,Ten,RB|W/R/T
10,0.0,imdrunkrightnow,Non-Starter,Jacoby Ford,LV,WR|W/R/T
10,4.0,imdrunkrightnow,Starter,Detroit Lions,Det,DEF
11,25.84,imdrunkrightnow,Starter,Peyton Manning,Den,QB
11,6.55,imdrunkrightnow,Starter,DeSean Jackson,Bal,WR|W/R/T
11,8.9,imdrunkrightnow,Starter,Malcom Floyd,LAC,WR|W/R/T
11,1.55,imdrunkrightnow,Starter,Ricky Williams,Bal,RB|W/R/T
11,19.35,imdrunkrightnow,Starter,Cedric Benson,GB,RB|W/R/T
11,0.0,imdrunkrightnow,Starter,Brent Celek,Phi,TE|W/R/T
11,14.1,imdrunkrightnow,Starter,Chris Johnson,Ari,RB|W/R/T
11,4.05,imdrunkrightnow,Non-Starter,Jabar Gaffney,Mia,WR|W/R/T
11,1.0,imdrunkrightnow,Non-Starter,Jacoby Jones,LAC,WR|W/R/T
11,14.4,imdrunkrightnow,Non-Starter,Carson Palmer,Ari,QB
11,0.0,imdrunkrightnow,Non-Starter,Reggie Bush,Buf,RB|W/R/T
11,0.0,imdrunkrightnow,Non-Starter,Montario Hardesty,Cle,RB|W/R/T
11,0.1,imdrunkrightnow,Non-Starter,Javon Ringer,Ten,RB|W/R/T
11,3.2,imdrunkrightnow,Non-Starter,Jacoby Ford,LV,WR|W/R/T
11,2.0,imdrunkrightnow,Starter,Detroit Lions,Det,DEF
12,11.4,imdrunkrightnow,Starter,Peyton Manning,Den,QB
12,3.4,imdrunkrightnow,Starter,DeSean Jackson,Bal,WR|W/R/T
12,25.1,imdrunkrightnow,Starter,Jacoby Ford,LV,WR|W/R/T
12,16.05,imdrunkrightnow,Starter,Ricky Williams,Bal,RB|W/R/T
12,4.35,imdrunkrightnow,Starter,Cedric Benson,GB,RB|W/R/T
12,11.75,imdrunkrightnow,Starter,Brent Celek,Phi,TE|W/R/T
12,1.2,imdrunkrightnow,Starter,Chris Johnson,Ari,RB|W/R/T
12,0.0,imdrunkrightnow,Non-Starter,Malcom Floyd,LAC,WR|W/R/T
12,6.65,imdrunkrightnow,Non-Starter,Jabar Gaffney,Mia,WR|W/R/T
12,1.8,imdrunkrightnow,Non-Starter,Jacoby Jones,LAC,WR|W/R/T
12,5.9,imdrunkrightnow,Non-Starter,Carson Palmer,Ari,QB
12,-0.45,imdrunkrightnow,Non-Starter,Reggie Bush,Buf,RB|W/R/T
12,0.0,imdrunkrightnow,Non-Starter,Montario Hardesty,Cle,RB|W/R/T
12,3.35,imdrunkrightnow,Non-Starter,Javon Ringer,Ten,RB|W/R/T
12,12.0,imdrunkrightnow,Starter,San Francisco 49ers,SF,DEF
13,14.5,imdrunkrightnow,Starter,Peyton Manning,Den,QB
13,9.15,imdrunkrightnow,Starter,DeSean Jackson,Bal,WR|W/R/T
13,6.95,imdrunkrightnow,Starter,Jacoby Ford,LV,WR|W/R/T
13,7.2,imdrunkrightnow,Starter,Ricky Williams,Bal,RB|W/R/T
13,18.8,imdrunkrightnow,Starter,Cedric Benson,GB,RB|W/R/T
13,6.5,imdrunkrightnow,Starter,Brent Celek,Phi,TE|W/R/T
13,7.2,imdrunkrightnow,Starter,Chris Johnson,Ari,RB|W/R/T
13,8.45,imdrunkrightnow,Non-Starter,Malcom Floyd,LAC,WR|W/R/T
13,3.3,imdrunkrightnow,Non-Starter,Jabar Gaffney,Mia,WR|W/R/T
13,8.5,imdrunkrightnow,Non-Starter,Jacoby Jones,LAC,WR|W/R/T
13,15.96,imdrunkrightnow,Non-Starter,Carson Palmer,Ari,QB
13,3.35,imdrunkrightnow,Non-Starter,Reggie Bush,Buf,RB|W/R/T
13,0.0,imdrunkrightnow,Non-Starter,Montario Hardesty,Cle,RB|W/R/T
13,0.65,imdrunkrightnow,Non-Starter,Javon Ringer,Ten,RB|W/R/T
13,4.0,imdrunkrightnow,Starter,Tennessee Titans,Ten,DEF
14,20.76,imdrunkrightnow,Starter,Peyton Manning,Den,QB
14,28.6,imdrunkrightnow,Starter,DeSean Jackson,Bal,WR|W/R/T
14,2.6,imdrunkrightnow,Starter,Jacoby Ford,LV,WR|W/R/T
14,3.4,imdrunkrightnow,Starter,Ricky Williams,Bal,RB|W/R/T
14,5.25,imdrunkrightnow,Starter,Cedric Benson,GB,RB|W/R/T
14,0.0,imdrunkrightnow,Starter,Brent Celek,Phi,TE|W/R/T
14,25.9,imdrunkrightnow,Starter,Chris Johnson,Ari,RB|W/R/T
14,18.1,imdrunkrightnow,Non-Starter,Malcom Floyd,LAC,WR|W/R/T
14,5.55,imdrunkrightnow,Non-Starter,Jabar Gaffney,Mia,WR|W/R/T
14,14.45,imdrunkrightnow,Non-Starter,Jacoby Jones,LAC,WR|W/R/T
14,5.12,imdrunkrightnow,Non-Starter,Carson Palmer,Ari,QB
14,7.35,imdrunkrightnow,Non-Starter,Reggie Bush,Buf,RB|W/R/T
14,0.0,imdrunkrightnow,Non-Starter,Montario Hardesty,Cle,RB|W/R/T
14,2.05,imdrunkrightnow,Non-Starter,Javon Ringer,Ten,RB|W/R/T
14,0.0,imdrunkrightnow,Starter,Tennessee Titans,Ten,DEF
15,17.16,imdrunkrightnow,Starter,Peyton Manning,Den,QB
15,9.95,imdrunkrightnow,Starter,DeSean Jackson,Bal,WR|W/R/T
15,18.55,imdrunkrightnow,Starter,Jacoby Ford,LV,WR|W/R/T
15,6.55,imdrunkrightnow,Starter,Ricky Williams,Bal,RB|W/R/T
15,21.0,imdrunkrightnow,Starter,Cedric Benson,GB,RB|W/R/T
15,13.7,imdrunkrightnow,Starter,Brent Celek,Phi,TE|W/R/T
15,19.95,imdrunkrightnow,Starter,Chris Johnson,Ari,RB|W/R/T
15,0.0,imdrunkrightnow,Non-Starter,Malcom Floyd,LAC,WR|W/R/T
15,3.45,imdrunkrightnow,Non-Starter,Jabar Gaffney,Mia,WR|W/R/T
15,6.75,imdrunkrightnow,Non-Starter,Jacoby Jones,LAC,WR|W/R/T
15,8.26,imdrunkrightnow,Non-Starter,Carson Palmer,Ari,QB
15,4.95,imdrunkrightnow,Non-Starter,Reggie Bush,Buf,RB|W/R/T
15,0.0,imdrunkrightnow,Non-Starter,Montario Hardesty,Cle,RB|W/R/T
15,7.9,imdrunkrightnow,Non-Starter,Javon Ringer,Ten,RB|W/R/T
15,7.0,imdrunkrightnow,Starter,Tennessee Titans,Ten,DEF
16,17.66,imdrunkrightnow,Starter,Peyton Manning,Den,QB
16,3.7,imdrunkrightnow,Starter,DeSean Jackson,Bal,WR|W/R/T
16,8.6,imdrunkrightnow,Starter,Jacoby Ford,LV,WR|W/R/T
16,9.7,imdrunkrightnow,Starter,Ricky Williams,Bal,RB|W/R/T
16,3.2,imdrunkrightnow,Starter,Cedric Benson,GB,RB|W/R/T
16,12.2,imdrunkrightnow,Starter,Brent Celek,Phi,TE|W/R/T
16,5.8,imdrunkrightnow,Starter,Chris Johnson,Ari,RB|W/R/T
16,0.0,imdrunkrightnow,Non-Starter,Malcom Floyd,LAC,WR|W/R/T
16,10.0,imdrunkrightnow,Non-Starter,Jabar Gaffney,Mia,WR|W/R/T
16,12.45,imdrunkrightnow,Non-Starter,Jacoby Jones,LAC,WR|W/R/T
16,26.66,imdrunkrightnow,Non-Starter,Carson Palmer,Ari,QB
16,3.0,imdrunkrightnow,Non-Starter,Reggie Bush,Buf,RB|W/R/T
16,0.0,imdrunkrightnow,Non-Starter,Montario Hardesty,Cle,RB|W/R/T
16,0.0,imdrunkrightnow,Non-Starter,Javon Ringer,Ten,RB|W/R/T
16,4.0,imdrunkrightnow,Starter,Tennessee Titans,Ten,DEF
