1,7.36,Old Horse Medicine Show,Starter,Matt Ryan,Ind,QB
1,2.4,Old Horse Medicine Show,Starter,Courtland Sutton,Den,WR|W/R/T
1,7.6,Old Horse Medicine Show,Starter,Michael Gallup,Was,WR|W/R/T
1,22.1,Old Horse Medicine Show,Starter,Nick Chubb,Hou,RB|W/R/T
1,2.0,Old Horse Medicine Show,Starter,Raheem Mostert,LV,RB|W/R/T
1,11.8,Old Horse Medicine Show,Starter,George Kittle,SF,TE|W/R/T
1,0.0,Old Horse Medicine Show,Starter,Russell Gage,SF,WR|W/R/T
1,0.0,Old Horse Medicine Show,Non-Starter,Odell Beckham,Mia,WR|W/R/T
1,11.8,Old Horse Medicine Show,Non-Starter,David Johnson,NO,RB|W/R/T
1,18.2,Old Horse Medicine Show,Non-Starter,Nelson Agholor,Bal,WR|W/R/T
1,4.0,Old Horse Medicine Show,Starter,Tampa Bay Buccaneers,TB,DEF
2,21.22,Old Horse Medicine Show,Starter,Teddy Bridgewater,TB,QB
2,24.9,Old Horse Medicine Show,Starter,Courtland Sutton,Den,WR|W/R/T
2,5.1,Old Horse Medicine Show,Starter,Nelson Agholor,Bal,WR|W/R/T
2,16.8,Old Horse Medicine Show,Starter,Nick Chubb,Hou,RB|W/R/T
2,3.2,Old Horse Medicine Show,Starter,Kenneth Barber,LV,RB|W/R/T
2,5.7,Old Horse Medicine Show,Starter,George Kittle,SF,TE|W/R/T
2,24.4,Old Horse Medicine Show,Starter,Rondale Moore,Min,WR|W/R/T
2,23.9,Old Horse Medicine Show,Non-Starter,Cordarrelle Patterson,Pit,WR|RB|W/R/T
2,6.7,Old Horse Medicine Show,Non-Starter,David Johnson,NO,RB|W/R/T
2,0.0,Old Horse Medicine Show,Non-Starter,Odell Beckham,Mia,WR|W/R/T
2,21.5,Old Horse Medicine Show,Starter,Tampa Bay Buccaneers,TB,DEF
2,0.0,Old Horse Medicine Show,Starter,Michael Gallup,Was,WR|W/R/T
3,11.8,Old Horse Medicine Show,Starter,Teddy Bridgewater,TB,QB
3,8.7,Old Horse Medicine Show,Starter,Courtland Sutton,Den,WR|W/R/T
3,2.4,Old Horse Medicine Show,Starter,Rondale Moore,Min,WR|W/R/T
3,8.4,Old Horse Medicine Show,Starter,Nick Chubb,Hou,RB|W/R/T
3,16.2,Old Horse Medicine Show,Starter,Cordarrelle Patterson,Pit,WR|RB|W/R/T
3,17.1,Old Horse Medicine Show,Starter,George Kittle,SF,TE|W/R/T
3,13.7,Old Horse Medicine Show,Starter,Odell Beckham,Mia,WR|W/R/T
3,3.7,Old Horse Medicine Show,Non-Starter,Nelson Agholor,Bal,WR|W/R/T
3,23.2,Old Horse Medicine Show,Non-Starter,Kenneth Barber,LV,RB|W/R/T
3,1.1,Old Horse Medicine Show,Non-Starter,David Johnson,NO,RB|W/R/T
3,1.5,Old Horse Medicine Show,Starter,Tampa Bay Buccaneers,TB,DEF
3,0.0,Old Horse Medicine Show,Starter,Michael Gallup,Was,WR|W/R/T
4,6.8,Old Horse Medicine Show,Starter,Teddy Bridgewater,TB,QB
4,7.7,Old Horse Medicine Show,Starter,Courtland Sutton,Den,WR|W/R/T
4,5.1,Old Horse Medicine Show,Starter,Odell Beckham,Mia,WR|W/R/T
4,11.5,Old Horse Medicine Show,Starter,Nick Chubb,Hou,RB|W/R/T
4,34.6,Old Horse Medicine Show,Starter,Cordarrelle Patterson,Pit,WR|RB|W/R/T
4,8.0,Old Horse Medicine Show,Starter,George Kittle,SF,TE|W/R/T
4,8.9,Old Horse Medicine Show,Starter,Nelson Agholor,Bal,WR|W/R/T
4,6.7,Old Horse Medicine Show,Non-Starter,Rondale Moore,Min,WR|W/R/T
4,0.0,Old Horse Medicine Show,Non-Starter,Kenneth Barber,LV,RB|W/R/T
4,7.8,Old Horse Medicine Show,Non-Starter,David Johnson,NO,RB|W/R/T
4,13.0,Old Horse Medicine Show,Starter,Tampa Bay Buccaneers,TB,DEF
4,0.0,Old Horse Medicine Show,Starter,Michael Gallup,Was,WR|W/R/T
5,13.4,Old Horse Medicine Show,Starter,Kirk Cousins,Atl,QB
5,4.0,Old Horse Medicine Show,Starter,Odell Beckham,Mia,WR|W/R/T
5,25.0,Old Horse Medicine Show,Starter,Courtland Sutton,Den,WR|W/R/T
5,24.0,Old Horse Medicine Show,Starter,Nick Chubb,Hou,RB|W/R/T
5,18.4,Old Horse Medicine Show,Starter,Cordarrelle Patterson,Pit,WR|RB|W/R/T
5,1.7,Old Horse Medicine Show,Starter,Zach Ertz,Was,TE|W/R/T
5,6.5,Old Horse Medicine Show,Starter,Darnell Mooney,Atl,WR|W/R/T
5,10.1,Old Horse Medicine Show,Non-Starter,David Johnson,NO,RB|W/R/T
5,18.3,Old Horse Medicine Show,Non-Starter,Samaje Perine,Cin,RB|W/R/T
5,0.0,Old Horse Medicine Show,Non-Starter,Michael Gallup,Was,WR|W/R/T
5,9.0,Old Horse Medicine Show,Starter,Tampa Bay Buccaneers,TB,DEF
5,0.0,Old Horse Medicine Show,Starter,George Kittle,SF,TE|W/R/T
6,17.02,Old Horse Medicine Show,Starter,Carson Wentz,Min,QB
6,12.9,Old Horse Medicine Show,Starter,Odell Beckham,Mia,WR|W/R/T
6,23.4,Old Horse Medicine Show,Starter,Courtland Sutton,Den,WR|W/R/T
6,1.1,Old Horse Medicine Show,Starter,David Johnson,NO,RB|W/R/T
6,13.6,Old Horse Medicine Show,Starter,Latavius Murray,Buf,RB|W/R/T
6,12.9,Old Horse Medicine Show,Starter,Zach Ertz,Was,TE|W/R/T
6,15.5,Old Horse Medicine Show,Starter,Darnell Mooney,Atl,WR|W/R/T
6,0.0,Old Horse Medicine Show,Non-Starter,Nick Chubb,Hou,RB|W/R/T
6,0.0,Old Horse Medicine Show,Non-Starter,Cordarrelle Patterson,Pit,WR|RB|W/R/T
6,0.0,Old Horse Medicine Show,Non-Starter,Michael Gallup,Was,WR|W/R/T
6,8.5,Old Horse Medicine Show,Starter,Tampa Bay Buccaneers,TB,DEF
6,0.0,Old Horse Medicine Show,Starter,George Kittle,SF,TE|W/R/T
7,16.88,Old Horse Medicine Show,Starter,Jameis Winston,NYG,QB
7,11.8,Old Horse Medicine Show,Starter,Courtland Sutton,Den,WR|W/R/T
7,5.9,Old Horse Medicine Show,Starter,Darnell Mooney,Atl,WR|W/R/T
7,14.1,Old Horse Medicine Show,Starter,Cordarrelle Patterson,Pit,WR|RB|W/R/T
7,4.6,Old Horse Medicine Show,Starter,JaMycal Hasty,NE,RB|W/R/T
7,16.0,Old Horse Medicine Show,Starter,Zach Ertz,Was,TE|W/R/T
7,4.3,Old Horse Medicine Show,Starter,Odell Beckham,Mia,WR|W/R/T
7,0.0,Old Horse Medicine Show,Non-Starter,Nick Chubb,Hou,RB|W/R/T
7,0.0,Old Horse Medicine Show,Non-Starter,Michael Gallup,Was,WR|W/R/T
7,0.0,Old Horse Medicine Show,Non-Starter,George Kittle,SF,TE|W/R/T
7,24.5,Old Horse Medicine Show,Starter,Tampa Bay Buccaneers,TB,DEF
7,0.0,Old Horse Medicine Show,Starter,Chris Carson,Sea,RB|W/R/T
8,12.62,Old Horse Medicine Show,Starter,Teddy Bridgewater,TB,QB
8,6.0,Old Horse Medicine Show,Starter,Courtland Sutton,Den,WR|W/R/T
8,12.4,Old Horse Medicine Show,Starter,Darnell Mooney,Atl,WR|W/R/T
8,18.2,Old Horse Medicine Show,Starter,Cordarrelle Patterson,Pit,WR|RB|W/R/T
8,7.9,Old Horse Medicine Show,Starter,Nick Chubb,Hou,RB|W/R/T
8,8.2,Old Horse Medicine Show,Starter,Zach Ertz,Was,TE|W/R/T
8,1.6,Old Horse Medicine Show,Starter,Odell Beckham,Mia,WR|W/R/T
8,0.0,Old Horse Medicine Show,Non-Starter,Michael Gallup,Was,WR|W/R/T
8,0.0,Old Horse Medicine Show,Non-Starter,George Kittle,SF,TE|W/R/T
8,1.3,Old Horse Medicine Show,Non-Starter,David Johnson,NO,RB|W/R/T
8,2.5,Old Horse Medicine Show,Starter,Tampa Bay Buccaneers,TB,DEF
8,0.0,Old Horse Medicine Show,Starter,Chris Carson,Sea,RB|W/R/T
9,8.46,Old Horse Medicine Show,Starter,Jacoby Brissett,Ari,QB
9,3.9,Old Horse Medicine Show,Starter,Courtland Sutton,Den,WR|W/R/T
9,0.0,Old Horse Medicine Show,Starter,Bryan Edwards,KC,WR|W/R/T
9,19.6,Old Horse Medicine Show,Starter,Cordarrelle Patterson,Pit,WR|RB|W/R/T
9,30.3,Old Horse Medicine Show,Starter,Nick Chubb,Hou,RB|W/R/T
9,5.7,Old Horse Medicine Show,Starter,Zach Ertz,Was,TE|W/R/T
9,20.1,Old Horse Medicine Show,Starter,George Kittle,SF,TE|W/R/T
9,0.0,Old Horse Medicine Show,Non-Starter,Michael Gallup,Was,WR|W/R/T
9,0.0,Old Horse Medicine Show,Non-Starter,Odell Beckham,Mia,WR|W/R/T
9,0.0,Old Horse Medicine Show,Non-Starter,Antonio Brown,TB,WR|W/R/T
9,5.5,Old Horse Medicine Show,Starter,New Orleans Saints,NO,DEF
9,0.0,Old Horse Medicine Show,Starter,Chris Carson,Sea,RB|W/R/T
10,0.68,Old Horse Medicine Show,Starter,Matt Ryan,Ind,QB
10,4.9,Old Horse Medicine Show,Starter,Courtland Sutton,Den,WR|W/R/T
10,7.2,Old Horse Medicine Show,Starter,Michael Gallup,Was,WR|W/R/T
10,4.9,Old Horse Medicine Show,Starter,Cordarrelle Patterson,Pit,WR|RB|W/R/T
10,5.0,Old Horse Medicine Show,Starter,Alexander Mattison,Mia,RB|W/R/T
10,8.6,Old Horse Medicine Show,Starter,Zach Ertz,Was,TE|W/R/T
10,16.0,Old Horse Medicine Show,Starter,George Kittle,SF,TE|W/R/T
10,3.8,Old Horse Medicine Show,Non-Starter,Odell Beckham,Mia,WR|W/R/T
10,0.0,Old Horse Medicine Show,Non-Starter,Nick Chubb,Hou,RB|W/R/T
10,0.0,Old Horse Medicine Show,Non-Starter,Antonio Brown,TB,WR|W/R/T
10,6.5,Old Horse Medicine Show,Starter,New Orleans Saints,NO,DEF
10,0.0,Old Horse Medicine Show,Starter,Chris Carson,Sea,RB|W/R/T
11,17.52,Old Horse Medicine Show,Starter,Tua Tagovailoa,Mia,QB
11,9.4,Old Horse Medicine Show,Starter,Michael Gallup,Was,WR|W/R/T
11,6.5,Old Horse Medicine Show,Starter,Corey Davis,NYJ,WR|W/R/T
11,22.4,Old Horse Medicine Show,Starter,Nick Chubb,Hou,RB|W/R/T
11,0.5,Old Horse Medicine Show,Starter,Alexander Mattison,Mia,RB|W/R/T
11,28.8,Old Horse Medicine Show,Starter,Zach Ertz,Was,TE|W/R/T
11,13.4,Old Horse Medicine Show,Starter,George Kittle,SF,TE|W/R/T
11,0.0,Old Horse Medicine Show,Non-Starter,Cordarrelle Patterson,Pit,WR|RB|W/R/T
11,0.0,Old Horse Medicine Show,Non-Starter,Courtland Sutton,Den,WR|W/R/T
11,0.0,Old Horse Medicine Show,Non-Starter,Odell Beckham,Mia,WR|W/R/T
11,14.5,Old Horse Medicine Show,Starter,San Francisco 49ers,SF,DEF
11,0.0,Old Horse Medicine Show,Starter,Antonio Brown,TB,WR|W/R/T
12,15.32,Old Horse Medicine Show,Starter,Tyrod Taylor,NYJ,QB
12,15.6,Old Horse Medicine Show,Starter,Michael Gallup,Was,WR|W/R/T
12,19.1,Old Horse Medicine Show,Starter,Odell Beckham,Mia,WR|W/R/T
12,5.9,Old Horse Medicine Show,Starter,Nick Chubb,Hou,RB|W/R/T
12,2.7,Old Horse Medicine Show,Starter,Tony Jones,Ari,RB|W/R/T
12,2.3,Old Horse Medicine Show,Starter,George Kittle,SF,TE|W/R/T
12,27.5,Old Horse Medicine Show,Starter,Cordarrelle Patterson,Pit,WR|RB|W/R/T
12,10.8,Old Horse Medicine Show,Non-Starter,Alexander Mattison,Mia,RB|W/R/T
12,0.0,Old Horse Medicine Show,Non-Starter,Zach Ertz,Was,TE|W/R/T
12,23.1,Old Horse Medicine Show,Non-Starter,Kendrick Bourne,NE,WR|W/R/T
12,6.5,Old Horse Medicine Show,Starter,San Francisco 49ers,SF,DEF
12,0.0,Old Horse Medicine Show,Starter,Antonio Brown,TB,WR|W/R/T
13,1.3,Old Horse Medicine Show,Starter,Tyrod Taylor,NYJ,QB
13,14.6,Old Horse Medicine Show,Starter,Michael Gallup,Was,WR|W/R/T
13,10.8,Old Horse Medicine Show,Starter,Odell Beckham,Mia,WR|W/R/T
13,21.4,Old Horse Medicine Show,Starter,Alexander Mattison,Mia,RB|W/R/T
13,12.6,Old Horse Medicine Show,Starter,Cordarrelle Patterson,Pit,WR|RB|W/R/T
13,39.6,Old Horse Medicine Show,Starter,George Kittle,SF,TE|W/R/T
13,2.0,Old Horse Medicine Show,Starter,Zach Ertz,Was,TE|W/R/T
13,0.0,Old Horse Medicine Show,Non-Starter,Tony Jones,Ari,RB|W/R/T
13,0.0,Old Horse Medicine Show,Non-Starter,Nick Chubb,Hou,RB|W/R/T
13,0.3,Old Horse Medicine Show,Non-Starter,Kendrick Bourne,NE,WR|W/R/T
13,13.0,Old Horse Medicine Show,Starter,San Francisco 49ers,SF,DEF
13,0.0,Old Horse Medicine Show,Starter,Antonio Brown,TB,WR|W/R/T
14,24.82,Old Horse Medicine Show,Starter,Ben Roethlisberger,Pit,QB
14,11.0,Old Horse Medicine Show,Starter,Michael Gallup,Was,WR|W/R/T
14,19.7,Old Horse Medicine Show,Starter,Odell Beckham,Mia,WR|W/R/T
14,13.9,Old Horse Medicine Show,Starter,Cordarrelle Patterson,Pit,WR|RB|W/R/T
14,9.5,Old Horse Medicine Show,Starter,Nick Chubb,Hou,RB|W/R/T
14,34.1,Old Horse Medicine Show,Starter,George Kittle,SF,TE|W/R/T
14,5.0,Old Horse Medicine Show,Starter,Marquez Valdes-Scantling,Sea,WR|W/R/T
14,2.7,Old Horse Medicine Show,Non-Starter,Alexander Mattison,Mia,RB|W/R/T
14,9.2,Old Horse Medicine Show,Non-Starter,Zach Ertz,Was,TE|W/R/T
14,0.0,Old Horse Medicine Show,Non-Starter,Antonio Brown,TB,WR|W/R/T
14,13.0,Old Horse Medicine Show,Starter,San Francisco 49ers,SF,DEF
1,13.38,AirBudGoldenReceiver,Starter,Justin Herbert,LAC,QB
1,10.2,AirBudGoldenReceiver,Starter,Terry McLaurin,Was,WR|W/R/T
1,23.8,AirBudGoldenReceiver,Starter,Cooper Kupp,Sea,WR|W/R/T
1,20.4,AirBudGoldenReceiver,Starter,Dalvin Cook,Dal,RB|W/R/T
1,15.7,AirBudGoldenReceiver,Starter,Darrell Henderson,LAR,RB|W/R/T
1,12.0,AirBudGoldenReceiver,Starter,Logan Thomas,SF,TE|W/R/T
1,19.1,AirBudGoldenReceiver,Starter,DeVonta Smith,Phi,WR|W/R/T
1,1.6,AirBudGoldenReceiver,Non-Starter,Alexander Mattison,Mia,RB|W/R/T
1,24.3,AirBudGoldenReceiver,Non-Starter,Sterling Shepard,TB,WR|W/R/T
1,16.18,AirBudGoldenReceiver,Non-Starter,Tua Tagovailoa,Mia,QB
1,9.5,AirBudGoldenReceiver,Starter,Washington Commanders,Was,DEF
2,14.72,AirBudGoldenReceiver,Starter,Justin Herbert,LAC,QB
2,27.7,AirBudGoldenReceiver,Starter,Terry McLaurin,Was,WR|W/R/T
2,36.8,AirBudGoldenReceiver,Starter,Cooper Kupp,Sea,WR|W/R/T
2,16.8,AirBudGoldenReceiver,Starter,Dalvin Cook,Dal,RB|W/R/T
2,17.2,AirBudGoldenReceiver,Starter,Darrell Henderson,LAR,RB|W/R/T
2,9.5,AirBudGoldenReceiver,Starter,Logan Thomas,SF,TE|W/R/T
2,3.6,AirBudGoldenReceiver,Starter,DeVonta Smith,Phi,WR|W/R/T
2,3.8,AirBudGoldenReceiver,Non-Starter,Alexander Mattison,Mia,RB|W/R/T
2,17.5,AirBudGoldenReceiver,Non-Starter,Sterling Shepard,TB,WR|W/R/T
2,0.52,AirBudGoldenReceiver,Non-Starter,Tua Tagovailoa,Mia,QB
2,7.5,AirBudGoldenReceiver,Starter,Washington Commanders,Was,DEF
3,30.84,AirBudGoldenReceiver,Starter,Justin Herbert,LAC,QB
3,10.2,AirBudGoldenReceiver,Starter,Terry McLaurin,Was,WR|W/R/T
3,30.6,AirBudGoldenReceiver,Starter,Cooper Kupp,Sea,WR|W/R/T
3,23.1,AirBudGoldenReceiver,Starter,Alexander Mattison,Mia,RB|W/R/T
3,3.3,AirBudGoldenReceiver,Starter,Demetric Felton,Was,WR|RB|W/R/T
3,12.2,AirBudGoldenReceiver,Starter,Logan Thomas,SF,TE|W/R/T
3,3.6,AirBudGoldenReceiver,Starter,Sterling Shepard,TB,WR|W/R/T
3,0.0,AirBudGoldenReceiver,Non-Starter,Darrell Henderson,LAR,RB|W/R/T
3,0.0,AirBudGoldenReceiver,Non-Starter,Dalvin Cook,Dal,RB|W/R/T
3,5.8,AirBudGoldenReceiver,Non-Starter,DeVonta Smith,Phi,WR|W/R/T
3,-2.5,AirBudGoldenReceiver,Starter,Washington Commanders,Was,DEF
3,0.0,AirBudGoldenReceiver,Starter,Tua Tagovailoa,Mia,QB
4,21.28,AirBudGoldenReceiver,Starter,Justin Herbert,LAC,QB
4,30.3,AirBudGoldenReceiver,Starter,Terry McLaurin,Was,WR|W/R/T
4,11.4,AirBudGoldenReceiver,Starter,Cooper Kupp,Sea,WR|W/R/T
4,16.6,AirBudGoldenReceiver,Starter,Darrell Henderson,LAR,RB|W/R/T
4,6.4,AirBudGoldenReceiver,Starter,Dalvin Cook,Dal,RB|W/R/T
4,0.0,AirBudGoldenReceiver,Starter,Logan Thomas,SF,TE|W/R/T
4,19.2,AirBudGoldenReceiver,Starter,DeVonta Smith,Phi,WR|W/R/T
4,2.0,AirBudGoldenReceiver,Non-Starter,Alexander Mattison,Mia,RB|W/R/T
4,0.0,AirBudGoldenReceiver,Non-Starter,Sterling Shepard,TB,WR|W/R/T
4,8.9,AirBudGoldenReceiver,Non-Starter,Sammy Watkins,Bal,WR|W/R/T
4,9.5,AirBudGoldenReceiver,Starter,Washington Commanders,Was,DEF
4,0.0,AirBudGoldenReceiver,Starter,Tua Tagovailoa,Mia,QB
5,42.82,AirBudGoldenReceiver,Starter,Justin Herbert,LAC,QB
5,8.6,AirBudGoldenReceiver,Starter,Terry McLaurin,Was,WR|W/R/T
5,16.2,AirBudGoldenReceiver,Starter,Cooper Kupp,Sea,WR|W/R/T
5,16.9,AirBudGoldenReceiver,Starter,Darrell Henderson,LAR,RB|W/R/T
5,26.3,AirBudGoldenReceiver,Starter,Alexander Mattison,Mia,RB|W/R/T
5,20.7,AirBudGoldenReceiver,Starter,Dawson Knox,Buf,TE|W/R/T
5,14.7,AirBudGoldenReceiver,Starter,DeVonta Smith,Phi,WR|W/R/T
5,0.0,AirBudGoldenReceiver,Non-Starter,Dalvin Cook,Dal,RB|W/R/T
5,0.0,AirBudGoldenReceiver,Non-Starter,Sterling Shepard,TB,WR|W/R/T
5,0.0,AirBudGoldenReceiver,Non-Starter,Tua Tagovailoa,Mia,QB
5,11.0,AirBudGoldenReceiver,Starter,Minnesota Vikings,Min,DEF
5,0.0,AirBudGoldenReceiver,Starter,Logan Thomas,SF,TE|W/R/T
6,11.0,AirBudGoldenReceiver,Starter,Justin Herbert,LAC,QB
6,6.8,AirBudGoldenReceiver,Starter,Terry McLaurin,Was,WR|W/R/T
6,34.0,AirBudGoldenReceiver,Starter,Cooper Kupp,Sea,WR|W/R/T
6,24.7,AirBudGoldenReceiver,Starter,Darrell Henderson,LAR,RB|W/R/T
6,22.3,AirBudGoldenReceiver,Starter,Dalvin Cook,Dal,RB|W/R/T
6,7.5,AirBudGoldenReceiver,Starter,Dawson Knox,Buf,TE|W/R/T
6,5.1,AirBudGoldenReceiver,Starter,DeVonta Smith,Phi,WR|W/R/T
6,1.0,AirBudGoldenReceiver,Non-Starter,Alexander Mattison,Mia,RB|W/R/T
6,17.6,AirBudGoldenReceiver,Non-Starter,Sterling Shepard,TB,WR|W/R/T
6,21.36,AirBudGoldenReceiver,Non-Starter,Tua Tagovailoa,Mia,QB
6,10.5,AirBudGoldenReceiver,Starter,Minnesota Vikings,Min,DEF
6,0.0,AirBudGoldenReceiver,Starter,Logan Thomas,SF,TE|W/R/T
7,26.54,AirBudGoldenReceiver,Starter,Tua Tagovailoa,Mia,QB
7,25.2,AirBudGoldenReceiver,Starter,Terry McLaurin,Was,WR|W/R/T
7,37.6,AirBudGoldenReceiver,Starter,Cooper Kupp,Sea,WR|W/R/T
7,9.4,AirBudGoldenReceiver,Starter,Darrell Henderson,LAR,RB|W/R/T
7,24.8,AirBudGoldenReceiver,Starter,D'Ernest Johnson,Bal,RB|W/R/T
7,24.1,AirBudGoldenReceiver,Starter,C.J. Uzomah,Phi,TE|W/R/T
7,11.1,AirBudGoldenReceiver,Starter,DeVonta Smith,Phi,WR|W/R/T
7,0.0,AirBudGoldenReceiver,Non-Starter,Sterling Shepard,TB,WR|W/R/T
7,0.0,AirBudGoldenReceiver,Non-Starter,Dalvin Cook,Dal,RB|W/R/T
7,0.0,AirBudGoldenReceiver,Non-Starter,Justin Herbert,LAC,QB
7,14.5,AirBudGoldenReceiver,Starter,New England Patriots,NE,DEF
7,0.0,AirBudGoldenReceiver,Starter,Logan Thomas,SF,TE|W/R/T
8,11.82,AirBudGoldenReceiver,Starter,Justin Herbert,LAC,QB
8,6.5,AirBudGoldenReceiver,Starter,Terry McLaurin,Was,WR|W/R/T
8,24.5,AirBudGoldenReceiver,Starter,Cooper Kupp,Sea,WR|W/R/T
8,22.3,AirBudGoldenReceiver,Starter,Darrell Henderson,LAR,RB|W/R/T
8,7.8,AirBudGoldenReceiver,Starter,Dalvin Cook,Dal,RB|W/R/T
8,7.3,AirBudGoldenReceiver,Starter,C.J. Uzomah,Phi,TE|W/R/T
8,2.5,AirBudGoldenReceiver,Starter,DeVonta Smith,Phi,WR|W/R/T
8,9.9,AirBudGoldenReceiver,Non-Starter,D'Ernest Johnson,Bal,RB|W/R/T
8,15.2,AirBudGoldenReceiver,Non-Starter,Tua Tagovailoa,Mia,QB
8,6.5,AirBudGoldenReceiver,Non-Starter,Sterling Shepard,TB,WR|W/R/T
8,6.5,AirBudGoldenReceiver,Starter,Dallas Cowboys,Dal,DEF
8,0.0,AirBudGoldenReceiver,Starter,Logan Thomas,SF,TE|W/R/T
9,31.64,AirBudGoldenReceiver,Starter,Justin Herbert,LAC,QB
9,20.5,AirBudGoldenReceiver,Starter,Cooper Kupp,Sea,WR|W/R/T
9,22.6,AirBudGoldenReceiver,Starter,DeVonta Smith,Phi,WR|W/R/T
9,8.8,AirBudGoldenReceiver,Starter,Darrell Henderson,LAR,RB|W/R/T
9,15.2,AirBudGoldenReceiver,Starter,Dalvin Cook,Dal,RB|W/R/T
9,6.4,AirBudGoldenReceiver,Starter,C.J. Uzomah,Phi,TE|W/R/T
9,5.7,AirBudGoldenReceiver,Starter,Samaje Perine,Cin,RB|W/R/T
9,0.0,AirBudGoldenReceiver,Non-Starter,Dawson Knox,Buf,TE|W/R/T
9,0.0,AirBudGoldenReceiver,Non-Starter,Sterling Shepard,TB,WR|W/R/T
9,0.0,AirBudGoldenReceiver,Non-Starter,Terry McLaurin,Was,WR|W/R/T
9,9.5,AirBudGoldenReceiver,Starter,Dallas Cowboys,Dal,DEF
9,0.0,AirBudGoldenReceiver,Starter,Logan Thomas,SF,TE|W/R/T
10,12.0,AirBudGoldenReceiver,Starter,Justin Herbert,LAC,QB
10,23.2,AirBudGoldenReceiver,Starter,Cooper Kupp,Sea,WR|W/R/T
10,22.6,AirBudGoldenReceiver,Starter,DeVonta Smith,Phi,WR|W/R/T
10,8.1,AirBudGoldenReceiver,Starter,Darrell Henderson,LAR,RB|W/R/T
10,20.8,AirBudGoldenReceiver,Starter,Dalvin Cook,Dal,RB|W/R/T
10,2.7,AirBudGoldenReceiver,Starter,Dawson Knox,Buf,TE|W/R/T
10,11.9,AirBudGoldenReceiver,Starter,Terry McLaurin,Was,WR|W/R/T
10,0.0,AirBudGoldenReceiver,Non-Starter,Samaje Perine,Cin,RB|W/R/T
10,0.0,AirBudGoldenReceiver,Non-Starter,Sterling Shepard,TB,WR|W/R/T
10,2.2,AirBudGoldenReceiver,Non-Starter,Eno Benjamin,NO,RB|W/R/T
10,27.0,AirBudGoldenReceiver,Starter,Dallas Cowboys,Dal,DEF
10,0.0,AirBudGoldenReceiver,Starter,Logan Thomas,SF,TE|W/R/T
11,34.28,AirBudGoldenReceiver,Starter,Justin Herbert,LAC,QB
11,10.1,AirBudGoldenReceiver,Starter,DeVonta Smith,Phi,WR|W/R/T
11,21.3,AirBudGoldenReceiver,Starter,Terry McLaurin,Was,WR|W/R/T
11,22.5,AirBudGoldenReceiver,Starter,Dalvin Cook,Dal,RB|W/R/T
11,-0.3,AirBudGoldenReceiver,Starter,Wayne Gallman,Sea,RB|W/R/T
11,14.0,AirBudGoldenReceiver,Starter,Dawson Knox,Buf,TE|W/R/T
11,5.3,AirBudGoldenReceiver,Starter,Latavius Murray,Buf,RB|W/R/T
11,0.0,AirBudGoldenReceiver,Non-Starter,Sterling Shepard,TB,WR|W/R/T
11,0.0,AirBudGoldenReceiver,Non-Starter,Darrell Henderson,LAR,RB|W/R/T
11,0.0,AirBudGoldenReceiver,Non-Starter,Cooper Kupp,Sea,WR|W/R/T
11,11.0,AirBudGoldenReceiver,Starter,Dallas Cowboys,Dal,DEF
11,0.0,AirBudGoldenReceiver,Starter,Logan Thomas,SF,TE|W/R/T
12,17.72,AirBudGoldenReceiver,Starter,Justin Herbert,LAC,QB
12,9.1,AirBudGoldenReceiver,Starter,Terry McLaurin,Was,WR|W/R/T
12,18.6,AirBudGoldenReceiver,Starter,Cooper Kupp,Sea,WR|W/R/T
12,14.3,AirBudGoldenReceiver,Starter,Dalvin Cook,Dal,RB|W/R/T
12,17.3,AirBudGoldenReceiver,Starter,Darrell Henderson,LAR,RB|W/R/T
12,18.2,AirBudGoldenReceiver,Starter,Dawson Knox,Buf,TE|W/R/T
12,4.2,AirBudGoldenReceiver,Starter,DeVonta Smith,Phi,WR|W/R/T
12,1.4,AirBudGoldenReceiver,Non-Starter,Latavius Murray,Buf,RB|W/R/T
12,0.0,AirBudGoldenReceiver,Non-Starter,Sterling Shepard,TB,WR|W/R/T
12,4.6,AirBudGoldenReceiver,Non-Starter,Rhamondre Stevenson,NE,RB|W/R/T
12,8.5,AirBudGoldenReceiver,Starter,Dallas Cowboys,Dal,DEF
12,6.1,AirBudGoldenReceiver,Starter,Logan Thomas,SF,TE|W/R/T
13,25.28,AirBudGoldenReceiver,Starter,Justin Herbert,LAC,QB
13,5.2,AirBudGoldenReceiver,Starter,Terry McLaurin,Was,WR|W/R/T
13,26.9,AirBudGoldenReceiver,Starter,Cooper Kupp,Sea,WR|W/R/T
13,7.8,AirBudGoldenReceiver,Starter,Rhamondre Stevenson,NE,RB|W/R/T
13,4.5,AirBudGoldenReceiver,Starter,Wendell Smallwood,Jax,RB|W/R/T
13,13.8,AirBudGoldenReceiver,Starter,Logan Thomas,SF,TE|W/R/T
13,3.5,AirBudGoldenReceiver,Starter,DeVonta Smith,Phi,WR|W/R/T
13,0.0,AirBudGoldenReceiver,Non-Starter,Darrell Henderson,LAR,RB|W/R/T
13,3.4,AirBudGoldenReceiver,Non-Starter,Dawson Knox,Buf,TE|W/R/T
13,0.0,AirBudGoldenReceiver,Non-Starter,Dalvin Cook,Dal,RB|W/R/T
13,14.0,AirBudGoldenReceiver,Starter,Miami Dolphins,Mia,DEF
14,24.9,AirBudGoldenReceiver,Starter,Justin Herbert,LAC,QB
14,0.0,AirBudGoldenReceiver,Starter,Terry McLaurin,Was,WR|W/R/T
14,31.3,AirBudGoldenReceiver,Starter,Cooper Kupp,Sea,WR|W/R/T
14,35.2,AirBudGoldenReceiver,Starter,Dalvin Cook,Dal,RB|W/R/T
14,26.8,AirBudGoldenReceiver,Starter,Rashaad Penny,Phi,RB|W/R/T
14,19.0,AirBudGoldenReceiver,Starter,Dawson Knox,Buf,TE|W/R/T
14,2.7,AirBudGoldenReceiver,Starter,Alex Collins,Sea,RB|W/R/T
14,0.0,AirBudGoldenReceiver,Non-Starter,Darrell Henderson,LAR,RB|W/R/T
14,0.0,AirBudGoldenReceiver,Non-Starter,DeVonta Smith,Phi,WR|W/R/T
14,0.0,AirBudGoldenReceiver,Non-Starter,Rhamondre Stevenson,NE,RB|W/R/T
14,18.5,AirBudGoldenReceiver,Starter,Cleveland Browns,Cle,DEF
15,23.04,AirBudGoldenReceiver,Starter,Justin Herbert,LAC,QB
15,34.7,AirBudGoldenReceiver,Starter,Cooper Kupp,Sea,WR|W/R/T
15,7.0,AirBudGoldenReceiver,Starter,DeVonta Smith,Phi,WR|W/R/T
15,11.1,AirBudGoldenReceiver,Starter,Dalvin Cook,Dal,RB|W/R/T
15,6.4,AirBudGoldenReceiver,Starter,Rashaad Penny,Phi,RB|W/R/T
15,7.8,AirBudGoldenReceiver,Starter,Dawson Knox,Buf,TE|W/R/T
15,5.0,AirBudGoldenReceiver,Starter,Rhamondre Stevenson,NE,RB|W/R/T
15,7.1,AirBudGoldenReceiver,Non-Starter,Terry McLaurin,Was,WR|W/R/T
15,0.0,AirBudGoldenReceiver,Non-Starter,Alex Collins,Sea,RB|W/R/T
15,4.7,AirBudGoldenReceiver,Non-Starter,Darrell Henderson,LAR,RB|W/R/T
15,10.0,AirBudGoldenReceiver,Starter,Cleveland Browns,Cle,DEF
16,14.94,AirBudGoldenReceiver,Starter,Justin Herbert,LAC,QB
16,21.3,AirBudGoldenReceiver,Starter,Cooper Kupp,Sea,WR|W/R/T
16,7.0,AirBudGoldenReceiver,Starter,Terry McLaurin,Was,WR|W/R/T
16,19.5,AirBudGoldenReceiver,Starter,Rashaad Penny,Phi,RB|W/R/T
16,1.7,AirBudGoldenReceiver,Starter,Darrell Henderson,LAR,RB|W/R/T
16,9.1,AirBudGoldenReceiver,Starter,Dawson Knox,Buf,TE|W/R/T
16,19.0,AirBudGoldenReceiver,Starter,DeVonta Smith,Phi,WR|W/R/T
16,0.0,AirBudGoldenReceiver,Non-Starter,Rhamondre Stevenson,NE,RB|W/R/T
16,0.0,AirBudGoldenReceiver,Non-Starter,Dalvin Cook,Dal,RB|W/R/T
16,1.7,AirBudGoldenReceiver,Non-Starter,Mark Ingram II,NO,RB|W/R/T
16,7.0,AirBudGoldenReceiver,Starter,Buffalo Bills,Buf,DEF
17,17.68,AirBudGoldenReceiver,Starter,Justin Herbert,LAC,QB
17,21.5,AirBudGoldenReceiver,Starter,Cooper Kupp,Sea,WR|W/R/T
17,13.1,AirBudGoldenReceiver,Starter,Terry McLaurin,Was,WR|W/R/T
17,32.5,AirBudGoldenReceiver,Starter,Rashaad Penny,Phi,RB|W/R/T
17,4.3,AirBudGoldenReceiver,Starter,Dalvin Cook,Dal,RB|W/R/T
17,0.0,AirBudGoldenReceiver,Starter,Dawson Knox,Buf,TE|W/R/T
17,8.4,AirBudGoldenReceiver,Starter,DeVonta Smith,Phi,WR|W/R/T
17,0.0,AirBudGoldenReceiver,Non-Starter,Darrell Henderson,LAR,RB|W/R/T
17,22.7,AirBudGoldenReceiver,Non-Starter,Rhamondre Stevenson,NE,RB|W/R/T
17,0.0,AirBudGoldenReceiver,Non-Starter,Mark Ingram II,NO,RB|W/R/T
17,12.0,AirBudGoldenReceiver,Starter,Buffalo Bills,Buf,DEF
1,19.08,A Shot and a Chase,Starter,Trevor Lawrence,Jax,QB
1,19.0,A Shot and a Chase,Starter,Keenan Allen,LAC,WR|W/R/T
1,23.5,A Shot and a Chase,Starter,Chris Godwin,TB,WR|W/R/T
1,27.7,A Shot and a Chase,Starter,Christian McCaffrey,SF,RB|W/R/T
1,5.1,A Shot and a Chase,Starter,Javonte Williams,Dal,RB|W/R/T
1,9.8,A Shot and a Chase,Starter,Jonnu Smith,Pit,TE|W/R/T
1,20.9,A Shot and a Chase,Starter,Ja'Marr Chase,Cin,WR|W/R/T
1,3.0,A Shot and a Chase,Non-Starter,Michael Carter,Ari,RB|W/R/T
1,16.1,A Shot and a Chase,Non-Starter,Jaylen Waddle,Mia,WR|W/R/T
1,6.3,A Shot and a Chase,Non-Starter,Tony Jones,Ari,RB|W/R/T
1,7.0,A Shot and a Chase,Starter,Miami Dolphins,Mia,DEF
2,6.82,A Shot and a Chase,Starter,Trevor Lawrence,Jax,QB
2,14.8,A Shot and a Chase,Starter,Keenan Allen,LAC,WR|W/R/T
2,16.2,A Shot and a Chase,Starter,Chris Godwin,TB,WR|W/R/T
2,24.7,A Shot and a Chase,Starter,Christian McCaffrey,SF,RB|W/R/T
2,8.4,A Shot and a Chase,Starter,Javonte Williams,Dal,RB|W/R/T
2,6.8,A Shot and a Chase,Starter,Jonnu Smith,Pit,TE|W/R/T
2,13.4,A Shot and a Chase,Starter,Ja'Marr Chase,Cin,WR|W/R/T
2,10.8,A Shot and a Chase,Non-Starter,Michael Carter,Ari,RB|W/R/T
2,8.8,A Shot and a Chase,Non-Starter,Jaylen Waddle,Mia,WR|W/R/T
2,0.7,A Shot and a Chase,Non-Starter,Tony Jones,Ari,RB|W/R/T
2,2.0,A Shot and a Chase,Starter,Miami Dolphins,Mia,DEF
3,16.54,A Shot and a Chase,Starter,Daniel Jones,Ind,QB
3,19.0,A Shot and a Chase,Starter,Keenan Allen,LAC,WR|W/R/T
3,19.6,A Shot and a Chase,Starter,Chris Godwin,TB,WR|W/R/T
3,6.0,A Shot and a Chase,Starter,Christian McCaffrey,SF,RB|W/R/T
3,13.2,A Shot and a Chase,Starter,Javonte Williams,Dal,RB|W/R/T
3,1.4,A Shot and a Chase,Starter,Jonnu Smith,Pit,TE|W/R/T
3,22.5,A Shot and a Chase,Starter,Ja'Marr Chase,Cin,WR|W/R/T
3,4.9,A Shot and a Chase,Non-Starter,Michael Carter,Ari,RB|W/R/T
3,17.8,A Shot and a Chase,Non-Starter,Jaylen Waddle,Mia,WR|W/R/T
3,4.2,A Shot and a Chase,Non-Starter,Tony Jones,Ari,RB|W/R/T
3,12.5,A Shot and a Chase,Starter,Carolina Panthers,Car,DEF
4,26.78,A Shot and a Chase,Starter,Daniel Jones,Ind,QB
4,10.6,A Shot and a Chase,Starter,Keenan Allen,LAC,WR|W/R/T
4,8.5,A Shot and a Chase,Starter,Chris Godwin,TB,WR|W/R/T
4,8.9,A Shot and a Chase,Starter,Javonte Williams,Dal,RB|W/R/T
4,10.4,A Shot and a Chase,Starter,Michael Carter,Ari,RB|W/R/T
4,10.4,A Shot and a Chase,Starter,Jonnu Smith,Pit,TE|W/R/T
4,13.7,A Shot and a Chase,Starter,Ja'Marr Chase,Cin,WR|W/R/T
4,6.3,A Shot and a Chase,Non-Starter,Jaylen Waddle,Mia,WR|W/R/T
4,1.5,A Shot and a Chase,Non-Starter,Tony Jones,Ari,RB|W/R/T
4,17.7,A Shot and a Chase,Non-Starter,A.J. Green,Ari,WR|W/R/T
4,-3.5,A Shot and a Chase,Starter,Carolina Panthers,Car,DEF
4,0.0,A Shot and a Chase,Starter,Christian McCaffrey,SF,RB|W/R/T
5,4.82,A Shot and a Chase,Starter,Daniel Jones,Ind,QB
5,13.5,A Shot and a Chase,Starter,Keenan Allen,LAC,WR|W/R/T
5,14.0,A Shot and a Chase,Starter,Chris Godwin,TB,WR|W/R/T
5,11.6,A Shot and a Chase,Starter,Javonte Williams,Dal,RB|W/R/T
5,14.8,A Shot and a Chase,Starter,Michael Carter,Ari,RB|W/R/T
5,13.9,A Shot and a Chase,Starter,Dalton Schultz,Hou,TE|W/R/T
5,27.9,A Shot and a Chase,Starter,Ja'Marr Chase,Cin,WR|W/R/T
5,2.3,A Shot and a Chase,Non-Starter,A.J. Green,Ari,WR|W/R/T
5,0.0,A Shot and a Chase,Non-Starter,Christian McCaffrey,SF,RB|W/R/T
5,7.5,A Shot and a Chase,Non-Starter,Darrel Williams,Ari,RB|W/R/T
5,12.5,A Shot and a Chase,Starter,Carolina Panthers,Car,DEF
5,0.0,A Shot and a Chase,Starter,Tony Jones,Ari,RB|W/R/T
6,9.28,A Shot and a Chase,Starter,Taylor Heinicke,LAC,QB
6,10.0,A Shot and a Chase,Starter,Keenan Allen,LAC,WR|W/R/T
6,9.3,A Shot and a Chase,Starter,Chris Godwin,TB,WR|W/R/T
6,9.8,A Shot and a Chase,Starter,Javonte Williams,Dal,RB|W/R/T
6,23.9,A Shot and a Chase,Starter,Darrel Williams,Ari,RB|W/R/T
6,12.9,A Shot and a Chase,Starter,Dalton Schultz,Hou,TE|W/R/T
6,13.7,A Shot and a Chase,Starter,Ja'Marr Chase,Cin,WR|W/R/T
6,0.0,A Shot and a Chase,Non-Starter,Michael Carter,Ari,RB|W/R/T
6,0.0,A Shot and a Chase,Non-Starter,Christian McCaffrey,SF,RB|W/R/T
6,6.6,A Shot and a Chase,Non-Starter,Kadarius Toney,Cle,WR|W/R/T
6,13.5,A Shot and a Chase,Starter,Carolina Panthers,Car,DEF
6,0.0,A Shot and a Chase,Starter,Tony Jones,Ari,RB|W/R/T
7,19.02,A Shot and a Chase,Starter,Derek Carr,NO,QB
7,25.1,A Shot and a Chase,Starter,Chris Godwin,TB,WR|W/R/T
7,34.1,A Shot and a Chase,Starter,Ja'Marr Chase,Cin,WR|W/R/T
7,17.2,A Shot and a Chase,Starter,Javonte Williams,Dal,RB|W/R/T
7,8.0,A Shot and a Chase,Starter,Darrel Williams,Ari,RB|W/R/T
7,1.9,A Shot and a Chase,Starter,O.J. Howard,Hou,TE|W/R/T
7,16.4,A Shot and a Chase,Starter,Michael Carter,Ari,RB|W/R/T
7,0.0,A Shot and a Chase,Non-Starter,Dalton Schultz,Hou,TE|W/R/T
7,0.0,A Shot and a Chase,Non-Starter,Keenan Allen,LAC,WR|W/R/T
7,0.0,A Shot and a Chase,Non-Starter,Kadarius Toney,Cle,WR|W/R/T
7,7.5,A Shot and a Chase,Starter,Carolina Panthers,Car,DEF
7,0.0,A Shot and a Chase,Starter,Christian McCaffrey,SF,RB|W/R/T
8,16.34,A Shot and a Chase,Starter,Carson Wentz,Min,QB
8,28.0,A Shot and a Chase,Starter,Chris Godwin,TB,WR|W/R/T
8,13.1,A Shot and a Chase,Starter,Ja'Marr Chase,Cin,WR|W/R/T
8,6.8,A Shot and a Chase,Starter,Javonte Williams,Dal,RB|W/R/T
8,17.0,A Shot and a Chase,Starter,Darrel Williams,Ari,RB|W/R/T
8,3.1,A Shot and a Chase,Starter,Dalton Schultz,Hou,TE|W/R/T
8,19.7,A Shot and a Chase,Starter,Keenan Allen,LAC,WR|W/R/T
8,32.2,A Shot and a Chase,Non-Starter,Michael Carter,Ari,RB|W/R/T
8,0.0,A Shot and a Chase,Non-Starter,Derek Carr,NO,QB
8,7.36,A Shot and a Chase,Non-Starter,Kadarius Toney,Cle,WR|W/R/T
8,15.0,A Shot and a Chase,Starter,Carolina Panthers,Car,DEF
8,0.0,A Shot and a Chase,Starter,Christian McCaffrey,SF,RB|W/R/T
9,8.34,A Shot and a Chase,Starter,Derek Carr,NO,QB
9,8.9,A Shot and a Chase,Starter,Ja'Marr Chase,Cin,WR|W/R/T
9,22.4,A Shot and a Chase,Starter,Keenan Allen,LAC,WR|W/R/T
9,9.6,A Shot and a Chase,Starter,Michael Carter,Ari,RB|W/R/T
9,14.6,A Shot and a Chase,Starter,Christian McCaffrey,SF,RB|W/R/T
9,9.4,A Shot and a Chase,Starter,Dalton Schultz,Hou,TE|W/R/T
9,1.7,A Shot and a Chase,Starter,Kadarius Toney,Cle,WR|W/R/T
9,11.1,A Shot and a Chase,Non-Starter,Javonte Williams,Dal,RB|W/R/T
9,10.7,A Shot and a Chase,Non-Starter,Darrel Williams,Ari,RB|W/R/T
9,0.0,A Shot and a Chase,Non-Starter,Chris Godwin,TB,WR|W/R/T
9,9.5,A Shot and a Chase,Starter,Carolina Panthers,Car,DEF
10,18.24,A Shot and a Chase,Starter,Derek Carr,NO,QB
10,17.8,A Shot and a Chase,Starter,Keenan Allen,LAC,WR|W/R/T
10,12.7,A Shot and a Chase,Starter,Chris Godwin,TB,WR|W/R/T
10,18.2,A Shot and a Chase,Starter,Michael Carter,Ari,RB|W/R/T
10,26.1,A Shot and a Chase,Starter,Christian McCaffrey,SF,RB|W/R/T
10,2.4,A Shot and a Chase,Starter,Dalton Schultz,Hou,TE|W/R/T
10,29.4,A Shot and a Chase,Starter,Darrel Williams,Ari,RB|W/R/T
10,6.9,A Shot and a Chase,Non-Starter,Javonte Williams,Dal,RB|W/R/T
10,0.0,A Shot and a Chase,Non-Starter,Kadarius Toney,Cle,WR|W/R/T
10,0.0,A Shot and a Chase,Non-Starter,Ja'Marr Chase,Cin,WR|W/R/T
10,15.5,A Shot and a Chase,Starter,Carolina Panthers,Car,DEF
11,8.6,A Shot and a Chase,Starter,Derek Carr,NO,QB
11,20.2,A Shot and a Chase,Starter,Keenan Allen,LAC,WR|W/R/T
11,13.0,A Shot and a Chase,Starter,Ja'Marr Chase,Cin,WR|W/R/T
11,7.5,A Shot and a Chase,Starter,Michael Carter,Ari,RB|W/R/T
11,24.9,A Shot and a Chase,Starter,Christian McCaffrey,SF,RB|W/R/T
11,11.3,A Shot and a Chase,Starter,Dalton Schultz,Hou,TE|W/R/T
11,19.2,A Shot and a Chase,Starter,Chris Godwin,TB,WR|W/R/T
11,3.6,A Shot and a Chase,Non-Starter,Darrel Williams,Ari,RB|W/R/T
11,0.0,A Shot and a Chase,Non-Starter,Javonte Williams,Dal,RB|W/R/T
11,11.0,A Shot and a Chase,Non-Starter,Kadarius Toney,Cle,WR|W/R/T
11,8.5,A Shot and a Chase,Starter,Carolina Panthers,Car,DEF
12,21.02,A Shot and a Chase,Starter,Derek Carr,NO,QB
12,15.5,A Shot and a Chase,Starter,Keenan Allen,LAC,WR|W/R/T
12,6.9,A Shot and a Chase,Starter,Ja'Marr Chase,Cin,WR|W/R/T
12,3.5,A Shot and a Chase,Starter,Christian McCaffrey,SF,RB|W/R/T
12,20.1,A Shot and a Chase,Starter,Javonte Williams,Dal,RB|W/R/T
12,15.6,A Shot and a Chase,Starter,Dalton Schultz,Hou,TE|W/R/T
12,4.7,A Shot and a Chase,Starter,Chris Godwin,TB,WR|W/R/T
12,0.0,A Shot and a Chase,Non-Starter,Darrel Williams,Ari,RB|W/R/T
12,0.0,A Shot and a Chase,Non-Starter,Kadarius Toney,Cle,WR|W/R/T
12,12.5,A Shot and a Chase,Non-Starter,T.J. Hockenson,Min,TE|W/R/T
12,5.5,A Shot and a Chase,Starter,Carolina Panthers,Car,DEF
12,0.0,A Shot and a Chase,Starter,Michael Carter,Ari,RB|W/R/T
13,12.36,A Shot and a Chase,Starter,Derek Carr,NO,QB
13,22.4,A Shot and a Chase,Starter,Keenan Allen,LAC,WR|W/R/T
13,10.2,A Shot and a Chase,Starter,Ja'Marr Chase,Cin,WR|W/R/T
13,29.8,A Shot and a Chase,Starter,Javonte Williams,Dal,RB|W/R/T
13,0.0,A Shot and a Chase,Starter,Boston Scott,Pit,RB|W/R/T
13,9.3,A Shot and a Chase,Starter,Dalton Schultz,Hou,TE|W/R/T
13,30.2,A Shot and a Chase,Starter,Chris Godwin,TB,WR|W/R/T
13,11.0,A Shot and a Chase,Non-Starter,Darrel Williams,Ari,RB|W/R/T
13,0.0,A Shot and a Chase,Non-Starter,Kadarius Toney,Cle,WR|W/R/T
13,14.9,A Shot and a Chase,Non-Starter,T.J. Hockenson,Min,TE|W/R/T
13,8.5,A Shot and a Chase,Starter,Minnesota Vikings,Min,DEF
13,0.0,A Shot and a Chase,Starter,Michael Carter,Ari,RB|W/R/T
14,10.52,A Shot and a Chase,Starter,Derek Carr,NO,QB
14,25.3,A Shot and a Chase,Starter,Ja'Marr Chase,Cin,WR|W/R/T
14,20.5,A Shot and a Chase,Starter,Chris Godwin,TB,WR|W/R/T
14,21.3,A Shot and a Chase,Starter,Javonte Williams,Dal,RB|W/R/T
14,12.9,A Shot and a Chase,Starter,Darrel Williams,Ari,RB|W/R/T
14,1.4,A Shot and a Chase,Starter,Dalton Schultz,Hou,TE|W/R/T
14,0.0,A Shot and a Chase,Starter,Jermar Jefferson,Ten,RB|W/R/T
14,0.0,A Shot and a Chase,Non-Starter,T.J. Hockenson,Min,TE|W/R/T
14,0.0,A Shot and a Chase,Non-Starter,Keenan Allen,LAC,WR|W/R/T
14,0.0,A Shot and a Chase,Non-Starter,Boston Scott,Pit,RB|W/R/T
14,12.5,A Shot and a Chase,Starter,Minnesota Vikings,Min,DEF
14,0.0,A Shot and a Chase,Starter,Michael Carter,Ari,RB|W/R/T
1,27.06,Chili Con Cussion,Starter,Russell Wilson,NYG,QB
1,10.6,Chili Con Cussion,Starter,Davante Adams,LAR,WR|W/R/T
1,19.4,Chili Con Cussion,Starter,Jarvis Landry,NO,WR|W/R/T
1,17.3,Chili Con Cussion,Starter,Miles Sanders,Dal,RB|W/R/T
1,14.6,Chili Con Cussion,Starter,Chase Edmonds,TB,RB|W/R/T
1,0.0,Chili Con Cussion,Starter,Mike Gesicki,Cin,TE|W/R/T
1,18.7,Chili Con Cussion,Starter,Marvin Jones,Det,WR|W/R/T
1,0.0,Chili Con Cussion,Non-Starter,Zack Moss,Cin,RB|W/R/T
1,12.1,Chili Con Cussion,Non-Starter,DeVante Parker,NE,WR|W/R/T
1,0.1,Chili Con Cussion,Non-Starter,Rhamondre Stevenson,NE,RB|W/R/T
1,15.5,Chili Con Cussion,Starter,San Francisco 49ers,SF,DEF
2,23.32,Chili Con Cussion,Starter,Russell Wilson,NYG,QB
2,20.1,Chili Con Cussion,Starter,Davante Adams,LAR,WR|W/R/T
2,1.9,Chili Con Cussion,Starter,Jarvis Landry,NO,WR|W/R/T
2,6.9,Chili Con Cussion,Starter,Miles Sanders,Dal,RB|W/R/T
2,12.5,Chili Con Cussion,Starter,Chase Edmonds,TB,RB|W/R/T
2,7.1,Chili Con Cussion,Starter,Mike Gesicki,Cin,TE|W/R/T
2,17.5,Chili Con Cussion,Starter,Marvin Jones,Det,WR|W/R/T
2,15.4,Chili Con Cussion,Non-Starter,Zack Moss,Cin,RB|W/R/T
2,9.2,Chili Con Cussion,Non-Starter,DeVante Parker,NE,WR|W/R/T
2,0.0,Chili Con Cussion,Non-Starter,Rhamondre Stevenson,NE,RB|W/R/T
2,11.0,Chili Con Cussion,Starter,San Francisco 49ers,SF,DEF
3,16.62,Chili Con Cussion,Starter,Russell Wilson,NYG,QB
3,31.2,Chili Con Cussion,Starter,Davante Adams,LAR,WR|W/R/T
3,8.2,Chili Con Cussion,Starter,DeVante Parker,NE,WR|W/R/T
3,8.5,Chili Con Cussion,Starter,Miles Sanders,Dal,RB|W/R/T
3,14.5,Chili Con Cussion,Starter,Chase Edmonds,TB,RB|W/R/T
3,18.6,Chili Con Cussion,Starter,Mike Gesicki,Cin,TE|W/R/T
3,12.2,Chili Con Cussion,Starter,Marvin Jones,Det,WR|W/R/T
3,18.1,Chili Con Cussion,Non-Starter,Zack Moss,Cin,RB|W/R/T
3,0.0,Chili Con Cussion,Non-Starter,Rhamondre Stevenson,NE,RB|W/R/T
3,2.5,Chili Con Cussion,Starter,San Francisco 49ers,SF,DEF
3,0.0,Chili Con Cussion,Starter,Jarvis Landry,NO,WR|W/R/T
4,22.56,Chili Con Cussion,Starter,Russell Wilson,NYG,QB
4,12.4,Chili Con Cussion,Starter,Davante Adams,LAR,WR|W/R/T
4,17.7,Chili Con Cussion,Starter,DeVante Parker,NE,WR|W/R/T
4,7.7,Chili Con Cussion,Starter,Miles Sanders,Dal,RB|W/R/T
4,17.9,Chili Con Cussion,Starter,Chase Edmonds,TB,RB|W/R/T
4,16.7,Chili Con Cussion,Starter,Mike Gesicki,Cin,TE|W/R/T
4,5.4,Chili Con Cussion,Starter,Marvin Jones,Det,WR|W/R/T
4,12.1,Chili Con Cussion,Non-Starter,Zack Moss,Cin,RB|W/R/T
4,0.0,Chili Con Cussion,Non-Starter,Rhamondre Stevenson,NE,RB|W/R/T
4,8.5,Chili Con Cussion,Starter,San Francisco 49ers,SF,DEF
4,0.0,Chili Con Cussion,Starter,Jarvis Landry,NO,WR|W/R/T
5,9.08,Chili Con Cussion,Starter,Russell Wilson,NYG,QB
5,37.6,Chili Con Cussion,Starter,Davante Adams,LAR,WR|W/R/T
5,0.0,Chili Con Cussion,Starter,DeVante Parker,NE,WR|W/R/T
5,10.1,Chili Con Cussion,Starter,Miles Sanders,Dal,RB|W/R/T
5,4.4,Chili Con Cussion,Starter,Chase Edmonds,TB,RB|W/R/T
5,8.3,Chili Con Cussion,Starter,Mike Gesicki,Cin,TE|W/R/T
5,3.5,Chili Con Cussion,Starter,Marvin Jones,Det,WR|W/R/T
5,12.2,Chili Con Cussion,Non-Starter,Zack Moss,Cin,RB|W/R/T
5,2.3,Chili Con Cussion,Non-Starter,Rhamondre Stevenson,NE,RB|W/R/T
5,8.5,Chili Con Cussion,Starter,San Francisco 49ers,SF,DEF
5,0.0,Chili Con Cussion,Starter,Jarvis Landry,NO,WR|W/R/T
6,15.08,Chili Con Cussion,Starter,Sam Darnold,Sea,QB
6,12.9,Chili Con Cussion,Starter,Davante Adams,LAR,WR|W/R/T
6,23.0,Chili Con Cussion,Starter,Marvin Jones,Det,WR|W/R/T
6,8.6,Chili Con Cussion,Starter,Miles Sanders,Dal,RB|W/R/T
6,8.0,Chili Con Cussion,Starter,Chase Edmonds,TB,RB|W/R/T
6,19.5,Chili Con Cussion,Starter,Mike Gesicki,Cin,TE|W/R/T
6,5.9,Chili Con Cussion,Starter,Zack Moss,Cin,RB|W/R/T
6,0.0,Chili Con Cussion,Non-Starter,DeVante Parker,NE,WR|W/R/T
6,0.0,Chili Con Cussion,Non-Starter,Russell Wilson,NYG,QB
6,15.2,Chili Con Cussion,Non-Starter,Rhamondre Stevenson,NE,RB|W/R/T
6,3.0,Chili Con Cussion,Starter,Denver Broncos,Den,DEF
6,0.0,Chili Con Cussion,Starter,Jarvis Landry,NO,WR|W/R/T
7,2.48,Chili Con Cussion,Starter,Sam Darnold,Sea,QB
7,19.6,Chili Con Cussion,Starter,Davante Adams,LAR,WR|W/R/T
7,0.0,Chili Con Cussion,Starter,DeVante Parker,NE,WR|W/R/T
7,3.7,Chili Con Cussion,Starter,Miles Sanders,Dal,RB|W/R/T
7,10.0,Chili Con Cussion,Starter,Chase Edmonds,TB,RB|W/R/T
7,21.5,Chili Con Cussion,Starter,Mike Gesicki,Cin,TE|W/R/T
7,8.7,Chili Con Cussion,Starter,Jarvis Landry,NO,WR|W/R/T
7,0.0,Chili Con Cussion,Non-Starter,Zack Moss,Cin,RB|W/R/T
7,0.0,Chili Con Cussion,Non-Starter,Marvin Jones,Det,WR|W/R/T
7,9.6,Chili Con Cussion,Non-Starter,A.J. Green,Ari,WR|W/R/T
7,6.0,Chili Con Cussion,Starter,Denver Broncos,Den,DEF
7,0.0,Chili Con Cussion,Starter,Russell Wilson,NYG,QB
8,11.76,Chili Con Cussion,Starter,Sam Darnold,Sea,QB
8,16.5,Chili Con Cussion,Starter,DeVante Parker,NE,WR|W/R/T
8,8.5,Chili Con Cussion,Starter,Marvin Jones,Det,WR|W/R/T
8,15.9,Chili Con Cussion,Starter,Chase Edmonds,TB,RB|W/R/T
8,11.8,Chili Con Cussion,Starter,Zack Moss,Cin,RB|W/R/T
8,9.8,Chili Con Cussion,Starter,Mike Gesicki,Cin,TE|W/R/T
8,10.0,Chili Con Cussion,Starter,Jarvis Landry,NO,WR|W/R/T
8,0.0,Chili Con Cussion,Non-Starter,Davante Adams,LAR,WR|W/R/T
8,0.0,Chili Con Cussion,Non-Starter,Miles Sanders,Dal,RB|W/R/T
8,10.0,Chili Con Cussion,Non-Starter,A.J. Green,Ari,WR|W/R/T
8,19.5,Chili Con Cussion,Starter,Denver Broncos,Den,DEF
8,0.0,Chili Con Cussion,Starter,Russell Wilson,NYG,QB
9,16.72,Chili Con Cussion,Starter,Baker Mayfield,TB,QB
9,5.1,Chili Con Cussion,Starter,Marvin Jones,Det,WR|W/R/T
9,10.2,Chili Con Cussion,Starter,Davante Adams,LAR,WR|W/R/T
9,0.3,Chili Con Cussion,Starter,Chase Edmonds,TB,RB|W/R/T
9,4.4,Chili Con Cussion,Starter,Zack Moss,Cin,RB|W/R/T
9,9.4,Chili Con Cussion,Starter,Mike Gesicki,Cin,TE|W/R/T
9,4.1,Chili Con Cussion,Starter,Jarvis Landry,NO,WR|W/R/T
9,0.0,Chili Con Cussion,Non-Starter,DeVante Parker,NE,WR|W/R/T
9,0.0,Chili Con Cussion,Non-Starter,Miles Sanders,Dal,RB|W/R/T
9,0.0,Chili Con Cussion,Non-Starter,A.J. Green,Ari,WR|W/R/T
9,10.5,Chili Con Cussion,Starter,Pittsburgh Steelers,Pit,DEF
9,0.0,Chili Con Cussion,Starter,Russell Wilson,NYG,QB
10,4.92,Chili Con Cussion,Starter,Baker Mayfield,TB,QB
10,5.5,Chili Con Cussion,Starter,Marvin Jones,Det,WR|W/R/T
10,14.8,Chili Con Cussion,Starter,Davante Adams,LAR,WR|W/R/T
10,8.7,Chili Con Cussion,Starter,Zack Moss,Cin,RB|W/R/T
10,22.7,Chili Con Cussion,Starter,D'Ernest Johnson,Bal,RB|W/R/T
10,0.0,Chili Con Cussion,Starter,Mike Gesicki,Cin,TE|W/R/T
10,6.6,Chili Con Cussion,Starter,Jarvis Landry,NO,WR|W/R/T
10,0.0,Chili Con Cussion,Non-Starter,Chase Edmonds,TB,RB|W/R/T
10,0.0,Chili Con Cussion,Non-Starter,DeVante Parker,NE,WR|W/R/T
10,1.4,Chili Con Cussion,Non-Starter,A.J. Green,Ari,WR|W/R/T
10,12.5,Chili Con Cussion,Starter,Pittsburgh Steelers,Pit,DEF
10,5.64,Chili Con Cussion,Starter,Russell Wilson,NYG,QB
11,8.48,Chili Con Cussion,Starter,Russell Wilson,NYG,QB
11,9.2,Chili Con Cussion,Starter,Marvin Jones,Det,WR|W/R/T
11,30.5,Chili Con Cussion,Starter,Davante Adams,LAR,WR|W/R/T
11,0.5,Chili Con Cussion,Starter,Zack Moss,Cin,RB|W/R/T
11,6.4,Chili Con Cussion,Starter,David Johnson,NO,RB|W/R/T
11,10.0,Chili Con Cussion,Starter,Mike Gesicki,Cin,TE|W/R/T
11,14.2,Chili Con Cussion,Starter,Jarvis Landry,NO,WR|W/R/T
11,7.94,Chili Con Cussion,Non-Starter,Baker Mayfield,TB,QB
11,0.0,Chili Con Cussion,Non-Starter,DeVante Parker,NE,WR|W/R/T
11,11.8,Chili Con Cussion,Non-Starter,A.J. Green,Ari,WR|W/R/T
11,3.5,Chili Con Cussion,Starter,Pittsburgh Steelers,Pit,DEF
11,0.0,Chili Con Cussion,Starter,Chase Edmonds,TB,RB|W/R/T
12,19.48,Chili Con Cussion,Starter,Russell Wilson,NYG,QB
12,8.3,Chili Con Cussion,Starter,Marvin Jones,Det,WR|W/R/T
12,18.4,Chili Con Cussion,Starter,Davante Adams,LAR,WR|W/R/T
12,0.0,Chili Con Cussion,Starter,Zack Moss,Cin,RB|W/R/T
12,7.5,Chili Con Cussion,Starter,David Johnson,NO,RB|W/R/T
12,4.7,Chili Con Cussion,Starter,Mike Gesicki,Cin,TE|W/R/T
12,15.1,Chili Con Cussion,Starter,Jarvis Landry,NO,WR|W/R/T
12,12.28,Chili Con Cussion,Non-Starter,Baker Mayfield,TB,QB
12,0.0,Chili Con Cussion,Non-Starter,DeVante Parker,NE,WR|W/R/T
12,0.0,Chili Con Cussion,Non-Starter,A.J. Green,Ari,WR|W/R/T
12,4.0,Chili Con Cussion,Starter,Pittsburgh Steelers,Pit,DEF
12,0.0,Chili Con Cussion,Starter,Chase Edmonds,TB,RB|W/R/T
13,16.74,Chili Con Cussion,Starter,Russell Wilson,NYG,QB
13,3.1,Chili Con Cussion,Starter,Marvin Jones,Det,WR|W/R/T
13,2.4,Chili Con Cussion,Starter,A.J. Green,Ari,WR|W/R/T
13,0.0,Chili Con Cussion,Starter,David Johnson,NO,RB|W/R/T
13,16.9,Chili Con Cussion,Starter,Mike Davis,Bal,RB|W/R/T
13,11.6,Chili Con Cussion,Starter,Mike Gesicki,Cin,TE|W/R/T
13,19.9,Chili Con Cussion,Starter,Deonte Harty,Bal,WR|W/R/T
13,5.3,Chili Con Cussion,Non-Starter,Zack Moss,Cin,RB|W/R/T
13,0.0,Chili Con Cussion,Non-Starter,Jarvis Landry,NO,WR|W/R/T
13,0.0,Chili Con Cussion,Non-Starter,Davante Adams,LAR,WR|W/R/T
13,15.5,Chili Con Cussion,Starter,Pittsburgh Steelers,Pit,DEF
13,0.0,Chili Con Cussion,Starter,Chase Edmonds,TB,RB|W/R/T
14,21.2,Chili Con Cussion,Starter,Russell Wilson,NYG,QB
14,13.0,Chili Con Cussion,Starter,Marvin Jones,Det,WR|W/R/T
14,17.2,Chili Con Cussion,Starter,A.J. Green,Ari,WR|W/R/T
14,0.0,Chili Con Cussion,Starter,David Johnson,NO,RB|W/R/T
14,13.6,Chili Con Cussion,Starter,Mike Davis,Bal,RB|W/R/T
14,0.0,Chili Con Cussion,Starter,Mike Gesicki,Cin,TE|W/R/T
14,0.0,Chili Con Cussion,Starter,Deonte Harty,Bal,WR|W/R/T
14,0.0,Chili Con Cussion,Non-Starter,Zack Moss,Cin,RB|W/R/T
14,15.1,Chili Con Cussion,Non-Starter,Jarvis Landry,NO,WR|W/R/T
14,34.1,Chili Con Cussion,Non-Starter,Davante Adams,LAR,WR|W/R/T
14,3.0,Chili Con Cussion,Starter,Pittsburgh Steelers,Pit,DEF
14,0.0,Chili Con Cussion,Starter,Chase Edmonds,TB,RB|W/R/T
1,27.42,Americron,Starter,Dak Prescott,Dal,QB
1,15.9,Americron,Starter,Stefon Diggs,NE,WR|W/R/T
1,9.5,Americron,Starter,Allen Robinson,Det,WR|W/R/T
1,5.9,Americron,Starter,Najee Harris,LAC,RB|W/R/T
1,0.0,Americron,Starter,Trey Sermon,Pit,RB|W/R/T
1,2.8,Americron,Starter,Robert Tonyan,KC,TE|W/R/T
1,2.4,Americron,Starter,Marquez Callaway,LV,WR|W/R/T
1,0.2,Americron,Non-Starter,Sony Michel,LAC,RB|W/R/T
1,8.3,Americron,Non-Starter,Tony Pollard,Ten,RB|W/R/T
1,12.02,Americron,Non-Starter,Ben Roethlisberger,Pit,QB
1,8.5,Americron,Starter,Baltimore Ravens,Bal,DEF
2,7.48,Americron,Starter,Dak Prescott,Dal,QB
2,16.0,Americron,Starter,Stefon Diggs,NE,WR|W/R/T
2,10.4,Americron,Starter,Allen Robinson,Det,WR|W/R/T
2,19.1,Americron,Starter,Najee Harris,LAC,RB|W/R/T
2,23.0,Americron,Starter,Tony Pollard,Ten,RB|W/R/T
2,14.2,Americron,Starter,Robert Tonyan,KC,TE|W/R/T
2,2.8,Americron,Starter,Marquez Callaway,LV,WR|W/R/T
2,0.8,Americron,Non-Starter,Trey Sermon,Pit,RB|W/R/T
2,4.6,Americron,Non-Starter,Sony Michel,LAC,RB|W/R/T
2,13.8,Americron,Non-Starter,Ben Roethlisberger,Pit,QB
2,6.0,Americron,Starter,Green Bay Packers,GB,DEF
3,37.22,Americron,Starter,Josh Allen,Buf,QB
3,12.2,Americron,Starter,Stefon Diggs,NE,WR|W/R/T
3,4.7,Americron,Starter,Allen Robinson,Det,WR|W/R/T
3,28.2,Americron,Starter,Najee Harris,LAC,RB|W/R/T
3,7.5,Americron,Starter,Tony Pollard,Ten,RB|W/R/T
3,1.6,Americron,Starter,Robert Tonyan,KC,TE|W/R/T
3,14.1,Americron,Starter,Marquez Callaway,LV,WR|W/R/T
3,10.9,Americron,Non-Starter,Sony Michel,LAC,RB|W/R/T
3,13.22,Americron,Non-Starter,Ben Roethlisberger,Pit,QB
3,0.0,Americron,Non-Starter,Damien Williams,Ari,RB|W/R/T
3,9.0,Americron,Starter,Green Bay Packers,GB,DEF
4,20.02,Americron,Starter,Josh Allen,Buf,QB
4,18.4,Americron,Starter,Stefon Diggs,NE,WR|W/R/T
4,9.3,Americron,Starter,Allen Robinson,Det,WR|W/R/T
4,21.1,Americron,Starter,Najee Harris,LAC,RB|W/R/T
4,6.7,Americron,Starter,Tony Pollard,Ten,RB|W/R/T
4,2.8,Americron,Starter,Robert Tonyan,KC,TE|W/R/T
4,9.4,Americron,Starter,Marquez Callaway,LV,WR|W/R/T
4,-0.9,Americron,Non-Starter,Sony Michel,LAC,RB|W/R/T
4,9.28,Americron,Non-Starter,Ben Roethlisberger,Pit,QB
4,15.0,Americron,Non-Starter,Damien Williams,Ari,RB|W/R/T
4,9.0,Americron,Starter,Green Bay Packers,GB,DEF
5,36.5,Americron,Starter,Josh Allen,Buf,QB
5,8.9,Americron,Starter,Stefon Diggs,NE,WR|W/R/T
5,7.2,Americron,Starter,Allen Robinson,Det,WR|W/R/T
5,22.2,Americron,Starter,Najee Harris,LAC,RB|W/R/T
5,16.4,Americron,Starter,Damien Williams,Ari,RB|W/R/T
5,1.8,Americron,Starter,Robert Tonyan,KC,TE|W/R/T
5,24.5,Americron,Starter,Marquez Callaway,LV,WR|W/R/T
5,14.3,Americron,Non-Starter,Tony Pollard,Ten,RB|W/R/T
5,11.5,Americron,Non-Starter,Sony Michel,LAC,RB|W/R/T
5,16.02,Americron,Non-Starter,Ben Roethlisberger,Pit,QB
5,11.5,Americron,Starter,Green Bay Packers,GB,DEF
6,28.72,Americron,Starter,Josh Allen,Buf,QB
6,23.9,Americron,Starter,Stefon Diggs,NE,WR|W/R/T
6,9.3,Americron,Starter,Allen Robinson,Det,WR|W/R/T
6,24.7,Americron,Starter,Najee Harris,LAC,RB|W/R/T
6,9.3,Americron,Starter,Tony Pollard,Ten,RB|W/R/T
6,3.0,Americron,Starter,Robert Tonyan,KC,TE|W/R/T
6,4.2,Americron,Starter,Sony Michel,LAC,RB|W/R/T
6,0.0,Americron,Non-Starter,Marquez Callaway,LV,WR|W/R/T
6,0.0,Americron,Non-Starter,Damien Williams,Ari,RB|W/R/T
6,10.86,Americron,Non-Starter,Ben Roethlisberger,Pit,QB
6,9.5,Americron,Starter,Green Bay Packers,GB,DEF
7,13.78,Americron,Starter,Teddy Bridgewater,TB,QB
7,3.6,Americron,Starter,Allen Robinson,Det,WR|W/R/T
7,6.2,Americron,Starter,Marquez Callaway,LV,WR|W/R/T
7,0.0,Americron,Starter,Tony Pollard,Ten,RB|W/R/T
7,19.9,Americron,Starter,Brandon Bolden,LV,RB|W/R/T
7,16.3,Americron,Starter,Robert Tonyan,KC,TE|W/R/T
7,0.4,Americron,Starter,Sony Michel,LAC,RB|W/R/T
7,0.0,Americron,Non-Starter,Josh Allen,Buf,QB
7,0.0,Americron,Non-Starter,Najee Harris,LAC,RB|W/R/T
7,0.0,Americron,Non-Starter,Stefon Diggs,NE,WR|W/R/T
7,14.5,Americron,Starter,Green Bay Packers,GB,DEF
7,1.8,Americron,Starter,Damien Williams,Ari,RB|W/R/T
8,29.46,Americron,Starter,Josh Allen,Buf,QB
8,15.0,Americron,Starter,Stefon Diggs,NE,WR|W/R/T
8,6.0,Americron,Starter,Marquez Callaway,LV,WR|W/R/T
8,3.7,Americron,Starter,Tony Pollard,Ten,RB|W/R/T
8,21.0,Americron,Starter,Najee Harris,LAC,RB|W/R/T
8,7.9,Americron,Starter,Robert Tonyan,KC,TE|W/R/T
8,2.6,Americron,Starter,Brandon Bolden,LV,RB|W/R/T
8,5.1,Americron,Non-Starter,Allen Robinson,Det,WR|W/R/T
8,7.6,Americron,Non-Starter,Sony Michel,LAC,RB|W/R/T
8,-0.3,Americron,Non-Starter,Damien Williams,Ari,RB|W/R/T
8,8.0,Americron,Starter,Kansas City Chiefs,KC,DEF
9,9.56,Americron,Starter,Josh Allen,Buf,QB
9,14.5,Americron,Starter,Stefon Diggs,NE,WR|W/R/T
9,11.5,Americron,Starter,Marquez Callaway,LV,WR|W/R/T
9,5.3,Americron,Starter,Tony Pollard,Ten,RB|W/R/T
9,16.8,Americron,Starter,Najee Harris,LAC,RB|W/R/T
9,10.8,Americron,Starter,Jared Cook,LAC,TE|W/R/T
9,10.1,Americron,Starter,Brandon Bolden,LV,RB|W/R/T
9,10.8,Americron,Non-Starter,Allen Robinson,Det,WR|W/R/T
9,10.6,Americron,Non-Starter,Sony Michel,LAC,RB|W/R/T
9,0.0,Americron,Non-Starter,Damien Williams,Ari,RB|W/R/T
9,13.5,Americron,Starter,Kansas City Chiefs,KC,DEF
9,0.0,Americron,Starter,Robert Tonyan,KC,TE|W/R/T
10,20.94,Americron,Starter,Josh Allen,Buf,QB
10,30.2,Americron,Starter,Stefon Diggs,NE,WR|W/R/T
10,11.7,Americron,Starter,Marquez Callaway,LV,WR|W/R/T
10,15.8,Americron,Starter,Tony Pollard,Ten,RB|W/R/T
10,17.3,Americron,Starter,Najee Harris,LAC,RB|W/R/T
10,2.0,Americron,Starter,Jared Cook,LAC,TE|W/R/T
10,10.0,Americron,Starter,Brandon Bolden,LV,RB|W/R/T
10,0.0,Americron,Non-Starter,Allen Robinson,Det,WR|W/R/T
10,5.1,Americron,Non-Starter,Sony Michel,LAC,RB|W/R/T
10,0.0,Americron,Non-Starter,Damien Williams,Ari,RB|W/R/T
10,10.5,Americron,Starter,Kansas City Chiefs,KC,DEF
10,0.0,Americron,Starter,Robert Tonyan,KC,TE|W/R/T
11,16.16,Americron,Starter,Josh Allen,Buf,QB
11,18.3,Americron,Starter,Stefon Diggs,NE,WR|W/R/T
11,9.6,Americron,Starter,Marquez Callaway,LV,WR|W/R/T
11,9.0,Americron,Starter,Tony Pollard,Ten,RB|W/R/T
11,16.9,Americron,Starter,Najee Harris,LAC,RB|W/R/T
11,5.8,Americron,Starter,Jared Cook,LAC,TE|W/R/T
11,3.6,Americron,Starter,Brandon Bolden,LV,RB|W/R/T
11,0.0,Americron,Non-Starter,Allen Robinson,Det,WR|W/R/T
11,0.0,Americron,Non-Starter,Sony Michel,LAC,RB|W/R/T
11,0.0,Americron,Non-Starter,Damien Williams,Ari,RB|W/R/T
11,20.0,Americron,Starter,Kansas City Chiefs,KC,DEF
11,0.0,Americron,Starter,Robert Tonyan,KC,TE|W/R/T
12,26.7,Americron,Starter,Josh Allen,Buf,QB
12,20.4,Americron,Starter,Stefon Diggs,NE,WR|W/R/T
12,4.4,Americron,Starter,Marquez Callaway,LV,WR|W/R/T
12,16.8,Americron,Starter,Tony Pollard,Ten,RB|W/R/T
12,6.7,Americron,Starter,Najee Harris,LAC,RB|W/R/T
12,10.5,Americron,Starter,Jared Cook,LAC,TE|W/R/T
12,9.4,Americron,Starter,Brandon Bolden,LV,RB|W/R/T
12,3.5,Americron,Non-Starter,Sony Michel,LAC,RB|W/R/T
12,0.0,Americron,Non-Starter,Damien Williams,Ari,RB|W/R/T
12,4.5,Americron,Starter,Jacksonville Jaguars,Jax,DEF
12,0.0,Americron,Non-Starter,Kansas City Chiefs,KC,DEF
12,0.0,Americron,Starter,Robert Tonyan,KC,TE|W/R/T
13,11.7,Americron,Starter,Josh Allen,Buf,QB
13,9.1,Americron,Starter,Stefon Diggs,NE,WR|W/R/T
13,2.3,Americron,Starter,Marquez Callaway,LV,WR|W/R/T
13,15.4,Americron,Starter,Tony Pollard,Ten,RB|W/R/T
13,15.7,Americron,Starter,Najee Harris,LAC,RB|W/R/T
13,5.9,Americron,Starter,Jared Cook,LAC,TE|W/R/T
13,21.9,Americron,Starter,Sony Michel,LAC,RB|W/R/T
13,6.5,Americron,Non-Starter,Brandon Bolden,LV,RB|W/R/T
13,0.0,Americron,Non-Starter,Damien Williams,Ari,RB|W/R/T
13,19.5,Americron,Starter,Kansas City Chiefs,KC,DEF
13,-2.0,Americron,Non-Starter,Jacksonville Jaguars,Jax,DEF
13,0.0,Americron,Starter,Robert Tonyan,KC,TE|W/R/T
14,35.22,Americron,Starter,Josh Allen,Buf,QB
14,14.4,Americron,Starter,Stefon Diggs,NE,WR|W/R/T
14,5.4,Americron,Starter,Marquez Callaway,LV,WR|W/R/T
14,0.0,Americron,Starter,Tony Pollard,Ten,RB|W/R/T
14,25.4,Americron,Starter,Najee Harris,LAC,RB|W/R/T
14,8.8,Americron,Starter,Jared Cook,LAC,TE|W/R/T
14,7.9,Americron,Starter,Sony Michel,LAC,RB|W/R/T
14,0.0,Americron,Non-Starter,Brandon Bolden,LV,RB|W/R/T
14,2.7,Americron,Non-Starter,Damien Williams,Ari,RB|W/R/T
14,24.0,Americron,Starter,Kansas City Chiefs,KC,DEF
14,9.5,Americron,Non-Starter,Jacksonville Jaguars,Jax,DEF
14,0.0,Americron,Starter,Robert Tonyan,KC,TE|W/R/T
1,17.2,Football Nets,Starter,Josh Allen,Buf,QB
1,12.7,Football Nets,Starter,Robbie Chosen,SF,WR|W/R/T
1,37.1,Football Nets,Starter,Tyreek Hill,Mia,WR|W/R/T
1,25.0,Football Nets,Starter,Jamaal Williams,NO,RB|W/R/T
1,18.4,Football Nets,Starter,Ty'Son Williams,Ari,RB|W/R/T
1,26.5,Football Nets,Starter,Darren Waller,Mia,TE|W/R/T
1,14.6,Football Nets,Starter,Diontae Johnson,Cle,WR|W/R/T
1,0.8,Football Nets,Non-Starter,J.D. McKissic,Was,RB|W/R/T
1,1.7,Football Nets,Non-Starter,Justin Jackson,Det,RB|W/R/T
1,3.6,Football Nets,Non-Starter,Ty Johnson,Buf,RB|W/R/T
1,13.5,Football Nets,Starter,Carolina Panthers,Car,DEF
1,0.0,Football Nets,Starter,Michael Thomas,NO,WR|W/R/T
2,16.66,Football Nets,Starter,Josh Allen,Buf,QB
2,6.8,Football Nets,Starter,Robbie Chosen,SF,WR|W/R/T
2,5.9,Football Nets,Starter,Tyreek Hill,Mia,WR|W/R/T
2,6.7,Football Nets,Starter,Jamaal Williams,NO,RB|W/R/T
2,11.3,Football Nets,Starter,Ty'Son Williams,Ari,RB|W/R/T
2,11.5,Football Nets,Starter,Darren Waller,Mia,TE|W/R/T
2,19.5,Football Nets,Starter,Diontae Johnson,Cle,WR|W/R/T
2,5.0,Football Nets,Non-Starter,Ty Johnson,Buf,RB|W/R/T
2,9.9,Football Nets,Non-Starter,JaMycal Hasty,NE,RB|W/R/T
2,2.4,Football Nets,Non-Starter,Damien Williams,Ari,RB|W/R/T
2,9.5,Football Nets,Starter,Cleveland Browns,Cle,DEF
2,0.0,Football Nets,Starter,Michael Thomas,NO,WR|W/R/T
3,25.12,Football Nets,Starter,Kirk Cousins,Atl,QB
3,1.8,Football Nets,Starter,Robbie Chosen,SF,WR|W/R/T
3,9.7,Football Nets,Starter,Tyreek Hill,Mia,WR|W/R/T
3,2.2,Football Nets,Starter,Ty'Son Williams,Ari,RB|W/R/T
3,11.4,Football Nets,Starter,Trey Sermon,Pit,RB|W/R/T
3,10.4,Football Nets,Starter,Darren Waller,Mia,TE|W/R/T
3,6.8,Football Nets,Starter,Robert Woods,Pit,WR|W/R/T
3,14.7,Football Nets,Non-Starter,Jamaal Williams,NO,RB|W/R/T
3,0.0,Football Nets,Non-Starter,Diontae Johnson,Cle,WR|W/R/T
3,10.9,Football Nets,Non-Starter,Chuba Hubbard,Car,RB|W/R/T
3,7.5,Football Nets,Starter,Baltimore Ravens,Bal,DEF
3,0.0,Football Nets,Starter,Michael Thomas,NO,WR|W/R/T
4,10.12,Football Nets,Starter,Kirk Cousins,Atl,QB
4,47.6,Football Nets,Starter,Tyreek Hill,Mia,WR|W/R/T
4,14.8,Football Nets,Starter,Robert Woods,Pit,WR|W/R/T
4,9.1,Football Nets,Starter,Chuba Hubbard,Car,RB|W/R/T
4,6.6,Football Nets,Starter,Jamaal Williams,NO,RB|W/R/T
4,15.0,Football Nets,Starter,Darren Waller,Mia,TE|W/R/T
4,24.2,Football Nets,Starter,Diontae Johnson,Cle,WR|W/R/T
4,8.9,Football Nets,Non-Starter,Trey Sermon,Pit,RB|W/R/T
4,0.0,Football Nets,Non-Starter,Ty'Son Williams,Ari,RB|W/R/T
4,9.9,Football Nets,Non-Starter,Robbie Chosen,SF,WR|W/R/T
4,16.5,Football Nets,Starter,Baltimore Ravens,Bal,DEF
4,0.0,Football Nets,Starter,Michael Thomas,NO,WR|W/R/T
5,14.58,Football Nets,Starter,Trey Lance,LAC,QB
5,14.8,Football Nets,Starter,Tyreek Hill,Mia,WR|W/R/T
5,27.0,Football Nets,Starter,Robert Woods,Pit,WR|W/R/T
5,9.2,Football Nets,Starter,Alex Collins,Sea,RB|W/R/T
5,18.4,Football Nets,Starter,Chuba Hubbard,Car,RB|W/R/T
5,8.5,Football Nets,Starter,Darren Waller,Mia,TE|W/R/T
5,15.2,Football Nets,Starter,Diontae Johnson,Cle,WR|W/R/T
5,8.5,Football Nets,Non-Starter,Jamaal Williams,NO,RB|W/R/T
5,0.7,Football Nets,Non-Starter,Trey Sermon,Pit,RB|W/R/T
5,5.0,Football Nets,Non-Starter,Robbie Chosen,SF,WR|W/R/T
5,10.0,Football Nets,Starter,Baltimore Ravens,Bal,DEF
5,0.0,Football Nets,Starter,Michael Thomas,NO,WR|W/R/T
6,15.86,Football Nets,Starter,Trevor Lawrence,Jax,QB
6,11.1,Football Nets,Starter,Robert Woods,Pit,WR|W/R/T
6,18.6,Football Nets,Starter,Diontae Johnson,Cle,WR|W/R/T
6,13.5,Football Nets,Starter,Chuba Hubbard,Car,RB|W/R/T
6,16.8,Football Nets,Starter,Alex Collins,Sea,RB|W/R/T
6,10.9,Football Nets,Starter,Darren Waller,Mia,TE|W/R/T
6,22.6,Football Nets,Starter,Tyreek Hill,Mia,WR|W/R/T
6,1.9,Football Nets,Non-Starter,Jamaal Williams,NO,RB|W/R/T
6,0.0,Football Nets,Non-Starter,Trey Sermon,Pit,RB|W/R/T
6,0.0,Football Nets,Non-Starter,Ty'Son Williams,Ari,RB|W/R/T
6,15.5,Football Nets,Starter,Baltimore Ravens,Bal,DEF
6,0.0,Football Nets,Starter,Michael Thomas,NO,WR|W/R/T
7,17.44,Football Nets,Starter,Matt Ryan,Ind,QB
7,15.0,Football Nets,Starter,Robert Woods,Pit,WR|W/R/T
7,12.7,Football Nets,Starter,Tyreek Hill,Mia,WR|W/R/T
7,9.6,Football Nets,Starter,Chuba Hubbard,Car,RB|W/R/T
7,5.4,Football Nets,Starter,Alex Collins,Sea,RB|W/R/T
7,18.0,Football Nets,Starter,Foster Moreau,NO,TE|W/R/T
7,12.9,Football Nets,Starter,Devonta Freeman,Bal,RB|W/R/T
7,0.0,Football Nets,Non-Starter,Darren Waller,Mia,TE|W/R/T
7,5.7,Football Nets,Non-Starter,Jamaal Williams,NO,RB|W/R/T
7,0.0,Football Nets,Non-Starter,Diontae Johnson,Cle,WR|W/R/T
7,2.5,Football Nets,Starter,Baltimore Ravens,Bal,DEF
7,0.0,Football Nets,Starter,Michael Thomas,NO,WR|W/R/T
8,6.14,Football Nets,Starter,Matt Ryan,Ind,QB
8,20.7,Football Nets,Starter,Robert Woods,Pit,WR|W/R/T
8,27.4,Football Nets,Starter,Tyreek Hill,Mia,WR|W/R/T
8,14.1,Football Nets,Starter,Chuba Hubbard,Car,RB|W/R/T
8,4.4,Football Nets,Starter,Alex Collins,Sea,RB|W/R/T
8,4.5,Football Nets,Starter,Jared Cook,LAC,TE|W/R/T
8,15.8,Football Nets,Starter,Diontae Johnson,Cle,WR|W/R/T
8,0.0,Football Nets,Non-Starter,Darren Waller,Mia,TE|W/R/T
8,0.0,Football Nets,Non-Starter,Jamaal Williams,NO,RB|W/R/T
8,2.0,Football Nets,Non-Starter,Alexander Mattison,Mia,RB|W/R/T
8,9.5,Football Nets,Starter,Cincinnati Bengals,Cin,DEF
8,0.0,Football Nets,Starter,Michael Thomas,NO,WR|W/R/T
9,5.9,Football Nets,Starter,Tyrod Taylor,NYJ,QB
9,17.4,Football Nets,Starter,Robert Woods,Pit,WR|W/R/T
9,7.3,Football Nets,Starter,Tyreek Hill,Mia,WR|W/R/T
9,13.0,Football Nets,Starter,A.J. Dillon,Phi,RB|W/R/T
9,9.6,Football Nets,Starter,Adrian Peterson,Sea,RB|W/R/T
9,16.2,Football Nets,Starter,Darren Waller,Mia,TE|W/R/T
9,11.7,Football Nets,Starter,Diontae Johnson,Cle,WR|W/R/T
9,4.6,Football Nets,Non-Starter,Chuba Hubbard,Car,RB|W/R/T
9,0.0,Football Nets,Non-Starter,Alex Collins,Sea,RB|W/R/T
9,0.0,Football Nets,Non-Starter,Jeff Wilson,SF,RB|W/R/T
9,20.0,Football Nets,Starter,Miami Dolphins,Mia,DEF
10,7.1,Football Nets,Starter,Carson Wentz,Min,QB
10,27.5,Football Nets,Starter,Tyreek Hill,Mia,WR|W/R/T
10,13.3,Football Nets,Starter,Diontae Johnson,Cle,WR|W/R/T
10,8.8,Football Nets,Starter,Devonta Freeman,Bal,RB|W/R/T
10,5.9,Football Nets,Starter,Alex Collins,Sea,RB|W/R/T
10,6.4,Football Nets,Starter,Darren Waller,Mia,TE|W/R/T
10,26.8,Football Nets,Starter,A.J. Dillon,Phi,RB|W/R/T
10,3.0,Football Nets,Non-Starter,Adrian Peterson,Sea,RB|W/R/T
10,8.7,Football Nets,Non-Starter,Chuba Hubbard,Car,RB|W/R/T
10,0.0,Football Nets,Non-Starter,Darnell Mooney,Atl,WR|W/R/T
10,12.5,Football Nets,Starter,Tampa Bay Buccaneers,TB,DEF
10,0.0,Football Nets,Starter,Miles Sanders,Dal,RB|W/R/T
11,26.16,Football Nets,Starter,Cam Newton,Car,QB
11,20.0,Football Nets,Starter,Tyreek Hill,Mia,WR|W/R/T
11,23.1,Football Nets,Starter,Diontae Johnson,Cle,WR|W/R/T
11,15.7,Football Nets,Starter,A.J. Dillon,Phi,RB|W/R/T
11,6.8,Football Nets,Starter,Jeff Wilson,SF,RB|W/R/T
11,18.6,Football Nets,Starter,Darren Waller,Mia,TE|W/R/T
11,23.1,Football Nets,Starter,Darnell Mooney,Atl,WR|W/R/T
11,3.6,Football Nets,Non-Starter,Alex Collins,Sea,RB|W/R/T
11,20.0,Football Nets,Non-Starter,Devonta Freeman,Bal,RB|W/R/T
11,7.4,Football Nets,Non-Starter,Miles Sanders,Dal,RB|W/R/T
11,14.5,Football Nets,Starter,Tampa Bay Buccaneers,TB,DEF
12,6.18,Football Nets,Starter,Cam Newton,Car,QB
12,18.5,Football Nets,Starter,Diontae Johnson,Cle,WR|W/R/T
12,17.5,Football Nets,Starter,Darnell Mooney,Atl,WR|W/R/T
12,20.0,Football Nets,Starter,A.J. Dillon,Phi,RB|W/R/T
12,7.4,Football Nets,Starter,Miles Sanders,Dal,RB|W/R/T
12,5.3,Football Nets,Starter,Darren Waller,Mia,TE|W/R/T
12,7.0,Football Nets,Starter,Devonta Freeman,Bal,RB|W/R/T
12,0.0,Football Nets,Non-Starter,Tyreek Hill,Mia,WR|W/R/T
12,1.7,Football Nets,Non-Starter,Jeff Wilson,SF,RB|W/R/T
12,1.7,Football Nets,Non-Starter,Alex Collins,Sea,RB|W/R/T
12,15.5,Football Nets,Starter,Tampa Bay Buccaneers,TB,DEF
13,18.66,Football Nets,Starter,Taysom Hill,NO,QB
13,30.5,Football Nets,Starter,Diontae Johnson,Cle,WR|W/R/T
13,7.7,Football Nets,Starter,Darnell Mooney,Atl,WR|W/R/T
13,17.2,Football Nets,Starter,Miles Sanders,Dal,RB|W/R/T
13,20.7,Football Nets,Starter,Devonta Freeman,Bal,RB|W/R/T
13,7.1,Football Nets,Starter,Cole Kmet,Chi,TE|W/R/T
13,4.2,Football Nets,Starter,Tyreek Hill,Mia,WR|W/R/T
13,0.0,Football Nets,Non-Starter,A.J. Dillon,Phi,RB|W/R/T
13,0.0,Football Nets,Non-Starter,Chuba Hubbard,Car,RB|W/R/T
13,0.0,Football Nets,Non-Starter,Cam Newton,Car,QB
13,14.5,Football Nets,Starter,Tampa Bay Buccaneers,TB,DEF
13,0.0,Football Nets,Starter,Darren Waller,Mia,TE|W/R/T
14,26.3,Football Nets,Starter,Taysom Hill,NO,QB
14,15.3,Football Nets,Starter,Diontae Johnson,Cle,WR|W/R/T
14,11.6,Football Nets,Starter,Tyreek Hill,Mia,WR|W/R/T
14,12.2,Football Nets,Starter,Devonta Freeman,Bal,RB|W/R/T
14,9.3,Football Nets,Starter,Chuba Hubbard,Car,RB|W/R/T
14,9.1,Football Nets,Starter,Noah Fant,Cin,TE|W/R/T
14,7.1,Football Nets,Starter,A.J. Dillon,Phi,RB|W/R/T
14,0.0,Football Nets,Non-Starter,Miles Sanders,Dal,RB|W/R/T
14,2.9,Football Nets,Non-Starter,Darnell Mooney,Atl,WR|W/R/T
14,7.68,Football Nets,Non-Starter,Taylor Heinicke,LAC,QB
14,7.5,Football Nets,Starter,Tampa Bay Buccaneers,TB,DEF
14,0.0,Football Nets,Starter,Darren Waller,Mia,TE|W/R/T
15,9.46,Football Nets,Starter,Taysom Hill,NO,QB
15,9.8,Football Nets,Starter,Diontae Johnson,Cle,WR|W/R/T
15,32.8,Football Nets,Starter,Tyreek Hill,Mia,WR|W/R/T
15,3.4,Football Nets,Starter,Devonta Freeman,Bal,RB|W/R/T
15,10.5,Football Nets,Starter,A.J. Dillon,Phi,RB|W/R/T
15,10.7,Football Nets,Starter,Noah Fant,Cin,TE|W/R/T
15,16.6,Football Nets,Starter,Miles Sanders,Dal,RB|W/R/T
15,11.6,Football Nets,Non-Starter,Darnell Mooney,Atl,WR|W/R/T
15,5.1,Football Nets,Non-Starter,Chuba Hubbard,Car,RB|W/R/T
15,16.9,Football Nets,Non-Starter,Justin Fields,NYJ,QB
15,14.0,Football Nets,Starter,Tampa Bay Buccaneers,TB,DEF
15,0.0,Football Nets,Starter,Darren Waller,Mia,TE|W/R/T
16,7.12,Football Nets,Starter,Drew Lock,Sea,QB
16,15.1,Football Nets,Starter,Diontae Johnson,Cle,WR|W/R/T
16,3.9,Football Nets,Starter,Tyreek Hill,Mia,WR|W/R/T
16,10.0,Football Nets,Starter,Devonta Freeman,Bal,RB|W/R/T
16,8.6,Football Nets,Starter,A.J. Dillon,Phi,RB|W/R/T
16,6.0,Football Nets,Starter,Noah Fant,Cin,TE|W/R/T
16,5.8,Football Nets,Starter,Miles Sanders,Dal,RB|W/R/T
16,10.9,Football Nets,Non-Starter,Darnell Mooney,Atl,WR|W/R/T
16,0.9,Football Nets,Non-Starter,Chuba Hubbard,Car,RB|W/R/T
16,0.0,Football Nets,Non-Starter,Darren Waller,Mia,TE|W/R/T
16,21.5,Football Nets,Starter,Tampa Bay Buccaneers,TB,DEF
17,17.38,Football Nets,Starter,Taysom Hill,NO,QB
17,17.1,Football Nets,Starter,Diontae Johnson,Cle,WR|W/R/T
17,10.2,Football Nets,Starter,Tyreek Hill,Mia,WR|W/R/T
17,8.7,Football Nets,Starter,Devonta Freeman,Bal,RB|W/R/T
17,22.3,Football Nets,Starter,A.J. Dillon,Phi,RB|W/R/T
17,21.2,Football Nets,Starter,Noah Fant,Cin,TE|W/R/T
17,19.9,Football Nets,Starter,Darnell Mooney,Atl,WR|W/R/T
17,0.0,Football Nets,Non-Starter,Miles Sanders,Dal,RB|W/R/T
17,15.8,Football Nets,Non-Starter,Chuba Hubbard,Car,RB|W/R/T
17,0.0,Football Nets,Non-Starter,Darren Waller,Mia,TE|W/R/T
17,6.0,Football Nets,Starter,Tampa Bay Buccaneers,TB,DEF
1,1.32,Hells Wells,Starter,Aaron Rodgers,Pit,QB
1,38.9,Hells Wells,Starter,Amari Cooper,Buf,WR|W/R/T
1,10.4,Hells Wells,Starter,Kenny Golladay,NYG,WR|W/R/T
1,11.7,Hells Wells,Starter,Austin Ekeler,Was,RB|W/R/T
1,12.7,Hells Wells,Starter,Chris Carson,Sea,RB|W/R/T
1,29.0,Hells Wells,Starter,Rob Gronkowski,TB,TE|W/R/T
1,12.6,Hells Wells,Starter,Myles Gaskin,Bal,RB|W/R/T
1,0.0,Hells Wells,Non-Starter,Will Fuller V,Mia,WR|W/R/T
1,12.1,Hells Wells,Non-Starter,James White,NE,RB|W/R/T
1,14.0,Hells Wells,Non-Starter,Cole Beasley,NYG,WR|W/R/T
1,16.5,Hells Wells,Starter,New Orleans Saints,NO,DEF
2,26.8,Hells Wells,Starter,Aaron Rodgers,Pit,QB
2,5.4,Hells Wells,Starter,Amari Cooper,Buf,WR|W/R/T
2,6.8,Hells Wells,Starter,Kenny Golladay,NYG,WR|W/R/T
2,22.5,Hells Wells,Starter,Austin Ekeler,Was,RB|W/R/T
2,15.1,Hells Wells,Starter,Chris Carson,Sea,RB|W/R/T
2,19.9,Hells Wells,Starter,Rob Gronkowski,TB,TE|W/R/T
2,8.6,Hells Wells,Starter,Myles Gaskin,Bal,RB|W/R/T
2,0.0,Hells Wells,Non-Starter,Will Fuller V,Mia,WR|W/R/T
2,18.5,Hells Wells,Non-Starter,James White,NE,RB|W/R/T
2,7.6,Hells Wells,Non-Starter,Cole Beasley,NYG,WR|W/R/T
2,10.0,Hells Wells,Starter,New Orleans Saints,NO,DEF
3,19.04,Hells Wells,Starter,Aaron Rodgers,Pit,QB
3,10.4,Hells Wells,Starter,Kenny Golladay,NYG,WR|W/R/T
3,5.6,Hells Wells,Starter,Amari Cooper,Buf,WR|W/R/T
3,22.7,Hells Wells,Starter,Austin Ekeler,Was,RB|W/R/T
3,16.2,Hells Wells,Starter,Chris Carson,Sea,RB|W/R/T
3,9.5,Hells Wells,Starter,Rob Gronkowski,TB,TE|W/R/T
3,10.4,Hells Wells,Starter,Myles Gaskin,Bal,RB|W/R/T
3,4.6,Hells Wells,Non-Starter,K.J. Osborn,Was,WR|W/R/T
3,0.6,Hells Wells,Non-Starter,James White,NE,RB|W/R/T
3,20.8,Hells Wells,Non-Starter,Cole Beasley,NYG,WR|W/R/T
3,25.0,Hells Wells,Starter,New Orleans Saints,NO,DEF
4,24.12,Hells Wells,Starter,Aaron Rodgers,Pit,QB
4,17.6,Hells Wells,Starter,Kenny Golladay,NYG,WR|W/R/T
4,15.9,Hells Wells,Starter,Amari Cooper,Buf,WR|W/R/T
4,29.5,Hells Wells,Starter,Austin Ekeler,Was,RB|W/R/T
4,4.1,Hells Wells,Starter,Chris Carson,Sea,RB|W/R/T
4,0.0,Hells Wells,Starter,Rob Gronkowski,TB,TE|W/R/T
4,0.3,Hells Wells,Starter,Myles Gaskin,Bal,RB|W/R/T
4,6.6,Hells Wells,Non-Starter,K.J. Osborn,Was,WR|W/R/T
4,0.0,Hells Wells,Non-Starter,James White,NE,RB|W/R/T
4,3.6,Hells Wells,Non-Starter,Cole Beasley,NYG,WR|W/R/T
4,3.5,Hells Wells,Starter,New Orleans Saints,NO,DEF
5,19.76,Hells Wells,Starter,Aaron Rodgers,Pit,QB
5,0.0,Hells Wells,Starter,Kenny Golladay,NYG,WR|W/R/T
5,15.0,Hells Wells,Starter,Amari Cooper,Buf,WR|W/R/T
5,32.9,Hells Wells,Starter,Austin Ekeler,Was,RB|W/R/T
5,0.0,Hells Wells,Starter,Chris Carson,Sea,RB|W/R/T
5,2.4,Hells Wells,Starter,Maxx Williams,Ari,TE|W/R/T
5,1.5,Hells Wells,Starter,Cole Beasley,NYG,WR|W/R/T
5,0.0,Hells Wells,Non-Starter,Rob Gronkowski,TB,TE|W/R/T
5,31.9,Hells Wells,Non-Starter,Myles Gaskin,Bal,RB|W/R/T
5,5.5,Hells Wells,Non-Starter,Jeremy McNichols,Was,RB|W/R/T
5,9.5,Hells Wells,Starter,New Orleans Saints,NO,DEF
6,23.7,Hells Wells,Starter,Aaron Rodgers,Pit,QB
6,10.5,Hells Wells,Starter,Amari Cooper,Buf,WR|W/R/T
6,0.0,Hells Wells,Starter,Zach Pascal,NYG,WR|W/R/T
6,9.5,Hells Wells,Starter,Austin Ekeler,Was,RB|W/R/T
6,3.4,Hells Wells,Starter,Myles Gaskin,Bal,RB|W/R/T
6,0.0,Hells Wells,Starter,Rob Gronkowski,TB,TE|W/R/T
6,21.8,Hells Wells,Starter,Cole Beasley,NYG,WR|W/R/T
6,0.0,Hells Wells,Non-Starter,Kenny Golladay,NYG,WR|W/R/T
6,0.0,Hells Wells,Non-Starter,Chris Carson,Sea,RB|W/R/T
6,0.0,Hells Wells,Non-Starter,Jeremy McNichols,Was,RB|W/R/T
6,16.0,Hells Wells,Starter,Arizona Cardinals,Ari,DEF
7,24.66,Hells Wells,Starter,Aaron Rodgers,Pit,QB
7,0.0,Hells Wells,Starter,Kenny Golladay,NYG,WR|W/R/T
7,12.8,Hells Wells,Starter,Hunter Renfrow,Car,WR|W/R/T
7,17.7,Hells Wells,Starter,Myles Gaskin,Bal,RB|W/R/T
7,2.0,Hells Wells,Starter,Jeremy McNichols,Was,RB|W/R/T
7,0.0,Hells Wells,Starter,Rob Gronkowski,TB,TE|W/R/T
7,13.1,Hells Wells,Starter,Ty Johnson,Buf,RB|W/R/T
7,0.0,Hells Wells,Non-Starter,Cole Beasley,NYG,WR|W/R/T
7,0.0,Hells Wells,Non-Starter,Austin Ekeler,Was,RB|W/R/T
7,0.0,Hells Wells,Non-Starter,Amari Cooper,Buf,WR|W/R/T
7,15.5,Hells Wells,Starter,Arizona Cardinals,Ari,DEF
8,15.66,Hells Wells,Starter,Aaron Rodgers,Pit,QB
8,0.0,Hells Wells,Starter,Kenny Golladay,NYG,WR|W/R/T
8,26.2,Hells Wells,Starter,Amari Cooper,Buf,WR|W/R/T
8,8.5,Hells Wells,Starter,Myles Gaskin,Bal,RB|W/R/T
8,24.4,Hells Wells,Starter,Austin Ekeler,Was,RB|W/R/T
8,0.0,Hells Wells,Starter,Rob Gronkowski,TB,TE|W/R/T
8,21.0,Hells Wells,Starter,Cole Beasley,NYG,WR|W/R/T
8,19.6,Hells Wells,Non-Starter,Ty Johnson,Buf,RB|W/R/T
8,0.0,Hells Wells,Non-Starter,Hunter Renfrow,Car,WR|W/R/T
8,6.3,Hells Wells,Non-Starter,Jeremy McNichols,Was,RB|W/R/T
8,2.5,Hells Wells,Starter,Arizona Cardinals,Ari,DEF
9,21.86,Hells Wells,Starter,Teddy Bridgewater,TB,QB
9,5.7,Hells Wells,Starter,Amari Cooper,Buf,WR|W/R/T
9,11.3,Hells Wells,Starter,Cole Beasley,NYG,WR|W/R/T
9,15.7,Hells Wells,Starter,Myles Gaskin,Bal,RB|W/R/T
9,11.2,Hells Wells,Starter,Austin Ekeler,Was,RB|W/R/T
9,0.0,Hells Wells,Starter,Rob Gronkowski,TB,TE|W/R/T
9,12.1,Hells Wells,Starter,Ty Johnson,Buf,RB|W/R/T
9,0.0,Hells Wells,Non-Starter,Aaron Rodgers,Pit,QB
9,4.8,Hells Wells,Non-Starter,Kenny Golladay,NYG,WR|W/R/T
9,17.9,Hells Wells,Non-Starter,Hunter Renfrow,Car,WR|W/R/T
9,6.5,Hells Wells,Non-Starter,Jeremy McNichols,Was,RB|W/R/T
10,9.04,Hells Wells,Starter,Teddy Bridgewater,TB,QB
10,9.1,Hells Wells,Starter,Amari Cooper,Buf,WR|W/R/T
10,3.5,Hells Wells,Starter,Cole Beasley,NYG,WR|W/R/T
10,5.5,Hells Wells,Starter,Myles Gaskin,Bal,RB|W/R/T
10,14.9,Hells Wells,Starter,Austin Ekeler,Was,RB|W/R/T
10,0.0,Hells Wells,Starter,Rob Gronkowski,TB,TE|W/R/T
10,8.8,Hells Wells,Starter,Ty Johnson,Buf,RB|W/R/T
10,10.48,Hells Wells,Non-Starter,Aaron Rodgers,Pit,QB
10,0.0,Hells Wells,Non-Starter,Kenny Golladay,NYG,WR|W/R/T
10,17.6,Hells Wells,Non-Starter,Hunter Renfrow,Car,WR|W/R/T
10,1.8,Hells Wells,Non-Starter,Jeremy McNichols,Was,RB|W/R/T
11,33.5,Hells Wells,Starter,Aaron Rodgers,Pit,QB
11,0.0,Hells Wells,Starter,Amari Cooper,Buf,WR|W/R/T
11,6.3,Hells Wells,Starter,Cole Beasley,NYG,WR|W/R/T
11,18.6,Hells Wells,Starter,Myles Gaskin,Bal,RB|W/R/T
11,41.5,Hells Wells,Starter,Austin Ekeler,Was,RB|W/R/T
11,13.1,Hells Wells,Starter,Rob Gronkowski,TB,TE|W/R/T
11,7.5,Hells Wells,Starter,Hunter Renfrow,Car,WR|W/R/T
11,2.3,Hells Wells,Non-Starter,Ty Johnson,Buf,RB|W/R/T
11,2.2,Hells Wells,Non-Starter,Kenny Golladay,NYG,WR|W/R/T
11,7.7,Hells Wells,Non-Starter,Matt Breida,SF,RB|W/R/T
11,4.0,Hells Wells,Starter,Green Bay Packers,GB,DEF
12,26.28,Hells Wells,Starter,Aaron Rodgers,Pit,QB
12,9.6,Hells Wells,Starter,Cole Beasley,NYG,WR|W/R/T
12,8.0,Hells Wells,Starter,Kenny Golladay,NYG,WR|W/R/T
12,19.2,Hells Wells,Starter,Myles Gaskin,Bal,RB|W/R/T
12,21.9,Hells Wells,Starter,Austin Ekeler,Was,RB|W/R/T
12,19.3,Hells Wells,Starter,Rob Gronkowski,TB,TE|W/R/T
12,21.6,Hells Wells,Starter,Hunter Renfrow,Car,WR|W/R/T
12,0.0,Hells Wells,Non-Starter,Amari Cooper,Buf,WR|W/R/T
12,4.2,Hells Wells,Non-Starter,Ty Johnson,Buf,RB|W/R/T
12,13.5,Hells Wells,Non-Starter,Matt Breida,SF,RB|W/R/T
12,9.5,Hells Wells,Starter,New Orleans Saints,NO,DEF
13,11.12,Hells Wells,Starter,Carson Wentz,Min,QB
13,2.1,Hells Wells,Starter,Cole Beasley,NYG,WR|W/R/T
13,19.2,Hells Wells,Starter,Hunter Renfrow,Car,WR|W/R/T
13,6.9,Hells Wells,Starter,Myles Gaskin,Bal,RB|W/R/T
13,17.4,Hells Wells,Starter,Austin Ekeler,Was,RB|W/R/T
13,21.8,Hells Wells,Starter,Rob Gronkowski,TB,TE|W/R/T
13,1.8,Hells Wells,Starter,Matt Breida,SF,RB|W/R/T
13,0.0,Hells Wells,Non-Starter,Aaron Rodgers,Pit,QB
13,6.7,Hells Wells,Non-Starter,Kenny Golladay,NYG,WR|W/R/T
13,6.1,Hells Wells,Non-Starter,Amari Cooper,Buf,WR|W/R/T
13,3.5,Hells Wells,Non-Starter,Ty Johnson,Buf,RB|W/R/T
14,29.64,Hells Wells,Starter,Aaron Rodgers,Pit,QB
14,15.4,Hells Wells,Starter,Cole Beasley,NYG,WR|W/R/T
14,28.7,Hells Wells,Starter,Hunter Renfrow,Car,WR|W/R/T
14,16.4,Hells Wells,Starter,Austin Ekeler,Was,RB|W/R/T
14,9.7,Hells Wells,Starter,Ty Johnson,Buf,RB|W/R/T
14,11.2,Hells Wells,Starter,Rob Gronkowski,TB,TE|W/R/T
14,16.1,Hells Wells,Starter,Amari Cooper,Buf,WR|W/R/T
14,1.2,Hells Wells,Non-Starter,Matt Breida,SF,RB|W/R/T
14,0.0,Hells Wells,Non-Starter,Myles Gaskin,Bal,RB|W/R/T
14,0.0,Hells Wells,Non-Starter,Carson Wentz,Min,QB
14,25.5,Hells Wells,Starter,Dallas Cowboys,Dal,DEF
1,12.64,imdrunkrightnow,Starter,Baker Mayfield,TB,QB
1,10.1,imdrunkrightnow,Starter,Calvin Ridley,Ten,WR|W/R/T
1,12.4,imdrunkrightnow,Starter,Robert Woods,Pit,WR|W/R/T
1,25.0,imdrunkrightnow,Starter,Joe Mixon,Hou,RB|W/R/T
1,5.3,imdrunkrightnow,Starter,James Conner,Ari,RB|W/R/T
1,7.1,imdrunkrightnow,Starter,Kyle Pitts,Atl,TE|W/R/T
1,6.2,imdrunkrightnow,Starter,Tyler Boyd,Ten,WR|W/R/T
1,8.8,imdrunkrightnow,Non-Starter,Latavius Murray,Buf,RB|W/R/T
1,4.9,imdrunkrightnow,Non-Starter,Mecole Hardman,GB,WR|W/R/T
1,5.6,imdrunkrightnow,Non-Starter,Terrace Marshall,Phi,WR|W/R/T
1,0.5,imdrunkrightnow,Starter,Chicago Bears,Chi,DEF
2,17.52,imdrunkrightnow,Starter,Baker Mayfield,TB,QB
2,19.3,imdrunkrightnow,Starter,Calvin Ridley,Ten,WR|W/R/T
2,12.0,imdrunkrightnow,Starter,Robert Woods,Pit,WR|W/R/T
2,8.1,imdrunkrightnow,Starter,Joe Mixon,Hou,RB|W/R/T
2,9.6,imdrunkrightnow,Starter,Latavius Murray,Buf,RB|W/R/T
2,12.3,imdrunkrightnow,Starter,Kyle Pitts,Atl,TE|W/R/T
2,14.3,imdrunkrightnow,Starter,Tyler Boyd,Ten,WR|W/R/T
2,2.6,imdrunkrightnow,Non-Starter,James Conner,Ari,RB|W/R/T
2,10.5,imdrunkrightnow,Non-Starter,Mecole Hardman,GB,WR|W/R/T
2,4.7,imdrunkrightnow,Non-Starter,Terrace Marshall,Phi,WR|W/R/T
2,23.0,imdrunkrightnow,Starter,Chicago Bears,Chi,DEF
3,20.12,imdrunkrightnow,Starter,Dak Prescott,Dal,QB
3,14.1,imdrunkrightnow,Starter,Calvin Ridley,Ten,WR|W/R/T
3,13.6,imdrunkrightnow,Starter,Tyler Boyd,Ten,WR|W/R/T
3,10.4,imdrunkrightnow,Starter,Joe Mixon,Hou,RB|W/R/T
3,2.8,imdrunkrightnow,Starter,Latavius Murray,Buf,RB|W/R/T
3,5.5,imdrunkrightnow,Starter,Kyle Pitts,Atl,TE|W/R/T
3,12.5,imdrunkrightnow,Starter,Mecole Hardman,GB,WR|W/R/T
3,18.3,imdrunkrightnow,Non-Starter,James Conner,Ari,RB|W/R/T
3,16.94,imdrunkrightnow,Non-Starter,Baker Mayfield,TB,QB
3,8.8,imdrunkrightnow,Non-Starter,Terrace Marshall,Phi,WR|W/R/T
3,22.5,imdrunkrightnow,Starter,Cleveland Browns,Cle,DEF
4,27.02,imdrunkrightnow,Starter,Dak Prescott,Dal,QB
4,15.0,imdrunkrightnow,Starter,Calvin Ridley,Ten,WR|W/R/T
4,20.8,imdrunkrightnow,Starter,Tyler Boyd,Ten,WR|W/R/T
4,13.7,imdrunkrightnow,Starter,Joe Mixon,Hou,RB|W/R/T
4,20.6,imdrunkrightnow,Starter,James Conner,Ari,RB|W/R/T
4,9.0,imdrunkrightnow,Starter,Kyle Pitts,Atl,TE|W/R/T
4,6.1,imdrunkrightnow,Starter,Mecole Hardman,GB,WR|W/R/T
4,11.9,imdrunkrightnow,Non-Starter,Latavius Murray,Buf,RB|W/R/T
4,9.3,imdrunkrightnow,Non-Starter,Baker Mayfield,TB,QB
4,1.2,imdrunkrightnow,Non-Starter,Terrace Marshall,Phi,WR|W/R/T
4,8.5,imdrunkrightnow,Starter,Tennessee Titans,Ten,DEF
5,20.68,imdrunkrightnow,Starter,Dak Prescott,Dal,QB
5,6.4,imdrunkrightnow,Starter,Tyler Boyd,Ten,WR|W/R/T
5,5.3,imdrunkrightnow,Starter,Jaylen Waddle,Mia,WR|W/R/T
5,10.5,imdrunkrightnow,Starter,Joe Mixon,Hou,RB|W/R/T
5,10.7,imdrunkrightnow,Starter,James Conner,Ari,RB|W/R/T
5,26.9,imdrunkrightnow,Starter,Kyle Pitts,Atl,TE|W/R/T
5,16.6,imdrunkrightnow,Starter,Mecole Hardman,GB,WR|W/R/T
5,5.0,imdrunkrightnow,Non-Starter,Latavius Murray,Buf,RB|W/R/T
5,23.0,imdrunkrightnow,Non-Starter,Baker Mayfield,TB,QB
5,3.4,imdrunkrightnow,Non-Starter,Terrace Marshall,Phi,WR|W/R/T
5,16.0,imdrunkrightnow,Starter,Tennessee Titans,Ten,DEF
5,0.0,imdrunkrightnow,Starter,Calvin Ridley,Ten,WR|W/R/T
6,26.8,imdrunkrightnow,Starter,Dak Prescott,Dal,QB
6,1.7,imdrunkrightnow,Starter,Tyler Boyd,Ten,WR|W/R/T
6,29.0,imdrunkrightnow,Starter,Jaylen Waddle,Mia,WR|W/R/T
6,26.3,imdrunkrightnow,Starter,Joe Mixon,Hou,RB|W/R/T
6,8.1,imdrunkrightnow,Starter,James Conner,Ari,RB|W/R/T
6,15.8,imdrunkrightnow,Starter,Ricky Seals-Jones,Was,TE|W/R/T
6,8.8,imdrunkrightnow,Starter,Mecole Hardman,GB,WR|W/R/T
6,0.0,imdrunkrightnow,Non-Starter,Kyle Pitts,Atl,TE|W/R/T
6,12.16,imdrunkrightnow,Non-Starter,Baker Mayfield,TB,QB
6,0.0,imdrunkrightnow,Non-Starter,Calvin Ridley,Ten,WR|W/R/T
6,6.0,imdrunkrightnow,Starter,Miami Dolphins,Mia,DEF
7,17.52,imdrunkrightnow,Starter,Daniel Jones,Ind,QB
7,15.3,imdrunkrightnow,Starter,Jaylen Waddle,Mia,WR|W/R/T
7,12.6,imdrunkrightnow,Starter,Calvin Ridley,Ten,WR|W/R/T
7,11.9,imdrunkrightnow,Starter,Joe Mixon,Hou,RB|W/R/T
7,12.4,imdrunkrightnow,Starter,James Conner,Ari,RB|W/R/T
7,23.3,imdrunkrightnow,Starter,Kyle Pitts,Atl,TE|W/R/T
7,4.8,imdrunkrightnow,Starter,Mecole Hardman,GB,WR|W/R/T
7,11.1,imdrunkrightnow,Non-Starter,Ricky Seals-Jones,Was,TE|W/R/T
7,7.9,imdrunkrightnow,Non-Starter,Tyler Boyd,Ten,WR|W/R/T
7,0.0,imdrunkrightnow,Non-Starter,Dak Prescott,Dal,QB
7,6.0,imdrunkrightnow,Starter,Miami Dolphins,Mia,DEF
7,0.0,imdrunkrightnow,Starter,Baker Mayfield,TB,QB
8,16.08,imdrunkrightnow,Starter,Daniel Jones,Ind,QB
8,6.9,imdrunkrightnow,Starter,Jaylen Waddle,Mia,WR|W/R/T
8,0.0,imdrunkrightnow,Starter,Calvin Ridley,Ten,WR|W/R/T
8,25.1,imdrunkrightnow,Starter,Joe Mixon,Hou,RB|W/R/T
8,14.2,imdrunkrightnow,Starter,James Conner,Ari,RB|W/R/T
8,3.3,imdrunkrightnow,Starter,Kyle Pitts,Atl,TE|W/R/T
8,11.3,imdrunkrightnow,Starter,Mecole Hardman,GB,WR|W/R/T
8,3.2,imdrunkrightnow,Non-Starter,Ricky Seals-Jones,Was,TE|W/R/T
8,19.74,imdrunkrightnow,Non-Starter,Tyler Boyd,Ten,WR|W/R/T
8,0.0,imdrunkrightnow,Non-Starter,Dak Prescott,Dal,QB
8,6.0,imdrunkrightnow,Starter,Los Angeles Chargers,LAC,DEF
9,18.88,imdrunkrightnow,Starter,Dak Prescott,Dal,QB
9,16.3,imdrunkrightnow,Starter,Jaylen Waddle,Mia,WR|W/R/T
9,8.8,imdrunkrightnow,Starter,Jamison Crowder,Was,WR|W/R/T
9,28.0,imdrunkrightnow,Starter,Joe Mixon,Hou,RB|W/R/T
9,40.3,imdrunkrightnow,Starter,James Conner,Ari,RB|W/R/T
9,9.2,imdrunkrightnow,Starter,Kyle Pitts,Atl,TE|W/R/T
9,2.1,imdrunkrightnow,Starter,Tyler Boyd,Ten,WR|W/R/T
9,5.0,imdrunkrightnow,Non-Starter,Mecole Hardman,GB,WR|W/R/T
9,8.1,imdrunkrightnow,Non-Starter,Daniel Jones,Ind,QB
9,0.0,imdrunkrightnow,Non-Starter,Ricky Seals-Jones,Was,TE|W/R/T
9,23.0,imdrunkrightnow,Starter,New England Patriots,NE,DEF
9,0.0,imdrunkrightnow,Starter,Calvin Ridley,Ten,WR|W/R/T
10,26.34,imdrunkrightnow,Starter,Dak Prescott,Dal,QB
10,10.1,imdrunkrightnow,Starter,Jaylen Waddle,Mia,WR|W/R/T
10,5.0,imdrunkrightnow,Starter,Jamison Crowder,Was,WR|W/R/T
10,15.4,imdrunkrightnow,Starter,James Conner,Ari,RB|W/R/T
10,0.1,imdrunkrightnow,Starter,Le'Veon Bell,TB,RB|W/R/T
10,10.0,imdrunkrightnow,Starter,Kyle Pitts,Atl,TE|W/R/T
10,10.9,imdrunkrightnow,Starter,Noah Fant,Cin,TE|W/R/T
10,0.0,imdrunkrightnow,Non-Starter,Joe Mixon,Hou,RB|W/R/T
10,0.0,imdrunkrightnow,Non-Starter,Tyler Boyd,Ten,WR|W/R/T
10,5.0,imdrunkrightnow,Non-Starter,Mecole Hardman,GB,WR|W/R/T
10,13.5,imdrunkrightnow,Starter,New England Patriots,NE,DEF
10,0.0,imdrunkrightnow,Starter,Calvin Ridley,Ten,WR|W/R/T
11,2.64,imdrunkrightnow,Starter,Dak Prescott,Dal,QB
11,20.6,imdrunkrightnow,Starter,Jaylen Waddle,Mia,WR|W/R/T
11,16.4,imdrunkrightnow,Starter,Jamison Crowder,Was,WR|W/R/T
11,20.9,imdrunkrightnow,Starter,James Conner,Ari,RB|W/R/T
11,24.3,imdrunkrightnow,Starter,Joe Mixon,Hou,RB|W/R/T
11,5.9,imdrunkrightnow,Starter,Kyle Pitts,Atl,TE|W/R/T
11,12.3,imdrunkrightnow,Starter,Tyler Boyd,Ten,WR|W/R/T
11,0.0,imdrunkrightnow,Non-Starter,Noah Fant,Cin,TE|W/R/T
11,4.5,imdrunkrightnow,Non-Starter,Mecole Hardman,GB,WR|W/R/T
11,0.0,imdrunkrightnow,Non-Starter,Derrick Henry,Bal,RB|W/R/T
11,32.5,imdrunkrightnow,Starter,New England Patriots,NE,DEF
11,0.0,imdrunkrightnow,Starter,Calvin Ridley,Ten,WR|W/R/T
12,25.3,imdrunkrightnow,Starter,Dak Prescott,Dal,QB
12,28.7,imdrunkrightnow,Starter,Jaylen Waddle,Mia,WR|W/R/T
12,17.4,imdrunkrightnow,Starter,Cedrick Wilson,NO,WR|W/R/T
12,32.3,imdrunkrightnow,Starter,Joe Mixon,Hou,RB|W/R/T
12,18.3,imdrunkrightnow,Starter,Dontrell Hilliard,Ten,RB|W/R/T
12,4.6,imdrunkrightnow,Starter,Kyle Pitts,Atl,TE|W/R/T
12,1.5,imdrunkrightnow,Starter,Jamison Crowder,Was,WR|W/R/T
12,3.3,imdrunkrightnow,Non-Starter,Tyler Boyd,Ten,WR|W/R/T
12,0.0,imdrunkrightnow,Non-Starter,James Conner,Ari,RB|W/R/T
12,0.0,imdrunkrightnow,Non-Starter,Calvin Ridley,Ten,WR|W/R/T
12,16.0,imdrunkrightnow,Starter,New England Patriots,NE,DEF
12,0.0,imdrunkrightnow,Starter,Derrick Henry,Bal,RB|W/R/T
13,11.22,imdrunkrightnow,Starter,Dak Prescott,Dal,QB
13,18.0,imdrunkrightnow,Starter,Jaylen Waddle,Mia,WR|W/R/T
13,13.5,imdrunkrightnow,Starter,Tyler Boyd,Ten,WR|W/R/T
13,9.4,imdrunkrightnow,Starter,Joe Mixon,Hou,RB|W/R/T
13,19.1,imdrunkrightnow,Starter,James Conner,Ari,RB|W/R/T
13,8.8,imdrunkrightnow,Starter,Kyle Pitts,Atl,TE|W/R/T
13,10.2,imdrunkrightnow,Starter,Jamison Crowder,Was,WR|W/R/T
13,0.0,imdrunkrightnow,Non-Starter,Cedrick Wilson,NO,WR|W/R/T
13,0.0,imdrunkrightnow,Non-Starter,Dontrell Hilliard,Ten,RB|W/R/T
13,0.0,imdrunkrightnow,Non-Starter,Calvin Ridley,Ten,WR|W/R/T
13,10.5,imdrunkrightnow,Starter,New England Patriots,NE,DEF
13,0.0,imdrunkrightnow,Starter,Derrick Henry,Bal,RB|W/R/T
14,7.94,imdrunkrightnow,Starter,Dak Prescott,Dal,QB
14,10.3,imdrunkrightnow,Starter,Tyler Boyd,Ten,WR|W/R/T
14,4.9,imdrunkrightnow,Starter,Jamison Crowder,Was,WR|W/R/T
14,33.5,imdrunkrightnow,Starter,James Conner,Ari,RB|W/R/T
14,1.3,imdrunkrightnow,Starter,Dontrell Hilliard,Ten,RB|W/R/T
14,11.1,imdrunkrightnow,Starter,Kyle Pitts,Atl,TE|W/R/T
14,8.8,imdrunkrightnow,Starter,Joe Mixon,Hou,RB|W/R/T
14,0.0,imdrunkrightnow,Non-Starter,Jaylen Waddle,Mia,WR|W/R/T
14,0.0,imdrunkrightnow,Non-Starter,Calvin Ridley,Ten,WR|W/R/T
14,11.0,imdrunkrightnow,Starter,New Orleans Saints,NO,DEF
14,0.0,imdrunkrightnow,Non-Starter,New England Patriots,NE,DEF
14,0.0,imdrunkrightnow,Starter,Derrick Henry,Bal,RB|W/R/T
15,10.58,imdrunkrightnow,Starter,Dak Prescott,Dal,QB
15,20.6,imdrunkrightnow,Starter,Tyler Boyd,Ten,WR|W/R/T
15,24.4,imdrunkrightnow,Starter,Christian Kirk,Hou,WR|W/R/T
15,7.0,imdrunkrightnow,Starter,Joe Mixon,Hou,RB|W/R/T
15,9.0,imdrunkrightnow,Starter,James Conner,Ari,RB|W/R/T
15,11.7,imdrunkrightnow,Starter,Kyle Pitts,Atl,TE|W/R/T
15,9.0,imdrunkrightnow,Starter,Jamison Crowder,Was,WR|W/R/T
15,0.8,imdrunkrightnow,Non-Starter,Royce Freeman,Chi,RB|W/R/T
15,0.0,imdrunkrightnow,Non-Starter,Jaylen Waddle,Mia,WR|W/R/T
15,9.9,imdrunkrightnow,Non-Starter,Dontrell Hilliard,Ten,RB|W/R/T
15,5.0,imdrunkrightnow,Starter,New England Patriots,NE,DEF
15,0.0,imdrunkrightnow,Starter,Calvin Ridley,Ten,WR|W/R/T
16,31.3,imdrunkrightnow,Starter,Dak Prescott,Dal,QB
16,11.8,imdrunkrightnow,Starter,Christian Kirk,Hou,WR|W/R/T
16,25.2,imdrunkrightnow,Starter,Jaylen Waddle,Mia,WR|W/R/T
16,31.5,imdrunkrightnow,Starter,Joe Mixon,Hou,RB|W/R/T
16,34.2,imdrunkrightnow,Starter,Justin Jackson,Det,RB|W/R/T
16,16.2,imdrunkrightnow,Starter,Kyle Pitts,Atl,TE|W/R/T
16,17.5,imdrunkrightnow,Starter,Tyler Boyd,Ten,WR|W/R/T
16,0.0,imdrunkrightnow,Non-Starter,James Conner,Ari,RB|W/R/T
16,0.0,imdrunkrightnow,Non-Starter,Jamison Crowder,Was,WR|W/R/T
16,3.4,imdrunkrightnow,Non-Starter,Dontrell Hilliard,Ten,RB|W/R/T
16,8.5,imdrunkrightnow,Starter,Seattle Seahawks,Sea,DEF
16,0.0,imdrunkrightnow,Starter,Calvin Ridley,Ten,WR|W/R/T
17,23.04,imdrunkrightnow,Starter,Dak Prescott,Dal,QB
17,13.9,imdrunkrightnow,Starter,Christian Kirk,Hou,WR|W/R/T
17,7.7,imdrunkrightnow,Starter,Jaylen Waddle,Mia,WR|W/R/T
17,15.6,imdrunkrightnow,Starter,Joe Mixon,Hou,RB|W/R/T
17,20.8,imdrunkrightnow,Starter,Jaret Patterson,LAC,RB|W/R/T
17,8.9,imdrunkrightnow,Starter,Kyle Pitts,Atl,TE|W/R/T
17,13.6,imdrunkrightnow,Starter,Tyler Boyd,Ten,WR|W/R/T
17,0.0,imdrunkrightnow,Non-Starter,James Conner,Ari,RB|W/R/T
17,9.1,imdrunkrightnow,Non-Starter,Justin Jackson,Det,RB|W/R/T
17,2.6,imdrunkrightnow,Non-Starter,Jordan Howard,NO,RB|W/R/T
17,15.0,imdrunkrightnow,Starter,New England Patriots,NE,DEF
17,0.0,imdrunkrightnow,Starter,Calvin Ridley,Ten,WR|W/R/T
1,33.28,Mahomeless Camp,Starter,Patrick Mahomes,KC,QB
1,26.3,Mahomeless Camp,Starter,DeAndre Hopkins,Bal,WR|W/R/T
1,30.2,Mahomeless Camp,Starter,Adam Thielen,Car,WR|W/R/T
1,11.8,Mahomeless Camp,Starter,Antonio Gibson,NE,RB|W/R/T
1,12.0,Mahomeless Camp,Starter,Kenyan Drake,Bal,RB|W/R/T
1,5.0,Mahomeless Camp,Starter,Mark Andrews,Bal,TE|W/R/T
1,18.2,Mahomeless Camp,Starter,Brandin Cooks,NO,WR|W/R/T
1,8.5,Mahomeless Camp,Non-Starter,Phillip Lindsay,Ind,RB|W/R/T
1,6.1,Mahomeless Camp,Non-Starter,Hunter Henry,NE,TE|W/R/T
1,10.0,Mahomeless Camp,Non-Starter,Gerald Everett,Chi,TE|W/R/T
1,5.5,Mahomeless Camp,Starter,Buffalo Bills,Buf,DEF
2,24.02,Mahomeless Camp,Starter,Patrick Mahomes,KC,QB
2,15.4,Mahomeless Camp,Starter,DeAndre Hopkins,Bal,WR|W/R/T
2,22.8,Mahomeless Camp,Starter,Brandin Cooks,NO,WR|W/R/T
2,9.3,Mahomeless Camp,Starter,Antonio Gibson,NE,RB|W/R/T
2,10.5,Mahomeless Camp,Starter,Kenyan Drake,Bal,RB|W/R/T
2,10.7,Mahomeless Camp,Starter,Mark Andrews,Bal,TE|W/R/T
2,15.9,Mahomeless Camp,Starter,Adam Thielen,Car,WR|W/R/T
2,9.4,Mahomeless Camp,Non-Starter,Phillip Lindsay,Ind,RB|W/R/T
2,6.2,Mahomeless Camp,Non-Starter,Hunter Henry,NE,TE|W/R/T
2,1.3,Mahomeless Camp,Non-Starter,Gerald Everett,Chi,TE|W/R/T
2,28.0,Mahomeless Camp,Starter,Buffalo Bills,Buf,DEF
3,22.9,Mahomeless Camp,Starter,Patrick Mahomes,KC,QB
3,5.1,Mahomeless Camp,Starter,DeAndre Hopkins,Bal,WR|W/R/T
3,20.7,Mahomeless Camp,Starter,Brandin Cooks,NO,WR|W/R/T
3,17.4,Mahomeless Camp,Starter,Antonio Gibson,NE,RB|W/R/T
3,8.7,Mahomeless Camp,Starter,Kenyan Drake,Bal,RB|W/R/T
3,15.9,Mahomeless Camp,Starter,Mark Andrews,Bal,TE|W/R/T
3,17.0,Mahomeless Camp,Starter,Adam Thielen,Car,WR|W/R/T
3,0.5,Mahomeless Camp,Non-Starter,Phillip Lindsay,Ind,RB|W/R/T
3,8.6,Mahomeless Camp,Non-Starter,Hunter Henry,NE,TE|W/R/T
3,10.4,Mahomeless Camp,Non-Starter,Gerald Everett,Chi,TE|W/R/T
3,11.0,Mahomeless Camp,Starter,Buffalo Bills,Buf,DEF
4,31.72,Mahomeless Camp,Starter,Patrick Mahomes,KC,QB
4,10.7,Mahomeless Camp,Starter,DeAndre Hopkins,Bal,WR|W/R/T
4,9.7,Mahomeless Camp,Starter,Brandin Cooks,NO,WR|W/R/T
4,15.5,Mahomeless Camp,Starter,Antonio Gibson,NE,RB|W/R/T
4,0.2,Mahomeless Camp,Starter,Kenyan Drake,Bal,RB|W/R/T
4,11.7,Mahomeless Camp,Starter,Mark Andrews,Bal,TE|W/R/T
4,7.6,Mahomeless Camp,Starter,Adam Thielen,Car,WR|W/R/T
4,-0.1,Mahomeless Camp,Non-Starter,Phillip Lindsay,Ind,RB|W/R/T
4,13.2,Mahomeless Camp,Non-Starter,Hunter Henry,NE,TE|W/R/T
4,0.0,Mahomeless Camp,Non-Starter,Gerald Everett,Chi,TE|W/R/T
4,27.0,Mahomeless Camp,Starter,Buffalo Bills,Buf,DEF
5,16.98,Mahomeless Camp,Starter,Patrick Mahomes,KC,QB
5,20.7,Mahomeless Camp,Starter,DeAndre Hopkins,Bal,WR|W/R/T
5,5.3,Mahomeless Camp,Starter,Brandin Cooks,NO,WR|W/R/T
5,21.2,Mahomeless Camp,Starter,Antonio Gibson,NE,RB|W/R/T
5,1.1,Mahomeless Camp,Starter,Kenyan Drake,Bal,RB|W/R/T
5,41.7,Mahomeless Camp,Starter,Mark Andrews,Bal,TE|W/R/T
5,6.0,Mahomeless Camp,Starter,Adam Thielen,Car,WR|W/R/T
5,1.9,Mahomeless Camp,Non-Starter,Phillip Lindsay,Ind,RB|W/R/T
5,19.5,Mahomeless Camp,Non-Starter,Hunter Henry,NE,TE|W/R/T
5,0.0,Mahomeless Camp,Non-Starter,Gerald Everett,Chi,TE|W/R/T
5,19.0,Mahomeless Camp,Starter,Buffalo Bills,Buf,DEF
6,22.98,Mahomeless Camp,Starter,Patrick Mahomes,KC,QB
6,29.8,Mahomeless Camp,Starter,Adam Thielen,Car,WR|W/R/T
6,17.9,Mahomeless Camp,Starter,Brandin Cooks,NO,WR|W/R/T
6,4.4,Mahomeless Camp,Starter,Antonio Gibson,NE,RB|W/R/T
6,2.4,Mahomeless Camp,Starter,Giovani Bernard,TB,RB|W/R/T
6,17.8,Mahomeless Camp,Starter,Mark Andrews,Bal,TE|W/R/T
6,20.5,Mahomeless Camp,Starter,DeAndre Hopkins,Bal,WR|W/R/T
6,10.5,Mahomeless Camp,Non-Starter,Hunter Henry,NE,TE|W/R/T
6,21.3,Mahomeless Camp,Non-Starter,Kenyan Drake,Bal,RB|W/R/T
6,6.0,Mahomeless Camp,Non-Starter,Gerald Everett,Chi,TE|W/R/T
6,3.0,Mahomeless Camp,Starter,Buffalo Bills,Buf,DEF
7,7.74,Mahomeless Camp,Starter,Patrick Mahomes,KC,QB
7,7.1,Mahomeless Camp,Starter,Brandin Cooks,NO,WR|W/R/T
7,18.3,Mahomeless Camp,Starter,DeAndre Hopkins,Bal,WR|W/R/T
7,7.6,Mahomeless Camp,Starter,Antonio Gibson,NE,RB|W/R/T
7,16.9,Mahomeless Camp,Starter,Kenyan Drake,Bal,RB|W/R/T
7,7.8,Mahomeless Camp,Starter,Mark Andrews,Bal,TE|W/R/T
7,10.3,Mahomeless Camp,Starter,Hunter Henry,NE,TE|W/R/T
7,2.5,Mahomeless Camp,Non-Starter,Giovani Bernard,TB,RB|W/R/T
7,0.0,Mahomeless Camp,Non-Starter,Adam Thielen,Car,WR|W/R/T
7,0.0,Mahomeless Camp,Starter,Chicago Bears,Chi,DEF
7,0.0,Mahomeless Camp,Non-Starter,Buffalo Bills,Buf,DEF
8,14.0,Mahomeless Camp,Starter,Patrick Mahomes,KC,QB
8,20.3,Mahomeless Camp,Starter,Brandin Cooks,NO,WR|W/R/T
8,8.6,Mahomeless Camp,Starter,DeAndre Hopkins,Bal,WR|W/R/T
8,8.4,Mahomeless Camp,Starter,Antonio Gibson,NE,RB|W/R/T
8,0.7,Mahomeless Camp,Starter,Rashaad Penny,Phi,RB|W/R/T
8,4.3,Mahomeless Camp,Starter,Hunter Henry,NE,TE|W/R/T
8,19.8,Mahomeless Camp,Starter,Adam Thielen,Car,WR|W/R/T
8,10.7,Mahomeless Camp,Non-Starter,Giovani Bernard,TB,RB|W/R/T
8,0.0,Mahomeless Camp,Non-Starter,Mark Andrews,Bal,TE|W/R/T
8,0.0,Mahomeless Camp,Non-Starter,Kenyan Drake,Bal,RB|W/R/T
8,15.5,Mahomeless Camp,Starter,Buffalo Bills,Buf,DEF
9,10.44,Mahomeless Camp,Starter,Patrick Mahomes,KC,QB
9,11.6,Mahomeless Camp,Starter,Brandin Cooks,NO,WR|W/R/T
9,8.6,Mahomeless Camp,Starter,Adam Thielen,Car,WR|W/R/T
9,16.0,Mahomeless Camp,Starter,Kenyan Drake,Bal,RB|W/R/T
9,20.8,Mahomeless Camp,Starter,Nyheim Miller-Hines,LAC,RB|W/R/T
9,9.4,Mahomeless Camp,Starter,Mark Andrews,Bal,TE|W/R/T
9,9.9,Mahomeless Camp,Starter,Hunter Henry,NE,TE|W/R/T
9,0.0,Mahomeless Camp,Non-Starter,DeAndre Hopkins,Bal,WR|W/R/T
9,0.0,Mahomeless Camp,Non-Starter,Antonio Gibson,NE,RB|W/R/T
9,0.0,Mahomeless Camp,Non-Starter,Giovani Bernard,TB,RB|W/R/T
9,12.5,Mahomeless Camp,Starter,Buffalo Bills,Buf,DEF
10,36.24,Mahomeless Camp,Starter,Patrick Mahomes,KC,QB
10,11.5,Mahomeless Camp,Starter,Adam Thielen,Car,WR|W/R/T
10,17.8,Mahomeless Camp,Starter,Bryan Edwards,KC,WR|W/R/T
10,4.9,Mahomeless Camp,Starter,Nyheim Miller-Hines,LAC,RB|W/R/T
10,21.8,Mahomeless Camp,Starter,Antonio Gibson,NE,RB|W/R/T
10,18.3,Mahomeless Camp,Starter,Mark Andrews,Bal,TE|W/R/T
10,19.7,Mahomeless Camp,Starter,Hunter Henry,NE,TE|W/R/T
10,0.0,Mahomeless Camp,Non-Starter,DeAndre Hopkins,Bal,WR|W/R/T
10,5.1,Mahomeless Camp,Non-Starter,Kenyan Drake,Bal,RB|W/R/T
10,0.0,Mahomeless Camp,Non-Starter,Brandin Cooks,NO,WR|W/R/T
10,16.0,Mahomeless Camp,Starter,Buffalo Bills,Buf,DEF
11,7.5,Mahomeless Camp,Starter,Patrick Mahomes,KC,QB
11,22.2,Mahomeless Camp,Starter,Adam Thielen,Car,WR|W/R/T
11,3.8,Mahomeless Camp,Starter,Brandin Cooks,NO,WR|W/R/T
11,7.5,Mahomeless Camp,Starter,Antonio Gibson,NE,RB|W/R/T
11,3.9,Mahomeless Camp,Starter,Kenyan Drake,Bal,RB|W/R/T
11,15.3,Mahomeless Camp,Starter,Mark Andrews,Bal,TE|W/R/T
11,3.1,Mahomeless Camp,Starter,Nyheim Miller-Hines,LAC,RB|W/R/T
11,0.0,Mahomeless Camp,Non-Starter,DeAndre Hopkins,Bal,WR|W/R/T
11,4.5,Mahomeless Camp,Non-Starter,Hunter Henry,NE,TE|W/R/T
11,0.0,Mahomeless Camp,Non-Starter,Bryan Edwards,KC,WR|W/R/T
11,-2.5,Mahomeless Camp,Starter,Buffalo Bills,Buf,DEF
12,11.22,Mahomeless Camp,Starter,Taylor Heinicke,LAC,QB
12,23.2,Mahomeless Camp,Starter,Adam Thielen,Car,WR|W/R/T
12,13.5,Mahomeless Camp,Starter,Brandin Cooks,NO,WR|W/R/T
12,23.6,Mahomeless Camp,Starter,Antonio Gibson,NE,RB|W/R/T
12,3.9,Mahomeless Camp,Starter,Nyheim Miller-Hines,LAC,RB|W/R/T
12,16.5,Mahomeless Camp,Starter,Mark Andrews,Bal,TE|W/R/T
12,5.0,Mahomeless Camp,Starter,Kenyan Drake,Bal,RB|W/R/T
12,3.6,Mahomeless Camp,Non-Starter,Hunter Henry,NE,TE|W/R/T
12,0.0,Mahomeless Camp,Non-Starter,Patrick Mahomes,KC,QB
12,0.0,Mahomeless Camp,Non-Starter,DeAndre Hopkins,Bal,WR|W/R/T
12,15.0,Mahomeless Camp,Starter,Buffalo Bills,Buf,DEF
13,12.56,Mahomeless Camp,Starter,Patrick Mahomes,KC,QB
13,1.0,Mahomeless Camp,Starter,Adam Thielen,Car,WR|W/R/T
13,8.4,Mahomeless Camp,Starter,Brandin Cooks,NO,WR|W/R/T
13,22.1,Mahomeless Camp,Starter,Antonio Gibson,NE,RB|W/R/T
13,8.6,Mahomeless Camp,Starter,Nyheim Miller-Hines,LAC,RB|W/R/T
13,9.0,Mahomeless Camp,Starter,Mark Andrews,Bal,TE|W/R/T
13,9.0,Mahomeless Camp,Starter,Jamaal Williams,NO,RB|W/R/T
13,1.8,Mahomeless Camp,Non-Starter,Kenyan Drake,Bal,RB|W/R/T
13,14.84,Mahomeless Camp,Non-Starter,Taylor Heinicke,LAC,QB
13,11.2,Mahomeless Camp,Non-Starter,DeAndre Hopkins,Bal,WR|W/R/T
13,9.5,Mahomeless Camp,Starter,Buffalo Bills,Buf,DEF
14,20.32,Mahomeless Camp,Starter,Patrick Mahomes,KC,QB
14,18.1,Mahomeless Camp,Starter,Brandin Cooks,NO,WR|W/R/T
14,6.1,Mahomeless Camp,Starter,Nick Westbrook-Ikhine,Mia,WR|W/R/T
14,4.1,Mahomeless Camp,Starter,Antonio Gibson,NE,RB|W/R/T
14,5.6,Mahomeless Camp,Starter,Jeff Wilson,SF,RB|W/R/T
14,28.5,Mahomeless Camp,Starter,Mark Andrews,Bal,TE|W/R/T
14,10.4,Mahomeless Camp,Starter,DeAndre Hopkins,Bal,WR|W/R/T
14,0.0,Mahomeless Camp,Non-Starter,Jamaal Williams,NO,RB|W/R/T
14,0.0,Mahomeless Camp,Non-Starter,Adam Thielen,Car,WR|W/R/T
14,8.2,Mahomeless Camp,Non-Starter,Josh Reynolds,NYJ,WR|W/R/T
14,5.5,Mahomeless Camp,Starter,Baltimore Ravens,Bal,DEF
15,29.6,Mahomeless Camp,Starter,Patrick Mahomes,KC,QB
15,29.2,Mahomeless Camp,Starter,Brandin Cooks,NO,WR|W/R/T
15,7.2,Mahomeless Camp,Starter,Nick Westbrook-Ikhine,Mia,WR|W/R/T
15,18.5,Mahomeless Camp,Starter,Antonio Gibson,NE,RB|W/R/T
15,7.8,Mahomeless Camp,Starter,Nyheim Miller-Hines,LAC,RB|W/R/T
15,35.6,Mahomeless Camp,Starter,Mark Andrews,Bal,TE|W/R/T
15,23.5,Mahomeless Camp,Starter,Amon-Ra St. Brown,Det,WR|W/R/T
15,0.0,Mahomeless Camp,Non-Starter,Adam Thielen,Car,WR|W/R/T
15,18.8,Mahomeless Camp,Non-Starter,Josh Reynolds,NYJ,WR|W/R/T
15,8.0,Mahomeless Camp,Starter,Tennessee Titans,Ten,DEF
15,0.0,Mahomeless Camp,Starter,Jamaal Williams,NO,RB|W/R/T
16,22.32,Mahomeless Camp,Starter,Patrick Mahomes,KC,QB
16,26.0,Mahomeless Camp,Starter,Amon-Ra St. Brown,Det,WR|W/R/T
16,5.3,Mahomeless Camp,Starter,Kendrick Bourne,NE,WR|W/R/T
16,13.8,Mahomeless Camp,Starter,Antonio Gibson,NE,RB|W/R/T
16,2.8,Mahomeless Camp,Starter,Nyheim Miller-Hines,LAC,RB|W/R/T
16,26.5,Mahomeless Camp,Starter,Mark Andrews,Bal,TE|W/R/T
16,7.0,Mahomeless Camp,Starter,Adam Thielen,Car,WR|W/R/T
16,0.0,Mahomeless Camp,Non-Starter,Gabriel Davis,Jax,WR|W/R/T
16,0.0,Mahomeless Camp,Non-Starter,Brandin Cooks,NO,WR|W/R/T
16,3.3,Mahomeless Camp,Non-Starter,Jaret Patterson,LAC,RB|W/R/T
16,9.0,Mahomeless Camp,Starter,Tennessee Titans,Ten,DEF
17,20.86,Mahomeless Camp,Starter,Patrick Mahomes,KC,QB
17,35.4,Mahomeless Camp,Starter,Amon-Ra St. Brown,Det,WR|W/R/T
17,19.6,Mahomeless Camp,Starter,Brandin Cooks,NO,WR|W/R/T
17,5.8,Mahomeless Camp,Starter,Nyheim Miller-Hines,LAC,RB|W/R/T
17,14.8,Mahomeless Camp,Starter,Dare Ogunbowale,Hou,RB|W/R/T
17,14.9,Mahomeless Camp,Starter,Mark Andrews,Bal,TE|W/R/T
17,7.0,Mahomeless Camp,Starter,Gabriel Davis,Jax,WR|W/R/T
17,0.0,Mahomeless Camp,Non-Starter,Antonio Gibson,NE,RB|W/R/T
17,13.4,Mahomeless Camp,Non-Starter,Jamaal Williams,NO,RB|W/R/T
17,14.3,Mahomeless Camp,Non-Starter,Kendrick Bourne,NE,WR|W/R/T
17,24.5,Mahomeless Camp,Starter,Chicago Bears,Chi,DEF
17,0.0,Mahomeless Camp,Starter,Adam Thielen,Car,WR|W/R/T
1,18.0,French Fries & Gravy,Starter,Lamar Jackson,Bal,QB
1,16.0,French Fries & Gravy,Starter,DK Metcalf,Pit,WR|W/R/T
1,31.9,French Fries & Gravy,Starter,Deebo Samuel,Was,WR|W/R/T
1,3.7,French Fries & Gravy,Starter,Saquon Barkley,Phi,RB|W/R/T
1,14.2,French Fries & Gravy,Starter,Nyheim Miller-Hines,LAC,RB|W/R/T
1,25.7,French Fries & Gravy,Starter,T.J. Hockenson,Min,TE|W/R/T
1,24.4,French Fries & Gravy,Starter,D'Andre Swift,Chi,RB|W/R/T
1,3.6,French Fries & Gravy,Non-Starter,A.J. Dillon,Phi,RB|W/R/T
1,19.4,French Fries & Gravy,Non-Starter,Marquise Brown,KC,WR|W/R/T
1,0.0,French Fries & Gravy,Non-Starter,Tarik Cohen,Car,RB|W/R/T
1,7.5,French Fries & Gravy,Starter,Kansas City Chiefs,KC,DEF
2,30.26,French Fries & Gravy,Starter,Lamar Jackson,Bal,QB
2,11.3,French Fries & Gravy,Starter,DK Metcalf,Pit,WR|W/R/T
2,16.1,French Fries & Gravy,Starter,Deebo Samuel,Was,WR|W/R/T
2,11.8,French Fries & Gravy,Starter,D'Andre Swift,Chi,RB|W/R/T
2,3.2,French Fries & Gravy,Starter,Nyheim Miller-Hines,LAC,RB|W/R/T
2,20.6,French Fries & Gravy,Starter,T.J. Hockenson,Min,TE|W/R/T
2,9.5,French Fries & Gravy,Starter,Christian Kirk,Hou,WR|W/R/T
2,8.9,French Fries & Gravy,Non-Starter,Saquon Barkley,Phi,RB|W/R/T
2,23.3,French Fries & Gravy,Non-Starter,Marquise Brown,KC,WR|W/R/T
2,3.6,French Fries & Gravy,Non-Starter,A.J. Dillon,Phi,RB|W/R/T
2,10.0,French Fries & Gravy,Starter,Kansas City Chiefs,KC,DEF
2,0.0,French Fries & Gravy,Starter,Tarik Cohen,Car,RB|W/R/T
3,19.28,French Fries & Gravy,Starter,Lamar Jackson,Bal,QB
3,22.7,French Fries & Gravy,Starter,DK Metcalf,Pit,WR|W/R/T
3,10.2,French Fries & Gravy,Starter,Deebo Samuel,Was,WR|W/R/T
3,23.7,French Fries & Gravy,Starter,D'Andre Swift,Chi,RB|W/R/T
3,21.4,French Fries & Gravy,Starter,Saquon Barkley,Phi,RB|W/R/T
3,3.0,French Fries & Gravy,Starter,T.J. Hockenson,Min,TE|W/R/T
3,8.3,French Fries & Gravy,Starter,Marquise Brown,KC,WR|W/R/T
3,17.4,French Fries & Gravy,Non-Starter,Christian Kirk,Hou,WR|W/R/T
3,18.9,French Fries & Gravy,Non-Starter,Nyheim Miller-Hines,LAC,RB|W/R/T
3,4.6,French Fries & Gravy,Non-Starter,A.J. Dillon,Phi,RB|W/R/T
3,3.5,French Fries & Gravy,Starter,Kansas City Chiefs,KC,DEF
3,0.0,French Fries & Gravy,Starter,Tarik Cohen,Car,RB|W/R/T
4,19.44,French Fries & Gravy,Starter,Lamar Jackson,Bal,QB
4,16.5,French Fries & Gravy,Starter,DK Metcalf,Pit,WR|W/R/T
4,35.7,French Fries & Gravy,Starter,Deebo Samuel,Was,WR|W/R/T
4,8.9,French Fries & Gravy,Starter,D'Andre Swift,Chi,RB|W/R/T
4,29.6,French Fries & Gravy,Starter,Saquon Barkley,Phi,RB|W/R/T
4,8.2,French Fries & Gravy,Starter,T.J. Hockenson,Min,TE|W/R/T
4,1.1,French Fries & Gravy,Starter,Nyheim Miller-Hines,LAC,RB|W/R/T
4,19.1,French Fries & Gravy,Non-Starter,Marquise Brown,KC,WR|W/R/T
4,1.5,French Fries & Gravy,Non-Starter,Christian Kirk,Hou,WR|W/R/T
4,10.7,French Fries & Gravy,Non-Starter,A.J. Dillon,Phi,RB|W/R/T
4,3.5,French Fries & Gravy,Starter,Kansas City Chiefs,KC,DEF
4,0.0,French Fries & Gravy,Starter,Tarik Cohen,Car,RB|W/R/T
5,41.88,French Fries & Gravy,Starter,Lamar Jackson,Bal,QB
5,26.8,French Fries & Gravy,Starter,DK Metcalf,Pit,WR|W/R/T
5,16.1,French Fries & Gravy,Starter,Deebo Samuel,Was,WR|W/R/T
5,22.4,French Fries & Gravy,Starter,D'Andre Swift,Chi,RB|W/R/T
5,0.9,French Fries & Gravy,Starter,Saquon Barkley,Phi,RB|W/R/T
5,4.2,French Fries & Gravy,Starter,T.J. Hockenson,Min,TE|W/R/T
5,33.5,French Fries & Gravy,Starter,Marquise Brown,KC,WR|W/R/T
5,1.8,French Fries & Gravy,Non-Starter,Nyheim Miller-Hines,LAC,RB|W/R/T
5,10.0,French Fries & Gravy,Non-Starter,Christian Kirk,Hou,WR|W/R/T
5,17.9,French Fries & Gravy,Non-Starter,A.J. Dillon,Phi,RB|W/R/T
5,5.5,French Fries & Gravy,Starter,Las Vegas Raiders,LV,DEF
5,0.0,French Fries & Gravy,Starter,Tarik Cohen,Car,RB|W/R/T
6,11.78,French Fries & Gravy,Starter,Lamar Jackson,Bal,QB
6,11.8,French Fries & Gravy,Starter,DK Metcalf,Pit,WR|W/R/T
6,18.5,French Fries & Gravy,Starter,Christian Kirk,Hou,WR|W/R/T
6,17.7,French Fries & Gravy,Starter,D'Andre Swift,Chi,RB|W/R/T
6,5.9,French Fries & Gravy,Starter,A.J. Dillon,Phi,RB|W/R/T
6,15.4,French Fries & Gravy,Starter,T.J. Hockenson,Min,TE|W/R/T
6,7.5,French Fries & Gravy,Starter,Marquise Brown,KC,WR|W/R/T
6,3.2,French Fries & Gravy,Non-Starter,Nyheim Miller-Hines,LAC,RB|W/R/T
6,0.0,French Fries & Gravy,Non-Starter,Saquon Barkley,Phi,RB|W/R/T
6,0.0,French Fries & Gravy,Non-Starter,Deebo Samuel,Was,WR|W/R/T
6,14.5,French Fries & Gravy,Starter,Las Vegas Raiders,LV,DEF
6,0.0,French Fries & Gravy,Starter,Tarik Cohen,Car,RB|W/R/T
7,23.08,French Fries & Gravy,Starter,Lamar Jackson,Bal,QB
7,17.6,French Fries & Gravy,Starter,DK Metcalf,Pit,WR|W/R/T
7,21.0,French Fries & Gravy,Starter,Deebo Samuel,Was,WR|W/R/T
7,28.4,French Fries & Gravy,Starter,D'Andre Swift,Chi,RB|W/R/T
7,2.2,French Fries & Gravy,Starter,Nyheim Miller-Hines,LAC,RB|W/R/T
7,10.8,French Fries & Gravy,Starter,T.J. Hockenson,Min,TE|W/R/T
7,19.0,French Fries & Gravy,Starter,Marquise Brown,KC,WR|W/R/T
7,-0.2,French Fries & Gravy,Non-Starter,A.J. Dillon,Phi,RB|W/R/T
7,15.0,French Fries & Gravy,Non-Starter,Christian Kirk,Hou,WR|W/R/T
7,0.0,French Fries & Gravy,Non-Starter,Saquon Barkley,Phi,RB|W/R/T
7,7.5,French Fries & Gravy,Starter,Las Vegas Raiders,LV,DEF
7,0.0,French Fries & Gravy,Starter,Tarik Cohen,Car,RB|W/R/T
8,13.16,French Fries & Gravy,Starter,Kirk Cousins,Atl,QB
8,22.3,French Fries & Gravy,Starter,DK Metcalf,Pit,WR|W/R/T
8,23.1,French Fries & Gravy,Starter,Deebo Samuel,Was,WR|W/R/T
8,8.1,French Fries & Gravy,Starter,D'Andre Swift,Chi,RB|W/R/T
8,18.0,French Fries & Gravy,Starter,Boston Scott,Pit,RB|W/R/T
8,18.9,French Fries & Gravy,Starter,T.J. Hockenson,Min,TE|W/R/T
8,8.6,French Fries & Gravy,Starter,Christian Kirk,Hou,WR|W/R/T
8,0.0,French Fries & Gravy,Non-Starter,Lamar Jackson,Bal,QB
8,0.0,French Fries & Gravy,Non-Starter,Marquise Brown,KC,WR|W/R/T
8,0.0,French Fries & Gravy,Non-Starter,Saquon Barkley,Phi,RB|W/R/T
8,6.0,French Fries & Gravy,Starter,Atlanta Falcons,Atl,DEF
8,0.0,French Fries & Gravy,Starter,Tarik Cohen,Car,RB|W/R/T
9,30.64,French Fries & Gravy,Starter,Lamar Jackson,Bal,QB
9,11.3,French Fries & Gravy,Starter,Deebo Samuel,Was,WR|W/R/T
9,20.6,French Fries & Gravy,Starter,Marquise Brown,KC,WR|W/R/T
9,4.0,French Fries & Gravy,Starter,Boston Scott,Pit,RB|W/R/T
9,0.0,French Fries & Gravy,Starter,Saquon Barkley,Phi,RB|W/R/T
9,21.3,French Fries & Gravy,Starter,Pat Freiermuth,Pit,TE|W/R/T
9,16.42,French Fries & Gravy,Starter,Christian Kirk,Hou,WR|W/R/T
9,0.0,French Fries & Gravy,Non-Starter,T.J. Hockenson,Min,TE|W/R/T
9,0.0,French Fries & Gravy,Non-Starter,D'Andre Swift,Chi,RB|W/R/T
9,0.0,French Fries & Gravy,Non-Starter,DK Metcalf,Pit,WR|W/R/T
9,4.5,French Fries & Gravy,Starter,Atlanta Falcons,Atl,DEF
9,0.0,French Fries & Gravy,Starter,Tarik Cohen,Car,RB|W/R/T
10,15.42,French Fries & Gravy,Starter,Lamar Jackson,Bal,QB
10,30.3,French Fries & Gravy,Starter,Deebo Samuel,Was,WR|W/R/T
10,9.7,French Fries & Gravy,Starter,Marquise Brown,KC,WR|W/R/T
10,12.5,French Fries & Gravy,Starter,Boston Scott,Pit,RB|W/R/T
10,16.5,French Fries & Gravy,Starter,D'Andre Swift,Chi,RB|W/R/T
10,0.0,French Fries & Gravy,Starter,T.J. Hockenson,Min,TE|W/R/T
10,5.6,French Fries & Gravy,Starter,DK Metcalf,Pit,WR|W/R/T
10,6.1,French Fries & Gravy,Non-Starter,Pat Freiermuth,Pit,TE|W/R/T
10,12.8,French Fries & Gravy,Non-Starter,Christian Kirk,Hou,WR|W/R/T
10,0.0,French Fries & Gravy,Non-Starter,Saquon Barkley,Phi,RB|W/R/T
10,7.0,French Fries & Gravy,Starter,Arizona Cardinals,Ari,DEF
10,0.0,French Fries & Gravy,Starter,Tarik Cohen,Car,RB|W/R/T
11,3.46,French Fries & Gravy,Starter,Justin Fields,NYJ,QB
11,16.4,French Fries & Gravy,Starter,Deebo Samuel,Was,WR|W/R/T
11,4.5,French Fries & Gravy,Starter,Christian Kirk,Hou,WR|W/R/T
11,22.6,French Fries & Gravy,Starter,D'Andre Swift,Chi,RB|W/R/T
11,11.6,French Fries & Gravy,Starter,Saquon Barkley,Phi,RB|W/R/T
11,11.1,French Fries & Gravy,Starter,Pat Freiermuth,Pit,TE|W/R/T
11,7.1,French Fries & Gravy,Starter,DK Metcalf,Pit,WR|W/R/T
11,0.0,French Fries & Gravy,Non-Starter,Lamar Jackson,Bal,QB
11,0.0,French Fries & Gravy,Non-Starter,Marquise Brown,KC,WR|W/R/T
11,5.0,French Fries & Gravy,Non-Starter,D'Onta Foreman,Cle,RB|W/R/T
11,10.5,French Fries & Gravy,Starter,Arizona Cardinals,Ari,DEF
11,0.0,French Fries & Gravy,Starter,Tarik Cohen,Car,RB|W/R/T
12,9.4,French Fries & Gravy,Starter,Lamar Jackson,Bal,QB
12,20.8,French Fries & Gravy,Starter,Deebo Samuel,Was,WR|W/R/T
12,13.1,French Fries & Gravy,Starter,Marquise Brown,KC,WR|W/R/T
12,3.9,French Fries & Gravy,Starter,D'Andre Swift,Chi,RB|W/R/T
12,9.3,French Fries & Gravy,Starter,Saquon Barkley,Phi,RB|W/R/T
12,14.0,French Fries & Gravy,Starter,Pat Freiermuth,Pit,TE|W/R/T
12,2.3,French Fries & Gravy,Starter,DK Metcalf,Pit,WR|W/R/T
12,0.0,French Fries & Gravy,Non-Starter,Christian Kirk,Hou,WR|W/R/T
12,10.2,French Fries & Gravy,Non-Starter,D'Onta Foreman,Cle,RB|W/R/T
12,9.0,French Fries & Gravy,Non-Starter,Tevin Coleman,SF,RB|W/R/T
12,12.0,French Fries & Gravy,Starter,Houston Texans,Hou,DEF
12,0.0,French Fries & Gravy,Starter,Tarik Cohen,Car,RB|W/R/T
13,17.62,French Fries & Gravy,Starter,Lamar Jackson,Bal,QB
13,10.5,French Fries & Gravy,Starter,Marquise Brown,KC,WR|W/R/T
13,1.4,French Fries & Gravy,Starter,Christian Kirk,Hou,WR|W/R/T
13,13.4,French Fries & Gravy,Starter,Saquon Barkley,Phi,RB|W/R/T
13,10.7,French Fries & Gravy,Starter,Tevin Coleman,SF,RB|W/R/T
13,7.6,French Fries & Gravy,Starter,Pat Freiermuth,Pit,TE|W/R/T
13,11.0,French Fries & Gravy,Starter,DK Metcalf,Pit,WR|W/R/T
13,0.0,French Fries & Gravy,Non-Starter,D'Andre Swift,Chi,RB|W/R/T
13,0.0,French Fries & Gravy,Non-Starter,Deebo Samuel,Was,WR|W/R/T
13,0.0,French Fries & Gravy,Non-Starter,D'Onta Foreman,Cle,RB|W/R/T
13,6.5,French Fries & Gravy,Starter,New York Giants,NYG,DEF
13,0.0,French Fries & Gravy,Starter,Tarik Cohen,Car,RB|W/R/T
14,1.18,French Fries & Gravy,Starter,Lamar Jackson,Bal,QB
14,9.1,French Fries & Gravy,Starter,Marquise Brown,KC,WR|W/R/T
14,12.9,French Fries & Gravy,Starter,Deebo Samuel,Was,WR|W/R/T
14,18.5,French Fries & Gravy,Starter,Saquon Barkley,Phi,RB|W/R/T
14,14.2,French Fries & Gravy,Starter,D'Onta Foreman,Cle,RB|W/R/T
14,11.2,French Fries & Gravy,Starter,Pat Freiermuth,Pit,TE|W/R/T
14,8.3,French Fries & Gravy,Starter,DK Metcalf,Pit,WR|W/R/T
14,0.0,French Fries & Gravy,Non-Starter,Tevin Coleman,SF,RB|W/R/T
14,11.6,French Fries & Gravy,Non-Starter,Christian Kirk,Hou,WR|W/R/T
14,0.0,French Fries & Gravy,Non-Starter,D'Andre Swift,Chi,RB|W/R/T
14,23.5,French Fries & Gravy,Starter,Tennessee Titans,Ten,DEF
14,0.0,French Fries & Gravy,Starter,Tarik Cohen,Car,RB|W/R/T
15,13.8,French Fries & Gravy,Starter,Jimmy Garoppolo,LAR,QB
15,18.9,French Fries & Gravy,Starter,Deebo Samuel,Was,WR|W/R/T
15,5.1,French Fries & Gravy,Starter,K.J. Osborn,Was,WR|W/R/T
15,9.4,French Fries & Gravy,Starter,Saquon Barkley,Phi,RB|W/R/T
15,15.5,French Fries & Gravy,Starter,D'Onta Foreman,Cle,RB|W/R/T
15,7.7,French Fries & Gravy,Starter,Pat Freiermuth,Pit,TE|W/R/T
15,11.2,French Fries & Gravy,Starter,DK Metcalf,Pit,WR|W/R/T
15,14.3,French Fries & Gravy,Non-Starter,Marquise Brown,KC,WR|W/R/T
15,0.0,French Fries & Gravy,Non-Starter,Lamar Jackson,Bal,QB
15,0.0,French Fries & Gravy,Non-Starter,D'Andre Swift,Chi,RB|W/R/T
15,14.5,French Fries & Gravy,Starter,Miami Dolphins,Mia,DEF
15,0.0,French Fries & Gravy,Starter,Tarik Cohen,Car,RB|W/R/T
16,0.0,French Fries & Gravy,Starter,Lamar Jackson,Bal,QB
16,28.1,French Fries & Gravy,Starter,Deebo Samuel,Was,WR|W/R/T
16,9.4,French Fries & Gravy,Starter,Marquise Brown,KC,WR|W/R/T
16,3.8,French Fries & Gravy,Starter,Saquon Barkley,Phi,RB|W/R/T
16,7.7,French Fries & Gravy,Starter,D'Onta Foreman,Cle,RB|W/R/T
16,0.0,French Fries & Gravy,Starter,Pat Freiermuth,Pit,TE|W/R/T
16,12.1,French Fries & Gravy,Starter,DK Metcalf,Pit,WR|W/R/T
16,0.0,French Fries & Gravy,Non-Starter,D'Andre Swift,Chi,RB|W/R/T
16,17.8,French Fries & Gravy,Non-Starter,K.J. Osborn,Was,WR|W/R/T
16,13.18,French Fries & Gravy,Non-Starter,Jimmy Garoppolo,LAR,QB
16,29.5,French Fries & Gravy,Starter,Miami Dolphins,Mia,DEF
16,0.0,French Fries & Gravy,Starter,Tarik Cohen,Car,RB|W/R/T
17,22.28,French Fries & Gravy,Starter,Mac Jones,SF,QB
17,17.2,French Fries & Gravy,Starter,Deebo Samuel,Was,WR|W/R/T
17,30.9,French Fries & Gravy,Starter,DK Metcalf,Pit,WR|W/R/T
17,10.2,French Fries & Gravy,Starter,Saquon Barkley,Phi,RB|W/R/T
17,19.2,French Fries & Gravy,Starter,D'Onta Foreman,Cle,RB|W/R/T
17,7.2,French Fries & Gravy,Starter,Pat Freiermuth,Pit,TE|W/R/T
17,5.9,French Fries & Gravy,Starter,D'Andre Swift,Chi,RB|W/R/T
17,0.0,French Fries & Gravy,Non-Starter,Lamar Jackson,Bal,QB
17,3.8,French Fries & Gravy,Non-Starter,Marquise Brown,KC,WR|W/R/T
17,14.0,French Fries & Gravy,Non-Starter,K.J. Osborn,Was,WR|W/R/T
17,4.0,French Fries & Gravy,Starter,Miami Dolphins,Mia,DEF
17,0.0,French Fries & Gravy,Starter,Tarik Cohen,Car,RB|W/R/T
1,27.16,Bon Ivermectin,Starter,Tom Brady,TB,QB
1,14.9,Bon Ivermectin,Starter,A.J. Brown,Phi,WR|W/R/T
1,26.0,Bon Ivermectin,Starter,Tyler Lockett,Ten,WR|W/R/T
1,17.0,Bon Ivermectin,Starter,Josh Jacobs,GB,RB|W/R/T
1,10.9,Bon Ivermectin,Starter,Leonard Fournette,Buf,RB|W/R/T
1,25.6,Bon Ivermectin,Starter,Travis Kelce,KC,TE|W/R/T
1,12.9,Bon Ivermectin,Starter,Laviska Shenault,Buf,WR|W/R/T
1,22.2,Bon Ivermectin,Non-Starter,Mike Williams,Pit,WR|W/R/T
1,7.6,Bon Ivermectin,Non-Starter,Darnell Mooney,Atl,WR|W/R/T
1,0.0,Bon Ivermectin,Non-Starter,Devonta Freeman,Bal,RB|W/R/T
1,11.5,Bon Ivermectin,Starter,Denver Broncos,Den,DEF
2,29.64,Bon Ivermectin,Starter,Tom Brady,TB,QB
2,7.3,Bon Ivermectin,Starter,A.J. Brown,Phi,WR|W/R/T
2,31.8,Bon Ivermectin,Starter,Tyler Lockett,Ten,WR|W/R/T
2,11.6,Bon Ivermectin,Starter,Leonard Fournette,Buf,RB|W/R/T
2,7.3,Bon Ivermectin,Starter,Elijah Mitchell,KC,RB|W/R/T
2,23.9,Bon Ivermectin,Starter,Travis Kelce,KC,TE|W/R/T
2,22.1,Bon Ivermectin,Starter,Mike Williams,Pit,WR|W/R/T
2,1.7,Bon Ivermectin,Non-Starter,Laviska Shenault,Buf,WR|W/R/T
2,2.9,Bon Ivermectin,Non-Starter,Devonta Freeman,Bal,RB|W/R/T
2,13.0,Bon Ivermectin,Starter,Denver Broncos,Den,DEF
2,0.0,Bon Ivermectin,Starter,Josh Jacobs,GB,RB|W/R/T
3,28.68,Bon Ivermectin,Starter,Tom Brady,TB,QB
3,0.3,Bon Ivermectin,Starter,A.J. Brown,Phi,WR|W/R/T
3,7.1,Bon Ivermectin,Starter,Tyler Lockett,Ten,WR|W/R/T
3,6.4,Bon Ivermectin,Starter,Leonard Fournette,Buf,RB|W/R/T
3,5.8,Bon Ivermectin,Starter,J.D. McKissic,Was,RB|W/R/T
3,17.4,Bon Ivermectin,Starter,Travis Kelce,KC,TE|W/R/T
3,33.2,Bon Ivermectin,Starter,Mike Williams,Pit,WR|W/R/T
3,0.0,Bon Ivermectin,Non-Starter,Elijah Mitchell,KC,RB|W/R/T
3,8.8,Bon Ivermectin,Non-Starter,Laviska Shenault,Buf,WR|W/R/T
3,0.8,Bon Ivermectin,Non-Starter,Devonta Freeman,Bal,RB|W/R/T
3,23.5,Bon Ivermectin,Starter,Denver Broncos,Den,DEF
3,0.0,Bon Ivermectin,Starter,Josh Jacobs,GB,RB|W/R/T
4,11.06,Bon Ivermectin,Starter,Tom Brady,TB,QB
4,6.4,Bon Ivermectin,Starter,Tyler Lockett,Ten,WR|W/R/T
4,2.1,Bon Ivermectin,Starter,Mike Williams,Pit,WR|W/R/T
4,16.9,Bon Ivermectin,Starter,Leonard Fournette,Buf,RB|W/R/T
4,10.7,Bon Ivermectin,Starter,Josh Jacobs,GB,RB|W/R/T
4,6.3,Bon Ivermectin,Starter,Travis Kelce,KC,TE|W/R/T
4,0.0,Bon Ivermectin,Starter,Elijah Mitchell,KC,RB|W/R/T
4,16.9,Bon Ivermectin,Non-Starter,J.D. McKissic,Was,RB|W/R/T
4,0.0,Bon Ivermectin,Non-Starter,A.J. Brown,Phi,WR|W/R/T
4,17.0,Bon Ivermectin,Non-Starter,Laviska Shenault,Buf,WR|W/R/T
4,13.0,Bon Ivermectin,Starter,Chicago Bears,Chi,DEF
5,37.74,Bon Ivermectin,Starter,Tom Brady,TB,QB
5,10.7,Bon Ivermectin,Starter,Tyler Lockett,Ten,WR|W/R/T
5,36.5,Bon Ivermectin,Starter,Mike Williams,Pit,WR|W/R/T
5,21.0,Bon Ivermectin,Starter,Leonard Fournette,Buf,RB|W/R/T
5,16.7,Bon Ivermectin,Starter,Josh Jacobs,GB,RB|W/R/T
5,17.7,Bon Ivermectin,Starter,Travis Kelce,KC,TE|W/R/T
5,6.8,Bon Ivermectin,Starter,A.J. Brown,Phi,WR|W/R/T
5,8.2,Bon Ivermectin,Non-Starter,Elijah Mitchell,KC,RB|W/R/T
5,1.7,Bon Ivermectin,Non-Starter,J.D. McKissic,Was,RB|W/R/T
5,6.8,Bon Ivermectin,Non-Starter,Laviska Shenault,Buf,WR|W/R/T
5,8.5,Bon Ivermectin,Starter,Atlanta Falcons,Atl,DEF
6,17.98,Bon Ivermectin,Starter,Tom Brady,TB,QB
6,5.5,Bon Ivermectin,Starter,Tyler Lockett,Ten,WR|W/R/T
6,16.1,Bon Ivermectin,Starter,A.J. Brown,Phi,WR|W/R/T
6,30.7,Bon Ivermectin,Starter,Leonard Fournette,Buf,RB|W/R/T
6,15.2,Bon Ivermectin,Starter,Josh Jacobs,GB,RB|W/R/T
6,17.9,Bon Ivermectin,Starter,Travis Kelce,KC,TE|W/R/T
6,4.7,Bon Ivermectin,Starter,Mike Williams,Pit,WR|W/R/T
6,0.0,Bon Ivermectin,Non-Starter,Elijah Mitchell,KC,RB|W/R/T
6,19.0,Bon Ivermectin,Non-Starter,J.D. McKissic,Was,RB|W/R/T
6,11.4,Bon Ivermectin,Non-Starter,Laviska Shenault,Buf,WR|W/R/T
6,15.5,Bon Ivermectin,Starter,Pittsburgh Steelers,Pit,DEF
7,24.44,Bon Ivermectin,Starter,Tom Brady,TB,QB
7,3.2,Bon Ivermectin,Starter,Tyler Lockett,Ten,WR|W/R/T
7,27.3,Bon Ivermectin,Starter,A.J. Brown,Phi,WR|W/R/T
7,17.0,Bon Ivermectin,Starter,Leonard Fournette,Buf,RB|W/R/T
7,15.8,Bon Ivermectin,Starter,Josh Jacobs,GB,RB|W/R/T
7,13.5,Bon Ivermectin,Starter,Travis Kelce,KC,TE|W/R/T
7,9.6,Bon Ivermectin,Starter,J.D. McKissic,Was,RB|W/R/T
7,16.7,Bon Ivermectin,Non-Starter,Elijah Mitchell,KC,RB|W/R/T
7,0.0,Bon Ivermectin,Non-Starter,Mike Williams,Pit,WR|W/R/T
7,0.0,Bon Ivermectin,Non-Starter,Laviska Shenault,Buf,WR|W/R/T
7,10.5,Bon Ivermectin,Starter,San Francisco 49ers,SF,DEF
8,23.2,Bon Ivermectin,Starter,Tom Brady,TB,QB
8,26.2,Bon Ivermectin,Starter,Tyler Lockett,Ten,WR|W/R/T
8,31.5,Bon Ivermectin,Starter,A.J. Brown,Phi,WR|W/R/T
8,7.3,Bon Ivermectin,Starter,Leonard Fournette,Buf,RB|W/R/T
8,19.7,Bon Ivermectin,Starter,Elijah Mitchell,KC,RB|W/R/T
8,4.7,Bon Ivermectin,Starter,Travis Kelce,KC,TE|W/R/T
8,3.9,Bon Ivermectin,Starter,Mike Williams,Pit,WR|W/R/T
8,0.0,Bon Ivermectin,Non-Starter,Josh Jacobs,GB,RB|W/R/T
8,17.3,Bon Ivermectin,Non-Starter,J.D. McKissic,Was,RB|W/R/T
8,4.1,Bon Ivermectin,Non-Starter,Laviska Shenault,Buf,WR|W/R/T
8,11.0,Bon Ivermectin,Starter,San Francisco 49ers,SF,DEF
9,21.58,Bon Ivermectin,Starter,Kirk Cousins,Atl,QB
9,9.2,Bon Ivermectin,Starter,A.J. Brown,Phi,WR|W/R/T
9,6.0,Bon Ivermectin,Starter,Laviska Shenault,Buf,WR|W/R/T
9,12.9,Bon Ivermectin,Starter,Elijah Mitchell,KC,RB|W/R/T
9,13.5,Bon Ivermectin,Starter,Josh Jacobs,GB,RB|W/R/T
9,17.8,Bon Ivermectin,Starter,Travis Kelce,KC,TE|W/R/T
9,7.8,Bon Ivermectin,Starter,Mike Williams,Pit,WR|W/R/T
9,0.0,Bon Ivermectin,Non-Starter,Tom Brady,TB,QB
9,0.0,Bon Ivermectin,Non-Starter,Leonard Fournette,Buf,RB|W/R/T
9,0.0,Bon Ivermectin,Non-Starter,Tyler Lockett,Ten,WR|W/R/T
9,0.0,Bon Ivermectin,Non-Starter,J.D. McKissic,Was,RB|W/R/T
10,13.0,Bon Ivermectin,Starter,Tom Brady,TB,QB
10,3.3,Bon Ivermectin,Starter,A.J. Brown,Phi,WR|W/R/T
10,4.3,Bon Ivermectin,Starter,Tyler Lockett,Ten,WR|W/R/T
10,8.6,Bon Ivermectin,Starter,Josh Jacobs,GB,RB|W/R/T
10,17.2,Bon Ivermectin,Starter,Leonard Fournette,Buf,RB|W/R/T
10,19.9,Bon Ivermectin,Starter,Travis Kelce,KC,TE|W/R/T
10,7.3,Bon Ivermectin,Starter,Mike Williams,Pit,WR|W/R/T
10,5.1,Bon Ivermectin,Non-Starter,Laviska Shenault,Buf,WR|W/R/T
10,9.1,Bon Ivermectin,Non-Starter,Elijah Mitchell,KC,RB|W/R/T
10,7.9,Bon Ivermectin,Non-Starter,J.D. McKissic,Was,RB|W/R/T
10,9.0,Bon Ivermectin,Starter,Tennessee Titans,Ten,DEF
11,19.28,Bon Ivermectin,Starter,Tom Brady,TB,QB
11,9.8,Bon Ivermectin,Starter,A.J. Brown,Phi,WR|W/R/T
11,15.5,Bon Ivermectin,Starter,Tyler Lockett,Ten,WR|W/R/T
11,11.1,Bon Ivermectin,Starter,Josh Jacobs,GB,RB|W/R/T
11,13.4,Bon Ivermectin,Starter,Leonard Fournette,Buf,RB|W/R/T
11,18.8,Bon Ivermectin,Starter,Travis Kelce,KC,TE|W/R/T
11,20.7,Bon Ivermectin,Starter,Mike Williams,Pit,WR|W/R/T
11,8.0,Bon Ivermectin,Non-Starter,Laviska Shenault,Buf,WR|W/R/T
11,0.0,Bon Ivermectin,Non-Starter,Elijah Mitchell,KC,RB|W/R/T
11,6.0,Bon Ivermectin,Non-Starter,J.D. McKissic,Was,RB|W/R/T
11,6.0,Bon Ivermectin,Starter,Tennessee Titans,Ten,DEF
12,11.24,Bon Ivermectin,Starter,Tom Brady,TB,QB
12,12.6,Bon Ivermectin,Starter,Tyler Lockett,Ten,WR|W/R/T
12,7.9,Bon Ivermectin,Starter,Mike Williams,Pit,WR|W/R/T
12,19.2,Bon Ivermectin,Starter,Josh Jacobs,GB,RB|W/R/T
12,44.1,Bon Ivermectin,Starter,Leonard Fournette,Buf,RB|W/R/T
12,4.2,Bon Ivermectin,Starter,Noah Fant,Cin,TE|W/R/T
12,27.8,Bon Ivermectin,Starter,Elijah Mitchell,KC,RB|W/R/T
12,8.3,Bon Ivermectin,Non-Starter,Laviska Shenault,Buf,WR|W/R/T
12,0.0,Bon Ivermectin,Non-Starter,Travis Kelce,KC,TE|W/R/T
12,22.6,Bon Ivermectin,Non-Starter,J.D. McKissic,Was,RB|W/R/T
12,15.0,Bon Ivermectin,Starter,Baltimore Ravens,Bal,DEF
12,0.0,Bon Ivermectin,Starter,A.J. Brown,Phi,WR|W/R/T
13,26.62,Bon Ivermectin,Starter,Tom Brady,TB,QB
13,19.8,Bon Ivermectin,Starter,Tyler Lockett,Ten,WR|W/R/T
13,16.0,Bon Ivermectin,Starter,Mike Williams,Pit,WR|W/R/T
13,24.0,Bon Ivermectin,Starter,Josh Jacobs,GB,RB|W/R/T
13,22.2,Bon Ivermectin,Starter,Leonard Fournette,Buf,RB|W/R/T
13,5.7,Bon Ivermectin,Starter,Travis Kelce,KC,TE|W/R/T
13,17.4,Bon Ivermectin,Starter,Elijah Mitchell,KC,RB|W/R/T
13,6.1,Bon Ivermectin,Non-Starter,Laviska Shenault,Buf,WR|W/R/T
13,0.0,Bon Ivermectin,Non-Starter,J.D. McKissic,Was,RB|W/R/T
13,11.2,Bon Ivermectin,Non-Starter,DeVante Parker,NE,WR|W/R/T
13,3.5,Bon Ivermectin,Starter,Baltimore Ravens,Bal,DEF
13,0.0,Bon Ivermectin,Starter,A.J. Brown,Phi,WR|W/R/T
14,30.12,Bon Ivermectin,Starter,Tom Brady,TB,QB
14,27.2,Bon Ivermectin,Starter,Tyler Lockett,Ten,WR|W/R/T
14,7.4,Bon Ivermectin,Starter,Laviska Shenault,Buf,WR|W/R/T
14,10.0,Bon Ivermectin,Starter,Josh Jacobs,GB,RB|W/R/T
14,23.2,Bon Ivermectin,Starter,Leonard Fournette,Buf,RB|W/R/T
14,5.7,Bon Ivermectin,Starter,Travis Kelce,KC,TE|W/R/T
14,12.1,Bon Ivermectin,Starter,Mike Williams,Pit,WR|W/R/T
14,0.0,Bon Ivermectin,Non-Starter,Elijah Mitchell,KC,RB|W/R/T
14,0.0,Bon Ivermectin,Non-Starter,J.D. McKissic,Was,RB|W/R/T
14,0.0,Bon Ivermectin,Non-Starter,DeVante Parker,NE,WR|W/R/T
14,13.0,Bon Ivermectin,Starter,Denver Broncos,Den,DEF
14,0.0,Bon Ivermectin,Starter,A.J. Brown,Phi,WR|W/R/T
15,4.76,Bon Ivermectin,Starter,Tom Brady,TB,QB
15,7.9,Bon Ivermectin,Starter,Mike Williams,Pit,WR|W/R/T
15,16.8,Bon Ivermectin,Starter,DeVante Parker,NE,WR|W/R/T
15,12.4,Bon Ivermectin,Starter,Josh Jacobs,GB,RB|W/R/T
15,13.7,Bon Ivermectin,Starter,Leonard Fournette,Buf,RB|W/R/T
15,41.1,Bon Ivermectin,Starter,Travis Kelce,KC,TE|W/R/T
15,19.9,Bon Ivermectin,Starter,Jeff Wilson,SF,RB|W/R/T
15,0.0,Bon Ivermectin,Non-Starter,Elijah Mitchell,KC,RB|W/R/T
15,0.0,Bon Ivermectin,Non-Starter,Tyler Lockett,Ten,WR|W/R/T
15,0.0,Bon Ivermectin,Non-Starter,J.D. McKissic,Was,RB|W/R/T
15,11.5,Bon Ivermectin,Starter,Buffalo Bills,Buf,DEF
15,0.0,Bon Ivermectin,Starter,A.J. Brown,Phi,WR|W/R/T
16,14.38,Bon Ivermectin,Starter,Tom Brady,TB,QB
16,6.0,Bon Ivermectin,Starter,Tyler Lockett,Ten,WR|W/R/T
16,0.0,Bon Ivermectin,Starter,DeVante Parker,NE,WR|W/R/T
16,11.4,Bon Ivermectin,Starter,Josh Jacobs,GB,RB|W/R/T
16,14.7,Bon Ivermectin,Starter,Jeff Wilson,SF,RB|W/R/T
16,1.9,Bon Ivermectin,Starter,Hunter Henry,NE,TE|W/R/T
16,31.5,Bon Ivermectin,Starter,A.J. Brown,Phi,WR|W/R/T
16,0.0,Bon Ivermectin,Non-Starter,Travis Kelce,KC,TE|W/R/T
16,28.9,Bon Ivermectin,Non-Starter,Rex Burkhead,Hou,RB|W/R/T
16,15.3,Bon Ivermectin,Non-Starter,Joshua Palmer,Buf,WR|W/R/T
16,9.5,Bon Ivermectin,Starter,New Orleans Saints,NO,DEF
16,0.0,Bon Ivermectin,Starter,Elijah Mitchell,KC,RB|W/R/T
17,26.4,Bon Ivermectin,Starter,Tom Brady,TB,QB
17,12.1,Bon Ivermectin,Starter,Tyler Lockett,Ten,WR|W/R/T
17,8.6,Bon Ivermectin,Starter,DeVante Parker,NE,WR|W/R/T
17,18.0,Bon Ivermectin,Starter,Josh Jacobs,GB,RB|W/R/T
17,21.0,Bon Ivermectin,Starter,Elijah Mitchell,KC,RB|W/R/T
17,13.4,Bon Ivermectin,Starter,Travis Kelce,KC,TE|W/R/T
17,6.1,Bon Ivermectin,Starter,A.J. Brown,Phi,WR|W/R/T
17,0.0,Bon Ivermectin,Non-Starter,Jeff Wilson,SF,RB|W/R/T
17,6.7,Bon Ivermectin,Non-Starter,Hunter Henry,NE,TE|W/R/T
17,13.9,Bon Ivermectin,Non-Starter,Rex Burkhead,Hou,RB|W/R/T
17,22.0,Bon Ivermectin,Starter,New Orleans Saints,NO,DEF
1,24.34,Alvin & the Chipmunks,Starter,Matthew Stafford,LAR,QB
1,15.8,Alvin & the Chipmunks,Starter,Tee Higgins,Cin,WR|W/R/T
1,13.2,Alvin & the Chipmunks,Starter,Jerry Jeudy,Cle,WR|W/R/T
1,18.1,Alvin & the Chipmunks,Starter,Alvin Kamara,NO,RB|W/R/T
1,18.8,Alvin & the Chipmunks,Starter,David Montgomery,Det,RB|W/R/T
1,11.8,Alvin & the Chipmunks,Starter,Tyler Higbee,LAR,TE|W/R/T
1,11.7,Alvin & the Chipmunks,Starter,Damien Harris,Buf,RB|W/R/T
1,3.2,Alvin & the Chipmunks,Non-Starter,Giovani Bernard,TB,RB|W/R/T
1,6.7,Alvin & the Chipmunks,Non-Starter,Justin Fields,NYJ,QB
1,12.1,Alvin & the Chipmunks,Non-Starter,Bryan Edwards,KC,WR|W/R/T
1,10.0,Alvin & the Chipmunks,Starter,New England Patriots,NE,DEF
2,17.22,Alvin & the Chipmunks,Starter,Matthew Stafford,LAR,QB
2,16.0,Alvin & the Chipmunks,Starter,Tee Higgins,Cin,WR|W/R/T
2,12.7,Alvin & the Chipmunks,Starter,Tim Patrick,Det,WR|W/R/T
2,7.0,Alvin & the Chipmunks,Starter,Alvin Kamara,NO,RB|W/R/T
2,10.9,Alvin & the Chipmunks,Starter,David Montgomery,Det,RB|W/R/T
2,1.8,Alvin & the Chipmunks,Starter,Tyler Higbee,LAR,TE|W/R/T
2,13.4,Alvin & the Chipmunks,Starter,Damien Harris,Buf,RB|W/R/T
2,3.6,Alvin & the Chipmunks,Non-Starter,Giovani Bernard,TB,RB|W/R/T
2,3.5,Alvin & the Chipmunks,Non-Starter,Justin Fields,NYJ,QB
2,7.0,Alvin & the Chipmunks,Non-Starter,Bryan Edwards,KC,WR|W/R/T
2,22.5,Alvin & the Chipmunks,Starter,New England Patriots,NE,DEF
2,0.0,Alvin & the Chipmunks,Starter,Jerry Jeudy,Cle,WR|W/R/T
3,29.52,Alvin & the Chipmunks,Starter,Matthew Stafford,LAR,QB
3,1.8,Alvin & the Chipmunks,Starter,Quintez Cephus,Hou,WR|W/R/T
3,7.0,Alvin & the Chipmunks,Starter,Will Fuller V,Mia,WR|W/R/T
3,20.8,Alvin & the Chipmunks,Starter,Alvin Kamara,NO,RB|W/R/T
3,7.5,Alvin & the Chipmunks,Starter,David Montgomery,Det,RB|W/R/T
3,15.0,Alvin & the Chipmunks,Starter,Tyler Higbee,LAR,TE|W/R/T
3,3.1,Alvin & the Chipmunks,Starter,Damien Harris,Buf,RB|W/R/T
3,0.0,Alvin & the Chipmunks,Non-Starter,Tee Higgins,Cin,WR|W/R/T
3,14.8,Alvin & the Chipmunks,Non-Starter,Tim Patrick,Det,WR|W/R/T
3,3.92,Alvin & the Chipmunks,Non-Starter,Justin Fields,NYJ,QB
3,7.0,Alvin & the Chipmunks,Starter,New England Patriots,NE,DEF
3,0.0,Alvin & the Chipmunks,Starter,Jerry Jeudy,Cle,WR|W/R/T
4,19.3,Alvin & the Chipmunks,Starter,Matthew Stafford,LAR,QB
4,6.9,Alvin & the Chipmunks,Starter,Tim Patrick,Det,WR|W/R/T
4,16.5,Alvin & the Chipmunks,Starter,Hunter Renfrow,Car,WR|W/R/T
4,12.0,Alvin & the Chipmunks,Starter,Alvin Kamara,NO,RB|W/R/T
4,22.6,Alvin & the Chipmunks,Starter,David Montgomery,Det,RB|W/R/T
4,7.6,Alvin & the Chipmunks,Starter,Tyler Higbee,LAR,TE|W/R/T
4,1.6,Alvin & the Chipmunks,Starter,Will Fuller V,Mia,WR|W/R/T
4,0.0,Alvin & the Chipmunks,Non-Starter,Tee Higgins,Cin,WR|W/R/T
4,4.6,Alvin & the Chipmunks,Non-Starter,Damien Harris,Buf,RB|W/R/T
4,3.0,Alvin & the Chipmunks,Starter,Cincinnati Bengals,Cin,DEF
4,4.5,Alvin & the Chipmunks,Non-Starter,New England Patriots,NE,DEF
4,0.0,Alvin & the Chipmunks,Starter,Jerry Jeudy,Cle,WR|W/R/T
5,16.5,Alvin & the Chipmunks,Starter,Matthew Stafford,LAR,QB
5,11.6,Alvin & the Chipmunks,Starter,Hunter Renfrow,Car,WR|W/R/T
5,8.4,Alvin & the Chipmunks,Starter,Jamison Crowder,Was,WR|W/R/T
5,29.2,Alvin & the Chipmunks,Starter,Alvin Kamara,NO,RB|W/R/T
5,9.8,Alvin & the Chipmunks,Starter,Damien Harris,Buf,RB|W/R/T
5,9.4,Alvin & the Chipmunks,Starter,Tyler Higbee,LAR,TE|W/R/T
5,10.2,Alvin & the Chipmunks,Starter,Tee Higgins,Cin,WR|W/R/T
5,15.9,Alvin & the Chipmunks,Non-Starter,Tim Patrick,Det,WR|W/R/T
5,0.0,Alvin & the Chipmunks,Non-Starter,David Montgomery,Det,RB|W/R/T
5,8.0,Alvin & the Chipmunks,Starter,New England Patriots,NE,DEF
5,8.5,Alvin & the Chipmunks,Non-Starter,Cincinnati Bengals,Cin,DEF
5,0.0,Alvin & the Chipmunks,Starter,Jerry Jeudy,Cle,WR|W/R/T
6,25.24,Alvin & the Chipmunks,Starter,Matthew Stafford,LAR,QB
6,6.6,Alvin & the Chipmunks,Starter,Hunter Renfrow,Car,WR|W/R/T
6,13.2,Alvin & the Chipmunks,Starter,Tim Patrick,Det,WR|W/R/T
6,10.9,Alvin & the Chipmunks,Starter,Devontae Booker,NYG,RB|W/R/T
6,19.2,Alvin & the Chipmunks,Starter,Khalil Herbert,Ind,RB|W/R/T
6,8.6,Alvin & the Chipmunks,Starter,Tyler Higbee,LAR,TE|W/R/T
6,7.4,Alvin & the Chipmunks,Starter,Tee Higgins,Cin,WR|W/R/T
6,17.8,Alvin & the Chipmunks,Non-Starter,Damien Harris,Buf,RB|W/R/T
6,0.0,Alvin & the Chipmunks,Non-Starter,Alvin Kamara,NO,RB|W/R/T
6,0.0,Alvin & the Chipmunks,Non-Starter,David Montgomery,Det,RB|W/R/T
6,11.0,Alvin & the Chipmunks,Starter,Cincinnati Bengals,Cin,DEF
6,0.0,Alvin & the Chipmunks,Starter,Jerry Jeudy,Cle,WR|W/R/T
7,27.16,Alvin & the Chipmunks,Starter,Matthew Stafford,LAR,QB
7,13.2,Alvin & the Chipmunks,Starter,Tee Higgins,Cin,WR|W/R/T
7,3.6,Alvin & the Chipmunks,Starter,Tim Patrick,Det,WR|W/R/T
7,33.9,Alvin & the Chipmunks,Starter,Alvin Kamara,NO,RB|W/R/T
7,25.3,Alvin & the Chipmunks,Starter,Damien Harris,Buf,RB|W/R/T
7,9.6,Alvin & the Chipmunks,Starter,Tyler Higbee,LAR,TE|W/R/T
7,14.6,Alvin & the Chipmunks,Starter,Devontae Booker,NYG,RB|W/R/T
7,18.3,Alvin & the Chipmunks,Non-Starter,Khalil Herbert,Ind,RB|W/R/T
7,0.0,Alvin & the Chipmunks,Non-Starter,David Montgomery,Det,RB|W/R/T
7,0.0,Alvin & the Chipmunks,Non-Starter,T.Y. Hilton,Dal,WR|W/R/T
7,14.0,Alvin & the Chipmunks,Starter,New Orleans Saints,NO,DEF
7,0.0,Alvin & the Chipmunks,Starter,Jerry Jeudy,Cle,WR|W/R/T
8,24.2,Alvin & the Chipmunks,Starter,Matthew Stafford,LAR,QB
8,13.7,Alvin & the Chipmunks,Starter,Tee Higgins,Cin,WR|W/R/T
8,7.9,Alvin & the Chipmunks,Starter,Jerry Jeudy,Cle,WR|W/R/T
8,16.6,Alvin & the Chipmunks,Starter,Alvin Kamara,NO,RB|W/R/T
8,14.0,Alvin & the Chipmunks,Starter,Damien Harris,Buf,RB|W/R/T
8,5.5,Alvin & the Chipmunks,Starter,Tyler Higbee,LAR,TE|W/R/T
8,8.8,Alvin & the Chipmunks,Starter,Khalil Herbert,Ind,RB|W/R/T
8,3.6,Alvin & the Chipmunks,Non-Starter,T.Y. Hilton,Dal,WR|W/R/T
8,9.4,Alvin & the Chipmunks,Non-Starter,Tim Patrick,Det,WR|W/R/T
8,17.5,Alvin & the Chipmunks,Non-Starter,Devontae Booker,NYG,RB|W/R/T
8,14.5,Alvin & the Chipmunks,Starter,Seattle Seahawks,Sea,DEF
8,0.0,Alvin & the Chipmunks,Starter,David Montgomery,Det,RB|W/R/T
9,11.06,Alvin & the Chipmunks,Starter,Matthew Stafford,LAR,QB
9,13.8,Alvin & the Chipmunks,Starter,Tee Higgins,Cin,WR|W/R/T
9,12.9,Alvin & the Chipmunks,Starter,Jerry Jeudy,Cle,WR|W/R/T
9,20.4,Alvin & the Chipmunks,Starter,Alvin Kamara,NO,RB|W/R/T
9,10.3,Alvin & the Chipmunks,Starter,Damien Harris,Buf,RB|W/R/T
9,10.1,Alvin & the Chipmunks,Starter,Tyler Higbee,LAR,TE|W/R/T
9,1.3,Alvin & the Chipmunks,Starter,Khalil Herbert,Ind,RB|W/R/T
9,0.0,Alvin & the Chipmunks,Non-Starter,T.Y. Hilton,Dal,WR|W/R/T
9,15.2,Alvin & the Chipmunks,Non-Starter,Devontae Booker,NYG,RB|W/R/T
9,27.4,Alvin & the Chipmunks,Non-Starter,Elijah Moore,Buf,WR|W/R/T
9,3.0,Alvin & the Chipmunks,Starter,Baltimore Ravens,Bal,DEF
9,10.0,Alvin & the Chipmunks,Starter,David Montgomery,Det,RB|W/R/T
10,7.82,Alvin & the Chipmunks,Starter,Matthew Stafford,LAR,QB
10,11.1,Alvin & the Chipmunks,Starter,Jerry Jeudy,Cle,WR|W/R/T
10,13.4,Alvin & the Chipmunks,Starter,Elijah Moore,Buf,WR|W/R/T
10,1.1,Alvin & the Chipmunks,Starter,J.J. Taylor,Hou,RB|W/R/T
10,27.4,Alvin & the Chipmunks,Starter,Rhamondre Stevenson,NE,RB|W/R/T
10,11.0,Alvin & the Chipmunks,Starter,Tyler Higbee,LAR,TE|W/R/T
10,1.5,Alvin & the Chipmunks,Starter,T.Y. Hilton,Dal,WR|W/R/T
10,0.0,Alvin & the Chipmunks,Non-Starter,Damien Harris,Buf,RB|W/R/T
10,0.0,Alvin & the Chipmunks,Non-Starter,Tee Higgins,Cin,WR|W/R/T
10,0.0,Alvin & the Chipmunks,Non-Starter,David Montgomery,Det,RB|W/R/T
10,9.0,Alvin & the Chipmunks,Starter,Baltimore Ravens,Bal,DEF
10,0.0,Alvin & the Chipmunks,Starter,Alvin Kamara,NO,RB|W/R/T
11,10.38,Alvin & the Chipmunks,Starter,Mac Jones,SF,QB
11,29.6,Alvin & the Chipmunks,Starter,Elijah Moore,Buf,WR|W/R/T
11,3.5,Alvin & the Chipmunks,Starter,Tee Higgins,Cin,WR|W/R/T
11,7.7,Alvin & the Chipmunks,Starter,David Montgomery,Det,RB|W/R/T
11,2.6,Alvin & the Chipmunks,Starter,D'Ernest Johnson,Bal,RB|W/R/T
11,2.2,Alvin & the Chipmunks,Starter,Cole Kmet,Chi,TE|W/R/T
11,7.5,Alvin & the Chipmunks,Starter,Damien Harris,Buf,RB|W/R/T
11,0.0,Alvin & the Chipmunks,Non-Starter,Tyler Higbee,LAR,TE|W/R/T
11,0.0,Alvin & the Chipmunks,Non-Starter,Matthew Stafford,LAR,QB
11,0.0,Alvin & the Chipmunks,Non-Starter,Jerry Jeudy,Cle,WR|W/R/T
11,6.0,Alvin & the Chipmunks,Starter,Miami Dolphins,Mia,DEF
11,0.0,Alvin & the Chipmunks,Starter,Alvin Kamara,NO,RB|W/R/T
12,19.98,Alvin & the Chipmunks,Starter,Matthew Stafford,LAR,QB
12,9.3,Alvin & the Chipmunks,Starter,Elijah Moore,Buf,WR|W/R/T
12,23.4,Alvin & the Chipmunks,Starter,Tee Higgins,Cin,WR|W/R/T
12,10.4,Alvin & the Chipmunks,Starter,David Montgomery,Det,RB|W/R/T
12,12.2,Alvin & the Chipmunks,Starter,Damien Harris,Buf,RB|W/R/T
12,1.3,Alvin & the Chipmunks,Starter,Tyler Higbee,LAR,TE|W/R/T
12,4.5,Alvin & the Chipmunks,Starter,Jerry Jeudy,Cle,WR|W/R/T
12,2.3,Alvin & the Chipmunks,Non-Starter,Curtis Samuel,Buf,WR|W/R/T
12,8.4,Alvin & the Chipmunks,Non-Starter,Rex Burkhead,Hou,RB|W/R/T
12,7.5,Alvin & the Chipmunks,Starter,Chicago Bears,Chi,DEF
12,0.0,Alvin & the Chipmunks,Non-Starter,Arizona Cardinals,Ari,DEF
12,0.0,Alvin & the Chipmunks,Starter,Alvin Kamara,NO,RB|W/R/T
13,24.0,Alvin & the Chipmunks,Starter,Matthew Stafford,LAR,QB
13,20.6,Alvin & the Chipmunks,Starter,Elijah Moore,Buf,WR|W/R/T
13,28.8,Alvin & the Chipmunks,Starter,Tee Higgins,Cin,WR|W/R/T
13,28.1,Alvin & the Chipmunks,Starter,David Montgomery,Det,RB|W/R/T
13,17.1,Alvin & the Chipmunks,Starter,Damien Harris,Buf,RB|W/R/T
13,9.8,Alvin & the Chipmunks,Starter,Tyler Higbee,LAR,TE|W/R/T
13,11.7,Alvin & the Chipmunks,Starter,Jerry Jeudy,Cle,WR|W/R/T
13,0.0,Alvin & the Chipmunks,Non-Starter,Alvin Kamara,NO,RB|W/R/T
13,5.5,Alvin & the Chipmunks,Non-Starter,Rex Burkhead,Hou,RB|W/R/T
13,13.0,Alvin & the Chipmunks,Starter,Arizona Cardinals,Ari,DEF
13,0.0,Alvin & the Chipmunks,Non-Starter,Green Bay Packers,GB,DEF
14,23.48,Alvin & the Chipmunks,Starter,Matthew Stafford,LAR,QB
14,16.4,Alvin & the Chipmunks,Starter,Tee Higgins,Cin,WR|W/R/T
14,7.3,Alvin & the Chipmunks,Starter,Julio Jones,Phi,WR|W/R/T
14,14.1,Alvin & the Chipmunks,Starter,David Montgomery,Det,RB|W/R/T
14,24.5,Alvin & the Chipmunks,Starter,Alvin Kamara,NO,RB|W/R/T
14,0.0,Alvin & the Chipmunks,Starter,Tyler Higbee,LAR,TE|W/R/T
14,9.7,Alvin & the Chipmunks,Starter,Jerry Jeudy,Cle,WR|W/R/T
14,0.0,Alvin & the Chipmunks,Non-Starter,Damien Harris,Buf,RB|W/R/T
14,0.3,Alvin & the Chipmunks,Non-Starter,Khalil Herbert,Ind,RB|W/R/T
14,15.0,Alvin & the Chipmunks,Starter,Green Bay Packers,GB,DEF
14,5.0,Alvin & the Chipmunks,Non-Starter,Arizona Cardinals,Ari,DEF
14,0.0,Alvin & the Chipmunks,Starter,Elijah Moore,Buf,WR|W/R/T
1,33.56,Cock Sous Vide,Starter,Kyler Murray,Ari,QB
1,23.4,Cock Sous Vide,Starter,CeeDee Lamb,Dal,WR|W/R/T
1,15.4,Cock Sous Vide,Starter,D.J. Moore,Chi,WR|W/R/T
1,5.9,Cock Sous Vide,Starter,Ezekiel Elliott,Dal,RB|W/R/T
1,20.8,Cock Sous Vide,Starter,Melvin Gordon,Bal,RB|W/R/T
1,14.2,Cock Sous Vide,Starter,Dallas Goedert,Phi,TE|W/R/T
1,5.9,Cock Sous Vide,Starter,Michael Pittman,Ind,WR|W/R/T
1,11.0,Cock Sous Vide,Non-Starter,Devin Singletary,NYG,RB|W/R/T
1,6.6,Cock Sous Vide,Non-Starter,Henry Ruggs,LV,WR|W/R/T
1,3.4,Cock Sous Vide,Non-Starter,Tyrell Williams,Det,WR|W/R/T
1,10.5,Cock Sous Vide,Starter,Los Angeles Rams,LAR,DEF
2,31.1,Cock Sous Vide,Starter,Kyler Murray,Ari,QB
2,17.4,Cock Sous Vide,Starter,CeeDee Lamb,Dal,WR|W/R/T
2,21.9,Cock Sous Vide,Starter,D.J. Moore,Chi,WR|W/R/T
2,17.7,Cock Sous Vide,Starter,Ezekiel Elliott,Dal,RB|W/R/T
2,8.9,Cock Sous Vide,Starter,Melvin Gordon,Bal,RB|W/R/T
2,4.4,Cock Sous Vide,Starter,Dallas Goedert,Phi,TE|W/R/T
2,20.3,Cock Sous Vide,Starter,Michael Pittman,Ind,WR|W/R/T
2,17.1,Cock Sous Vide,Non-Starter,Devin Singletary,NYG,RB|W/R/T
2,22.5,Cock Sous Vide,Non-Starter,Henry Ruggs,LV,WR|W/R/T
2,0.0,Cock Sous Vide,Non-Starter,Tyrell Williams,Det,WR|W/R/T
2,10.0,Cock Sous Vide,Starter,Los Angeles Rams,LAR,DEF
3,18.54,Cock Sous Vide,Starter,Kyler Murray,Ari,QB
3,9.5,Cock Sous Vide,Starter,CeeDee Lamb,Dal,WR|W/R/T
3,20.5,Cock Sous Vide,Starter,D.J. Moore,Chi,WR|W/R/T
3,26.6,Cock Sous Vide,Starter,Ezekiel Elliott,Dal,RB|W/R/T
3,15.1,Cock Sous Vide,Starter,Melvin Gordon,Bal,RB|W/R/T
3,8.6,Cock Sous Vide,Starter,Dallas Goedert,Phi,TE|W/R/T
3,13.3,Cock Sous Vide,Starter,Michael Pittman,Ind,WR|W/R/T
3,3.6,Cock Sous Vide,Non-Starter,Devin Singletary,NYG,RB|W/R/T
3,12.5,Cock Sous Vide,Non-Starter,Henry Ruggs,LV,WR|W/R/T
3,0.0,Cock Sous Vide,Non-Starter,Tyrell Williams,Det,WR|W/R/T
3,7.0,Cock Sous Vide,Starter,Los Angeles Rams,LAR,DEF
4,22.62,Cock Sous Vide,Starter,Kyler Murray,Ari,QB
4,3.3,Cock Sous Vide,Starter,CeeDee Lamb,Dal,WR|W/R/T
4,31.9,Cock Sous Vide,Starter,D.J. Moore,Chi,WR|W/R/T
4,20.3,Cock Sous Vide,Starter,Ezekiel Elliott,Dal,RB|W/R/T
4,9.6,Cock Sous Vide,Starter,Devin Singletary,NYG,RB|W/R/T
4,16.6,Cock Sous Vide,Starter,Dallas Goedert,Phi,TE|W/R/T
4,11.9,Cock Sous Vide,Starter,Michael Pittman,Ind,WR|W/R/T
4,8.7,Cock Sous Vide,Non-Starter,Melvin Gordon,Bal,RB|W/R/T
4,9.0,Cock Sous Vide,Non-Starter,Henry Ruggs,LV,WR|W/R/T
4,0.0,Cock Sous Vide,Non-Starter,Tyrell Williams,Det,WR|W/R/T
4,3.5,Cock Sous Vide,Starter,Los Angeles Rams,LAR,DEF
5,13.66,Cock Sous Vide,Starter,Kyler Murray,Ari,QB
5,18.8,Cock Sous Vide,Starter,CeeDee Lamb,Dal,WR|W/R/T
5,8.8,Cock Sous Vide,Starter,D.J. Moore,Chi,WR|W/R/T
5,25.2,Cock Sous Vide,Starter,Ezekiel Elliott,Dal,RB|W/R/T
5,3.3,Cock Sous Vide,Starter,Devin Singletary,NYG,RB|W/R/T
5,4.8,Cock Sous Vide,Starter,Dallas Goedert,Phi,TE|W/R/T
5,8.1,Cock Sous Vide,Starter,Henry Ruggs,LV,WR|W/R/T
5,0.0,Cock Sous Vide,Non-Starter,Elijah Moore,Buf,WR|W/R/T
5,20.9,Cock Sous Vide,Non-Starter,Michael Pittman,Ind,WR|W/R/T
5,6.3,Cock Sous Vide,Non-Starter,Melvin Gordon,Bal,RB|W/R/T
5,10.0,Cock Sous Vide,Starter,Los Angeles Rams,LAR,DEF
6,25.76,Cock Sous Vide,Starter,Kyler Murray,Ari,QB
6,36.1,Cock Sous Vide,Starter,CeeDee Lamb,Dal,WR|W/R/T
6,10.9,Cock Sous Vide,Starter,D.J. Moore,Chi,WR|W/R/T
6,18.9,Cock Sous Vide,Starter,Ezekiel Elliott,Dal,RB|W/R/T
6,9.3,Cock Sous Vide,Starter,Devin Singletary,NYG,RB|W/R/T
6,0.0,Cock Sous Vide,Starter,Dallas Goedert,Phi,TE|W/R/T
6,5.8,Cock Sous Vide,Starter,Michael Pittman,Ind,WR|W/R/T
6,18.7,Cock Sous Vide,Non-Starter,Henry Ruggs,LV,WR|W/R/T
6,10.3,Cock Sous Vide,Non-Starter,Melvin Gordon,Bal,RB|W/R/T
6,5.4,Cock Sous Vide,Non-Starter,Evan Engram,Den,TE|W/R/T
6,18.5,Cock Sous Vide,Starter,Los Angeles Rams,LAR,DEF
7,21.44,Cock Sous Vide,Starter,Kyler Murray,Ari,QB
7,13.3,Cock Sous Vide,Starter,D.J. Moore,Chi,WR|W/R/T
7,7.1,Cock Sous Vide,Starter,Henry Ruggs,LV,WR|W/R/T
7,11.2,Cock Sous Vide,Starter,Melvin Gordon,Bal,RB|W/R/T
7,10.4,Cock Sous Vide,Starter,Evan Engram,Den,TE|W/R/T
7,20.5,Cock Sous Vide,Starter,Michael Pittman,Ind,WR|W/R/T
7,0.0,Cock Sous Vide,Non-Starter,Devin Singletary,NYG,RB|W/R/T
7,12.0,Cock Sous Vide,Non-Starter,Dallas Goedert,Phi,TE|W/R/T
7,0.0,Cock Sous Vide,Non-Starter,Ezekiel Elliott,Dal,RB|W/R/T
7,0.0,Cock Sous Vide,Non-Starter,CeeDee Lamb,Dal,WR|W/R/T
7,9.5,Cock Sous Vide,Starter,Los Angeles Rams,LAR,DEF
8,9.06,Cock Sous Vide,Starter,Kyler Murray,Ari,QB
8,9.9,Cock Sous Vide,Starter,D.J. Moore,Chi,WR|W/R/T
8,17.2,Cock Sous Vide,Starter,CeeDee Lamb,Dal,WR|W/R/T
8,11.3,Cock Sous Vide,Starter,Ezekiel Elliott,Dal,RB|W/R/T
8,3.9,Cock Sous Vide,Starter,Devin Singletary,NYG,RB|W/R/T
8,13.2,Cock Sous Vide,Starter,Dallas Goedert,Phi,TE|W/R/T
8,30.6,Cock Sous Vide,Starter,Michael Pittman,Ind,WR|W/R/T
8,19.2,Cock Sous Vide,Non-Starter,Melvin Gordon,Bal,RB|W/R/T
8,10.5,Cock Sous Vide,Non-Starter,Evan Engram,Den,TE|W/R/T
8,0.0,Cock Sous Vide,Non-Starter,Henry Ruggs,LV,WR|W/R/T
8,11.5,Cock Sous Vide,Starter,Los Angeles Rams,LAR,DEF
9,19.34,Cock Sous Vide,Starter,Jimmy Garoppolo,LAR,QB
9,7.6,Cock Sous Vide,Starter,D.J. Moore,Chi,WR|W/R/T
9,4.3,Cock Sous Vide,Starter,CeeDee Lamb,Dal,WR|W/R/T
9,12.6,Cock Sous Vide,Starter,Ezekiel Elliott,Dal,RB|W/R/T
9,17.5,Cock Sous Vide,Starter,Melvin Gordon,Bal,RB|W/R/T
9,7.3,Cock Sous Vide,Starter,Dallas Goedert,Phi,TE|W/R/T
9,17.4,Cock Sous Vide,Starter,Michael Pittman,Ind,WR|W/R/T
9,0.0,Cock Sous Vide,Non-Starter,Kyler Murray,Ari,QB
9,12.9,Cock Sous Vide,Non-Starter,Devin Singletary,NYG,RB|W/R/T
9,12.8,Cock Sous Vide,Non-Starter,Evan Engram,Den,TE|W/R/T
9,8.5,Cock Sous Vide,Starter,Los Angeles Rams,LAR,DEF
10,15.38,Cock Sous Vide,Starter,Jimmy Garoppolo,LAR,QB
10,6.4,Cock Sous Vide,Starter,D.J. Moore,Chi,WR|W/R/T
10,28.6,Cock Sous Vide,Starter,CeeDee Lamb,Dal,WR|W/R/T
10,20.76,Cock Sous Vide,Starter,Ezekiel Elliott,Dal,RB|W/R/T
10,9.3,Cock Sous Vide,Starter,Melvin Gordon,Bal,RB|W/R/T
10,4.8,Cock Sous Vide,Starter,Dallas Goedert,Phi,TE|W/R/T
10,12.1,Cock Sous Vide,Starter,Michael Pittman,Ind,WR|W/R/T
10,0.0,Cock Sous Vide,Non-Starter,Kyler Murray,Ari,QB
10,11.9,Cock Sous Vide,Non-Starter,Devin Singletary,NYG,RB|W/R/T
10,0.0,Cock Sous Vide,Non-Starter,Evan Engram,Den,TE|W/R/T
10,5.5,Cock Sous Vide,Starter,Los Angeles Rams,LAR,DEF
11,15.64,Cock Sous Vide,Starter,Jimmy Garoppolo,LAR,QB
11,16.0,Cock Sous Vide,Starter,D.J. Moore,Chi,WR|W/R/T
11,4.4,Cock Sous Vide,Starter,CeeDee Lamb,Dal,WR|W/R/T
11,12.8,Cock Sous Vide,Starter,Ezekiel Elliott,Dal,RB|W/R/T
11,7.3,Cock Sous Vide,Starter,Devin Singletary,NYG,RB|W/R/T
11,11.2,Cock Sous Vide,Starter,Dallas Goedert,Phi,TE|W/R/T
11,4.3,Cock Sous Vide,Starter,Michael Pittman,Ind,WR|W/R/T
11,0.0,Cock Sous Vide,Non-Starter,Melvin Gordon,Bal,RB|W/R/T
11,0.0,Cock Sous Vide,Non-Starter,Kyler Murray,Ari,QB
11,4.5,Cock Sous Vide,Starter,Seattle Seahawks,Sea,DEF
11,0.0,Cock Sous Vide,Non-Starter,Los Angeles Rams,LAR,DEF
12,11.2,Cock Sous Vide,Starter,Jimmy Garoppolo,LAR,QB
12,14.3,Cock Sous Vide,Starter,D.J. Moore,Chi,WR|W/R/T
12,0.0,Cock Sous Vide,Starter,CeeDee Lamb,Dal,WR|W/R/T
12,16.9,Cock Sous Vide,Starter,Ezekiel Elliott,Dal,RB|W/R/T
12,9.8,Cock Sous Vide,Starter,Melvin Gordon,Bal,RB|W/R/T
12,1.0,Cock Sous Vide,Starter,Dallas Goedert,Phi,TE|W/R/T
12,9.3,Cock Sous Vide,Starter,Michael Pittman,Ind,WR|W/R/T
12,5.8,Cock Sous Vide,Non-Starter,Devin Singletary,NYG,RB|W/R/T
12,0.0,Cock Sous Vide,Non-Starter,Kyler Murray,Ari,QB
12,10.5,Cock Sous Vide,Starter,Seattle Seahawks,Sea,DEF
12,4.0,Cock Sous Vide,Non-Starter,Los Angeles Rams,LAR,DEF
13,30.82,Cock Sous Vide,Starter,Kyler Murray,Ari,QB
13,19.2,Cock Sous Vide,Starter,CeeDee Lamb,Dal,WR|W/R/T
13,17.0,Cock Sous Vide,Starter,Michael Pittman,Ind,WR|W/R/T
13,6.7,Cock Sous Vide,Starter,Ezekiel Elliott,Dal,RB|W/R/T
13,2.0,Cock Sous Vide,Starter,Giovani Bernard,TB,RB|W/R/T
13,28.5,Cock Sous Vide,Starter,Dallas Goedert,Phi,TE|W/R/T
13,3.6,Cock Sous Vide,Starter,Devin Singletary,NYG,RB|W/R/T
13,0.0,Cock Sous Vide,Non-Starter,Melvin Gordon,Bal,RB|W/R/T
13,15.96,Cock Sous Vide,Non-Starter,Jimmy Garoppolo,LAR,QB
13,0.0,Cock Sous Vide,Non-Starter,D.J. Moore,Chi,WR|W/R/T
13,13.0,Cock Sous Vide,Starter,Los Angeles Rams,LAR,DEF
14,17.42,Cock Sous Vide,Starter,Kyler Murray,Ari,QB
14,14.6,Cock Sous Vide,Starter,CeeDee Lamb,Dal,WR|W/R/T
14,14.4,Cock Sous Vide,Starter,D.J. Moore,Chi,WR|W/R/T
14,9.0,Cock Sous Vide,Starter,Ezekiel Elliott,Dal,RB|W/R/T
14,23.1,Cock Sous Vide,Starter,Melvin Gordon,Bal,RB|W/R/T
14,1.8,Cock Sous Vide,Starter,Evan Engram,Den,TE|W/R/T
14,14.9,Cock Sous Vide,Starter,Devin Singletary,NYG,RB|W/R/T
14,0.0,Cock Sous Vide,Non-Starter,Giovani Bernard,TB,RB|W/R/T
14,0.0,Cock Sous Vide,Non-Starter,Dallas Goedert,Phi,TE|W/R/T
14,0.0,Cock Sous Vide,Non-Starter,Michael Pittman,Ind,WR|W/R/T
14,11.5,Cock Sous Vide,Starter,Los Angeles Rams,LAR,DEF
15,12.58,Cock Sous Vide,Starter,Kyler Murray,Ari,QB
15,11.0,Cock Sous Vide,Starter,CeeDee Lamb,Dal,WR|W/R/T
15,12.8,Cock Sous Vide,Starter,D.J. Moore,Chi,WR|W/R/T
15,16.2,Cock Sous Vide,Starter,Ezekiel Elliott,Dal,RB|W/R/T
15,16.6,Cock Sous Vide,Starter,Devin Singletary,NYG,RB|W/R/T
15,20.5,Cock Sous Vide,Starter,Dallas Goedert,Phi,TE|W/R/T
15,1.7,Cock Sous Vide,Starter,Michael Pittman,Ind,WR|W/R/T
15,7.1,Cock Sous Vide,Non-Starter,Melvin Gordon,Bal,RB|W/R/T
15,7.3,Cock Sous Vide,Non-Starter,Evan Engram,Den,TE|W/R/T
15,0.0,Cock Sous Vide,Non-Starter,Giovani Bernard,TB,RB|W/R/T
15,13.0,Cock Sous Vide,Starter,Los Angeles Rams,LAR,DEF
16,21.9,Cock Sous Vide,Starter,Kyler Murray,Ari,QB
16,10.4,Cock Sous Vide,Starter,CeeDee Lamb,Dal,WR|W/R/T
16,10.5,Cock Sous Vide,Starter,D.J. Moore,Chi,WR|W/R/T
16,17.2,Cock Sous Vide,Starter,Ezekiel Elliott,Dal,RB|W/R/T
16,18.8,Cock Sous Vide,Starter,Devin Singletary,NYG,RB|W/R/T
16,4.8,Cock Sous Vide,Starter,Dallas Goedert,Phi,TE|W/R/T
16,16.5,Cock Sous Vide,Starter,Michael Pittman,Ind,WR|W/R/T
16,1.0,Cock Sous Vide,Non-Starter,Melvin Gordon,Bal,RB|W/R/T
16,11.7,Cock Sous Vide,Non-Starter,Evan Engram,Den,TE|W/R/T
16,0.0,Cock Sous Vide,Non-Starter,Giovani Bernard,TB,RB|W/R/T
16,16.5,Cock Sous Vide,Starter,Los Angeles Rams,LAR,DEF
17,22.92,Cock Sous Vide,Starter,Kyler Murray,Ari,QB
17,8.1,Cock Sous Vide,Starter,CeeDee Lamb,Dal,WR|W/R/T
17,5.9,Cock Sous Vide,Starter,D.J. Moore,Chi,WR|W/R/T
17,4.0,Cock Sous Vide,Starter,Ezekiel Elliott,Dal,RB|W/R/T
17,23.0,Cock Sous Vide,Starter,Devin Singletary,NYG,RB|W/R/T
17,13.1,Cock Sous Vide,Starter,Dallas Goedert,Phi,TE|W/R/T
17,10.7,Cock Sous Vide,Starter,Michael Pittman,Ind,WR|W/R/T
17,10.2,Cock Sous Vide,Non-Starter,Melvin Gordon,Bal,RB|W/R/T
17,2.2,Cock Sous Vide,Non-Starter,Evan Engram,Den,TE|W/R/T
17,0.0,Cock Sous Vide,Non-Starter,Giovani Bernard,TB,RB|W/R/T
17,17.5,Cock Sous Vide,Starter,Los Angeles Rams,LAR,DEF
1,14.18,Where Da Gold At?,Starter,Ryan Tannehill,Ten,QB
1,5.4,Where Da Gold At?,Starter,Mike Evans,TB,WR|W/R/T
1,26.7,Where Da Gold At?,Starter,Corey Davis,NYJ,WR|W/R/T
1,4.2,Where Da Gold At?,Starter,Aaron Jones,Min,RB|W/R/T
1,10.2,Where Da Gold At?,Starter,Clyde Edwards-Helaire,NO,RB|W/R/T
1,12.2,Where Da Gold At?,Starter,Noah Fant,Cin,TE|W/R/T
1,17.6,Where Da Gold At?,Starter,DJ Chark,Atl,WR|W/R/T
1,-0.6,Where Da Gold At?,Non-Starter,Ronald Jones,Dal,RB|W/R/T
1,0.8,Where Da Gold At?,Non-Starter,Rashaad Penny,Phi,RB|W/R/T
1,10.4,Where Da Gold At?,Non-Starter,Jakobi Meyers,LV,WR|W/R/T
1,6.5,Where Da Gold At?,Starter,Indianapolis Colts,Ind,DEF
2,14.58,Where Da Gold At?,Starter,Ryan Tannehill,Ten,QB
2,24.5,Where Da Gold At?,Starter,Mike Evans,TB,WR|W/R/T
2,2.8,Where Da Gold At?,Starter,Corey Davis,NYJ,WR|W/R/T
2,41.5,Where Da Gold At?,Starter,Aaron Jones,Min,RB|W/R/T
2,2.6,Where Da Gold At?,Starter,Clyde Edwards-Helaire,NO,RB|W/R/T
2,13.3,Where Da Gold At?,Starter,Noah Fant,Cin,TE|W/R/T
2,2.9,Where Da Gold At?,Starter,DJ Chark,Atl,WR|W/R/T
2,7.8,Where Da Gold At?,Non-Starter,Jakobi Meyers,LV,WR|W/R/T
2,4.6,Where Da Gold At?,Non-Starter,Ronald Jones,Dal,RB|W/R/T
2,0.0,Where Da Gold At?,Non-Starter,Rashaad Penny,Phi,RB|W/R/T
2,13.5,Where Da Gold At?,Starter,Indianapolis Colts,Ind,DEF
3,21.48,Where Da Gold At?,Starter,Ryan Tannehill,Ten,QB
3,18.6,Where Da Gold At?,Starter,Mike Evans,TB,WR|W/R/T
3,18.4,Where Da Gold At?,Starter,Jakobi Meyers,LV,WR|W/R/T
3,17.6,Where Da Gold At?,Starter,Aaron Jones,Min,RB|W/R/T
3,16.9,Where Da Gold At?,Starter,Clyde Edwards-Helaire,NO,RB|W/R/T
3,3.5,Where Da Gold At?,Starter,Noah Fant,Cin,TE|W/R/T
3,13.9,Where Da Gold At?,Starter,DJ Chark,Atl,WR|W/R/T
3,9.1,Where Da Gold At?,Non-Starter,Corey Davis,NYJ,WR|W/R/T
3,1.1,Where Da Gold At?,Non-Starter,Ronald Jones,Dal,RB|W/R/T
3,0.0,Where Da Gold At?,Non-Starter,Rashaad Penny,Phi,RB|W/R/T
3,9.5,Where Da Gold At?,Starter,Indianapolis Colts,Ind,DEF
4,18.82,Where Da Gold At?,Starter,Ryan Tannehill,Ten,QB
4,14.5,Where Da Gold At?,Starter,Mike Evans,TB,WR|W/R/T
4,16.8,Where Da Gold At?,Starter,Jakobi Meyers,LV,WR|W/R/T
4,10.9,Where Da Gold At?,Starter,Aaron Jones,Min,RB|W/R/T
4,19.4,Where Da Gold At?,Starter,Clyde Edwards-Helaire,NO,RB|W/R/T
4,16.6,Where Da Gold At?,Starter,Noah Fant,Cin,TE|W/R/T
4,0.0,Where Da Gold At?,Starter,DJ Chark,Atl,WR|W/R/T
4,21.1,Where Da Gold At?,Non-Starter,Corey Davis,NYJ,WR|W/R/T
4,8.5,Where Da Gold At?,Non-Starter,Ronald Jones,Dal,RB|W/R/T
4,0.0,Where Da Gold At?,Non-Starter,Rashaad Penny,Phi,RB|W/R/T
4,11.5,Where Da Gold At?,Starter,Indianapolis Colts,Ind,DEF
5,13.98,Where Da Gold At?,Starter,Ryan Tannehill,Ten,QB
5,29.3,Where Da Gold At?,Starter,Mike Evans,TB,WR|W/R/T
5,9.6,Where Da Gold At?,Starter,Jakobi Meyers,LV,WR|W/R/T
5,14.9,Where Da Gold At?,Starter,Aaron Jones,Min,RB|W/R/T
5,3.4,Where Da Gold At?,Starter,Clyde Edwards-Helaire,NO,RB|W/R/T
5,5.0,Where Da Gold At?,Starter,Noah Fant,Cin,TE|W/R/T
5,8.5,Where Da Gold At?,Starter,Corey Davis,NYJ,WR|W/R/T
5,0.0,Where Da Gold At?,Non-Starter,DJ Chark,Atl,WR|W/R/T
5,4.6,Where Da Gold At?,Non-Starter,Ronald Jones,Dal,RB|W/R/T
5,0.0,Where Da Gold At?,Non-Starter,Rashaad Penny,Phi,RB|W/R/T
5,5.5,Where Da Gold At?,Starter,Indianapolis Colts,Ind,DEF
6,12.94,Where Da Gold At?,Starter,Ryan Tannehill,Ten,QB
6,4.7,Where Da Gold At?,Starter,Mike Evans,TB,WR|W/R/T
6,11.4,Where Da Gold At?,Starter,Jakobi Meyers,LV,WR|W/R/T
6,3.9,Where Da Gold At?,Starter,Ronald Jones,Dal,RB|W/R/T
6,2.5,Where Da Gold At?,Starter,Jerick McKinnon,KC,RB|W/R/T
6,24.7,Where Da Gold At?,Starter,Noah Fant,Cin,TE|W/R/T
6,21.0,Where Da Gold At?,Starter,Aaron Jones,Min,RB|W/R/T
6,0.0,Where Da Gold At?,Non-Starter,Clyde Edwards-Helaire,NO,RB|W/R/T
6,0.0,Where Da Gold At?,Non-Starter,Corey Davis,NYJ,WR|W/R/T
6,0.0,Where Da Gold At?,Non-Starter,DJ Chark,Atl,WR|W/R/T
6,18.0,Where Da Gold At?,Starter,Indianapolis Colts,Ind,DEF
7,19.4,Where Da Gold At?,Starter,Ryan Tannehill,Ten,QB
7,31.6,Where Da Gold At?,Starter,Mike Evans,TB,WR|W/R/T
7,9.4,Where Da Gold At?,Starter,Jakobi Meyers,LV,WR|W/R/T
7,4.3,Where Da Gold At?,Starter,Ronald Jones,Dal,RB|W/R/T
7,3.7,Where Da Gold At?,Starter,Jerick McKinnon,KC,RB|W/R/T
7,8.9,Where Da Gold At?,Starter,Noah Fant,Cin,TE|W/R/T
7,8.9,Where Da Gold At?,Starter,Aaron Jones,Min,RB|W/R/T
7,0.0,Where Da Gold At?,Non-Starter,Clyde Edwards-Helaire,NO,RB|W/R/T
7,14.7,Where Da Gold At?,Non-Starter,Corey Davis,NYJ,WR|W/R/T
7,0.0,Where Da Gold At?,Non-Starter,DJ Chark,Atl,WR|W/R/T
7,14.5,Where Da Gold At?,Starter,Indianapolis Colts,Ind,DEF
8,21.2,Where Da Gold At?,Starter,Ryan Tannehill,Ten,QB
8,12.8,Where Da Gold At?,Starter,Mike Evans,TB,WR|W/R/T
8,9.6,Where Da Gold At?,Starter,Jakobi Meyers,LV,WR|W/R/T
8,2.9,Where Da Gold At?,Starter,Ronald Jones,Dal,RB|W/R/T
8,0.0,Where Da Gold At?,Starter,Jerick McKinnon,KC,RB|W/R/T
8,2.8,Where Da Gold At?,Starter,Noah Fant,Cin,TE|W/R/T
8,24.0,Where Da Gold At?,Starter,Aaron Jones,Min,RB|W/R/T
8,0.0,Where Da Gold At?,Non-Starter,Clyde Edwards-Helaire,NO,RB|W/R/T
8,0.0,Where Da Gold At?,Non-Starter,Corey Davis,NYJ,WR|W/R/T
8,0.0,Where Da Gold At?,Non-Starter,DJ Chark,Atl,WR|W/R/T
8,10.5,Where Da Gold At?,Starter,Indianapolis Colts,Ind,DEF
9,14.02,Where Da Gold At?,Starter,Ryan Tannehill,Ten,QB
9,1.8,Where Da Gold At?,Starter,Jakobi Meyers,LV,WR|W/R/T
9,10.2,Where Da Gold At?,Starter,Rashod Bateman,Bal,WR|W/R/T
9,5.3,Where Da Gold At?,Starter,Aaron Jones,Min,RB|W/R/T
9,0.0,Where Da Gold At?,Starter,Trey Sermon,Pit,RB|W/R/T
9,10.0,Where Da Gold At?,Starter,Dan Arnold,Jax,TE|W/R/T
9,13.4,Where Da Gold At?,Starter,Russell Gage,SF,WR|W/R/T
9,0.0,Where Da Gold At?,Non-Starter,Ronald Jones,Dal,RB|W/R/T
9,0.0,Where Da Gold At?,Non-Starter,Mike Evans,TB,WR|W/R/T
9,0.0,Where Da Gold At?,Non-Starter,Clyde Edwards-Helaire,NO,RB|W/R/T
9,8.5,Where Da Gold At?,Starter,Indianapolis Colts,Ind,DEF
10,18.62,Where Da Gold At?,Starter,Ryan Tannehill,Ten,QB
10,14.0,Where Da Gold At?,Starter,Rashod Bateman,Bal,WR|W/R/T
10,14.2,Where Da Gold At?,Starter,Mike Evans,TB,WR|W/R/T
10,12.6,Where Da Gold At?,Starter,Aaron Jones,Min,RB|W/R/T
10,0.0,Where Da Gold At?,Starter,Trey Sermon,Pit,RB|W/R/T
10,13.7,Where Da Gold At?,Starter,Dan Arnold,Jax,TE|W/R/T
10,14.9,Where Da Gold At?,Starter,Jakobi Meyers,LV,WR|W/R/T
10,0.0,Where Da Gold At?,Non-Starter,Clyde Edwards-Helaire,NO,RB|W/R/T
10,0.0,Where Da Gold At?,Non-Starter,Russell Gage,SF,WR|W/R/T
10,0.0,Where Da Gold At?,Non-Starter,Ronald Jones,Dal,RB|W/R/T
10,19.0,Where Da Gold At?,Starter,Indianapolis Colts,Ind,DEF
11,9.22,Where Da Gold At?,Starter,Ryan Tannehill,Ten,QB
11,5.9,Where Da Gold At?,Starter,Rashod Bateman,Bal,WR|W/R/T
11,20.3,Where Da Gold At?,Starter,Mike Evans,TB,WR|W/R/T
11,0.0,Where Da Gold At?,Starter,Aaron Jones,Min,RB|W/R/T
11,6.5,Where Da Gold At?,Starter,Trey Sermon,Pit,RB|W/R/T
11,0.0,Where Da Gold At?,Starter,Dan Arnold,Jax,TE|W/R/T
11,7.9,Where Da Gold At?,Starter,Jakobi Meyers,LV,WR|W/R/T
11,15.6,Where Da Gold At?,Non-Starter,Clyde Edwards-Helaire,NO,RB|W/R/T
11,9.9,Where Da Gold At?,Non-Starter,Russell Gage,SF,WR|W/R/T
11,9.3,Where Da Gold At?,Non-Starter,Ronald Jones,Dal,RB|W/R/T
11,10.5,Where Da Gold At?,Starter,Indianapolis Colts,Ind,DEF
12,8.12,Where Da Gold At?,Starter,Ryan Tannehill,Ten,QB
12,7.1,Where Da Gold At?,Starter,Rashod Bateman,Bal,WR|W/R/T
12,4.6,Where Da Gold At?,Starter,Mike Evans,TB,WR|W/R/T
12,2.3,Where Da Gold At?,Starter,Aaron Jones,Min,RB|W/R/T
12,9.7,Where Da Gold At?,Starter,Ronald Jones,Dal,RB|W/R/T
12,1.9,Where Da Gold At?,Starter,Dan Arnold,Jax,TE|W/R/T
12,14.8,Where Da Gold At?,Starter,Jakobi Meyers,LV,WR|W/R/T
12,0.0,Where Da Gold At?,Non-Starter,Trey Sermon,Pit,RB|W/R/T
12,0.0,Where Da Gold At?,Non-Starter,Clyde Edwards-Helaire,NO,RB|W/R/T
12,18.2,Where Da Gold At?,Non-Starter,Russell Gage,SF,WR|W/R/T
12,6.0,Where Da Gold At?,Starter,Indianapolis Colts,Ind,DEF
13,17.86,Where Da Gold At?,Starter,Tua Tagovailoa,Mia,QB
13,16.9,Where Da Gold At?,Starter,Mike Evans,TB,WR|W/R/T
13,22.0,Where Da Gold At?,Starter,Russell Gage,SF,WR|W/R/T
13,1.2,Where Da Gold At?,Starter,Ronald Jones,Dal,RB|W/R/T
13,11.2,Where Da Gold At?,Starter,Clyde Edwards-Helaire,NO,RB|W/R/T
13,0.7,Where Da Gold At?,Starter,Gerald Everett,Chi,TE|W/R/T
13,0.0,Where Da Gold At?,Starter,Jakobi Meyers,LV,WR|W/R/T
13,0.0,Where Da Gold At?,Non-Starter,Ryan Tannehill,Ten,QB
13,0.0,Where Da Gold At?,Non-Starter,Rashod Bateman,Bal,WR|W/R/T
13,0.0,Where Da Gold At?,Non-Starter,Aaron Jones,Min,RB|W/R/T
13,22.0,Where Da Gold At?,Starter,Indianapolis Colts,Ind,DEF
14,16.54,Where Da Gold At?,Starter,Ryan Tannehill,Ten,QB
14,21.1,Where Da Gold At?,Starter,Mike Evans,TB,WR|W/R/T
14,10.4,Where Da Gold At?,Starter,Russell Gage,SF,WR|W/R/T
14,0.8,Where Da Gold At?,Starter,Ronald Jones,Dal,RB|W/R/T
14,19.2,Where Da Gold At?,Starter,Clyde Edwards-Helaire,NO,RB|W/R/T
14,10.8,Where Da Gold At?,Starter,Gerald Everett,Chi,TE|W/R/T
14,21.5,Where Da Gold At?,Starter,Aaron Jones,Min,RB|W/R/T
14,0.0,Where Da Gold At?,Non-Starter,Tua Tagovailoa,Mia,QB
14,0.0,Where Da Gold At?,Non-Starter,Jakobi Meyers,LV,WR|W/R/T
14,17.3,Where Da Gold At?,Non-Starter,Rashod Bateman,Bal,WR|W/R/T
14,10.0,Where Da Gold At?,Starter,Los Angeles Chargers,LAC,DEF
1,28.76,Kelce Grammar,Starter,Jalen Hurts,Phi,QB
1,12.54,Kelce Grammar,Starter,Justin Jefferson,Min,WR|W/R/T
1,9.2,Kelce Grammar,Starter,JuJu Smith-Schuster,KC,WR|W/R/T
1,10.7,Kelce Grammar,Starter,Derrick Henry,Bal,RB|W/R/T
1,17.1,Kelce Grammar,Starter,Kareem Hunt,KC,RB|W/R/T
1,5.7,Kelce Grammar,Starter,Austin Hooper,NE,TE|W/R/T
1,23.7,Kelce Grammar,Starter,Antonio Brown,TB,WR|W/R/T
1,0.0,Kelce Grammar,Non-Starter,Brandon Aiyuk,SF,WR|W/R/T
1,12.3,Kelce Grammar,Non-Starter,Kenneth Gainwell,Pit,RB|W/R/T
1,16.9,Kelce Grammar,Non-Starter,Jalen Reagor,LAC,WR|W/R/T
1,15.0,Kelce Grammar,Starter,Philadelphia Eagles,Phi,DEF
1,0.0,Kelce Grammar,Starter,Darrynton Evans,Buf,RB|W/R/T
2,21.8,Kelce Grammar,Starter,Jalen Hurts,Phi,QB
2,18.5,Kelce Grammar,Starter,Justin Jefferson,Min,WR|W/R/T
2,2.7,Kelce Grammar,Starter,Antonio Brown,TB,WR|W/R/T
2,47.7,Kelce Grammar,Starter,Derrick Henry,Bal,RB|W/R/T
2,6.3,Kelce Grammar,Starter,Kareem Hunt,KC,RB|W/R/T
2,9.0,Kelce Grammar,Starter,Austin Hooper,NE,TE|W/R/T
2,16.4,Kelce Grammar,Starter,JuJu Smith-Schuster,KC,WR|W/R/T
2,1.6,Kelce Grammar,Non-Starter,Brandon Aiyuk,SF,WR|W/R/T
2,7.2,Kelce Grammar,Non-Starter,Kenneth Gainwell,Pit,RB|W/R/T
2,2.5,Kelce Grammar,Non-Starter,Jalen Reagor,LAC,WR|W/R/T
2,3.5,Kelce Grammar,Starter,Philadelphia Eagles,Phi,DEF
2,0.0,Kelce Grammar,Starter,Darrynton Evans,Buf,RB|W/R/T
3,18.54,Kelce Grammar,Starter,Jalen Hurts,Phi,QB
3,26.8,Kelce Grammar,Starter,Justin Jefferson,Min,WR|W/R/T
3,5.5,Kelce Grammar,Starter,JuJu Smith-Schuster,KC,WR|W/R/T
3,19.4,Kelce Grammar,Starter,Derrick Henry,Bal,RB|W/R/T
3,27.5,Kelce Grammar,Starter,Kareem Hunt,KC,RB|W/R/T
3,9.9,Kelce Grammar,Starter,Austin Hooper,NE,TE|W/R/T
3,10.3,Kelce Grammar,Starter,Jalen Reagor,LAC,WR|W/R/T
3,0.0,Kelce Grammar,Non-Starter,Antonio Brown,TB,WR|W/R/T
3,14.5,Kelce Grammar,Non-Starter,Brandon Aiyuk,SF,WR|W/R/T
3,6.4,Kelce Grammar,Non-Starter,Kenneth Gainwell,Pit,RB|W/R/T
3,12.0,Kelce Grammar,Starter,Philadelphia Eagles,Phi,DEF
3,0.0,Kelce Grammar,Starter,Darrynton Evans,Buf,RB|W/R/T
4,28.18,Kelce Grammar,Starter,Jalen Hurts,Phi,QB
4,20.4,Kelce Grammar,Starter,Justin Jefferson,Min,WR|W/R/T
4,13.3,Kelce Grammar,Starter,Antonio Brown,TB,WR|W/R/T
4,25.7,Kelce Grammar,Starter,Derrick Henry,Bal,RB|W/R/T
4,16.6,Kelce Grammar,Starter,Kareem Hunt,KC,RB|W/R/T
4,2.1,Kelce Grammar,Starter,Austin Hooper,NE,TE|W/R/T
4,2.5,Kelce Grammar,Starter,Brandon Aiyuk,SF,WR|W/R/T
4,3.1,Kelce Grammar,Non-Starter,Jalen Reagor,LAC,WR|W/R/T
4,3.1,Kelce Grammar,Non-Starter,JuJu Smith-Schuster,KC,WR|W/R/T
4,20.9,Kelce Grammar,Non-Starter,Kenneth Gainwell,Pit,RB|W/R/T
4,-0.5,Kelce Grammar,Starter,Philadelphia Eagles,Phi,DEF
4,0.0,Kelce Grammar,Starter,Darrynton Evans,Buf,RB|W/R/T
5,22.92,Kelce Grammar,Starter,Jalen Hurts,Phi,QB
5,19.4,Kelce Grammar,Starter,Justin Jefferson,Min,WR|W/R/T
5,31.4,Kelce Grammar,Starter,Antonio Brown,TB,WR|W/R/T
5,31.0,Kelce Grammar,Starter,Derrick Henry,Bal,RB|W/R/T
5,25.9,Kelce Grammar,Starter,Kareem Hunt,KC,RB|W/R/T
5,2.0,Kelce Grammar,Starter,Austin Hooper,NE,TE|W/R/T
5,3.4,Kelce Grammar,Starter,Kenneth Gainwell,Pit,RB|W/R/T
5,5.2,Kelce Grammar,Non-Starter,Brandon Aiyuk,SF,WR|W/R/T
5,5.4,Kelce Grammar,Non-Starter,Jalen Reagor,LAC,WR|W/R/T
5,0.6,Kelce Grammar,Non-Starter,JuJu Smith-Schuster,KC,WR|W/R/T
5,16.5,Kelce Grammar,Starter,Philadelphia Eagles,Phi,DEF
5,0.0,Kelce Grammar,Starter,Darrynton Evans,Buf,RB|W/R/T
6,25.0,Kelce Grammar,Starter,Jalen Hurts,Phi,QB
6,14.0,Kelce Grammar,Starter,Justin Jefferson,Min,WR|W/R/T
6,24.3,Kelce Grammar,Starter,Antonio Brown,TB,WR|W/R/T
6,35.6,Kelce Grammar,Starter,Derrick Henry,Bal,RB|W/R/T
6,10.8,Kelce Grammar,Starter,Kareem Hunt,KC,RB|W/R/T
6,1.4,Kelce Grammar,Starter,Austin Hooper,NE,TE|W/R/T
6,1.1,Kelce Grammar,Starter,Kenneth Gainwell,Pit,RB|W/R/T
6,0.0,Kelce Grammar,Non-Starter,Brandon Aiyuk,SF,WR|W/R/T
6,1.2,Kelce Grammar,Non-Starter,Marlon Mack,Ari,RB|W/R/T
6,9.6,Kelce Grammar,Non-Starter,Amon-Ra St. Brown,Det,WR|W/R/T
6,4.0,Kelce Grammar,Starter,Philadelphia Eagles,Phi,DEF
6,0.0,Kelce Grammar,Starter,Darrynton Evans,Buf,RB|W/R/T
7,23.54,Kelce Grammar,Starter,Jalen Hurts,Phi,QB
7,0.0,Kelce Grammar,Starter,Amon-Ra St. Brown,Det,WR|W/R/T
7,1.9,Kelce Grammar,Starter,Brandon Aiyuk,SF,WR|W/R/T
7,16.4,Kelce Grammar,Starter,Derrick Henry,Bal,RB|W/R/T
7,14.1,Kelce Grammar,Starter,Kenneth Gainwell,Pit,RB|W/R/T
7,6.2,Kelce Grammar,Starter,Austin Hooper,NE,TE|W/R/T
7,0.4,Kelce Grammar,Starter,Marlon Mack,Ari,RB|W/R/T
7,0.0,Kelce Grammar,Non-Starter,Antonio Brown,TB,WR|W/R/T
7,0.0,Kelce Grammar,Non-Starter,Kareem Hunt,KC,RB|W/R/T
7,0.0,Kelce Grammar,Non-Starter,Justin Jefferson,Min,WR|W/R/T
7,3.5,Kelce Grammar,Starter,Philadelphia Eagles,Phi,DEF
7,3.8,Kelce Grammar,Starter,Darrynton Evans,Buf,RB|W/R/T
8,11.22,Kelce Grammar,Starter,Jalen Hurts,Phi,QB
8,4.1,Kelce Grammar,Starter,Justin Jefferson,Min,WR|W/R/T
8,7.6,Kelce Grammar,Starter,Amon-Ra St. Brown,Det,WR|W/R/T
8,6.8,Kelce Grammar,Starter,Derrick Henry,Bal,RB|W/R/T
8,2.7,Kelce Grammar,Starter,Kenneth Gainwell,Pit,RB|W/R/T
8,6.6,Kelce Grammar,Starter,Austin Hooper,NE,TE|W/R/T
8,10.5,Kelce Grammar,Starter,Brandon Aiyuk,SF,WR|W/R/T
8,0.0,Kelce Grammar,Non-Starter,Antonio Brown,TB,WR|W/R/T
8,0.0,Kelce Grammar,Non-Starter,Marlon Mack,Ari,RB|W/R/T
8,0.0,Kelce Grammar,Non-Starter,Darrynton Evans,Buf,RB|W/R/T
8,25.0,Kelce Grammar,Starter,Philadelphia Eagles,Phi,DEF
8,0.0,Kelce Grammar,Starter,Kareem Hunt,KC,RB|W/R/T
9,16.68,Kelce Grammar,Starter,Jalen Hurts,Phi,QB
9,17.0,Kelce Grammar,Starter,Justin Jefferson,Min,WR|W/R/T
9,18.7,Kelce Grammar,Starter,Brandon Aiyuk,SF,WR|W/R/T
9,6.3,Kelce Grammar,Starter,Carlos Hyde,Jax,RB|W/R/T
9,13.1,Kelce Grammar,Starter,Jordan Howard,NO,RB|W/R/T
9,3.4,Kelce Grammar,Starter,Austin Hooper,NE,TE|W/R/T
9,7.1,Kelce Grammar,Starter,Van Jefferson,Ten,WR|W/R/T
9,6.3,Kelce Grammar,Non-Starter,Kenneth Gainwell,Pit,RB|W/R/T
9,0.0,Kelce Grammar,Non-Starter,Amon-Ra St. Brown,Det,WR|W/R/T
9,0.0,Kelce Grammar,Non-Starter,Marlon Mack,Ari,RB|W/R/T
9,1.0,Kelce Grammar,Starter,Philadelphia Eagles,Phi,DEF
9,0.0,Kelce Grammar,Starter,Kareem Hunt,KC,RB|W/R/T
10,18.42,Kelce Grammar,Starter,Jalen Hurts,Phi,QB
10,22.9,Kelce Grammar,Starter,Justin Jefferson,Min,WR|W/R/T
10,5.6,Kelce Grammar,Starter,Brandon Aiyuk,SF,WR|W/R/T
10,1.4,Kelce Grammar,Starter,Carlos Hyde,Jax,RB|W/R/T
10,8.3,Kelce Grammar,Starter,Jordan Howard,NO,RB|W/R/T
10,12.5,Kelce Grammar,Starter,Austin Hooper,NE,TE|W/R/T
10,8.4,Kelce Grammar,Starter,Van Jefferson,Ten,WR|W/R/T
10,2.4,Kelce Grammar,Non-Starter,Kenneth Gainwell,Pit,RB|W/R/T
10,10.1,Kelce Grammar,Non-Starter,Amon-Ra St. Brown,Det,WR|W/R/T
10,0.0,Kelce Grammar,Non-Starter,Marlon Mack,Ari,RB|W/R/T
10,19.0,Kelce Grammar,Starter,Philadelphia Eagles,Phi,DEF
10,0.0,Kelce Grammar,Starter,Kareem Hunt,KC,RB|W/R/T
11,30.78,Kelce Grammar,Starter,Jalen Hurts,Phi,QB
11,37.2,Kelce Grammar,Starter,Justin Jefferson,Min,WR|W/R/T
11,21.5,Kelce Grammar,Starter,Brandon Aiyuk,SF,WR|W/R/T
11,0.0,Kelce Grammar,Starter,Carlos Hyde,Jax,RB|W/R/T
11,6.3,Kelce Grammar,Starter,Jordan Howard,NO,RB|W/R/T
11,9.3,Kelce Grammar,Starter,Austin Hooper,NE,TE|W/R/T
11,5.8,Kelce Grammar,Starter,Amon-Ra St. Brown,Det,WR|W/R/T
11,0.0,Kelce Grammar,Non-Starter,Kenneth Gainwell,Pit,RB|W/R/T
11,0.0,Kelce Grammar,Non-Starter,Van Jefferson,Ten,WR|W/R/T
11,0.0,Kelce Grammar,Non-Starter,Marlon Mack,Ari,RB|W/R/T
11,14.5,Kelce Grammar,Starter,Philadelphia Eagles,Phi,DEF
11,0.0,Kelce Grammar,Starter,Kareem Hunt,KC,RB|W/R/T
12,6.86,Kelce Grammar,Starter,Jalen Hurts,Phi,QB
12,13.26,Kelce Grammar,Starter,Justin Jefferson,Min,WR|W/R/T
12,12.5,Kelce Grammar,Starter,Brandon Aiyuk,SF,WR|W/R/T
12,1.6,Kelce Grammar,Starter,Carlos Hyde,Jax,RB|W/R/T
12,2.0,Kelce Grammar,Starter,Kareem Hunt,KC,RB|W/R/T
12,0.0,Kelce Grammar,Starter,Austin Hooper,NE,TE|W/R/T
12,6.3,Kelce Grammar,Starter,Amon-Ra St. Brown,Det,WR|W/R/T
12,0.0,Kelce Grammar,Non-Starter,Jordan Howard,NO,RB|W/R/T
12,18.3,Kelce Grammar,Non-Starter,Van Jefferson,Ten,WR|W/R/T
12,0.0,Kelce Grammar,Non-Starter,Marlon Mack,Ari,RB|W/R/T
12,10.5,Kelce Grammar,Starter,Philadelphia Eagles,Phi,DEF
13,18.78,Kelce Grammar,Starter,Gardner Minshew,KC,QB
13,35.6,Kelce Grammar,Starter,Justin Jefferson,Min,WR|W/R/T
13,8.5,Kelce Grammar,Starter,Brandon Aiyuk,SF,WR|W/R/T
13,7.3,Kelce Grammar,Starter,Carlos Hyde,Jax,RB|W/R/T
13,5.5,Kelce Grammar,Starter,Latavius Murray,Buf,RB|W/R/T
13,4.4,Kelce Grammar,Starter,Foster Moreau,NO,TE|W/R/T
13,16.1,Kelce Grammar,Starter,Van Jefferson,Ten,WR|W/R/T
13,0.0,Kelce Grammar,Non-Starter,Jalen Hurts,Phi,QB
13,0.0,Kelce Grammar,Non-Starter,Austin Hooper,NE,TE|W/R/T
13,0.0,Kelce Grammar,Non-Starter,Kareem Hunt,KC,RB|W/R/T
13,7.0,Kelce Grammar,Starter,Philadelphia Eagles,Phi,DEF
14,15.16,Kelce Grammar,Starter,Teddy Bridgewater,TB,QB
14,20.5,Kelce Grammar,Starter,Justin Jefferson,Min,WR|W/R/T
14,18.6,Kelce Grammar,Starter,Brandon Aiyuk,SF,WR|W/R/T
14,6.1,Kelce Grammar,Starter,Latavius Murray,Buf,RB|W/R/T
14,3.8,Kelce Grammar,Starter,Kareem Hunt,KC,RB|W/R/T
14,14.0,Kelce Grammar,Starter,Austin Hooper,NE,TE|W/R/T
14,14.8,Kelce Grammar,Starter,Van Jefferson,Ten,WR|W/R/T
14,0.0,Kelce Grammar,Non-Starter,Jalen Hurts,Phi,QB
14,0.0,Kelce Grammar,Non-Starter,Kenneth Gainwell,Pit,RB|W/R/T
14,10.0,Kelce Grammar,Starter,Seattle Seahawks,Sea,DEF
14,0.0,Kelce Grammar,Non-Starter,Philadelphia Eagles,Phi,DEF
15,27.64,Kelce Grammar,Starter,Jalen Hurts,Phi,QB
15,14.7,Kelce Grammar,Starter,Justin Jefferson,Min,WR|W/R/T
15,4.6,Kelce Grammar,Starter,Brandon Aiyuk,SF,WR|W/R/T
15,6.1,Kelce Grammar,Starter,Latavius Murray,Buf,RB|W/R/T
15,0.0,Kelce Grammar,Starter,Kenneth Gainwell,Pit,RB|W/R/T
15,5.9,Kelce Grammar,Starter,David Njoku,Cle,TE|W/R/T
15,5.3,Kelce Grammar,Starter,Van Jefferson,Ten,WR|W/R/T
15,0.0,Kelce Grammar,Non-Starter,Austin Hooper,NE,TE|W/R/T
15,0.0,Kelce Grammar,Non-Starter,Kareem Hunt,KC,RB|W/R/T
15,4.92,Kelce Grammar,Non-Starter,Teddy Bridgewater,TB,QB
15,7.0,Kelce Grammar,Starter,Philadelphia Eagles,Phi,DEF
16,16.66,Kelce Grammar,Starter,Jalen Hurts,Phi,QB
16,19.6,Kelce Grammar,Starter,Justin Jefferson,Min,WR|W/R/T
16,14.0,Kelce Grammar,Starter,Brandon Aiyuk,SF,WR|W/R/T
16,3.4,Kelce Grammar,Starter,Latavius Murray,Buf,RB|W/R/T
16,1.6,Kelce Grammar,Starter,Kenneth Gainwell,Pit,RB|W/R/T
16,0.0,Kelce Grammar,Starter,David Njoku,Cle,TE|W/R/T
16,1.6,Kelce Grammar,Starter,Van Jefferson,Ten,WR|W/R/T
16,5.6,Kelce Grammar,Non-Starter,Austin Hooper,NE,TE|W/R/T
16,0.0,Kelce Grammar,Non-Starter,Kareem Hunt,KC,RB|W/R/T
16,0.0,Kelce Grammar,Non-Starter,Teddy Bridgewater,TB,QB
16,21.5,Kelce Grammar,Starter,Philadelphia Eagles,Phi,DEF
17,12.96,Kelce Grammar,Starter,Jalen Hurts,Phi,QB
17,11.8,Kelce Grammar,Starter,Justin Jefferson,Min,WR|W/R/T
17,13.4,Kelce Grammar,Starter,Brandon Aiyuk,SF,WR|W/R/T
17,3.1,Kelce Grammar,Starter,Latavius Murray,Buf,RB|W/R/T
17,0.4,Kelce Grammar,Starter,Kenneth Gainwell,Pit,RB|W/R/T
17,12.8,Kelce Grammar,Starter,David Njoku,Cle,TE|W/R/T
17,10.3,Kelce Grammar,Starter,Van Jefferson,Ten,WR|W/R/T
17,4.8,Kelce Grammar,Non-Starter,Austin Hooper,NE,TE|W/R/T
17,0.0,Kelce Grammar,Non-Starter,Kareem Hunt,KC,RB|W/R/T
17,0.0,Kelce Grammar,Non-Starter,Teddy Bridgewater,TB,QB
17,8.0,Kelce Grammar,Starter,Philadelphia Eagles,Phi,DEF
1,18.64,Burrowing a Foxhole,Starter,Joe Burrow,Cin,QB
1,5.9,Burrowing a Foxhole,Starter,Julio Jones,Phi,WR|W/R/T
1,10.0,Burrowing a Foxhole,Starter,Chase Claypool,Buf,WR|W/R/T
1,17.6,Burrowing a Foxhole,Starter,Jonathan Taylor,Ind,RB|W/R/T
1,8.4,Burrowing a Foxhole,Starter,James Robinson,NO,RB|W/R/T
1,10.6,Burrowing a Foxhole,Starter,Jared Cook,LAC,TE|W/R/T
1,2.4,Burrowing a Foxhole,Starter,Tevin Coleman,SF,RB|W/R/T
1,0.0,Burrowing a Foxhole,Non-Starter,Curtis Samuel,Buf,WR|W/R/T
1,10.2,Burrowing a Foxhole,Non-Starter,Mike Davis,Bal,RB|W/R/T
1,14.5,Burrowing a Foxhole,Non-Starter,Mark Ingram II,NO,RB|W/R/T
1,17.5,Burrowing a Foxhole,Starter,Pittsburgh Steelers,Pit,DEF
2,8.28,Burrowing a Foxhole,Starter,Joe Burrow,Cin,QB
2,18.8,Burrowing a Foxhole,Starter,Julio Jones,Phi,WR|W/R/T
2,9.7,Burrowing a Foxhole,Starter,Chase Claypool,Buf,WR|W/R/T
2,6.3,Burrowing a Foxhole,Starter,Jonathan Taylor,Ind,RB|W/R/T
2,9.4,Burrowing a Foxhole,Starter,James Robinson,NO,RB|W/R/T
2,5.8,Burrowing a Foxhole,Starter,Jared Cook,LAC,TE|W/R/T
2,13.3,Burrowing a Foxhole,Starter,Mike Davis,Bal,RB|W/R/T
2,2.4,Burrowing a Foxhole,Non-Starter,Tevin Coleman,SF,RB|W/R/T
2,0.0,Burrowing a Foxhole,Non-Starter,Curtis Samuel,Buf,WR|W/R/T
2,5.0,Burrowing a Foxhole,Non-Starter,Mark Ingram II,NO,RB|W/R/T
2,5.0,Burrowing a Foxhole,Starter,Pittsburgh Steelers,Pit,DEF
3,17.58,Burrowing a Foxhole,Starter,Joe Burrow,Cin,QB
3,7.7,Burrowing a Foxhole,Starter,Julio Jones,Phi,WR|W/R/T
3,18.6,Burrowing a Foxhole,Starter,Chase Claypool,Buf,WR|W/R/T
3,8.2,Burrowing a Foxhole,Starter,Jonathan Taylor,Ind,RB|W/R/T
3,25.4,Burrowing a Foxhole,Starter,James Robinson,NO,RB|W/R/T
3,4.7,Burrowing a Foxhole,Starter,Jared Cook,LAC,TE|W/R/T
3,26.4,Burrowing a Foxhole,Starter,Emmanuel Sanders,Buf,WR|W/R/T
3,11.0,Burrowing a Foxhole,Non-Starter,Mike Davis,Bal,RB|W/R/T
3,0.0,Burrowing a Foxhole,Non-Starter,Tevin Coleman,SF,RB|W/R/T
3,3.0,Burrowing a Foxhole,Non-Starter,Mark Ingram II,NO,RB|W/R/T
3,5.0,Burrowing a Foxhole,Starter,Pittsburgh Steelers,Pit,DEF
3,0.0,Burrowing a Foxhole,Starter,Curtis Samuel,Buf,WR|W/R/T
4,22.32,Burrowing a Foxhole,Starter,Joe Burrow,Cin,QB
4,8.4,Burrowing a Foxhole,Starter,Zach Pascal,NYG,WR|W/R/T
4,13.1,Burrowing a Foxhole,Starter,Emmanuel Sanders,Buf,WR|W/R/T
4,20.4,Burrowing a Foxhole,Starter,Jonathan Taylor,Ind,RB|W/R/T
4,20.6,Burrowing a Foxhole,Starter,James Robinson,NO,RB|W/R/T
4,19.0,Burrowing a Foxhole,Starter,Jared Cook,LAC,TE|W/R/T
4,2.4,Burrowing a Foxhole,Starter,Mark Ingram II,NO,RB|W/R/T
4,0.0,Burrowing a Foxhole,Non-Starter,Chase Claypool,Buf,WR|W/R/T
4,0.0,Burrowing a Foxhole,Non-Starter,Julio Jones,Phi,WR|W/R/T
4,10.6,Burrowing a Foxhole,Non-Starter,Mike Davis,Bal,RB|W/R/T
4,9.0,Burrowing a Foxhole,Starter,Pittsburgh Steelers,Pit,DEF
4,5.9,Burrowing a Foxhole,Starter,Curtis Samuel,Buf,WR|W/R/T
5,18.34,Burrowing a Foxhole,Starter,Joe Burrow,Cin,QB
5,20.4,Burrowing a Foxhole,Starter,Emmanuel Sanders,Buf,WR|W/R/T
5,5.5,Burrowing a Foxhole,Starter,Sammy Watkins,Bal,WR|W/R/T
5,31.9,Burrowing a Foxhole,Starter,Jonathan Taylor,Ind,RB|W/R/T
5,21.7,Burrowing a Foxhole,Starter,James Robinson,NO,RB|W/R/T
5,3.9,Burrowing a Foxhole,Starter,Jared Cook,LAC,TE|W/R/T
5,12.1,Burrowing a Foxhole,Starter,Mike Davis,Bal,RB|W/R/T
5,4.1,Burrowing a Foxhole,Non-Starter,Mark Ingram II,NO,RB|W/R/T
5,24.0,Burrowing a Foxhole,Non-Starter,Chase Claypool,Buf,WR|W/R/T
5,0.0,Burrowing a Foxhole,Non-Starter,Julio Jones,Phi,WR|W/R/T
5,13.0,Burrowing a Foxhole,Starter,Dallas Cowboys,Dal,DEF
6,22.84,Burrowing a Foxhole,Starter,Joe Burrow,Cin,QB
6,14.1,Burrowing a Foxhole,Starter,Emmanuel Sanders,Buf,WR|W/R/T
6,8.9,Burrowing a Foxhole,Starter,Julio Jones,Phi,WR|W/R/T
6,28.8,Burrowing a Foxhole,Starter,Jonathan Taylor,Ind,RB|W/R/T
6,19.1,Burrowing a Foxhole,Starter,James Robinson,NO,RB|W/R/T
6,12.5,Burrowing a Foxhole,Starter,Jared Cook,LAC,TE|W/R/T
6,3.7,Burrowing a Foxhole,Starter,Chase Claypool,Buf,WR|W/R/T
6,0.0,Burrowing a Foxhole,Non-Starter,Sammy Watkins,Bal,WR|W/R/T
6,0.0,Burrowing a Foxhole,Non-Starter,Mike Davis,Bal,RB|W/R/T
6,10.1,Burrowing a Foxhole,Non-Starter,Mark Ingram II,NO,RB|W/R/T
6,15.5,Burrowing a Foxhole,Starter,Dallas Cowboys,Dal,DEF
7,26.64,Burrowing a Foxhole,Starter,Joe Burrow,Cin,QB
7,5.8,Burrowing a Foxhole,Starter,Julio Jones,Phi,WR|W/R/T
7,4.4,Burrowing a Foxhole,Starter,Robbie Chosen,SF,WR|W/R/T
7,18.0,Burrowing a Foxhole,Starter,Jonathan Taylor,Ind,RB|W/R/T
7,1.0,Burrowing a Foxhole,Starter,Mike Davis,Bal,RB|W/R/T
7,7.7,Burrowing a Foxhole,Starter,Jonnu Smith,Pit,TE|W/R/T
7,5.7,Burrowing a Foxhole,Starter,Mark Ingram II,NO,RB|W/R/T
7,0.0,Burrowing a Foxhole,Non-Starter,Chase Claypool,Buf,WR|W/R/T
7,0.0,Burrowing a Foxhole,Non-Starter,James Robinson,NO,RB|W/R/T
7,0.0,Burrowing a Foxhole,Non-Starter,Emmanuel Sanders,Buf,WR|W/R/T
7,7.0,Burrowing a Foxhole,Starter,Cleveland Browns,Cle,DEF
8,20.26,Burrowing a Foxhole,Starter,Joe Burrow,Cin,QB
8,0.0,Burrowing a Foxhole,Starter,Emmanuel Sanders,Buf,WR|W/R/T
8,0.0,Burrowing a Foxhole,Starter,Robbie Chosen,SF,WR|W/R/T
8,21.2,Burrowing a Foxhole,Starter,Jonathan Taylor,Ind,RB|W/R/T
8,4.9,Burrowing a Foxhole,Starter,James Robinson,NO,RB|W/R/T
8,10.7,Burrowing a Foxhole,Starter,Tyler Conklin,LAC,TE|W/R/T
8,10.1,Burrowing a Foxhole,Starter,Chase Claypool,Buf,WR|W/R/T
8,0.0,Burrowing a Foxhole,Non-Starter,Julio Jones,Phi,WR|W/R/T
8,7.2,Burrowing a Foxhole,Non-Starter,Mark Ingram II,NO,RB|W/R/T
8,11.6,Burrowing a Foxhole,Non-Starter,Mike Davis,Bal,RB|W/R/T
8,7.0,Burrowing a Foxhole,Starter,Cleveland Browns,Cle,DEF
9,5.38,Burrowing a Foxhole,Starter,Joe Burrow,Cin,QB
9,10.5,Burrowing a Foxhole,Starter,Emmanuel Sanders,Buf,WR|W/R/T
9,1.2,Burrowing a Foxhole,Starter,Robbie Chosen,SF,WR|W/R/T
9,34.0,Burrowing a Foxhole,Starter,Jonathan Taylor,Ind,RB|W/R/T
9,0.0,Burrowing a Foxhole,Starter,James Robinson,NO,RB|W/R/T
9,9.5,Burrowing a Foxhole,Starter,Tyler Conklin,LAC,TE|W/R/T
9,7.3,Burrowing a Foxhole,Starter,Chase Claypool,Buf,WR|W/R/T
9,7.5,Burrowing a Foxhole,Non-Starter,Julio Jones,Phi,WR|W/R/T
9,11.4,Burrowing a Foxhole,Non-Starter,Mark Ingram II,NO,RB|W/R/T
9,2.8,Burrowing a Foxhole,Non-Starter,Mike Davis,Bal,RB|W/R/T
9,20.5,Burrowing a Foxhole,Starter,Cleveland Browns,Cle,DEF
10,17.46,Burrowing a Foxhole,Starter,Kirk Cousins,Atl,QB
10,7.1,Burrowing a Foxhole,Starter,Emmanuel Sanders,Buf,WR|W/R/T
10,13.7,Burrowing a Foxhole,Starter,Robbie Chosen,SF,WR|W/R/T
10,24.6,Burrowing a Foxhole,Starter,Jonathan Taylor,Ind,RB|W/R/T
10,18.4,Burrowing a Foxhole,Starter,James Robinson,NO,RB|W/R/T
10,16.1,Burrowing a Foxhole,Starter,Tyler Conklin,LAC,TE|W/R/T
10,1.8,Burrowing a Foxhole,Starter,Mike Davis,Bal,RB|W/R/T
10,0.0,Burrowing a Foxhole,Non-Starter,Chase Claypool,Buf,WR|W/R/T
10,0.0,Burrowing a Foxhole,Non-Starter,Joe Burrow,Cin,QB
10,20.8,Burrowing a Foxhole,Non-Starter,Mark Ingram II,NO,RB|W/R/T
10,1.0,Burrowing a Foxhole,Starter,Cleveland Browns,Cle,DEF
11,9.02,Burrowing a Foxhole,Starter,Joe Burrow,Cin,QB
11,5.6,Burrowing a Foxhole,Starter,Emmanuel Sanders,Buf,WR|W/R/T
11,14.4,Burrowing a Foxhole,Starter,Chase Claypool,Buf,WR|W/R/T
11,53.4,Burrowing a Foxhole,Starter,Jonathan Taylor,Ind,RB|W/R/T
11,11.8,Burrowing a Foxhole,Starter,James Robinson,NO,RB|W/R/T
11,6.5,Burrowing a Foxhole,Starter,Tyler Conklin,LAC,TE|W/R/T
11,5.1,Burrowing a Foxhole,Starter,Mike Davis,Bal,RB|W/R/T
11,8.0,Burrowing a Foxhole,Non-Starter,Robbie Chosen,SF,WR|W/R/T
11,25.24,Burrowing a Foxhole,Non-Starter,Kirk Cousins,Atl,QB
11,15.3,Burrowing a Foxhole,Non-Starter,Mark Ingram II,NO,RB|W/R/T
11,12.5,Burrowing a Foxhole,Starter,Cleveland Browns,Cle,DEF
12,16.4,Burrowing a Foxhole,Starter,Joe Burrow,Cin,QB
12,5.8,Burrowing a Foxhole,Starter,Emmanuel Sanders,Buf,WR|W/R/T
12,11.2,Burrowing a Foxhole,Starter,Chase Claypool,Buf,WR|W/R/T
12,19.7,Burrowing a Foxhole,Starter,Jonathan Taylor,Ind,RB|W/R/T
12,12.5,Burrowing a Foxhole,Starter,James Robinson,NO,RB|W/R/T
12,4.5,Burrowing a Foxhole,Starter,Tyler Conklin,LAC,TE|W/R/T
12,2.5,Burrowing a Foxhole,Starter,Robbie Chosen,SF,WR|W/R/T
12,15.52,Burrowing a Foxhole,Non-Starter,Kirk Cousins,Atl,QB
12,0.0,Burrowing a Foxhole,Non-Starter,Mark Ingram II,NO,RB|W/R/T
12,3.7,Burrowing a Foxhole,Non-Starter,Courtland Sutton,Den,WR|W/R/T
12,12.5,Burrowing a Foxhole,Starter,Cleveland Browns,Cle,DEF
13,16.6,Burrowing a Foxhole,Starter,Joe Burrow,Cin,QB
13,5.2,Burrowing a Foxhole,Starter,Emmanuel Sanders,Buf,WR|W/R/T
13,7.4,Burrowing a Foxhole,Starter,Chase Claypool,Buf,WR|W/R/T
13,24.3,Burrowing a Foxhole,Starter,Jonathan Taylor,Ind,RB|W/R/T
13,2.5,Burrowing a Foxhole,Starter,James Robinson,NO,RB|W/R/T
13,12.6,Burrowing a Foxhole,Starter,Tyler Conklin,LAC,TE|W/R/T
13,3.5,Burrowing a Foxhole,Starter,Courtland Sutton,Den,WR|W/R/T
13,0.0,Burrowing a Foxhole,Non-Starter,Robbie Chosen,SF,WR|W/R/T
13,20.2,Burrowing a Foxhole,Non-Starter,Kirk Cousins,Atl,QB
13,3.6,Burrowing a Foxhole,Non-Starter,Mark Ingram II,NO,RB|W/R/T
13,10.0,Burrowing a Foxhole,Starter,Cincinnati Bengals,Cin,DEF
14,22.22,Burrowing a Foxhole,Starter,Joe Burrow,Cin,QB
14,3.5,Burrowing a Foxhole,Starter,Emmanuel Sanders,Buf,WR|W/R/T
14,17.5,Burrowing a Foxhole,Starter,Chase Claypool,Buf,WR|W/R/T
14,0.4,Burrowing a Foxhole,Starter,James Robinson,NO,RB|W/R/T
14,5.3,Burrowing a Foxhole,Starter,Ameer Abdullah,SF,RB|W/R/T
14,4.0,Burrowing a Foxhole,Starter,Tyler Conklin,LAC,TE|W/R/T
14,1.9,Burrowing a Foxhole,Starter,Courtland Sutton,Den,WR|W/R/T
14,21.4,Burrowing a Foxhole,Non-Starter,Robbie Chosen,SF,WR|W/R/T
14,0.0,Burrowing a Foxhole,Non-Starter,Jonathan Taylor,Ind,RB|W/R/T
14,14.04,Burrowing a Foxhole,Non-Starter,Kirk Cousins,Atl,QB
14,9.5,Burrowing a Foxhole,Starter,Cincinnati Bengals,Cin,DEF
