1,25.82,Han Monsturrrz,Starter,Tom Brady,TB,QB
1,2.9,Han Monsturrrz,Starter,Donald Driver,GB,WR
1,4.33,Han Monsturrrz,Starter,Drew Bennett,LAR,WR
1,4.23,Han Monsturrrz,Starter,Curtis Martin,NYJ,RB
1,0.93,Han Monsturrrz,Starter,Marshall Faulk,LAR,RB
1,9.5,Han Monsturrrz,Starter,Randy McMichael,LAC,TE
1,15.88,Han Monsturrrz,Non-Starter,Keyshawn Johnson,Car,WR
1,13.57,Han Monsturrrz,Non-Starter,Eli Manning,NYG,QB
1,1.48,Han Monsturrrz,Non-Starter,George Wrighster,Jax,TE
1,0.0,Han Monsturrrz,Non-Starter,Derrick Blaylock,NYJ,RB
1,1.0,Han Monsturrrz,Starter,Matt Stover,Ind,K
1,6.0,Han Monsturrrz,Non-Starter,Jay Feely,Chi,K
1,26.55,Han Monsturrrz,Starter,Buffalo Bills,Buf,DEF
1,25.7,Han Monsturrrz,Non-Starter,Indianapolis,Ind,DEF
2,13.78,Han Monsturrrz,Starter,Tom Brady,TB,QB
2,12.0,Han Monsturrrz,Starter,Donald Driver,GB,WR
2,3.1,Han Monsturrrz,Starter,Drew Bennett,LAR,WR
2,4.15,Han Monsturrrz,Starter,Curtis Martin,NYJ,RB
2,0.5,Han Monsturrrz,Starter,Moe Williams,Min,RB
2,10.85,Han Monsturrrz,Starter,Randy McMichael,LAC,TE
2,1.4,Han Monsturrrz,Non-Starter,Marshall Faulk,LAR,RB
2,1.55,Han Monsturrrz,Non-Starter,Keyshawn Johnson,Car,WR
2,13.93,Han Monsturrrz,Non-Starter,Eli Manning,NYG,QB
2,0.0,Han Monsturrrz,Non-Starter,George Wrighster,Jax,TE
2,4.0,Han Monsturrrz,Starter,Matt Stover,Ind,K
2,9.0,Han Monsturrrz,Non-Starter,Jay Feely,Chi,K
2,8.25,Han Monsturrrz,Starter,Buffalo Bills,Buf,DEF
2,16.15,Han Monsturrrz,Non-Starter,Indianapolis,Ind,DEF
3,27.82,Han Monsturrrz,Starter,Eli Manning,NYG,QB
3,12.33,Han Monsturrrz,Starter,Keyshawn Johnson,Car,WR
3,0.23,Han Monsturrrz,Starter,Donte' Stallworth,NE,WR
3,3.8,Han Monsturrrz,Starter,Curtis Martin,NYJ,RB
3,1.28,Han Monsturrrz,Starter,Lamar Gordon,Det,RB
3,7.03,Han Monsturrrz,Starter,Randy McMichael,LAC,TE
3,13.44,Han Monsturrrz,Non-Starter,Tom Brady,TB,QB
3,2.7,Han Monsturrrz,Non-Starter,Donald Driver,GB,WR
3,5.55,Han Monsturrrz,Non-Starter,Drew Bennett,LAR,WR
3,7.43,Han Monsturrrz,Non-Starter,Marshall Faulk,LAR,RB
3,12.0,Han Monsturrrz,Starter,Jay Feely,Chi,K
3,0.0,Han Monsturrrz,Non-Starter,Matt Stover,Ind,K
3,8.95,Han Monsturrrz,Starter,Buffalo Bills,Buf,DEF
3,14.55,Han Monsturrrz,Non-Starter,Indianapolis,Ind,DEF
4,14.06,Han Monsturrrz,Starter,Tom Brady,TB,QB
4,1.05,Han Monsturrrz,Starter,Keyshawn Johnson,Car,WR
4,7.75,Han Monsturrrz,Starter,Donte' Stallworth,NE,WR
4,2.63,Han Monsturrrz,Starter,Curtis Martin,NYJ,RB
4,2.6,Han Monsturrrz,Starter,Lamar Gordon,Det,RB
4,0.38,Han Monsturrrz,Starter,Ernie Conwell,NO,TE
4,36.57,Han Monsturrrz,Non-Starter,Eli Manning,NYG,QB
4,0.0,Han Monsturrrz,Non-Starter,Randy McMichael,LAC,TE
4,11.35,Han Monsturrrz,Non-Starter,Donald Driver,GB,WR
4,1.25,Han Monsturrrz,Non-Starter,Drew Bennett,LAR,WR
4,14.0,Han Monsturrrz,Starter,Jay Feely,Chi,K
4,8.0,Han Monsturrrz,Non-Starter,Matt Stover,Ind,K
4,13.2,Han Monsturrrz,Starter,Buffalo Bills,Buf,DEF
4,9.85,Han Monsturrrz,Non-Starter,Indianapolis,Ind,DEF
5,28.18,Han Monsturrrz,Starter,Tom Brady,TB,QB
5,0.43,Han Monsturrrz,Starter,Donte' Stallworth,NE,WR
5,3.03,Han Monsturrrz,Starter,Donald Driver,GB,WR
5,14.95,Han Monsturrrz,Starter,Curtis Martin,NYJ,RB
5,0.25,Han Monsturrrz,Starter,Lamar Gordon,Det,RB
5,7.63,Han Monsturrrz,Starter,Randy McMichael,LAC,TE
5,11.58,Han Monsturrrz,Non-Starter,Drew Bennett,LAR,WR
5,0.25,Han Monsturrrz,Non-Starter,Keyshawn Johnson,Car,WR
5,-1.43,Han Monsturrrz,Non-Starter,Ernie Conwell,NO,TE
5,0.0,Han Monsturrrz,Non-Starter,Eli Manning,NYG,QB
5,6.0,Han Monsturrrz,Starter,Matt Stover,Ind,K
5,0.0,Han Monsturrrz,Non-Starter,Jay Feely,Chi,K
5,33.8,Han Monsturrrz,Starter,Indianapolis,Ind,DEF
5,23.3,Han Monsturrrz,Non-Starter,Buffalo Bills,Buf,DEF
6,10.3,Han Monsturrrz,Starter,Eli Manning,NYG,QB
6,11.03,Han Monsturrrz,Starter,Donte' Stallworth,NE,WR
6,3.93,Han Monsturrrz,Starter,Drew Bennett,LAR,WR
6,13.8,Han Monsturrrz,Starter,Curtis Martin,NYJ,RB
6,9.55,Han Monsturrrz,Starter,Ronnie Brown,Hou,RB
6,1.38,Han Monsturrrz,Starter,Randy McMichael,LAC,TE
6,0.0,Han Monsturrrz,Non-Starter,Ladell Betts,NO,RB
6,21.33,Han Monsturrrz,Non-Starter,Tom Brady,TB,QB
6,0.0,Han Monsturrrz,Non-Starter,Lamar Gordon,Det,RB
6,0.0,Han Monsturrrz,Non-Starter,Donald Driver,GB,WR
6,4.0,Han Monsturrrz,Non-Starter,Keyshawn Johnson,Car,WR
6,10.0,Han Monsturrrz,Starter,Jay Feely,Chi,K
6,20.85,Han Monsturrrz,Starter,Buffalo Bills,Buf,DEF
6,14.65,Han Monsturrrz,Non-Starter,Indianapolis,Ind,DEF
7,21.41,Han Monsturrrz,Starter,Eli Manning,NYG,QB
7,6.1,Han Monsturrrz,Starter,Donte' Stallworth,NE,WR
7,12.7,Han Monsturrrz,Starter,Donald Driver,GB,WR
7,9.08,Han Monsturrrz,Starter,Curtis Martin,NYJ,RB
7,11.75,Han Monsturrrz,Starter,Ronnie Brown,Hou,RB
7,1.83,Han Monsturrrz,Starter,Randy McMichael,LAC,TE
7,0.0,Han Monsturrrz,Non-Starter,Drew Bennett,LAR,WR
7,4.88,Han Monsturrrz,Non-Starter,Ladell Betts,NO,RB
7,0.0,Han Monsturrrz,Non-Starter,Tom Brady,TB,QB
7,0.68,Han Monsturrrz,Non-Starter,Lamar Gordon,Det,RB
7,7.9,Han Monsturrrz,Non-Starter,Keyshawn Johnson,Car,WR
7,8.0,Han Monsturrrz,Starter,Jay Feely,Chi,K
7,21.45,Han Monsturrrz,Starter,Indianapolis,Ind,DEF
7,7.2,Han Monsturrrz,Non-Starter,Buffalo Bills,Buf,DEF
8,11.3,Han Monsturrrz,Starter,Eli Manning,NYG,QB
8,4.88,Han Monsturrrz,Starter,Donald Driver,GB,WR
8,9.45,Han Monsturrrz,Starter,Keyshawn Johnson,Car,WR
8,6.15,Han Monsturrrz,Starter,Ronnie Brown,Hou,RB
8,1.58,Han Monsturrrz,Starter,Lamar Gordon,Det,RB
8,1.38,Han Monsturrrz,Starter,Randy McMichael,LAC,TE
8,2.98,Han Monsturrrz,Non-Starter,Donte' Stallworth,NE,WR
8,0.0,Han Monsturrrz,Non-Starter,Curtis Martin,NYJ,RB
8,0.0,Han Monsturrrz,Non-Starter,Drew Bennett,LAR,WR
8,-0.28,Han Monsturrrz,Non-Starter,Ladell Betts,NO,RB
8,11.56,Han Monsturrrz,Non-Starter,Tom Brady,TB,QB
8,21.0,Han Monsturrrz,Starter,Jay Feely,Chi,K
8,12.85,Han Monsturrrz,Starter,Buffalo Bills,Buf,DEF
8,0.0,Han Monsturrrz,Non-Starter,Indianapolis,Ind,DEF
9,17.25,Han Monsturrrz,Starter,Eli Manning,NYG,QB
9,3.83,Han Monsturrrz,Starter,Donald Driver,GB,WR
9,8.23,Han Monsturrrz,Starter,Donte' Stallworth,NE,WR
9,4.15,Han Monsturrrz,Starter,Ronnie Brown,Hou,RB
9,9.6,Han Monsturrrz,Starter,Curtis Martin,NYJ,RB
9,1.43,Han Monsturrrz,Starter,Randy McMichael,LAC,TE
9,0.45,Han Monsturrrz,Non-Starter,Lamar Gordon,Det,RB
9,0.0,Han Monsturrrz,Non-Starter,Keyshawn Johnson,Car,WR
9,0.0,Han Monsturrrz,Non-Starter,Drew Bennett,LAR,WR
9,3.78,Han Monsturrrz,Non-Starter,Ladell Betts,NO,RB
9,30.13,Han Monsturrrz,Non-Starter,Tom Brady,TB,QB
9,6.0,Han Monsturrrz,Starter,Jay Feely,Chi,K
9,11.9,Han Monsturrrz,Starter,Indianapolis,Ind,DEF
9,0.0,Han Monsturrrz,Non-Starter,Buffalo Bills,Buf,DEF
10,9.9,Han Monsturrrz,Starter,Eli Manning,NYG,QB
10,6.95,Han Monsturrrz,Starter,Donald Driver,GB,WR
10,3.43,Han Monsturrrz,Starter,Keyshawn Johnson,Car,WR
10,5.1,Han Monsturrrz,Starter,Ronnie Brown,Hou,RB
10,1.18,Han Monsturrrz,Starter,Curtis Martin,NYJ,RB
10,1.93,Han Monsturrrz,Starter,Randy McMichael,LAC,TE
10,0.0,Han Monsturrrz,Non-Starter,Donte' Stallworth,NE,WR
10,2.85,Han Monsturrrz,Non-Starter,Lamar Gordon,Det,RB
10,0.0,Han Monsturrrz,Non-Starter,Drew Bennett,LAR,WR
10,18.88,Han Monsturrrz,Non-Starter,Ladell Betts,NO,RB
10,18.58,Han Monsturrrz,Non-Starter,Tom Brady,TB,QB
10,8.0,Han Monsturrrz,Starter,Jay Feely,Chi,K
10,8.45,Han Monsturrrz,Starter,Indianapolis,Ind,DEF
10,26.6,Han Monsturrrz,Non-Starter,Buffalo Bills,Buf,DEF
11,28.09,Han Monsturrrz,Starter,Eli Manning,NYG,QB
11,16.83,Han Monsturrrz,Starter,Donald Driver,GB,WR
11,2.48,Han Monsturrrz,Starter,Keyshawn Johnson,Car,WR
11,3.03,Han Monsturrrz,Starter,Ronnie Brown,Hou,RB
11,0.68,Han Monsturrrz,Starter,Curtis Martin,NYJ,RB
11,0.0,Han Monsturrrz,Starter,Randy McMichael,LAC,TE
11,16.55,Han Monsturrrz,Non-Starter,Donte' Stallworth,NE,WR
11,0.2,Han Monsturrrz,Non-Starter,Lamar Gordon,Det,RB
11,3.5,Han Monsturrrz,Non-Starter,Drew Bennett,LAR,WR
11,0.0,Han Monsturrrz,Non-Starter,Ladell Betts,NO,RB
11,25.19,Han Monsturrrz,Non-Starter,Tom Brady,TB,QB
11,9.0,Han Monsturrrz,Starter,Jay Feely,Chi,K
11,2.35,Han Monsturrrz,Starter,Indianapolis,Ind,DEF
11,5.95,Han Monsturrrz,Non-Starter,Buffalo Bills,Buf,DEF
12,7.46,Han Monsturrrz,Starter,Tom Brady,TB,QB
12,3.08,Han Monsturrrz,Starter,Donald Driver,GB,WR
12,9.03,Han Monsturrrz,Starter,Donte' Stallworth,NE,WR
12,4.3,Han Monsturrrz,Starter,Ronnie Brown,Hou,RB
12,5.33,Han Monsturrrz,Starter,Curtis Martin,NYJ,RB
12,9.45,Han Monsturrrz,Starter,Randy McMichael,LAC,TE
12,28.88,Han Monsturrrz,Non-Starter,Eli Manning,NYG,QB
12,9.7,Han Monsturrrz,Non-Starter,Keyshawn Johnson,Car,WR
12,-0.9,Han Monsturrrz,Non-Starter,Lamar Gordon,Det,RB
12,3.23,Han Monsturrrz,Non-Starter,Drew Bennett,LAR,WR
12,0.0,Han Monsturrrz,Non-Starter,Ladell Betts,NO,RB
12,8.0,Han Monsturrrz,Starter,Jay Feely,Chi,K
12,12.3,Han Monsturrrz,Starter,Buffalo Bills,Buf,DEF
12,15.5,Han Monsturrrz,Non-Starter,Indianapolis,Ind,DEF
13,2.42,Han Monsturrrz,Starter,Eli Manning,NYG,QB
13,4.2,Han Monsturrrz,Starter,Donald Driver,GB,WR
13,1.48,Han Monsturrrz,Starter,Donte' Stallworth,NE,WR
13,8.85,Han Monsturrrz,Starter,Ronnie Brown,Hou,RB
13,3.25,Han Monsturrrz,Starter,Curtis Martin,NYJ,RB
13,2.8,Han Monsturrrz,Starter,Randy McMichael,LAC,TE
13,14.37,Han Monsturrrz,Non-Starter,Tom Brady,TB,QB
13,1.05,Han Monsturrrz,Non-Starter,Keyshawn Johnson,Car,WR
13,0.0,Han Monsturrrz,Non-Starter,Lamar Gordon,Det,RB
13,2.6,Han Monsturrrz,Non-Starter,Drew Bennett,LAR,WR
13,0.0,Han Monsturrrz,Non-Starter,Ladell Betts,NO,RB
13,5.0,Han Monsturrrz,Starter,Jay Feely,Chi,K
13,23.4,Han Monsturrrz,Starter,Indianapolis,Ind,DEF
13,17.3,Han Monsturrrz,Non-Starter,Buffalo Bills,Buf,DEF
14,18.64,Han Monsturrrz,Starter,Eli Manning,NYG,QB
14,2.1,Han Monsturrrz,Starter,Donald Driver,GB,WR
14,2.78,Han Monsturrrz,Starter,Donte' Stallworth,NE,WR
14,-1.5,Han Monsturrrz,Starter,Ronnie Brown,Hou,RB
14,0.0,Han Monsturrrz,Starter,Curtis Martin,NYJ,RB
14,0.85,Han Monsturrrz,Starter,Randy McMichael,LAC,TE
14,27.81,Han Monsturrrz,Non-Starter,Tom Brady,TB,QB
14,2.13,Han Monsturrrz,Non-Starter,Keyshawn Johnson,Car,WR
14,0.85,Han Monsturrrz,Non-Starter,Lamar Gordon,Det,RB
14,1.0,Han Monsturrrz,Non-Starter,Drew Bennett,LAR,WR
14,0.18,Han Monsturrrz,Non-Starter,Ladell Betts,NO,RB
14,14.0,Han Monsturrrz,Starter,Jay Feely,Chi,K
14,13.6,Han Monsturrrz,Starter,Indianapolis,Ind,DEF
14,12.7,Han Monsturrrz,Non-Starter,Buffalo Bills,Buf,DEF
15,9.7,Han Monsturrrz,Starter,Eli Manning,NYG,QB
15,3.18,Han Monsturrrz,Starter,Donald Driver,GB,WR
15,11.73,Han Monsturrrz,Starter,Donte' Stallworth,NE,WR
15,3.05,Han Monsturrrz,Starter,Ronnie Brown,Hou,RB
15,5.2,Han Monsturrrz,Starter,Ladell Betts,NO,RB
15,2.6,Han Monsturrrz,Starter,Randy McMichael,LAC,TE
15,0.0,Han Monsturrrz,Non-Starter,Curtis Martin,NYJ,RB
15,29.84,Han Monsturrrz,Non-Starter,Tom Brady,TB,QB
15,1.25,Han Monsturrrz,Non-Starter,Keyshawn Johnson,Car,WR
15,-2.28,Han Monsturrrz,Non-Starter,Lamar Gordon,Det,RB
15,17.8,Han Monsturrrz,Non-Starter,Drew Bennett,LAR,WR
15,10.0,Han Monsturrrz,Starter,Jay Feely,Chi,K
15,18.85,Han Monsturrrz,Starter,Indianapolis,Ind,DEF
15,6.0,Han Monsturrrz,Non-Starter,Buffalo Bills,Buf,DEF
16,18.93,Han Monsturrrz,Starter,Tom Brady,TB,QB
16,6.1,Han Monsturrrz,Starter,Donald Driver,GB,WR
16,2.75,Han Monsturrrz,Starter,Donte' Stallworth,NE,WR
16,0.0,Han Monsturrrz,Starter,Ronnie Brown,Hou,RB
16,2.38,Han Monsturrrz,Starter,Ladell Betts,NO,RB
16,2.6,Han Monsturrrz,Starter,Randy McMichael,LAC,TE
16,16.53,Han Monsturrrz,Non-Starter,Eli Manning,NYG,QB
16,0.0,Han Monsturrrz,Non-Starter,Curtis Martin,NYJ,RB
16,5.2,Han Monsturrrz,Non-Starter,Keyshawn Johnson,Car,WR
16,0.0,Han Monsturrrz,Non-Starter,Lamar Gordon,Det,RB
16,10.0,Han Monsturrrz,Non-Starter,Drew Bennett,LAR,WR
16,9.0,Han Monsturrrz,Starter,Jay Feely,Chi,K
16,5.75,Han Monsturrrz,Starter,Indianapolis,Ind,DEF
16,37.7,Han Monsturrrz,Non-Starter,Buffalo Bills,Buf,DEF
1,-2.52,Deadskins,Starter,Daunte Culpepper,Det,QB
1,6.23,Deadskins,Starter,Chad Johnson,NE,WR
1,5.3,Deadskins,Starter,Santana Moss,Was,WR
1,6.05,Deadskins,Starter,Clinton Portis,Was,RB
1,8.5,Deadskins,Starter,Thomas Jones,KC,RB
1,2.68,Deadskins,Non-Starter,Chris Chambers,KC,WR
1,0.0,Deadskins,Non-Starter,Duce Staley,Pit,RB
1,25.12,Deadskins,Non-Starter,Drew Bledsoe,Dal,QB
1,0.0,Deadskins,Non-Starter,James Mungro,Ind,RB
1,13.28,Deadskins,Non-Starter,Courtney Anderson,Det,TE
1,11.0,Deadskins,Starter,Jeff Reed,Pit,K
1,13.0,Deadskins,Non-Starter,John Carney,NO,K
1,15.3,Deadskins,Starter,Washington Commanders,Was,DEF
1,11.0,Deadskins,Non-Starter,Dallas,Dal,DEF
2,5.47,Deadskins,Starter,Daunte Culpepper,Det,QB
2,13.83,Deadskins,Starter,Chad Johnson,NE,WR
2,20.58,Deadskins,Starter,Santana Moss,Was,WR
2,4.35,Deadskins,Starter,Clinton Portis,Was,RB
2,20.15,Deadskins,Starter,Thomas Jones,KC,RB
2,0.0,Deadskins,Starter,Courtney Anderson,Det,TE
2,1.83,Deadskins,Non-Starter,Chris Chambers,KC,WR
2,0.0,Deadskins,Non-Starter,Duce Staley,Pit,RB
2,18.6,Deadskins,Non-Starter,Drew Bledsoe,Dal,QB
2,2.75,Deadskins,Non-Starter,Darren Sproles,Phi,RB
2,9.0,Deadskins,Starter,Jeff Reed,Pit,K
2,4.0,Deadskins,Non-Starter,John Carney,NO,K
2,8.55,Deadskins,Starter,Washington Commanders,Was,DEF
2,18.15,Deadskins,Non-Starter,Dallas,Dal,DEF
3,32.0,Deadskins,Starter,Daunte Culpepper,Det,QB
3,16.18,Deadskins,Starter,Chad Johnson,NE,WR
3,11.4,Deadskins,Starter,Chris Chambers,KC,WR
3,12.33,Deadskins,Starter,Thomas Jones,KC,RB
3,0.0,Deadskins,Starter,Duce Staley,Pit,RB
3,5.63,Deadskins,Starter,Courtney Anderson,Det,TE
3,0.0,Deadskins,Non-Starter,Clinton Portis,Was,RB
3,0.0,Deadskins,Non-Starter,Santana Moss,Was,WR
3,29.26,Deadskins,Non-Starter,Drew Bledsoe,Dal,QB
3,4.65,Deadskins,Non-Starter,Darren Sproles,Phi,RB
3,8.0,Deadskins,Starter,Jeff Reed,Pit,K
3,4.0,Deadskins,Non-Starter,John Carney,NO,K
3,16.1,Deadskins,Starter,Dallas,Dal,DEF
3,0.0,Deadskins,Non-Starter,Washington Commanders,Was,DEF
4,9.63,Deadskins,Starter,Daunte Culpepper,Det,QB
4,4.23,Deadskins,Starter,Chad Johnson,NE,WR
4,5.1,Deadskins,Starter,Santana Moss,Was,WR
4,5.65,Deadskins,Starter,Clinton Portis,Was,RB
4,3.08,Deadskins,Starter,Darren Sproles,Phi,RB
4,1.85,Deadskins,Starter,Courtney Anderson,Det,TE
4,0.0,Deadskins,Non-Starter,Chris Chambers,KC,WR
4,0.0,Deadskins,Non-Starter,Thomas Jones,KC,RB
4,0.0,Deadskins,Non-Starter,Duce Staley,Pit,RB
4,12.22,Deadskins,Non-Starter,Drew Bledsoe,Dal,QB
4,14.0,Deadskins,Starter,John Carney,NO,K
4,0.0,Deadskins,Non-Starter,Jeff Reed,Pit,K
4,7.2,Deadskins,Starter,Washington Commanders,Was,DEF
4,5.1,Deadskins,Non-Starter,Dallas,Dal,DEF
5,31.86,Deadskins,Starter,Drew Bledsoe,Dal,QB
5,9.23,Deadskins,Starter,Chad Johnson,NE,WR
5,7.23,Deadskins,Starter,Santana Moss,Was,WR
5,6.75,Deadskins,Starter,Clinton Portis,Was,RB
5,7.35,Deadskins,Starter,Thomas Jones,KC,RB
5,0.0,Deadskins,Starter,Marcus Pollard,Atl,TE
5,0.0,Deadskins,Non-Starter,Courtney Anderson,Det,TE
5,0.0,Deadskins,Non-Starter,Daunte Culpepper,Det,QB
5,3.5,Deadskins,Non-Starter,Chris Chambers,KC,WR
5,0.0,Deadskins,Non-Starter,Duce Staley,Pit,RB
5,7.0,Deadskins,Starter,Jeff Reed,Pit,K
5,3.0,Deadskins,Non-Starter,John Carney,NO,K
5,6.45,Deadskins,Starter,Washington Commanders,Was,DEF
5,19.55,Deadskins,Non-Starter,Dallas,Dal,DEF
6,11.22,Deadskins,Starter,Drew Bledsoe,Dal,QB
6,13.75,Deadskins,Starter,Chad Johnson,NE,WR
6,21.9,Deadskins,Starter,Santana Moss,Was,WR
6,6.9,Deadskins,Starter,Clinton Portis,Was,RB
6,13.88,Deadskins,Starter,Thomas Jones,KC,RB
6,0.95,Deadskins,Starter,Courtney Anderson,Det,TE
6,8.69,Deadskins,Non-Starter,Daunte Culpepper,Det,QB
6,4.13,Deadskins,Non-Starter,Chris Chambers,KC,WR
6,0.0,Deadskins,Non-Starter,Duce Staley,Pit,RB
6,0.0,Deadskins,Non-Starter,Darren Sproles,Phi,RB
6,5.0,Deadskins,Starter,Jeff Reed,Pit,K
6,7.0,Deadskins,Non-Starter,John Carney,NO,K
6,25.5,Deadskins,Starter,Dallas,Dal,DEF
6,5.9,Deadskins,Non-Starter,Washington Commanders,Was,DEF
7,7.4,Deadskins,Starter,Drew Bledsoe,Dal,QB
7,5.2,Deadskins,Starter,Chad Johnson,NE,WR
7,12.38,Deadskins,Starter,Santana Moss,Was,WR
7,23.78,Deadskins,Starter,Clinton Portis,Was,RB
7,6.83,Deadskins,Starter,Thomas Jones,KC,RB
7,0.0,Deadskins,Starter,Courtney Anderson,Det,TE
7,26.4,Deadskins,Non-Starter,Daunte Culpepper,Det,QB
7,10.65,Deadskins,Non-Starter,Chris Chambers,KC,WR
7,2.23,Deadskins,Non-Starter,Darren Sproles,Phi,RB
7,3.55,Deadskins,Non-Starter,Jermaine Wiggins,Min,TE
7,9.0,Deadskins,Starter,Jeff Reed,Pit,K
7,5.0,Deadskins,Non-Starter,John Carney,NO,K
7,18.9,Deadskins,Starter,Washington Commanders,Was,DEF
7,19.55,Deadskins,Non-Starter,Dallas,Dal,DEF
8,2.34,Deadskins,Starter,Daunte Culpepper,Det,QB
8,4.13,Deadskins,Starter,Chad Johnson,NE,WR
8,-0.68,Deadskins,Starter,Santana Moss,Was,WR
8,1.48,Deadskins,Starter,Clinton Portis,Was,RB
8,2.23,Deadskins,Starter,Thomas Jones,KC,RB
8,2.18,Deadskins,Starter,Jermaine Wiggins,Min,TE
8,0.0,Deadskins,Non-Starter,Courtney Anderson,Det,TE
8,12.78,Deadskins,Non-Starter,Drew Bledsoe,Dal,QB
8,7.8,Deadskins,Non-Starter,Chris Chambers,KC,WR
8,2.98,Deadskins,Non-Starter,Darren Sproles,Phi,RB
8,9.0,Deadskins,Starter,Jeff Reed,Pit,K
8,7.0,Deadskins,Non-Starter,John Carney,NO,K
8,24.4,Deadskins,Starter,Dallas,Dal,DEF
8,3.9,Deadskins,Non-Starter,Washington Commanders,Was,DEF
9,16.3,Deadskins,Starter,Brad Johnson,Dal,QB
9,5.18,Deadskins,Starter,Chad Johnson,NE,WR
9,4.93,Deadskins,Starter,Santana Moss,Was,WR
9,10.13,Deadskins,Starter,Clinton Portis,Was,RB
9,1.83,Deadskins,Starter,Thomas Jones,KC,RB
9,0.68,Deadskins,Starter,Jermaine Wiggins,Min,TE
9,1.55,Deadskins,Non-Starter,Courtney Anderson,Det,TE
9,0.0,Deadskins,Non-Starter,Drew Bledsoe,Dal,QB
9,1.73,Deadskins,Non-Starter,Chris Chambers,KC,WR
9,3.83,Deadskins,Non-Starter,Darren Sproles,Phi,RB
9,8.0,Deadskins,Starter,Jeff Reed,Pit,K
9,5.0,Deadskins,Non-Starter,John Carney,NO,K
9,13.3,Deadskins,Starter,Washington Commanders,Was,DEF
9,0.0,Deadskins,Non-Starter,Dallas,Dal,DEF
10,12.35,Deadskins,Starter,Drew Bledsoe,Dal,QB
10,4.45,Deadskins,Starter,Santana Moss,Was,WR
10,16.2,Deadskins,Starter,Chris Chambers,KC,WR
10,15.9,Deadskins,Starter,Clinton Portis,Was,RB
10,2.5,Deadskins,Starter,Cedric Benson,GB,RB
10,2.85,Deadskins,Starter,Jermaine Wiggins,Min,TE
10,0.0,Deadskins,Non-Starter,Thomas Jones,KC,RB
10,9.01,Deadskins,Non-Starter,Brad Johnson,Dal,QB
10,0.0,Deadskins,Non-Starter,Chad Johnson,NE,WR
10,1.03,Deadskins,Non-Starter,Courtney Anderson,Det,TE
10,11.0,Deadskins,Starter,Jeff Reed,Pit,K
10,0.0,Deadskins,Non-Starter,John Carney,NO,K
10,17.4,Deadskins,Starter,Dallas,Dal,DEF
10,14.65,Deadskins,Non-Starter,Washington Commanders,Was,DEF
11,6.68,Deadskins,Starter,Drew Bledsoe,Dal,QB
11,3.23,Deadskins,Starter,Santana Moss,Was,WR
11,16.45,Deadskins,Starter,Chad Johnson,NE,WR
11,-1.58,Deadskins,Starter,Clinton Portis,Was,RB
11,4.35,Deadskins,Starter,Thomas Jones,KC,RB
11,4.23,Deadskins,Starter,Jermaine Wiggins,Min,TE
11,0.98,Deadskins,Non-Starter,Chris Chambers,KC,WR
11,4.57,Deadskins,Non-Starter,Brad Johnson,Dal,QB
11,1.0,Deadskins,Non-Starter,Courtney Anderson,Det,TE
11,0.43,Deadskins,Non-Starter,Mike Sellers,Was,RB
11,8.0,Deadskins,Starter,Jeff Reed,Pit,K
11,6.0,Deadskins,Non-Starter,John Carney,NO,K
11,11.3,Deadskins,Starter,Dallas,Dal,DEF
11,15.55,Deadskins,Non-Starter,Washington Commanders,Was,DEF
12,25.87,Deadskins,Starter,Drew Bledsoe,Dal,QB
12,9.6,Deadskins,Starter,Santana Moss,Was,WR
12,11.03,Deadskins,Starter,Chad Johnson,NE,WR
12,5.63,Deadskins,Starter,Clinton Portis,Was,RB
12,6.48,Deadskins,Starter,Thomas Jones,KC,RB
12,3.98,Deadskins,Starter,Jermaine Wiggins,Min,TE
12,6.05,Deadskins,Non-Starter,Chris Chambers,KC,WR
12,24.92,Deadskins,Non-Starter,Brad Johnson,Dal,QB
12,3.13,Deadskins,Non-Starter,Courtney Anderson,Det,TE
12,0.0,Deadskins,Non-Starter,Mike Sellers,Was,RB
12,1.0,Deadskins,Starter,Jeff Reed,Pit,K
12,3.0,Deadskins,Non-Starter,John Carney,NO,K
12,14.25,Deadskins,Starter,Dallas,Dal,DEF
12,14.1,Deadskins,Non-Starter,Washington Commanders,Was,DEF
13,3.62,Deadskins,Starter,Drew Bledsoe,Dal,QB
13,3.28,Deadskins,Starter,Santana Moss,Was,WR
13,3.33,Deadskins,Starter,Chad Johnson,NE,WR
13,19.1,Deadskins,Starter,Clinton Portis,Was,RB
13,4.65,Deadskins,Starter,Thomas Jones,KC,RB
13,0.0,Deadskins,Starter,Jermaine Wiggins,Min,TE
13,16.78,Deadskins,Non-Starter,Chris Chambers,KC,WR
13,22.52,Deadskins,Non-Starter,Brad Johnson,Dal,QB
13,6.93,Deadskins,Non-Starter,Courtney Anderson,Det,TE
13,0.0,Deadskins,Non-Starter,Mike Sellers,Was,RB
13,7.0,Deadskins,Starter,Jeff Reed,Pit,K
13,3.0,Deadskins,Non-Starter,John Carney,NO,K
13,17.0,Deadskins,Starter,Washington Commanders,Was,DEF
13,15.8,Deadskins,Non-Starter,Dallas,Dal,DEF
1,8.34,Kellen Knievel,Starter,Jake Delhomme,Hou,QB
1,1.85,Kellen Knievel,Starter,Javon Walker,LV,WR
1,1.1,Kellen Knievel,Starter,Ashley Lelie,LV,WR
1,10.63,Kellen Knievel,Starter,Priest Holmes,KC,RB
1,12.43,Kellen Knievel,Starter,Brian Westbrook,SF,RB
1,1.68,Kellen Knievel,Starter,Desmond Clark,Chi,TE
1,0.0,Kellen Knievel,Non-Starter,Dallas Clark,Bal,TE
1,18.18,Kellen Knievel,Non-Starter,Larry Johnson,Mia,RB
1,0.8,Kellen Knievel,Non-Starter,Keary Colbert,KC,WR
1,1.15,Kellen Knievel,Non-Starter,David Carr,NYG,QB
1,0.0,Kellen Knievel,Non-Starter,Ricky Williams,Bal,RB
1,3.88,Kellen Knievel,Non-Starter,Antonio Bryant,TB,WR
1,1.0,Kellen Knievel,Starter,Mike Nugent,Ari,K
1,12.15,Kellen Knievel,Starter,New England Patriots,NE,DEF
2,29.29,Kellen Knievel,Starter,Brett Favre,Min,QB
2,1.18,Kellen Knievel,Starter,Marty Booker,Atl,WR
2,3.85,Kellen Knievel,Starter,Ashley Lelie,LV,WR
2,10.88,Kellen Knievel,Starter,Priest Holmes,KC,RB
2,12.38,Kellen Knievel,Starter,Brian Westbrook,SF,RB
2,0.33,Kellen Knievel,Starter,Dallas Clark,Bal,TE
2,1.23,Kellen Knievel,Non-Starter,Brandon Lloyd,SF,WR
2,4.61,Kellen Knievel,Non-Starter,Jake Delhomme,Hou,QB
2,8.05,Kellen Knievel,Non-Starter,Larry Johnson,Mia,RB
2,0.0,Kellen Knievel,Non-Starter,Keary Colbert,KC,WR
2,0.0,Kellen Knievel,Non-Starter,Ricky Williams,Bal,RB
2,6.0,Kellen Knievel,Starter,Mike Nugent,Ari,K
2,16.3,Kellen Knievel,Starter,New England Patriots,NE,DEF
2,32.25,Kellen Knievel,Non-Starter,Tennessee,Ten,DEF
3,12.0,Kellen Knievel,Starter,Brett Favre,Min,QB
3,3.73,Kellen Knievel,Starter,Ashley Lelie,LV,WR
3,15.28,Kellen Knievel,Starter,Joey Galloway,Was,WR
3,5.03,Kellen Knievel,Starter,Priest Holmes,KC,RB
3,23.15,Kellen Knievel,Starter,Brian Westbrook,SF,RB
3,0.95,Kellen Knievel,Starter,Dallas Clark,Bal,TE
3,24.45,Kellen Knievel,Non-Starter,Jake Delhomme,Hou,QB
3,19.6,Kellen Knievel,Non-Starter,Brandon Lloyd,SF,WR
3,-2.35,Kellen Knievel,Non-Starter,Larry Johnson,Mia,RB
3,0.0,Kellen Knievel,Non-Starter,Keary Colbert,KC,WR
3,0.0,Kellen Knievel,Non-Starter,Ricky Williams,Bal,RB
3,8.0,Kellen Knievel,Starter,Mike Nugent,Ari,K
3,17.15,Kellen Knievel,Starter,New England Patriots,NE,DEF
3,26.45,Kellen Knievel,Non-Starter,Tennessee,Ten,DEF
4,18.1,Kellen Knievel,Starter,Jake Delhomme,Hou,QB
4,15.38,Kellen Knievel,Starter,Joey Galloway,Was,WR
4,2.98,Kellen Knievel,Starter,Brandon Lloyd,SF,WR
4,12.03,Kellen Knievel,Starter,Priest Holmes,KC,RB
4,7.48,Kellen Knievel,Starter,Mike Anderson,Bal,RB
4,1.63,Kellen Knievel,Starter,Jermaine Wiggins,Min,TE
4,38.04,Kellen Knievel,Non-Starter,Brett Favre,Min,QB
4,0.78,Kellen Knievel,Non-Starter,Ashley Lelie,LV,WR
4,-1.3,Kellen Knievel,Non-Starter,Larry Johnson,Mia,RB
4,0.0,Kellen Knievel,Non-Starter,Ricky Williams,Bal,RB
4,0.0,Kellen Knievel,Non-Starter,Hines Ward,Pit,WR
4,3.0,Kellen Knievel,Starter,Mike Nugent,Ari,K
4,3.55,Kellen Knievel,Starter,New England Patriots,NE,DEF
4,2.9,Kellen Knievel,Non-Starter,Tennessee,Ten,DEF
5,28.5,Kellen Knievel,Starter,Brett Favre,Min,QB
5,4.98,Kellen Knievel,Starter,Joey Galloway,Was,WR
5,4.9,Kellen Knievel,Starter,Hines Ward,Pit,WR
5,2.75,Kellen Knievel,Starter,Mike Anderson,Bal,RB
5,9.63,Kellen Knievel,Starter,Jerome Bettis,Pit,RB
5,2.18,Kellen Knievel,Starter,Dallas Clark,Bal,TE
5,0.0,Kellen Knievel,Non-Starter,Brandon Lloyd,SF,WR
5,19.69,Kellen Knievel,Non-Starter,Jake Delhomme,Hou,QB
5,0.0,Kellen Knievel,Non-Starter,Ricky Williams,Bal,RB
5,0.0,Kellen Knievel,Non-Starter,Priest Holmes,KC,RB
5,0.0,Kellen Knievel,Non-Starter,Larry Johnson,Mia,RB
5,4.0,Kellen Knievel,Starter,Todd France,Phi,K
5,20.8,Kellen Knievel,Starter,Cleveland Browns,Cle,DEF
5,3.55,Kellen Knievel,Non-Starter,New England Patriots,NE,DEF
6,12.97,Kellen Knievel,Starter,Jake Delhomme,Hou,QB
6,11.93,Kellen Knievel,Starter,Joey Galloway,Was,WR
6,0.0,Kellen Knievel,Starter,Hines Ward,Pit,WR
6,18.53,Kellen Knievel,Starter,Priest Holmes,KC,RB
6,0.2,Kellen Knievel,Starter,Jerome Bettis,Pit,RB
6,1.93,Kellen Knievel,Starter,Dallas Clark,Bal,TE
6,8.85,Kellen Knievel,Non-Starter,Mike Anderson,Bal,RB
6,0.0,Kellen Knievel,Non-Starter,Brett Favre,Min,QB
6,2.25,Kellen Knievel,Non-Starter,Ricky Williams,Bal,RB
6,2.88,Kellen Knievel,Non-Starter,Larry Johnson,Mia,RB
6,0.0,Kellen Knievel,Non-Starter,Shaun McDonald,Pit,WR
6,11.0,Kellen Knievel,Starter,Rian Lindell,TB,K
6,10.65,Kellen Knievel,Starter,Cleveland Browns,Cle,DEF
6,0.5,Kellen Knievel,Non-Starter,New England Patriots,NE,DEF
7,26.3,Kellen Knievel,Starter,Brett Favre,Min,QB
7,8.33,Kellen Knievel,Starter,Hines Ward,Pit,WR
7,2.23,Kellen Knievel,Starter,Nate Burleson,Det,WR
7,16.93,Kellen Knievel,Starter,Priest Holmes,KC,RB
7,2.8,Kellen Knievel,Starter,Jerome Bettis,Pit,RB
7,8.93,Kellen Knievel,Starter,Dallas Clark,Bal,TE
7,12.0,Kellen Knievel,Non-Starter,Mike Anderson,Bal,RB
7,0.0,Kellen Knievel,Non-Starter,Jake Delhomme,Hou,QB
7,0.0,Kellen Knievel,Non-Starter,Joey Galloway,Was,WR
7,-0.05,Kellen Knievel,Non-Starter,Ricky Williams,Bal,RB
7,12.08,Kellen Knievel,Non-Starter,Larry Johnson,Mia,RB
7,8.0,Kellen Knievel,Starter,Sebastian Janikowski,Sea,K
7,25.95,Kellen Knievel,Starter,Cleveland Browns,Cle,DEF
7,0.0,Kellen Knievel,Non-Starter,New England Patriots,NE,DEF
8,4.91,Kellen Knievel,Starter,Brett Favre,Min,QB
8,14.45,Kellen Knievel,Starter,Joey Galloway,Was,WR
8,4.75,Kellen Knievel,Starter,Hines Ward,Pit,WR
8,3.03,Kellen Knievel,Starter,Priest Holmes,KC,RB
8,1.1,Kellen Knievel,Starter,Jerome Bettis,Pit,RB
8,0.0,Kellen Knievel,Starter,Dallas Clark,Bal,TE
8,6.83,Kellen Knievel,Non-Starter,Antonio Chatman,Cin,WR
8,13.23,Kellen Knievel,Non-Starter,Mike Anderson,Bal,RB
8,31.3,Kellen Knievel,Non-Starter,Jake Delhomme,Hou,QB
8,4.1,Kellen Knievel,Non-Starter,Ricky Williams,Bal,RB
8,4.53,Kellen Knievel,Non-Starter,Larry Johnson,Mia,RB
8,10.0,Kellen Knievel,Starter,Sebastian Janikowski,Sea,K
8,12.95,Kellen Knievel,Starter,Cleveland Browns,Cle,DEF
8,14.85,Kellen Knievel,Non-Starter,New England Patriots,NE,DEF
9,5.16,Kellen Knievel,Starter,Brett Favre,Min,QB
9,10.78,Kellen Knievel,Starter,Joey Galloway,Was,WR
9,0.73,Kellen Knievel,Starter,Hines Ward,Pit,WR
9,20.13,Kellen Knievel,Starter,Larry Johnson,Mia,RB
9,8.6,Kellen Knievel,Starter,Ricky Williams,Bal,RB
9,0.33,Kellen Knievel,Starter,Dallas Clark,Bal,TE
9,0.0,Kellen Knievel,Non-Starter,Priest Holmes,KC,RB
9,13.95,Kellen Knievel,Non-Starter,Jake Delhomme,Hou,QB
9,4.3,Kellen Knievel,Non-Starter,Antonio Chatman,Cin,WR
9,0.0,Kellen Knievel,Non-Starter,Mike Anderson,Bal,RB
9,10.5,Kellen Knievel,Non-Starter,Duce Staley,Pit,RB
9,11.0,Kellen Knievel,Starter,Sebastian Janikowski,Sea,K
9,5.75,Kellen Knievel,Starter,Cleveland Browns,Cle,DEF
9,4.55,Kellen Knievel,Non-Starter,New England Patriots,NE,DEF
10,16.27,Kellen Knievel,Starter,Brett Favre,Min,QB
10,13.43,Kellen Knievel,Starter,Joey Galloway,Was,WR
10,5.0,Kellen Knievel,Starter,Brian Finneran,Atl,WR
10,9.53,Kellen Knievel,Starter,Larry Johnson,Mia,RB
10,9.25,Kellen Knievel,Starter,Mike Anderson,Bal,RB
10,2.85,Kellen Knievel,Starter,Marcus Pollard,Atl,TE
10,1.95,Kellen Knievel,Non-Starter,Antonio Chatman,Cin,WR
10,4.25,Kellen Knievel,Non-Starter,Duce Staley,Pit,RB
10,13.2,Kellen Knievel,Non-Starter,Hines Ward,Pit,WR
10,6.03,Kellen Knievel,Non-Starter,Jake Delhomme,Hou,QB
10,1.73,Kellen Knievel,Non-Starter,Ricky Williams,Bal,RB
10,6.0,Kellen Knievel,Starter,Sebastian Janikowski,Sea,K
10,9.95,Kellen Knievel,Starter,Cleveland Browns,Cle,DEF
10,12.0,Kellen Knievel,Non-Starter,New England Patriots,NE,DEF
11,17.17,Kellen Knievel,Starter,Brett Favre,Min,QB
11,0.0,Kellen Knievel,Starter,Joey Galloway,Was,WR
11,4.8,Kellen Knievel,Starter,Hines Ward,Pit,WR
11,22.98,Kellen Knievel,Starter,Larry Johnson,Mia,RB
11,24.83,Kellen Knievel,Starter,Mike Anderson,Bal,RB
11,0.5,Kellen Knievel,Starter,Marcus Pollard,Atl,TE
11,2.38,Kellen Knievel,Non-Starter,Brian Finneran,Atl,WR
11,6.6,Kellen Knievel,Non-Starter,Jake Delhomme,Hou,QB
11,4.15,Kellen Knievel,Non-Starter,Ricky Williams,Bal,RB
11,6.63,Kellen Knievel,Non-Starter,Mike Alstott,TB,RB
11,3.5,Kellen Knievel,Non-Starter,Antonio Bryant,TB,WR
11,10.0,Kellen Knievel,Starter,Sebastian Janikowski,Sea,K
11,4.95,Kellen Knievel,Starter,Los Angeles Rams,LAR,DEF
11,9.1,Kellen Knievel,Non-Starter,New England Patriots,NE,DEF
12,9.62,Kellen Knievel,Starter,Brett Favre,Min,QB
12,7.78,Kellen Knievel,Starter,Hines Ward,Pit,WR
12,0.88,Kellen Knievel,Starter,Matt Jones,Jax,WR
12,12.23,Kellen Knievel,Starter,Larry Johnson,Mia,RB
12,-0.9,Kellen Knievel,Starter,Mike Anderson,Bal,RB
12,1.58,Kellen Knievel,Starter,Marcus Pollard,Atl,TE
12,1.05,Kellen Knievel,Non-Starter,Antonio Bryant,TB,WR
12,7.78,Kellen Knievel,Non-Starter,Joey Galloway,Was,WR
12,12.65,Kellen Knievel,Non-Starter,Jake Delhomme,Hou,QB
12,11.0,Kellen Knievel,Non-Starter,Ricky Williams,Bal,RB
12,7.35,Kellen Knievel,Non-Starter,Mike Alstott,TB,RB
12,3.0,Kellen Knievel,Starter,Sebastian Janikowski,Sea,K
12,11.4,Kellen Knievel,Starter,Los Angeles Rams,LAR,DEF
12,11.8,Kellen Knievel,Non-Starter,New England Patriots,NE,DEF
13,15.85,Kellen Knievel,Starter,David Garrard,NYJ,QB
13,17.23,Kellen Knievel,Starter,Hines Ward,Pit,WR
13,10.38,Kellen Knievel,Starter,Joey Galloway,Was,WR
13,19.7,Kellen Knievel,Starter,Larry Johnson,Mia,RB
13,10.65,Kellen Knievel,Starter,Ricky Williams,Bal,RB
13,0.75,Kellen Knievel,Starter,Marcus Pollard,Atl,TE
13,17.83,Kellen Knievel,Non-Starter,Jake Delhomme,Hou,QB
13,17.28,Kellen Knievel,Non-Starter,Mike Anderson,Bal,RB
13,4.67,Kellen Knievel,Non-Starter,Brett Favre,Min,QB
13,3.53,Kellen Knievel,Non-Starter,Antonio Bryant,TB,WR
13,16.83,Kellen Knievel,Non-Starter,Michael Bennett,LV,RB
13,4.0,Kellen Knievel,Starter,Sebastian Janikowski,Sea,K
13,14.45,Kellen Knievel,Starter,New England Patriots,NE,DEF
13,6.6,Kellen Knievel,Non-Starter,Los Angeles Rams,LAR,DEF
14,4.25,Kellen Knievel,Starter,Brett Favre,Min,QB
14,2.45,Kellen Knievel,Starter,Joey Galloway,Was,WR
14,7.73,Kellen Knievel,Starter,Hines Ward,Pit,WR
14,26.93,Kellen Knievel,Starter,Larry Johnson,Mia,RB
14,1.5,Kellen Knievel,Starter,Mike Anderson,Bal,RB
14,0.9,Kellen Knievel,Starter,Marcus Pollard,Atl,TE
14,10.18,Kellen Knievel,Non-Starter,Koren Robinson,Sea,WR
14,24.58,Kellen Knievel,Non-Starter,David Garrard,NYJ,QB
14,-1.6,Kellen Knievel,Non-Starter,Ricky Williams,Bal,RB
14,14.45,Kellen Knievel,Non-Starter,Jake Delhomme,Hou,QB
14,2.9,Kellen Knievel,Non-Starter,Antonio Bryant,TB,WR
14,7.3,Kellen Knievel,Non-Starter,Michael Bennett,LV,RB
14,5.0,Kellen Knievel,Starter,Sebastian Janikowski,Sea,K
14,23.35,Kellen Knievel,Starter,New England Patriots,NE,DEF
15,19.3,Kellen Knievel,Starter,David Garrard,NYJ,QB
15,2.4,Kellen Knievel,Starter,Joey Galloway,Was,WR
15,0.8,Kellen Knievel,Starter,Hines Ward,Pit,WR
15,21.45,Kellen Knievel,Starter,Larry Johnson,Mia,RB
15,9.83,Kellen Knievel,Starter,Ricky Williams,Bal,RB
15,0.9,Kellen Knievel,Starter,Bo Scaife,Ten,TE
15,17.18,Kellen Knievel,Non-Starter,Mike Anderson,Bal,RB
15,13.87,Kellen Knievel,Non-Starter,Jake Delhomme,Hou,QB
15,2.48,Kellen Knievel,Non-Starter,Marcus Pollard,Atl,TE
15,2.26,Kellen Knievel,Non-Starter,Brett Favre,Min,QB
15,4.93,Kellen Knievel,Non-Starter,Antonio Bryant,TB,WR
15,2.03,Kellen Knievel,Non-Starter,Michael Bennett,LV,RB
15,1.0,Kellen Knievel,Starter,Sebastian Janikowski,Sea,K
15,22.55,Kellen Knievel,Starter,New England Patriots,NE,DEF
16,19.97,Kellen Knievel,Starter,David Garrard,NYJ,QB
16,5.85,Kellen Knievel,Starter,Joey Galloway,Was,WR
16,12.13,Kellen Knievel,Starter,Hines Ward,Pit,WR
16,21.45,Kellen Knievel,Starter,Larry Johnson,Mia,RB
16,14.88,Kellen Knievel,Starter,Ricky Williams,Bal,RB
16,0.0,Kellen Knievel,Starter,Kellen Winslow,NYJ,TE
16,2.95,Kellen Knievel,Non-Starter,Marcus Pollard,Atl,TE
16,9.55,Kellen Knievel,Non-Starter,Mike Anderson,Bal,RB
16,16.78,Kellen Knievel,Non-Starter,Jake Delhomme,Hou,QB
16,4.47,Kellen Knievel,Non-Starter,Brett Favre,Min,QB
16,3.0,Kellen Knievel,Non-Starter,Antonio Bryant,TB,WR
16,0.0,Kellen Knievel,Non-Starter,Doug Jolley,TB,TE
16,8.0,Kellen Knievel,Starter,Joe Nedney,SF,K
16,17.5,Kellen Knievel,Starter,New England Patriots,NE,DEF
1,19.1,Rurumon,Starter,Carson Palmer,Ari,QB
1,0.9,Rurumon,Starter,Roy Williams,Chi,WR
1,9.43,Rurumon,Starter,Isaac Bruce,SF,WR
1,11.93,Rurumon,Starter,Julius Jones,Sea,RB
1,1.63,Rurumon,Starter,Nick Goings,Car,RB
1,3.05,Rurumon,Starter,Tony Gonzalez,Atl,TE
1,6.75,Rurumon,Non-Starter,T.J. Duckett,Sea,RB
1,19.11,Rurumon,Non-Starter,Ben Roethlisberger,Pit,QB
1,5.48,Rurumon,Non-Starter,Joey Galloway,Was,WR
1,2.6,Rurumon,Non-Starter,Jimmy Kleinsasser,Min,TE
1,5.0,Rurumon,Starter,Ryan Longwell,Sea,K
1,5.0,Rurumon,Non-Starter,Jason Hanson,Det,K
1,7.45,Rurumon,Starter,Baltimore Ravens,Bal,DEF
1,14.65,Rurumon,Non-Starter,Cleveland Browns,Cle,DEF
2,30.27,Rurumon,Starter,Carson Palmer,Ari,QB
2,11.43,Rurumon,Starter,Roy Williams,Chi,WR
2,3.83,Rurumon,Starter,Isaac Bruce,SF,WR
2,5.75,Rurumon,Starter,Julius Jones,Sea,RB
2,6.9,Rurumon,Starter,T.J. Duckett,Sea,RB
2,2.83,Rurumon,Starter,Tony Gonzalez,Atl,TE
2,0.93,Rurumon,Non-Starter,Nick Goings,Car,RB
2,21.46,Rurumon,Non-Starter,Ben Roethlisberger,Pit,QB
2,0.0,Rurumon,Non-Starter,Joey Galloway,Was,WR
2,0.43,Rurumon,Non-Starter,Jimmy Kleinsasser,Min,TE
2,6.0,Rurumon,Starter,Ryan Longwell,Sea,K
2,0.0,Rurumon,Non-Starter,Jason Hanson,Det,K
2,9.05,Rurumon,Starter,Baltimore Ravens,Bal,DEF
2,10.45,Rurumon,Non-Starter,Cleveland Browns,Cle,DEF
3,26.11,Rurumon,Starter,Carson Palmer,Ari,QB
3,0.68,Rurumon,Starter,Isaac Bruce,SF,WR
3,2.65,Rurumon,Starter,Patrick Crayton,LAC,WR
3,15.15,Rurumon,Starter,Julius Jones,Sea,RB
3,9.75,Rurumon,Starter,T.J. Duckett,Sea,RB
3,2.08,Rurumon,Starter,Tony Gonzalez,Atl,TE
3,0.0,Rurumon,Non-Starter,Roy Williams,Chi,WR
3,0.0,Rurumon,Non-Starter,Nick Goings,Car,RB
3,22.17,Rurumon,Non-Starter,Ben Roethlisberger,Pit,QB
3,0.73,Rurumon,Non-Starter,Jimmy Kleinsasser,Min,TE
3,4.0,Rurumon,Starter,Ryan Longwell,Sea,K
3,0.0,Rurumon,Non-Starter,Jason Hanson,Det,K
3,11.45,Rurumon,Starter,Green Bay Packers,GB,DEF
3,0.0,Rurumon,Non-Starter,Baltimore Ravens,Bal,DEF
4,18.85,Rurumon,Starter,Carson Palmer,Ari,QB
4,0.0,Rurumon,Starter,Isaac Bruce,SF,WR
4,9.28,Rurumon,Starter,Patrick Crayton,LAC,WR
4,4.53,Rurumon,Starter,Julius Jones,Sea,RB
4,8.0,Rurumon,Starter,T.J. Duckett,Sea,RB
4,0.5,Rurumon,Starter,Tony Gonzalez,Atl,TE
4,3.08,Rurumon,Non-Starter,Roy Williams,Chi,WR
4,0.0,Rurumon,Non-Starter,Nick Goings,Car,RB
4,0.0,Rurumon,Non-Starter,Ben Roethlisberger,Pit,QB
4,0.9,Rurumon,Non-Starter,Jimmy Kleinsasser,Min,TE
4,1.0,Rurumon,Starter,Ryan Longwell,Sea,K
4,8.0,Rurumon,Non-Starter,Jason Hanson,Det,K
4,10.6,Rurumon,Starter,Green Bay Packers,GB,DEF
4,17.4,Rurumon,Non-Starter,Baltimore Ravens,Bal,DEF
5,20.71,Rurumon,Starter,Carson Palmer,Ari,QB
5,3.85,Rurumon,Starter,Patrick Crayton,LAC,WR
5,1.45,Rurumon,Starter,Roy Williams,Chi,WR
5,3.6,Rurumon,Starter,Julius Jones,Sea,RB
5,1.5,Rurumon,Starter,T.J. Duckett,Sea,RB
5,0.0,Rurumon,Starter,Daniel Wilcox,Bal,TE
5,0.0,Rurumon,Non-Starter,Tony Gonzalez,Atl,TE
5,0.0,Rurumon,Non-Starter,Isaac Bruce,SF,WR
5,0.0,Rurumon,Non-Starter,Nick Goings,Car,RB
5,19.63,Rurumon,Non-Starter,Ben Roethlisberger,Pit,QB
5,10.0,Rurumon,Starter,Ryan Longwell,Sea,K
5,5.0,Rurumon,Non-Starter,Jason Hanson,Det,K
5,6.0,Rurumon,Starter,Baltimore Ravens,Bal,DEF
5,40.35,Rurumon,Non-Starter,Green Bay Packers,GB,DEF
6,25.14,Rurumon,Starter,Carson Palmer,Ari,QB
6,3.05,Rurumon,Starter,Patrick Crayton,LAC,WR
6,0.0,Rurumon,Starter,Roy Williams,Chi,WR
6,0.0,Rurumon,Starter,Julius Jones,Sea,RB
6,0.25,Rurumon,Starter,T.J. Duckett,Sea,RB
6,0.9,Rurumon,Starter,Tony Gonzalez,Atl,TE
6,0.23,Rurumon,Non-Starter,Daniel Wilcox,Bal,TE
6,0.0,Rurumon,Non-Starter,Isaac Bruce,SF,WR
6,2.25,Rurumon,Non-Starter,Nick Goings,Car,RB
6,0.0,Rurumon,Non-Starter,Ben Roethlisberger,Pit,QB
6,0.0,Rurumon,Starter,Ryan Longwell,Sea,K
6,10.0,Rurumon,Non-Starter,Jason Hanson,Det,K
6,24.05,Rurumon,Starter,Baltimore Ravens,Bal,DEF
6,0.0,Rurumon,Non-Starter,Green Bay Packers,GB,DEF
7,12.07,Rurumon,Starter,Carson Palmer,Ari,QB
7,0.0,Rurumon,Starter,Patrick Crayton,LAC,WR
7,0.0,Rurumon,Starter,Roy Williams,Chi,WR
7,0.0,Rurumon,Starter,Julius Jones,Sea,RB
7,0.0,Rurumon,Starter,T.J. Duckett,Sea,RB
7,4.23,Rurumon,Starter,Tony Gonzalez,Atl,TE
7,0.65,Rurumon,Non-Starter,Daniel Wilcox,Bal,TE
7,0.0,Rurumon,Non-Starter,Isaac Bruce,SF,WR
7,0.0,Rurumon,Non-Starter,Nick Goings,Car,RB
7,13.49,Rurumon,Non-Starter,Ben Roethlisberger,Pit,QB
7,10.0,Rurumon,Starter,Ryan Longwell,Sea,K
7,10.0,Rurumon,Non-Starter,Jason Hanson,Det,K
7,11.5,Rurumon,Starter,Green Bay Packers,GB,DEF
7,9.75,Rurumon,Non-Starter,Baltimore Ravens,Bal,DEF
8,26.74,Rurumon,Starter,Carson Palmer,Ari,QB
8,0.0,Rurumon,Starter,Patrick Crayton,LAC,WR
8,0.0,Rurumon,Starter,Roy Williams,Chi,WR
8,0.0,Rurumon,Starter,Julius Jones,Sea,RB
8,1.0,Rurumon,Starter,Nick Goings,Car,RB
8,11.73,Rurumon,Starter,Tony Gonzalez,Atl,TE
8,0.0,Rurumon,Non-Starter,T.J. Duckett,Sea,RB
8,1.23,Rurumon,Non-Starter,Daniel Wilcox,Bal,TE
8,0.0,Rurumon,Non-Starter,Isaac Bruce,SF,WR
8,18.74,Rurumon,Non-Starter,Ben Roethlisberger,Pit,QB
8,2.0,Rurumon,Starter,Ryan Longwell,Sea,K
8,7.0,Rurumon,Non-Starter,Jason Hanson,Det,K
8,11.1,Rurumon,Starter,Green Bay Packers,GB,DEF
8,13.25,Rurumon,Non-Starter,Baltimore Ravens,Bal,DEF
9,22.29,Rurumon,Starter,Carson Palmer,Ari,QB
9,0.0,Rurumon,Starter,Patrick Crayton,LAC,WR
9,0.0,Rurumon,Starter,Roy Williams,Chi,WR
9,0.0,Rurumon,Starter,Julius Jones,Sea,RB
9,0.3,Rurumon,Starter,Nick Goings,Car,RB
9,4.13,Rurumon,Starter,Tony Gonzalez,Atl,TE
9,0.0,Rurumon,Non-Starter,T.J. Duckett,Sea,RB
9,1.05,Rurumon,Non-Starter,Daniel Wilcox,Bal,TE
9,0.0,Rurumon,Non-Starter,Isaac Bruce,SF,WR
9,0.0,Rurumon,Non-Starter,Ben Roethlisberger,Pit,QB
9,5.0,Rurumon,Starter,Ryan Longwell,Sea,K
9,2.0,Rurumon,Non-Starter,Jason Hanson,Det,K
9,14.35,Rurumon,Starter,Green Bay Packers,GB,DEF
9,9.2,Rurumon,Non-Starter,Baltimore Ravens,Bal,DEF
10,0.0,Rurumon,Starter,Carson Palmer,Ari,QB
10,0.0,Rurumon,Starter,Patrick Crayton,LAC,WR
10,24.73,Rurumon,Starter,Roy Williams,Chi,WR
10,1.08,Rurumon,Starter,Julius Jones,Sea,RB
10,0.0,Rurumon,Starter,Nick Goings,Car,RB
10,5.05,Rurumon,Starter,Tony Gonzalez,Atl,TE
10,3.15,Rurumon,Non-Starter,T.J. Duckett,Sea,RB
10,0.0,Rurumon,Non-Starter,Daniel Wilcox,Bal,TE
10,0.93,Rurumon,Non-Starter,Isaac Bruce,SF,WR
10,0.0,Rurumon,Non-Starter,Ben Roethlisberger,Pit,QB
10,20.0,Rurumon,Starter,Ryan Longwell,Sea,K
10,9.0,Rurumon,Non-Starter,Jason Hanson,Det,K
10,14.55,Rurumon,Starter,Green Bay Packers,GB,DEF
10,6.55,Rurumon,Non-Starter,Baltimore Ravens,Bal,DEF
11,23.63,Rurumon,Starter,Carson Palmer,Ari,QB
11,4.23,Rurumon,Starter,Roy Williams,Chi,WR
11,8.98,Rurumon,Starter,Ernest Wilford,Jax,WR
11,2.38,Rurumon,Starter,Julius Jones,Sea,RB
11,10.53,Rurumon,Starter,T.J. Duckett,Sea,RB
11,6.03,Rurumon,Starter,Tony Gonzalez,Atl,TE
11,0.0,Rurumon,Non-Starter,Patrick Crayton,LAC,WR
11,0.0,Rurumon,Non-Starter,Nick Goings,Car,RB
11,0.0,Rurumon,Non-Starter,Daniel Wilcox,Bal,TE
11,0.0,Rurumon,Non-Starter,Ben Roethlisberger,Pit,QB
11,6.0,Rurumon,Starter,Ryan Longwell,Sea,K
11,1.0,Rurumon,Non-Starter,Jason Hanson,Det,K
11,16.65,Rurumon,Starter,Green Bay Packers,GB,DEF
11,25.2,Rurumon,Non-Starter,Baltimore Ravens,Bal,DEF
12,30.24,Rurumon,Starter,Carson Palmer,Ari,QB
12,9.13,Rurumon,Starter,Roy Williams,Chi,WR
12,1.65,Rurumon,Starter,Ernest Wilford,Jax,WR
12,3.83,Rurumon,Starter,Julius Jones,Sea,RB
12,6.6,Rurumon,Starter,T.J. Duckett,Sea,RB
12,3.65,Rurumon,Starter,Tony Gonzalez,Atl,TE
12,0.0,Rurumon,Non-Starter,Patrick Crayton,LAC,WR
12,0.45,Rurumon,Non-Starter,Nick Goings,Car,RB
12,0.58,Rurumon,Non-Starter,Daniel Wilcox,Bal,TE
12,9.09,Rurumon,Non-Starter,Ben Roethlisberger,Pit,QB
12,2.0,Rurumon,Starter,Ryan Longwell,Sea,K
12,1.0,Rurumon,Non-Starter,Jason Hanson,Det,K
12,12.65,Rurumon,Starter,Green Bay Packers,GB,DEF
12,10.15,Rurumon,Non-Starter,Baltimore Ravens,Bal,DEF
13,29.89,Rurumon,Starter,Carson Palmer,Ari,QB
13,2.2,Rurumon,Starter,Roy Williams,Chi,WR
13,2.18,Rurumon,Starter,Ernest Wilford,Jax,WR
13,9.23,Rurumon,Starter,Julius Jones,Sea,RB
13,0.43,Rurumon,Starter,T.J. Duckett,Sea,RB
13,7.38,Rurumon,Starter,Tony Gonzalez,Atl,TE
13,0.1,Rurumon,Non-Starter,Patrick Crayton,LAC,WR
13,0.0,Rurumon,Non-Starter,Nick Goings,Car,RB
13,0.0,Rurumon,Non-Starter,Daniel Wilcox,Bal,TE
13,25.57,Rurumon,Non-Starter,Ben Roethlisberger,Pit,QB
13,1.0,Rurumon,Starter,Ryan Longwell,Sea,K
13,11.0,Rurumon,Non-Starter,Jason Hanson,Det,K
13,18.25,Rurumon,Starter,Green Bay Packers,GB,DEF
13,21.35,Rurumon,Non-Starter,Baltimore Ravens,Bal,DEF
1,10.77,Iggles,Starter,Donovan McNabb,Min,QB
1,1.45,Iggles,Starter,Hines Ward,Pit,WR
1,2.83,Iggles,Starter,Greg Lewis,Min,WR
1,3.18,Iggles,Starter,Ronnie Brown,Hou,RB
1,0.25,Iggles,Starter,Mike Anderson,Bal,RB
1,6.28,Iggles,Starter,Heath Miller,Pit,TE
1,21.42,Iggles,Non-Starter,Joey Harrington,NO,QB
1,0.0,Iggles,Non-Starter,Jabar Gaffney,Mia,WR
1,9.53,Iggles,Non-Starter,Marcus Pollard,Atl,TE
1,0.0,Iggles,Non-Starter,Patrick Pass,NYG,RB
1,5.0,Iggles,Starter,David Akers,Det,K
1,2.0,Iggles,Non-Starter,Sebastian Janikowski,Sea,K
1,17.8,Iggles,Starter,Philadelphia Eagles,Phi,DEF
1,7.35,Iggles,Non-Starter,Houston,Hou,DEF
2,40.34,Iggles,Starter,Donovan McNabb,Min,QB
2,8.45,Iggles,Starter,Greg Lewis,Min,WR
2,0.0,Iggles,Starter,Mike Williams,Sea,WR
2,2.13,Iggles,Starter,Ronnie Brown,Hou,RB
2,1.88,Iggles,Starter,Mike Anderson,Bal,RB
2,0.0,Iggles,Starter,Heath Miller,Pit,TE
2,1.62,Iggles,Non-Starter,Joey Harrington,NO,QB
2,16.95,Iggles,Non-Starter,Hines Ward,Pit,WR
2,1.8,Iggles,Non-Starter,Marcus Pollard,Atl,TE
2,0.0,Iggles,Non-Starter,Patrick Pass,NYG,RB
2,5.0,Iggles,Starter,David Akers,Det,K
2,5.0,Iggles,Non-Starter,Sebastian Janikowski,Sea,K
2,20.75,Iggles,Starter,Philadelphia Eagles,Phi,DEF
2,5.35,Iggles,Non-Starter,Houston,Hou,DEF
3,26.95,Iggles,Starter,Donovan McNabb,Min,QB
3,18.0,Iggles,Starter,Hines Ward,Pit,WR
3,4.65,Iggles,Starter,Greg Lewis,Min,WR
3,0.3,Iggles,Starter,Derrick Blaylock,NYJ,RB
3,-1.53,Iggles,Starter,Chris Perry,Cin,RB
3,0.33,Iggles,Starter,Alex Smith,Was,TE
3,10.9,Iggles,Non-Starter,Mike Anderson,Bal,RB
3,0.78,Iggles,Non-Starter,Heath Miller,Pit,TE
3,0.3,Iggles,Non-Starter,Ron Dayne,Hou,RB
3,13.73,Iggles,Non-Starter,Ronnie Brown,Hou,RB
3,0.0,Iggles,Non-Starter,Joey Harrington,NO,QB
3,16.0,Iggles,Starter,Neil Rackers,Hou,K
3,5.0,Iggles,Non-Starter,David Akers,Det,K
3,7.75,Iggles,Starter,Philadelphia Eagles,Phi,DEF
4,34.46,Iggles,Starter,Donovan McNabb,Min,QB
4,2.88,Iggles,Starter,Greg Lewis,Min,WR
4,0.73,Iggles,Starter,Michael Jenkins,Min,WR
4,2.38,Iggles,Starter,Marshall Faulk,LAR,RB
4,5.15,Iggles,Starter,Brian Westbrook,SF,RB
4,0.78,Iggles,Starter,Alex Smith,Was,TE
4,0.98,Iggles,Non-Starter,Joe Jerevicius,Cle,WR
4,0.0,Iggles,Non-Starter,Heath Miller,Pit,TE
4,0.0,Iggles,Non-Starter,Ronnie Brown,Hou,RB
4,8.59,Iggles,Non-Starter,Joey Harrington,NO,QB
4,23.0,Iggles,Starter,Neil Rackers,Hou,K
4,0.0,Iggles,Non-Starter,David Akers,Det,K
4,22.5,Iggles,Starter,Philadelphia Eagles,Phi,DEF
4,0.0,Iggles,Non-Starter,Cleveland Browns,Cle,DEF
5,7.6,Iggles,Starter,Donovan McNabb,Min,QB
5,2.18,Iggles,Starter,Greg Lewis,Min,WR
5,1.43,Iggles,Starter,Brandon Jones,SF,WR
5,2.18,Iggles,Starter,Brian Westbrook,SF,RB
5,3.55,Iggles,Starter,Ronnie Brown,Hou,RB
5,2.93,Iggles,Starter,Alex Smith,Was,TE
5,0.48,Iggles,Non-Starter,Mike Williams,Sea,WR
5,0.0,Iggles,Non-Starter,Marshall Faulk,LAR,RB
5,8.3,Iggles,Non-Starter,Heath Miller,Pit,TE
5,6.17,Iggles,Non-Starter,Joey Harrington,NO,QB
5,0.0,Iggles,Non-Starter,Dante Hall,LAR,WR
5,9.0,Iggles,Starter,Neil Rackers,Hou,K
5,18.65,Iggles,Starter,Tennessee,Ten,DEF
5,9.8,Iggles,Non-Starter,Philadelphia Eagles,Phi,DEF
6,13.96,Iggles,Starter,Anthony Wright,NYG,QB
6,2.85,Iggles,Starter,Dante Hall,LAR,WR
6,0.0,Iggles,Starter,Brian Finneran,Atl,WR
6,4.4,Iggles,Starter,Marshall Faulk,LAR,RB
6,3.15,Iggles,Starter,Tyson Thompson,Dal,RB
6,10.1,Iggles,Starter,Heath Miller,Pit,TE
6,0.25,Iggles,Non-Starter,Alex Smith,Was,TE
6,0.0,Iggles,Non-Starter,Donovan McNabb,Min,QB
6,0.0,Iggles,Non-Starter,Greg Lewis,Min,WR
6,0.0,Iggles,Non-Starter,Brian Westbrook,SF,RB
6,11.0,Iggles,Starter,Jose Cortez,Ind,K
6,0.0,Iggles,Non-Starter,Neil Rackers,Hou,K
6,7.55,Iggles,Starter,Tennessee,Ten,DEF
6,0.0,Iggles,Non-Starter,Philadelphia Eagles,Phi,DEF
7,16.82,Iggles,Starter,Donovan McNabb,Min,QB
7,2.4,Iggles,Starter,Brandon Lloyd,SF,WR
7,5.68,Iggles,Starter,Doug Gabriel,NE,WR
7,6.25,Iggles,Starter,Brian Westbrook,SF,RB
7,1.23,Iggles,Starter,Chester Taylor,Ari,RB
7,9.65,Iggles,Starter,Heath Miller,Pit,TE
7,2.0,Iggles,Non-Starter,Greg Lewis,Min,WR
7,4.43,Iggles,Non-Starter,Dante Hall,LAR,WR
7,10.08,Iggles,Non-Starter,Anthony Wright,NYG,QB
7,2.48,Iggles,Non-Starter,Marshall Faulk,LAR,RB
7,8.0,Iggles,Starter,Neil Rackers,Hou,K
7,4.0,Iggles,Non-Starter,Jose Cortez,Ind,K
7,14.8,Iggles,Starter,Tennessee,Ten,DEF
7,24.3,Iggles,Non-Starter,Philadelphia Eagles,Phi,DEF
8,24.06,Iggles,Starter,Donovan McNabb,Min,QB
8,0.0,Iggles,Starter,Az-Zahir Hakim,LAC,WR
8,5.4,Iggles,Starter,Antonio Bryant,TB,WR
8,11.7,Iggles,Starter,Brian Westbrook,SF,RB
8,19.35,Iggles,Starter,Marion Barber,Chi,RB
8,13.28,Iggles,Starter,Heath Miller,Pit,TE
8,0.53,Iggles,Non-Starter,Doug Gabriel,NE,WR
8,9.83,Iggles,Non-Starter,Chester Taylor,Ari,RB
8,4.93,Iggles,Non-Starter,Dante Hall,LAR,WR
8,13.77,Iggles,Non-Starter,Anthony Wright,NYG,QB
8,1.78,Iggles,Non-Starter,Frank Gore,NYJ,RB
8,10.0,Iggles,Starter,Neil Rackers,Hou,K
8,2.8,Iggles,Starter,Philadelphia Eagles,Phi,DEF
8,12.4,Iggles,Non-Starter,Tennessee,Ten,DEF
9,16.81,Iggles,Starter,Donovan McNabb,Min,QB
9,4.33,Iggles,Starter,Antonio Bryant,TB,WR
9,10.28,Iggles,Starter,Jerry Porter,Jax,WR
9,4.45,Iggles,Starter,Brian Westbrook,SF,RB
9,2.38,Iggles,Starter,Chester Taylor,Ari,RB
9,0.8,Iggles,Starter,Heath Miller,Pit,TE
9,4.79,Iggles,Non-Starter,Kyle Orton,Buf,QB
9,0.0,Iggles,Non-Starter,Marion Barber,Chi,RB
9,4.3,Iggles,Non-Starter,Dante Hall,LAR,WR
9,1.93,Iggles,Non-Starter,Frank Gore,NYJ,RB
9,11.33,Iggles,Non-Starter,Reggie Brown,Phi,WR
9,16.0,Iggles,Starter,Neil Rackers,Hou,K
9,10.1,Iggles,Starter,Philadelphia Eagles,Phi,DEF
9,12.35,Iggles,Non-Starter,Tennessee,Ten,DEF
10,14.11,Iggles,Starter,Donovan McNabb,Min,QB
10,1.73,Iggles,Starter,Jerry Porter,Jax,WR
10,1.13,Iggles,Starter,Reggie Brown,Phi,WR
10,13.33,Iggles,Starter,Brian Westbrook,SF,RB
10,8.68,Iggles,Starter,Marion Barber,Chi,RB
10,0.0,Iggles,Starter,Heath Miller,Pit,TE
10,2.9,Iggles,Non-Starter,Dante Hall,LAR,WR
10,0.0,Iggles,Non-Starter,Chester Taylor,Ari,RB
10,7.73,Iggles,Non-Starter,Antonio Bryant,TB,WR
10,0.82,Iggles,Non-Starter,Kyle Orton,Buf,QB
10,3.0,Iggles,Non-Starter,Frank Gore,NYJ,RB
10,9.0,Iggles,Starter,Neil Rackers,Hou,K
10,13.7,Iggles,Starter,Philadelphia Eagles,Phi,DEF
10,0.0,Iggles,Non-Starter,Tennessee,Ten,DEF
11,23.64,Iggles,Starter,Mike McMahon,Phi,QB
11,13.85,Iggles,Starter,Jerry Porter,Jax,WR
11,2.25,Iggles,Starter,Brandon Stokley,Bal,WR
11,6.85,Iggles,Starter,Brian Westbrook,SF,RB
11,0.0,Iggles,Starter,Jerome Bettis,Pit,RB
11,0.58,Iggles,Starter,Bubba Franks,NYJ,TE
11,2.48,Iggles,Non-Starter,Heath Miller,Pit,TE
11,10.78,Iggles,Non-Starter,Reggie Brown,Phi,WR
11,14.65,Iggles,Non-Starter,Marion Barber,Chi,RB
11,0.0,Iggles,Non-Starter,Donovan McNabb,Min,QB
11,10.75,Iggles,Non-Starter,Kyle Orton,Buf,QB
11,14.0,Iggles,Starter,Neil Rackers,Hou,K
11,9.65,Iggles,Starter,Philadelphia Eagles,Phi,DEF
11,18.3,Iggles,Non-Starter,Tennessee,Ten,DEF
12,7.92,Iggles,Starter,Mike McMahon,Phi,QB
12,3.23,Iggles,Starter,Jerry Porter,Jax,WR
12,11.2,Iggles,Starter,Isaac Bruce,SF,WR
12,13.55,Iggles,Starter,Brian Westbrook,SF,RB
12,1.43,Iggles,Starter,Marion Barber,Chi,RB
12,1.8,Iggles,Starter,Heath Miller,Pit,TE
12,0.0,Iggles,Non-Starter,Reggie Brown,Phi,WR
12,0.0,Iggles,Non-Starter,Bubba Franks,NYJ,TE
12,0.53,Iggles,Non-Starter,Brandon Stokley,Bal,WR
12,11.88,Iggles,Non-Starter,Kyle Orton,Buf,QB
12,1.5,Iggles,Non-Starter,Roddy White,Atl,WR
12,6.0,Iggles,Starter,Neil Rackers,Hou,K
12,17.9,Iggles,Starter,Tennessee,Ten,DEF
12,21.95,Iggles,Non-Starter,Philadelphia Eagles,Phi,DEF
13,7.45,Iggles,Starter,David Carr,NYG,QB
13,3.25,Iggles,Starter,Jerry Porter,Jax,WR
13,2.15,Iggles,Starter,Isaac Bruce,SF,WR
13,3.38,Iggles,Starter,Brian Westbrook,SF,RB
13,0.4,Iggles,Starter,Marion Barber,Chi,RB
13,2.58,Iggles,Starter,Heath Miller,Pit,TE
13,-1.77,Iggles,Non-Starter,Kyle Orton,Buf,QB
13,-2.33,Iggles,Non-Starter,Mike McMahon,Phi,QB
13,1.73,Iggles,Non-Starter,Reggie Brown,Phi,WR
13,2.13,Iggles,Non-Starter,Roddy White,Atl,WR
13,3.0,Iggles,Starter,Rian Lindell,TB,K
13,0.0,Iggles,Non-Starter,Neil Rackers,Hou,K
13,10.25,Iggles,Starter,Philadelphia Eagles,Phi,DEF
13,8.35,Iggles,Non-Starter,Tennessee,Ten,DEF
14,13.7,Iggles,Starter,David Carr,NYG,QB
14,8.3,Iggles,Starter,Jerry Porter,Jax,WR
14,3.93,Iggles,Starter,Isaac Bruce,SF,WR
14,5.0,Iggles,Starter,Kevin Faulk,NE,RB
14,17.05,Iggles,Starter,Jerome Bettis,Pit,RB
14,0.0,Iggles,Starter,Heath Miller,Pit,TE
14,5.95,Iggles,Non-Starter,Marion Barber,Chi,RB
14,0.0,Iggles,Non-Starter,Brian Westbrook,SF,RB
14,6.65,Iggles,Non-Starter,Mike McMahon,Phi,QB
14,9.15,Iggles,Non-Starter,Roddy White,Atl,WR
14,7.0,Iggles,Starter,Rob Bironas,Ten,K
14,8.0,Iggles,Non-Starter,Neil Rackers,Hou,K
14,27.25,Iggles,Starter,Tennessee,Ten,DEF
14,16.5,Iggles,Non-Starter,Philadelphia Eagles,Phi,DEF
15,5.14,Iggles,Starter,Charlie Frye,LV,QB
15,2.3,Iggles,Starter,Jerry Porter,Jax,WR
15,1.05,Iggles,Starter,Isaac Bruce,SF,WR
15,9.9,Iggles,Starter,Ryan Moats,Hou,RB
15,3.3,Iggles,Starter,Marion Barber,Chi,RB
15,3.15,Iggles,Starter,Heath Miller,Pit,TE
15,3.98,Iggles,Non-Starter,David Carr,NYG,QB
15,0.95,Iggles,Non-Starter,David Martin,Buf,TE
15,0.8,Iggles,Non-Starter,Jerome Bettis,Pit,RB
15,1.08,Iggles,Non-Starter,Roddy White,Atl,WR
15,8.0,Iggles,Starter,Neil Rackers,Hou,K
15,6.0,Iggles,Non-Starter,Rob Bironas,Ten,K
15,13.0,Iggles,Starter,Philadelphia Eagles,Phi,DEF
15,4.05,Iggles,Non-Starter,Tennessee,Ten,DEF
16,8.49,Iggles,Starter,Charlie Frye,LV,QB
16,1.95,Iggles,Starter,Jerry Porter,Jax,WR
16,4.4,Iggles,Starter,Isaac Bruce,SF,WR
16,0.65,Iggles,Starter,Ryan Moats,Hou,RB
16,1.38,Iggles,Starter,Marion Barber,Chi,RB
16,1.18,Iggles,Starter,Heath Miller,Pit,TE
16,21.25,Iggles,Non-Starter,David Carr,NYG,QB
16,0.53,Iggles,Non-Starter,David Martin,Buf,TE
16,7.2,Iggles,Non-Starter,Jerome Bettis,Pit,RB
16,1.93,Iggles,Non-Starter,Roddy White,Atl,WR
16,9.0,Iggles,Starter,Neil Rackers,Hou,K
16,4.0,Iggles,Non-Starter,Rob Bironas,Ten,K
16,16.25,Iggles,Starter,Philadelphia Eagles,Phi,DEF
16,12.15,Iggles,Non-Starter,Tennessee,Ten,DEF
1,7.69,blitzburgh steelers,Starter,Aaron Brooks,LV,QB
1,3.93,blitzburgh steelers,Starter,Joe Horn,Atl,WR
1,11.0,blitzburgh steelers,Starter,Antwaan Randle El,Pit,WR
1,6.08,blitzburgh steelers,Starter,Edgerrin James,Sea,RB
1,13.15,blitzburgh steelers,Starter,Rudi Johnson,Det,RB
1,4.23,blitzburgh steelers,Starter,Jeb Putzier,Sea,TE
1,19.38,blitzburgh steelers,Non-Starter,Jimmy Smith,Jax,WR
1,10.43,blitzburgh steelers,Non-Starter,Plaxico Burress,Pit,WR
1,23.49,blitzburgh steelers,Non-Starter,Byron Leftwich,Pit,QB
1,0.58,blitzburgh steelers,Non-Starter,Troy Williamson,Jax,WR
1,16.58,blitzburgh steelers,Non-Starter,Willie Parker,Pit,RB
1,6.0,blitzburgh steelers,Starter,Nate Kaeding,LAC,K
1,7.45,blitzburgh steelers,Starter,Los Angeles Rams,LAR,DEF
1,19.95,blitzburgh steelers,Non-Starter,Kansas City,KC,DEF
2,11.0,blitzburgh steelers,Starter,Aaron Brooks,LV,QB
2,11.28,blitzburgh steelers,Starter,Joe Horn,Atl,WR
2,2.83,blitzburgh steelers,Starter,Jimmy Smith,Jax,WR
2,8.85,blitzburgh steelers,Starter,Edgerrin James,Sea,RB
2,4.78,blitzburgh steelers,Starter,Rudi Johnson,Det,RB
2,0.93,blitzburgh steelers,Starter,Jeb Putzier,Sea,TE
2,10.14,blitzburgh steelers,Non-Starter,Byron Leftwich,Pit,QB
2,4.38,blitzburgh steelers,Non-Starter,Antwaan Randle El,Pit,WR
2,3.83,blitzburgh steelers,Non-Starter,Plaxico Burress,Pit,WR
2,4.1,blitzburgh steelers,Non-Starter,Troy Williamson,Jax,WR
2,11.55,blitzburgh steelers,Non-Starter,Willie Parker,Pit,RB
2,6.0,blitzburgh steelers,Starter,Nate Kaeding,LAC,K
2,16.4,blitzburgh steelers,Starter,Kansas City,KC,DEF
2,16.95,blitzburgh steelers,Non-Starter,Los Angeles Rams,LAR,DEF
3,10.93,blitzburgh steelers,Starter,Aaron Brooks,LV,QB
3,0.68,blitzburgh steelers,Starter,Joe Horn,Atl,WR
3,8.3,blitzburgh steelers,Starter,Jimmy Smith,Jax,WR
3,13.1,blitzburgh steelers,Starter,Edgerrin James,Sea,RB
3,2.58,blitzburgh steelers,Starter,Willie Parker,Pit,RB
3,0.0,blitzburgh steelers,Starter,Jeb Putzier,Sea,TE
3,4.35,blitzburgh steelers,Non-Starter,Rudi Johnson,Det,RB
3,15.02,blitzburgh steelers,Non-Starter,Byron Leftwich,Pit,QB
3,0.55,blitzburgh steelers,Non-Starter,Antwaan Randle El,Pit,WR
3,9.23,blitzburgh steelers,Non-Starter,Plaxico Burress,Pit,WR
3,10.53,blitzburgh steelers,Non-Starter,Troy Williamson,Jax,WR
3,10.0,blitzburgh steelers,Starter,Nate Kaeding,LAC,K
3,3.75,blitzburgh steelers,Starter,Kansas City,KC,DEF
3,20.75,blitzburgh steelers,Non-Starter,Los Angeles Rams,LAR,DEF
4,8.7,blitzburgh steelers,Starter,Byron Leftwich,Pit,QB
4,0.0,blitzburgh steelers,Starter,Joe Horn,Atl,WR
4,12.08,blitzburgh steelers,Starter,Jimmy Smith,Jax,WR
4,11.35,blitzburgh steelers,Starter,Edgerrin James,Sea,RB
4,4.4,blitzburgh steelers,Starter,Rudi Johnson,Det,RB
4,1.0,blitzburgh steelers,Starter,Jeb Putzier,Sea,TE
4,16.22,blitzburgh steelers,Non-Starter,Aaron Brooks,LV,QB
4,0.0,blitzburgh steelers,Non-Starter,Willie Parker,Pit,RB
4,0.0,blitzburgh steelers,Non-Starter,Antwaan Randle El,Pit,WR
4,23.45,blitzburgh steelers,Non-Starter,Plaxico Burress,Pit,WR
4,8.45,blitzburgh steelers,Non-Starter,Troy Williamson,Jax,WR
4,12.0,blitzburgh steelers,Starter,Nate Kaeding,LAC,K
4,2.6,blitzburgh steelers,Starter,Los Angeles Rams,LAR,DEF
4,26.7,blitzburgh steelers,Non-Starter,Kansas City,KC,DEF
5,2.4,blitzburgh steelers,Starter,Aaron Brooks,LV,QB
5,0.0,blitzburgh steelers,Starter,Joe Horn,Atl,WR
5,2.53,blitzburgh steelers,Starter,Jimmy Smith,Jax,WR
5,10.85,blitzburgh steelers,Starter,Edgerrin James,Sea,RB
5,4.4,blitzburgh steelers,Starter,Rudi Johnson,Det,RB
5,0.0,blitzburgh steelers,Starter,Dwayne Carswell,Den,TE
5,19.47,blitzburgh steelers,Non-Starter,Byron Leftwich,Pit,QB
5,2.13,blitzburgh steelers,Non-Starter,Willie Parker,Pit,RB
5,3.23,blitzburgh steelers,Non-Starter,Antwaan Randle El,Pit,WR
5,0.0,blitzburgh steelers,Non-Starter,Plaxico Burress,Pit,WR
5,0.0,blitzburgh steelers,Non-Starter,Troy Williamson,Jax,WR
5,11.0,blitzburgh steelers,Starter,Nate Kaeding,LAC,K
5,17.4,blitzburgh steelers,Starter,Los Angeles Rams,LAR,DEF
5,0.0,blitzburgh steelers,Non-Starter,Kansas City,KC,DEF
6,22.46,blitzburgh steelers,Starter,Aaron Brooks,LV,QB
6,0.0,blitzburgh steelers,Starter,Joe Horn,Atl,WR
6,0.38,blitzburgh steelers,Starter,Plaxico Burress,Pit,WR
6,26.33,blitzburgh steelers,Starter,Edgerrin James,Sea,RB
6,10.28,blitzburgh steelers,Starter,Rudi Johnson,Det,RB
6,0.0,blitzburgh steelers,Starter,Dwayne Carswell,Den,TE
6,1.98,blitzburgh steelers,Non-Starter,Jimmy Smith,Jax,WR
6,13.34,blitzburgh steelers,Non-Starter,Byron Leftwich,Pit,QB
6,2.75,blitzburgh steelers,Non-Starter,Willie Parker,Pit,RB
6,10.08,blitzburgh steelers,Non-Starter,Antwaan Randle El,Pit,WR
6,2.25,blitzburgh steelers,Non-Starter,Troy Williamson,Jax,WR
6,9.0,blitzburgh steelers,Starter,Nate Kaeding,LAC,K
6,21.7,blitzburgh steelers,Starter,Kansas City,KC,DEF
6,5.55,blitzburgh steelers,Non-Starter,Los Angeles Rams,LAR,DEF
7,22.13,blitzburgh steelers,Starter,Aaron Brooks,LV,QB
7,10.95,blitzburgh steelers,Starter,Plaxico Burress,Pit,WR
7,0.5,blitzburgh steelers,Starter,Antwaan Randle El,Pit,WR
7,19.48,blitzburgh steelers,Starter,Edgerrin James,Sea,RB
7,3.55,blitzburgh steelers,Starter,Rudi Johnson,Det,RB
7,0.0,blitzburgh steelers,Starter,Dwayne Carswell,Den,TE
7,0.0,blitzburgh steelers,Non-Starter,Joe Horn,Atl,WR
7,0.0,blitzburgh steelers,Non-Starter,Jimmy Smith,Jax,WR
7,0.0,blitzburgh steelers,Non-Starter,Byron Leftwich,Pit,QB
7,12.55,blitzburgh steelers,Non-Starter,Willie Parker,Pit,RB
7,0.78,blitzburgh steelers,Non-Starter,Troy Williamson,Jax,WR
7,5.0,blitzburgh steelers,Starter,Nate Kaeding,LAC,K
7,10.2,blitzburgh steelers,Starter,Kansas City,KC,DEF
7,23.6,blitzburgh steelers,Non-Starter,Los Angeles Rams,LAR,DEF
8,7.95,blitzburgh steelers,Starter,Aaron Brooks,LV,QB
8,2.6,blitzburgh steelers,Starter,Plaxico Burress,Pit,WR
8,1.6,blitzburgh steelers,Starter,Jimmy Smith,Jax,WR
8,3.73,blitzburgh steelers,Starter,Rudi Johnson,Det,RB
8,4.3,blitzburgh steelers,Starter,Willie Parker,Pit,RB
8,0.0,blitzburgh steelers,Starter,Dwayne Carswell,Den,TE
8,2.18,blitzburgh steelers,Non-Starter,Antwaan Randle El,Pit,WR
8,0.0,blitzburgh steelers,Non-Starter,Edgerrin James,Sea,RB
8,5.83,blitzburgh steelers,Non-Starter,Joe Horn,Atl,WR
8,19.84,blitzburgh steelers,Non-Starter,Byron Leftwich,Pit,QB
8,3.33,blitzburgh steelers,Non-Starter,Troy Williamson,Jax,WR
8,4.0,blitzburgh steelers,Starter,Nate Kaeding,LAC,K
8,9.75,blitzburgh steelers,Starter,Kansas City,KC,DEF
8,18.3,blitzburgh steelers,Non-Starter,Los Angeles Rams,LAR,DEF
9,14.35,blitzburgh steelers,Starter,Aaron Brooks,LV,QB
9,4.58,blitzburgh steelers,Starter,Plaxico Burress,Pit,WR
9,3.1,blitzburgh steelers,Starter,Jimmy Smith,Jax,WR
9,11.73,blitzburgh steelers,Starter,Rudi Johnson,Det,RB
9,1.28,blitzburgh steelers,Starter,Willie Parker,Pit,RB
9,0.0,blitzburgh steelers,Starter,Dwayne Carswell,Den,TE
9,2.38,blitzburgh steelers,Non-Starter,Antwaan Randle El,Pit,WR
9,12.03,blitzburgh steelers,Non-Starter,Edgerrin James,Sea,RB
9,1.6,blitzburgh steelers,Non-Starter,Joe Horn,Atl,WR
9,22.36,blitzburgh steelers,Non-Starter,Byron Leftwich,Pit,QB
9,1.68,blitzburgh steelers,Non-Starter,Troy Williamson,Jax,WR
9,7.0,blitzburgh steelers,Starter,Nate Kaeding,LAC,K
9,8.75,blitzburgh steelers,Starter,Kansas City,KC,DEF
9,0.0,blitzburgh steelers,Non-Starter,Los Angeles Rams,LAR,DEF
10,0.0,blitzburgh steelers,Starter,Aaron Brooks,LV,QB
10,2.88,blitzburgh steelers,Starter,Plaxico Burress,Pit,WR
10,2.53,blitzburgh steelers,Starter,Jimmy Smith,Jax,WR
10,0.0,blitzburgh steelers,Starter,Rudi Johnson,Det,RB
10,0.0,blitzburgh steelers,Starter,Willie Parker,Pit,RB
10,0.0,blitzburgh steelers,Starter,Alex Smith,Was,TE
10,9.37,blitzburgh steelers,Non-Starter,Antwaan Randle El,Pit,WR
10,13.78,blitzburgh steelers,Non-Starter,Edgerrin James,Sea,RB
10,0.0,blitzburgh steelers,Non-Starter,Joe Horn,Atl,WR
10,16.12,blitzburgh steelers,Non-Starter,Byron Leftwich,Pit,QB
10,0.68,blitzburgh steelers,Non-Starter,Troy Williamson,Jax,WR
10,0.0,blitzburgh steelers,Non-Starter,Daniel Graham,NO,TE
10,0.0,blitzburgh steelers,Starter,Nate Kaeding,LAC,K
10,12.5,blitzburgh steelers,Starter,Kansas City,KC,DEF
11,26.99,blitzburgh steelers,Starter,Aaron Brooks,LV,QB
11,12.4,blitzburgh steelers,Starter,Plaxico Burress,Pit,WR
11,5.08,blitzburgh steelers,Starter,Jimmy Smith,Jax,WR
11,16.5,blitzburgh steelers,Starter,Rudi Johnson,Det,RB
11,10.3,blitzburgh steelers,Starter,Willie Parker,Pit,RB
11,2.53,blitzburgh steelers,Starter,Alex Smith,Was,TE
11,4.12,blitzburgh steelers,Non-Starter,Antwaan Randle El,Pit,WR
11,17.73,blitzburgh steelers,Non-Starter,Edgerrin James,Sea,RB
11,4.75,blitzburgh steelers,Non-Starter,Joe Horn,Atl,WR
11,34.11,blitzburgh steelers,Non-Starter,Byron Leftwich,Pit,QB
11,0.78,blitzburgh steelers,Non-Starter,Troy Williamson,Jax,WR
11,0.0,blitzburgh steelers,Non-Starter,Daniel Graham,NO,TE
11,12.0,blitzburgh steelers,Starter,Nate Kaeding,LAC,K
11,21.95,blitzburgh steelers,Starter,Kansas City,KC,DEF
12,26.52,blitzburgh steelers,Starter,Aaron Brooks,LV,QB
12,6.2,blitzburgh steelers,Starter,Plaxico Burress,Pit,WR
12,4.38,blitzburgh steelers,Starter,Jimmy Smith,Jax,WR
12,18.08,blitzburgh steelers,Starter,Rudi Johnson,Det,RB
12,3.8,blitzburgh steelers,Starter,Willie Parker,Pit,RB
12,0.95,blitzburgh steelers,Starter,Alex Smith,Was,TE
12,0.98,blitzburgh steelers,Non-Starter,Antwaan Randle El,Pit,WR
12,6.2,blitzburgh steelers,Non-Starter,Edgerrin James,Sea,RB
12,2.85,blitzburgh steelers,Non-Starter,Joe Horn,Atl,WR
12,0.86,blitzburgh steelers,Non-Starter,Byron Leftwich,Pit,QB
12,0.0,blitzburgh steelers,Non-Starter,Troy Williamson,Jax,WR
12,2.1,blitzburgh steelers,Non-Starter,Daniel Graham,NO,TE
12,6.0,blitzburgh steelers,Starter,Nate Kaeding,LAC,K
12,22.0,blitzburgh steelers,Starter,Kansas City,KC,DEF
13,-0.75,blitzburgh steelers,Starter,Aaron Brooks,LV,QB
13,2.85,blitzburgh steelers,Starter,Plaxico Burress,Pit,WR
13,8.83,blitzburgh steelers,Starter,Jimmy Smith,Jax,WR
13,17.28,blitzburgh steelers,Starter,Rudi Johnson,Det,RB
13,4.23,blitzburgh steelers,Starter,Willie Parker,Pit,RB
13,0.08,blitzburgh steelers,Starter,Alex Smith,Was,TE
13,3.18,blitzburgh steelers,Non-Starter,Antwaan Randle El,Pit,WR
13,12.45,blitzburgh steelers,Non-Starter,Edgerrin James,Sea,RB
13,2.25,blitzburgh steelers,Non-Starter,Joe Horn,Atl,WR
13,0.0,blitzburgh steelers,Non-Starter,Byron Leftwich,Pit,QB
13,0.0,blitzburgh steelers,Non-Starter,Troy Williamson,Jax,WR
13,0.0,blitzburgh steelers,Non-Starter,Daniel Graham,NO,TE
13,11.0,blitzburgh steelers,Starter,Nate Kaeding,LAC,K
13,14.65,blitzburgh steelers,Starter,Kansas City,KC,DEF
1,17.96,1-800-You-Wish,Starter,Kurt Warner,Ari,QB
1,6.48,1-800-You-Wish,Starter,Terrell Owens,Cin,WR
1,4.3,1-800-You-Wish,Starter,Eddie Kennison,LAR,WR
1,6.98,1-800-You-Wish,Starter,Willis McGahee,Cle,RB
1,4.75,1-800-You-Wish,Starter,Fred Taylor,NE,RB
1,3.2,1-800-You-Wish,Starter,Alge Crumpler,NE,TE
1,13.4,1-800-You-Wish,Non-Starter,Cadillac Williams,LAR,RB
1,2.78,1-800-You-Wish,Non-Starter,Jerry Porter,Jax,WR
1,6.13,1-800-You-Wish,Non-Starter,LaMont Jordan,Den,RB
1,16.58,1-800-You-Wish,Non-Starter,J.P. Losman,Mia,QB
1,0.0,1-800-You-Wish,Non-Starter,Dez White,Atl,WR
1,2.0,1-800-You-Wish,Starter,Todd Peterson,Atl,K
1,16.75,1-800-You-Wish,Starter,Arizona Cardinals,Ari,DEF
1,23.35,1-800-You-Wish,Non-Starter,Jacksonville,Jax,DEF
2,9.42,1-800-You-Wish,Starter,Kurt Warner,Ari,QB
2,19.78,1-800-You-Wish,Starter,Terrell Owens,Cin,WR
2,3.5,1-800-You-Wish,Starter,Eddie Kennison,LAR,WR
2,1.78,1-800-You-Wish,Starter,Willis McGahee,Cle,RB
2,5.33,1-800-You-Wish,Starter,Fred Taylor,NE,RB
2,5.03,1-800-You-Wish,Starter,Alge Crumpler,NE,TE
2,12.4,1-800-You-Wish,Non-Starter,Cadillac Williams,LAR,RB
2,4.03,1-800-You-Wish,Non-Starter,Jerry Porter,Jax,WR
2,11.3,1-800-You-Wish,Non-Starter,LaMont Jordan,Den,RB
2,7.91,1-800-You-Wish,Non-Starter,J.P. Losman,Mia,QB
2,0.68,1-800-You-Wish,Non-Starter,Dez White,Atl,WR
2,4.0,1-800-You-Wish,Starter,Todd Peterson,Atl,K
2,13.1,1-800-You-Wish,Starter,Arizona Cardinals,Ari,DEF
2,12.4,1-800-You-Wish,Non-Starter,Jacksonville,Jax,DEF
3,0.63,1-800-You-Wish,Starter,J.P. Losman,Mia,QB
3,11.13,1-800-You-Wish,Starter,Terrell Owens,Cin,WR
3,6.6,1-800-You-Wish,Starter,Eddie Kennison,LAR,WR
3,13.0,1-800-You-Wish,Starter,Willis McGahee,Cle,RB
3,2.13,1-800-You-Wish,Starter,Alge Crumpler,NE,TE
3,5.38,1-800-You-Wish,Non-Starter,Kurt Warner,Ari,QB
3,10.9,1-800-You-Wish,Non-Starter,Fred Taylor,NE,RB
3,10.23,1-800-You-Wish,Non-Starter,LaMont Jordan,Den,RB
3,9.9,1-800-You-Wish,Non-Starter,Robert Ferguson,Min,WR
3,15.28,1-800-You-Wish,Non-Starter,Torry Holt,Jax,WR
3,18.8,1-800-You-Wish,Non-Starter,Trent Green,LAR,QB
3,6.0,1-800-You-Wish,Starter,Todd Peterson,Atl,K
3,20.2,1-800-You-Wish,Starter,Jacksonville,Jax,DEF
3,0.9,1-800-You-Wish,Non-Starter,Arizona Cardinals,Ari,DEF
4,16.7,1-800-You-Wish,Starter,Trent Green,LAR,QB
4,15.93,1-800-You-Wish,Starter,Terrell Owens,Cin,WR
4,11.08,1-800-You-Wish,Starter,Torry Holt,Jax,WR
4,11.3,1-800-You-Wish,Starter,Willis McGahee,Cle,RB
4,1.48,1-800-You-Wish,Starter,Fred Taylor,NE,RB
4,7.18,1-800-You-Wish,Starter,Alge Crumpler,NE,TE
4,3.15,1-800-You-Wish,Non-Starter,J.P. Losman,Mia,QB
4,13.48,1-800-You-Wish,Non-Starter,Eddie Kennison,LAR,WR
4,0.0,1-800-You-Wish,Non-Starter,Kurt Warner,Ari,QB
4,13.9,1-800-You-Wish,Non-Starter,LaMont Jordan,Den,RB
4,3.58,1-800-You-Wish,Non-Starter,Robert Ferguson,Min,WR
4,7.0,1-800-You-Wish,Starter,Josh Brown,NYG,K
4,11.55,1-800-You-Wish,Starter,Jacksonville,Jax,DEF
4,28.5,1-800-You-Wish,Non-Starter,Arizona Cardinals,Ari,DEF
5,11.29,1-800-You-Wish,Starter,Kyle Orton,Buf,QB
5,3.13,1-800-You-Wish,Starter,Terrell Owens,Cin,WR
5,13.3,1-800-You-Wish,Starter,Torry Holt,Jax,WR
5,10.8,1-800-You-Wish,Starter,Willis McGahee,Cle,RB
5,6.6,1-800-You-Wish,Starter,Fred Taylor,NE,RB
5,11.7,1-800-You-Wish,Starter,Alge Crumpler,NE,TE
5,0.0,1-800-You-Wish,Non-Starter,Trent Green,LAR,QB
5,0.0,1-800-You-Wish,Non-Starter,Eddie Kennison,LAR,WR
5,0.0,1-800-You-Wish,Non-Starter,LaMont Jordan,Den,RB
5,10.58,1-800-You-Wish,Non-Starter,Robert Ferguson,Min,WR
5,-9.37,1-800-You-Wish,Non-Starter,Alex Smith,Was,QB
5,14.0,1-800-You-Wish,Starter,Josh Brown,NYG,K
5,12.05,1-800-You-Wish,Starter,Jacksonville,Jax,DEF
5,12.1,1-800-You-Wish,Non-Starter,Arizona Cardinals,Ari,DEF
6,17.87,1-800-You-Wish,Starter,Trent Green,LAR,QB
6,4.25,1-800-You-Wish,Starter,Torry Holt,Jax,WR
6,0.0,1-800-You-Wish,Starter,Eddie Kennison,LAR,WR
6,14.73,1-800-You-Wish,Starter,Willis McGahee,Cle,RB
6,17.45,1-800-You-Wish,Starter,LaMont Jordan,Den,RB
6,3.1,1-800-You-Wish,Starter,Alge Crumpler,NE,TE
6,0.0,1-800-You-Wish,Non-Starter,Fred Taylor,NE,RB
6,0.0,1-800-You-Wish,Non-Starter,Terrell Owens,Cin,WR
6,0.0,1-800-You-Wish,Non-Starter,Robert Ferguson,Min,WR
6,13.4,1-800-You-Wish,Non-Starter,Antowain Smith,NO,RB
6,0.0,1-800-You-Wish,Non-Starter,Tony Fisher,LAR,RB
6,6.0,1-800-You-Wish,Starter,Josh Brown,NYG,K
6,23.75,1-800-You-Wish,Starter,Jacksonville,Jax,DEF
6,0.0,1-800-You-Wish,Non-Starter,Arizona Cardinals,Ari,DEF
7,12.43,1-800-You-Wish,Starter,Trent Green,LAR,QB
7,0.0,1-800-You-Wish,Starter,Torry Holt,Jax,WR
7,9.53,1-800-You-Wish,Starter,Terrell Owens,Cin,WR
7,4.68,1-800-You-Wish,Starter,Willis McGahee,Cle,RB
7,26.6,1-800-You-Wish,Starter,LaMont Jordan,Den,RB
7,3.8,1-800-You-Wish,Starter,Alge Crumpler,NE,TE
7,1.65,1-800-You-Wish,Non-Starter,Eddie Kennison,LAR,WR
7,0.0,1-800-You-Wish,Non-Starter,Fred Taylor,NE,RB
7,2.85,1-800-You-Wish,Non-Starter,Robert Ferguson,Min,WR
7,3.75,1-800-You-Wish,Non-Starter,Antowain Smith,NO,RB
7,1.73,1-800-You-Wish,Non-Starter,Tony Fisher,LAR,RB
7,11.0,1-800-You-Wish,Starter,Josh Brown,NYG,K
7,26.9,1-800-You-Wish,Starter,Arizona Cardinals,Ari,DEF
7,0.0,1-800-You-Wish,Non-Starter,Jacksonville,Jax,DEF
8,25.29,1-800-You-Wish,Starter,Trent Green,LAR,QB
8,0.0,1-800-You-Wish,Starter,Torry Holt,Jax,WR
8,14.18,1-800-You-Wish,Starter,Terrell Owens,Cin,WR
8,13.43,1-800-You-Wish,Starter,LaMont Jordan,Den,RB
8,14.45,1-800-You-Wish,Starter,Fred Taylor,NE,RB
8,0.0,1-800-You-Wish,Starter,Alge Crumpler,NE,TE
8,8.1,1-800-You-Wish,Non-Starter,Willis McGahee,Cle,RB
8,12.63,1-800-You-Wish,Non-Starter,Eddie Kennison,LAR,WR
8,0.0,1-800-You-Wish,Non-Starter,Robert Ferguson,Min,WR
8,1.65,1-800-You-Wish,Non-Starter,Antowain Smith,NO,RB
8,9.15,1-800-You-Wish,Non-Starter,Tony Fisher,LAR,RB
8,0.0,1-800-You-Wish,Starter,Josh Brown,NYG,K
8,11.3,1-800-You-Wish,Starter,Arizona Cardinals,Ari,DEF
8,16.6,1-800-You-Wish,Non-Starter,Jacksonville,Jax,DEF
9,14.83,1-800-You-Wish,Starter,Trent Green,LAR,QB
9,3.63,1-800-You-Wish,Starter,Eddie Kennison,LAR,WR
9,0.73,1-800-You-Wish,Starter,Marcus Robinson,Min,WR
9,8.53,1-800-You-Wish,Starter,LaMont Jordan,Den,RB
9,3.4,1-800-You-Wish,Starter,Fred Taylor,NE,RB
9,4.0,1-800-You-Wish,Starter,Alge Crumpler,NE,TE
9,0.0,1-800-You-Wish,Non-Starter,Terrell Owens,Cin,WR
9,0.0,1-800-You-Wish,Non-Starter,Torry Holt,Jax,WR
9,0.0,1-800-You-Wish,Non-Starter,Willis McGahee,Cle,RB
9,0.0,1-800-You-Wish,Non-Starter,Robert Ferguson,Min,WR
9,3.1,1-800-You-Wish,Non-Starter,Antowain Smith,NO,RB
9,9.0,1-800-You-Wish,Starter,Josh Brown,NYG,K
9,12.7,1-800-You-Wish,Starter,Jacksonville,Jax,DEF
9,8.4,1-800-You-Wish,Non-Starter,Arizona Cardinals,Ari,DEF
10,0.48,1-800-You-Wish,Starter,Trent Green,LAR,QB
10,2.55,1-800-You-Wish,Starter,Eddie Kennison,LAR,WR
10,8.75,1-800-You-Wish,Starter,Torry Holt,Jax,WR
10,6.28,1-800-You-Wish,Starter,LaMont Jordan,Den,RB
10,0.3,1-800-You-Wish,Starter,Willis McGahee,Cle,RB
10,2.63,1-800-You-Wish,Starter,Alge Crumpler,NE,TE
10,0.68,1-800-You-Wish,Non-Starter,Marcus Robinson,Min,WR
10,0.0,1-800-You-Wish,Non-Starter,Fred Taylor,NE,RB
10,0.0,1-800-You-Wish,Non-Starter,Terrell Owens,Cin,WR
10,0.0,1-800-You-Wish,Non-Starter,Antowain Smith,NO,RB
10,-2.38,1-800-You-Wish,Non-Starter,Marcel Shipp,Ari,RB
10,7.0,1-800-You-Wish,Starter,Josh Brown,NYG,K
10,32.1,1-800-You-Wish,Starter,Jacksonville,Jax,DEF
10,6.3,1-800-You-Wish,Non-Starter,Arizona Cardinals,Ari,DEF
11,25.95,1-800-You-Wish,Starter,Trent Green,LAR,QB
11,15.25,1-800-You-Wish,Starter,Eddie Kennison,LAR,WR
11,13.83,1-800-You-Wish,Starter,Torry Holt,Jax,WR
11,5.08,1-800-You-Wish,Starter,LaMont Jordan,Den,RB
11,2.18,1-800-You-Wish,Starter,Willis McGahee,Cle,RB
11,9.08,1-800-You-Wish,Starter,Alge Crumpler,NE,TE
11,0.0,1-800-You-Wish,Non-Starter,Marcus Robinson,Min,WR
11,-0.4,1-800-You-Wish,Non-Starter,Fred Taylor,NE,RB
11,0.0,1-800-You-Wish,Non-Starter,Terrell Owens,Cin,WR
11,1.6,1-800-You-Wish,Non-Starter,Antowain Smith,NO,RB
11,1.68,1-800-You-Wish,Non-Starter,Marcel Shipp,Ari,RB
11,10.0,1-800-You-Wish,Starter,Josh Brown,NYG,K
11,9.6,1-800-You-Wish,Starter,Jacksonville,Jax,DEF
11,17.8,1-800-You-Wish,Non-Starter,Arizona Cardinals,Ari,DEF
12,17.99,1-800-You-Wish,Starter,Trent Green,LAR,QB
12,3.38,1-800-You-Wish,Starter,Eddie Kennison,LAR,WR
12,13.75,1-800-You-Wish,Starter,Torry Holt,Jax,WR
12,20.08,1-800-You-Wish,Starter,LaMont Jordan,Den,RB
12,2.65,1-800-You-Wish,Starter,Willis McGahee,Cle,RB
12,18.08,1-800-You-Wish,Starter,Alge Crumpler,NE,TE
12,19.98,1-800-You-Wish,Non-Starter,Marcus Robinson,Min,WR
12,0.0,1-800-You-Wish,Non-Starter,Fred Taylor,NE,RB
12,0.0,1-800-You-Wish,Non-Starter,Terrell Owens,Cin,WR
12,2.25,1-800-You-Wish,Non-Starter,Antowain Smith,NO,RB
12,3.08,1-800-You-Wish,Non-Starter,Marcel Shipp,Ari,RB
12,6.0,1-800-You-Wish,Starter,Josh Brown,NYG,K
12,27.35,1-800-You-Wish,Starter,Jacksonville,Jax,DEF
12,1.85,1-800-You-Wish,Non-Starter,Arizona Cardinals,Ari,DEF
13,16.59,1-800-You-Wish,Starter,Trent Green,LAR,QB
13,5.9,1-800-You-Wish,Starter,Eddie Kennison,LAR,WR
13,4.5,1-800-You-Wish,Starter,Torry Holt,Jax,WR
13,0.5,1-800-You-Wish,Starter,LaMont Jordan,Den,RB
13,5.2,1-800-You-Wish,Starter,Willis McGahee,Cle,RB
13,2.98,1-800-You-Wish,Starter,Alge Crumpler,NE,TE
13,1.98,1-800-You-Wish,Non-Starter,Marcus Robinson,Min,WR
13,0.0,1-800-You-Wish,Non-Starter,Fred Taylor,NE,RB
13,0.0,1-800-You-Wish,Non-Starter,Terrell Owens,Cin,WR
13,2.63,1-800-You-Wish,Non-Starter,Antowain Smith,NO,RB
13,0.0,1-800-You-Wish,Non-Starter,Marcel Shipp,Ari,RB
13,6.0,1-800-You-Wish,Starter,Josh Brown,NYG,K
13,11.05,1-800-You-Wish,Starter,Jacksonville,Jax,DEF
13,22.7,1-800-You-Wish,Non-Starter,Arizona Cardinals,Ari,DEF
14,16.3,1-800-You-Wish,Starter,Trent Green,LAR,QB
14,11.85,1-800-You-Wish,Starter,Eddie Kennison,LAR,WR
14,3.0,1-800-You-Wish,Starter,Torry Holt,Jax,WR
14,4.45,1-800-You-Wish,Starter,LaMont Jordan,Den,RB
14,0.53,1-800-You-Wish,Starter,Willis McGahee,Cle,RB
14,5.08,1-800-You-Wish,Starter,Alge Crumpler,NE,TE
14,2.58,1-800-You-Wish,Non-Starter,Marcus Robinson,Min,WR
14,0.95,1-800-You-Wish,Non-Starter,Fred Taylor,NE,RB
14,0.0,1-800-You-Wish,Non-Starter,Terrell Owens,Cin,WR
14,9.98,1-800-You-Wish,Non-Starter,Antowain Smith,NO,RB
14,-1.43,1-800-You-Wish,Non-Starter,Marcel Shipp,Ari,RB
14,15.0,1-800-You-Wish,Starter,Josh Brown,NYG,K
14,16.65,1-800-You-Wish,Starter,Arizona Cardinals,Ari,DEF
14,10.4,1-800-You-Wish,Non-Starter,Jacksonville,Jax,DEF
15,6.95,1-800-You-Wish,Starter,Trent Green,LAR,QB
15,-1.58,1-800-You-Wish,Starter,Eddie Kennison,LAR,WR
15,7.18,1-800-You-Wish,Starter,Torry Holt,Jax,WR
15,9.23,1-800-You-Wish,Starter,LaMont Jordan,Den,RB
15,3.7,1-800-You-Wish,Starter,Cedric Houston,NYJ,RB
15,0.95,1-800-You-Wish,Starter,Alge Crumpler,NE,TE
15,8.88,1-800-You-Wish,Non-Starter,Willis McGahee,Cle,RB
15,2.15,1-800-You-Wish,Non-Starter,Marcus Robinson,Min,WR
15,3.95,1-800-You-Wish,Non-Starter,Fred Taylor,NE,RB
15,1.25,1-800-You-Wish,Non-Starter,Antowain Smith,NO,RB
15,2.35,1-800-You-Wish,Non-Starter,Marcel Shipp,Ari,RB
15,4.0,1-800-You-Wish,Starter,Josh Brown,NYG,K
15,12.05,1-800-You-Wish,Starter,Jacksonville,Jax,DEF
15,12.85,1-800-You-Wish,Non-Starter,Arizona Cardinals,Ari,DEF
16,23.24,1-800-You-Wish,Starter,Trent Green,LAR,QB
16,1.2,1-800-You-Wish,Starter,Eddie Kennison,LAR,WR
16,15.4,1-800-You-Wish,Starter,Torry Holt,Jax,WR
16,0.0,1-800-You-Wish,Starter,LaMont Jordan,Den,RB
16,0.93,1-800-You-Wish,Starter,Cedric Houston,NYJ,RB
16,3.65,1-800-You-Wish,Starter,Alge Crumpler,NE,TE
16,3.68,1-800-You-Wish,Non-Starter,Willis McGahee,Cle,RB
16,0.33,1-800-You-Wish,Non-Starter,Marcus Robinson,Min,WR
16,11.73,1-800-You-Wish,Non-Starter,Fred Taylor,NE,RB
16,2.15,1-800-You-Wish,Non-Starter,Antowain Smith,NO,RB
16,2.1,1-800-You-Wish,Non-Starter,Marcel Shipp,Ari,RB
16,4.0,1-800-You-Wish,Starter,Josh Brown,NYG,K
16,12.25,1-800-You-Wish,Starter,Jacksonville,Jax,DEF
16,18.65,1-800-You-Wish,Non-Starter,Arizona Cardinals,Ari,DEF
1,6.08,imdrunkrightnow,Starter,Trent Green,LAR,QB
1,7.5,imdrunkrightnow,Starter,Torry Holt,Jax,WR
1,15.38,imdrunkrightnow,Starter,Larry Fitzgerald,Ari,WR
1,9.6,imdrunkrightnow,Starter,LaDainian Tomlinson,NYJ,RB
1,1.38,imdrunkrightnow,Starter,Michael Bennett,LV,RB
1,1.85,imdrunkrightnow,Starter,Bubba Franks,NYJ,TE
1,0.5,imdrunkrightnow,Non-Starter,Cedric Benson,GB,RB
1,9.83,imdrunkrightnow,Non-Starter,Steve McNair,Bal,QB
1,19.28,imdrunkrightnow,Non-Starter,Keenan McCardell,Was,WR
1,1.48,imdrunkrightnow,Non-Starter,Marcus Robinson,Min,WR
1,-1.25,imdrunkrightnow,Non-Starter,Travis Henry,Den,RB
1,1.15,imdrunkrightnow,Non-Starter,Doug Jolley,TB,TE
1,9.0,imdrunkrightnow,Starter,Paul Edinger,Min,K
1,21.0,imdrunkrightnow,Starter,Pittsburgh Steelers,Pit,DEF
2,10.59,imdrunkrightnow,Starter,Trent Green,LAR,QB
2,10.0,imdrunkrightnow,Starter,Torry Holt,Jax,WR
2,5.25,imdrunkrightnow,Starter,Larry Fitzgerald,Ari,WR
2,14.6,imdrunkrightnow,Starter,LaDainian Tomlinson,NYJ,RB
2,-4.13,imdrunkrightnow,Starter,Michael Bennett,LV,RB
2,1.13,imdrunkrightnow,Starter,Bubba Franks,NYJ,TE
2,3.2,imdrunkrightnow,Non-Starter,Keenan McCardell,Was,WR
2,2.45,imdrunkrightnow,Non-Starter,Cedric Benson,GB,RB
2,16.88,imdrunkrightnow,Non-Starter,Steve McNair,Bal,QB
2,4.25,imdrunkrightnow,Non-Starter,Marcus Robinson,Min,WR
2,3.55,imdrunkrightnow,Non-Starter,Travis Henry,Den,RB
2,0.0,imdrunkrightnow,Starter,Paul Edinger,Min,K
2,16.45,imdrunkrightnow,Starter,Pittsburgh Steelers,Pit,DEF
2,4.55,imdrunkrightnow,Non-Starter,San Francisco,SF,DEF
3,19.3,imdrunkrightnow,Starter,Steve McNair,Bal,QB
3,2.38,imdrunkrightnow,Starter,Larry Fitzgerald,Ari,WR
3,16.5,imdrunkrightnow,Starter,Keenan McCardell,Was,WR
3,33.52,imdrunkrightnow,Starter,LaDainian Tomlinson,NYJ,RB
3,8.03,imdrunkrightnow,Starter,Cadillac Williams,LAR,RB
3,0.0,imdrunkrightnow,Starter,Daniel Graham,NO,TE
3,2.08,imdrunkrightnow,Non-Starter,Jerramy Stevens,TB,TE
3,2.23,imdrunkrightnow,Non-Starter,Jerry Porter,Jax,WR
3,0.0,imdrunkrightnow,Non-Starter,Cedric Benson,GB,RB
3,0.93,imdrunkrightnow,Non-Starter,Travis Henry,Den,RB
3,0.0,imdrunkrightnow,Non-Starter,Mike Williams,Sea,WR
3,11.0,imdrunkrightnow,Starter,Rian Lindell,TB,K
3,15.95,imdrunkrightnow,Starter,Pittsburgh Steelers,Pit,DEF
3,18.2,imdrunkrightnow,Non-Starter,San Francisco,SF,DEF
4,17.53,imdrunkrightnow,Starter,Steve McNair,Bal,QB
4,11.98,imdrunkrightnow,Starter,Larry Fitzgerald,Ari,WR
4,2.43,imdrunkrightnow,Starter,Jerry Porter,Jax,WR
4,20.78,imdrunkrightnow,Starter,LaDainian Tomlinson,NYJ,RB
4,1.2,imdrunkrightnow,Starter,Cadillac Williams,LAR,RB
4,0.0,imdrunkrightnow,Starter,Daniel Graham,NO,TE
4,1.93,imdrunkrightnow,Non-Starter,Jerramy Stevens,TB,TE
4,0.0,imdrunkrightnow,Non-Starter,Arnaz Battle,Pit,WR
4,6.68,imdrunkrightnow,Non-Starter,Keenan McCardell,Was,WR
4,0.0,imdrunkrightnow,Non-Starter,Cedric Benson,GB,RB
4,6.75,imdrunkrightnow,Non-Starter,Mewelde Moore,Ind,RB
4,1.0,imdrunkrightnow,Starter,Rian Lindell,TB,K
4,22.25,imdrunkrightnow,Starter,San Francisco,SF,DEF
4,0.0,imdrunkrightnow,Non-Starter,Pittsburgh Steelers,Pit,DEF
5,29.08,imdrunkrightnow,Starter,Steve McNair,Bal,QB
5,13.93,imdrunkrightnow,Starter,Larry Fitzgerald,Ari,WR
5,13.98,imdrunkrightnow,Starter,Joe Jerevicius,Cle,WR
5,13.38,imdrunkrightnow,Starter,LaDainian Tomlinson,NYJ,RB
5,2.03,imdrunkrightnow,Starter,Alvin Pearman,Ten,RB
5,9.63,imdrunkrightnow,Starter,Jerramy Stevens,TB,TE
5,0.0,imdrunkrightnow,Non-Starter,Cadillac Williams,LAR,RB
5,0.38,imdrunkrightnow,Non-Starter,Keenan McCardell,Was,WR
5,0.0,imdrunkrightnow,Non-Starter,Jerry Porter,Jax,WR
5,-2.7,imdrunkrightnow,Non-Starter,Cedric Benson,GB,RB
5,0.0,imdrunkrightnow,Non-Starter,Mewelde Moore,Ind,RB
5,13.0,imdrunkrightnow,Starter,Rob Bironas,Ten,K
5,0.0,imdrunkrightnow,Non-Starter,Sebastian Janikowski,Sea,K
5,12.9,imdrunkrightnow,Starter,Pittsburgh Steelers,Pit,DEF
6,7.91,imdrunkrightnow,Starter,Steve McNair,Bal,QB
6,7.83,imdrunkrightnow,Starter,Joe Jerevicius,Cle,WR
6,1.6,imdrunkrightnow,Starter,Keenan McCardell,Was,WR
6,27.53,imdrunkrightnow,Starter,LaDainian Tomlinson,NYJ,RB
6,6.08,imdrunkrightnow,Starter,Mewelde Moore,Ind,RB
6,1.65,imdrunkrightnow,Starter,Jerramy Stevens,TB,TE
6,0.0,imdrunkrightnow,Non-Starter,Cadillac Williams,LAR,RB
6,0.0,imdrunkrightnow,Non-Starter,Larry Fitzgerald,Ari,WR
6,3.85,imdrunkrightnow,Non-Starter,Alvin Pearman,Ten,RB
6,3.78,imdrunkrightnow,Non-Starter,Jerry Porter,Jax,WR
6,0.0,imdrunkrightnow,Non-Starter,Billy Volek,LAC,QB
6,9.0,imdrunkrightnow,Starter,Mike Vanderjagt,Dal,K
6,12.0,imdrunkrightnow,Non-Starter,Rob Bironas,Ten,K
6,25.55,imdrunkrightnow,Starter,Pittsburgh Steelers,Pit,DEF
7,10.36,imdrunkrightnow,Starter,Billy Volek,LAC,QB
7,10.05,imdrunkrightnow,Starter,Larry Fitzgerald,Ari,WR
7,3.45,imdrunkrightnow,Starter,Joe Jerevicius,Cle,WR
7,2.15,imdrunkrightnow,Starter,LaDainian Tomlinson,NYJ,RB
7,8.98,imdrunkrightnow,Starter,Mewelde Moore,Ind,RB
7,3.63,imdrunkrightnow,Starter,Jerramy Stevens,TB,TE
7,0.0,imdrunkrightnow,Non-Starter,Steve McNair,Bal,QB
7,10.53,imdrunkrightnow,Non-Starter,Keenan McCardell,Was,WR
7,0.0,imdrunkrightnow,Non-Starter,Cadillac Williams,LAR,RB
7,2.65,imdrunkrightnow,Non-Starter,Jerry Porter,Jax,WR
7,17.93,imdrunkrightnow,Non-Starter,Kelly Holcomb,Min,QB
7,6.0,imdrunkrightnow,Starter,Rob Bironas,Ten,K
7,8.0,imdrunkrightnow,Non-Starter,Mike Vanderjagt,Dal,K
7,14.55,imdrunkrightnow,Starter,Pittsburgh Steelers,Pit,DEF
8,11.84,imdrunkrightnow,Starter,Kelly Holcomb,Min,QB
8,2.55,imdrunkrightnow,Starter,Larry Fitzgerald,Ari,WR
8,4.28,imdrunkrightnow,Starter,Keenan McCardell,Was,WR
8,11.57,imdrunkrightnow,Starter,LaDainian Tomlinson,NYJ,RB
8,1.38,imdrunkrightnow,Starter,Cadillac Williams,LAR,RB
8,2.13,imdrunkrightnow,Starter,Marcus Pollard,Atl,TE
8,14.88,imdrunkrightnow,Non-Starter,Steve McNair,Bal,QB
8,0.0,imdrunkrightnow,Non-Starter,Billy Volek,LAC,QB
8,0.0,imdrunkrightnow,Non-Starter,Jerramy Stevens,TB,TE
8,0.0,imdrunkrightnow,Non-Starter,Joe Jerevicius,Cle,WR
8,8.0,imdrunkrightnow,Non-Starter,Mewelde Moore,Ind,RB
8,7.0,imdrunkrightnow,Starter,Rob Bironas,Ten,K
8,0.0,imdrunkrightnow,Non-Starter,Mike Vanderjagt,Dal,K
8,18.35,imdrunkrightnow,Starter,Pittsburgh Steelers,Pit,DEF
9,15.18,imdrunkrightnow,Starter,Steve McNair,Bal,QB
9,6.55,imdrunkrightnow,Starter,Larry Fitzgerald,Ari,WR
9,1.5,imdrunkrightnow,Starter,Keenan McCardell,Was,WR
9,32.03,imdrunkrightnow,Starter,LaDainian Tomlinson,NYJ,RB
9,4.63,imdrunkrightnow,Starter,Mewelde Moore,Ind,RB
9,1.65,imdrunkrightnow,Starter,Jerramy Stevens,TB,TE
9,0.08,imdrunkrightnow,Non-Starter,Cadillac Williams,LAR,RB
9,0.0,imdrunkrightnow,Non-Starter,Kelly Holcomb,Min,QB
9,8.6,imdrunkrightnow,Non-Starter,Marcus Pollard,Atl,TE
9,0.0,imdrunkrightnow,Non-Starter,Billy Volek,LAC,QB
9,8.05,imdrunkrightnow,Non-Starter,Joe Jerevicius,Cle,WR
9,2.0,imdrunkrightnow,Starter,Rob Bironas,Ten,K
9,10.0,imdrunkrightnow,Non-Starter,Mike Vanderjagt,Dal,K
9,23.6,imdrunkrightnow,Starter,Pittsburgh Steelers,Pit,DEF
10,-1.6,imdrunkrightnow,Starter,Kelly Holcomb,Min,QB
10,14.18,imdrunkrightnow,Starter,Larry Fitzgerald,Ari,WR
10,1.73,imdrunkrightnow,Starter,Joe Jerevicius,Cle,WR
10,0.1,imdrunkrightnow,Starter,Brandon Jacobs,NYG,RB
10,-2.0,imdrunkrightnow,Starter,Cadillac Williams,LAR,RB
10,2.95,imdrunkrightnow,Starter,Jerramy Stevens,TB,TE
10,8.18,imdrunkrightnow,Non-Starter,Mewelde Moore,Ind,RB
10,0.0,imdrunkrightnow,Non-Starter,Steve McNair,Bal,QB
10,0.0,imdrunkrightnow,Non-Starter,Keenan McCardell,Was,WR
10,0.0,imdrunkrightnow,Non-Starter,LaDainian Tomlinson,NYJ,RB
10,0.0,imdrunkrightnow,Non-Starter,Billy Volek,LAC,QB
10,8.0,imdrunkrightnow,Starter,Mike Vanderjagt,Dal,K
10,0.0,imdrunkrightnow,Non-Starter,Rob Bironas,Ten,K
10,12.4,imdrunkrightnow,Starter,Pittsburgh Steelers,Pit,DEF
11,19.51,imdrunkrightnow,Starter,Steve McNair,Bal,QB
11,12.78,imdrunkrightnow,Starter,Larry Fitzgerald,Ari,WR
11,2.5,imdrunkrightnow,Starter,Joe Jerevicius,Cle,WR
11,8.15,imdrunkrightnow,Starter,Mewelde Moore,Ind,RB
11,10.83,imdrunkrightnow,Starter,LaDainian Tomlinson,NYJ,RB
11,1.48,imdrunkrightnow,Starter,Jerramy Stevens,TB,TE
11,0.0,imdrunkrightnow,Non-Starter,Kelly Holcomb,Min,QB
11,0.0,imdrunkrightnow,Non-Starter,Brandon Jacobs,NYG,RB
11,12.83,imdrunkrightnow,Non-Starter,Cadillac Williams,LAR,RB
11,11.45,imdrunkrightnow,Non-Starter,Keenan McCardell,Was,WR
11,0.0,imdrunkrightnow,Non-Starter,Billy Volek,LAC,QB
11,9.0,imdrunkrightnow,Starter,Mike Vanderjagt,Dal,K
11,4.0,imdrunkrightnow,Non-Starter,Rob Bironas,Ten,K
11,16.15,imdrunkrightnow,Starter,Pittsburgh Steelers,Pit,DEF
12,29.86,imdrunkrightnow,Starter,Steve McNair,Bal,QB
12,8.25,imdrunkrightnow,Starter,Larry Fitzgerald,Ari,WR
12,2.88,imdrunkrightnow,Starter,Keenan McCardell,Was,WR
12,29.53,imdrunkrightnow,Starter,LaDainian Tomlinson,NYJ,RB
12,4.1,imdrunkrightnow,Starter,Mewelde Moore,Ind,RB
12,0.0,imdrunkrightnow,Starter,Jerramy Stevens,TB,TE
12,19.85,imdrunkrightnow,Non-Starter,Joe Jerevicius,Cle,WR
12,4.8,imdrunkrightnow,Non-Starter,Cadillac Williams,LAR,RB
12,0.0,imdrunkrightnow,Non-Starter,Kelly Holcomb,Min,QB
12,0.0,imdrunkrightnow,Non-Starter,Brandon Jacobs,NYG,RB
12,0.0,imdrunkrightnow,Non-Starter,Billy Volek,LAC,QB
12,1.88,imdrunkrightnow,Non-Starter,Brandon Lloyd,SF,WR
12,16.0,imdrunkrightnow,Starter,Mike Vanderjagt,Dal,K
12,10.9,imdrunkrightnow,Starter,Pittsburgh Steelers,Pit,DEF
13,8.43,imdrunkrightnow,Starter,Steve McNair,Bal,QB
13,7.45,imdrunkrightnow,Starter,Larry Fitzgerald,Ari,WR
13,3.5,imdrunkrightnow,Starter,Keenan McCardell,Was,WR
13,6.13,imdrunkrightnow,Starter,LaDainian Tomlinson,NYJ,RB
13,-0.13,imdrunkrightnow,Starter,Mewelde Moore,Ind,RB
13,1.6,imdrunkrightnow,Starter,Jerramy Stevens,TB,TE
13,0.0,imdrunkrightnow,Non-Starter,Joe Jerevicius,Cle,WR
13,5.4,imdrunkrightnow,Non-Starter,Cadillac Williams,LAR,RB
13,0.0,imdrunkrightnow,Non-Starter,Kelly Holcomb,Min,QB
13,6.1,imdrunkrightnow,Non-Starter,Brandon Jacobs,NYG,RB
13,1.85,imdrunkrightnow,Non-Starter,Billy Volek,LAC,QB
13,2.98,imdrunkrightnow,Non-Starter,Brandon Lloyd,SF,WR
13,5.0,imdrunkrightnow,Starter,Mike Vanderjagt,Dal,K
13,1.2,imdrunkrightnow,Starter,Pittsburgh Steelers,Pit,DEF
14,11.01,imdrunkrightnow,Starter,Steve McNair,Bal,QB
14,1.65,imdrunkrightnow,Starter,Larry Fitzgerald,Ari,WR
14,9.65,imdrunkrightnow,Starter,Joe Jerevicius,Cle,WR
14,3.88,imdrunkrightnow,Starter,LaDainian Tomlinson,NYJ,RB
14,18.05,imdrunkrightnow,Starter,Cadillac Williams,LAR,RB
14,7.78,imdrunkrightnow,Starter,Jerramy Stevens,TB,TE
14,9.78,imdrunkrightnow,Non-Starter,Keenan McCardell,Was,WR
14,0.48,imdrunkrightnow,Non-Starter,Mewelde Moore,Ind,RB
14,0.0,imdrunkrightnow,Non-Starter,Kelly Holcomb,Min,QB
14,0.0,imdrunkrightnow,Non-Starter,Brandon Jacobs,NYG,RB
14,0.0,imdrunkrightnow,Non-Starter,Billy Volek,LAC,QB
14,2.23,imdrunkrightnow,Non-Starter,Brandon Lloyd,SF,WR
14,16.0,imdrunkrightnow,Starter,Mike Vanderjagt,Dal,K
14,12.05,imdrunkrightnow,Starter,Pittsburgh Steelers,Pit,DEF
15,26.48,imdrunkrightnow,Starter,Steve McNair,Bal,QB
15,11.0,imdrunkrightnow,Starter,Larry Fitzgerald,Ari,WR
15,11.2,imdrunkrightnow,Starter,Keenan McCardell,Was,WR
15,4.75,imdrunkrightnow,Starter,LaDainian Tomlinson,NYJ,RB
15,1.73,imdrunkrightnow,Starter,Cadillac Williams,LAR,RB
15,9.15,imdrunkrightnow,Starter,Jerramy Stevens,TB,TE
15,7.93,imdrunkrightnow,Non-Starter,Joe Jerevicius,Cle,WR
15,1.98,imdrunkrightnow,Non-Starter,Mewelde Moore,Ind,RB
15,17.27,imdrunkrightnow,Non-Starter,Kelly Holcomb,Min,QB
15,0.0,imdrunkrightnow,Non-Starter,Brandon Jacobs,NYG,RB
15,0.0,imdrunkrightnow,Non-Starter,Billy Volek,LAC,QB
15,0.43,imdrunkrightnow,Non-Starter,Brandon Lloyd,SF,WR
15,5.0,imdrunkrightnow,Starter,Mike Vanderjagt,Dal,K
15,29.05,imdrunkrightnow,Starter,Pittsburgh Steelers,Pit,DEF
16,-2.67,imdrunkrightnow,Starter,Steve McNair,Bal,QB
16,11.28,imdrunkrightnow,Starter,Larry Fitzgerald,Ari,WR
16,3.65,imdrunkrightnow,Starter,Keenan McCardell,Was,WR
16,3.63,imdrunkrightnow,Starter,LaDainian Tomlinson,NYJ,RB
16,14.13,imdrunkrightnow,Starter,Cadillac Williams,LAR,RB
16,8.58,imdrunkrightnow,Starter,Jerramy Stevens,TB,TE
16,1.8,imdrunkrightnow,Non-Starter,Joe Jerevicius,Cle,WR
16,5.45,imdrunkrightnow,Non-Starter,Mewelde Moore,Ind,RB
16,22.09,imdrunkrightnow,Non-Starter,Kelly Holcomb,Min,QB
16,0.3,imdrunkrightnow,Non-Starter,Brandon Jacobs,NYG,RB
16,10.39,imdrunkrightnow,Non-Starter,Billy Volek,LAC,QB
16,1.15,imdrunkrightnow,Non-Starter,Brandon Lloyd,SF,WR
16,7.0,imdrunkrightnow,Starter,Mike Vanderjagt,Dal,K
16,24.7,imdrunkrightnow,Starter,Pittsburgh Steelers,Pit,DEF
1,3.85,Dancing Gorillas,Starter,Brett Favre,Min,QB
1,4.05,Dancing Gorillas,Starter,Laveranues Coles,NYJ,WR
1,5.38,Dancing Gorillas,Starter,Rod Smith,Den,WR
1,3.65,Dancing Gorillas,Starter,Shaun Alexander,Was,RB
1,1.85,Dancing Gorillas,Starter,J.J. Arrington,Ari,RB
1,0.98,Dancing Gorillas,Starter,Daniel Graham,NO,TE
1,7.9,Dancing Gorillas,Non-Starter,Michael Vick,Pit,QB
1,1.0,Dancing Gorillas,Non-Starter,Marcel Shipp,Ari,RB
1,1.33,Dancing Gorillas,Non-Starter,David Patten,NO,WR
1,0.0,Dancing Gorillas,Non-Starter,Itula Mili,Sea,TE
1,15.0,Dancing Gorillas,Starter,Jeff Wilkins,LAR,K
1,7.0,Dancing Gorillas,Non-Starter,Phil Dawson,Ari,K
1,6.3,Dancing Gorillas,Starter,Seattle Seahawks,Sea,DEF
1,11.55,Dancing Gorillas,Non-Starter,Denver,Den,DEF
2,14.36,Dancing Gorillas,Starter,Michael Vick,Pit,QB
2,10.03,Dancing Gorillas,Starter,Laveranues Coles,NYJ,WR
2,5.15,Dancing Gorillas,Starter,Rod Smith,Den,WR
2,14.0,Dancing Gorillas,Starter,Shaun Alexander,Was,RB
2,1.15,Dancing Gorillas,Starter,Sammy Morris,Dal,RB
2,0.0,Dancing Gorillas,Starter,Ben Utecht,Cin,TE
2,0.0,Dancing Gorillas,Non-Starter,J.J. Arrington,Ari,RB
2,0.73,Dancing Gorillas,Non-Starter,David Patten,NO,WR
2,0.0,Dancing Gorillas,Non-Starter,Jay Fiedler,NYJ,QB
2,0.78,Dancing Gorillas,Non-Starter,Brandon Manumaleuna,Chi,TE
2,5.0,Dancing Gorillas,Starter,Jeff Wilkins,LAR,K
2,8.0,Dancing Gorillas,Non-Starter,Phil Dawson,Ari,K
2,7.85,Dancing Gorillas,Starter,Seattle Seahawks,Sea,DEF
2,23.5,Dancing Gorillas,Non-Starter,Denver,Den,DEF
3,10.54,Dancing Gorillas,Starter,Trent Dilfer,SF,QB
3,1.35,Dancing Gorillas,Starter,Laveranues Coles,NYJ,WR
3,10.88,Dancing Gorillas,Starter,Rod Smith,Den,WR
3,31.0,Dancing Gorillas,Starter,Shaun Alexander,Was,RB
3,1.53,Dancing Gorillas,Starter,Sammy Morris,Dal,RB
3,0.0,Dancing Gorillas,Starter,Brandon Manumaleuna,Chi,TE
3,20.79,Dancing Gorillas,Non-Starter,Michael Vick,Pit,QB
3,0.0,Dancing Gorillas,Non-Starter,Ben Utecht,Cin,TE
3,0.78,Dancing Gorillas,Non-Starter,J.J. Arrington,Ari,RB
3,0.0,Dancing Gorillas,Non-Starter,David Patten,NO,WR
3,1.01,Dancing Gorillas,Non-Starter,Jay Fiedler,NYJ,QB
3,8.0,Dancing Gorillas,Starter,Jeff Wilkins,LAR,K
3,7.0,Dancing Gorillas,Non-Starter,Phil Dawson,Ari,K
3,16.55,Dancing Gorillas,Starter,Seattle Seahawks,Sea,DEF
4,11.63,Dancing Gorillas,Starter,Michael Vick,Pit,QB
4,0.93,Dancing Gorillas,Starter,Laveranues Coles,NYJ,WR
4,2.15,Dancing Gorillas,Starter,Rod Smith,Den,WR
4,11.23,Dancing Gorillas,Starter,Shaun Alexander,Was,RB
4,0.65,Dancing Gorillas,Starter,J.J. Arrington,Ari,RB
4,0.0,Dancing Gorillas,Starter,Brandon Manumaleuna,Chi,TE
4,0.0,Dancing Gorillas,Non-Starter,Trent Dilfer,SF,QB
4,0.0,Dancing Gorillas,Non-Starter,Sammy Morris,Dal,RB
4,0.0,Dancing Gorillas,Non-Starter,Ben Utecht,Cin,TE
4,1.13,Dancing Gorillas,Non-Starter,David Patten,NO,WR
4,0.0,Dancing Gorillas,Non-Starter,Jay Fiedler,NYJ,QB
4,6.0,Dancing Gorillas,Starter,Jeff Wilkins,LAR,K
4,0.0,Dancing Gorillas,Non-Starter,Phil Dawson,Ari,K
4,10.05,Dancing Gorillas,Starter,Seattle Seahawks,Sea,DEF
5,0.0,Dancing Gorillas,Starter,Michael Vick,Pit,QB
5,5.2,Dancing Gorillas,Starter,Laveranues Coles,NYJ,WR
5,1.53,Dancing Gorillas,Starter,Rod Smith,Den,WR
5,19.13,Dancing Gorillas,Starter,Shaun Alexander,Was,RB
5,1.43,Dancing Gorillas,Starter,J.J. Arrington,Ari,RB
5,0.0,Dancing Gorillas,Starter,Brandon Manumaleuna,Chi,TE
5,17.44,Dancing Gorillas,Non-Starter,Trent Dilfer,SF,QB
5,0.53,Dancing Gorillas,Non-Starter,Sammy Morris,Dal,RB
5,0.0,Dancing Gorillas,Non-Starter,Ben Utecht,Cin,TE
5,4.03,Dancing Gorillas,Non-Starter,David Patten,NO,WR
5,0.0,Dancing Gorillas,Non-Starter,Jay Fiedler,NYJ,QB
5,8.0,Dancing Gorillas,Starter,Jeff Wilkins,LAR,K
5,9.0,Dancing Gorillas,Non-Starter,Phil Dawson,Ari,K
5,13.25,Dancing Gorillas,Starter,Seattle Seahawks,Sea,DEF
6,-0.31,Dancing Gorillas,Starter,Trent Dilfer,SF,QB
6,2.15,Dancing Gorillas,Starter,Laveranues Coles,NYJ,WR
6,12.9,Dancing Gorillas,Starter,Rod Smith,Den,WR
6,31.23,Dancing Gorillas,Starter,Shaun Alexander,Was,RB
6,1.15,Dancing Gorillas,Starter,Sammy Morris,Dal,RB
6,0.58,Dancing Gorillas,Starter,Brandon Manumaleuna,Chi,TE
6,12.04,Dancing Gorillas,Non-Starter,Michael Vick,Pit,QB
6,0.0,Dancing Gorillas,Non-Starter,J.J. Arrington,Ari,RB
6,0.0,Dancing Gorillas,Non-Starter,Ben Utecht,Cin,TE
6,1.35,Dancing Gorillas,Non-Starter,David Patten,NO,WR
6,0.0,Dancing Gorillas,Non-Starter,Jay Fiedler,NYJ,QB
6,9.0,Dancing Gorillas,Starter,Jeff Wilkins,LAR,K
6,3.0,Dancing Gorillas,Non-Starter,Phil Dawson,Ari,K
6,11.95,Dancing Gorillas,Starter,Seattle Seahawks,Sea,DEF
7,-3.32,Dancing Gorillas,Starter,Trent Dilfer,SF,QB
7,5.93,Dancing Gorillas,Starter,Laveranues Coles,NYJ,WR
7,2.93,Dancing Gorillas,Starter,Rod Smith,Den,WR
7,3.05,Dancing Gorillas,Starter,Shaun Alexander,Was,RB
7,0.0,Dancing Gorillas,Starter,Sammy Morris,Dal,RB
7,-2.58,Dancing Gorillas,Starter,Brandon Manumaleuna,Chi,TE
7,10.85,Dancing Gorillas,Non-Starter,Michael Vick,Pit,QB
7,2.1,Dancing Gorillas,Non-Starter,J.J. Arrington,Ari,RB
7,0.0,Dancing Gorillas,Non-Starter,Ben Utecht,Cin,TE
7,3.05,Dancing Gorillas,Non-Starter,David Patten,NO,WR
7,0.0,Dancing Gorillas,Non-Starter,Jay Fiedler,NYJ,QB
7,4.0,Dancing Gorillas,Starter,Jeff Wilkins,LAR,K
7,4.0,Dancing Gorillas,Non-Starter,Phil Dawson,Ari,K
7,17.15,Dancing Gorillas,Starter,Seattle Seahawks,Sea,DEF
8,11.78,Dancing Gorillas,Starter,Trent Dilfer,SF,QB
8,10.43,Dancing Gorillas,Starter,Rod Smith,Den,WR
8,0.43,Dancing Gorillas,Starter,David Patten,NO,WR
8,0.0,Dancing Gorillas,Starter,Sammy Morris,Dal,RB
8,0.78,Dancing Gorillas,Starter,J.J. Arrington,Ari,RB
8,0.6,Dancing Gorillas,Starter,Brandon Manumaleuna,Chi,TE
8,0.0,Dancing Gorillas,Non-Starter,Laveranues Coles,NYJ,WR
8,0.0,Dancing Gorillas,Non-Starter,Shaun Alexander,Was,RB
8,0.0,Dancing Gorillas,Non-Starter,Michael Vick,Pit,QB
8,0.0,Dancing Gorillas,Non-Starter,Ben Utecht,Cin,TE
8,7.0,Dancing Gorillas,Starter,Jeff Wilkins,LAR,K
8,10.0,Dancing Gorillas,Non-Starter,Phil Dawson,Ari,K
8,26.0,Dancing Gorillas,Starter,Las Vegas Raiders,LV,DEF
8,0.0,Dancing Gorillas,Non-Starter,Seattle Seahawks,Sea,DEF
9,12.09,Dancing Gorillas,Starter,Trent Dilfer,SF,QB
9,0.0,Dancing Gorillas,Starter,David Patten,NO,WR
9,9.95,Dancing Gorillas,Starter,Laveranues Coles,NYJ,WR
9,0.75,Dancing Gorillas,Starter,Sammy Morris,Dal,RB
9,20.65,Dancing Gorillas,Starter,Shaun Alexander,Was,RB
9,0.0,Dancing Gorillas,Starter,Ben Utecht,Cin,TE
9,0.0,Dancing Gorillas,Non-Starter,Brandon Manumaleuna,Chi,TE
9,3.6,Dancing Gorillas,Non-Starter,J.J. Arrington,Ari,RB
9,0.0,Dancing Gorillas,Non-Starter,Rod Smith,Den,WR
9,19.09,Dancing Gorillas,Non-Starter,Michael Vick,Pit,QB
9,8.0,Dancing Gorillas,Starter,Phil Dawson,Ari,K
9,0.0,Dancing Gorillas,Non-Starter,Jeff Wilkins,LAR,K
9,14.25,Dancing Gorillas,Starter,Las Vegas Raiders,LV,DEF
9,25.25,Dancing Gorillas,Non-Starter,Seattle Seahawks,Sea,DEF
10,28.43,Dancing Gorillas,Starter,Michael Vick,Pit,QB
10,1.88,Dancing Gorillas,Starter,Laveranues Coles,NYJ,WR
10,6.13,Dancing Gorillas,Starter,Rod Smith,Den,WR
10,0.0,Dancing Gorillas,Starter,Sammy Morris,Dal,RB
10,26.83,Dancing Gorillas,Starter,Shaun Alexander,Was,RB
10,7.15,Dancing Gorillas,Starter,Dallas Clark,Bal,TE
10,-0.07,Dancing Gorillas,Non-Starter,Brandon Manumaleuna,Chi,TE
10,14.69,Dancing Gorillas,Non-Starter,Trent Dilfer,SF,QB
10,1.58,Dancing Gorillas,Non-Starter,David Patten,NO,WR
10,7.53,Dancing Gorillas,Non-Starter,J.J. Arrington,Ari,RB
10,3.0,Dancing Gorillas,Starter,Phil Dawson,Ari,K
10,9.8,Dancing Gorillas,Non-Starter,Jeff Wilkins,LAR,K
10,16.65,Dancing Gorillas,Starter,Seattle Seahawks,Sea,DEF
10,12.4,Dancing Gorillas,Non-Starter,Las Vegas Raiders,LV,DEF
11,23.35,Dancing Gorillas,Starter,Michael Vick,Pit,QB
11,3.85,Dancing Gorillas,Starter,Laveranues Coles,NYJ,WR
11,3.48,Dancing Gorillas,Starter,Rod Smith,Den,WR
11,-0.13,Dancing Gorillas,Starter,Sammy Morris,Dal,RB
11,18.23,Dancing Gorillas,Starter,Shaun Alexander,Was,RB
11,13.0,Dancing Gorillas,Starter,Dallas Clark,Bal,TE
11,0.0,Dancing Gorillas,Non-Starter,Brandon Manumaleuna,Chi,TE
11,12.52,Dancing Gorillas,Non-Starter,Trent Dilfer,SF,QB
11,0.0,Dancing Gorillas,Non-Starter,David Patten,NO,WR
11,9.65,Dancing Gorillas,Non-Starter,J.J. Arrington,Ari,RB
11,11.0,Dancing Gorillas,Starter,Phil Dawson,Ari,K
11,9.0,Dancing Gorillas,Non-Starter,Jeff Wilkins,LAR,K
11,12.55,Dancing Gorillas,Starter,Seattle Seahawks,Sea,DEF
11,19.0,Dancing Gorillas,Non-Starter,Las Vegas Raiders,LV,DEF
12,19.02,Dancing Gorillas,Starter,Michael Vick,Pit,QB
12,2.18,Dancing Gorillas,Starter,Laveranues Coles,NYJ,WR
12,9.48,Dancing Gorillas,Starter,Rod Smith,Den,WR
12,0.0,Dancing Gorillas,Starter,Sammy Morris,Dal,RB
12,11.83,Dancing Gorillas,Starter,Shaun Alexander,Was,RB
12,1.2,Dancing Gorillas,Starter,Dallas Clark,Bal,TE
12,0.0,Dancing Gorillas,Non-Starter,Brandon Manumaleuna,Chi,TE
12,5.78,Dancing Gorillas,Non-Starter,Trent Dilfer,SF,QB
12,0.0,Dancing Gorillas,Non-Starter,David Patten,NO,WR
12,2.28,Dancing Gorillas,Non-Starter,J.J. Arrington,Ari,RB
12,6.0,Dancing Gorillas,Starter,Phil Dawson,Ari,K
12,10.0,Dancing Gorillas,Non-Starter,Jeff Wilkins,LAR,K
12,9.9,Dancing Gorillas,Starter,Seattle Seahawks,Sea,DEF
12,15.6,Dancing Gorillas,Non-Starter,Las Vegas Raiders,LV,DEF
13,5.27,Dancing Gorillas,Starter,Michael Vick,Pit,QB
13,2.25,Dancing Gorillas,Starter,Laveranues Coles,NYJ,WR
13,5.05,Dancing Gorillas,Starter,Rod Smith,Den,WR
13,0.0,Dancing Gorillas,Starter,Sammy Morris,Dal,RB
13,14.45,Dancing Gorillas,Starter,Shaun Alexander,Was,RB
13,2.1,Dancing Gorillas,Starter,Dallas Clark,Bal,TE
13,0.43,Dancing Gorillas,Non-Starter,Brandon Manumaleuna,Chi,TE
13,0.0,Dancing Gorillas,Non-Starter,Trent Dilfer,SF,QB
13,0.0,Dancing Gorillas,Non-Starter,David Patten,NO,WR
13,4.13,Dancing Gorillas,Non-Starter,J.J. Arrington,Ari,RB
13,2.0,Dancing Gorillas,Starter,Phil Dawson,Ari,K
13,1.0,Dancing Gorillas,Non-Starter,Jeff Wilkins,LAR,K
13,52.55,Dancing Gorillas,Starter,Seattle Seahawks,Sea,DEF
13,5.3,Dancing Gorillas,Non-Starter,Las Vegas Raiders,LV,DEF
1,27.89,Ice Men,Starter,Marc Bulger,Bal,QB
1,13.13,Ice Men,Starter,Randy Moss,SF,WR
1,10.2,Ice Men,Starter,Marvin Harrison,Ind,WR
1,3.15,Ice Men,Starter,Chris Brown,Hou,RB
1,5.2,Ice Men,Starter,Kevan Barlow,NYJ,RB
1,0.0,Ice Men,Starter,Eric Johnson,NO,TE
1,4.38,Ice Men,Non-Starter,T.J. Houshmandzadeh,LV,WR
1,4.67,Ice Men,Non-Starter,Kyle Boller,LV,QB
1,1.15,Ice Men,Non-Starter,Mark Campbell,NO,TE
1,2.98,Ice Men,Non-Starter,Jerald Sowell,TB,RB
1,6.0,Ice Men,Starter,Adam Vinatieri,Ind,K
1,10.0,Ice Men,Non-Starter,Lawrence Tynes,TB,K
1,9.8,Ice Men,Starter,Carolina Panthers,Car,DEF
1,17.75,Ice Men,Non-Starter,New Orleans,NO,DEF
2,13.2,Ice Men,Starter,Marc Bulger,Bal,QB
2,12.98,Ice Men,Starter,Randy Moss,SF,WR
2,2.18,Ice Men,Starter,Marvin Harrison,Ind,WR
2,0.28,Ice Men,Starter,Chris Brown,Hou,RB
2,3.63,Ice Men,Starter,Kevan Barlow,NYJ,RB
2,0.0,Ice Men,Starter,Eric Johnson,NO,TE
2,16.58,Ice Men,Non-Starter,T.J. Houshmandzadeh,LV,WR
2,0.0,Ice Men,Non-Starter,Kyle Boller,LV,QB
2,0.13,Ice Men,Non-Starter,Mark Campbell,NO,TE
2,6.58,Ice Men,Non-Starter,Jerald Sowell,TB,RB
2,6.0,Ice Men,Starter,Adam Vinatieri,Ind,K
2,12.0,Ice Men,Non-Starter,Lawrence Tynes,TB,K
2,26.65,Ice Men,Starter,Carolina Panthers,Car,DEF
2,7.55,Ice Men,Non-Starter,New Orleans,NO,DEF
3,21.12,Ice Men,Starter,Marc Bulger,Bal,QB
3,4.93,Ice Men,Starter,Randy Moss,SF,WR
3,0.9,Ice Men,Starter,T.J. Houshmandzadeh,LV,WR
3,4.65,Ice Men,Starter,Chris Brown,Hou,RB
3,5.15,Ice Men,Starter,Kevan Barlow,NYJ,RB
3,0.0,Ice Men,Starter,Eric Johnson,NO,TE
3,3.4,Ice Men,Non-Starter,Marvin Harrison,Ind,WR
3,0.0,Ice Men,Non-Starter,Kyle Boller,LV,QB
3,0.0,Ice Men,Non-Starter,Mark Campbell,NO,TE
3,6.05,Ice Men,Non-Starter,Jerald Sowell,TB,RB
3,4.0,Ice Men,Starter,Lawrence Tynes,TB,K
3,13.0,Ice Men,Non-Starter,Adam Vinatieri,Ind,K
3,7.1,Ice Men,Starter,Carolina Panthers,Car,DEF
3,12.1,Ice Men,Non-Starter,New Orleans,NO,DEF
4,25.22,Ice Men,Starter,Marc Bulger,Bal,QB
4,6.65,Ice Men,Starter,Randy Moss,SF,WR
4,6.5,Ice Men,Starter,T.J. Houshmandzadeh,LV,WR
4,2.65,Ice Men,Starter,Chris Brown,Hou,RB
4,7.9,Ice Men,Starter,Kevin Jones,Chi,RB
4,0.0,Ice Men,Starter,Mark Campbell,NO,TE
4,3.13,Ice Men,Non-Starter,Kevan Barlow,NYJ,RB
4,0.0,Ice Men,Non-Starter,Eric Johnson,NO,TE
4,0.38,Ice Men,Non-Starter,Jerald Sowell,TB,RB
4,0.0,Ice Men,Non-Starter,Braylon Edwards,Sea,WR
4,5.0,Ice Men,Starter,Adam Vinatieri,Ind,K
4,7.0,Ice Men,Non-Starter,Lawrence Tynes,TB,K
4,9.45,Ice Men,Starter,Carolina Panthers,Car,DEF
4,17.5,Ice Men,Non-Starter,New Orleans,NO,DEF
5,23.97,Ice Men,Starter,Marc Bulger,Bal,QB
5,0.0,Ice Men,Starter,T.J. Houshmandzadeh,LV,WR
5,0.0,Ice Men,Starter,Braylon Edwards,Sea,WR
5,4.68,Ice Men,Starter,Chris Brown,Hou,RB
5,14.9,Ice Men,Starter,Kevin Jones,Chi,RB
5,1.13,Ice Men,Starter,Mark Campbell,NO,TE
5,0.0,Ice Men,Non-Starter,Randy Moss,SF,WR
5,6.78,Ice Men,Non-Starter,Kevan Barlow,NYJ,RB
5,0.0,Ice Men,Non-Starter,Eric Johnson,NO,TE
5,0.0,Ice Men,Non-Starter,Jerald Sowell,TB,RB
5,7.0,Ice Men,Starter,Adam Vinatieri,Ind,K
5,0.0,Ice Men,Non-Starter,Lawrence Tynes,TB,K
5,18.75,Ice Men,Starter,Carolina Panthers,Car,DEF
5,3.15,Ice Men,Non-Starter,New Orleans,NO,DEF
6,7.17,Ice Men,Starter,Marc Bulger,Bal,QB
6,0.0,Ice Men,Starter,T.J. Houshmandzadeh,LV,WR
6,0.0,Ice Men,Starter,Randy Moss,SF,WR
6,14.98,Ice Men,Starter,Chris Brown,Hou,RB
6,1.45,Ice Men,Starter,Kevin Jones,Chi,RB
6,1.95,Ice Men,Starter,Mark Campbell,NO,TE
6,0.0,Ice Men,Non-Starter,Braylon Edwards,Sea,WR
6,0.0,Ice Men,Non-Starter,Kevan Barlow,NYJ,RB
6,0.0,Ice Men,Non-Starter,Eric Johnson,NO,TE
6,0.0,Ice Men,Non-Starter,Jerald Sowell,TB,RB
6,8.0,Ice Men,Starter,Adam Vinatieri,Ind,K
6,8.0,Ice Men,Non-Starter,Lawrence Tynes,TB,K
6,28.3,Ice Men,Starter,Carolina Panthers,Car,DEF
6,6.9,Ice Men,Non-Starter,New Orleans,NO,DEF
7,0.0,Ice Men,Starter,Marc Bulger,Bal,QB
7,5.48,Ice Men,Starter,T.J. Houshmandzadeh,LV,WR
7,8.53,Ice Men,Starter,Randy Moss,SF,WR
7,-1.15,Ice Men,Starter,Chris Brown,Hou,RB
7,4.45,Ice Men,Starter,Kevin Jones,Chi,RB
7,0.6,Ice Men,Starter,Mark Campbell,NO,TE
7,1.88,Ice Men,Non-Starter,Braylon Edwards,Sea,WR
7,8.7,Ice Men,Non-Starter,Kevan Barlow,NYJ,RB
7,0.0,Ice Men,Non-Starter,Eric Johnson,NO,TE
7,1.08,Ice Men,Non-Starter,Jerald Sowell,TB,RB
7,0.0,Ice Men,Starter,Adam Vinatieri,Ind,K
7,16.0,Ice Men,Non-Starter,Lawrence Tynes,TB,K
7,0.0,Ice Men,Starter,Carolina Panthers,Car,DEF
7,10.25,Ice Men,Non-Starter,New Orleans,NO,DEF
8,0.0,Ice Men,Starter,Marc Bulger,Bal,QB
8,10.33,Ice Men,Starter,T.J. Houshmandzadeh,LV,WR
8,1.68,Ice Men,Starter,Randy Moss,SF,WR
8,11.75,Ice Men,Starter,Chris Brown,Hou,RB
8,10.58,Ice Men,Starter,Kevin Jones,Chi,RB
8,0.58,Ice Men,Starter,Mark Campbell,NO,TE
8,1.85,Ice Men,Non-Starter,Braylon Edwards,Sea,WR
8,6.35,Ice Men,Non-Starter,Kevan Barlow,NYJ,RB
8,0.0,Ice Men,Non-Starter,Eric Johnson,NO,TE
8,0.0,Ice Men,Non-Starter,Jerald Sowell,TB,RB
8,3.0,Ice Men,Starter,Adam Vinatieri,Ind,K
8,8.0,Ice Men,Non-Starter,Lawrence Tynes,TB,K
8,10.85,Ice Men,Starter,Carolina Panthers,Car,DEF
8,12.75,Ice Men,Non-Starter,New Orleans,NO,DEF
9,0.0,Ice Men,Starter,Marc Bulger,Bal,QB
9,3.68,Ice Men,Starter,T.J. Houshmandzadeh,LV,WR
9,6.48,Ice Men,Starter,Randy Moss,SF,WR
9,11.28,Ice Men,Starter,Chris Brown,Hou,RB
9,1.28,Ice Men,Starter,Kevin Jones,Chi,RB
9,0.0,Ice Men,Starter,Mark Campbell,NO,TE
9,0.23,Ice Men,Non-Starter,Braylon Edwards,Sea,WR
9,3.0,Ice Men,Non-Starter,Kevan Barlow,NYJ,RB
9,0.0,Ice Men,Non-Starter,Eric Johnson,NO,TE
9,7.65,Ice Men,Non-Starter,Jerald Sowell,TB,RB
9,3.0,Ice Men,Starter,Adam Vinatieri,Ind,K
9,10.0,Ice Men,Non-Starter,Lawrence Tynes,TB,K
9,29.95,Ice Men,Starter,Carolina Panthers,Car,DEF
9,17.85,Ice Men,Non-Starter,New Orleans,NO,DEF
10,18.03,Ice Men,Starter,Marc Bulger,Bal,QB
10,0.0,Ice Men,Starter,T.J. Houshmandzadeh,LV,WR
10,11.1,Ice Men,Starter,Randy Moss,SF,WR
10,0.0,Ice Men,Starter,Chris Brown,Hou,RB
10,4.9,Ice Men,Starter,Kevin Jones,Chi,RB
10,2.6,Ice Men,Starter,Mark Campbell,NO,TE
10,3.45,Ice Men,Non-Starter,Braylon Edwards,Sea,WR
10,2.9,Ice Men,Non-Starter,Kevan Barlow,NYJ,RB
10,0.0,Ice Men,Non-Starter,Eric Johnson,NO,TE
10,0.65,Ice Men,Non-Starter,Jerald Sowell,TB,RB
10,9.0,Ice Men,Starter,Adam Vinatieri,Ind,K
10,3.0,Ice Men,Non-Starter,Lawrence Tynes,TB,K
10,37.0,Ice Men,Starter,Carolina Panthers,Car,DEF
10,0.0,Ice Men,Non-Starter,New Orleans,NO,DEF
11,21.86,Ice Men,Starter,Marc Bulger,Bal,QB
11,3.23,Ice Men,Starter,T.J. Houshmandzadeh,LV,WR
11,2.38,Ice Men,Starter,Randy Moss,SF,WR
11,18.45,Ice Men,Starter,Chris Brown,Hou,RB
11,9.73,Ice Men,Starter,Kevin Jones,Chi,RB
11,0.0,Ice Men,Starter,Mark Campbell,NO,TE
11,5.25,Ice Men,Non-Starter,Braylon Edwards,Sea,WR
11,2.15,Ice Men,Non-Starter,Kevan Barlow,NYJ,RB
11,0.0,Ice Men,Non-Starter,Eric Johnson,NO,TE
11,0.65,Ice Men,Non-Starter,Jerald Sowell,TB,RB
11,6.0,Ice Men,Starter,Adam Vinatieri,Ind,K
11,9.0,Ice Men,Non-Starter,Lawrence Tynes,TB,K
11,10.45,Ice Men,Starter,Carolina Panthers,Car,DEF
11,12.1,Ice Men,Non-Starter,New Orleans,NO,DEF
12,0.0,Ice Men,Starter,Marc Bulger,Bal,QB
12,11.83,Ice Men,Starter,T.J. Houshmandzadeh,LV,WR
12,1.78,Ice Men,Starter,Randy Moss,SF,WR
12,13.13,Ice Men,Starter,Chris Brown,Hou,RB
12,1.6,Ice Men,Starter,Kevin Jones,Chi,RB
12,0.0,Ice Men,Starter,Mark Campbell,NO,TE
12,2.6,Ice Men,Non-Starter,Braylon Edwards,Sea,WR
12,9.35,Ice Men,Non-Starter,Kevan Barlow,NYJ,RB
12,0.0,Ice Men,Non-Starter,Eric Johnson,NO,TE
12,0.35,Ice Men,Non-Starter,Jerald Sowell,TB,RB
12,4.0,Ice Men,Starter,Adam Vinatieri,Ind,K
12,15.0,Ice Men,Non-Starter,Lawrence Tynes,TB,K
12,16.25,Ice Men,Starter,Carolina Panthers,Car,DEF
12,8.45,Ice Men,Non-Starter,New Orleans,NO,DEF
13,0.0,Ice Men,Starter,Marc Bulger,Bal,QB
13,17.38,Ice Men,Starter,T.J. Houshmandzadeh,LV,WR
13,4.58,Ice Men,Starter,Randy Moss,SF,WR
13,2.03,Ice Men,Starter,Chris Brown,Hou,RB
13,0.0,Ice Men,Starter,Kevin Jones,Chi,RB
13,0.0,Ice Men,Starter,Mark Campbell,NO,TE
13,16.93,Ice Men,Non-Starter,Braylon Edwards,Sea,WR
13,0.0,Ice Men,Non-Starter,Kevan Barlow,NYJ,RB
13,0.0,Ice Men,Non-Starter,Eric Johnson,NO,TE
13,0.0,Ice Men,Non-Starter,Jerald Sowell,TB,RB
13,10.0,Ice Men,Starter,Adam Vinatieri,Ind,K
13,7.0,Ice Men,Non-Starter,Lawrence Tynes,TB,K
13,19.8,Ice Men,Starter,Carolina Panthers,Car,DEF
13,10.55,Ice Men,Non-Starter,New Orleans,NO,DEF
1,16.91,Joe's Cameltoes,Starter,Drew Brees,NO,QB
1,3.7,Joe's Cameltoes,Starter,Muhsin Muhammad,Car,WR
1,3.35,Joe's Cameltoes,Starter,Michael Clayton,NYG,WR
1,2.73,Joe's Cameltoes,Starter,Jamal Lewis,Cle,RB
1,0.0,Joe's Cameltoes,Starter,Jerome Bettis,Pit,RB
1,2.15,Joe's Cameltoes,Starter,Jermaine Wiggins,Min,TE
1,2.65,Joe's Cameltoes,Non-Starter,Maurice Hicks,Min,RB
1,22.1,Joe's Cameltoes,Non-Starter,Gus Frerotte,Min,QB
1,1.4,Joe's Cameltoes,Non-Starter,Samie Parker,KC,WR
1,0.0,Joe's Cameltoes,Non-Starter,Steve Bush,SF,RB|TE
1,6.0,Joe's Cameltoes,Starter,Mike Vanderjagt,Dal,K
1,9.0,Joe's Cameltoes,Non-Starter,John Kasay,NO,K
1,12.5,Joe's Cameltoes,Starter,New York Jets,NYJ,DEF
1,19.35,Joe's Cameltoes,Non-Starter,Chicago,Chi,DEF
2,2.25,Joe's Cameltoes,Starter,Drew Brees,NO,QB
2,10.8,Joe's Cameltoes,Starter,Muhsin Muhammad,Car,WR
2,4.95,Joe's Cameltoes,Starter,Michael Clayton,NYG,WR
2,-0.45,Joe's Cameltoes,Starter,Jamal Lewis,Cle,RB
2,1.5,Joe's Cameltoes,Starter,Maurice Hicks,Min,RB
2,0.28,Joe's Cameltoes,Starter,Chris Baker,Sea,TE
2,0.0,Joe's Cameltoes,Non-Starter,Jerome Bettis,Pit,RB
2,14.42,Joe's Cameltoes,Non-Starter,Gus Frerotte,Min,QB
2,0.28,Joe's Cameltoes,Non-Starter,Steve Bush,SF,RB|TE
2,0.0,Joe's Cameltoes,Non-Starter,Javon Walker,LV,WR
2,13.0,Joe's Cameltoes,Starter,John Kasay,NO,K
2,5.0,Joe's Cameltoes,Non-Starter,Mike Vanderjagt,Dal,K
2,9.6,Joe's Cameltoes,Starter,New York Jets,NYJ,DEF
2,50.7,Joe's Cameltoes,Non-Starter,Chicago,Chi,DEF
3,20.9,Joe's Cameltoes,Starter,Drew Brees,NO,QB
3,3.4,Joe's Cameltoes,Starter,Muhsin Muhammad,Car,WR
3,2.83,Joe's Cameltoes,Starter,Michael Clayton,NYG,WR
3,1.65,Joe's Cameltoes,Starter,Maurice Hicks,Min,RB
3,0.33,Joe's Cameltoes,Starter,Mike Alstott,TB,RB
3,2.63,Joe's Cameltoes,Starter,Chris Baker,Sea,TE
3,0.0,Joe's Cameltoes,Non-Starter,Jamal Lewis,Cle,RB
3,18.15,Joe's Cameltoes,Non-Starter,Gus Frerotte,Min,QB
3,0.0,Joe's Cameltoes,Non-Starter,Steve Bush,SF,RB|TE
3,1.7,Joe's Cameltoes,Non-Starter,Frisman Jackson,Cle,WR
3,8.0,Joe's Cameltoes,Starter,John Kasay,NO,K
3,7.0,Joe's Cameltoes,Non-Starter,Mike Vanderjagt,Dal,K
3,8.0,Joe's Cameltoes,Starter,Chicago,Chi,DEF
3,19.6,Joe's Cameltoes,Non-Starter,New York Jets,NYJ,DEF
4,22.29,Joe's Cameltoes,Starter,Drew Brees,NO,QB
4,0.8,Joe's Cameltoes,Starter,Michael Clayton,NYG,WR
4,12.85,Joe's Cameltoes,Starter,Anquan Boldin,Det,WR
4,0.6,Joe's Cameltoes,Starter,Mike Alstott,TB,RB
4,3.45,Joe's Cameltoes,Starter,Ahman Green,GB,RB
4,2.1,Joe's Cameltoes,Starter,Chris Baker,Sea,TE
4,0.0,Joe's Cameltoes,Non-Starter,Frisman Jackson,Cle,WR
4,0.95,Joe's Cameltoes,Non-Starter,Maurice Hicks,Min,RB
4,0.0,Joe's Cameltoes,Non-Starter,Gus Frerotte,Min,QB
4,0.0,Joe's Cameltoes,Non-Starter,Steve Heiden,Cle,TE
4,8.0,Joe's Cameltoes,Starter,John Kasay,NO,K
4,7.0,Joe's Cameltoes,Non-Starter,Mike Vanderjagt,Dal,K
4,11.2,Joe's Cameltoes,Starter,Tampa Bay Buccaneers,TB,DEF
4,16.05,Joe's Cameltoes,Non-Starter,New York Jets,NYJ,DEF
5,15.07,Joe's Cameltoes,Starter,Gus Frerotte,Min,QB
5,12.5,Joe's Cameltoes,Starter,Anquan Boldin,Det,WR
5,0.0,Joe's Cameltoes,Starter,Frisman Jackson,Cle,WR
5,1.18,Joe's Cameltoes,Starter,Mike Alstott,TB,RB
5,0.0,Joe's Cameltoes,Starter,Ahman Green,GB,RB
5,-2.33,Joe's Cameltoes,Starter,Chris Baker,Sea,TE
5,14.41,Joe's Cameltoes,Non-Starter,Drew Brees,NO,QB
5,0.0,Joe's Cameltoes,Non-Starter,Michael Clayton,NYG,WR
5,1.55,Joe's Cameltoes,Non-Starter,Maurice Hicks,Min,RB
5,0.8,Joe's Cameltoes,Non-Starter,Steve Heiden,Cle,TE
5,7.0,Joe's Cameltoes,Starter,John Kasay,NO,K
5,4.0,Joe's Cameltoes,Non-Starter,Mike Vanderjagt,Dal,K
5,13.95,Joe's Cameltoes,Starter,Tampa Bay Buccaneers,TB,DEF
5,16.9,Joe's Cameltoes,Non-Starter,New York Jets,NYJ,DEF
6,13.28,Joe's Cameltoes,Starter,Drew Brees,NO,QB
6,0.0,Joe's Cameltoes,Starter,Frisman Jackson,Cle,WR
6,4.43,Joe's Cameltoes,Starter,Ashley Lelie,LV,WR
6,14.4,Joe's Cameltoes,Starter,Patrick Pass,NYG,RB
6,0.0,Joe's Cameltoes,Starter,Chris Baker,Sea,TE
6,1.7,Joe's Cameltoes,Non-Starter,Michael Clayton,NYG,WR
6,7.79,Joe's Cameltoes,Non-Starter,Gus Frerotte,Min,QB
6,0.0,Joe's Cameltoes,Non-Starter,Anquan Boldin,Det,WR
6,0.0,Joe's Cameltoes,Non-Starter,Ahman Green,GB,RB
6,0.0,Joe's Cameltoes,Non-Starter,Maurice Hicks,Min,RB
6,2.4,Joe's Cameltoes,Non-Starter,Steve Heiden,Cle,TE
6,3.0,Joe's Cameltoes,Starter,John Kasay,NO,K
6,22.15,Joe's Cameltoes,Starter,Tampa Bay Buccaneers,TB,DEF
6,10.45,Joe's Cameltoes,Non-Starter,New York Jets,NYJ,DEF
7,20.31,Joe's Cameltoes,Starter,Drew Brees,NO,QB
7,0.0,Joe's Cameltoes,Starter,Frisman Jackson,Cle,WR
7,3.83,Joe's Cameltoes,Starter,Ashley Lelie,LV,WR
7,0.0,Joe's Cameltoes,Starter,Patrick Pass,NYG,RB
7,0.53,Joe's Cameltoes,Starter,Chris Baker,Sea,TE
7,0.0,Joe's Cameltoes,Non-Starter,Michael Clayton,NYG,WR
7,4.5,Joe's Cameltoes,Non-Starter,Gus Frerotte,Min,QB
7,0.75,Joe's Cameltoes,Non-Starter,Anquan Boldin,Det,WR
7,3.6,Joe's Cameltoes,Non-Starter,Ahman Green,GB,RB
7,3.33,Joe's Cameltoes,Non-Starter,Maurice Hicks,Min,RB
7,0.65,Joe's Cameltoes,Non-Starter,Steve Heiden,Cle,TE
7,0.0,Joe's Cameltoes,Starter,John Kasay,NO,K
7,0.0,Joe's Cameltoes,Starter,Tampa Bay Buccaneers,TB,DEF
7,17.8,Joe's Cameltoes,Non-Starter,New York Jets,NYJ,DEF
8,30.03,Joe's Cameltoes,Starter,Drew Brees,NO,QB
8,0.0,Joe's Cameltoes,Starter,Frisman Jackson,Cle,WR
8,4.43,Joe's Cameltoes,Starter,Ashley Lelie,LV,WR
8,-0.88,Joe's Cameltoes,Starter,Patrick Pass,NYG,RB
8,0.0,Joe's Cameltoes,Starter,Chris Baker,Sea,TE
8,2.0,Joe's Cameltoes,Non-Starter,Michael Clayton,NYG,WR
8,8.81,Joe's Cameltoes,Non-Starter,Gus Frerotte,Min,QB
8,9.95,Joe's Cameltoes,Non-Starter,Anquan Boldin,Det,WR
8,0.0,Joe's Cameltoes,Non-Starter,Ahman Green,GB,RB
8,2.65,Joe's Cameltoes,Non-Starter,Steve Heiden,Cle,TE
8,1.43,Joe's Cameltoes,Non-Starter,Marshall Faulk,LAR,RB
8,9.0,Joe's Cameltoes,Starter,John Kasay,NO,K
8,6.65,Joe's Cameltoes,Starter,Tampa Bay Buccaneers,TB,DEF
8,0.0,Joe's Cameltoes,Non-Starter,New York Jets,NYJ,DEF
9,11.18,Joe's Cameltoes,Starter,Drew Brees,NO,QB
9,0.0,Joe's Cameltoes,Starter,Frisman Jackson,Cle,WR
9,0.0,Joe's Cameltoes,Starter,Ashley Lelie,LV,WR
9,0.0,Joe's Cameltoes,Starter,Patrick Pass,NYG,RB
9,0.0,Joe's Cameltoes,Starter,Marshall Faulk,LAR,RB
9,2.7,Joe's Cameltoes,Starter,Chris Baker,Sea,TE
9,1.35,Joe's Cameltoes,Non-Starter,Michael Clayton,NYG,WR
9,3.39,Joe's Cameltoes,Non-Starter,Gus Frerotte,Min,QB
9,0.0,Joe's Cameltoes,Non-Starter,Anquan Boldin,Det,WR
9,0.0,Joe's Cameltoes,Non-Starter,Ahman Green,GB,RB
9,1.0,Joe's Cameltoes,Non-Starter,Steve Heiden,Cle,TE
9,10.0,Joe's Cameltoes,Starter,John Kasay,NO,K
9,7.0,Joe's Cameltoes,Starter,Tampa Bay Buccaneers,TB,DEF
9,12.2,Joe's Cameltoes,Non-Starter,New York Jets,NYJ,DEF
10,0.0,Joe's Cameltoes,Starter,Drew Brees,NO,QB
10,0.0,Joe's Cameltoes,Starter,Frisman Jackson,Cle,WR
10,4.18,Joe's Cameltoes,Starter,Ashley Lelie,LV,WR
10,0.0,Joe's Cameltoes,Starter,Patrick Pass,NYG,RB
10,3.33,Joe's Cameltoes,Starter,Marshall Faulk,LAR,RB
10,0.0,Joe's Cameltoes,Starter,Chris Baker,Sea,TE
10,0.0,Joe's Cameltoes,Non-Starter,Michael Clayton,NYG,WR
10,25.2,Joe's Cameltoes,Non-Starter,Gus Frerotte,Min,QB
10,0.0,Joe's Cameltoes,Non-Starter,Anquan Boldin,Det,WR
10,0.0,Joe's Cameltoes,Non-Starter,Ahman Green,GB,RB
10,0.13,Joe's Cameltoes,Non-Starter,Steve Heiden,Cle,TE
10,13.0,Joe's Cameltoes,Starter,John Kasay,NO,K
10,10.25,Joe's Cameltoes,Starter,Tampa Bay Buccaneers,TB,DEF
10,11.85,Joe's Cameltoes,Non-Starter,New York Jets,NYJ,DEF
11,38.36,Joe's Cameltoes,Starter,Drew Brees,NO,QB
11,0.0,Joe's Cameltoes,Starter,Frisman Jackson,Cle,WR
11,4.55,Joe's Cameltoes,Starter,Ashley Lelie,LV,WR
11,4.7,Joe's Cameltoes,Starter,Patrick Pass,NYG,RB
11,0.28,Joe's Cameltoes,Starter,Marshall Faulk,LAR,RB
11,0.0,Joe's Cameltoes,Starter,Chris Baker,Sea,TE
11,2.78,Joe's Cameltoes,Non-Starter,Michael Clayton,NYG,WR
11,3.81,Joe's Cameltoes,Non-Starter,Gus Frerotte,Min,QB
11,14.25,Joe's Cameltoes,Non-Starter,Anquan Boldin,Det,WR
11,0.0,Joe's Cameltoes,Non-Starter,Ahman Green,GB,RB
11,2.05,Joe's Cameltoes,Non-Starter,Steve Heiden,Cle,TE
11,3.0,Joe's Cameltoes,Starter,John Kasay,NO,K
11,17.4,Joe's Cameltoes,Starter,Tampa Bay Buccaneers,TB,DEF
11,10.45,Joe's Cameltoes,Non-Starter,New York Jets,NYJ,DEF
12,3.65,Joe's Cameltoes,Starter,Drew Brees,NO,QB
12,2.53,Joe's Cameltoes,Starter,Frisman Jackson,Cle,WR
12,0.0,Joe's Cameltoes,Starter,Ashley Lelie,LV,WR
12,7.33,Joe's Cameltoes,Starter,Patrick Pass,NYG,RB
12,0.83,Joe's Cameltoes,Starter,Marshall Faulk,LAR,RB
12,0.0,Joe's Cameltoes,Starter,Chris Baker,Sea,TE
12,0.0,Joe's Cameltoes,Non-Starter,Michael Clayton,NYG,WR
12,20.35,Joe's Cameltoes,Non-Starter,Gus Frerotte,Min,QB
12,7.2,Joe's Cameltoes,Non-Starter,Anquan Boldin,Det,WR
12,0.0,Joe's Cameltoes,Non-Starter,Ahman Green,GB,RB
12,3.38,Joe's Cameltoes,Non-Starter,Steve Heiden,Cle,TE
12,7.0,Joe's Cameltoes,Starter,John Kasay,NO,K
12,17.05,Joe's Cameltoes,Starter,Tampa Bay Buccaneers,TB,DEF
12,5.8,Joe's Cameltoes,Non-Starter,New York Jets,NYJ,DEF
13,20.08,Joe's Cameltoes,Starter,Drew Brees,NO,QB
13,1.0,Joe's Cameltoes,Starter,Frisman Jackson,Cle,WR
13,3.4,Joe's Cameltoes,Starter,Ashley Lelie,LV,WR
13,0.0,Joe's Cameltoes,Starter,Patrick Pass,NYG,RB
13,0.15,Joe's Cameltoes,Starter,Marshall Faulk,LAR,RB
13,0.0,Joe's Cameltoes,Starter,Chris Baker,Sea,TE
13,0.0,Joe's Cameltoes,Non-Starter,Michael Clayton,NYG,WR
13,7.3,Joe's Cameltoes,Non-Starter,Gus Frerotte,Min,QB
13,15.18,Joe's Cameltoes,Non-Starter,Anquan Boldin,Det,WR
13,0.0,Joe's Cameltoes,Non-Starter,Ahman Green,GB,RB
13,0.33,Joe's Cameltoes,Non-Starter,Steve Heiden,Cle,TE
13,6.0,Joe's Cameltoes,Starter,John Kasay,NO,K
13,25.45,Joe's Cameltoes,Starter,Tampa Bay Buccaneers,TB,DEF
13,7.2,Joe's Cameltoes,Non-Starter,New York Jets,NYJ,DEF
1,24.11,Team Carlin,Starter,Peyton Manning,Den,QB
1,13.9,Team Carlin,Starter,Steve Smith,Bal,WR
1,11.83,Team Carlin,Starter,Deion Branch,Ind,WR
1,4.03,Team Carlin,Starter,Steven Jackson,NE,RB
1,5.98,Team Carlin,Starter,Warrick Dunn,TB,RB
1,2.08,Team Carlin,Starter,Chris Cooley,Was,RB|TE
1,0.0,Team Carlin,Non-Starter,Antonio Gates,LAC,TE
1,5.03,Team Carlin,Non-Starter,Brandon Stokley,Bal,WR
1,2.85,Team Carlin,Non-Starter,Donte' Stallworth,NE,WR
1,4.03,Team Carlin,Non-Starter,Kevin Curtis,Mia,WR
1,7.53,Team Carlin,Non-Starter,Anthony Wright,NYG,QB
1,16.0,Team Carlin,Starter,Josh Scobee,Pit,K
1,19.3,Team Carlin,Starter,Cincinnati Bengals,Cin,DEF
1,22.05,Team Carlin,Non-Starter,Detroit,Det,DEF
2,4.57,Team Carlin,Starter,Peyton Manning,Den,QB
2,3.5,Team Carlin,Starter,Steve Smith,Bal,WR
2,4.0,Team Carlin,Starter,Deion Branch,Ind,WR
2,11.7,Team Carlin,Starter,Steven Jackson,NE,RB
2,2.7,Team Carlin,Starter,Warrick Dunn,TB,RB
2,4.75,Team Carlin,Starter,Antonio Gates,LAC,TE
2,1.25,Team Carlin,Non-Starter,Chris Cooley,Was,RB|TE
2,1.45,Team Carlin,Non-Starter,Brandon Stokley,Bal,WR
2,1.7,Team Carlin,Non-Starter,Kevin Curtis,Mia,WR
2,15.37,Team Carlin,Non-Starter,Anthony Wright,NYG,QB
2,21.85,Team Carlin,Non-Starter,Stephen Davis,LAR,RB
2,3.0,Team Carlin,Starter,Josh Scobee,Pit,K
2,6.95,Team Carlin,Starter,Detroit,Det,DEF
2,28.65,Team Carlin,Non-Starter,Cincinnati Bengals,Cin,DEF
3,6.66,Team Carlin,Starter,Peyton Manning,Den,QB
3,25.08,Team Carlin,Starter,Steve Smith,Bal,WR
3,4.65,Team Carlin,Starter,Deion Branch,Ind,WR
3,2.83,Team Carlin,Starter,Steven Jackson,NE,RB
3,2.85,Team Carlin,Starter,Stephen Davis,LAR,RB
3,11.35,Team Carlin,Starter,Antonio Gates,LAC,TE
3,5.23,Team Carlin,Non-Starter,Warrick Dunn,TB,RB
3,0.0,Team Carlin,Non-Starter,Chris Cooley,Was,RB|TE
3,0.58,Team Carlin,Non-Starter,Brandon Stokley,Bal,WR
3,9.43,Team Carlin,Non-Starter,Kevin Curtis,Mia,WR
3,0.0,Team Carlin,Non-Starter,Mark Brunell,NYJ,QB
3,9.0,Team Carlin,Starter,Josh Scobee,Pit,K
3,25.65,Team Carlin,Starter,Cincinnati Bengals,Cin,DEF
3,0.0,Team Carlin,Non-Starter,Detroit,Det,DEF
4,35.31,Team Carlin,Starter,Peyton Manning,Den,QB
4,1.8,Team Carlin,Starter,Steve Smith,Bal,WR
4,0.43,Team Carlin,Starter,Deion Branch,Ind,WR
4,15.73,Team Carlin,Starter,Stephen Davis,LAR,RB
4,12.78,Team Carlin,Starter,Warrick Dunn,TB,RB
4,6.15,Team Carlin,Starter,Antonio Gates,LAC,TE
4,12.58,Team Carlin,Non-Starter,Steven Jackson,NE,RB
4,3.55,Team Carlin,Non-Starter,Chris Cooley,Was,RB|TE
4,0.0,Team Carlin,Non-Starter,Brandon Stokley,Bal,WR
4,1.65,Team Carlin,Non-Starter,Kevin Curtis,Mia,WR
4,21.32,Team Carlin,Non-Starter,Mark Brunell,NYJ,QB
4,1.0,Team Carlin,Starter,Josh Scobee,Pit,K
4,17.1,Team Carlin,Starter,Cincinnati Bengals,Cin,DEF
4,18.9,Team Carlin,Non-Starter,Detroit,Det,DEF
5,11.85,Team Carlin,Starter,Peyton Manning,Den,QB
5,18.95,Team Carlin,Starter,Steve Smith,Bal,WR
5,6.35,Team Carlin,Starter,Deion Branch,Ind,WR
5,8.3,Team Carlin,Starter,Stephen Davis,LAR,RB
5,13.7,Team Carlin,Starter,Steven Jackson,NE,RB
5,9.68,Team Carlin,Starter,Antonio Gates,LAC,TE
5,5.55,Team Carlin,Non-Starter,Warrick Dunn,TB,RB
5,11.1,Team Carlin,Non-Starter,Chris Cooley,Was,RB|TE
5,3.7,Team Carlin,Non-Starter,Brandon Stokley,Bal,WR
5,9.78,Team Carlin,Non-Starter,Kevin Curtis,Mia,WR
5,26.67,Team Carlin,Non-Starter,Mark Brunell,NYJ,QB
5,15.0,Team Carlin,Starter,Josh Scobee,Pit,K
5,6.5,Team Carlin,Starter,Cincinnati Bengals,Cin,DEF
5,20.15,Team Carlin,Non-Starter,Detroit,Det,DEF
6,22.87,Team Carlin,Starter,Peyton Manning,Den,QB
6,13.25,Team Carlin,Starter,Steve Smith,Bal,WR
6,5.23,Team Carlin,Starter,Deion Branch,Ind,WR
6,9.98,Team Carlin,Starter,Steven Jackson,NE,RB
6,12.0,Team Carlin,Starter,Warrick Dunn,TB,RB
6,1.1,Team Carlin,Starter,Antonio Gates,LAC,TE
6,1.35,Team Carlin,Non-Starter,Stephen Davis,LAR,RB
6,9.45,Team Carlin,Non-Starter,Chris Cooley,Was,RB|TE
6,2.4,Team Carlin,Non-Starter,Brandon Stokley,Bal,WR
6,10.03,Team Carlin,Non-Starter,Kevin Curtis,Mia,WR
6,26.97,Team Carlin,Non-Starter,Mark Brunell,NYJ,QB
6,5.0,Team Carlin,Starter,Josh Scobee,Pit,K
6,17.85,Team Carlin,Starter,Cincinnati Bengals,Cin,DEF
6,32.75,Team Carlin,Non-Starter,Detroit,Det,DEF
7,17.34,Team Carlin,Starter,Peyton Manning,Den,QB
7,1.33,Team Carlin,Starter,Brandon Stokley,Bal,WR
7,10.08,Team Carlin,Starter,Kevin Curtis,Mia,WR
7,18.05,Team Carlin,Starter,Steven Jackson,NE,RB
7,8.3,Team Carlin,Starter,Warrick Dunn,TB,RB
7,10.6,Team Carlin,Starter,Antonio Gates,LAC,TE
7,0.0,Team Carlin,Non-Starter,Steve Smith,Bal,WR
7,0.0,Team Carlin,Non-Starter,Deion Branch,Ind,WR
7,0.0,Team Carlin,Non-Starter,Stephen Davis,LAR,RB
7,2.65,Team Carlin,Non-Starter,Chris Cooley,Was,RB|TE
7,27.17,Team Carlin,Non-Starter,Mark Brunell,NYJ,QB
7,10.0,Team Carlin,Starter,Nick Novak,LAC,K
7,20.4,Team Carlin,Starter,Detroit,Det,DEF
7,11.45,Team Carlin,Non-Starter,Cincinnati Bengals,Cin,DEF
8,3.23,Team Carlin,Starter,Mark Brunell,NYJ,QB
8,17.93,Team Carlin,Starter,Steve Smith,Bal,WR
8,11.63,Team Carlin,Starter,Kevin Curtis,Mia,WR
8,16.25,Team Carlin,Starter,Steven Jackson,NE,RB
8,14.48,Team Carlin,Starter,Stephen Davis,LAR,RB
8,26.5,Team Carlin,Starter,Antonio Gates,LAC,TE
8,10.98,Team Carlin,Non-Starter,Deion Branch,Ind,WR
8,0.0,Team Carlin,Non-Starter,Peyton Manning,Den,QB
8,0.0,Team Carlin,Non-Starter,Warrick Dunn,TB,RB
8,-1.68,Team Carlin,Non-Starter,Chris Cooley,Was,RB|TE
8,1.15,Team Carlin,Non-Starter,Brandon Lloyd,SF,WR
8,3.0,Team Carlin,Starter,Josh Scobee,Pit,K
8,14.1,Team Carlin,Starter,Detroit,Det,DEF
8,20.6,Team Carlin,Non-Starter,Cincinnati Bengals,Cin,DEF
9,30.75,Team Carlin,Starter,Peyton Manning,Den,QB
9,12.95,Team Carlin,Starter,Steve Smith,Bal,WR
9,9.53,Team Carlin,Starter,Deion Branch,Ind,WR
9,14.58,Team Carlin,Starter,Stephen Davis,LAR,RB
9,12.05,Team Carlin,Starter,Warrick Dunn,TB,RB
9,7.6,Team Carlin,Starter,Antonio Gates,LAC,TE
9,7.93,Team Carlin,Non-Starter,Mark Brunell,NYJ,QB
9,0.0,Team Carlin,Non-Starter,Kevin Curtis,Mia,WR
9,0.0,Team Carlin,Non-Starter,Steven Jackson,NE,RB
9,5.13,Team Carlin,Non-Starter,Chris Cooley,Was,RB|TE
9,0.78,Team Carlin,Non-Starter,Brandon Lloyd,SF,WR
9,3.0,Team Carlin,Starter,Josh Scobee,Pit,K
9,11.7,Team Carlin,Starter,Detroit,Det,DEF
9,13.7,Team Carlin,Non-Starter,Cincinnati Bengals,Cin,DEF
10,31.77,Team Carlin,Starter,Peyton Manning,Den,QB
10,2.53,Team Carlin,Starter,Steve Smith,Bal,WR
10,4.73,Team Carlin,Starter,Deion Branch,Ind,WR
10,10.05,Team Carlin,Starter,Stephen Davis,LAR,RB
10,6.38,Team Carlin,Starter,Steven Jackson,NE,RB
10,4.05,Team Carlin,Starter,Chris Cooley,Was,RB|TE
10,10.15,Team Carlin,Non-Starter,Warrick Dunn,TB,RB
10,0.0,Team Carlin,Non-Starter,Antonio Gates,LAC,TE
10,17.52,Team Carlin,Non-Starter,Mark Brunell,NYJ,QB
10,3.3,Team Carlin,Non-Starter,Kevin Curtis,Mia,WR
10,12.0,Team Carlin,Non-Starter,Adrian Peterson,Chi,RB
10,9.0,Team Carlin,Starter,David Akers,Det,K
10,9.95,Team Carlin,Starter,Detroit,Det,DEF
10,0.0,Team Carlin,Non-Starter,Cincinnati Bengals,Cin,DEF
11,30.15,Team Carlin,Starter,Peyton Manning,Den,QB
11,10.65,Team Carlin,Starter,Steve Smith,Bal,WR
11,8.53,Team Carlin,Starter,Deion Branch,Ind,WR
11,0.3,Team Carlin,Starter,Stephen Davis,LAR,RB
11,-1.53,Team Carlin,Starter,Steven Jackson,NE,RB
11,10.48,Team Carlin,Starter,Antonio Gates,LAC,TE
11,4.33,Team Carlin,Non-Starter,Chris Cooley,Was,RB|TE
11,5.35,Team Carlin,Non-Starter,Warrick Dunn,TB,RB
11,6.35,Team Carlin,Non-Starter,Mark Brunell,NYJ,QB
11,12.03,Team Carlin,Non-Starter,Kevin Curtis,Mia,WR
11,1.85,Team Carlin,Non-Starter,Adrian Peterson,Chi,RB
11,5.0,Team Carlin,Starter,David Akers,Det,K
11,9.45,Team Carlin,Starter,Detroit,Det,DEF
11,6.05,Team Carlin,Non-Starter,Cincinnati Bengals,Cin,DEF
12,18.9,Team Carlin,Starter,Peyton Manning,Den,QB
12,4.25,Team Carlin,Starter,Steve Smith,Bal,WR
12,3.08,Team Carlin,Starter,Deion Branch,Ind,WR
12,1.25,Team Carlin,Starter,Stephen Davis,LAR,RB
12,11.85,Team Carlin,Starter,Steven Jackson,NE,RB
12,2.33,Team Carlin,Starter,Antonio Gates,LAC,TE
12,1.78,Team Carlin,Non-Starter,Chris Cooley,Was,RB|TE
12,5.93,Team Carlin,Non-Starter,Warrick Dunn,TB,RB
12,15.33,Team Carlin,Non-Starter,Mark Brunell,NYJ,QB
12,8.93,Team Carlin,Non-Starter,Kevin Curtis,Mia,WR
12,1.35,Team Carlin,Non-Starter,Adrian Peterson,Chi,RB
12,14.0,Team Carlin,Starter,David Akers,Det,K
12,14.75,Team Carlin,Starter,Cincinnati Bengals,Cin,DEF
12,10.7,Team Carlin,Non-Starter,Detroit,Det,DEF
13,22.44,Team Carlin,Starter,Peyton Manning,Den,QB
13,10.13,Team Carlin,Starter,Steve Smith,Bal,WR
13,2.83,Team Carlin,Starter,Deion Branch,Ind,WR
13,2.6,Team Carlin,Starter,Steven Jackson,NE,RB
13,4.43,Team Carlin,Starter,Warrick Dunn,TB,RB
13,9.05,Team Carlin,Starter,Antonio Gates,LAC,TE
13,0.4,Team Carlin,Non-Starter,Stephen Davis,LAR,RB
13,9.53,Team Carlin,Non-Starter,Chris Cooley,Was,RB|TE
13,13.5,Team Carlin,Non-Starter,Mark Brunell,NYJ,QB
13,0.55,Team Carlin,Non-Starter,Kevin Curtis,Mia,WR
13,0.0,Team Carlin,Starter,David Akers,Det,K
13,8.0,Team Carlin,Non-Starter,Josh Scobee,Pit,K
13,20.0,Team Carlin,Starter,Cincinnati Bengals,Cin,DEF
13,8.45,Team Carlin,Non-Starter,Detroit,Det,DEF
14,26.28,Team Carlin,Starter,Peyton Manning,Den,QB
14,7.15,Team Carlin,Starter,Steve Smith,Bal,WR
14,4.78,Team Carlin,Starter,Deion Branch,Ind,WR
14,3.35,Team Carlin,Starter,Steven Jackson,NE,RB
14,5.85,Team Carlin,Starter,Warrick Dunn,TB,RB
14,13.78,Team Carlin,Starter,Antonio Gates,LAC,TE
14,1.15,Team Carlin,Non-Starter,Stephen Davis,LAR,RB
14,1.75,Team Carlin,Non-Starter,Chris Cooley,Was,RB|TE
14,-0.91,Team Carlin,Non-Starter,Mark Brunell,NYJ,QB
14,0.9,Team Carlin,Non-Starter,Kevin Curtis,Mia,WR
14,14.0,Team Carlin,Starter,David Akers,Det,K
14,4.0,Team Carlin,Non-Starter,Josh Scobee,Pit,K
14,12.8,Team Carlin,Starter,Cincinnati Bengals,Cin,DEF
14,19.3,Team Carlin,Non-Starter,Detroit,Det,DEF
15,15.55,Team Carlin,Starter,Peyton Manning,Den,QB
15,18.85,Team Carlin,Starter,Steve Smith,Bal,WR
15,1.6,Team Carlin,Starter,Deion Branch,Ind,WR
15,4.1,Team Carlin,Starter,Steven Jackson,NE,RB
15,4.63,Team Carlin,Starter,Warrick Dunn,TB,RB
15,2.2,Team Carlin,Starter,Antonio Gates,LAC,TE
15,0.0,Team Carlin,Non-Starter,Stephen Davis,LAR,RB
15,22.3,Team Carlin,Non-Starter,Chris Cooley,Was,RB|TE
15,31.21,Team Carlin,Non-Starter,Mark Brunell,NYJ,QB
15,0.48,Team Carlin,Non-Starter,Kevin Curtis,Mia,WR
15,5.0,Team Carlin,Starter,David Akers,Det,K
15,4.0,Team Carlin,Non-Starter,Josh Scobee,Pit,K
15,17.35,Team Carlin,Starter,Cincinnati Bengals,Cin,DEF
15,7.8,Team Carlin,Non-Starter,Detroit,Det,DEF
16,13.89,Team Carlin,Starter,Mark Brunell,NYJ,QB
16,1.03,Team Carlin,Starter,Steve Smith,Bal,WR
16,3.95,Team Carlin,Starter,Deion Branch,Ind,WR
16,3.33,Team Carlin,Starter,Warrick Dunn,TB,RB
16,8.68,Team Carlin,Starter,Chris Cooley,Was,RB|TE
16,9.1,Team Carlin,Starter,Antonio Gates,LAC,TE
16,8.83,Team Carlin,Non-Starter,Steven Jackson,NE,RB
16,4.95,Team Carlin,Non-Starter,Peyton Manning,Den,QB
16,0.0,Team Carlin,Non-Starter,Stephen Davis,LAR,RB
16,1.0,Team Carlin,Non-Starter,Kevin Curtis,Mia,WR
16,3.0,Team Carlin,Starter,David Akers,Det,K
16,8.0,Team Carlin,Non-Starter,Josh Scobee,Pit,K
16,8.25,Team Carlin,Starter,Cincinnati Bengals,Cin,DEF
16,21.5,Team Carlin,Non-Starter,Detroit,Det,DEF
1,12.85,The Cheats,Starter,Matt Hasselbeck,Ind,QB
1,3.6,The Cheats,Starter,Anquan Boldin,Det,WR
1,1.68,The Cheats,Starter,Charles Rogers,Det,WR
1,0.83,The Cheats,Starter,Domanick Williams,Hou,RB
1,5.23,The Cheats,Starter,Ahman Green,GB,RB
1,2.4,The Cheats,Starter,Todd Heap,Ari,TE
1,1.63,The Cheats,Non-Starter,Andre Johnson,Ten,WR
1,16.04,The Cheats,Non-Starter,Brian Griese,TB,QB
1,1.98,The Cheats,Non-Starter,Steve Heiden,Cle,TE
1,7.3,The Cheats,Non-Starter,Kyle Johnson,Den,RB
1,4.0,The Cheats,Starter,Jason Elam,Atl,K
1,2.0,The Cheats,Non-Starter,Josh Brown,NYG,K
1,27.5,The Cheats,Starter,Tampa Bay Buccaneers,TB,DEF
1,3.1,The Cheats,Non-Starter,Tennessee,Ten,DEF
2,24.45,The Cheats,Starter,Matt Hasselbeck,Ind,QB
2,6.95,The Cheats,Starter,Anquan Boldin,Det,WR
2,1.5,The Cheats,Starter,Andre Johnson,Ten,WR
2,11.1,The Cheats,Starter,Domanick Williams,Hou,RB
2,5.58,The Cheats,Starter,Ahman Green,GB,RB
2,3.43,The Cheats,Starter,Todd Heap,Ari,TE
2,1.93,The Cheats,Non-Starter,Charles Rogers,Det,WR
2,7.37,The Cheats,Non-Starter,Brian Griese,TB,QB
2,17.95,The Cheats,Non-Starter,Steve Heiden,Cle,TE
2,6.15,The Cheats,Non-Starter,Kyle Johnson,Den,RB
2,0.23,The Cheats,Non-Starter,Alex Smith,Was,TE
2,10.0,The Cheats,Starter,Jason Elam,Atl,K
2,3.0,The Cheats,Non-Starter,Josh Brown,NYG,K
2,15.95,The Cheats,Starter,Tampa Bay Buccaneers,TB,DEF
3,11.22,The Cheats,Starter,Matt Hasselbeck,Ind,QB
3,6.05,The Cheats,Starter,Anquan Boldin,Det,WR
3,14.38,The Cheats,Starter,Travis Taylor,Det,WR
3,4.63,The Cheats,Starter,Ahman Green,GB,RB
3,3.1,The Cheats,Starter,Marcel Shipp,Ari,RB
3,0.85,The Cheats,Starter,Steve Heiden,Cle,TE
3,17.16,The Cheats,Non-Starter,Brian Griese,TB,QB
3,0.0,The Cheats,Non-Starter,Andre Johnson,Ten,WR
3,0.0,The Cheats,Non-Starter,Domanick Williams,Hou,RB
3,0.0,The Cheats,Non-Starter,Todd Heap,Ari,TE
3,0.0,The Cheats,Non-Starter,Charles Rogers,Det,WR
3,14.0,The Cheats,Starter,Jason Elam,Atl,K
3,19.55,The Cheats,Starter,Tampa Bay Buccaneers,TB,DEF
3,10.65,The Cheats,Non-Starter,Denver,Den,DEF
4,19.64,The Cheats,Starter,Matt Hasselbeck,Ind,QB
4,2.28,The Cheats,Starter,Andre Johnson,Ten,WR
4,3.73,The Cheats,Starter,Travis Taylor,Det,WR
4,6.1,The Cheats,Starter,Domanick Williams,Hou,RB
4,7.05,The Cheats,Starter,Jamal Lewis,Cle,RB
4,-2.5,The Cheats,Starter,Marcus Pollard,Atl,TE
4,2.45,The Cheats,Non-Starter,Todd Heap,Ari,TE
4,2.33,The Cheats,Non-Starter,Marcel Shipp,Ari,RB
4,14.02,The Cheats,Non-Starter,Brian Griese,TB,QB
4,0.0,The Cheats,Non-Starter,Muhsin Muhammad,Car,WR
4,6.43,The Cheats,Non-Starter,Bobby Engram,KC,WR
4,9.0,The Cheats,Starter,Jason Elam,Atl,K
4,20.65,The Cheats,Starter,Denver,Den,DEF
4,0.0,The Cheats,Non-Starter,Chicago,Chi,DEF
5,26.65,The Cheats,Starter,Matt Hasselbeck,Ind,QB
5,3.35,The Cheats,Starter,Muhsin Muhammad,Car,WR
5,0.0,The Cheats,Starter,Andre Johnson,Ten,WR
5,9.65,The Cheats,Starter,Domanick Williams,Hou,RB
5,11.85,The Cheats,Starter,Jamal Lewis,Cle,RB
5,8.95,The Cheats,Starter,Todd Heap,Ari,TE
5,10.55,The Cheats,Non-Starter,Brian Griese,TB,QB
5,0.0,The Cheats,Non-Starter,Bobby Engram,KC,WR
5,0.0,The Cheats,Non-Starter,Travis Taylor,Det,WR
5,1.65,The Cheats,Non-Starter,Marcel Shipp,Ari,RB
5,14.93,The Cheats,Non-Starter,Najeh Davenport,Ind,RB
5,3.0,The Cheats,Starter,Jason Elam,Atl,K
5,15.7,The Cheats,Starter,Chicago,Chi,DEF
5,9.7,The Cheats,Non-Starter,Denver,Den,DEF
6,12.61,The Cheats,Starter,Matt Hasselbeck,Ind,QB
6,3.03,The Cheats,Starter,Muhsin Muhammad,Car,WR
6,2.2,The Cheats,Starter,Antonio Bryant,TB,WR
6,9.65,The Cheats,Starter,Domanick Williams,Hou,RB
6,3.75,The Cheats,Starter,Jamal Lewis,Cle,RB
6,10.7,The Cheats,Starter,Todd Heap,Ari,TE
6,2.1,The Cheats,Non-Starter,Travis Taylor,Det,WR
6,0.0,The Cheats,Non-Starter,Andre Johnson,Ten,WR
6,11.95,The Cheats,Non-Starter,Brian Griese,TB,QB
6,0.0,The Cheats,Non-Starter,Bobby Engram,KC,WR
6,0.0,The Cheats,Non-Starter,Marcel Shipp,Ari,RB
6,4.0,The Cheats,Starter,Jason Elam,Atl,K
6,22.85,The Cheats,Starter,Chicago,Chi,DEF
6,2.9,The Cheats,Non-Starter,Denver,Den,DEF
7,13.16,The Cheats,Starter,Matt Hasselbeck,Ind,QB
7,9.78,The Cheats,Starter,Brandon Jones,SF,WR
7,2.3,The Cheats,Starter,Eric Moulds,Ten,WR
7,11.38,The Cheats,Starter,Domanick Williams,Hou,RB
7,2.25,The Cheats,Starter,Jamal Lewis,Cle,RB
7,4.43,The Cheats,Starter,Todd Heap,Ari,TE
7,2.33,The Cheats,Non-Starter,Muhsin Muhammad,Car,WR
7,0.0,The Cheats,Non-Starter,Andre Johnson,Ten,WR
7,0.0,The Cheats,Non-Starter,Bobby Engram,KC,WR
7,9.74,The Cheats,Non-Starter,Jamie Martin,SF,QB
7,0.0,The Cheats,Non-Starter,Greg Jones,Hou,RB
7,13.0,The Cheats,Starter,Jason Elam,Atl,K
7,14.5,The Cheats,Starter,Chicago,Chi,DEF
7,9.6,The Cheats,Non-Starter,Denver,Den,DEF
8,10.31,The Cheats,Starter,David Carr,NYG,QB
8,13.38,The Cheats,Starter,Eric Moulds,Ten,WR
8,8.95,The Cheats,Starter,Muhsin Muhammad,Car,WR
8,6.05,The Cheats,Starter,Domanick Williams,Hou,RB
8,0.18,The Cheats,Starter,Jamal Lewis,Cle,RB
8,2.53,The Cheats,Starter,Todd Heap,Ari,TE
8,0.0,The Cheats,Non-Starter,Matt Hasselbeck,Ind,QB
8,0.0,The Cheats,Non-Starter,Brandon Jones,SF,WR
8,0.0,The Cheats,Non-Starter,Andre Johnson,Ten,WR
8,0.0,The Cheats,Non-Starter,Bobby Engram,KC,WR
8,0.1,The Cheats,Non-Starter,Greg Jones,Hou,RB
8,7.0,The Cheats,Starter,Jason Elam,Atl,K
8,21.1,The Cheats,Starter,Chicago,Chi,DEF
8,10.75,The Cheats,Non-Starter,Denver,Den,DEF
9,19.39,The Cheats,Starter,Matt Hasselbeck,Ind,QB
9,4.63,The Cheats,Starter,Muhsin Muhammad,Car,WR
9,1.58,The Cheats,Starter,Bobby Engram,KC,WR
9,0.0,The Cheats,Starter,Domanick Williams,Hou,RB
9,2.45,The Cheats,Starter,Jamal Lewis,Cle,RB
9,-1.1,The Cheats,Starter,Todd Heap,Ari,TE
9,0.0,The Cheats,Non-Starter,Eric Moulds,Ten,WR
9,5.68,The Cheats,Non-Starter,Andre Johnson,Ten,WR
9,7.35,The Cheats,Non-Starter,Greg Jones,Hou,RB
9,10.31,The Cheats,Non-Starter,Kurt Warner,Ari,QB
9,1.48,The Cheats,Non-Starter,Bubba Franks,NYJ,TE
9,0.0,The Cheats,Starter,Jason Elam,Atl,K
9,20.75,The Cheats,Starter,Chicago,Chi,DEF
9,0.0,The Cheats,Non-Starter,Denver,Den,DEF
10,10.71,The Cheats,Starter,Matt Hasselbeck,Ind,QB
10,4.25,The Cheats,Starter,Bobby Engram,KC,WR
10,1.93,The Cheats,Starter,Eric Moulds,Ten,WR
10,23.9,The Cheats,Starter,Sam Gado,Ten,RB
10,11.78,The Cheats,Starter,Greg Jones,Hou,RB
10,3.53,The Cheats,Starter,Todd Heap,Ari,TE
10,0.0,The Cheats,Non-Starter,Domanick Williams,Hou,RB
10,3.48,The Cheats,Non-Starter,Jamal Lewis,Cle,RB
10,0.28,The Cheats,Non-Starter,Muhsin Muhammad,Car,WR
10,2.5,The Cheats,Non-Starter,Andre Johnson,Ten,WR
10,22.56,The Cheats,Non-Starter,Kurt Warner,Ari,QB
10,11.0,The Cheats,Starter,Jason Elam,Atl,K
10,21.7,The Cheats,Starter,Chicago,Chi,DEF
10,25.05,The Cheats,Non-Starter,Denver,Den,DEF
11,17.26,The Cheats,Starter,Matt Hasselbeck,Ind,QB
11,5.4,The Cheats,Starter,Bobby Engram,KC,WR
11,0.5,The Cheats,Starter,Andre Johnson,Ten,WR
11,1.98,The Cheats,Starter,Sam Gado,Ten,RB
11,2.25,The Cheats,Starter,Greg Jones,Hou,RB
11,1.95,The Cheats,Starter,Todd Heap,Ari,TE
11,2.53,The Cheats,Non-Starter,Eric Moulds,Ten,WR
11,11.88,The Cheats,Non-Starter,Domanick Williams,Hou,RB
11,-1.6,The Cheats,Non-Starter,Jamal Lewis,Cle,RB
11,9.2,The Cheats,Non-Starter,Muhsin Muhammad,Car,WR
11,31.0,The Cheats,Non-Starter,Kurt Warner,Ari,QB
11,10.0,The Cheats,Starter,Jason Elam,Atl,K
11,22.45,The Cheats,Starter,Chicago,Chi,DEF
11,29.35,The Cheats,Non-Starter,Denver,Den,DEF
12,21.58,The Cheats,Starter,Matt Hasselbeck,Ind,QB
12,-0.55,The Cheats,Starter,Bobby Engram,KC,WR
12,2.4,The Cheats,Starter,Muhsin Muhammad,Car,WR
12,9.9,The Cheats,Starter,Greg Jones,Hou,RB
12,12.58,The Cheats,Starter,Domanick Williams,Hou,RB
12,17.1,The Cheats,Starter,Todd Heap,Ari,TE
12,15.45,The Cheats,Non-Starter,Andre Johnson,Ten,WR
12,9.23,The Cheats,Non-Starter,Sam Gado,Ten,RB
12,5.08,The Cheats,Non-Starter,Eric Moulds,Ten,WR
12,14.08,The Cheats,Non-Starter,Jamal Lewis,Cle,RB
12,21.93,The Cheats,Non-Starter,Kurt Warner,Ari,QB
12,6.0,The Cheats,Starter,Jason Elam,Atl,K
12,15.5,The Cheats,Starter,Chicago,Chi,DEF
12,17.4,The Cheats,Non-Starter,Denver,Den,DEF
13,16.08,The Cheats,Starter,Kurt Warner,Ari,QB
13,8.08,The Cheats,Starter,Bobby Engram,KC,WR
13,4.0,The Cheats,Starter,Andre Johnson,Ten,WR
13,-0.63,The Cheats,Starter,Jamal Lewis,Cle,RB
13,5.73,The Cheats,Starter,Greg Jones,Hou,RB
13,2.93,The Cheats,Starter,Todd Heap,Ari,TE
13,9.45,The Cheats,Non-Starter,Domanick Williams,Hou,RB
13,10.84,The Cheats,Non-Starter,Matt Hasselbeck,Ind,QB
13,0.0,The Cheats,Non-Starter,Muhsin Muhammad,Car,WR
13,10.48,The Cheats,Non-Starter,Sam Gado,Ten,RB
13,0.0,The Cheats,Non-Starter,Eric Moulds,Ten,WR
13,10.0,The Cheats,Starter,Jason Elam,Atl,K
13,27.25,The Cheats,Starter,Chicago,Chi,DEF
13,10.7,The Cheats,Non-Starter,Denver,Den,DEF
14,13.5,The Cheats,Starter,Kurt Warner,Ari,QB
14,16.0,The Cheats,Starter,Bobby Engram,KC,WR
14,1.73,The Cheats,Starter,Andre Johnson,Ten,WR
14,16.33,The Cheats,Starter,Domanick Williams,Hou,RB
14,15.25,The Cheats,Starter,Sam Gado,Ten,RB
14,3.88,The Cheats,Starter,Todd Heap,Ari,TE
14,31.72,The Cheats,Non-Starter,Matt Hasselbeck,Ind,QB
14,0.0,The Cheats,Non-Starter,Jamal Lewis,Cle,RB
14,2.68,The Cheats,Non-Starter,Greg Jones,Hou,RB
14,5.55,The Cheats,Non-Starter,Muhsin Muhammad,Car,WR
14,0.0,The Cheats,Non-Starter,Eric Moulds,Ten,WR
14,8.0,The Cheats,Starter,Jason Elam,Atl,K
14,3.0,The Cheats,Starter,Chicago,Chi,DEF
14,21.8,The Cheats,Non-Starter,Denver,Den,DEF
15,29.75,The Cheats,Starter,Matt Hasselbeck,Ind,QB
15,5.5,The Cheats,Starter,Bobby Engram,KC,WR
15,3.33,The Cheats,Starter,Andre Johnson,Ten,WR
15,2.43,The Cheats,Starter,Sam Gado,Ten,RB
15,2.95,The Cheats,Starter,Greg Jones,Hou,RB
15,18.63,The Cheats,Starter,Todd Heap,Ari,TE
15,11.95,The Cheats,Non-Starter,Jamal Lewis,Cle,RB
15,0.0,The Cheats,Non-Starter,Domanick Williams,Hou,RB
15,10.8,The Cheats,Non-Starter,Kurt Warner,Ari,QB
15,2.38,The Cheats,Non-Starter,Muhsin Muhammad,Car,WR
15,6.63,The Cheats,Non-Starter,Eric Moulds,Ten,WR
15,4.0,The Cheats,Starter,Jason Elam,Atl,K
15,20.1,The Cheats,Starter,Chicago,Chi,DEF
15,3.85,The Cheats,Non-Starter,Denver,Den,DEF
16,20.11,The Cheats,Starter,Matt Hasselbeck,Ind,QB
16,0.78,The Cheats,Starter,Bobby Engram,KC,WR
16,6.73,The Cheats,Starter,Brandon Stokley,Bal,WR
16,6.33,The Cheats,Starter,Jonathan Wells,Hou,RB
16,4.5,The Cheats,Starter,Jamal Lewis,Cle,RB
16,8.0,The Cheats,Starter,Todd Heap,Ari,TE
16,0.0,The Cheats,Non-Starter,Greg Jones,Hou,RB
16,12.93,The Cheats,Non-Starter,Andre Johnson,Ten,WR
16,0.0,The Cheats,Non-Starter,Domanick Williams,Hou,RB
16,9.53,The Cheats,Non-Starter,Muhsin Muhammad,Car,WR
16,6.2,The Cheats,Non-Starter,Eric Moulds,Ten,WR
16,10.0,The Cheats,Starter,Jason Elam,Atl,K
16,25.5,The Cheats,Starter,Chicago,Chi,DEF
16,18.85,The Cheats,Non-Starter,Denver,Den,DEF
1,11.67,Corner Meal Plan,Starter,Jake Plummer,Den,QB
1,3.0,Corner Meal Plan,Starter,Reggie Wayne,Ind,WR
1,10.0,Corner Meal Plan,Starter,Darrell Jackson,Den,WR
1,15.7,Corner Meal Plan,Starter,Deuce McAllister,NO,RB
1,12.35,Corner Meal Plan,Starter,Tiki Barber,NYG,RB
1,7.7,Corner Meal Plan,Starter,Jeremy Shockey,Car,TE
1,-1.73,Corner Meal Plan,Non-Starter,Patrick Ramsey,Min,QB
1,1.8,Corner Meal Plan,Non-Starter,David Givens,Ten,WR
1,0.0,Corner Meal Plan,Non-Starter,Michael Pittman,Den,RB
1,7.9,Corner Meal Plan,Non-Starter,Ben Troupe,LV,TE
1,9.0,Corner Meal Plan,Starter,Shayne Graham,Atl,K
1,7.0,Corner Meal Plan,Non-Starter,Matt Bryant,Atl,K
1,17.65,Corner Meal Plan,Starter,Atlanta Falcons,Atl,DEF
1,12.35,Corner Meal Plan,Non-Starter,Los Angeles,LAC,DEF
2,9.56,Corner Meal Plan,Starter,Jake Plummer,Den,QB
2,1.33,Corner Meal Plan,Starter,Reggie Wayne,Ind,WR
2,7.55,Corner Meal Plan,Starter,Darrell Jackson,Den,WR
2,5.3,Corner Meal Plan,Starter,Deuce McAllister,NO,RB
2,16.58,Corner Meal Plan,Starter,Tiki Barber,NYG,RB
2,3.83,Corner Meal Plan,Starter,Jeremy Shockey,Car,TE
2,0.0,Corner Meal Plan,Non-Starter,Patrick Ramsey,Min,QB
2,3.43,Corner Meal Plan,Non-Starter,David Givens,Ten,WR
2,3.68,Corner Meal Plan,Non-Starter,Michael Pittman,Den,RB
2,0.38,Corner Meal Plan,Non-Starter,Ben Troupe,LV,TE
2,14.0,Corner Meal Plan,Starter,Shayne Graham,Atl,K
2,6.0,Corner Meal Plan,Non-Starter,Matt Bryant,Atl,K
2,9.5,Corner Meal Plan,Starter,Atlanta Falcons,Atl,DEF
2,13.55,Corner Meal Plan,Non-Starter,Los Angeles,LAC,DEF
3,19.37,Corner Meal Plan,Starter,Jake Plummer,Den,QB
3,5.6,Corner Meal Plan,Starter,Reggie Wayne,Ind,WR
3,7.25,Corner Meal Plan,Starter,Darrell Jackson,Den,WR
3,10.6,Corner Meal Plan,Starter,Deuce McAllister,NO,RB
3,3.38,Corner Meal Plan,Starter,Tiki Barber,NYG,RB
3,5.8,Corner Meal Plan,Starter,Jeremy Shockey,Car,TE
3,0.0,Corner Meal Plan,Non-Starter,Patrick Ramsey,Min,QB
3,7.63,Corner Meal Plan,Non-Starter,David Givens,Ten,WR
3,0.15,Corner Meal Plan,Non-Starter,Michael Pittman,Den,RB
3,7.35,Corner Meal Plan,Non-Starter,Ben Troupe,LV,TE
3,6.0,Corner Meal Plan,Starter,Shayne Graham,Atl,K
3,6.0,Corner Meal Plan,Non-Starter,Matt Bryant,Atl,K
3,14.5,Corner Meal Plan,Starter,Atlanta Falcons,Atl,DEF
3,11.2,Corner Meal Plan,Non-Starter,Los Angeles,LAC,DEF
4,20.2,Corner Meal Plan,Starter,Jake Plummer,Den,QB
4,8.65,Corner Meal Plan,Starter,Reggie Wayne,Ind,WR
4,9.63,Corner Meal Plan,Starter,Darrell Jackson,Den,WR
4,7.55,Corner Meal Plan,Starter,Deuce McAllister,NO,RB
4,13.4,Corner Meal Plan,Starter,Tiki Barber,NYG,RB
4,9.35,Corner Meal Plan,Starter,Jeremy Shockey,Car,TE
4,0.0,Corner Meal Plan,Non-Starter,Patrick Ramsey,Min,QB
4,4.05,Corner Meal Plan,Non-Starter,David Givens,Ten,WR
4,13.05,Corner Meal Plan,Non-Starter,Michael Pittman,Den,RB
4,2.2,Corner Meal Plan,Non-Starter,Ben Troupe,LV,TE
4,11.0,Corner Meal Plan,Starter,Shayne Graham,Atl,K
4,6.0,Corner Meal Plan,Non-Starter,Matt Bryant,Atl,K
4,24.5,Corner Meal Plan,Starter,Atlanta Falcons,Atl,DEF
4,19.2,Corner Meal Plan,Non-Starter,Los Angeles,LAC,DEF
5,12.42,Corner Meal Plan,Starter,Jake Plummer,Den,QB
5,4.5,Corner Meal Plan,Starter,Reggie Wayne,Ind,WR
5,0.0,Corner Meal Plan,Starter,Darrell Jackson,Den,WR
5,3.58,Corner Meal Plan,Starter,Deuce McAllister,NO,RB
5,0.0,Corner Meal Plan,Starter,Tiki Barber,NYG,RB
5,0.0,Corner Meal Plan,Starter,Jeremy Shockey,Car,TE
5,0.0,Corner Meal Plan,Non-Starter,Patrick Ramsey,Min,QB
5,0.95,Corner Meal Plan,Non-Starter,David Givens,Ten,WR
5,5.23,Corner Meal Plan,Non-Starter,Michael Pittman,Den,RB
5,10.35,Corner Meal Plan,Non-Starter,Ben Troupe,LV,TE
5,9.0,Corner Meal Plan,Starter,Shayne Graham,Atl,K
5,13.0,Corner Meal Plan,Non-Starter,Matt Bryant,Atl,K
5,6.35,Corner Meal Plan,Starter,Atlanta Falcons,Atl,DEF
5,13.4,Corner Meal Plan,Non-Starter,Los Angeles,LAC,DEF
6,22.67,Corner Meal Plan,Starter,Jake Plummer,Den,QB
6,9.83,Corner Meal Plan,Starter,Reggie Wayne,Ind,WR
6,0.0,Corner Meal Plan,Starter,Darrell Jackson,Den,WR
6,0.0,Corner Meal Plan,Starter,Deuce McAllister,NO,RB
6,3.58,Corner Meal Plan,Starter,Tiki Barber,NYG,RB
6,13.08,Corner Meal Plan,Starter,Jeremy Shockey,Car,TE
6,0.0,Corner Meal Plan,Non-Starter,Patrick Ramsey,Min,QB
6,9.78,Corner Meal Plan,Non-Starter,David Givens,Ten,WR
6,13.03,Corner Meal Plan,Non-Starter,Michael Pittman,Den,RB
6,1.6,Corner Meal Plan,Non-Starter,Ben Troupe,LV,TE
6,7.0,Corner Meal Plan,Starter,Shayne Graham,Atl,K
6,9.0,Corner Meal Plan,Non-Starter,Matt Bryant,Atl,K
6,25.15,Corner Meal Plan,Starter,Atlanta Falcons,Atl,DEF
6,13.55,Corner Meal Plan,Non-Starter,Los Angeles,LAC,DEF
7,16.31,Corner Meal Plan,Starter,Jake Plummer,Den,QB
7,5.58,Corner Meal Plan,Starter,Reggie Wayne,Ind,WR
7,0.0,Corner Meal Plan,Starter,David Givens,Ten,WR
7,9.25,Corner Meal Plan,Starter,Tiki Barber,NYG,RB
7,0.0,Corner Meal Plan,Starter,Michael Pittman,Den,RB
7,2.58,Corner Meal Plan,Starter,Jeremy Shockey,Car,TE
7,0.0,Corner Meal Plan,Non-Starter,Darrell Jackson,Den,WR
7,0.0,Corner Meal Plan,Non-Starter,Deuce McAllister,NO,RB
7,0.26,Corner Meal Plan,Non-Starter,Patrick Ramsey,Min,QB
7,1.13,Corner Meal Plan,Non-Starter,Ben Troupe,LV,TE
7,7.0,Corner Meal Plan,Starter,Shayne Graham,Atl,K
7,0.0,Corner Meal Plan,Non-Starter,Matt Bryant,Atl,K
7,27.55,Corner Meal Plan,Starter,Atlanta Falcons,Atl,DEF
7,14.75,Corner Meal Plan,Non-Starter,Los Angeles,LAC,DEF
8,38.41,Corner Meal Plan,Starter,Jake Plummer,Den,QB
8,0.0,Corner Meal Plan,Starter,Reggie Wayne,Ind,WR
8,3.78,Corner Meal Plan,Starter,David Givens,Ten,WR
8,16.68,Corner Meal Plan,Starter,Tiki Barber,NYG,RB
8,0.53,Corner Meal Plan,Starter,Michael Pittman,Den,RB
8,7.83,Corner Meal Plan,Starter,Jeremy Shockey,Car,TE
8,0.0,Corner Meal Plan,Non-Starter,Darrell Jackson,Den,WR
8,0.0,Corner Meal Plan,Non-Starter,Deuce McAllister,NO,RB
8,2.62,Corner Meal Plan,Non-Starter,Patrick Ramsey,Min,QB
8,0.7,Corner Meal Plan,Non-Starter,Ben Troupe,LV,TE
8,3.0,Corner Meal Plan,Starter,Shayne Graham,Atl,K
8,5.0,Corner Meal Plan,Non-Starter,Matt Bryant,Atl,K
8,0.0,Corner Meal Plan,Starter,Atlanta Falcons,Atl,DEF
8,13.65,Corner Meal Plan,Non-Starter,Los Angeles,LAC,DEF
9,10.56,Corner Meal Plan,Starter,Chris Simms,Ten,QB
9,13.33,Corner Meal Plan,Starter,Reggie Wayne,Ind,WR
9,1.85,Corner Meal Plan,Starter,Travis Taylor,Det,WR
9,5.4,Corner Meal Plan,Starter,Tiki Barber,NYG,RB
9,2.65,Corner Meal Plan,Starter,Michael Pittman,Den,RB
9,10.35,Corner Meal Plan,Starter,Jeremy Shockey,Car,TE
9,0.0,Corner Meal Plan,Non-Starter,Darrell Jackson,Den,WR
9,3.7,Corner Meal Plan,Non-Starter,David Givens,Ten,WR
9,0.0,Corner Meal Plan,Non-Starter,Jake Plummer,Den,QB
9,0.0,Corner Meal Plan,Non-Starter,Ben Troupe,LV,TE
9,3.0,Corner Meal Plan,Starter,Shayne Graham,Atl,K
9,2.0,Corner Meal Plan,Non-Starter,Matt Bryant,Atl,K
9,10.65,Corner Meal Plan,Starter,Atlanta Falcons,Atl,DEF
9,9.25,Corner Meal Plan,Non-Starter,Los Angeles,LAC,DEF
10,17.2,Corner Meal Plan,Starter,Jake Plummer,Den,QB
10,0.68,Corner Meal Plan,Starter,Travis Taylor,Det,WR
10,4.6,Corner Meal Plan,Starter,Reggie Wayne,Ind,WR
10,19.3,Corner Meal Plan,Starter,Tiki Barber,NYG,RB
10,0.75,Corner Meal Plan,Starter,Michael Pittman,Den,RB
10,3.38,Corner Meal Plan,Starter,Jeremy Shockey,Car,TE
10,0.0,Corner Meal Plan,Non-Starter,David Givens,Ten,WR
10,29.33,Corner Meal Plan,Non-Starter,Chris Simms,Ten,QB
10,0.0,Corner Meal Plan,Non-Starter,Darrell Jackson,Den,WR
10,0.0,Corner Meal Plan,Non-Starter,Ben Troupe,LV,TE
10,4.0,Corner Meal Plan,Starter,Matt Bryant,Atl,K
10,0.0,Corner Meal Plan,Non-Starter,Shayne Graham,Atl,K
10,9.5,Corner Meal Plan,Starter,Atlanta Falcons,Atl,DEF
10,0.0,Corner Meal Plan,Non-Starter,Los Angeles,LAC,DEF
11,8.0,Corner Meal Plan,Starter,Jake Plummer,Den,QB
11,1.9,Corner Meal Plan,Starter,Travis Taylor,Det,WR
11,12.48,Corner Meal Plan,Starter,Reggie Wayne,Ind,WR
11,6.95,Corner Meal Plan,Starter,Tiki Barber,NYG,RB
11,0.3,Corner Meal Plan,Starter,Michael Pittman,Den,RB
11,6.18,Corner Meal Plan,Starter,Jeremy Shockey,Car,TE
11,0.0,Corner Meal Plan,Non-Starter,David Givens,Ten,WR
11,3.61,Corner Meal Plan,Non-Starter,Chris Simms,Ten,QB
11,0.0,Corner Meal Plan,Non-Starter,Darrell Jackson,Den,WR
11,0.0,Corner Meal Plan,Non-Starter,Ben Troupe,LV,TE
11,14.0,Corner Meal Plan,Starter,Matt Bryant,Atl,K
11,16.0,Corner Meal Plan,Non-Starter,Shayne Graham,Atl,K
11,8.55,Corner Meal Plan,Starter,Atlanta Falcons,Atl,DEF
11,18.55,Corner Meal Plan,Non-Starter,Los Angeles,LAC,DEF
12,11.87,Corner Meal Plan,Starter,Jake Plummer,Den,QB
12,4.38,Corner Meal Plan,Starter,Travis Taylor,Det,WR
12,3.73,Corner Meal Plan,Starter,Reggie Wayne,Ind,WR
12,9.53,Corner Meal Plan,Starter,Tiki Barber,NYG,RB
12,1.23,Corner Meal Plan,Starter,Michael Pittman,Den,RB
12,15.6,Corner Meal Plan,Starter,Jeremy Shockey,Car,TE
12,0.0,Corner Meal Plan,Non-Starter,David Givens,Ten,WR
12,7.09,Corner Meal Plan,Non-Starter,Chris Simms,Ten,QB
12,0.0,Corner Meal Plan,Non-Starter,Darrell Jackson,Den,WR
12,1.9,Corner Meal Plan,Non-Starter,Ben Troupe,LV,TE
12,4.0,Corner Meal Plan,Starter,Matt Bryant,Atl,K
12,10.0,Corner Meal Plan,Non-Starter,Shayne Graham,Atl,K
12,23.7,Corner Meal Plan,Starter,Atlanta Falcons,Atl,DEF
12,11.0,Corner Meal Plan,Non-Starter,Los Angeles,LAC,DEF
13,11.8,Corner Meal Plan,Starter,Jake Plummer,Den,QB
13,0.83,Corner Meal Plan,Starter,Travis Taylor,Det,WR
13,8.88,Corner Meal Plan,Starter,Reggie Wayne,Ind,WR
13,6.33,Corner Meal Plan,Starter,Tiki Barber,NYG,RB
13,3.2,Corner Meal Plan,Starter,Michael Pittman,Den,RB
13,1.25,Corner Meal Plan,Starter,Jeremy Shockey,Car,TE
13,1.98,Corner Meal Plan,Non-Starter,David Givens,Ten,WR
13,12.44,Corner Meal Plan,Non-Starter,Chris Simms,Ten,QB
13,0.0,Corner Meal Plan,Non-Starter,Darrell Jackson,Den,WR
13,3.98,Corner Meal Plan,Non-Starter,Ben Troupe,LV,TE
13,8.0,Corner Meal Plan,Starter,Shayne Graham,Atl,K
13,0.0,Corner Meal Plan,Non-Starter,Matt Bryant,Atl,K
13,8.65,Corner Meal Plan,Starter,Atlanta Falcons,Atl,DEF
13,24.05,Corner Meal Plan,Non-Starter,Los Angeles,LAC,DEF
14,17.07,Corner Meal Plan,Starter,Jake Plummer,Den,QB
14,0.53,Corner Meal Plan,Starter,Travis Taylor,Det,WR
14,4.55,Corner Meal Plan,Starter,Reggie Wayne,Ind,WR
14,16.38,Corner Meal Plan,Starter,Tiki Barber,NYG,RB
14,1.43,Corner Meal Plan,Starter,Michael Pittman,Den,RB
14,6.6,Corner Meal Plan,Starter,Jeremy Shockey,Car,TE
14,3.28,Corner Meal Plan,Non-Starter,David Givens,Ten,WR
14,8.59,Corner Meal Plan,Non-Starter,Chris Simms,Ten,QB
14,0.0,Corner Meal Plan,Non-Starter,Darrell Jackson,Den,WR
14,1.78,Corner Meal Plan,Non-Starter,Ben Troupe,LV,TE
14,11.0,Corner Meal Plan,Starter,Shayne Graham,Atl,K
14,8.0,Corner Meal Plan,Non-Starter,Matt Bryant,Atl,K
14,15.45,Corner Meal Plan,Starter,Atlanta Falcons,Atl,DEF
14,12.3,Corner Meal Plan,Non-Starter,Los Angeles,LAC,DEF
15,25.26,Corner Meal Plan,Starter,Jake Plummer,Den,QB
15,5.8,Corner Meal Plan,Starter,Reggie Wayne,Ind,WR
15,10.7,Corner Meal Plan,Starter,Darrell Jackson,Den,WR
15,25.08,Corner Meal Plan,Starter,Tiki Barber,NYG,RB
15,0.58,Corner Meal Plan,Starter,Michael Pittman,Den,RB
15,2.03,Corner Meal Plan,Starter,Jeremy Shockey,Car,TE
15,14.25,Corner Meal Plan,Non-Starter,David Givens,Ten,WR
15,1.78,Corner Meal Plan,Non-Starter,Travis Taylor,Det,WR
15,6.93,Corner Meal Plan,Non-Starter,Chris Simms,Ten,QB
15,6.55,Corner Meal Plan,Non-Starter,Ben Troupe,LV,TE
15,11.0,Corner Meal Plan,Starter,Shayne Graham,Atl,K
15,0.0,Corner Meal Plan,Non-Starter,Matt Bryant,Atl,K
15,9.05,Corner Meal Plan,Starter,Atlanta Falcons,Atl,DEF
15,18.95,Corner Meal Plan,Non-Starter,Los Angeles,LAC,DEF
16,15.16,Corner Meal Plan,Starter,Jake Plummer,Den,QB
16,1.3,Corner Meal Plan,Starter,Reggie Wayne,Ind,WR
16,2.08,Corner Meal Plan,Starter,Darrell Jackson,Den,WR
16,7.33,Corner Meal Plan,Starter,Tiki Barber,NYG,RB
16,2.2,Corner Meal Plan,Starter,Michael Pittman,Den,RB
16,1.15,Corner Meal Plan,Starter,Jeremy Shockey,Car,TE
16,1.3,Corner Meal Plan,Non-Starter,David Givens,Ten,WR
16,8.28,Corner Meal Plan,Non-Starter,Travis Taylor,Det,WR
16,20.68,Corner Meal Plan,Non-Starter,Chris Simms,Ten,QB
16,0.0,Corner Meal Plan,Non-Starter,Ben Troupe,LV,TE
16,9.0,Corner Meal Plan,Starter,Shayne Graham,Atl,K
16,12.0,Corner Meal Plan,Non-Starter,Matt Bryant,Atl,K
16,15.6,Corner Meal Plan,Starter,Atlanta Falcons,Atl,DEF
16,7.4,Corner Meal Plan,Non-Starter,Los Angeles,LAC,DEF
1,27.53,Football Yankees,Starter,Kerry Collins,Ind,QB
1,2.63,Football Yankees,Starter,Nate Burleson,Det,WR
1,2.5,Football Yankees,Starter,Eric Moulds,Ten,WR
1,16.9,Football Yankees,Starter,Corey Dillon,NE,RB
1,5.05,Football Yankees,Starter,Kevin Jones,Chi,RB
1,1.83,Football Yankees,Starter,L.J. Smith,Bal,TE
1,8.35,Football Yankees,Non-Starter,Reuben Droughns,NYG,RB
1,3.16,Football Yankees,Non-Starter,Chad Pennington,Mia,QB
1,2.33,Football Yankees,Non-Starter,Justin McCareins,Ten,WR
1,1.05,Football Yankees,Non-Starter,Braylon Edwards,Sea,WR
1,1.65,Football Yankees,Non-Starter,Mewelde Moore,Ind,RB
1,8.78,Football Yankees,Non-Starter,Brandon Jacobs,NYG,RB
1,1.0,Football Yankees,Starter,Kris Brown,Dal,K
1,25.75,Football Yankees,Starter,Miami Dolphins,Mia,DEF
2,15.76,Football Yankees,Starter,Kerry Collins,Ind,QB
2,2.78,Football Yankees,Starter,Nate Burleson,Det,WR
2,11.73,Football Yankees,Starter,Braylon Edwards,Sea,WR
2,1.8,Football Yankees,Starter,Corey Dillon,NE,RB
2,1.48,Football Yankees,Starter,Kevin Jones,Chi,RB
2,13.08,Football Yankees,Starter,L.J. Smith,Bal,TE
2,0.53,Football Yankees,Non-Starter,Eric Moulds,Ten,WR
2,4.45,Football Yankees,Non-Starter,Reuben Droughns,NYG,RB
2,22.53,Football Yankees,Non-Starter,Chad Pennington,Mia,QB
2,4.98,Football Yankees,Non-Starter,Justin McCareins,Ten,WR
2,2.2,Football Yankees,Non-Starter,Mewelde Moore,Ind,RB
2,6.88,Football Yankees,Non-Starter,Brandon Jacobs,NYG,RB
2,1.0,Football Yankees,Starter,Kris Brown,Dal,K
2,7.95,Football Yankees,Starter,Miami Dolphins,Mia,DEF
3,27.1,Football Yankees,Starter,Kerry Collins,Ind,QB
3,7.48,Football Yankees,Starter,Terry Glenn,Dal,WR
3,2.65,Football Yankees,Starter,Braylon Edwards,Sea,WR
3,16.45,Football Yankees,Starter,Corey Dillon,NE,RB
3,0.0,Football Yankees,Starter,Brandon Jacobs,NYG,RB
3,0.13,Football Yankees,Starter,L.J. Smith,Bal,TE
3,0.93,Football Yankees,Non-Starter,Justin McCareins,Ten,WR
3,0.0,Football Yankees,Non-Starter,Nate Burleson,Det,WR
3,0.0,Football Yankees,Non-Starter,Kevin Jones,Chi,RB
3,1.28,Football Yankees,Non-Starter,Eric Moulds,Ten,WR
3,5.78,Football Yankees,Non-Starter,Reuben Droughns,NYG,RB
3,-0.23,Football Yankees,Non-Starter,Chad Pennington,Mia,QB
3,2.0,Football Yankees,Starter,Jose Cortez,Ind,K
3,16.2,Football Yankees,Starter,Miami Dolphins,Mia,DEF
4,8.81,Football Yankees,Starter,Kerry Collins,Ind,QB
4,3.45,Football Yankees,Starter,Terry Glenn,Dal,WR
4,18.58,Football Yankees,Starter,Marvin Harrison,Ind,WR
4,10.43,Football Yankees,Starter,Corey Dillon,NE,RB
4,0.8,Football Yankees,Starter,Brandon Jacobs,NYG,RB
4,10.48,Football Yankees,Starter,L.J. Smith,Bal,TE
4,2.38,Football Yankees,Non-Starter,Alvin Pearman,Ten,RB
4,0.95,Football Yankees,Non-Starter,Eric Moulds,Ten,WR
4,0.0,Football Yankees,Non-Starter,Nate Burleson,Det,WR
4,0.0,Football Yankees,Non-Starter,Reuben Droughns,NYG,RB
4,0.0,Football Yankees,Non-Starter,Kyle Orton,Buf,QB
4,5.0,Football Yankees,Starter,Paul Edinger,Min,K
4,15.65,Football Yankees,Starter,Las Vegas Raiders,LV,DEF
4,0.0,Football Yankees,Non-Starter,Miami Dolphins,Mia,DEF
5,14.45,Football Yankees,Starter,David Carr,NYG,QB
5,18.78,Football Yankees,Starter,Terry Glenn,Dal,WR
5,1.1,Football Yankees,Starter,Marvin Harrison,Ind,WR
5,6.2,Football Yankees,Starter,Corey Dillon,NE,RB
5,5.15,Football Yankees,Starter,Reuben Droughns,NYG,RB
5,1.35,Football Yankees,Starter,L.J. Smith,Bal,TE
5,21.71,Football Yankees,Non-Starter,Josh McCown,Hou,QB
5,0.0,Football Yankees,Non-Starter,Kerry Collins,Ind,QB
5,0.0,Football Yankees,Non-Starter,Brandon Jacobs,NYG,RB
5,9.83,Football Yankees,Non-Starter,Eric Moulds,Ten,WR
5,0.0,Football Yankees,Non-Starter,Nate Burleson,Det,WR
5,10.63,Football Yankees,Non-Starter,Chris Henry,Cin,WR
5,5.0,Football Yankees,Starter,Todd Peterson,Atl,K
5,13.85,Football Yankees,Starter,Miami Dolphins,Mia,DEF
6,11.84,Football Yankees,Starter,Kerry Collins,Ind,QB
6,3.95,Football Yankees,Starter,Terry Glenn,Dal,WR
6,8.45,Football Yankees,Starter,Marvin Harrison,Ind,WR
6,0.0,Football Yankees,Starter,Corey Dillon,NE,RB
6,2.78,Football Yankees,Starter,Reuben Droughns,NYG,RB
6,0.38,Football Yankees,Starter,Daniel Graham,NO,TE
6,0.0,Football Yankees,Non-Starter,L.J. Smith,Bal,TE
6,0.0,Football Yankees,Non-Starter,Josh McCown,Hou,QB
6,10.03,Football Yankees,Non-Starter,Eric Moulds,Ten,WR
6,0.38,Football Yankees,Non-Starter,Chris Henry,Cin,WR
6,0.0,Football Yankees,Non-Starter,Matt Schaub,Atl,QB
6,0.1,Football Yankees,Non-Starter,Cedric Benson,GB,RB
6,10.0,Football Yankees,Starter,Todd Peterson,Atl,K
6,15.0,Football Yankees,Starter,Miami Dolphins,Mia,DEF
7,10.9,Football Yankees,Starter,Josh McCown,Hou,QB
7,2.25,Football Yankees,Starter,Terry Glenn,Dal,WR
7,10.13,Football Yankees,Starter,Marvin Harrison,Ind,WR
7,5.7,Football Yankees,Starter,Reuben Droughns,NYG,RB
7,4.0,Football Yankees,Starter,Dominic Rhodes,Ind,RB
7,3.9,Football Yankees,Starter,L.J. Smith,Bal,TE
7,14.32,Football Yankees,Non-Starter,Kerry Collins,Ind,QB
7,2.83,Football Yankees,Non-Starter,Chris Perry,Cin,RB
7,0.3,Football Yankees,Non-Starter,Cedric Benson,GB,RB
7,0.0,Football Yankees,Non-Starter,Corey Dillon,NE,RB
7,0.0,Football Yankees,Non-Starter,Chris Henry,Cin,WR
7,0.0,Football Yankees,Non-Starter,Matt Schaub,Atl,QB
7,10.0,Football Yankees,Starter,Todd Peterson,Atl,K
7,8.85,Football Yankees,Starter,Miami Dolphins,Mia,DEF
8,25.46,Football Yankees,Starter,Kerry Collins,Ind,QB
8,3.63,Football Yankees,Starter,Terry Glenn,Dal,WR
8,1.35,Football Yankees,Starter,Chris Henry,Cin,WR
8,1.95,Football Yankees,Starter,Reuben Droughns,NYG,RB
8,15.6,Football Yankees,Starter,Corey Dillon,NE,RB
8,6.18,Football Yankees,Starter,L.J. Smith,Bal,TE
8,10.15,Football Yankees,Non-Starter,Josh McCown,Hou,QB
8,0.0,Football Yankees,Non-Starter,Marvin Harrison,Ind,WR
8,0.0,Football Yankees,Non-Starter,Dominic Rhodes,Ind,RB
8,8.9,Football Yankees,Non-Starter,Chris Perry,Cin,RB
8,2.4,Football Yankees,Non-Starter,Amani Toomer,NYG,WR
8,15.0,Football Yankees,Starter,Olindo Mare,Chi,K
8,0.0,Football Yankees,Non-Starter,Todd Peterson,Atl,K
8,25.2,Football Yankees,Starter,Miami Dolphins,Mia,DEF
9,20.13,Football Yankees,Starter,Kerry Collins,Ind,QB
9,19.53,Football Yankees,Starter,Marvin Harrison,Ind,WR
9,2.28,Football Yankees,Starter,Amani Toomer,NYG,WR
9,9.95,Football Yankees,Starter,Reuben Droughns,NYG,RB
9,0.83,Football Yankees,Starter,Corey Dillon,NE,RB
9,0.63,Football Yankees,Starter,L.J. Smith,Bal,TE
9,0.0,Football Yankees,Non-Starter,Terry Glenn,Dal,WR
9,7.23,Football Yankees,Non-Starter,Chris Henry,Cin,WR
9,0.0,Football Yankees,Non-Starter,Josh McCown,Hou,QB
9,8.38,Football Yankees,Non-Starter,Dominic Rhodes,Ind,RB
9,1.0,Football Yankees,Non-Starter,Chris Perry,Cin,RB
9,4.0,Football Yankees,Starter,Olindo Mare,Chi,K
9,5.0,Football Yankees,Non-Starter,Todd Peterson,Atl,K
9,12.8,Football Yankees,Starter,Miami Dolphins,Mia,DEF
10,18.7,Football Yankees,Starter,Kerry Collins,Ind,QB
10,12.28,Football Yankees,Starter,Marvin Harrison,Ind,WR
10,7.3,Football Yankees,Starter,Terry Glenn,Dal,WR
10,0.0,Football Yankees,Starter,Corey Dillon,NE,RB
10,12.65,Football Yankees,Starter,Reuben Droughns,NYG,RB
10,3.55,Football Yankees,Starter,L.J. Smith,Bal,TE
10,14.23,Football Yankees,Non-Starter,Benjamin Watson,NE,TE
10,9.8,Football Yankees,Non-Starter,Amani Toomer,NYG,WR
10,1.5,Football Yankees,Non-Starter,Dominic Rhodes,Ind,RB
10,0.0,Football Yankees,Non-Starter,Chris Perry,Cin,RB
10,0.63,Football Yankees,Non-Starter,Ernest Wilford,Jax,WR
10,5.0,Football Yankees,Starter,Todd Peterson,Atl,K
10,4.0,Football Yankees,Non-Starter,Olindo Mare,Chi,K
10,13.25,Football Yankees,Starter,Miami Dolphins,Mia,DEF
11,15.56,Football Yankees,Starter,Kerry Collins,Ind,QB
11,2.73,Football Yankees,Starter,Marvin Harrison,Ind,WR
11,2.13,Football Yankees,Starter,Terry Glenn,Dal,WR
11,0.0,Football Yankees,Starter,Corey Dillon,NE,RB
11,14.58,Football Yankees,Starter,Reuben Droughns,NYG,RB
11,3.8,Football Yankees,Starter,Benjamin Watson,NE,TE
11,5.08,Football Yankees,Non-Starter,L.J. Smith,Bal,TE
11,9.55,Football Yankees,Non-Starter,Amani Toomer,NYG,WR
11,8.38,Football Yankees,Non-Starter,Dominic Rhodes,Ind,RB
11,6.65,Football Yankees,Non-Starter,Chris Perry,Cin,RB
11,5.0,Football Yankees,Non-Starter,Heath Evans,NO,RB
11,9.0,Football Yankees,Starter,Todd Peterson,Atl,K
11,0.0,Football Yankees,Non-Starter,Olindo Mare,Chi,K
11,8.05,Football Yankees,Starter,Miami Dolphins,Mia,DEF
12,9.92,Football Yankees,Starter,Kerry Collins,Ind,QB
12,13.15,Football Yankees,Starter,Marvin Harrison,Ind,WR
12,3.3,Football Yankees,Starter,Terry Glenn,Dal,WR
12,6.58,Football Yankees,Starter,Reuben Droughns,NYG,RB
12,2.18,Football Yankees,Starter,Heath Evans,NO,RB
12,1.65,Football Yankees,Starter,L.J. Smith,Bal,TE
12,1.08,Football Yankees,Non-Starter,Benjamin Watson,NE,TE
12,0.0,Football Yankees,Non-Starter,Corey Dillon,NE,RB
12,9.85,Football Yankees,Non-Starter,Amani Toomer,NYG,WR
12,0.4,Football Yankees,Non-Starter,Dominic Rhodes,Ind,RB
12,0.35,Football Yankees,Non-Starter,Chris Perry,Cin,RB
12,9.0,Football Yankees,Starter,Todd Peterson,Atl,K
12,7.0,Football Yankees,Non-Starter,Olindo Mare,Chi,K
12,24.05,Football Yankees,Starter,Miami Dolphins,Mia,DEF
13,15.47,Football Yankees,Starter,Kerry Collins,Ind,QB
13,9.55,Football Yankees,Starter,Marvin Harrison,Ind,WR
13,0.53,Football Yankees,Starter,Amani Toomer,NYG,WR
13,1.2,Football Yankees,Starter,Dominic Rhodes,Ind,RB
13,1.3,Football Yankees,Starter,Ron Dayne,Hou,RB
13,2.4,Football Yankees,Starter,Benjamin Watson,NE,TE
13,8.23,Football Yankees,Non-Starter,Terry Glenn,Dal,WR
13,4.4,Football Yankees,Non-Starter,Reuben Droughns,NYG,RB
13,2.55,Football Yankees,Non-Starter,L.J. Smith,Bal,TE
13,10.7,Football Yankees,Non-Starter,Corey Dillon,NE,RB
13,0.85,Football Yankees,Non-Starter,Chris Perry,Cin,RB
13,6.0,Football Yankees,Starter,Olindo Mare,Chi,K
13,7.0,Football Yankees,Non-Starter,Todd Peterson,Atl,K
13,14.4,Football Yankees,Starter,Miami Dolphins,Mia,DEF
1,0.0,Bootleg 4 Live Draft,Starter,Ryan Fitzpatrick,Was,QB
1,5.95,Bootleg 4 Live Draft,Starter,Derrick Mason,NYJ,WR
1,3.28,Bootleg 4 Live Draft,Starter,Lee Evans,Bal,WR
1,3.13,Bootleg 4 Live Draft,Starter,Tatum Bell,Den,RB
1,3.18,Bootleg 4 Live Draft,Starter,DeShaun Foster,SF,RB
1,0.73,Bootleg 4 Live Draft,Starter,Jason Witten,LV,TE
1,0.0,Bootleg 4 Live Draft,Non-Starter,Charlie Batch,Pit,QB
1,0.93,Bootleg 4 Live Draft,Non-Starter,Reche Caldwell,Was,WR
1,0.0,Bootleg 4 Live Draft,Non-Starter,Lee Suggs,Mia,RB
1,3.53,Bootleg 4 Live Draft,Non-Starter,Erron Kinney,Ten,TE
1,0.0,Bootleg 4 Live Draft,Starter,Aaron Elling,Bal,K
1,0.0,Bootleg 4 Live Draft,Non-Starter,Paul Ernster,Pit,K
1,48.6,Bootleg 4 Live Draft,Starter,New York Giants,NYG,DEF
1,20.15,Bootleg 4 Live Draft,Non-Starter,Minnesota,Min,DEF
2,0.0,Bootleg 4 Live Draft,Starter,Ryan Fitzpatrick,Was,QB
2,10.0,Bootleg 4 Live Draft,Starter,Derrick Mason,NYJ,WR
2,0.85,Bootleg 4 Live Draft,Starter,Lee Evans,Bal,WR
2,0.0,Bootleg 4 Live Draft,Starter,Tatum Bell,Den,RB
2,3.13,Bootleg 4 Live Draft,Starter,DeShaun Foster,SF,RB
2,2.25,Bootleg 4 Live Draft,Starter,Jason Witten,LV,TE
2,0.0,Bootleg 4 Live Draft,Non-Starter,Charlie Batch,Pit,QB
2,0.0,Bootleg 4 Live Draft,Non-Starter,Reche Caldwell,Was,WR
2,0.0,Bootleg 4 Live Draft,Non-Starter,Lee Suggs,Mia,RB
2,0.9,Bootleg 4 Live Draft,Non-Starter,Erron Kinney,Ten,TE
2,0.0,Bootleg 4 Live Draft,Starter,Aaron Elling,Bal,K
2,0.0,Bootleg 4 Live Draft,Non-Starter,Paul Ernster,Pit,K
2,28.2,Bootleg 4 Live Draft,Starter,New York Giants,NYG,DEF
2,1.3,Bootleg 4 Live Draft,Non-Starter,Minnesota,Min,DEF
3,0.0,Bootleg 4 Live Draft,Starter,Ryan Fitzpatrick,Was,QB
3,0.0,Bootleg 4 Live Draft,Starter,Derrick Mason,NYJ,WR
3,0.6,Bootleg 4 Live Draft,Starter,Lee Evans,Bal,WR
3,2.35,Bootleg 4 Live Draft,Starter,Tatum Bell,Den,RB
3,4.13,Bootleg 4 Live Draft,Starter,DeShaun Foster,SF,RB
3,11.0,Bootleg 4 Live Draft,Starter,Jason Witten,LV,TE
3,0.0,Bootleg 4 Live Draft,Non-Starter,Charlie Batch,Pit,QB
3,0.0,Bootleg 4 Live Draft,Non-Starter,Reche Caldwell,Was,WR
3,0.6,Bootleg 4 Live Draft,Non-Starter,Lee Suggs,Mia,RB
3,4.08,Bootleg 4 Live Draft,Non-Starter,Erron Kinney,Ten,TE
3,0.0,Bootleg 4 Live Draft,Starter,Aaron Elling,Bal,K
3,0.0,Bootleg 4 Live Draft,Non-Starter,Paul Ernster,Pit,K
3,3.95,Bootleg 4 Live Draft,Starter,New York Giants,NYG,DEF
3,20.95,Bootleg 4 Live Draft,Non-Starter,Minnesota,Min,DEF
4,0.0,Bootleg 4 Live Draft,Starter,Ryan Fitzpatrick,Was,QB
4,3.33,Bootleg 4 Live Draft,Starter,Derrick Mason,NYJ,WR
4,1.6,Bootleg 4 Live Draft,Starter,Lee Evans,Bal,WR
4,3.43,Bootleg 4 Live Draft,Starter,Tatum Bell,Den,RB
4,5.03,Bootleg 4 Live Draft,Starter,DeShaun Foster,SF,RB
4,3.08,Bootleg 4 Live Draft,Starter,Jason Witten,LV,TE
4,0.0,Bootleg 4 Live Draft,Non-Starter,Charlie Batch,Pit,QB
4,8.05,Bootleg 4 Live Draft,Non-Starter,Reche Caldwell,Was,WR
4,0.0,Bootleg 4 Live Draft,Non-Starter,Lee Suggs,Mia,RB
4,2.98,Bootleg 4 Live Draft,Non-Starter,Erron Kinney,Ten,TE
4,0.0,Bootleg 4 Live Draft,Starter,Aaron Elling,Bal,K
4,0.0,Bootleg 4 Live Draft,Non-Starter,Paul Ernster,Pit,K
4,18.8,Bootleg 4 Live Draft,Starter,New York Giants,NYG,DEF
4,2.35,Bootleg 4 Live Draft,Non-Starter,Minnesota,Min,DEF
5,0.0,Bootleg 4 Live Draft,Starter,Ryan Fitzpatrick,Was,QB
5,1.0,Bootleg 4 Live Draft,Starter,Derrick Mason,NYJ,WR
5,3.63,Bootleg 4 Live Draft,Starter,Lee Evans,Bal,WR
5,18.73,Bootleg 4 Live Draft,Starter,Tatum Bell,Den,RB
5,1.7,Bootleg 4 Live Draft,Starter,DeShaun Foster,SF,RB
5,4.88,Bootleg 4 Live Draft,Starter,Jason Witten,LV,TE
5,0.0,Bootleg 4 Live Draft,Non-Starter,Charlie Batch,Pit,QB
5,0.48,Bootleg 4 Live Draft,Non-Starter,Reche Caldwell,Was,WR
5,0.0,Bootleg 4 Live Draft,Non-Starter,Lee Suggs,Mia,RB
5,1.85,Bootleg 4 Live Draft,Non-Starter,Erron Kinney,Ten,TE
5,0.0,Bootleg 4 Live Draft,Starter,Aaron Elling,Bal,K
5,0.0,Bootleg 4 Live Draft,Non-Starter,Paul Ernster,Pit,K
5,0.0,Bootleg 4 Live Draft,Starter,New York Giants,NYG,DEF
5,0.0,Bootleg 4 Live Draft,Non-Starter,Minnesota,Min,DEF
6,0.0,Bootleg 4 Live Draft,Starter,Ryan Fitzpatrick,Was,QB
6,5.25,Bootleg 4 Live Draft,Starter,Derrick Mason,NYJ,WR
6,1.58,Bootleg 4 Live Draft,Starter,Lee Evans,Bal,WR
6,13.08,Bootleg 4 Live Draft,Starter,Tatum Bell,Den,RB
6,0.0,Bootleg 4 Live Draft,Starter,DeShaun Foster,SF,RB
6,9.43,Bootleg 4 Live Draft,Starter,Jason Witten,LV,TE
6,0.0,Bootleg 4 Live Draft,Non-Starter,Charlie Batch,Pit,QB
6,4.35,Bootleg 4 Live Draft,Non-Starter,Reche Caldwell,Was,WR
6,0.0,Bootleg 4 Live Draft,Non-Starter,Lee Suggs,Mia,RB
6,3.1,Bootleg 4 Live Draft,Non-Starter,Erron Kinney,Ten,TE
6,0.0,Bootleg 4 Live Draft,Starter,Aaron Elling,Bal,K
6,0.0,Bootleg 4 Live Draft,Non-Starter,Paul Ernster,Pit,K
6,21.9,Bootleg 4 Live Draft,Starter,New York Giants,NYG,DEF
6,13.1,Bootleg 4 Live Draft,Non-Starter,Minnesota,Min,DEF
7,0.0,Bootleg 4 Live Draft,Starter,Ryan Fitzpatrick,Was,QB
7,2.15,Bootleg 4 Live Draft,Starter,Derrick Mason,NYJ,WR
7,7.68,Bootleg 4 Live Draft,Starter,Lee Evans,Bal,WR
7,3.3,Bootleg 4 Live Draft,Starter,Tatum Bell,Den,RB
7,0.0,Bootleg 4 Live Draft,Starter,DeShaun Foster,SF,RB
7,2.6,Bootleg 4 Live Draft,Starter,Jason Witten,LV,TE
7,0.0,Bootleg 4 Live Draft,Non-Starter,Charlie Batch,Pit,QB
7,2.35,Bootleg 4 Live Draft,Non-Starter,Reche Caldwell,Was,WR
7,0.0,Bootleg 4 Live Draft,Non-Starter,Lee Suggs,Mia,RB
7,3.63,Bootleg 4 Live Draft,Non-Starter,Erron Kinney,Ten,TE
7,0.0,Bootleg 4 Live Draft,Starter,Aaron Elling,Bal,K
7,0.0,Bootleg 4 Live Draft,Non-Starter,Paul Ernster,Pit,K
7,8.2,Bootleg 4 Live Draft,Starter,New York Giants,NYG,DEF
7,8.8,Bootleg 4 Live Draft,Non-Starter,Minnesota,Min,DEF
8,0.0,Bootleg 4 Live Draft,Starter,Ryan Fitzpatrick,Was,QB
8,5.43,Bootleg 4 Live Draft,Starter,Derrick Mason,NYJ,WR
8,0.83,Bootleg 4 Live Draft,Starter,Lee Evans,Bal,WR
8,17.35,Bootleg 4 Live Draft,Starter,Tatum Bell,Den,RB
8,3.08,Bootleg 4 Live Draft,Starter,DeShaun Foster,SF,RB
8,4.18,Bootleg 4 Live Draft,Starter,Jason Witten,LV,TE
8,0.0,Bootleg 4 Live Draft,Non-Starter,Charlie Batch,Pit,QB
8,-2.08,Bootleg 4 Live Draft,Non-Starter,Reche Caldwell,Was,WR
8,0.0,Bootleg 4 Live Draft,Non-Starter,Lee Suggs,Mia,RB
8,4.08,Bootleg 4 Live Draft,Non-Starter,Erron Kinney,Ten,TE
8,0.0,Bootleg 4 Live Draft,Starter,Aaron Elling,Bal,K
8,0.0,Bootleg 4 Live Draft,Non-Starter,Paul Ernster,Pit,K
8,30.3,Bootleg 4 Live Draft,Starter,New York Giants,NYG,DEF
8,1.45,Bootleg 4 Live Draft,Non-Starter,Minnesota,Min,DEF
9,2.13,Bootleg 4 Live Draft,Starter,Charlie Batch,Pit,QB
9,3.63,Bootleg 4 Live Draft,Starter,Derrick Mason,NYJ,WR
9,2.78,Bootleg 4 Live Draft,Starter,Reche Caldwell,Was,WR
9,2.2,Bootleg 4 Live Draft,Starter,DeShaun Foster,SF,RB
9,0.0,Bootleg 4 Live Draft,Starter,Lee Suggs,Mia,RB
9,10.33,Bootleg 4 Live Draft,Starter,Erron Kinney,Ten,TE
9,0.0,Bootleg 4 Live Draft,Non-Starter,Ryan Fitzpatrick,Was,QB
9,0.0,Bootleg 4 Live Draft,Non-Starter,Lee Evans,Bal,WR
9,0.0,Bootleg 4 Live Draft,Non-Starter,Tatum Bell,Den,RB
9,0.0,Bootleg 4 Live Draft,Non-Starter,Jason Witten,LV,TE
9,0.0,Bootleg 4 Live Draft,Starter,Aaron Elling,Bal,K
9,0.0,Bootleg 4 Live Draft,Non-Starter,Paul Ernster,Pit,K
9,18.8,Bootleg 4 Live Draft,Starter,New York Giants,NYG,DEF
9,20.75,Bootleg 4 Live Draft,Non-Starter,Minnesota,Min,DEF
10,13.8,Bootleg 4 Live Draft,Starter,Charlie Batch,Pit,QB
10,3.65,Bootleg 4 Live Draft,Starter,Derrick Mason,NYJ,WR
10,15.68,Bootleg 4 Live Draft,Starter,Lee Evans,Bal,WR
10,3.53,Bootleg 4 Live Draft,Starter,DeShaun Foster,SF,RB
10,0.33,Bootleg 4 Live Draft,Starter,Tatum Bell,Den,RB
10,1.73,Bootleg 4 Live Draft,Starter,Jason Witten,LV,TE
10,0.0,Bootleg 4 Live Draft,Non-Starter,Reche Caldwell,Was,WR
10,0.0,Bootleg 4 Live Draft,Non-Starter,Lee Suggs,Mia,RB
10,0.0,Bootleg 4 Live Draft,Non-Starter,Erron Kinney,Ten,TE
10,0.0,Bootleg 4 Live Draft,Non-Starter,Ryan Fitzpatrick,Was,QB
10,0.0,Bootleg 4 Live Draft,Starter,Aaron Elling,Bal,K
10,0.0,Bootleg 4 Live Draft,Non-Starter,Paul Ernster,Pit,K
10,18.7,Bootleg 4 Live Draft,Starter,New York Giants,NYG,DEF
10,54.25,Bootleg 4 Live Draft,Non-Starter,Minnesota,Min,DEF
11,0.0,Bootleg 4 Live Draft,Starter,Charlie Batch,Pit,QB
11,2.6,Bootleg 4 Live Draft,Starter,Derrick Mason,NYJ,WR
11,3.95,Bootleg 4 Live Draft,Starter,Lee Evans,Bal,WR
11,3.55,Bootleg 4 Live Draft,Starter,DeShaun Foster,SF,RB
11,2.13,Bootleg 4 Live Draft,Starter,Tatum Bell,Den,RB
11,1.0,Bootleg 4 Live Draft,Starter,Jason Witten,LV,TE
11,2.38,Bootleg 4 Live Draft,Non-Starter,Reche Caldwell,Was,WR
11,0.0,Bootleg 4 Live Draft,Non-Starter,Lee Suggs,Mia,RB
11,2.48,Bootleg 4 Live Draft,Non-Starter,Erron Kinney,Ten,TE
11,0.0,Bootleg 4 Live Draft,Non-Starter,Ryan Fitzpatrick,Was,QB
11,0.0,Bootleg 4 Live Draft,Starter,Aaron Elling,Bal,K
11,0.0,Bootleg 4 Live Draft,Non-Starter,Paul Ernster,Pit,K
11,9.7,Bootleg 4 Live Draft,Starter,New York Giants,NYG,DEF
11,20.6,Bootleg 4 Live Draft,Non-Starter,Minnesota,Min,DEF
12,0.0,Bootleg 4 Live Draft,Starter,Charlie Batch,Pit,QB
12,9.28,Bootleg 4 Live Draft,Starter,Derrick Mason,NYJ,WR
12,2.88,Bootleg 4 Live Draft,Starter,Lee Evans,Bal,WR
12,5.4,Bootleg 4 Live Draft,Starter,DeShaun Foster,SF,RB
12,0.0,Bootleg 4 Live Draft,Starter,Tatum Bell,Den,RB
12,11.23,Bootleg 4 Live Draft,Starter,Jason Witten,LV,TE
12,0.0,Bootleg 4 Live Draft,Non-Starter,Reche Caldwell,Was,WR
12,0.0,Bootleg 4 Live Draft,Non-Starter,Lee Suggs,Mia,RB
12,8.35,Bootleg 4 Live Draft,Non-Starter,Erron Kinney,Ten,TE
12,28.48,Bootleg 4 Live Draft,Non-Starter,Ryan Fitzpatrick,Was,QB
12,0.0,Bootleg 4 Live Draft,Starter,Aaron Elling,Bal,K
12,0.0,Bootleg 4 Live Draft,Non-Starter,Paul Ernster,Pit,K
12,15.55,Bootleg 4 Live Draft,Starter,New York Giants,NYG,DEF
12,27.25,Bootleg 4 Live Draft,Non-Starter,Minnesota,Min,DEF
13,0.0,Bootleg 4 Live Draft,Starter,Charlie Batch,Pit,QB
13,1.98,Bootleg 4 Live Draft,Starter,Derrick Mason,NYJ,WR
13,24.48,Bootleg 4 Live Draft,Starter,Lee Evans,Bal,WR
13,21.38,Bootleg 4 Live Draft,Starter,DeShaun Foster,SF,RB
13,2.48,Bootleg 4 Live Draft,Starter,Tatum Bell,Den,RB
13,0.38,Bootleg 4 Live Draft,Starter,Jason Witten,LV,TE
13,0.0,Bootleg 4 Live Draft,Non-Starter,Reche Caldwell,Was,WR
13,0.0,Bootleg 4 Live Draft,Non-Starter,Lee Suggs,Mia,RB
13,0.33,Bootleg 4 Live Draft,Non-Starter,Erron Kinney,Ten,TE
13,11.49,Bootleg 4 Live Draft,Non-Starter,Ryan Fitzpatrick,Was,QB
13,0.0,Bootleg 4 Live Draft,Starter,Aaron Elling,Bal,K
13,0.0,Bootleg 4 Live Draft,Non-Starter,Paul Ernster,Pit,K
13,29.35,Bootleg 4 Live Draft,Starter,New York Giants,NYG,DEF
13,9.75,Bootleg 4 Live Draft,Non-Starter,Minnesota,Min,DEF
