1,12.5,imdrunkrightnow,Starter,Cam Newton,Car,QB
1,6.1,imdrunkrightnow,Starter,Vincent Jackson,TB,WR|W/R/T
1,6.9,imdrunkrightnow,Starter,Davante Adams,LAR,WR|W/R/T
1,13.65,imdrunkrightnow,Starter,Marshawn Lynch,Sea,RB|W/R/T
1,15.0,imdrunkrightnow,Starter,DeMarco Murray,Ten,RB|W/R/T
1,5.3,imdrunkrightnow,Starter,Charles Clay,Ari,TE|W/R/T
1,11.2,imdrunkrightnow,Starter,Rashad Jennings,NYG,RB|W/R/T
1,5.35,imdrunkrightnow,Non-Starter,Zach Ertz,Was,TE|W/R/T
1,7.0,imdrunkrightnow,Non-Starter,Shane Vereen,NYG,RB|W/R/T
1,13.74,imdrunkrightnow,Non-Starter,Matthew Stafford,LAR,QB
1,1.35,imdrunkrightnow,Non-Starter,Torrey Smith,Car,WR|W/R/T
1,0.0,imdrunkrightnow,Non-Starter,Victor Cruz,NYG,WR|W/R/T
1,14.0,imdrunkrightnow,Starter,Kansas City Chiefs,KC,DEF
2,27.4,imdrunkrightnow,Starter,Cam Newton,Car,QB
2,12.15,imdrunkrightnow,Starter,Vincent Jackson,TB,WR|W/R/T
2,4.55,imdrunkrightnow,Starter,Davante Adams,LAR,WR|W/R/T
2,6.95,imdrunkrightnow,Starter,Marshawn Lynch,Sea,RB|W/R/T
2,6.75,imdrunkrightnow,Starter,DeMarco Murray,Ten,RB|W/R/T
2,2.45,imdrunkrightnow,Starter,Zach Ertz,Was,TE|W/R/T
2,16.75,imdrunkrightnow,Starter,David Johnson,NO,RB|W/R/T
2,2.9,imdrunkrightnow,Non-Starter,Rashad Jennings,NYG,RB|W/R/T
2,11.5,imdrunkrightnow,Non-Starter,Shane Vereen,NYG,RB|W/R/T
2,19.44,imdrunkrightnow,Non-Starter,Matthew Stafford,LAR,QB
2,21.5,imdrunkrightnow,Non-Starter,Torrey Smith,Car,WR|W/R/T
2,0.0,imdrunkrightnow,Non-Starter,Victor Cruz,NYG,WR|W/R/T
2,14.5,imdrunkrightnow,Starter,Kansas City Chiefs,KC,DEF
3,29.9,imdrunkrightnow,Starter,Cam Newton,Car,QB
3,4.5,imdrunkrightnow,Starter,Vincent Jackson,TB,WR|W/R/T
3,0.0,imdrunkrightnow,Starter,Davante Adams,LAR,WR|W/R/T
3,6.45,imdrunkrightnow,Starter,Rashad Jennings,NYG,RB|W/R/T
3,4.85,imdrunkrightnow,Starter,David Johnson,NO,RB|W/R/T
3,3.5,imdrunkrightnow,Starter,Zach Ertz,Was,TE|W/R/T
3,2.55,imdrunkrightnow,Starter,Marshawn Lynch,Sea,RB|W/R/T
3,0.0,imdrunkrightnow,Non-Starter,DeMarco Murray,Ten,RB|W/R/T
3,2.3,imdrunkrightnow,Non-Starter,Shane Vereen,NYG,RB|W/R/T
3,8.83,imdrunkrightnow,Non-Starter,Matthew Stafford,LAR,QB
3,0.0,imdrunkrightnow,Non-Starter,Torrey Smith,Car,WR|W/R/T
3,0.0,imdrunkrightnow,Non-Starter,Victor Cruz,NYG,WR|W/R/T
3,1.5,imdrunkrightnow,Starter,Kansas City Chiefs,KC,DEF
4,16.06,imdrunkrightnow,Starter,Cam Newton,Car,QB
4,23.2,imdrunkrightnow,Starter,Vincent Jackson,TB,WR|W/R/T
4,5.9,imdrunkrightnow,Starter,Torrey Smith,Car,WR|W/R/T
4,13.1,imdrunkrightnow,Starter,David Johnson,NO,RB|W/R/T
4,5.3,imdrunkrightnow,Starter,DeMarco Murray,Ten,RB|W/R/T
4,1.6,imdrunkrightnow,Starter,Zach Ertz,Was,TE|W/R/T
4,2.1,imdrunkrightnow,Starter,Shane Vereen,NYG,RB|W/R/T
4,0.0,imdrunkrightnow,Non-Starter,Marshawn Lynch,Sea,RB|W/R/T
4,0.0,imdrunkrightnow,Non-Starter,Davante Adams,LAR,WR|W/R/T
4,15.7,imdrunkrightnow,Non-Starter,Rashad Jennings,NYG,RB|W/R/T
4,8.12,imdrunkrightnow,Non-Starter,Matthew Stafford,LAR,QB
4,0.0,imdrunkrightnow,Non-Starter,Victor Cruz,NYG,WR|W/R/T
4,-3.0,imdrunkrightnow,Starter,Kansas City Chiefs,KC,DEF
5,5.72,imdrunkrightnow,Starter,Matthew Stafford,LAR,QB
5,3.65,imdrunkrightnow,Starter,Vincent Jackson,TB,WR|W/R/T
5,4.7,imdrunkrightnow,Starter,Torrey Smith,Car,WR|W/R/T
5,19.75,imdrunkrightnow,Starter,DeMarco Murray,Ten,RB|W/R/T
5,19.0,imdrunkrightnow,Starter,Shane Vereen,NYG,RB|W/R/T
5,7.25,imdrunkrightnow,Starter,Zach Ertz,Was,TE|W/R/T
5,7.7,imdrunkrightnow,Starter,Rashad Jennings,NYG,RB|W/R/T
5,0.0,imdrunkrightnow,Non-Starter,Marshawn Lynch,Sea,RB|W/R/T
5,12.6,imdrunkrightnow,Non-Starter,David Johnson,NO,RB|W/R/T
5,0.0,imdrunkrightnow,Non-Starter,Cam Newton,Car,QB
5,0.0,imdrunkrightnow,Non-Starter,Davante Adams,LAR,WR|W/R/T
5,0.0,imdrunkrightnow,Non-Starter,Victor Cruz,NYG,WR|W/R/T
5,14.0,imdrunkrightnow,Starter,Kansas City Chiefs,KC,DEF
6,19.76,imdrunkrightnow,Starter,Cam Newton,Car,QB
6,16.35,imdrunkrightnow,Starter,Torrey Smith,Car,WR|W/R/T
6,2.0,imdrunkrightnow,Starter,Ty Montgomery II,NE,WR|W/R/T
6,19.35,imdrunkrightnow,Starter,DeMarco Murray,Ten,RB|W/R/T
6,0.85,imdrunkrightnow,Starter,Shane Vereen,NYG,RB|W/R/T
6,5.3,imdrunkrightnow,Starter,Zach Ertz,Was,TE|W/R/T
6,11.65,imdrunkrightnow,Starter,Marshawn Lynch,Sea,RB|W/R/T
6,7.05,imdrunkrightnow,Non-Starter,Rashad Jennings,NYG,RB|W/R/T
6,0.0,imdrunkrightnow,Non-Starter,Vincent Jackson,TB,WR|W/R/T
6,33.9,imdrunkrightnow,Non-Starter,Matthew Stafford,LAR,QB
6,1.95,imdrunkrightnow,Non-Starter,David Johnson,NO,RB|W/R/T
6,0.0,imdrunkrightnow,Non-Starter,Victor Cruz,NYG,WR|W/R/T
6,12.5,imdrunkrightnow,Starter,Kansas City Chiefs,KC,DEF
7,13.88,imdrunkrightnow,Starter,Cam Newton,Car,QB
7,0.0,imdrunkrightnow,Starter,Torrey Smith,Car,WR|W/R/T
7,1.55,imdrunkrightnow,Starter,Vincent Jackson,TB,WR|W/R/T
7,7.5,imdrunkrightnow,Starter,DeMarco Murray,Ten,RB|W/R/T
7,6.45,imdrunkrightnow,Starter,Shane Vereen,NYG,RB|W/R/T
7,7.55,imdrunkrightnow,Starter,Zach Ertz,Was,TE|W/R/T
7,18.2,imdrunkrightnow,Starter,Marshawn Lynch,Sea,RB|W/R/T
7,0.0,imdrunkrightnow,Non-Starter,Ty Montgomery II,NE,WR|W/R/T
7,1.9,imdrunkrightnow,Non-Starter,Rashad Jennings,NYG,RB|W/R/T
7,18.74,imdrunkrightnow,Non-Starter,Matthew Stafford,LAR,QB
7,2.9,imdrunkrightnow,Non-Starter,David Johnson,NO,RB|W/R/T
7,0.0,imdrunkrightnow,Non-Starter,Victor Cruz,NYG,WR|W/R/T
7,13.0,imdrunkrightnow,Starter,Kansas City Chiefs,KC,DEF
8,18.02,imdrunkrightnow,Starter,Cam Newton,Car,QB
8,2.4,imdrunkrightnow,Starter,Torrey Smith,Car,WR|W/R/T
8,14.4,imdrunkrightnow,Starter,Nate Washington,Hou,WR|W/R/T
8,14.3,imdrunkrightnow,Starter,Shane Vereen,NYG,RB|W/R/T
8,9.0,imdrunkrightnow,Starter,Rashad Jennings,NYG,RB|W/R/T
8,5.15,imdrunkrightnow,Starter,Owen Daniels,Den,TE|W/R/T
8,8.7,imdrunkrightnow,Starter,Marshawn Lynch,Sea,RB|W/R/T
8,0.0,imdrunkrightnow,Non-Starter,Zach Ertz,Was,TE|W/R/T
8,0.0,imdrunkrightnow,Non-Starter,Vincent Jackson,TB,WR|W/R/T
8,0.0,imdrunkrightnow,Non-Starter,DeMarco Murray,Ten,RB|W/R/T
8,9.18,imdrunkrightnow,Non-Starter,Matthew Stafford,LAR,QB
8,0.0,imdrunkrightnow,Non-Starter,Victor Cruz,NYG,WR|W/R/T
8,19.0,imdrunkrightnow,Starter,Kansas City Chiefs,KC,DEF
9,33.58,imdrunkrightnow,Starter,Cam Newton,Car,QB
9,4.9,imdrunkrightnow,Starter,Torrey Smith,Car,WR|W/R/T
9,1.55,imdrunkrightnow,Starter,Dontrelle Inman,Was,WR|W/R/T
9,11.3,imdrunkrightnow,Starter,Shane Vereen,NYG,RB|W/R/T
9,4.95,imdrunkrightnow,Starter,Rashad Jennings,NYG,RB|W/R/T
9,5.65,imdrunkrightnow,Starter,Zach Ertz,Was,TE|W/R/T
9,23.6,imdrunkrightnow,Starter,DeMarco Murray,Ten,RB|W/R/T
9,0.0,imdrunkrightnow,Non-Starter,Vernon Davis,Was,TE|W/R/T
9,0.0,imdrunkrightnow,Non-Starter,Nate Washington,Hou,WR|W/R/T
9,0.0,imdrunkrightnow,Non-Starter,Marshawn Lynch,Sea,RB|W/R/T
9,0.0,imdrunkrightnow,Non-Starter,Matthew Stafford,LAR,QB
9,9.0,imdrunkrightnow,Starter,Buffalo Bills,Buf,DEF
9,0.0,imdrunkrightnow,Non-Starter,Kansas City Chiefs,KC,DEF
10,20.98,imdrunkrightnow,Starter,Cam Newton,Car,QB
10,2.45,imdrunkrightnow,Starter,Mike Wallace,Phi,WR|W/R/T
10,3.7,imdrunkrightnow,Starter,Nate Washington,Hou,WR|W/R/T
10,3.1,imdrunkrightnow,Starter,Shane Vereen,NYG,RB|W/R/T
10,5.6,imdrunkrightnow,Starter,Rashad Jennings,NYG,RB|W/R/T
10,8.55,imdrunkrightnow,Starter,Zach Ertz,Was,TE|W/R/T
10,13.4,imdrunkrightnow,Starter,DeMarco Murray,Ten,RB|W/R/T
10,11.25,imdrunkrightnow,Non-Starter,Marshawn Lynch,Sea,RB|W/R/T
10,0.0,imdrunkrightnow,Non-Starter,Torrey Smith,Car,WR|W/R/T
10,2.4,imdrunkrightnow,Non-Starter,Vernon Davis,Was,TE|W/R/T
10,15.78,imdrunkrightnow,Non-Starter,Matthew Stafford,LAR,QB
10,21.0,imdrunkrightnow,Starter,Buffalo Bills,Buf,DEF
10,25.0,imdrunkrightnow,Non-Starter,Kansas City Chiefs,KC,DEF
11,31.44,imdrunkrightnow,Starter,Cam Newton,Car,QB
11,0.6,imdrunkrightnow,Starter,Mike Wallace,Phi,WR|W/R/T
11,1.8,imdrunkrightnow,Starter,Nate Washington,Hou,WR|W/R/T
11,8.1,imdrunkrightnow,Starter,DeMarco Murray,Ten,RB|W/R/T
11,2.7,imdrunkrightnow,Starter,Fred Jackson,Sea,RB|W/R/T
11,1.7,imdrunkrightnow,Starter,Zach Ertz,Was,TE|W/R/T
11,1.85,imdrunkrightnow,Starter,Torrey Smith,Car,WR|W/R/T
11,0.0,imdrunkrightnow,Non-Starter,Marshawn Lynch,Sea,RB|W/R/T
11,8.3,imdrunkrightnow,Non-Starter,Vernon Davis,Was,TE|W/R/T
11,0.0,imdrunkrightnow,Non-Starter,Rashad Jennings,NYG,RB|W/R/T
11,0.0,imdrunkrightnow,Non-Starter,Shane Vereen,NYG,RB|W/R/T
11,20.38,imdrunkrightnow,Non-Starter,Matthew Stafford,LAR,QB
11,23.5,imdrunkrightnow,Starter,Kansas City Chiefs,KC,DEF
12,17.82,imdrunkrightnow,Starter,Cam Newton,Car,QB
12,0.0,imdrunkrightnow,Starter,Mike Wallace,Phi,WR|W/R/T
12,5.05,imdrunkrightnow,Starter,Nate Washington,Hou,WR|W/R/T
12,3.0,imdrunkrightnow,Starter,DeMarco Murray,Ten,RB|W/R/T
12,3.3,imdrunkrightnow,Starter,Rashad Jennings,NYG,RB|W/R/T
12,1.5,imdrunkrightnow,Starter,Vernon Davis,Was,TE|W/R/T
12,5.6,imdrunkrightnow,Starter,Torrey Smith,Car,WR|W/R/T
12,1.6,imdrunkrightnow,Non-Starter,Fred Jackson,Sea,RB|W/R/T
12,0.0,imdrunkrightnow,Non-Starter,Zach Ertz,Was,TE|W/R/T
12,0.0,imdrunkrightnow,Non-Starter,Marshawn Lynch,Sea,RB|W/R/T
12,4.6,imdrunkrightnow,Non-Starter,Shane Vereen,NYG,RB|W/R/T
12,34.78,imdrunkrightnow,Non-Starter,Matthew Stafford,LAR,QB
12,6.5,imdrunkrightnow,Starter,Kansas City Chiefs,KC,DEF
13,36.14,imdrunkrightnow,Starter,Cam Newton,Car,QB
13,4.8,imdrunkrightnow,Starter,Mike Wallace,Phi,WR|W/R/T
13,5.9,imdrunkrightnow,Starter,Nate Washington,Hou,WR|W/R/T
13,2.4,imdrunkrightnow,Starter,DeMarco Murray,Ten,RB|W/R/T
13,3.55,imdrunkrightnow,Starter,Rashad Jennings,NYG,RB|W/R/T
13,3.0,imdrunkrightnow,Starter,Vernon Davis,Was,TE|W/R/T
13,2.5,imdrunkrightnow,Starter,Shane Vereen,NYG,RB|W/R/T
13,14.1,imdrunkrightnow,Non-Starter,Torrey Smith,Car,WR|W/R/T
13,8.3,imdrunkrightnow,Non-Starter,Fred Jackson,Sea,RB|W/R/T
13,7.4,imdrunkrightnow,Non-Starter,Zach Ertz,Was,TE|W/R/T
13,0.0,imdrunkrightnow,Non-Starter,Marshawn Lynch,Sea,RB|W/R/T
13,17.0,imdrunkrightnow,Non-Starter,Matthew Stafford,LAR,QB
13,22.0,imdrunkrightnow,Starter,Kansas City Chiefs,KC,DEF
14,23.0,imdrunkrightnow,Starter,Cam Newton,Car,QB
14,10.95,imdrunkrightnow,Starter,Mike Wallace,Phi,WR|W/R/T
14,5.15,imdrunkrightnow,Starter,Nate Washington,Hou,WR|W/R/T
14,4.2,imdrunkrightnow,Starter,DeMarco Murray,Ten,RB|W/R/T
14,10.7,imdrunkrightnow,Starter,Rashad Jennings,NYG,RB|W/R/T
14,9.15,imdrunkrightnow,Starter,Vernon Davis,Was,TE|W/R/T
14,1.25,imdrunkrightnow,Starter,Shane Vereen,NYG,RB|W/R/T
14,1.95,imdrunkrightnow,Non-Starter,Torrey Smith,Car,WR|W/R/T
14,2.55,imdrunkrightnow,Non-Starter,Fred Jackson,Sea,RB|W/R/T
14,11.05,imdrunkrightnow,Non-Starter,Zach Ertz,Was,TE|W/R/T
14,0.0,imdrunkrightnow,Non-Starter,Marshawn Lynch,Sea,RB|W/R/T
14,14.3,imdrunkrightnow,Non-Starter,Matthew Stafford,LAR,QB
14,19.0,imdrunkrightnow,Starter,Kansas City Chiefs,KC,DEF
15,41.6,imdrunkrightnow,Starter,Cam Newton,Car,QB
15,4.45,imdrunkrightnow,Starter,Mike Wallace,Phi,WR|W/R/T
15,2.55,imdrunkrightnow,Starter,Nate Washington,Hou,WR|W/R/T
15,0.3,imdrunkrightnow,Starter,DeMarco Murray,Ten,RB|W/R/T
15,14.95,imdrunkrightnow,Starter,Rashad Jennings,NYG,RB|W/R/T
15,0.75,imdrunkrightnow,Starter,Vernon Davis,Was,TE|W/R/T
15,15.2,imdrunkrightnow,Starter,Shane Vereen,NYG,RB|W/R/T
15,3.8,imdrunkrightnow,Non-Starter,Torrey Smith,Car,WR|W/R/T
15,2.2,imdrunkrightnow,Non-Starter,Fred Jackson,Sea,RB|W/R/T
15,15.8,imdrunkrightnow,Non-Starter,Zach Ertz,Was,TE|W/R/T
15,0.0,imdrunkrightnow,Non-Starter,Marshawn Lynch,Sea,RB|W/R/T
15,22.06,imdrunkrightnow,Non-Starter,Matthew Stafford,LAR,QB
15,23.5,imdrunkrightnow,Starter,Kansas City Chiefs,KC,DEF
1,15.9,Football Yankees,Starter,Tyrod Taylor,NYJ,QB
1,11.6,Football Yankees,Starter,John Brown,Buf,WR|W/R/T
1,18.1,Football Yankees,Starter,James Jones,GB,WR|W/R/T
1,18.3,Football Yankees,Starter,Jeremy Hill,NE,RB|W/R/T
1,22.25,Football Yankees,Starter,Chris Ivory,Buf,RB|W/R/T
1,24.65,Football Yankees,Starter,Tyler Eifert,Jax,TE|W/R/T
1,3.05,Football Yankees,Starter,Rueben Randle,NYG,WR|W/R/T
1,0.0,Football Yankees,Non-Starter,Mike Evans,TB,WR|W/R/T
1,0.0,Football Yankees,Non-Starter,DeVante Parker,NE,WR|W/R/T
1,0.0,Football Yankees,Non-Starter,Tre Mason,LAR,RB|W/R/T
1,0.0,Football Yankees,Non-Starter,Martavis Bryant,Was,WR|W/R/T
1,0.0,Football Yankees,Non-Starter,Arian Foster,Mia,RB|W/R/T
1,3.0,Football Yankees,Starter,Tampa Bay Buccaneers,TB,DEF
2,25.98,Football Yankees,Starter,Tyrod Taylor,NYJ,QB
2,5.75,Football Yankees,Starter,John Brown,Buf,WR|W/R/T
2,0.0,Football Yankees,Starter,Mike Evans,TB,WR|W/R/T
2,0.35,Football Yankees,Starter,Jeremy Hill,NE,RB|W/R/T
2,6.5,Football Yankees,Starter,Chris Ivory,Buf,RB|W/R/T
2,11.9,Football Yankees,Starter,Tyler Eifert,Jax,TE|W/R/T
2,9.15,Football Yankees,Starter,James Jones,GB,WR|W/R/T
2,3.5,Football Yankees,Non-Starter,Tre Mason,LAR,RB|W/R/T
2,0.55,Football Yankees,Non-Starter,DeVante Parker,NE,WR|W/R/T
2,0.0,Football Yankees,Non-Starter,Martavis Bryant,Was,WR|W/R/T
2,0.0,Football Yankees,Non-Starter,Arian Foster,Mia,RB|W/R/T
2,2.4,Football Yankees,Non-Starter,Cole Beasley,NYG,WR|W/R/T
2,6.5,Football Yankees,Starter,Tennessee Titans,Ten,DEF
3,24.28,Football Yankees,Starter,Tyrod Taylor,NYJ,QB
3,6.95,Football Yankees,Starter,John Brown,Buf,WR|W/R/T
3,11.85,Football Yankees,Starter,Mike Evans,TB,WR|W/R/T
3,2.1,Football Yankees,Starter,Jeremy Hill,NE,RB|W/R/T
3,0.0,Football Yankees,Starter,Chris Ivory,Buf,RB|W/R/T
3,0.0,Football Yankees,Starter,Tyler Eifert,Jax,TE|W/R/T
3,21.65,Football Yankees,Starter,James Jones,GB,WR|W/R/T
3,0.0,Football Yankees,Non-Starter,Martavis Bryant,Was,WR|W/R/T
3,0.0,Football Yankees,Non-Starter,Arian Foster,Mia,RB|W/R/T
3,24.8,Football Yankees,Non-Starter,Rishard Matthews,NYJ,WR|W/R/T
3,2.7,Football Yankees,Non-Starter,Fred Jackson,Sea,RB|W/R/T
3,13.0,Football Yankees,Non-Starter,Lance Dunbar,LAR,RB|W/R/T
3,8.0,Football Yankees,Starter,New York Jets,NYJ,DEF
4,14.46,Football Yankees,Starter,Tyrod Taylor,NYJ,QB
4,3.95,Football Yankees,Starter,Mike Evans,TB,WR|W/R/T
4,11.05,Football Yankees,Starter,James Jones,GB,WR|W/R/T
4,24.0,Football Yankees,Starter,Jeremy Hill,NE,RB|W/R/T
4,22.6,Football Yankees,Starter,Chris Ivory,Buf,RB|W/R/T
4,7.65,Football Yankees,Starter,Tyler Eifert,Jax,TE|W/R/T
4,2.25,Football Yankees,Starter,Arian Foster,Mia,RB|W/R/T
4,10.55,Football Yankees,Non-Starter,John Brown,Buf,WR|W/R/T
4,0.0,Football Yankees,Non-Starter,Martavis Bryant,Was,WR|W/R/T
4,1.85,Football Yankees,Non-Starter,Rishard Matthews,NYJ,WR|W/R/T
4,5.4,Football Yankees,Non-Starter,Lance Dunbar,LAR,RB|W/R/T
4,1.7,Football Yankees,Non-Starter,Alfred Blue,Hou,RB|W/R/T
4,13.0,Football Yankees,Starter,New York Jets,NYJ,DEF
5,22.61,Football Yankees,Starter,Tyrod Taylor,NYJ,QB
5,4.85,Football Yankees,Starter,Mike Evans,TB,WR|W/R/T
5,14.2,Football Yankees,Starter,James Jones,GB,WR|W/R/T
5,2.75,Football Yankees,Starter,Jeremy Hill,NE,RB|W/R/T
5,14.05,Football Yankees,Starter,Arian Foster,Mia,RB|W/R/T
5,23.0,Football Yankees,Starter,Tyler Eifert,Jax,TE|W/R/T
5,14.3,Football Yankees,Starter,John Brown,Buf,WR|W/R/T
5,0.0,Football Yankees,Non-Starter,Chris Ivory,Buf,RB|W/R/T
5,0.0,Football Yankees,Non-Starter,Martavis Bryant,Was,WR|W/R/T
5,3.55,Football Yankees,Non-Starter,Alfred Blue,Hou,RB|W/R/T
5,1.55,Football Yankees,Non-Starter,Leonard Hankerson,Buf,WR|W/R/T
5,15.5,Football Yankees,Starter,Atlanta Falcons,Atl,DEF
5,0.0,Football Yankees,Non-Starter,New York Jets,NYJ,DEF
6,17.72,Football Yankees,Starter,Joe Flacco,Cle,QB
6,9.5,Football Yankees,Starter,James Jones,GB,WR|W/R/T
6,20.1,Football Yankees,Starter,John Brown,Buf,WR|W/R/T
6,13.15,Football Yankees,Starter,Jeremy Hill,NE,RB|W/R/T
6,18.45,Football Yankees,Starter,Arian Foster,Mia,RB|W/R/T
6,10.0,Football Yankees,Starter,Tyler Eifert,Jax,TE|W/R/T
6,26.35,Football Yankees,Starter,Chris Ivory,Buf,RB|W/R/T
6,0.0,Football Yankees,Non-Starter,Tyrod Taylor,NYJ,QB
6,0.0,Football Yankees,Non-Starter,Mike Evans,TB,WR|W/R/T
6,28.0,Football Yankees,Non-Starter,Martavis Bryant,Was,WR|W/R/T
6,0.0,Football Yankees,Non-Starter,Brandon LaFell,LV,WR|W/R/T
6,2.75,Football Yankees,Non-Starter,Knile Davis,GB,RB|W/R/T
6,9.0,Football Yankees,Starter,New York Jets,NYJ,DEF
7,14.08,Football Yankees,Starter,Joe Flacco,Cle,QB
7,13.5,Football Yankees,Starter,John Brown,Buf,WR|W/R/T
7,12.55,Football Yankees,Starter,Martavis Bryant,Was,WR|W/R/T
7,25.75,Football Yankees,Starter,Arian Foster,Mia,RB|W/R/T
7,11.8,Football Yankees,Starter,Chris Ivory,Buf,RB|W/R/T
7,15.5,Football Yankees,Starter,Ladarius Green,Pit,TE|W/R/T
7,24.4,Football Yankees,Starter,Mike Evans,TB,WR|W/R/T
7,0.0,Football Yankees,Non-Starter,Tyler Eifert,Jax,TE|W/R/T
7,0.0,Football Yankees,Non-Starter,Jeremy Hill,NE,RB|W/R/T
7,0.0,Football Yankees,Non-Starter,James Jones,GB,WR|W/R/T
7,3.0,Football Yankees,Non-Starter,Brandon LaFell,LV,WR|W/R/T
7,0.0,Football Yankees,Non-Starter,Tony Romo,Dal,QB
7,4.5,Football Yankees,Starter,New York Jets,NYJ,DEF
8,38.0,Football Yankees,Starter,Eli Manning,NYG,QB
8,5.9,Football Yankees,Starter,Martavis Bryant,Was,WR|W/R/T
8,5.55,Football Yankees,Starter,Mike Evans,TB,WR|W/R/T
8,4.85,Football Yankees,Starter,Chris Ivory,Buf,RB|W/R/T
8,10.95,Football Yankees,Starter,Eddie Lacy,Sea,RB|W/R/T
8,4.9,Football Yankees,Starter,Tyler Eifert,Jax,TE|W/R/T
8,0.0,Football Yankees,Starter,John Brown,Buf,WR|W/R/T
8,7.05,Football Yankees,Non-Starter,Jeremy Hill,NE,RB|W/R/T
8,5.7,Football Yankees,Non-Starter,Brandon LaFell,LV,WR|W/R/T
8,0.0,Football Yankees,Non-Starter,Tony Romo,Dal,QB
8,1.05,Football Yankees,Non-Starter,Davante Adams,LAR,WR|W/R/T
8,0.0,Football Yankees,Non-Starter,David Cobb,Ten,RB|W/R/T
8,1.0,Football Yankees,Starter,New York Jets,NYJ,DEF
9,12.42,Football Yankees,Starter,Eli Manning,NYG,QB
9,9.85,Football Yankees,Starter,Martavis Bryant,Was,WR|W/R/T
9,15.0,Football Yankees,Starter,Mike Evans,TB,WR|W/R/T
9,17.55,Football Yankees,Starter,Chris Ivory,Buf,RB|W/R/T
9,-1.0,Football Yankees,Starter,Eddie Lacy,Sea,RB|W/R/T
9,24.55,Football Yankees,Starter,Tyler Eifert,Jax,TE|W/R/T
9,5.45,Football Yankees,Starter,Jeremy Hill,NE,RB|W/R/T
9,0.0,Football Yankees,Non-Starter,John Brown,Buf,WR|W/R/T
9,11.45,Football Yankees,Non-Starter,Brandon LaFell,LV,WR|W/R/T
9,0.0,Football Yankees,Non-Starter,Tony Romo,Dal,QB
9,13.05,Football Yankees,Non-Starter,Davante Adams,LAR,WR|W/R/T
9,0.0,Football Yankees,Non-Starter,David Cobb,Ten,RB|W/R/T
9,17.0,Football Yankees,Starter,New York Jets,NYJ,DEF
10,21.44,Football Yankees,Starter,Eli Manning,NYG,QB
10,14.6,Football Yankees,Starter,Mike Evans,TB,WR|W/R/T
10,7.1,Football Yankees,Starter,Brandon LaFell,LV,WR|W/R/T
10,12.0,Football Yankees,Starter,Chris Ivory,Buf,RB|W/R/T
10,2.75,Football Yankees,Starter,Jeremy Hill,NE,RB|W/R/T
10,3.35,Football Yankees,Starter,Tyler Eifert,Jax,TE|W/R/T
10,23.3,Football Yankees,Starter,Martavis Bryant,Was,WR|W/R/T
10,10.4,Football Yankees,Non-Starter,Davante Adams,LAR,WR|W/R/T
10,0.0,Football Yankees,Non-Starter,Eddie Lacy,Sea,RB|W/R/T
10,0.0,Football Yankees,Non-Starter,John Brown,Buf,WR|W/R/T
10,0.0,Football Yankees,Non-Starter,Tony Romo,Dal,QB
10,0.0,Football Yankees,Non-Starter,David Cobb,Ten,RB|W/R/T
10,9.5,Football Yankees,Starter,New York Jets,NYJ,DEF
11,13.28,Football Yankees,Starter,Tony Romo,Dal,QB
11,13.3,Football Yankees,Starter,Mike Evans,TB,WR|W/R/T
11,7.6,Football Yankees,Starter,Brandon LaFell,LV,WR|W/R/T
11,4.75,Football Yankees,Starter,Chris Ivory,Buf,RB|W/R/T
11,16.5,Football Yankees,Starter,Jeremy Hill,NE,RB|W/R/T
11,14.95,Football Yankees,Starter,Tyler Eifert,Jax,TE|W/R/T
11,4.35,Football Yankees,Starter,Davante Adams,LAR,WR|W/R/T
11,9.7,Football Yankees,Non-Starter,Shaun Draughn,SF,RB|W/R/T
11,11.95,Football Yankees,Non-Starter,John Brown,Buf,WR|W/R/T
11,0.0,Football Yankees,Non-Starter,Martavis Bryant,Was,WR|W/R/T
11,10.85,Football Yankees,Non-Starter,Eddie Lacy,Sea,RB|W/R/T
11,4.05,Football Yankees,Non-Starter,Robert Turbin,Sea,RB|W/R/T
11,7.5,Football Yankees,Starter,New York Jets,NYJ,DEF
12,-5.76,Football Yankees,Starter,Tony Romo,Dal,QB
12,7.65,Football Yankees,Starter,Mike Evans,TB,WR|W/R/T
12,15.25,Football Yankees,Starter,Martavis Bryant,Was,WR|W/R/T
12,16.7,Football Yankees,Starter,Chris Ivory,Buf,RB|W/R/T
12,9.85,Football Yankees,Starter,Shaun Draughn,SF,RB|W/R/T
12,10.75,Football Yankees,Starter,Tyler Eifert,Jax,TE|W/R/T
12,18.9,Football Yankees,Starter,Eddie Lacy,Sea,RB|W/R/T
12,10.25,Football Yankees,Non-Starter,Jeremy Hill,NE,RB|W/R/T
12,1.9,Football Yankees,Non-Starter,Davante Adams,LAR,WR|W/R/T
12,4.6,Football Yankees,Non-Starter,Brandon LaFell,LV,WR|W/R/T
12,11.15,Football Yankees,Non-Starter,John Brown,Buf,WR|W/R/T
12,1.45,Football Yankees,Non-Starter,Robert Turbin,Sea,RB|W/R/T
12,12.0,Football Yankees,Starter,New York Jets,NYJ,DEF
13,25.8,Football Yankees,Starter,Ryan Fitzpatrick,Was,QB
13,13.35,Football Yankees,Starter,Mike Evans,TB,WR|W/R/T
13,18.4,Football Yankees,Starter,Martavis Bryant,Was,WR|W/R/T
13,6.15,Football Yankees,Starter,Chris Ivory,Buf,RB|W/R/T
13,0.35,Football Yankees,Starter,Eddie Lacy,Sea,RB|W/R/T
13,2.05,Football Yankees,Starter,Kyle Rudolph,TB,TE|W/R/T
13,15.8,Football Yankees,Starter,Jeremy Hill,NE,RB|W/R/T
13,0.0,Football Yankees,Non-Starter,Tyler Eifert,Jax,TE|W/R/T
13,3.7,Football Yankees,Non-Starter,Brandon LaFell,LV,WR|W/R/T
13,15.85,Football Yankees,Non-Starter,Shaun Draughn,SF,RB|W/R/T
13,12.8,Football Yankees,Non-Starter,John Brown,Buf,WR|W/R/T
13,0.0,Football Yankees,Non-Starter,Andrew Luck,Ind,QB
13,9.0,Football Yankees,Starter,New York Jets,NYJ,DEF
14,24.82,Football Yankees,Starter,Ryan Fitzpatrick,Was,QB
14,4.65,Football Yankees,Starter,Mike Evans,TB,WR|W/R/T
14,6.75,Football Yankees,Starter,Martavis Bryant,Was,WR|W/R/T
14,10.95,Football Yankees,Starter,Chris Ivory,Buf,RB|W/R/T
14,5.6,Football Yankees,Starter,Shaun Draughn,SF,RB|W/R/T
14,4.7,Football Yankees,Starter,Tyler Eifert,Jax,TE|W/R/T
14,2.9,Football Yankees,Starter,Jeremy Hill,NE,RB|W/R/T
14,21.05,Football Yankees,Non-Starter,Eddie Lacy,Sea,RB|W/R/T
14,4.45,Football Yankees,Non-Starter,Brandon LaFell,LV,WR|W/R/T
14,14.8,Football Yankees,Non-Starter,John Brown,Buf,WR|W/R/T
14,0.0,Football Yankees,Non-Starter,Andrew Luck,Ind,QB
14,1.15,Football Yankees,Non-Starter,Charles Clay,Ari,TE|W/R/T
14,16.5,Football Yankees,Starter,New York Jets,NYJ,DEF
15,15.26,Football Yankees,Starter,Ryan Fitzpatrick,Was,QB
15,11.2,Football Yankees,Starter,Martavis Bryant,Was,WR|W/R/T
15,17.95,Football Yankees,Starter,Mike Evans,TB,WR|W/R/T
15,4.45,Football Yankees,Starter,Chris Ivory,Buf,RB|W/R/T
15,2.3,Football Yankees,Starter,Eddie Lacy,Sea,RB|W/R/T
15,1.95,Football Yankees,Starter,Heath Miller,Pit,TE|W/R/T
15,13.1,Football Yankees,Starter,Jeremy Hill,NE,RB|W/R/T
15,0.0,Football Yankees,Non-Starter,Tyler Eifert,Jax,TE|W/R/T
15,10.55,Football Yankees,Non-Starter,John Brown,Buf,WR|W/R/T
15,0.0,Football Yankees,Non-Starter,Andrew Luck,Ind,QB
15,4.45,Football Yankees,Non-Starter,Shaun Draughn,SF,RB|W/R/T
15,5.9,Football Yankees,Non-Starter,Brandon Bolden,LV,RB|W/R/T
15,14.5,Football Yankees,Starter,New York Jets,NYJ,DEF
16,23.14,Football Yankees,Starter,Ryan Fitzpatrick,Was,QB
16,1.25,Football Yankees,Starter,Martavis Bryant,Was,WR|W/R/T
16,7.1,Football Yankees,Starter,Mike Evans,TB,WR|W/R/T
16,5.2,Football Yankees,Starter,Chris Ivory,Buf,RB|W/R/T
16,15.05,Football Yankees,Starter,Eddie Lacy,Sea,RB|W/R/T
16,6.15,Football Yankees,Starter,Heath Miller,Pit,TE|W/R/T
16,6.6,Football Yankees,Starter,Jeremy Hill,NE,RB|W/R/T
16,0.0,Football Yankees,Non-Starter,Tyler Eifert,Jax,TE|W/R/T
16,9.25,Football Yankees,Non-Starter,John Brown,Buf,WR|W/R/T
16,0.0,Football Yankees,Non-Starter,Andrew Luck,Ind,QB
16,0.0,Football Yankees,Non-Starter,Shaun Draughn,SF,RB|W/R/T
16,7.25,Football Yankees,Non-Starter,Brandon Bolden,LV,RB|W/R/T
16,8.0,Football Yankees,Starter,New York Jets,NYJ,DEF
1,22.14,THE CHAMP IS HERE,Starter,Tony Romo,Dal,QB
1,21.55,THE CHAMP IS HERE,Starter,Antonio Brown,TB,WR|W/R/T
1,6.05,THE CHAMP IS HERE,Starter,Dez Bryant,Bal,WR|W/R/T
1,16.4,THE CHAMP IS HERE,Starter,Ameer Abdullah,SF,RB|W/R/T
1,3.8,THE CHAMP IS HERE,Starter,Isaiah Crowell,LV,RB|W/R/T
1,11.05,THE CHAMP IS HERE,Starter,Delanie Walker,Ten,TE|W/R/T
1,10.55,THE CHAMP IS HERE,Starter,T.Y. Hilton,Dal,WR|W/R/T
1,5.45,THE CHAMP IS HERE,Non-Starter,Devonta Freeman,Bal,RB|W/R/T
1,4.0,THE CHAMP IS HERE,Non-Starter,Charles Sims,TB,RB|W/R/T
1,3.7,THE CHAMP IS HERE,Non-Starter,Chris Johnson,Ari,RB|W/R/T
1,8.25,THE CHAMP IS HERE,Non-Starter,Markus Wheaton,Phi,WR|W/R/T
1,7.8,THE CHAMP IS HERE,Non-Starter,Mike Wallace,Phi,WR|W/R/T
1,3.5,THE CHAMP IS HERE,Starter,Cleveland Browns,Cle,DEF
2,7.0,THE CHAMP IS HERE,Starter,Tony Romo,Dal,QB
2,29.75,THE CHAMP IS HERE,Starter,Antonio Brown,TB,WR|W/R/T
2,7.2,THE CHAMP IS HERE,Starter,Markus Wheaton,Phi,WR|W/R/T
2,2.05,THE CHAMP IS HERE,Starter,Ameer Abdullah,SF,RB|W/R/T
2,13.2,THE CHAMP IS HERE,Starter,Isaiah Crowell,LV,RB|W/R/T
2,7.45,THE CHAMP IS HERE,Starter,Vernon Davis,Was,TE|W/R/T
2,7.2,THE CHAMP IS HERE,Starter,Chris Johnson,Ari,RB|W/R/T
2,0.0,THE CHAMP IS HERE,Non-Starter,Delanie Walker,Ten,TE|W/R/T
2,0.0,THE CHAMP IS HERE,Non-Starter,Dez Bryant,Bal,WR|W/R/T
2,5.5,THE CHAMP IS HERE,Non-Starter,T.Y. Hilton,Dal,WR|W/R/T
2,12.9,THE CHAMP IS HERE,Non-Starter,Devonta Freeman,Bal,RB|W/R/T
2,4.55,THE CHAMP IS HERE,Non-Starter,Mike Wallace,Phi,WR|W/R/T
2,24.0,THE CHAMP IS HERE,Starter,Cleveland Browns,Cle,DEF
3,20.46,THE CHAMP IS HERE,Starter,Derek Carr,NO,QB
3,13.55,THE CHAMP IS HERE,Starter,Antonio Brown,TB,WR|W/R/T
3,10.4,THE CHAMP IS HERE,Starter,T.Y. Hilton,Dal,WR|W/R/T
3,10.7,THE CHAMP IS HERE,Starter,Ameer Abdullah,SF,RB|W/R/T
3,3.6,THE CHAMP IS HERE,Starter,Isaiah Crowell,LV,RB|W/R/T
3,8.55,THE CHAMP IS HERE,Starter,Delanie Walker,Ten,TE|W/R/T
3,38.55,THE CHAMP IS HERE,Starter,Devonta Freeman,Bal,RB|W/R/T
3,0.0,THE CHAMP IS HERE,Non-Starter,Vernon Davis,Was,TE|W/R/T
3,2.1,THE CHAMP IS HERE,Non-Starter,Markus Wheaton,Phi,WR|W/R/T
3,27.25,THE CHAMP IS HERE,Non-Starter,Chris Johnson,Ari,RB|W/R/T
3,0.0,THE CHAMP IS HERE,Non-Starter,Dez Bryant,Bal,WR|W/R/T
3,5.65,THE CHAMP IS HERE,Non-Starter,Mike Wallace,Phi,WR|W/R/T
3,4.0,THE CHAMP IS HERE,Starter,Cleveland Browns,Cle,DEF
4,11.84,THE CHAMP IS HERE,Starter,Derek Carr,NO,QB
4,5.45,THE CHAMP IS HERE,Starter,Antonio Brown,TB,WR|W/R/T
4,8.45,THE CHAMP IS HERE,Starter,T.Y. Hilton,Dal,WR|W/R/T
4,4.9,THE CHAMP IS HERE,Starter,Ameer Abdullah,SF,RB|W/R/T
4,10.15,THE CHAMP IS HERE,Starter,Chris Johnson,Ari,RB|W/R/T
4,11.75,THE CHAMP IS HERE,Starter,Richard Rodgers,LAC,TE|W/R/T
4,34.15,THE CHAMP IS HERE,Starter,Devonta Freeman,Bal,RB|W/R/T
4,0.0,THE CHAMP IS HERE,Non-Starter,Delanie Walker,Ten,TE|W/R/T
4,13.25,THE CHAMP IS HERE,Non-Starter,Isaiah Crowell,LV,RB|W/R/T
4,0.0,THE CHAMP IS HERE,Non-Starter,Dez Bryant,Bal,WR|W/R/T
4,16.3,THE CHAMP IS HERE,Non-Starter,Mike Wallace,Phi,WR|W/R/T
4,0.0,THE CHAMP IS HERE,Non-Starter,Antonio Gates,LAC,TE|W/R/T
4,8.5,THE CHAMP IS HERE,Starter,Indianapolis Colts,Ind,DEF
5,7.86,THE CHAMP IS HERE,Starter,Derek Carr,NO,QB
5,5.25,THE CHAMP IS HERE,Starter,Antonio Brown,TB,WR|W/R/T
5,10.05,THE CHAMP IS HERE,Starter,T.Y. Hilton,Dal,WR|W/R/T
5,0.75,THE CHAMP IS HERE,Starter,Ameer Abdullah,SF,RB|W/R/T
5,10.3,THE CHAMP IS HERE,Starter,Chris Johnson,Ari,RB|W/R/T
5,23.45,THE CHAMP IS HERE,Starter,Antonio Gates,LAC,TE|W/R/T
5,27.45,THE CHAMP IS HERE,Starter,Devonta Freeman,Bal,RB|W/R/T
5,4.6,THE CHAMP IS HERE,Non-Starter,Delanie Walker,Ten,TE|W/R/T
5,15.2,THE CHAMP IS HERE,Non-Starter,Isaiah Crowell,LV,RB|W/R/T
5,0.0,THE CHAMP IS HERE,Non-Starter,Dez Bryant,Bal,WR|W/R/T
5,0.0,THE CHAMP IS HERE,Non-Starter,Mike Wallace,Phi,WR|W/R/T
5,0.0,THE CHAMP IS HERE,Non-Starter,Rishard Matthews,NYJ,WR|W/R/T
5,9.0,THE CHAMP IS HERE,Starter,Indianapolis Colts,Ind,DEF
6,20.94,THE CHAMP IS HERE,Starter,Blake Bortles,GB,QB
6,3.15,THE CHAMP IS HERE,Starter,Antonio Brown,TB,WR|W/R/T
6,14.9,THE CHAMP IS HERE,Starter,T.Y. Hilton,Dal,WR|W/R/T
6,7.65,THE CHAMP IS HERE,Starter,Ameer Abdullah,SF,RB|W/R/T
6,4.75,THE CHAMP IS HERE,Starter,Chris Johnson,Ari,RB|W/R/T
6,11.75,THE CHAMP IS HERE,Starter,Antonio Gates,LAC,TE|W/R/T
6,29.6,THE CHAMP IS HERE,Starter,Devonta Freeman,Bal,RB|W/R/T
6,11.7,THE CHAMP IS HERE,Non-Starter,Delanie Walker,Ten,TE|W/R/T
6,4.6,THE CHAMP IS HERE,Non-Starter,Isaiah Crowell,LV,RB|W/R/T
6,0.0,THE CHAMP IS HERE,Non-Starter,Dez Bryant,Bal,WR|W/R/T
6,2.8,THE CHAMP IS HERE,Non-Starter,Mike Wallace,Phi,WR|W/R/T
6,10.0,THE CHAMP IS HERE,Non-Starter,Rishard Matthews,NYJ,WR|W/R/T
6,8.0,THE CHAMP IS HERE,Starter,Tennessee Titans,Ten,DEF
7,10.98,THE CHAMP IS HERE,Starter,Blake Bortles,GB,QB
7,14.5,THE CHAMP IS HERE,Starter,Antonio Brown,TB,WR|W/R/T
7,28.0,THE CHAMP IS HERE,Starter,T.Y. Hilton,Dal,WR|W/R/T
7,18.2,THE CHAMP IS HERE,Starter,Chris Johnson,Ari,RB|W/R/T
7,13.5,THE CHAMP IS HERE,Starter,Devonta Freeman,Bal,RB|W/R/T
7,7.25,THE CHAMP IS HERE,Starter,Delanie Walker,Ten,TE|W/R/T
7,8.9,THE CHAMP IS HERE,Starter,Branden Oliver,LAC,RB|W/R/T
7,0.0,THE CHAMP IS HERE,Non-Starter,Antonio Gates,LAC,TE|W/R/T
7,4.3,THE CHAMP IS HERE,Non-Starter,Ameer Abdullah,SF,RB|W/R/T
7,0.9,THE CHAMP IS HERE,Non-Starter,Isaiah Crowell,LV,RB|W/R/T
7,0.0,THE CHAMP IS HERE,Non-Starter,Dez Bryant,Bal,WR|W/R/T
7,14.25,THE CHAMP IS HERE,Non-Starter,Rishard Matthews,NYJ,WR|W/R/T
7,4.0,THE CHAMP IS HERE,Starter,Pittsburgh Steelers,Pit,DEF
8,29.12,THE CHAMP IS HERE,Starter,Derek Carr,NO,QB
8,12.2,THE CHAMP IS HERE,Starter,Antonio Brown,TB,WR|W/R/T
8,1.75,THE CHAMP IS HERE,Starter,T.Y. Hilton,Dal,WR|W/R/T
8,6.9,THE CHAMP IS HERE,Starter,Chris Johnson,Ari,RB|W/R/T
8,14.6,THE CHAMP IS HERE,Starter,Devonta Freeman,Bal,RB|W/R/T
8,7.7,THE CHAMP IS HERE,Starter,Delanie Walker,Ten,TE|W/R/T
8,1.7,THE CHAMP IS HERE,Starter,Dez Bryant,Bal,WR|W/R/T
8,3.9,THE CHAMP IS HERE,Non-Starter,Branden Oliver,LAC,RB|W/R/T
8,6.6,THE CHAMP IS HERE,Non-Starter,Antonio Gates,LAC,TE|W/R/T
8,0.3,THE CHAMP IS HERE,Non-Starter,Ameer Abdullah,SF,RB|W/R/T
8,2.85,THE CHAMP IS HERE,Non-Starter,Isaiah Crowell,LV,RB|W/R/T
8,7.95,THE CHAMP IS HERE,Non-Starter,Rishard Matthews,NYJ,WR|W/R/T
8,11.0,THE CHAMP IS HERE,Starter,Minnesota Vikings,Min,DEF
9,26.34,THE CHAMP IS HERE,Starter,Derek Carr,NO,QB
9,32.85,THE CHAMP IS HERE,Starter,Antonio Brown,TB,WR|W/R/T
9,17.65,THE CHAMP IS HERE,Starter,Dez Bryant,Bal,WR|W/R/T
9,15.9,THE CHAMP IS HERE,Starter,Devonta Freeman,Bal,RB|W/R/T
9,7.15,THE CHAMP IS HERE,Starter,Isaiah Crowell,LV,RB|W/R/T
9,8.4,THE CHAMP IS HERE,Starter,Antonio Gates,LAC,TE|W/R/T
9,6.4,THE CHAMP IS HERE,Starter,Rishard Matthews,NYJ,WR|W/R/T
9,9.45,THE CHAMP IS HERE,Non-Starter,T.Y. Hilton,Dal,WR|W/R/T
9,0.0,THE CHAMP IS HERE,Non-Starter,Chris Johnson,Ari,RB|W/R/T
9,25.25,THE CHAMP IS HERE,Non-Starter,Delanie Walker,Ten,TE|W/R/T
9,0.0,THE CHAMP IS HERE,Non-Starter,Ameer Abdullah,SF,RB|W/R/T
9,2.3,THE CHAMP IS HERE,Non-Starter,Orleans Darkwa,NYG,RB|W/R/T
9,8.5,THE CHAMP IS HERE,Starter,Minnesota Vikings,Min,DEF
10,17.28,THE CHAMP IS HERE,Starter,Derek Carr,NO,QB
10,30.4,THE CHAMP IS HERE,Starter,Antonio Brown,TB,WR|W/R/T
10,5.75,THE CHAMP IS HERE,Starter,Dez Bryant,Bal,WR|W/R/T
10,0.15,THE CHAMP IS HERE,Starter,Isaiah Crowell,LV,RB|W/R/T
10,5.8,THE CHAMP IS HERE,Starter,Chris Johnson,Ari,RB|W/R/T
10,5.95,THE CHAMP IS HERE,Starter,Delanie Walker,Ten,TE|W/R/T
10,10.95,THE CHAMP IS HERE,Starter,Rishard Matthews,NYJ,WR|W/R/T
10,0.0,THE CHAMP IS HERE,Non-Starter,Devonta Freeman,Bal,RB|W/R/T
10,0.0,THE CHAMP IS HERE,Non-Starter,Antonio Gates,LAC,TE|W/R/T
10,0.0,THE CHAMP IS HERE,Non-Starter,T.Y. Hilton,Dal,WR|W/R/T
10,2.45,THE CHAMP IS HERE,Non-Starter,Ameer Abdullah,SF,RB|W/R/T
10,5.85,THE CHAMP IS HERE,Non-Starter,Rueben Randle,NYG,WR|W/R/T
10,16.5,THE CHAMP IS HERE,Starter,Minnesota Vikings,Min,DEF
11,7.56,THE CHAMP IS HERE,Starter,Derek Carr,NO,QB
11,11.5,THE CHAMP IS HERE,Starter,Dez Bryant,Bal,WR|W/R/T
11,2.6,THE CHAMP IS HERE,Starter,T.Y. Hilton,Dal,WR|W/R/T
11,6.75,THE CHAMP IS HERE,Starter,Chris Johnson,Ari,RB|W/R/T
11,4.3,THE CHAMP IS HERE,Starter,Devonta Freeman,Bal,RB|W/R/T
11,0.85,THE CHAMP IS HERE,Starter,Antonio Gates,LAC,TE|W/R/T
11,1.75,THE CHAMP IS HERE,Starter,Rishard Matthews,NYJ,WR|W/R/T
11,0.0,THE CHAMP IS HERE,Non-Starter,Antonio Brown,TB,WR|W/R/T
11,0.0,THE CHAMP IS HERE,Non-Starter,Isaiah Crowell,LV,RB|W/R/T
11,12.9,THE CHAMP IS HERE,Non-Starter,Delanie Walker,Ten,TE|W/R/T
11,4.85,THE CHAMP IS HERE,Non-Starter,Ameer Abdullah,SF,RB|W/R/T
11,0.0,THE CHAMP IS HERE,Non-Starter,Rueben Randle,NYG,WR|W/R/T
11,12.0,THE CHAMP IS HERE,Starter,Tennessee Titans,Ten,DEF
12,23.7,THE CHAMP IS HERE,Starter,Derek Carr,NO,QB
12,3.1,THE CHAMP IS HERE,Starter,Dez Bryant,Bal,WR|W/R/T
12,6.6,THE CHAMP IS HERE,Starter,Antonio Brown,TB,WR|W/R/T
12,1.7,THE CHAMP IS HERE,Starter,Chris Johnson,Ari,RB|W/R/T
12,0.7,THE CHAMP IS HERE,Starter,Isaiah Crowell,LV,RB|W/R/T
12,18.3,THE CHAMP IS HERE,Starter,Antonio Gates,LAC,TE|W/R/T
12,23.0,THE CHAMP IS HERE,Starter,T.Y. Hilton,Dal,WR|W/R/T
12,0.0,THE CHAMP IS HERE,Non-Starter,Devonta Freeman,Bal,RB|W/R/T
12,10.6,THE CHAMP IS HERE,Non-Starter,Delanie Walker,Ten,TE|W/R/T
12,0.0,THE CHAMP IS HERE,Non-Starter,Rishard Matthews,NYJ,WR|W/R/T
12,7.75,THE CHAMP IS HERE,Non-Starter,Ameer Abdullah,SF,RB|W/R/T
12,9.85,THE CHAMP IS HERE,Non-Starter,Rueben Randle,NYG,WR|W/R/T
12,13.0,THE CHAMP IS HERE,Starter,Cleveland Browns,Cle,DEF
13,11.32,THE CHAMP IS HERE,Starter,Derek Carr,NO,QB
13,31.8,THE CHAMP IS HERE,Starter,Antonio Brown,TB,WR|W/R/T
13,4.35,THE CHAMP IS HERE,Starter,T.Y. Hilton,Dal,WR|W/R/T
13,12.8,THE CHAMP IS HERE,Starter,Devonta Freeman,Bal,RB|W/R/T
13,18.5,THE CHAMP IS HERE,Starter,David Johnson,NO,RB|W/R/T
13,17.2,THE CHAMP IS HERE,Starter,Delanie Walker,Ten,TE|W/R/T
13,6.95,THE CHAMP IS HERE,Starter,Dez Bryant,Bal,WR|W/R/T
13,6.7,THE CHAMP IS HERE,Non-Starter,Ameer Abdullah,SF,RB|W/R/T
13,6.5,THE CHAMP IS HERE,Non-Starter,Antonio Gates,LAC,TE|W/R/T
13,0.0,THE CHAMP IS HERE,Non-Starter,Rishard Matthews,NYJ,WR|W/R/T
13,2.7,THE CHAMP IS HERE,Non-Starter,Rueben Randle,NYG,WR|W/R/T
13,3.2,THE CHAMP IS HERE,Non-Starter,Jay Ajayi,Phi,RB|W/R/T
13,8.0,THE CHAMP IS HERE,Starter,Tennessee Titans,Ten,DEF
14,13.0,THE CHAMP IS HERE,Starter,Derek Carr,NO,QB
14,10.45,THE CHAMP IS HERE,Starter,Antonio Brown,TB,WR|W/R/T
14,14.2,THE CHAMP IS HERE,Starter,T.Y. Hilton,Dal,WR|W/R/T
14,4.95,THE CHAMP IS HERE,Starter,Devonta Freeman,Bal,RB|W/R/T
14,13.55,THE CHAMP IS HERE,Starter,David Johnson,NO,RB|W/R/T
14,8.85,THE CHAMP IS HERE,Starter,Delanie Walker,Ten,TE|W/R/T
14,1.15,THE CHAMP IS HERE,Starter,Dez Bryant,Bal,WR|W/R/T
14,4.9,THE CHAMP IS HERE,Non-Starter,Ameer Abdullah,SF,RB|W/R/T
14,9.1,THE CHAMP IS HERE,Non-Starter,Antonio Gates,LAC,TE|W/R/T
14,0.0,THE CHAMP IS HERE,Non-Starter,Rishard Matthews,NYJ,WR|W/R/T
14,13.05,THE CHAMP IS HERE,Non-Starter,Rueben Randle,NYG,WR|W/R/T
14,1.5,THE CHAMP IS HERE,Non-Starter,Jay Ajayi,Phi,RB|W/R/T
14,2.5,THE CHAMP IS HERE,Starter,Tennessee Titans,Ten,DEF
15,17.24,THE CHAMP IS HERE,Starter,Derek Carr,NO,QB
15,34.9,THE CHAMP IS HERE,Starter,Antonio Brown,TB,WR|W/R/T
15,3.65,THE CHAMP IS HERE,Starter,T.Y. Hilton,Dal,WR|W/R/T
15,17.85,THE CHAMP IS HERE,Starter,Devonta Freeman,Bal,RB|W/R/T
15,41.9,THE CHAMP IS HERE,Starter,David Johnson,NO,RB|W/R/T
15,18.9,THE CHAMP IS HERE,Starter,Delanie Walker,Ten,TE|W/R/T
15,12.0,THE CHAMP IS HERE,Starter,Dez Bryant,Bal,WR|W/R/T
15,13.4,THE CHAMP IS HERE,Non-Starter,Ameer Abdullah,SF,RB|W/R/T
15,10.3,THE CHAMP IS HERE,Non-Starter,Antonio Gates,LAC,TE|W/R/T
15,0.0,THE CHAMP IS HERE,Non-Starter,Rishard Matthews,NYJ,WR|W/R/T
15,11.7,THE CHAMP IS HERE,Non-Starter,Rueben Randle,NYG,WR|W/R/T
15,10.45,THE CHAMP IS HERE,Non-Starter,Jay Ajayi,Phi,RB|W/R/T
15,8.0,THE CHAMP IS HERE,Starter,Tennessee Titans,Ten,DEF
1,17.72,AirBudGoldenReceiver,Starter,Andrew Luck,Ind,QB
1,7.55,AirBudGoldenReceiver,Starter,A.J. Green,Ari,WR|W/R/T
1,0.0,AirBudGoldenReceiver,Starter,DeSean Jackson,Bal,WR|W/R/T
1,6.6,AirBudGoldenReceiver,Starter,Justin Forsett,Det,RB|W/R/T
1,30.7,AirBudGoldenReceiver,Starter,Carlos Hyde,Jax,RB|W/R/T
1,10.4,AirBudGoldenReceiver,Starter,Heath Miller,Pit,TE|W/R/T
1,4.95,AirBudGoldenReceiver,Starter,Michael Crabtree,Ari,WR|W/R/T
1,24.25,AirBudGoldenReceiver,Non-Starter,Austin Seferian-Jenkins,Jax,TE|W/R/T
1,17.96,AirBudGoldenReceiver,Non-Starter,Philip Rivers,Ind,QB
1,2.8,AirBudGoldenReceiver,Non-Starter,Matt Jones,Ind,RB|W/R/T
1,0.0,AirBudGoldenReceiver,Non-Starter,Roy Helu,LV,RB|W/R/T
1,15.7,AirBudGoldenReceiver,Non-Starter,Steve Johnson,LAC,WR|W/R/T
1,5.0,AirBudGoldenReceiver,Starter,Green Bay Packers,GB,DEF
2,8.4,AirBudGoldenReceiver,Starter,Andrew Luck,Ind,QB
2,11.25,AirBudGoldenReceiver,Starter,A.J. Green,Ari,WR|W/R/T
2,11.75,AirBudGoldenReceiver,Starter,Steve Johnson,LAC,WR|W/R/T
2,9.0,AirBudGoldenReceiver,Starter,Justin Forsett,Det,RB|W/R/T
2,7.1,AirBudGoldenReceiver,Starter,Carlos Hyde,Jax,RB|W/R/T
2,3.4,AirBudGoldenReceiver,Starter,Austin Seferian-Jenkins,Jax,TE|W/R/T
2,10.0,AirBudGoldenReceiver,Starter,Heath Miller,Pit,TE|W/R/T
2,0.0,AirBudGoldenReceiver,Non-Starter,DeSean Jackson,Bal,WR|W/R/T
2,19.35,AirBudGoldenReceiver,Non-Starter,Michael Crabtree,Ari,WR|W/R/T
2,14.14,AirBudGoldenReceiver,Non-Starter,Philip Rivers,Ind,QB
2,25.35,AirBudGoldenReceiver,Non-Starter,Matt Jones,Ind,RB|W/R/T
2,0.0,AirBudGoldenReceiver,Non-Starter,Ahmad Bradshaw,Ind,RB|W/R/T
2,11.0,AirBudGoldenReceiver,Starter,Green Bay Packers,GB,DEF
3,16.5,AirBudGoldenReceiver,Starter,Andrew Luck,Ind,QB
3,37.2,AirBudGoldenReceiver,Starter,A.J. Green,Ari,WR|W/R/T
3,5.35,AirBudGoldenReceiver,Starter,Steve Johnson,LAC,WR|W/R/T
3,3.9,AirBudGoldenReceiver,Starter,Justin Forsett,Det,RB|W/R/T
3,1.8,AirBudGoldenReceiver,Starter,Matt Jones,Ind,RB|W/R/T
3,2.2,AirBudGoldenReceiver,Starter,Heath Miller,Pit,TE|W/R/T
3,6.35,AirBudGoldenReceiver,Starter,Carlos Hyde,Jax,RB|W/R/T
3,0.0,AirBudGoldenReceiver,Non-Starter,Austin Seferian-Jenkins,Jax,TE|W/R/T
3,0.0,AirBudGoldenReceiver,Non-Starter,DeSean Jackson,Bal,WR|W/R/T
3,4.6,AirBudGoldenReceiver,Non-Starter,Michael Crabtree,Ari,WR|W/R/T
3,7.84,AirBudGoldenReceiver,Non-Starter,Philip Rivers,Ind,QB
3,0.0,AirBudGoldenReceiver,Non-Starter,Ahmad Bradshaw,Ind,RB|W/R/T
3,15.5,AirBudGoldenReceiver,Starter,Green Bay Packers,GB,DEF
4,26.22,AirBudGoldenReceiver,Starter,Philip Rivers,Ind,QB
4,9.95,AirBudGoldenReceiver,Starter,A.J. Green,Ari,WR|W/R/T
4,9.25,AirBudGoldenReceiver,Starter,Michael Crabtree,Ari,WR|W/R/T
4,15.0,AirBudGoldenReceiver,Starter,Justin Forsett,Det,RB|W/R/T
4,1.1,AirBudGoldenReceiver,Starter,Matt Jones,Ind,RB|W/R/T
4,0.35,AirBudGoldenReceiver,Starter,Heath Miller,Pit,TE|W/R/T
4,2.45,AirBudGoldenReceiver,Starter,Carlos Hyde,Jax,RB|W/R/T
4,4.2,AirBudGoldenReceiver,Non-Starter,Steve Johnson,LAC,WR|W/R/T
4,0.0,AirBudGoldenReceiver,Non-Starter,Andrew Luck,Ind,QB
4,0.0,AirBudGoldenReceiver,Non-Starter,Austin Seferian-Jenkins,Jax,TE|W/R/T
4,0.0,AirBudGoldenReceiver,Non-Starter,DeSean Jackson,Bal,WR|W/R/T
4,0.0,AirBudGoldenReceiver,Non-Starter,Antonio Andrews,Ten,RB|W/R/T
4,19.5,AirBudGoldenReceiver,Starter,Green Bay Packers,GB,DEF
5,18.6,AirBudGoldenReceiver,Starter,Philip Rivers,Ind,QB
5,9.3,AirBudGoldenReceiver,Starter,A.J. Green,Ari,WR|W/R/T
5,6.4,AirBudGoldenReceiver,Starter,Michael Crabtree,Ari,WR|W/R/T
5,24.0,AirBudGoldenReceiver,Starter,Justin Forsett,Det,RB|W/R/T
5,15.95,AirBudGoldenReceiver,Starter,Carlos Hyde,Jax,RB|W/R/T
5,5.35,AirBudGoldenReceiver,Starter,Heath Miller,Pit,TE|W/R/T
5,9.95,AirBudGoldenReceiver,Starter,Matt Jones,Ind,RB|W/R/T
5,0.0,AirBudGoldenReceiver,Non-Starter,Steve Johnson,LAC,WR|W/R/T
5,0.0,AirBudGoldenReceiver,Non-Starter,Andrew Luck,Ind,QB
5,0.0,AirBudGoldenReceiver,Non-Starter,Austin Seferian-Jenkins,Jax,TE|W/R/T
5,0.0,AirBudGoldenReceiver,Non-Starter,DeSean Jackson,Bal,WR|W/R/T
5,12.15,AirBudGoldenReceiver,Non-Starter,Antonio Andrews,Ten,RB|W/R/T
5,25.5,AirBudGoldenReceiver,Starter,Green Bay Packers,GB,DEF
6,27.98,AirBudGoldenReceiver,Starter,Andrew Luck,Ind,QB
6,4.6,AirBudGoldenReceiver,Starter,A.J. Green,Ari,WR|W/R/T
6,8.95,AirBudGoldenReceiver,Starter,Kamar Aiken,Phi,WR|W/R/T
6,6.5,AirBudGoldenReceiver,Starter,Carlos Hyde,Jax,RB|W/R/T
6,2.15,AirBudGoldenReceiver,Starter,Charcandrick West,KC,RB|W/R/T
6,0.75,AirBudGoldenReceiver,Starter,Heath Miller,Pit,TE|W/R/T
6,11.85,AirBudGoldenReceiver,Starter,Justin Forsett,Det,RB|W/R/T
6,0.0,AirBudGoldenReceiver,Non-Starter,DeSean Jackson,Bal,WR|W/R/T
6,28.12,AirBudGoldenReceiver,Non-Starter,Philip Rivers,Ind,QB
6,0.0,AirBudGoldenReceiver,Non-Starter,Matt Jones,Ind,RB|W/R/T
6,0.0,AirBudGoldenReceiver,Non-Starter,Michael Crabtree,Ari,WR|W/R/T
6,0.0,AirBudGoldenReceiver,Non-Starter,Austin Seferian-Jenkins,Jax,TE|W/R/T
6,9.0,AirBudGoldenReceiver,Starter,Green Bay Packers,GB,DEF
7,24.02,AirBudGoldenReceiver,Starter,Andrew Luck,Ind,QB
7,13.8,AirBudGoldenReceiver,Starter,Michael Crabtree,Ari,WR|W/R/T
7,0.85,AirBudGoldenReceiver,Starter,Kamar Aiken,Phi,WR|W/R/T
7,11.15,AirBudGoldenReceiver,Starter,Justin Forsett,Det,RB|W/R/T
7,5.85,AirBudGoldenReceiver,Starter,Matt Jones,Ind,RB|W/R/T
7,0.0,AirBudGoldenReceiver,Starter,Heath Miller,Pit,TE|W/R/T
7,4.0,AirBudGoldenReceiver,Starter,Carlos Hyde,Jax,RB|W/R/T
7,19.4,AirBudGoldenReceiver,Non-Starter,Charcandrick West,KC,RB|W/R/T
7,0.0,AirBudGoldenReceiver,Non-Starter,DeSean Jackson,Bal,WR|W/R/T
7,0.0,AirBudGoldenReceiver,Non-Starter,A.J. Green,Ari,WR|W/R/T
7,25.44,AirBudGoldenReceiver,Non-Starter,Philip Rivers,Ind,QB
7,12.5,AirBudGoldenReceiver,Starter,Carolina Panthers,Car,DEF
7,0.0,AirBudGoldenReceiver,Non-Starter,Green Bay Packers,GB,DEF
8,24.04,AirBudGoldenReceiver,Starter,Philip Rivers,Ind,QB
8,17.95,AirBudGoldenReceiver,Starter,Michael Crabtree,Ari,WR|W/R/T
8,20.55,AirBudGoldenReceiver,Starter,A.J. Green,Ari,WR|W/R/T
8,7.65,AirBudGoldenReceiver,Starter,Justin Forsett,Det,RB|W/R/T
8,19.2,AirBudGoldenReceiver,Starter,Charcandrick West,KC,RB|W/R/T
8,22.95,AirBudGoldenReceiver,Starter,Benjamin Watson,NE,TE|W/R/T
8,13.0,AirBudGoldenReceiver,Starter,Heath Miller,Pit,TE|W/R/T
8,7.7,AirBudGoldenReceiver,Non-Starter,Kamar Aiken,Phi,WR|W/R/T
8,0.0,AirBudGoldenReceiver,Non-Starter,Carlos Hyde,Jax,RB|W/R/T
8,14.74,AirBudGoldenReceiver,Non-Starter,Andrew Luck,Ind,QB
8,0.0,AirBudGoldenReceiver,Non-Starter,Matt Jones,Ind,RB|W/R/T
8,0.0,AirBudGoldenReceiver,Non-Starter,DeSean Jackson,Bal,WR|W/R/T
8,4.5,AirBudGoldenReceiver,Starter,Green Bay Packers,GB,DEF
9,15.2,AirBudGoldenReceiver,Starter,Philip Rivers,Ind,QB
9,24.55,AirBudGoldenReceiver,Starter,Michael Crabtree,Ari,WR|W/R/T
9,6.3,AirBudGoldenReceiver,Starter,A.J. Green,Ari,WR|W/R/T
9,2.9,AirBudGoldenReceiver,Starter,Matt Jones,Ind,RB|W/R/T
9,18.9,AirBudGoldenReceiver,Starter,LeGarrette Blount,Det,RB|W/R/T
9,7.25,AirBudGoldenReceiver,Starter,Benjamin Watson,NE,TE|W/R/T
9,2.25,AirBudGoldenReceiver,Starter,DeSean Jackson,Bal,WR|W/R/T
9,0.0,AirBudGoldenReceiver,Non-Starter,Carlos Hyde,Jax,RB|W/R/T
9,3.95,AirBudGoldenReceiver,Non-Starter,Heath Miller,Pit,TE|W/R/T
9,0.0,AirBudGoldenReceiver,Non-Starter,Charcandrick West,KC,RB|W/R/T
9,0.0,AirBudGoldenReceiver,Non-Starter,Justin Forsett,Det,RB|W/R/T
9,21.48,AirBudGoldenReceiver,Non-Starter,Andrew Luck,Ind,QB
9,3.0,AirBudGoldenReceiver,Starter,Green Bay Packers,GB,DEF
10,20.34,AirBudGoldenReceiver,Starter,Joe Flacco,Cle,QB
10,6.5,AirBudGoldenReceiver,Starter,Michael Crabtree,Ari,WR|W/R/T
10,5.95,AirBudGoldenReceiver,Starter,A.J. Green,Ari,WR|W/R/T
10,7.4,AirBudGoldenReceiver,Starter,Justin Forsett,Det,RB|W/R/T
10,14.2,AirBudGoldenReceiver,Starter,LeGarrette Blount,Det,RB|W/R/T
10,2.65,AirBudGoldenReceiver,Starter,Benjamin Watson,NE,TE|W/R/T
10,25.45,AirBudGoldenReceiver,Starter,Matt Jones,Ind,RB|W/R/T
10,0.0,AirBudGoldenReceiver,Non-Starter,Philip Rivers,Ind,QB
10,28.85,AirBudGoldenReceiver,Non-Starter,Charcandrick West,KC,RB|W/R/T
10,4.9,AirBudGoldenReceiver,Non-Starter,DeSean Jackson,Bal,WR|W/R/T
10,0.0,AirBudGoldenReceiver,Non-Starter,Carlos Hyde,Jax,RB|W/R/T
10,0.0,AirBudGoldenReceiver,Non-Starter,Andrew Luck,Ind,QB
10,8.5,AirBudGoldenReceiver,Starter,Green Bay Packers,GB,DEF
11,3.92,AirBudGoldenReceiver,Starter,Philip Rivers,Ind,QB
11,6.5,AirBudGoldenReceiver,Starter,Michael Crabtree,Ari,WR|W/R/T
11,8.9,AirBudGoldenReceiver,Starter,A.J. Green,Ari,WR|W/R/T
11,6.9,AirBudGoldenReceiver,Starter,Charcandrick West,KC,RB|W/R/T
11,6.35,AirBudGoldenReceiver,Starter,LeGarrette Blount,Det,RB|W/R/T
11,1.85,AirBudGoldenReceiver,Starter,Jacob Tamme,Atl,TE|W/R/T
11,-0.3,AirBudGoldenReceiver,Starter,Matt Jones,Ind,RB|W/R/T
11,0.0,AirBudGoldenReceiver,Non-Starter,Benjamin Watson,NE,TE|W/R/T
11,2.6,AirBudGoldenReceiver,Non-Starter,Justin Forsett,Det,RB|W/R/T
11,15.95,AirBudGoldenReceiver,Non-Starter,DeSean Jackson,Bal,WR|W/R/T
11,0.0,AirBudGoldenReceiver,Non-Starter,Carlos Hyde,Jax,RB|W/R/T
11,0.0,AirBudGoldenReceiver,Non-Starter,Eli Manning,NYG,QB
11,16.0,AirBudGoldenReceiver,Starter,Green Bay Packers,GB,DEF
12,28.9,AirBudGoldenReceiver,Starter,Philip Rivers,Ind,QB
12,19.6,AirBudGoldenReceiver,Starter,A.J. Green,Ari,WR|W/R/T
12,13.1,AirBudGoldenReceiver,Starter,DeSean Jackson,Bal,WR|W/R/T
12,2.7,AirBudGoldenReceiver,Starter,LeGarrette Blount,Det,RB|W/R/T
12,6.65,AirBudGoldenReceiver,Starter,Matt Jones,Ind,RB|W/R/T
12,6.3,AirBudGoldenReceiver,Starter,Benjamin Watson,NE,TE|W/R/T
12,8.9,AirBudGoldenReceiver,Starter,Michael Crabtree,Ari,WR|W/R/T
12,0.0,AirBudGoldenReceiver,Non-Starter,Charcandrick West,KC,RB|W/R/T
12,8.15,AirBudGoldenReceiver,Non-Starter,Jacob Tamme,Atl,TE|W/R/T
12,0.0,AirBudGoldenReceiver,Non-Starter,Carlos Hyde,Jax,RB|W/R/T
12,14.84,AirBudGoldenReceiver,Non-Starter,Eli Manning,NYG,QB
12,2.4,AirBudGoldenReceiver,Non-Starter,Devin Funchess,Det,WR|W/R/T
12,7.0,AirBudGoldenReceiver,Starter,Green Bay Packers,GB,DEF
13,4.08,AirBudGoldenReceiver,Starter,Philip Rivers,Ind,QB
13,20.05,AirBudGoldenReceiver,Starter,A.J. Green,Ari,WR|W/R/T
13,13.5,AirBudGoldenReceiver,Starter,DeSean Jackson,Bal,WR|W/R/T
13,5.4,AirBudGoldenReceiver,Starter,LeGarrette Blount,Det,RB|W/R/T
13,4.9,AirBudGoldenReceiver,Starter,Charcandrick West,KC,RB|W/R/T
13,10.8,AirBudGoldenReceiver,Starter,Benjamin Watson,NE,TE|W/R/T
13,11.75,AirBudGoldenReceiver,Starter,Michael Crabtree,Ari,WR|W/R/T
13,5.65,AirBudGoldenReceiver,Non-Starter,Matt Jones,Ind,RB|W/R/T
13,3.35,AirBudGoldenReceiver,Non-Starter,Jacob Tamme,Atl,TE|W/R/T
13,0.0,AirBudGoldenReceiver,Non-Starter,Carlos Hyde,Jax,RB|W/R/T
13,14.08,AirBudGoldenReceiver,Non-Starter,Eli Manning,NYG,QB
13,7.55,AirBudGoldenReceiver,Non-Starter,Devin Funchess,Det,WR|W/R/T
13,10.5,AirBudGoldenReceiver,Starter,Green Bay Packers,GB,DEF
14,27.28,AirBudGoldenReceiver,Starter,Eli Manning,NYG,QB
14,20.7,AirBudGoldenReceiver,Starter,A.J. Green,Ari,WR|W/R/T
14,4.8,AirBudGoldenReceiver,Starter,DeSean Jackson,Bal,WR|W/R/T
14,5.3,AirBudGoldenReceiver,Starter,LeGarrette Blount,Det,RB|W/R/T
14,5.4,AirBudGoldenReceiver,Starter,Charcandrick West,KC,RB|W/R/T
14,8.75,AirBudGoldenReceiver,Starter,Benjamin Watson,NE,TE|W/R/T
14,2.9,AirBudGoldenReceiver,Starter,Michael Crabtree,Ari,WR|W/R/T
14,8.92,AirBudGoldenReceiver,Non-Starter,Philip Rivers,Ind,QB
14,9.1,AirBudGoldenReceiver,Non-Starter,Matt Jones,Ind,RB|W/R/T
14,3.6,AirBudGoldenReceiver,Non-Starter,Jacob Tamme,Atl,TE|W/R/T
14,3.25,AirBudGoldenReceiver,Non-Starter,Devin Funchess,Det,WR|W/R/T
14,15.75,AirBudGoldenReceiver,Non-Starter,Tim Hightower,NO,RB|W/R/T
14,12.0,AirBudGoldenReceiver,Starter,Green Bay Packers,GB,DEF
15,20.44,AirBudGoldenReceiver,Starter,Philip Rivers,Ind,QB
15,3.95,AirBudGoldenReceiver,Starter,A.J. Green,Ari,WR|W/R/T
15,8.5,AirBudGoldenReceiver,Starter,Michael Crabtree,Ari,WR|W/R/T
15,15.0,AirBudGoldenReceiver,Starter,Charcandrick West,KC,RB|W/R/T
15,9.25,AirBudGoldenReceiver,Starter,Tim Hightower,NO,RB|W/R/T
15,12.4,AirBudGoldenReceiver,Starter,Benjamin Watson,NE,TE|W/R/T
15,3.85,AirBudGoldenReceiver,Starter,Matt Jones,Ind,RB|W/R/T
15,24.2,AirBudGoldenReceiver,Non-Starter,Eli Manning,NYG,QB
15,22.8,AirBudGoldenReceiver,Non-Starter,DeSean Jackson,Bal,WR|W/R/T
15,0.0,AirBudGoldenReceiver,Non-Starter,Jacob Tamme,Atl,TE|W/R/T
15,9.5,AirBudGoldenReceiver,Non-Starter,Devin Funchess,Det,WR|W/R/T
15,2.1,AirBudGoldenReceiver,Non-Starter,Fozzy Whittaker,Car,RB|W/R/T
15,17.5,AirBudGoldenReceiver,Starter,Green Bay Packers,GB,DEF
16,15.08,AirBudGoldenReceiver,Starter,Philip Rivers,Ind,QB
16,12.95,AirBudGoldenReceiver,Starter,A.J. Green,Ari,WR|W/R/T
16,11.4,AirBudGoldenReceiver,Starter,Michael Crabtree,Ari,WR|W/R/T
16,6.35,AirBudGoldenReceiver,Starter,Charcandrick West,KC,RB|W/R/T
16,29.65,AirBudGoldenReceiver,Starter,Tim Hightower,NO,RB|W/R/T
16,0.75,AirBudGoldenReceiver,Starter,Benjamin Watson,NE,TE|W/R/T
16,5.0,AirBudGoldenReceiver,Starter,DeSean Jackson,Bal,WR|W/R/T
16,0.0,AirBudGoldenReceiver,Non-Starter,Matt Jones,Ind,RB|W/R/T
16,5.36,AirBudGoldenReceiver,Non-Starter,Eli Manning,NYG,QB
16,3.9,AirBudGoldenReceiver,Non-Starter,Jacob Tamme,Atl,TE|W/R/T
16,0.0,AirBudGoldenReceiver,Non-Starter,Devin Funchess,Det,WR|W/R/T
16,4.3,AirBudGoldenReceiver,Non-Starter,Fozzy Whittaker,Car,RB|W/R/T
16,8.5,AirBudGoldenReceiver,Starter,Green Bay Packers,GB,DEF
1,8.84,I Shot The Scherff,Starter,Teddy Bridgewater,TB,QB
1,26.05,I Shot The Scherff,Starter,DeAndre Hopkins,Bal,WR|W/R/T
1,3.4,I Shot The Scherff,Starter,Andre Johnson,Ten,WR|W/R/T
1,7.75,I Shot The Scherff,Starter,Lamar Miller,NO,RB|W/R/T
1,5.95,I Shot The Scherff,Starter,Adrian Peterson,Sea,RB|W/R/T
1,8.3,I Shot The Scherff,Starter,Jordan Cameron,Mia,TE|W/R/T
1,14.7,I Shot The Scherff,Starter,Jarvis Landry,NO,WR|W/R/T
1,20.35,I Shot The Scherff,Non-Starter,Keenan Allen,LAC,WR|W/R/T
1,21.1,I Shot The Scherff,Non-Starter,Bishop Sankey,KC,RB|W/R/T
1,3.2,I Shot The Scherff,Non-Starter,Charles Johnson,Min,WR|W/R/T
1,3.3,I Shot The Scherff,Non-Starter,Jerick McKinnon,KC,RB|W/R/T
1,0.0,I Shot The Scherff,Non-Starter,Christine Michael,Ind,RB|W/R/T
1,18.0,I Shot The Scherff,Starter,Miami Dolphins,Mia,DEF
2,18.22,I Shot The Scherff,Starter,Teddy Bridgewater,TB,QB
2,6.55,I Shot The Scherff,Starter,DeAndre Hopkins,Bal,WR|W/R/T
2,0.1,I Shot The Scherff,Starter,Keenan Allen,LAC,WR|W/R/T
2,5.45,I Shot The Scherff,Starter,Lamar Miller,NO,RB|W/R/T
2,17.7,I Shot The Scherff,Starter,Adrian Peterson,Sea,RB|W/R/T
2,6.95,I Shot The Scherff,Starter,Jordan Cameron,Mia,TE|W/R/T
2,13.6,I Shot The Scherff,Starter,Jarvis Landry,NO,WR|W/R/T
2,3.45,I Shot The Scherff,Non-Starter,Andre Johnson,Ten,WR|W/R/T
2,4.2,I Shot The Scherff,Non-Starter,Bishop Sankey,KC,RB|W/R/T
2,1.75,I Shot The Scherff,Non-Starter,Charles Johnson,Min,WR|W/R/T
2,0.6,I Shot The Scherff,Non-Starter,Jerick McKinnon,KC,RB|W/R/T
2,0.0,I Shot The Scherff,Non-Starter,Christine Michael,Ind,RB|W/R/T
2,4.0,I Shot The Scherff,Starter,Miami Dolphins,Mia,DEF
3,2.74,I Shot The Scherff,Starter,Teddy Bridgewater,TB,QB
3,28.3,I Shot The Scherff,Starter,Keenan Allen,LAC,WR|W/R/T
3,10.6,I Shot The Scherff,Starter,Jarvis Landry,NO,WR|W/R/T
3,7.25,I Shot The Scherff,Starter,Lamar Miller,NO,RB|W/R/T
3,24.6,I Shot The Scherff,Starter,Adrian Peterson,Sea,RB|W/R/T
3,2.35,I Shot The Scherff,Starter,Jordan Cameron,Mia,TE|W/R/T
3,18.1,I Shot The Scherff,Starter,DeAndre Hopkins,Bal,WR|W/R/T
3,1.9,I Shot The Scherff,Non-Starter,Kyle Rudolph,TB,TE|W/R/T
3,0.0,I Shot The Scherff,Non-Starter,Andre Johnson,Ten,WR|W/R/T
3,4.6,I Shot The Scherff,Non-Starter,Bishop Sankey,KC,RB|W/R/T
3,1.8,I Shot The Scherff,Non-Starter,Jerick McKinnon,KC,RB|W/R/T
3,0.95,I Shot The Scherff,Non-Starter,Jared Cook,LAC,TE|W/R/T
3,0.5,I Shot The Scherff,Starter,Miami Dolphins,Mia,DEF
4,10.68,I Shot The Scherff,Starter,Jameis Winston,NYG,QB
4,14.2,I Shot The Scherff,Starter,Keenan Allen,LAC,WR|W/R/T
4,7.9,I Shot The Scherff,Starter,Jarvis Landry,NO,WR|W/R/T
4,3.85,I Shot The Scherff,Starter,Lamar Miller,NO,RB|W/R/T
4,16.4,I Shot The Scherff,Starter,Adrian Peterson,Sea,RB|W/R/T
4,2.4,I Shot The Scherff,Starter,Jordan Cameron,Mia,TE|W/R/T
4,17.95,I Shot The Scherff,Starter,DeAndre Hopkins,Bal,WR|W/R/T
4,1.2,I Shot The Scherff,Non-Starter,Kyle Rudolph,TB,TE|W/R/T
4,0.0,I Shot The Scherff,Non-Starter,Andre Johnson,Ten,WR|W/R/T
4,0.0,I Shot The Scherff,Non-Starter,Bishop Sankey,KC,RB|W/R/T
4,0.6,I Shot The Scherff,Non-Starter,Jerick McKinnon,KC,RB|W/R/T
4,-0.1,I Shot The Scherff,Non-Starter,Christine Michael,Ind,RB|W/R/T
4,5.0,I Shot The Scherff,Starter,Miami Dolphins,Mia,DEF
5,15.26,I Shot The Scherff,Starter,Jameis Winston,NYG,QB
5,7.2,I Shot The Scherff,Starter,Keenan Allen,LAC,WR|W/R/T
5,19.65,I Shot The Scherff,Starter,DeAndre Hopkins,Bal,WR|W/R/T
5,5.05,I Shot The Scherff,Starter,Bishop Sankey,KC,RB|W/R/T
5,14.6,I Shot The Scherff,Starter,Charles Sims,TB,RB|W/R/T
5,9.2,I Shot The Scherff,Starter,Derek Carrier,LV,TE|W/R/T
5,18.85,I Shot The Scherff,Starter,Allen Hurns,Mia,WR|W/R/T
5,0.6,I Shot The Scherff,Non-Starter,Christine Michael,Ind,RB|W/R/T
5,0.0,I Shot The Scherff,Non-Starter,Jordan Cameron,Mia,TE|W/R/T
5,0.0,I Shot The Scherff,Non-Starter,Adrian Peterson,Sea,RB|W/R/T
5,0.0,I Shot The Scherff,Non-Starter,Jarvis Landry,NO,WR|W/R/T
5,0.0,I Shot The Scherff,Non-Starter,Lamar Miller,NO,RB|W/R/T
5,8.0,I Shot The Scherff,Starter,Baltimore Ravens,Bal,DEF
6,19.32,I Shot The Scherff,Starter,Jay Cutler,Mia,QB
6,19.2,I Shot The Scherff,Starter,Keenan Allen,LAC,WR|W/R/T
6,29.3,I Shot The Scherff,Starter,DeAndre Hopkins,Bal,WR|W/R/T
6,5.95,I Shot The Scherff,Starter,Adrian Peterson,Sea,RB|W/R/T
6,18.3,I Shot The Scherff,Starter,Lamar Miller,NO,RB|W/R/T
6,9.75,I Shot The Scherff,Starter,Jordan Cameron,Mia,TE|W/R/T
6,13.35,I Shot The Scherff,Starter,Jarvis Landry,NO,WR|W/R/T
6,9.5,I Shot The Scherff,Non-Starter,Allen Hurns,Mia,WR|W/R/T
6,2.25,I Shot The Scherff,Non-Starter,Bishop Sankey,KC,RB|W/R/T
6,0.0,I Shot The Scherff,Non-Starter,Charles Sims,TB,RB|W/R/T
6,4.25,I Shot The Scherff,Non-Starter,Andre Johnson,Ten,WR|W/R/T
6,0.0,I Shot The Scherff,Non-Starter,DeVante Parker,NE,WR|W/R/T
6,5.5,I Shot The Scherff,Starter,Baltimore Ravens,Bal,DEF
7,18.92,I Shot The Scherff,Starter,Brian Hoyer,LV,QB
7,11.15,I Shot The Scherff,Starter,Keenan Allen,LAC,WR|W/R/T
7,6.5,I Shot The Scherff,Starter,DeAndre Hopkins,Bal,WR|W/R/T
7,11.75,I Shot The Scherff,Starter,Adrian Peterson,Sea,RB|W/R/T
7,36.35,I Shot The Scherff,Starter,Lamar Miller,NO,RB|W/R/T
7,2.8,I Shot The Scherff,Starter,Jordan Cameron,Mia,TE|W/R/T
7,22.05,I Shot The Scherff,Starter,Jarvis Landry,NO,WR|W/R/T
7,11.8,I Shot The Scherff,Non-Starter,Allen Hurns,Mia,WR|W/R/T
7,0.0,I Shot The Scherff,Non-Starter,Bishop Sankey,KC,RB|W/R/T
7,5.1,I Shot The Scherff,Non-Starter,Charles Sims,TB,RB|W/R/T
7,5.4,I Shot The Scherff,Non-Starter,Andre Johnson,Ten,WR|W/R/T
7,19.2,I Shot The Scherff,Non-Starter,Stefon Diggs,NE,WR|W/R/T
7,7.5,I Shot The Scherff,Starter,Baltimore Ravens,Bal,DEF
8,19.54,I Shot The Scherff,Starter,Jay Cutler,Mia,QB
8,10.75,I Shot The Scherff,Starter,Keenan Allen,LAC,WR|W/R/T
8,17.4,I Shot The Scherff,Starter,DeAndre Hopkins,Bal,WR|W/R/T
8,11.4,I Shot The Scherff,Starter,Adrian Peterson,Sea,RB|W/R/T
8,10.65,I Shot The Scherff,Starter,Lamar Miller,NO,RB|W/R/T
8,3.9,I Shot The Scherff,Starter,Jordan Cameron,Mia,TE|W/R/T
8,8.6,I Shot The Scherff,Starter,Jarvis Landry,NO,WR|W/R/T
8,0.0,I Shot The Scherff,Non-Starter,Allen Hurns,Mia,WR|W/R/T
8,-2.0,I Shot The Scherff,Non-Starter,Bishop Sankey,KC,RB|W/R/T
8,5.35,I Shot The Scherff,Non-Starter,Charles Sims,TB,RB|W/R/T
8,15.1,I Shot The Scherff,Non-Starter,Andre Johnson,Ten,WR|W/R/T
8,17.0,I Shot The Scherff,Non-Starter,Stefon Diggs,NE,WR|W/R/T
8,7.0,I Shot The Scherff,Starter,Baltimore Ravens,Bal,DEF
9,15.6,I Shot The Scherff,Starter,Jay Cutler,Mia,QB
9,4.95,I Shot The Scherff,Starter,Stefon Diggs,NE,WR|W/R/T
9,11.81,I Shot The Scherff,Starter,Jarvis Landry,NO,WR|W/R/T
9,20.8,I Shot The Scherff,Starter,Adrian Peterson,Sea,RB|W/R/T
9,27.85,I Shot The Scherff,Starter,Lamar Miller,NO,RB|W/R/T
9,0.85,I Shot The Scherff,Starter,Jordan Cameron,Mia,TE|W/R/T
9,8.55,I Shot The Scherff,Starter,Steve Johnson,LAC,WR|W/R/T
9,0.0,I Shot The Scherff,Non-Starter,DeAndre Hopkins,Bal,WR|W/R/T
9,19.45,I Shot The Scherff,Non-Starter,Allen Hurns,Mia,WR|W/R/T
9,6.45,I Shot The Scherff,Non-Starter,Charles Sims,TB,RB|W/R/T
9,0.0,I Shot The Scherff,Non-Starter,Andre Johnson,Ten,WR|W/R/T
9,0.0,I Shot The Scherff,Non-Starter,Austin Seferian-Jenkins,Jax,TE|W/R/T
9,8.0,I Shot The Scherff,Starter,Pittsburgh Steelers,Pit,DEF
10,4.42,I Shot The Scherff,Starter,Brian Hoyer,LV,QB
10,13.55,I Shot The Scherff,Starter,Jarvis Landry,NO,WR|W/R/T
10,12.95,I Shot The Scherff,Starter,DeAndre Hopkins,Bal,WR|W/R/T
10,28.1,I Shot The Scherff,Starter,Adrian Peterson,Sea,RB|W/R/T
10,16.8,I Shot The Scherff,Starter,Lamar Miller,NO,RB|W/R/T
10,0.75,I Shot The Scherff,Starter,Jordan Cameron,Mia,TE|W/R/T
10,6.1,I Shot The Scherff,Starter,Stefon Diggs,NE,WR|W/R/T
10,0.0,I Shot The Scherff,Non-Starter,Austin Seferian-Jenkins,Jax,TE|W/R/T
10,0.0,I Shot The Scherff,Non-Starter,Steve Johnson,LAC,WR|W/R/T
10,13.45,I Shot The Scherff,Non-Starter,Allen Hurns,Mia,WR|W/R/T
10,3.6,I Shot The Scherff,Non-Starter,Charles Sims,TB,RB|W/R/T
10,1.35,I Shot The Scherff,Non-Starter,James White,NE,RB|W/R/T
10,21.0,I Shot The Scherff,Starter,Pittsburgh Steelers,Pit,DEF
11,9.5,I Shot The Scherff,Starter,Jay Cutler,Mia,QB
11,7.6,I Shot The Scherff,Starter,Jarvis Landry,NO,WR|W/R/T
11,25.05,I Shot The Scherff,Starter,DeAndre Hopkins,Bal,WR|W/R/T
11,10.6,I Shot The Scherff,Starter,Adrian Peterson,Sea,RB|W/R/T
11,6.0,I Shot The Scherff,Starter,Lamar Miller,NO,RB|W/R/T
11,8.6,I Shot The Scherff,Starter,Jordan Cameron,Mia,TE|W/R/T
11,7.15,I Shot The Scherff,Starter,Steve Johnson,LAC,WR|W/R/T
11,8.1,I Shot The Scherff,Non-Starter,Stefon Diggs,NE,WR|W/R/T
11,0.0,I Shot The Scherff,Non-Starter,Austin Seferian-Jenkins,Jax,TE|W/R/T
11,2.65,I Shot The Scherff,Non-Starter,Allen Hurns,Mia,WR|W/R/T
11,13.65,I Shot The Scherff,Non-Starter,Charles Sims,TB,RB|W/R/T
11,17.1,I Shot The Scherff,Non-Starter,James White,NE,RB|W/R/T
11,12.0,I Shot The Scherff,Starter,Atlanta Falcons,Atl,DEF
12,14.5,I Shot The Scherff,Starter,Jameis Winston,NYG,QB
12,4.85,I Shot The Scherff,Starter,DeAndre Hopkins,Bal,WR|W/R/T
12,16.95,I Shot The Scherff,Starter,Steve Johnson,LAC,WR|W/R/T
12,31.2,I Shot The Scherff,Starter,Adrian Peterson,Sea,RB|W/R/T
12,2.05,I Shot The Scherff,Starter,Lamar Miller,NO,RB|W/R/T
12,1.8,I Shot The Scherff,Starter,Jordan Cameron,Mia,TE|W/R/T
12,15.4,I Shot The Scherff,Starter,Javorius Allen,NYG,RB|W/R/T
12,26.15,I Shot The Scherff,Non-Starter,Jarvis Landry,NO,WR|W/R/T
12,4.1,I Shot The Scherff,Non-Starter,Stefon Diggs,NE,WR|W/R/T
12,0.0,I Shot The Scherff,Non-Starter,Austin Seferian-Jenkins,Jax,TE|W/R/T
12,5.2,I Shot The Scherff,Non-Starter,Allen Hurns,Mia,WR|W/R/T
12,4.65,I Shot The Scherff,Non-Starter,Charles Sims,TB,RB|W/R/T
12,3.5,I Shot The Scherff,Starter,Atlanta Falcons,Atl,DEF
13,18.58,I Shot The Scherff,Starter,Jameis Winston,NYG,QB
13,16.05,I Shot The Scherff,Starter,DeAndre Hopkins,Bal,WR|W/R/T
13,1.0,I Shot The Scherff,Starter,Jarvis Landry,NO,WR|W/R/T
13,3.4,I Shot The Scherff,Starter,Adrian Peterson,Sea,RB|W/R/T
13,10.05,I Shot The Scherff,Starter,Lamar Miller,NO,RB|W/R/T
13,0.65,I Shot The Scherff,Starter,Jordan Cameron,Mia,TE|W/R/T
13,26.0,I Shot The Scherff,Starter,Javorius Allen,NYG,RB|W/R/T
13,0.0,I Shot The Scherff,Non-Starter,Steve Johnson,LAC,WR|W/R/T
13,2.1,I Shot The Scherff,Non-Starter,Stefon Diggs,NE,WR|W/R/T
13,3.85,I Shot The Scherff,Non-Starter,Austin Seferian-Jenkins,Jax,TE|W/R/T
13,0.0,I Shot The Scherff,Non-Starter,Allen Hurns,Mia,WR|W/R/T
13,8.2,I Shot The Scherff,Non-Starter,Charles Sims,TB,RB|W/R/T
13,7.0,I Shot The Scherff,Starter,Atlanta Falcons,Atl,DEF
14,13.68,I Shot The Scherff,Starter,Jameis Winston,NYG,QB
14,5.95,I Shot The Scherff,Starter,DeAndre Hopkins,Bal,WR|W/R/T
14,17.25,I Shot The Scherff,Starter,Allen Hurns,Mia,WR|W/R/T
14,12.85,I Shot The Scherff,Starter,Adrian Peterson,Sea,RB|W/R/T
14,20.9,I Shot The Scherff,Starter,Lamar Miller,NO,RB|W/R/T
14,4.25,I Shot The Scherff,Starter,Jordan Cameron,Mia,TE|W/R/T
14,5.05,I Shot The Scherff,Starter,Javorius Allen,NYG,RB|W/R/T
14,12.65,I Shot The Scherff,Non-Starter,Jarvis Landry,NO,WR|W/R/T
14,0.0,I Shot The Scherff,Non-Starter,Steve Johnson,LAC,WR|W/R/T
14,1.7,I Shot The Scherff,Non-Starter,Stefon Diggs,NE,WR|W/R/T
14,3.85,I Shot The Scherff,Non-Starter,Austin Seferian-Jenkins,Jax,TE|W/R/T
14,8.9,I Shot The Scherff,Non-Starter,Charles Sims,TB,RB|W/R/T
14,1.5,I Shot The Scherff,Starter,Atlanta Falcons,Atl,DEF
15,19.02,I Shot The Scherff,Starter,Jameis Winston,NYG,QB
15,11.4,I Shot The Scherff,Starter,DeAndre Hopkins,Bal,WR|W/R/T
15,7.4,I Shot The Scherff,Starter,Jarvis Landry,NO,WR|W/R/T
15,6.3,I Shot The Scherff,Starter,Adrian Peterson,Sea,RB|W/R/T
15,2.9,I Shot The Scherff,Starter,Lamar Miller,NO,RB|W/R/T
15,0.75,I Shot The Scherff,Starter,Jordan Cameron,Mia,TE|W/R/T
15,-0.2,I Shot The Scherff,Starter,Javorius Allen,NYG,RB|W/R/T
15,4.9,I Shot The Scherff,Non-Starter,Allen Hurns,Mia,WR|W/R/T
15,0.0,I Shot The Scherff,Non-Starter,Steve Johnson,LAC,WR|W/R/T
15,18.25,I Shot The Scherff,Non-Starter,Stefon Diggs,NE,WR|W/R/T
15,9.65,I Shot The Scherff,Non-Starter,Austin Seferian-Jenkins,Jax,TE|W/R/T
15,7.95,I Shot The Scherff,Non-Starter,Charles Sims,TB,RB|W/R/T
15,9.5,I Shot The Scherff,Starter,Atlanta Falcons,Atl,DEF
1,16.5,The Joique Store,Starter,Drew Brees,NO,QB
1,12.7,The Joique Store,Starter,Jordan Matthews,Car,WR|W/R/T
1,1.8,The Joique Store,Starter,Steve Smith,Bal,WR|W/R/T
1,23.85,The Joique Store,Starter,Matt Forte,NYJ,RB|W/R/T
1,9.45,The Joique Store,Starter,LeSean McCoy,TB,RB|W/R/T
1,14.05,The Joique Store,Starter,Jordan Reed,SF,TE|W/R/T
1,10.2,The Joique Store,Starter,Larry Fitzgerald,Ari,WR|W/R/T
1,4.6,The Joique Store,Non-Starter,Joique Bell,Det,RB|W/R/T
1,0.0,The Joique Store,Non-Starter,Julius Thomas,Mia,TE|W/R/T
1,25.68,The Joique Store,Non-Starter,Carson Palmer,Ari,QB
1,6.7,The Joique Store,Non-Starter,Cecil Shorts,TB,WR|W/R/T
1,17.1,The Joique Store,Non-Starter,Kendall Wright,Ari,WR|W/R/T
1,10.0,The Joique Store,Starter,Buffalo Bills,Buf,DEF
2,12.1,The Joique Store,Starter,Drew Brees,NO,QB
2,15.5,The Joique Store,Starter,Jordan Matthews,Car,WR|W/R/T
2,17.5,The Joique Store,Starter,Steve Smith,Bal,WR|W/R/T
2,11.5,The Joique Store,Starter,Matt Forte,NYJ,RB|W/R/T
2,12.35,The Joique Store,Starter,LeSean McCoy,TB,RB|W/R/T
2,9.7,The Joique Store,Starter,Jordan Reed,SF,TE|W/R/T
2,31.2,The Joique Store,Starter,Larry Fitzgerald,Ari,WR|W/R/T
2,2.3,The Joique Store,Non-Starter,Joique Bell,Det,RB|W/R/T
2,0.0,The Joique Store,Non-Starter,Julius Thomas,Mia,TE|W/R/T
2,21.2,The Joique Store,Non-Starter,Carson Palmer,Ari,QB
2,2.2,The Joique Store,Non-Starter,Kendall Wright,Ari,WR|W/R/T
2,4.85,The Joique Store,Non-Starter,Tavon Austin,Buf,WR|W/R/T
2,2.5,The Joique Store,Starter,Buffalo Bills,Buf,DEF
3,18.54,The Joique Store,Starter,Carson Palmer,Ari,QB
3,6.4,The Joique Store,Starter,Jordan Matthews,Car,WR|W/R/T
3,33.85,The Joique Store,Starter,Steve Smith,Bal,WR|W/R/T
3,7.4,The Joique Store,Starter,Matt Forte,NYJ,RB|W/R/T
3,8.85,The Joique Store,Starter,LeSean McCoy,TB,RB|W/R/T
3,11.1,The Joique Store,Starter,Jordan Reed,SF,TE|W/R/T
3,27.65,The Joique Store,Starter,Larry Fitzgerald,Ari,WR|W/R/T
3,0.0,The Joique Store,Non-Starter,Drew Brees,NO,QB
3,6.65,The Joique Store,Non-Starter,Joique Bell,Det,RB|W/R/T
3,0.0,The Joique Store,Non-Starter,Julius Thomas,Mia,TE|W/R/T
3,18.55,The Joique Store,Non-Starter,Kendall Wright,Ari,WR|W/R/T
3,5.05,The Joique Store,Non-Starter,Tavon Austin,Buf,WR|W/R/T
3,17.5,The Joique Store,Starter,Buffalo Bills,Buf,DEF
4,15.98,The Joique Store,Starter,Carson Palmer,Ari,QB
4,5.75,The Joique Store,Starter,Jordan Matthews,Car,WR|W/R/T
4,3.4,The Joique Store,Starter,Steve Smith,Bal,WR|W/R/T
4,14.5,The Joique Store,Starter,Matt Forte,NYJ,RB|W/R/T
4,5.5,The Joique Store,Starter,Andre Williams,LAC,RB|W/R/T
4,2.95,The Joique Store,Starter,Jordan Reed,SF,TE|W/R/T
4,9.65,The Joique Store,Starter,Larry Fitzgerald,Ari,WR|W/R/T
4,0.0,The Joique Store,Non-Starter,LeSean McCoy,TB,RB|W/R/T
4,22.36,The Joique Store,Non-Starter,Drew Brees,NO,QB
4,0.0,The Joique Store,Non-Starter,Julius Thomas,Mia,TE|W/R/T
4,0.0,The Joique Store,Non-Starter,Kendall Wright,Ari,WR|W/R/T
4,25.1,The Joique Store,Non-Starter,Tavon Austin,Buf,WR|W/R/T
4,8.5,The Joique Store,Starter,Buffalo Bills,Buf,DEF
5,18.34,The Joique Store,Starter,Carson Palmer,Ari,QB
5,5.65,The Joique Store,Starter,Jordan Matthews,Car,WR|W/R/T
5,3.75,The Joique Store,Starter,Kendall Wright,Ari,WR|W/R/T
5,18.15,The Joique Store,Starter,Matt Forte,NYJ,RB|W/R/T
5,4.65,The Joique Store,Starter,Anthony Dixon,Buf,RB|W/R/T
5,2.5,The Joique Store,Starter,Julius Thomas,Mia,TE|W/R/T
5,13.05,The Joique Store,Starter,Larry Fitzgerald,Ari,WR|W/R/T
5,21.9,The Joique Store,Non-Starter,Gary Barnidge,Cle,TE|W/R/T
5,0.0,The Joique Store,Non-Starter,Steve Smith,Bal,WR|W/R/T
5,0.0,The Joique Store,Non-Starter,LeSean McCoy,TB,RB|W/R/T
5,9.3,The Joique Store,Non-Starter,Tavon Austin,Buf,WR|W/R/T
5,15.6,The Joique Store,Non-Starter,Willie Snead IV,Mia,WR|W/R/T
5,11.5,The Joique Store,Starter,Buffalo Bills,Buf,DEF
6,16.74,The Joique Store,Starter,Carson Palmer,Ari,QB
6,5.4,The Joique Store,Starter,Jordan Matthews,Car,WR|W/R/T
6,6.5,The Joique Store,Starter,Willie Snead IV,Mia,WR|W/R/T
6,17.65,The Joique Store,Starter,Matt Forte,NYJ,RB|W/R/T
6,15.9,The Joique Store,Starter,LeSean McCoy,TB,RB|W/R/T
6,16.65,The Joique Store,Starter,Gary Barnidge,Cle,TE|W/R/T
6,11.3,The Joique Store,Starter,Larry Fitzgerald,Ari,WR|W/R/T
6,2.75,The Joique Store,Non-Starter,Antonio Andrews,Ten,RB|W/R/T
6,15.55,The Joique Store,Non-Starter,Julius Thomas,Mia,TE|W/R/T
6,4.4,The Joique Store,Non-Starter,Kendall Wright,Ari,WR|W/R/T
6,21.45,The Joique Store,Non-Starter,Steve Smith,Bal,WR|W/R/T
6,0.0,The Joique Store,Non-Starter,Tavon Austin,Buf,WR|W/R/T
6,1.0,The Joique Store,Starter,Buffalo Bills,Buf,DEF
7,19.2,The Joique Store,Starter,Carson Palmer,Ari,QB
7,2.15,The Joique Store,Starter,Jordan Matthews,Car,WR|W/R/T
7,9.05,The Joique Store,Starter,Steve Smith,Bal,WR|W/R/T
7,10.9,The Joique Store,Starter,LeSean McCoy,TB,RB|W/R/T
7,5.7,The Joique Store,Starter,Antonio Andrews,Ten,RB|W/R/T
7,0.65,The Joique Store,Starter,Julius Thomas,Mia,TE|W/R/T
7,4.65,The Joique Store,Starter,Larry Fitzgerald,Ari,WR|W/R/T
7,3.25,The Joique Store,Non-Starter,Willie Snead IV,Mia,WR|W/R/T
7,11.6,The Joique Store,Non-Starter,Gary Barnidge,Cle,TE|W/R/T
7,0.0,The Joique Store,Non-Starter,Matt Forte,NYJ,RB|W/R/T
7,11.6,The Joique Store,Non-Starter,Kendall Wright,Ari,WR|W/R/T
7,7.4,The Joique Store,Non-Starter,Tavon Austin,Buf,WR|W/R/T
7,14.0,The Joique Store,Starter,Buffalo Bills,Buf,DEF
8,29.56,The Joique Store,Starter,Carson Palmer,Ari,QB
8,9.45,The Joique Store,Starter,Steve Smith,Bal,WR|W/R/T
8,3.8,The Joique Store,Starter,Kendall Wright,Ari,WR|W/R/T
8,7.9,The Joique Store,Starter,Matt Forte,NYJ,RB|W/R/T
8,4.8,The Joique Store,Starter,Dexter McCluster,LAC,RB|W/R/T
8,13.05,The Joique Store,Starter,Gary Barnidge,Cle,TE|W/R/T
8,14.65,The Joique Store,Starter,Larry Fitzgerald,Ari,WR|W/R/T
8,0.0,The Joique Store,Non-Starter,Julius Thomas,Mia,TE|W/R/T
8,0.0,The Joique Store,Non-Starter,Jordan Matthews,Car,WR|W/R/T
8,0.0,The Joique Store,Non-Starter,LeSean McCoy,TB,RB|W/R/T
8,20.5,The Joique Store,Non-Starter,Willie Snead IV,Mia,WR|W/R/T
8,22.9,The Joique Store,Non-Starter,Tavon Austin,Buf,WR|W/R/T
8,17.0,The Joique Store,Starter,Cincinnati Bengals,Cin,DEF
9,10.68,The Joique Store,Starter,Kirk Cousins,Atl,QB
9,11.0,The Joique Store,Starter,Willie Snead IV,Mia,WR|W/R/T
9,21.55,The Joique Store,Starter,Jordan Matthews,Car,WR|W/R/T
9,3.2,The Joique Store,Starter,Dexter McCluster,LAC,RB|W/R/T
9,18.4,The Joique Store,Starter,LeSean McCoy,TB,RB|W/R/T
9,4.0,The Joique Store,Starter,Gary Barnidge,Cle,TE|W/R/T
9,9.1,The Joique Store,Starter,Tavon Austin,Buf,WR|W/R/T
9,0.0,The Joique Store,Non-Starter,Matt Forte,NYJ,RB|W/R/T
9,0.0,The Joique Store,Non-Starter,Kendall Wright,Ari,WR|W/R/T
9,0.0,The Joique Store,Non-Starter,Larry Fitzgerald,Ari,WR|W/R/T
9,0.0,The Joique Store,Non-Starter,Carson Palmer,Ari,QB
9,2.15,The Joique Store,Non-Starter,Julius Thomas,Mia,TE|W/R/T
9,12.0,The Joique Store,Starter,Cincinnati Bengals,Cin,DEF
10,20.32,The Joique Store,Starter,Carson Palmer,Ari,QB
10,0.0,The Joique Store,Starter,Willie Snead IV,Mia,WR|W/R/T
10,2.85,The Joique Store,Starter,Jordan Matthews,Car,WR|W/R/T
10,17.15,The Joique Store,Starter,LeSean McCoy,TB,RB|W/R/T
10,15.55,The Joique Store,Starter,Andre Ellington,Hou,RB|W/R/T
10,14.0,The Joique Store,Starter,Gary Barnidge,Cle,TE|W/R/T
10,15.5,The Joique Store,Starter,Larry Fitzgerald,Ari,WR|W/R/T
10,2.8,The Joique Store,Non-Starter,Tavon Austin,Buf,WR|W/R/T
10,0.0,The Joique Store,Non-Starter,Matt Forte,NYJ,RB|W/R/T
10,28.96,The Joique Store,Non-Starter,Kirk Cousins,Atl,QB
10,0.0,The Joique Store,Non-Starter,Kendall Wright,Ari,WR|W/R/T
10,2.8,The Joique Store,Non-Starter,Julius Thomas,Mia,TE|W/R/T
10,14.0,The Joique Store,Starter,Cincinnati Bengals,Cin,DEF
11,24.58,The Joique Store,Starter,Carson Palmer,Ari,QB
11,2.3,The Joique Store,Starter,Jordan Matthews,Car,WR|W/R/T
11,0.35,The Joique Store,Starter,Tavon Austin,Buf,WR|W/R/T
11,19.8,The Joique Store,Starter,LeSean McCoy,TB,RB|W/R/T
11,0.95,The Joique Store,Starter,Andre Ellington,Hou,RB|W/R/T
11,10.05,The Joique Store,Starter,Julius Thomas,Mia,TE|W/R/T
11,11.0,The Joique Store,Starter,Larry Fitzgerald,Ari,WR|W/R/T
11,0.0,The Joique Store,Non-Starter,Gary Barnidge,Cle,TE|W/R/T
11,0.0,The Joique Store,Non-Starter,Willie Snead IV,Mia,WR|W/R/T
11,0.0,The Joique Store,Non-Starter,Matt Forte,NYJ,RB|W/R/T
11,6.68,The Joique Store,Non-Starter,Kirk Cousins,Atl,QB
11,0.0,The Joique Store,Non-Starter,Kendall Wright,Ari,WR|W/R/T
11,8.0,The Joique Store,Starter,Cincinnati Bengals,Cin,DEF
12,17.44,The Joique Store,Starter,Carson Palmer,Ari,QB
12,12.75,The Joique Store,Starter,Jordan Matthews,Car,WR|W/R/T
12,6.0,The Joique Store,Starter,Willie Snead IV,Mia,WR|W/R/T
12,14.85,The Joique Store,Starter,LeSean McCoy,TB,RB|W/R/T
12,5.35,The Joique Store,Starter,Andre Ellington,Hou,RB|W/R/T
12,10.85,The Joique Store,Starter,Gary Barnidge,Cle,TE|W/R/T
12,9.1,The Joique Store,Starter,Larry Fitzgerald,Ari,WR|W/R/T
12,17.1,The Joique Store,Non-Starter,Tavon Austin,Buf,WR|W/R/T
12,19.85,The Joique Store,Non-Starter,Julius Thomas,Mia,TE|W/R/T
12,5.55,The Joique Store,Non-Starter,Matt Forte,NYJ,RB|W/R/T
12,22.18,The Joique Store,Non-Starter,Kirk Cousins,Atl,QB
12,2.0,The Joique Store,Non-Starter,Kendall Wright,Ari,WR|W/R/T
12,21.0,The Joique Store,Starter,Cincinnati Bengals,Cin,DEF
13,22.24,The Joique Store,Starter,Carson Palmer,Ari,QB
13,10.35,The Joique Store,Starter,Jordan Matthews,Car,WR|W/R/T
13,7.5,The Joique Store,Starter,Larry Fitzgerald,Ari,WR|W/R/T
13,11.2,The Joique Store,Starter,LeSean McCoy,TB,RB|W/R/T
13,19.55,The Joique Store,Starter,Matt Forte,NYJ,RB|W/R/T
13,7.15,The Joique Store,Starter,Gary Barnidge,Cle,TE|W/R/T
13,8.0,The Joique Store,Starter,Julius Thomas,Mia,TE|W/R/T
13,4.05,The Joique Store,Non-Starter,Tavon Austin,Buf,WR|W/R/T
13,0.0,The Joique Store,Non-Starter,Willie Snead IV,Mia,WR|W/R/T
13,0.0,The Joique Store,Non-Starter,Andre Ellington,Hou,RB|W/R/T
13,13.36,The Joique Store,Non-Starter,Kirk Cousins,Atl,QB
13,3.55,The Joique Store,Non-Starter,Kendall Wright,Ari,WR|W/R/T
13,20.0,The Joique Store,Starter,Cincinnati Bengals,Cin,DEF
14,20.7,The Joique Store,Starter,Carson Palmer,Ari,QB
14,2.65,The Joique Store,Starter,Jordan Matthews,Car,WR|W/R/T
14,5.35,The Joique Store,Starter,Larry Fitzgerald,Ari,WR|W/R/T
14,11.9,The Joique Store,Starter,LeSean McCoy,TB,RB|W/R/T
14,11.55,The Joique Store,Starter,Matt Forte,NYJ,RB|W/R/T
14,15.65,The Joique Store,Starter,Gary Barnidge,Cle,TE|W/R/T
14,12.65,The Joique Store,Starter,Julius Thomas,Mia,TE|W/R/T
14,6.65,The Joique Store,Non-Starter,Tavon Austin,Buf,WR|W/R/T
14,13.95,The Joique Store,Non-Starter,Willie Snead IV,Mia,WR|W/R/T
14,0.0,The Joique Store,Non-Starter,Andre Ellington,Hou,RB|W/R/T
14,21.3,The Joique Store,Non-Starter,Kirk Cousins,Atl,QB
14,0.0,The Joique Store,Non-Starter,Kendall Wright,Ari,WR|W/R/T
14,6.5,The Joique Store,Starter,Cincinnati Bengals,Cin,DEF
15,14.96,The Joique Store,Starter,Carson Palmer,Ari,QB
15,23.9,The Joique Store,Starter,Jordan Matthews,Car,WR|W/R/T
15,5.05,The Joique Store,Starter,Larry Fitzgerald,Ari,WR|W/R/T
15,3.95,The Joique Store,Starter,LeSean McCoy,TB,RB|W/R/T
15,17.9,The Joique Store,Starter,Matt Forte,NYJ,RB|W/R/T
15,9.65,The Joique Store,Starter,Gary Barnidge,Cle,TE|W/R/T
15,9.4,The Joique Store,Starter,Julius Thomas,Mia,TE|W/R/T
15,20.05,The Joique Store,Non-Starter,Tavon Austin,Buf,WR|W/R/T
15,10.1,The Joique Store,Non-Starter,Willie Snead IV,Mia,WR|W/R/T
15,0.0,The Joique Store,Non-Starter,Andre Ellington,Hou,RB|W/R/T
15,35.86,The Joique Store,Non-Starter,Kirk Cousins,Atl,QB
15,0.0,The Joique Store,Non-Starter,Kendall Wright,Ari,WR|W/R/T
15,20.0,The Joique Store,Starter,Cincinnati Bengals,Cin,DEF
16,16.6,The Joique Store,Starter,Carson Palmer,Ari,QB
16,17.9,The Joique Store,Starter,Jordan Matthews,Car,WR|W/R/T
16,9.9,The Joique Store,Starter,Larry Fitzgerald,Ari,WR|W/R/T
16,0.0,The Joique Store,Starter,LeSean McCoy,TB,RB|W/R/T
16,8.45,The Joique Store,Starter,Matt Forte,NYJ,RB|W/R/T
16,5.45,The Joique Store,Starter,Gary Barnidge,Cle,TE|W/R/T
16,1.7,The Joique Store,Starter,Julius Thomas,Mia,TE|W/R/T
16,3.55,The Joique Store,Non-Starter,Tavon Austin,Buf,WR|W/R/T
16,8.5,The Joique Store,Non-Starter,Willie Snead IV,Mia,WR|W/R/T
16,4.75,The Joique Store,Non-Starter,Andre Ellington,Hou,RB|W/R/T
16,32.2,The Joique Store,Non-Starter,Kirk Cousins,Atl,QB
16,2.55,The Joique Store,Non-Starter,Kendall Wright,Ari,WR|W/R/T
16,9.5,The Joique Store,Starter,Cincinnati Bengals,Cin,DEF
1,13.44,Don Julio & Blounts,Starter,Sam Bradford,Ari,QB
1,9.05,Don Julio & Blounts,Starter,Alshon Jeffery,Phi,WR|W/R/T
1,28.35,Don Julio & Blounts,Starter,Julio Jones,Phi,WR|W/R/T
1,11.85,Don Julio & Blounts,Starter,Andre Ellington,Hou,RB|W/R/T
1,5.65,Don Julio & Blounts,Starter,Doug Martin,LV,RB|W/R/T
1,6.55,Don Julio & Blounts,Starter,Kyle Rudolph,TB,TE|W/R/T
1,8.0,Don Julio & Blounts,Starter,Tevin Coleman,SF,RB|W/R/T
1,10.3,Don Julio & Blounts,Non-Starter,Giovani Bernard,TB,RB|W/R/T
1,0.0,Don Julio & Blounts,Non-Starter,C.J. Spiller,KC,RB|W/R/T
1,0.0,Don Julio & Blounts,Non-Starter,Brandon LaFell,LV,WR|W/R/T
1,0.0,Don Julio & Blounts,Non-Starter,LeGarrette Blount,Det,RB|W/R/T
1,1.15,Don Julio & Blounts,Non-Starter,Devin Funchess,Det,WR|W/R/T
1,19.5,Don Julio & Blounts,Starter,New York Jets,NYJ,DEF
2,7.86,Don Julio & Blounts,Starter,Sam Bradford,Ari,QB
2,16.75,Don Julio & Blounts,Starter,Julio Jones,Phi,WR|W/R/T
2,4.05,Don Julio & Blounts,Starter,Brandon Coleman,NO,WR|W/R/T
2,8.3,Don Julio & Blounts,Starter,Doug Martin,LV,RB|W/R/T
2,9.2,Don Julio & Blounts,Starter,Tevin Coleman,SF,RB|W/R/T
2,5.95,Don Julio & Blounts,Starter,Ladarius Green,Pit,TE|W/R/T
2,14.65,Don Julio & Blounts,Starter,Giovani Bernard,TB,RB|W/R/T
2,0.0,Don Julio & Blounts,Non-Starter,Alshon Jeffery,Phi,WR|W/R/T
2,2.85,Don Julio & Blounts,Non-Starter,C.J. Spiller,KC,RB|W/R/T
2,0.0,Don Julio & Blounts,Non-Starter,Andre Ellington,Hou,RB|W/R/T
2,0.0,Don Julio & Blounts,Non-Starter,Brandon LaFell,LV,WR|W/R/T
2,0.4,Don Julio & Blounts,Non-Starter,LeGarrette Blount,Det,RB|W/R/T
2,9.0,Don Julio & Blounts,Starter,New Orleans Saints,NO,DEF
3,20.48,Don Julio & Blounts,Starter,Joe Flacco,Cle,QB
3,31.4,Don Julio & Blounts,Starter,Julio Jones,Phi,WR|W/R/T
3,1.15,Don Julio & Blounts,Starter,Brandon Coleman,NO,WR|W/R/T
3,4.6,Don Julio & Blounts,Starter,Doug Martin,LV,RB|W/R/T
3,3.1,Don Julio & Blounts,Starter,C.J. Spiller,KC,RB|W/R/T
3,6.1,Don Julio & Blounts,Starter,Coby Fleener,NO,TE|W/R/T
3,9.05,Don Julio & Blounts,Starter,Giovani Bernard,TB,RB|W/R/T
3,0.0,Don Julio & Blounts,Non-Starter,Alshon Jeffery,Phi,WR|W/R/T
3,0.0,Don Julio & Blounts,Non-Starter,Tevin Coleman,SF,RB|W/R/T
3,0.0,Don Julio & Blounts,Non-Starter,Andre Ellington,Hou,RB|W/R/T
3,27.45,Don Julio & Blounts,Non-Starter,LeGarrette Blount,Det,RB|W/R/T
3,8.52,Don Julio & Blounts,Non-Starter,Sam Bradford,Ari,QB
3,32.0,Don Julio & Blounts,Starter,Arizona Cardinals,Ari,DEF
4,7.56,Don Julio & Blounts,Starter,Joe Flacco,Cle,QB
4,4.8,Don Julio & Blounts,Starter,Julio Jones,Phi,WR|W/R/T
4,9.85,Don Julio & Blounts,Starter,Rueben Randle,NYG,WR|W/R/T
4,18.15,Don Julio & Blounts,Starter,C.J. Spiller,KC,RB|W/R/T
4,12.2,Don Julio & Blounts,Starter,Giovani Bernard,TB,RB|W/R/T
4,13.35,Don Julio & Blounts,Starter,Charles Clay,Ari,TE|W/R/T
4,4.95,Don Julio & Blounts,Starter,Thomas Rawls,Cin,RB|W/R/T
4,21.55,Don Julio & Blounts,Non-Starter,Doug Martin,LV,RB|W/R/T
4,0.0,Don Julio & Blounts,Non-Starter,Alshon Jeffery,Phi,WR|W/R/T
4,0.0,Don Julio & Blounts,Non-Starter,Tevin Coleman,SF,RB|W/R/T
4,0.0,Don Julio & Blounts,Non-Starter,Andre Ellington,Hou,RB|W/R/T
4,0.0,Don Julio & Blounts,Non-Starter,LeGarrette Blount,Det,RB|W/R/T
4,8.0,Don Julio & Blounts,Starter,Arizona Cardinals,Ari,DEF
5,17.62,Don Julio & Blounts,Starter,Sam Bradford,Ari,QB
5,13.95,Don Julio & Blounts,Starter,Julio Jones,Phi,WR|W/R/T
5,3.5,Don Julio & Blounts,Starter,Terrance Williams,Dal,WR|W/R/T
5,11.35,Don Julio & Blounts,Starter,Giovani Bernard,TB,RB|W/R/T
5,34.55,Don Julio & Blounts,Starter,Doug Martin,LV,RB|W/R/T
5,0.95,Don Julio & Blounts,Starter,Charles Clay,Ari,TE|W/R/T
5,22.9,Don Julio & Blounts,Starter,Thomas Rawls,Cin,RB|W/R/T
5,7.4,Don Julio & Blounts,Non-Starter,LeGarrette Blount,Det,RB|W/R/T
5,0.0,Don Julio & Blounts,Non-Starter,Alshon Jeffery,Phi,WR|W/R/T
5,0.95,Don Julio & Blounts,Non-Starter,C.J. Spiller,KC,RB|W/R/T
5,0.3,Don Julio & Blounts,Non-Starter,Tevin Coleman,SF,RB|W/R/T
5,12.3,Don Julio & Blounts,Non-Starter,Andre Ellington,Hou,RB|W/R/T
5,4.5,Don Julio & Blounts,Starter,Jacksonville Jaguars,Jax,DEF
6,9.4,Don Julio & Blounts,Starter,Sam Bradford,Ari,QB
6,10.8,Don Julio & Blounts,Starter,Julio Jones,Phi,WR|W/R/T
6,22.7,Don Julio & Blounts,Starter,Alshon Jeffery,Phi,WR|W/R/T
6,5.9,Don Julio & Blounts,Starter,Andre Ellington,Hou,RB|W/R/T
6,8.8,Don Julio & Blounts,Starter,Le'Veon Bell,TB,RB|W/R/T
6,3.75,Don Julio & Blounts,Starter,Crockett Gillmore,Bal,TE|W/R/T
6,14.4,Don Julio & Blounts,Starter,Donte Moncrief,Hou,WR|W/R/T
6,0.8,Don Julio & Blounts,Non-Starter,Thomas Rawls,Cin,RB|W/R/T
6,2.0,Don Julio & Blounts,Non-Starter,Tevin Coleman,SF,RB|W/R/T
6,1.85,Don Julio & Blounts,Non-Starter,Ahmad Bradshaw,Ind,RB|W/R/T
6,2.35,Don Julio & Blounts,Non-Starter,Javorius Allen,NYG,RB|W/R/T
6,0.0,Don Julio & Blounts,Non-Starter,Christine Michael,Ind,RB|W/R/T
6,7.5,Don Julio & Blounts,Starter,Cincinnati Bengals,Cin,DEF
7,20.7,Don Julio & Blounts,Starter,Ryan Fitzpatrick,Was,QB
7,17.45,Don Julio & Blounts,Starter,Julio Jones,Phi,WR|W/R/T
7,10.4,Don Julio & Blounts,Starter,Donte Moncrief,Hou,WR|W/R/T
7,14.7,Don Julio & Blounts,Starter,Le'Veon Bell,TB,RB|W/R/T
7,1.55,Don Julio & Blounts,Starter,Ahmad Bradshaw,Ind,RB|W/R/T
7,21.95,Don Julio & Blounts,Starter,Jordan Reed,SF,TE|W/R/T
7,16.65,Don Julio & Blounts,Starter,Robert Woods,Pit,WR|W/R/T
7,2.25,Don Julio & Blounts,Non-Starter,Christine Michael,Ind,RB|W/R/T
7,0.0,Don Julio & Blounts,Non-Starter,Alshon Jeffery,Phi,WR|W/R/T
7,1.4,Don Julio & Blounts,Non-Starter,Tevin Coleman,SF,RB|W/R/T
7,3.75,Don Julio & Blounts,Non-Starter,Javorius Allen,NYG,RB|W/R/T
7,0.2,Don Julio & Blounts,Non-Starter,Knile Davis,GB,RB|W/R/T
7,4.5,Don Julio & Blounts,Starter,Washington Commanders,Was,DEF
8,3.04,Don Julio & Blounts,Starter,Ryan Fitzpatrick,Was,QB
8,23.2,Don Julio & Blounts,Starter,Julio Jones,Phi,WR|W/R/T
8,2.3,Don Julio & Blounts,Starter,Donte Moncrief,Hou,WR|W/R/T
8,6.3,Don Julio & Blounts,Starter,Le'Veon Bell,TB,RB|W/R/T
8,8.45,Don Julio & Blounts,Starter,Alfred Blue,Hou,RB|W/R/T
8,7.3,Don Julio & Blounts,Starter,Crockett Gillmore,Bal,TE|W/R/T
8,20.1,Don Julio & Blounts,Starter,Alshon Jeffery,Phi,WR|W/R/T
8,0.0,Don Julio & Blounts,Non-Starter,Jordan Reed,SF,TE|W/R/T
8,3.1,Don Julio & Blounts,Non-Starter,Ahmad Bradshaw,Ind,RB|W/R/T
8,2.35,Don Julio & Blounts,Non-Starter,Tevin Coleman,SF,RB|W/R/T
8,3.85,Don Julio & Blounts,Non-Starter,Javorius Allen,NYG,RB|W/R/T
8,2.0,Don Julio & Blounts,Non-Starter,Christine Michael,Ind,RB|W/R/T
8,14.5,Don Julio & Blounts,Starter,Carolina Panthers,Car,DEF
9,33.34,Don Julio & Blounts,Starter,Marcus Mariota,Was,QB
9,16.2,Don Julio & Blounts,Starter,Julio Jones,Phi,WR|W/R/T
9,3.75,Don Julio & Blounts,Starter,Donte Moncrief,Hou,WR|W/R/T
9,1.25,Don Julio & Blounts,Starter,C.J. Spiller,KC,RB|W/R/T
9,11.35,Don Julio & Blounts,Starter,Antonio Andrews,Ten,RB|W/R/T
9,8.55,Don Julio & Blounts,Starter,Jordan Reed,SF,TE|W/R/T
9,17.6,Don Julio & Blounts,Starter,Alshon Jeffery,Phi,WR|W/R/T
9,0.0,Don Julio & Blounts,Non-Starter,Alfred Blue,Hou,RB|W/R/T
9,0.3,Don Julio & Blounts,Non-Starter,Tevin Coleman,SF,RB|W/R/T
9,0.0,Don Julio & Blounts,Non-Starter,Javorius Allen,NYG,RB|W/R/T
9,0.0,Don Julio & Blounts,Non-Starter,Christine Michael,Ind,RB|W/R/T
9,20.44,Don Julio & Blounts,Non-Starter,Blake Bortles,GB,QB
9,14.5,Don Julio & Blounts,Starter,Carolina Panthers,Car,DEF
10,16.02,Don Julio & Blounts,Starter,Blake Bortles,GB,QB
10,3.05,Don Julio & Blounts,Starter,Alshon Jeffery,Phi,WR|W/R/T
10,0.0,Don Julio & Blounts,Starter,Dorial Green-Beckham,Phi,WR|W/R/T
10,0.8,Don Julio & Blounts,Starter,Antonio Andrews,Ten,RB|W/R/T
10,3.35,Don Julio & Blounts,Starter,Alfred Blue,Hou,RB|W/R/T
10,15.65,Don Julio & Blounts,Starter,Jordan Reed,SF,TE|W/R/T
10,4.8,Don Julio & Blounts,Starter,Jay Ajayi,Phi,RB|W/R/T
10,0.0,Don Julio & Blounts,Non-Starter,Donte Moncrief,Hou,WR|W/R/T
10,0.0,Don Julio & Blounts,Non-Starter,Julio Jones,Phi,WR|W/R/T
10,0.8,Don Julio & Blounts,Non-Starter,Jordan Todman,Hou,RB|W/R/T
10,0.0,Don Julio & Blounts,Non-Starter,Ahmad Bradshaw,Ind,RB|W/R/T
10,1.9,Don Julio & Blounts,Non-Starter,Thomas Rawls,Cin,RB|W/R/T
10,14.5,Don Julio & Blounts,Starter,Carolina Panthers,Car,DEF
11,10.58,Don Julio & Blounts,Starter,Blake Bortles,GB,QB
11,5.35,Don Julio & Blounts,Starter,Donte Moncrief,Hou,WR|W/R/T
11,18.25,Don Julio & Blounts,Starter,Julio Jones,Phi,WR|W/R/T
11,9.9,Don Julio & Blounts,Starter,Antonio Andrews,Ten,RB|W/R/T
11,4.1,Don Julio & Blounts,Starter,Jay Ajayi,Phi,RB|W/R/T
11,4.1,Don Julio & Blounts,Starter,Jordan Reed,SF,TE|W/R/T
11,10.15,Don Julio & Blounts,Starter,Bilal Powell,NYJ,RB|W/R/T
11,0.0,Don Julio & Blounts,Non-Starter,Alshon Jeffery,Phi,WR|W/R/T
11,15.95,Don Julio & Blounts,Non-Starter,Alfred Blue,Hou,RB|W/R/T
11,0.0,Don Julio & Blounts,Non-Starter,Jordan Todman,Hou,RB|W/R/T
11,18.2,Don Julio & Blounts,Non-Starter,Ahmad Bradshaw,Ind,RB|W/R/T
11,38.25,Don Julio & Blounts,Non-Starter,Thomas Rawls,Cin,RB|W/R/T
11,20.5,Don Julio & Blounts,Starter,Carolina Panthers,Car,DEF
12,13.9,Don Julio & Blounts,Starter,Brian Hoyer,LV,QB
12,6.85,Don Julio & Blounts,Starter,Julio Jones,Phi,WR|W/R/T
12,10.75,Don Julio & Blounts,Starter,Alshon Jeffery,Phi,WR|W/R/T
12,4.85,Don Julio & Blounts,Starter,Antonio Andrews,Ten,RB|W/R/T
12,9.0,Don Julio & Blounts,Starter,Tevin Coleman,SF,RB|W/R/T
12,11.8,Don Julio & Blounts,Starter,Jordan Reed,SF,TE|W/R/T
12,14.1,Don Julio & Blounts,Starter,Thomas Rawls,Cin,RB|W/R/T
12,14.35,Don Julio & Blounts,Non-Starter,Alfred Blue,Hou,RB|W/R/T
12,22.46,Don Julio & Blounts,Non-Starter,Blake Bortles,GB,QB
12,4.0,Don Julio & Blounts,Non-Starter,Bilal Powell,NYJ,RB|W/R/T
12,13.4,Don Julio & Blounts,Non-Starter,Donte Moncrief,Hou,WR|W/R/T
12,3.7,Don Julio & Blounts,Non-Starter,Terrance West,Bal,RB|W/R/T
12,24.5,Don Julio & Blounts,Starter,Carolina Panthers,Car,DEF
13,32.78,Don Julio & Blounts,Starter,Blake Bortles,GB,QB
13,11.3,Don Julio & Blounts,Starter,Julio Jones,Phi,WR|W/R/T
13,9.5,Don Julio & Blounts,Starter,Alshon Jeffery,Phi,WR|W/R/T
13,1.4,Don Julio & Blounts,Starter,Alfred Blue,Hou,RB|W/R/T
13,17.05,Don Julio & Blounts,Starter,Thomas Rawls,Cin,RB|W/R/T
13,4.05,Don Julio & Blounts,Starter,Jordan Reed,SF,TE|W/R/T
13,3.55,Don Julio & Blounts,Starter,Donte Moncrief,Hou,WR|W/R/T
13,13.05,Don Julio & Blounts,Non-Starter,Antonio Andrews,Ten,RB|W/R/T
13,23.22,Don Julio & Blounts,Non-Starter,Brian Hoyer,LV,QB
13,1.95,Don Julio & Blounts,Non-Starter,Tevin Coleman,SF,RB|W/R/T
13,18.8,Don Julio & Blounts,Non-Starter,Bilal Powell,NYJ,RB|W/R/T
13,3.85,Don Julio & Blounts,Non-Starter,Terrance West,Bal,RB|W/R/T
13,5.5,Don Julio & Blounts,Starter,Carolina Panthers,Car,DEF
14,25.7,Don Julio & Blounts,Starter,Blake Bortles,GB,QB
14,10.55,Don Julio & Blounts,Starter,Julio Jones,Phi,WR|W/R/T
14,18.2,Don Julio & Blounts,Starter,Alshon Jeffery,Phi,WR|W/R/T
14,4.4,Don Julio & Blounts,Starter,Thomas Rawls,Cin,RB|W/R/T
14,15.45,Don Julio & Blounts,Starter,Bilal Powell,NYJ,RB|W/R/T
14,20.25,Don Julio & Blounts,Starter,Jordan Reed,SF,TE|W/R/T
14,5.95,Don Julio & Blounts,Starter,Donte Moncrief,Hou,WR|W/R/T
14,7.29,Don Julio & Blounts,Non-Starter,Antonio Andrews,Ten,RB|W/R/T
14,0.0,Don Julio & Blounts,Non-Starter,Alfred Blue,Hou,RB|W/R/T
14,4.1,Don Julio & Blounts,Non-Starter,Brian Hoyer,LV,QB
14,1.5,Don Julio & Blounts,Non-Starter,Tevin Coleman,SF,RB|W/R/T
14,1.6,Don Julio & Blounts,Non-Starter,Terrance West,Bal,RB|W/R/T
14,26.5,Don Julio & Blounts,Starter,Carolina Panthers,Car,DEF
15,24.28,Don Julio & Blounts,Starter,Blake Bortles,GB,QB
15,20.05,Don Julio & Blounts,Starter,Julio Jones,Phi,WR|W/R/T
15,7.25,Don Julio & Blounts,Starter,Alshon Jeffery,Phi,WR|W/R/T
15,15.65,Don Julio & Blounts,Starter,Bilal Powell,NYJ,RB|W/R/T
15,8.25,Don Julio & Blounts,Starter,Antonio Andrews,Ten,RB|W/R/T
15,22.15,Don Julio & Blounts,Starter,Jordan Reed,SF,TE|W/R/T
15,12.35,Don Julio & Blounts,Starter,Donte Moncrief,Hou,WR|W/R/T
15,0.0,Don Julio & Blounts,Non-Starter,Thomas Rawls,Cin,RB|W/R/T
15,8.7,Don Julio & Blounts,Non-Starter,Alfred Blue,Hou,RB|W/R/T
15,0.0,Don Julio & Blounts,Non-Starter,Brian Hoyer,LV,QB
15,2.3,Don Julio & Blounts,Non-Starter,Tevin Coleman,SF,RB|W/R/T
15,5.1,Don Julio & Blounts,Non-Starter,Terrance West,Bal,RB|W/R/T
15,2.5,Don Julio & Blounts,Starter,Carolina Panthers,Car,DEF
16,29.22,Don Julio & Blounts,Starter,Blake Bortles,GB,QB
16,26.05,Don Julio & Blounts,Starter,Julio Jones,Phi,WR|W/R/T
16,0.0,Don Julio & Blounts,Starter,Alshon Jeffery,Phi,WR|W/R/T
16,10.25,Don Julio & Blounts,Starter,Bilal Powell,NYJ,RB|W/R/T
16,-1.9,Don Julio & Blounts,Starter,Antonio Andrews,Ten,RB|W/R/T
16,27.15,Don Julio & Blounts,Starter,Jordan Reed,SF,TE|W/R/T
16,2.0,Don Julio & Blounts,Starter,Donte Moncrief,Hou,WR|W/R/T
16,0.0,Don Julio & Blounts,Non-Starter,Thomas Rawls,Cin,RB|W/R/T
16,5.25,Don Julio & Blounts,Non-Starter,Alfred Blue,Hou,RB|W/R/T
16,0.0,Don Julio & Blounts,Non-Starter,Brian Hoyer,LV,QB
16,0.0,Don Julio & Blounts,Non-Starter,Tevin Coleman,SF,RB|W/R/T
16,4.4,Don Julio & Blounts,Non-Starter,Terrance West,Bal,RB|W/R/T
16,9.5,Don Julio & Blounts,Starter,Carolina Panthers,Car,DEF
1,16.62,The Jumbo Package,Starter,Matt Ryan,Ind,QB
1,4.4,The Jumbo Package,Starter,Calvin Johnson,Det,WR|W/R/T
1,13.7,The Jumbo Package,Starter,Brandon Marshall,Sea,WR|W/R/T
1,19.2,The Jumbo Package,Starter,Danny Woodhead,Bal,RB|W/R/T
1,13.2,The Jumbo Package,Starter,Benny Cunningham,Chi,RB|W/R/T
1,28.65,The Jumbo Package,Starter,Rob Gronkowski,TB,TE|W/R/T
1,1.35,The Jumbo Package,Starter,Greg Olsen,Sea,TE|W/R/T
1,2.2,The Jumbo Package,Non-Starter,Duke Johnson,Buf,RB|W/R/T
1,0.8,The Jumbo Package,Non-Starter,Reggie Bush,Buf,RB|W/R/T
1,4.6,The Jumbo Package,Non-Starter,Anquan Boldin,Det,WR|W/R/T
1,3.4,The Jumbo Package,Non-Starter,Golden Tate,Ten,WR|W/R/T
1,13.0,The Jumbo Package,Non-Starter,Dion Lewis,NYG,RB|W/R/T
1,26.5,The Jumbo Package,Starter,Carolina Panthers,Car,DEF
2,18.42,The Jumbo Package,Starter,Matt Ryan,Ind,QB
2,16.8,The Jumbo Package,Starter,Calvin Johnson,Det,WR|W/R/T
2,17.85,The Jumbo Package,Starter,Brandon Marshall,Sea,WR|W/R/T
2,11.9,The Jumbo Package,Starter,Danny Woodhead,Bal,RB|W/R/T
2,6.05,The Jumbo Package,Starter,Lance Dunbar,LAR,RB|W/R/T
2,19.05,The Jumbo Package,Starter,Rob Gronkowski,TB,TE|W/R/T
2,8.5,The Jumbo Package,Starter,Greg Olsen,Sea,TE|W/R/T
2,9.5,The Jumbo Package,Non-Starter,Golden Tate,Ten,WR|W/R/T
2,4.3,The Jumbo Package,Non-Starter,Duke Johnson,Buf,RB|W/R/T
2,3.7,The Jumbo Package,Non-Starter,Benny Cunningham,Chi,RB|W/R/T
2,13.5,The Jumbo Package,Non-Starter,Anquan Boldin,Det,WR|W/R/T
2,19.3,The Jumbo Package,Non-Starter,Dion Lewis,NYG,RB|W/R/T
2,8.0,The Jumbo Package,Starter,Carolina Panthers,Car,DEF
3,23.1,The Jumbo Package,Starter,Matt Ryan,Ind,QB
3,9.7,The Jumbo Package,Starter,Calvin Johnson,Det,WR|W/R/T
3,17.4,The Jumbo Package,Starter,Brandon Marshall,Sea,WR|W/R/T
3,5.05,The Jumbo Package,Starter,Danny Woodhead,Bal,RB|W/R/T
3,21.65,The Jumbo Package,Starter,Frank Gore,NYJ,RB|W/R/T
3,11.1,The Jumbo Package,Starter,Rob Gronkowski,TB,TE|W/R/T
3,27.4,The Jumbo Package,Starter,Greg Olsen,Sea,TE|W/R/T
3,6.95,The Jumbo Package,Non-Starter,Golden Tate,Ten,WR|W/R/T
3,5.0,The Jumbo Package,Non-Starter,Duke Johnson,Buf,RB|W/R/T
3,2.1,The Jumbo Package,Non-Starter,Anquan Boldin,Det,WR|W/R/T
3,7.85,The Jumbo Package,Non-Starter,Ronnie Hillman,LAC,RB|W/R/T
3,0.8,The Jumbo Package,Non-Starter,Josh Robinson,Ind,RB|W/R/T
3,6.5,The Jumbo Package,Starter,Carolina Panthers,Car,DEF
4,14.14,The Jumbo Package,Starter,Matt Ryan,Ind,QB
4,5.35,The Jumbo Package,Starter,Calvin Johnson,Det,WR|W/R/T
4,14.55,The Jumbo Package,Starter,Brandon Marshall,Sea,WR|W/R/T
4,14.8,The Jumbo Package,Starter,Danny Woodhead,Bal,RB|W/R/T
4,7.95,The Jumbo Package,Starter,Frank Gore,NYJ,RB|W/R/T
4,3.3,The Jumbo Package,Starter,Greg Olsen,Sea,TE|W/R/T
4,19.85,The Jumbo Package,Starter,Duke Johnson,Buf,RB|W/R/T
4,1.95,The Jumbo Package,Non-Starter,Anquan Boldin,Det,WR|W/R/T
4,0.0,The Jumbo Package,Non-Starter,Rob Gronkowski,TB,TE|W/R/T
4,4.25,The Jumbo Package,Non-Starter,Golden Tate,Ten,WR|W/R/T
4,17.05,The Jumbo Package,Non-Starter,Ronnie Hillman,LAC,RB|W/R/T
4,-1.8,The Jumbo Package,Non-Starter,Josh Robinson,Ind,RB|W/R/T
4,20.0,The Jumbo Package,Starter,Carolina Panthers,Car,DEF
5,6.16,The Jumbo Package,Starter,Matt Ryan,Ind,QB
5,7.95,The Jumbo Package,Starter,Calvin Johnson,Det,WR|W/R/T
5,18.7,The Jumbo Package,Starter,Anquan Boldin,Det,WR|W/R/T
5,8.85,The Jumbo Package,Starter,Danny Woodhead,Bal,RB|W/R/T
5,15.8,The Jumbo Package,Starter,Frank Gore,NYJ,RB|W/R/T
5,7.7,The Jumbo Package,Starter,Rob Gronkowski,TB,TE|W/R/T
5,2.85,The Jumbo Package,Starter,Ronnie Hillman,LAC,RB|W/R/T
5,9.2,The Jumbo Package,Non-Starter,Duke Johnson,Buf,RB|W/R/T
5,8.2,The Jumbo Package,Non-Starter,Golden Tate,Ten,WR|W/R/T
5,0.0,The Jumbo Package,Non-Starter,Brandon Marshall,Sea,WR|W/R/T
5,0.0,The Jumbo Package,Non-Starter,Greg Olsen,Sea,TE|W/R/T
5,15.3,The Jumbo Package,Non-Starter,Drew Brees,NO,QB
5,5.5,The Jumbo Package,Starter,New York Giants,NYG,DEF
6,18.8,The Jumbo Package,Starter,Matt Ryan,Ind,QB
6,24.1,The Jumbo Package,Starter,Calvin Johnson,Det,WR|W/R/T
6,16.85,The Jumbo Package,Starter,Brandon Marshall,Sea,WR|W/R/T
6,8.35,The Jumbo Package,Starter,Danny Woodhead,Bal,RB|W/R/T
6,9.9,The Jumbo Package,Starter,Frank Gore,NYJ,RB|W/R/T
6,11.75,The Jumbo Package,Starter,Rob Gronkowski,TB,TE|W/R/T
6,11.45,The Jumbo Package,Starter,Anquan Boldin,Det,WR|W/R/T
6,6.35,The Jumbo Package,Non-Starter,Duke Johnson,Buf,RB|W/R/T
6,12.25,The Jumbo Package,Non-Starter,Ronnie Hillman,LAC,RB|W/R/T
6,11.5,The Jumbo Package,Non-Starter,Golden Tate,Ten,WR|W/R/T
6,20.85,The Jumbo Package,Non-Starter,Greg Olsen,Sea,TE|W/R/T
6,16.68,The Jumbo Package,Non-Starter,Drew Brees,NO,QB
6,11.0,The Jumbo Package,Starter,Minnesota Vikings,Min,DEF
7,11.8,The Jumbo Package,Starter,Drew Brees,NO,QB
7,15.85,The Jumbo Package,Starter,Calvin Johnson,Det,WR|W/R/T
7,7.7,The Jumbo Package,Starter,Brandon Marshall,Sea,WR|W/R/T
7,24.85,The Jumbo Package,Starter,Danny Woodhead,Bal,RB|W/R/T
7,8.75,The Jumbo Package,Starter,Frank Gore,NYJ,RB|W/R/T
7,19.55,The Jumbo Package,Starter,Rob Gronkowski,TB,TE|W/R/T
7,7.25,The Jumbo Package,Starter,Greg Olsen,Sea,TE|W/R/T
7,9.74,The Jumbo Package,Non-Starter,Matt Ryan,Ind,QB
7,4.65,The Jumbo Package,Non-Starter,Anquan Boldin,Det,WR|W/R/T
7,10.75,The Jumbo Package,Non-Starter,Duke Johnson,Buf,RB|W/R/T
7,0.0,The Jumbo Package,Non-Starter,Ronnie Hillman,LAC,RB|W/R/T
7,1.9,The Jumbo Package,Non-Starter,Golden Tate,Ten,WR|W/R/T
7,18.5,The Jumbo Package,Starter,Miami Dolphins,Mia,DEF
8,20.08,The Jumbo Package,Starter,Matt Ryan,Ind,QB
8,9.75,The Jumbo Package,Starter,Calvin Johnson,Det,WR|W/R/T
8,13.05,The Jumbo Package,Starter,Brandon Marshall,Sea,WR|W/R/T
8,5.0,The Jumbo Package,Starter,Danny Woodhead,Bal,RB|W/R/T
8,9.95,The Jumbo Package,Starter,Frank Gore,NYJ,RB|W/R/T
8,18.8,The Jumbo Package,Starter,Rob Gronkowski,TB,TE|W/R/T
8,17.75,The Jumbo Package,Starter,Ronnie Hillman,LAC,RB|W/R/T
8,42.3,The Jumbo Package,Non-Starter,Drew Brees,NO,QB
8,15.4,The Jumbo Package,Non-Starter,Greg Olsen,Sea,TE|W/R/T
8,0.0,The Jumbo Package,Non-Starter,Anquan Boldin,Det,WR|W/R/T
8,7.6,The Jumbo Package,Non-Starter,Duke Johnson,Buf,RB|W/R/T
8,7.4,The Jumbo Package,Non-Starter,Golden Tate,Ten,WR|W/R/T
8,5.0,The Jumbo Package,Starter,Atlanta Falcons,Atl,DEF
9,31.38,The Jumbo Package,Starter,Drew Brees,NO,QB
9,11.4,The Jumbo Package,Starter,Brandon Marshall,Sea,WR|W/R/T
9,1.75,The Jumbo Package,Starter,Marquess Wilson,Chi,WR|W/R/T
9,0.1,The Jumbo Package,Starter,Ronnie Hillman,LAC,RB|W/R/T
9,16.45,The Jumbo Package,Starter,Frank Gore,NYJ,RB|W/R/T
9,5.7,The Jumbo Package,Starter,Rob Gronkowski,TB,TE|W/R/T
9,13.6,The Jumbo Package,Starter,Greg Olsen,Sea,TE|W/R/T
9,18.6,The Jumbo Package,Non-Starter,Danny Woodhead,Bal,RB|W/R/T
9,0.0,The Jumbo Package,Non-Starter,Calvin Johnson,Det,WR|W/R/T
9,16.32,The Jumbo Package,Non-Starter,Matt Ryan,Ind,QB
9,10.3,The Jumbo Package,Non-Starter,Duke Johnson,Buf,RB|W/R/T
9,0.0,The Jumbo Package,Non-Starter,Golden Tate,Ten,WR|W/R/T
9,8.0,The Jumbo Package,Starter,Atlanta Falcons,Atl,DEF
10,10.36,The Jumbo Package,Starter,Drew Brees,NO,QB
10,9.05,The Jumbo Package,Starter,Brandon Marshall,Sea,WR|W/R/T
10,9.6,The Jumbo Package,Starter,Calvin Johnson,Det,WR|W/R/T
10,11.6,The Jumbo Package,Starter,Ronnie Hillman,LAC,RB|W/R/T
10,3.8,The Jumbo Package,Starter,Duke Johnson,Buf,RB|W/R/T
10,18.55,The Jumbo Package,Starter,Rob Gronkowski,TB,TE|W/R/T
10,10.0,The Jumbo Package,Starter,Greg Olsen,Sea,TE|W/R/T
10,0.0,The Jumbo Package,Non-Starter,Frank Gore,NYJ,RB|W/R/T
10,0.0,The Jumbo Package,Non-Starter,Danny Woodhead,Bal,RB|W/R/T
10,0.0,The Jumbo Package,Non-Starter,Matt Ryan,Ind,QB
10,7.3,The Jumbo Package,Non-Starter,Golden Tate,Ten,WR|W/R/T
10,3.9,The Jumbo Package,Non-Starter,C.J. Spiller,KC,RB|W/R/T
10,8.0,The Jumbo Package,Starter,Arizona Cardinals,Ari,DEF
11,15.9,The Jumbo Package,Starter,Matt Ryan,Ind,QB
11,11.95,The Jumbo Package,Starter,Brandon Marshall,Sea,WR|W/R/T
11,10.05,The Jumbo Package,Starter,Calvin Johnson,Det,WR|W/R/T
11,10.65,The Jumbo Package,Starter,Ronnie Hillman,LAC,RB|W/R/T
11,7.25,The Jumbo Package,Starter,Frank Gore,NYJ,RB|W/R/T
11,4.2,The Jumbo Package,Starter,Rob Gronkowski,TB,TE|W/R/T
11,12.15,The Jumbo Package,Starter,Greg Olsen,Sea,TE|W/R/T
11,0.0,The Jumbo Package,Non-Starter,Duke Johnson,Buf,RB|W/R/T
11,0.0,The Jumbo Package,Non-Starter,Drew Brees,NO,QB
11,1.85,The Jumbo Package,Non-Starter,Danny Woodhead,Bal,RB|W/R/T
11,9.1,The Jumbo Package,Non-Starter,Golden Tate,Ten,WR|W/R/T
11,0.0,The Jumbo Package,Non-Starter,C.J. Spiller,KC,RB|W/R/T
11,9.0,The Jumbo Package,Starter,Arizona Cardinals,Ari,DEF
12,7.12,The Jumbo Package,Starter,Drew Brees,NO,QB
12,27.35,The Jumbo Package,Starter,Brandon Marshall,Sea,WR|W/R/T
12,29.3,The Jumbo Package,Starter,Calvin Johnson,Det,WR|W/R/T
12,4.2,The Jumbo Package,Starter,Frank Gore,NYJ,RB|W/R/T
12,6.2,The Jumbo Package,Starter,Danny Woodhead,Bal,RB|W/R/T
12,16.3,The Jumbo Package,Starter,Rob Gronkowski,TB,TE|W/R/T
12,8.25,The Jumbo Package,Starter,Greg Olsen,Sea,TE|W/R/T
12,9.1,The Jumbo Package,Non-Starter,Matt Ryan,Ind,QB
12,12.15,The Jumbo Package,Non-Starter,Ronnie Hillman,LAC,RB|W/R/T
12,6.25,The Jumbo Package,Non-Starter,Duke Johnson,Buf,RB|W/R/T
12,12.75,The Jumbo Package,Non-Starter,Golden Tate,Ten,WR|W/R/T
12,1.1,The Jumbo Package,Non-Starter,C.J. Spiller,KC,RB|W/R/T
12,12.5,The Jumbo Package,Starter,Arizona Cardinals,Ari,DEF
13,13.16,The Jumbo Package,Starter,Matt Ryan,Ind,QB
13,22.1,The Jumbo Package,Starter,Brandon Marshall,Sea,WR|W/R/T
13,11.15,The Jumbo Package,Starter,Calvin Johnson,Det,WR|W/R/T
13,4.15,The Jumbo Package,Starter,Danny Woodhead,Bal,RB|W/R/T
13,5.6,The Jumbo Package,Starter,Ronnie Hillman,LAC,RB|W/R/T
13,13.15,The Jumbo Package,Starter,Greg Olsen,Sea,TE|W/R/T
13,4.2,The Jumbo Package,Starter,Duke Johnson,Buf,RB|W/R/T
13,0.0,The Jumbo Package,Non-Starter,Rob Gronkowski,TB,TE|W/R/T
13,22.48,The Jumbo Package,Non-Starter,Drew Brees,NO,QB
13,16.15,The Jumbo Package,Non-Starter,Frank Gore,NYJ,RB|W/R/T
13,8.6,The Jumbo Package,Non-Starter,Golden Tate,Ten,WR|W/R/T
13,3.15,The Jumbo Package,Non-Starter,Dan Herron,Ind,RB|W/R/T
13,12.0,The Jumbo Package,Starter,Arizona Cardinals,Ari,DEF
14,20.48,The Jumbo Package,Starter,Drew Brees,NO,QB
14,20.0,The Jumbo Package,Starter,Brandon Marshall,Sea,WR|W/R/T
14,1.85,The Jumbo Package,Starter,Calvin Johnson,Det,WR|W/R/T
14,7.85,The Jumbo Package,Starter,Ronnie Hillman,LAC,RB|W/R/T
14,6.15,The Jumbo Package,Starter,Frank Gore,NYJ,RB|W/R/T
14,5.95,The Jumbo Package,Starter,Greg Olsen,Sea,TE|W/R/T
14,2.05,The Jumbo Package,Starter,Danny Woodhead,Bal,RB|W/R/T
14,8.65,The Jumbo Package,Non-Starter,Duke Johnson,Buf,RB|W/R/T
14,4.86,The Jumbo Package,Non-Starter,Matt Ryan,Ind,QB
14,15.7,The Jumbo Package,Non-Starter,Rob Gronkowski,TB,TE|W/R/T
14,21.75,The Jumbo Package,Non-Starter,Golden Tate,Ten,WR|W/R/T
14,1.65,The Jumbo Package,Non-Starter,C.J. Spiller,KC,RB|W/R/T
14,14.5,The Jumbo Package,Starter,Arizona Cardinals,Ari,DEF
15,26.74,The Jumbo Package,Starter,Drew Brees,NO,QB
15,8.4,The Jumbo Package,Starter,Brandon Marshall,Sea,WR|W/R/T
15,2.15,The Jumbo Package,Starter,Calvin Johnson,Det,WR|W/R/T
15,9.4,The Jumbo Package,Starter,Denard Robinson,Jax,RB|W/R/T
15,6.15,The Jumbo Package,Starter,Frank Gore,NYJ,RB|W/R/T
15,12.65,The Jumbo Package,Starter,Rob Gronkowski,TB,TE|W/R/T
15,15.4,The Jumbo Package,Starter,Greg Olsen,Sea,TE|W/R/T
15,4.3,The Jumbo Package,Non-Starter,Bryce Brown,Buf,RB|W/R/T
15,31.5,The Jumbo Package,Non-Starter,Danny Woodhead,Bal,RB|W/R/T
15,18.0,The Jumbo Package,Non-Starter,Golden Tate,Ten,WR|W/R/T
15,2.8,The Jumbo Package,Non-Starter,Ronnie Hillman,LAC,RB|W/R/T
15,11.84,The Jumbo Package,Non-Starter,Matt Ryan,Ind,QB
15,18.5,The Jumbo Package,Starter,Arizona Cardinals,Ari,DEF
16,28.18,The Jumbo Package,Starter,Drew Brees,NO,QB
16,25.5,The Jumbo Package,Starter,Brandon Marshall,Sea,WR|W/R/T
16,6.9,The Jumbo Package,Starter,Golden Tate,Ten,WR|W/R/T
16,12.8,The Jumbo Package,Starter,Danny Woodhead,Bal,RB|W/R/T
16,8.25,The Jumbo Package,Starter,Denard Robinson,Jax,RB|W/R/T
16,5.0,The Jumbo Package,Starter,Greg Olsen,Sea,TE|W/R/T
16,9.6,The Jumbo Package,Starter,Rob Gronkowski,TB,TE|W/R/T
16,22.0,The Jumbo Package,Non-Starter,Frank Gore,NYJ,RB|W/R/T
16,15.2,The Jumbo Package,Non-Starter,Calvin Johnson,Det,WR|W/R/T
16,8.2,The Jumbo Package,Non-Starter,Ronnie Hillman,LAC,RB|W/R/T
16,2.5,The Jumbo Package,Non-Starter,Christine Michael,Ind,RB|W/R/T
16,16.46,The Jumbo Package,Non-Starter,Brock Osweiler,Mia,QB
16,5.0,The Jumbo Package,Starter,Pittsburgh Steelers,Pit,DEF
1,11.74,password is taco,Starter,Ryan Tannehill,Ten,QB
1,0.0,password is taco,Starter,Sammy Watkins,Bal,WR|W/R/T
1,0.75,password is taco,Starter,Nelson Agholor,Bal,WR|W/R/T
1,11.45,password is taco,Starter,Joseph Randle,Dal,RB|W/R/T
1,5.15,password is taco,Starter,Alfred Blue,Hou,RB|W/R/T
1,24.1,password is taco,Starter,Travis Kelce,KC,TE|W/R/T
1,9.55,password is taco,Starter,Ryan Mathews,Phi,RB|W/R/T
1,0.0,password is taco,Non-Starter,Le'Veon Bell,TB,RB|W/R/T
1,2.05,password is taco,Non-Starter,Michael Floyd,Was,WR|W/R/T
1,24.96,password is taco,Non-Starter,Marcus Mariota,Was,QB
1,12.1,password is taco,Non-Starter,Donte Moncrief,Hou,WR|W/R/T
1,2.35,password is taco,Non-Starter,Branden Oliver,LAC,RB|W/R/T
1,18.5,password is taco,Starter,Los Angeles Rams,LAR,DEF
2,16.18,password is taco,Starter,Marcus Mariota,Was,QB
2,13.5,password is taco,Starter,Sammy Watkins,Bal,WR|W/R/T
2,3.85,password is taco,Starter,Nelson Agholor,Bal,WR|W/R/T
2,6.75,password is taco,Starter,Joseph Randle,Dal,RB|W/R/T
2,0.0,password is taco,Starter,Ryan Mathews,Phi,RB|W/R/T
2,6.8,password is taco,Starter,Travis Kelce,KC,TE|W/R/T
2,19.95,password is taco,Starter,Donte Moncrief,Hou,WR|W/R/T
2,1.25,password is taco,Non-Starter,Alfred Blue,Hou,RB|W/R/T
2,24.06,password is taco,Non-Starter,Ryan Tannehill,Ten,QB
2,0.0,password is taco,Non-Starter,Le'Veon Bell,TB,RB|W/R/T
2,0.0,password is taco,Non-Starter,Michael Floyd,Was,WR|W/R/T
2,0.2,password is taco,Non-Starter,Branden Oliver,LAC,RB|W/R/T
2,9.5,password is taco,Starter,Los Angeles Rams,LAR,DEF
3,13.78,password is taco,Starter,Ryan Tannehill,Ten,QB
3,4.15,password is taco,Starter,Sammy Watkins,Bal,WR|W/R/T
3,10.2,password is taco,Starter,Donte Moncrief,Hou,WR|W/R/T
3,29.0,password is taco,Starter,Joseph Randle,Dal,RB|W/R/T
3,20.95,password is taco,Starter,Le'Veon Bell,TB,RB|W/R/T
3,11.5,password is taco,Starter,Travis Kelce,KC,TE|W/R/T
3,9.5,password is taco,Starter,Travis Benjamin,SF,WR|W/R/T
3,0.0,password is taco,Non-Starter,Nelson Agholor,Bal,WR|W/R/T
3,17.3,password is taco,Non-Starter,Ryan Mathews,Phi,RB|W/R/T
3,16.68,password is taco,Non-Starter,Marcus Mariota,Was,QB
3,1.45,password is taco,Non-Starter,Michael Floyd,Was,WR|W/R/T
3,4.75,password is taco,Non-Starter,Crockett Gillmore,Bal,TE|W/R/T
3,15.5,password is taco,Starter,Los Angeles Rams,LAR,DEF
4,12.32,password is taco,Starter,Ryan Tannehill,Ten,QB
4,9.0,password is taco,Starter,Donte Moncrief,Hou,WR|W/R/T
4,9.4,password is taco,Starter,Travis Benjamin,SF,WR|W/R/T
4,8.6,password is taco,Starter,Joseph Randle,Dal,RB|W/R/T
4,22.75,password is taco,Starter,Le'Veon Bell,TB,RB|W/R/T
4,4.15,password is taco,Starter,Travis Kelce,KC,TE|W/R/T
4,0.0,password is taco,Starter,Ryan Mathews,Phi,RB|W/R/T
4,0.0,password is taco,Non-Starter,Sammy Watkins,Bal,WR|W/R/T
4,5.15,password is taco,Non-Starter,Nelson Agholor,Bal,WR|W/R/T
4,0.0,password is taco,Non-Starter,Marcus Mariota,Was,QB
4,7.15,password is taco,Non-Starter,Michael Floyd,Was,WR|W/R/T
4,0.0,password is taco,Non-Starter,Crockett Gillmore,Bal,TE|W/R/T
4,14.5,password is taco,Starter,Los Angeles Rams,LAR,DEF
5,10.18,password is taco,Starter,Marcus Mariota,Was,QB
5,0.55,password is taco,Starter,Donte Moncrief,Hou,WR|W/R/T
5,9.8,password is taco,Starter,Travis Benjamin,SF,WR|W/R/T
5,8.3,password is taco,Starter,Joseph Randle,Dal,RB|W/R/T
5,19.7,password is taco,Starter,Le'Veon Bell,TB,RB|W/R/T
5,4.25,password is taco,Starter,Travis Kelce,KC,TE|W/R/T
5,0.75,password is taco,Starter,Nelson Agholor,Bal,WR|W/R/T
5,0.0,password is taco,Non-Starter,Crockett Gillmore,Bal,TE|W/R/T
5,0.0,password is taco,Non-Starter,Sammy Watkins,Bal,WR|W/R/T
5,16.35,password is taco,Non-Starter,Ryan Mathews,Phi,RB|W/R/T
5,0.0,password is taco,Non-Starter,Ryan Tannehill,Ten,QB
5,1.75,password is taco,Non-Starter,Michael Floyd,Was,WR|W/R/T
5,11.0,password is taco,Starter,Los Angeles Rams,LAR,DEF
6,16.04,password is taco,Starter,Ryan Tannehill,Ten,QB
6,13.95,password is taco,Starter,Travis Benjamin,SF,WR|W/R/T
6,11.8,password is taco,Starter,Sammy Watkins,Bal,WR|W/R/T
6,13.55,password is taco,Starter,Giovani Bernard,TB,RB|W/R/T
6,22.65,password is taco,Starter,LeGarrette Blount,Det,RB|W/R/T
6,10.05,password is taco,Starter,Travis Kelce,KC,TE|W/R/T
6,12.25,password is taco,Starter,Michael Floyd,Was,WR|W/R/T
6,4.85,password is taco,Non-Starter,Ryan Mathews,Phi,RB|W/R/T
6,2.76,password is taco,Non-Starter,Marcus Mariota,Was,QB
6,0.0,password is taco,Non-Starter,Joseph Randle,Dal,RB|W/R/T
6,0.0,password is taco,Non-Starter,Doug Martin,LV,RB|W/R/T
6,25.5,password is taco,Starter,Philadelphia Eagles,Phi,DEF
6,0.0,password is taco,Non-Starter,Los Angeles Rams,LAR,DEF
7,27.58,password is taco,Starter,Ryan Tannehill,Ten,QB
7,3.7,password is taco,Starter,Travis Benjamin,SF,WR|W/R/T
7,12.65,password is taco,Starter,Michael Floyd,Was,WR|W/R/T
7,17.85,password is taco,Starter,Doug Martin,LV,RB|W/R/T
7,2.4,password is taco,Starter,Joseph Randle,Dal,RB|W/R/T
7,8.55,password is taco,Starter,Travis Kelce,KC,TE|W/R/T
7,-0.3,password is taco,Starter,LeGarrette Blount,Det,RB|W/R/T
7,0.0,password is taco,Non-Starter,Sammy Watkins,Bal,WR|W/R/T
7,0.0,password is taco,Non-Starter,Giovani Bernard,TB,RB|W/R/T
7,18.85,password is taco,Non-Starter,Ryan Mathews,Phi,RB|W/R/T
7,0.0,password is taco,Non-Starter,Cecil Shorts,TB,WR|W/R/T
7,28.5,password is taco,Starter,Los Angeles Rams,LAR,DEF
7,8.0,password is taco,Non-Starter,Philadelphia Eagles,Phi,DEF
8,7.9,password is taco,Starter,Ryan Tannehill,Ten,QB
8,3.35,password is taco,Starter,Travis Benjamin,SF,WR|W/R/T
8,17.6,password is taco,Starter,Michael Floyd,Was,WR|W/R/T
8,8.05,password is taco,Starter,Doug Martin,LV,RB|W/R/T
8,3.9,password is taco,Starter,Giovani Bernard,TB,RB|W/R/T
8,12.4,password is taco,Starter,Travis Kelce,KC,TE|W/R/T
8,7.65,password is taco,Starter,LeGarrette Blount,Det,RB|W/R/T
8,0.0,password is taco,Non-Starter,Joseph Randle,Dal,RB|W/R/T
8,0.0,password is taco,Non-Starter,Sammy Watkins,Bal,WR|W/R/T
8,0.0,password is taco,Non-Starter,Ryan Mathews,Phi,RB|W/R/T
8,0.0,password is taco,Non-Starter,Cecil Shorts,TB,WR|W/R/T
8,20.0,password is taco,Starter,Los Angeles Rams,LAR,DEF
8,0.0,password is taco,Non-Starter,Philadelphia Eagles,Phi,DEF
9,11.81,password is taco,Starter,Ryan Tannehill,Ten,QB
9,2.95,password is taco,Starter,Travis Benjamin,SF,WR|W/R/T
9,4.45,password is taco,Starter,Marques Colston,NO,WR|W/R/T
9,2.8,password is taco,Starter,Doug Martin,LV,RB|W/R/T
9,8.85,password is taco,Starter,Giovani Bernard,TB,RB|W/R/T
9,7.6,password is taco,Starter,Jacob Tamme,Atl,TE|W/R/T
9,12.7,password is taco,Starter,Ryan Mathews,Phi,RB|W/R/T
9,24.8,password is taco,Non-Starter,Sammy Watkins,Bal,WR|W/R/T
9,0.0,password is taco,Non-Starter,Travis Kelce,KC,TE|W/R/T
9,0.0,password is taco,Non-Starter,Michael Floyd,Was,WR|W/R/T
9,0.0,password is taco,Non-Starter,Kamar Aiken,Phi,WR|W/R/T
9,1.2,password is taco,Non-Starter,Pierre Thomas,SF,RB|W/R/T
9,7.0,password is taco,Starter,Los Angeles Rams,LAR,DEF
10,16.48,password is taco,Starter,Ryan Tannehill,Ten,QB
10,2.15,password is taco,Starter,Sammy Watkins,Bal,WR|W/R/T
10,9.05,password is taco,Starter,Kamar Aiken,Phi,WR|W/R/T
10,11.3,password is taco,Starter,Doug Martin,LV,RB|W/R/T
10,9.15,password is taco,Starter,Giovani Bernard,TB,RB|W/R/T
10,4.85,password is taco,Starter,Travis Kelce,KC,TE|W/R/T
10,10.5,password is taco,Starter,Ryan Mathews,Phi,RB|W/R/T
10,2.95,password is taco,Non-Starter,Marques Colston,NO,WR|W/R/T
10,12.35,password is taco,Non-Starter,Travis Benjamin,SF,WR|W/R/T
10,25.05,password is taco,Non-Starter,Michael Floyd,Was,WR|W/R/T
10,0.0,password is taco,Non-Starter,Pierre Thomas,SF,RB|W/R/T
10,0.0,password is taco,Non-Starter,Vincent Jackson,TB,WR|W/R/T
10,6.0,password is taco,Starter,Los Angeles Rams,LAR,DEF
11,12.82,password is taco,Starter,Ryan Tannehill,Ten,QB
11,12.25,password is taco,Starter,Kamar Aiken,Phi,WR|W/R/T
11,4.65,password is taco,Starter,Sammy Watkins,Bal,WR|W/R/T
11,23.5,password is taco,Starter,Doug Martin,LV,RB|W/R/T
11,16.6,password is taco,Starter,Giovani Bernard,TB,RB|W/R/T
11,5.85,password is taco,Starter,Travis Kelce,KC,TE|W/R/T
11,12.6,password is taco,Starter,Vincent Jackson,TB,WR|W/R/T
11,0.0,password is taco,Non-Starter,Michael Floyd,Was,WR|W/R/T
11,0.0,password is taco,Non-Starter,Ryan Mathews,Phi,RB|W/R/T
11,0.0,password is taco,Non-Starter,Marques Colston,NO,WR|W/R/T
11,0.0,password is taco,Non-Starter,Travis Benjamin,SF,WR|W/R/T
11,13.04,password is taco,Non-Starter,Cecil Shorts,TB,WR|W/R/T
11,11.5,password is taco,Starter,Los Angeles Rams,LAR,DEF
12,22.04,password is taco,Starter,Ryan Tannehill,Ten,QB
12,15.5,password is taco,Starter,Kamar Aiken,Phi,WR|W/R/T
12,29.3,password is taco,Starter,Sammy Watkins,Bal,WR|W/R/T
12,10.05,password is taco,Starter,Doug Martin,LV,RB|W/R/T
12,7.2,password is taco,Starter,Giovani Bernard,TB,RB|W/R/T
12,13.9,password is taco,Starter,Travis Kelce,KC,TE|W/R/T
12,8.6,password is taco,Starter,Vincent Jackson,TB,WR|W/R/T
12,1.65,password is taco,Non-Starter,Michael Floyd,Was,WR|W/R/T
12,0.0,password is taco,Non-Starter,Ryan Mathews,Phi,RB|W/R/T
12,4.55,password is taco,Non-Starter,Marques Colston,NO,WR|W/R/T
12,17.5,password is taco,Non-Starter,Travis Benjamin,SF,WR|W/R/T
12,10.55,password is taco,Non-Starter,Cecil Shorts,TB,WR|W/R/T
12,4.5,password is taco,Starter,Los Angeles Rams,LAR,DEF
13,8.54,password is taco,Starter,Ryan Tannehill,Ten,QB
13,17.65,password is taco,Starter,Sammy Watkins,Bal,WR|W/R/T
13,0.0,password is taco,Starter,Travis Benjamin,SF,WR|W/R/T
13,14.25,password is taco,Starter,Doug Martin,LV,RB|W/R/T
13,3.75,password is taco,Starter,Giovani Bernard,TB,RB|W/R/T
13,4.7,password is taco,Starter,Travis Kelce,KC,TE|W/R/T
13,6.3,password is taco,Starter,Kamar Aiken,Phi,WR|W/R/T
13,12.15,password is taco,Non-Starter,Michael Floyd,Was,WR|W/R/T
13,0.0,password is taco,Non-Starter,Ryan Mathews,Phi,RB|W/R/T
13,10.7,password is taco,Non-Starter,Cecil Shorts,TB,WR|W/R/T
13,9.45,password is taco,Non-Starter,Vincent Jackson,TB,WR|W/R/T
13,1.65,password is taco,Non-Starter,Marques Colston,NO,WR|W/R/T
13,6.5,password is taco,Starter,Los Angeles Rams,LAR,DEF
1,15.14,Chili Con Cussion,Starter,Russell Wilson,NYG,QB
1,2.95,Chili Con Cussion,Starter,Allen Robinson,Det,WR|W/R/T
1,6.45,Chili Con Cussion,Starter,Jeremy Maclin,Bal,WR|W/R/T
1,17.55,Chili Con Cussion,Starter,Jamaal Charles,Jax,RB|W/R/T
1,9.75,Chili Con Cussion,Starter,Latavius Murray,Buf,RB|W/R/T
1,12.75,Chili Con Cussion,Starter,Martellus Bennett,GB,TE|W/R/T
1,7.45,Chili Con Cussion,Starter,T.J. Yeldon,Buf,RB|W/R/T
1,10.2,Chili Con Cussion,Non-Starter,Eric Decker,Ten,WR|W/R/T
1,10.7,Chili Con Cussion,Non-Starter,Colin Kaepernick,SF,QB
1,0.0,Chili Con Cussion,Non-Starter,Brian Quick,Was,WR|W/R/T
1,2.85,Chili Con Cussion,Non-Starter,Larry Donnell,NYG,TE|W/R/T
1,13.45,Chili Con Cussion,Non-Starter,DeAngelo Williams,Pit,RB|W/R/T
1,8.0,Chili Con Cussion,Starter,New England Patriots,NE,DEF
2,22.04,Chili Con Cussion,Starter,Russell Wilson,NYG,QB
2,29.0,Chili Con Cussion,Starter,Allen Robinson,Det,WR|W/R/T
2,6.5,Chili Con Cussion,Starter,Jeremy Maclin,Bal,WR|W/R/T
2,15.7,Chili Con Cussion,Starter,Jamaal Charles,Jax,RB|W/R/T
2,15.45,Chili Con Cussion,Starter,Latavius Murray,Buf,RB|W/R/T
2,5.8,Chili Con Cussion,Starter,Martellus Bennett,GB,TE|W/R/T
2,28.2,Chili Con Cussion,Starter,DeAngelo Williams,Pit,RB|W/R/T
2,9.05,Chili Con Cussion,Non-Starter,T.J. Yeldon,Buf,RB|W/R/T
2,17.7,Chili Con Cussion,Non-Starter,Eric Decker,Ten,WR|W/R/T
2,26.5,Chili Con Cussion,Non-Starter,Colin Kaepernick,SF,QB
2,0.0,Chili Con Cussion,Non-Starter,Brian Quick,Was,WR|W/R/T
2,9.8,Chili Con Cussion,Non-Starter,Larry Donnell,NYG,TE|W/R/T
2,20.0,Chili Con Cussion,Starter,New England Patriots,NE,DEF
3,16.2,Chili Con Cussion,Starter,Russell Wilson,NYG,QB
3,7.8,Chili Con Cussion,Starter,Allen Robinson,Det,WR|W/R/T
3,22.1,Chili Con Cussion,Starter,Jeremy Maclin,Bal,WR|W/R/T
3,27.45,Chili Con Cussion,Starter,Jamaal Charles,Jax,RB|W/R/T
3,21.15,Chili Con Cussion,Starter,Latavius Murray,Buf,RB|W/R/T
3,2.5,Chili Con Cussion,Starter,Martellus Bennett,GB,TE|W/R/T
3,4.7,Chili Con Cussion,Starter,T.J. Yeldon,Buf,RB|W/R/T
3,0.2,Chili Con Cussion,Non-Starter,DeAngelo Williams,Pit,RB|W/R/T
3,0.0,Chili Con Cussion,Non-Starter,Eric Decker,Ten,WR|W/R/T
3,1.28,Chili Con Cussion,Non-Starter,Colin Kaepernick,SF,QB
3,0.0,Chili Con Cussion,Non-Starter,Brian Quick,Was,WR|W/R/T
3,3.95,Chili Con Cussion,Non-Starter,Larry Donnell,NYG,TE|W/R/T
3,7.5,Chili Con Cussion,Starter,New England Patriots,NE,DEF
4,15.48,Chili Con Cussion,Starter,Russell Wilson,NYG,QB
4,9.0,Chili Con Cussion,Starter,Allen Robinson,Det,WR|W/R/T
4,17.55,Chili Con Cussion,Starter,Jeremy Maclin,Bal,WR|W/R/T
4,16.0,Chili Con Cussion,Starter,Jamaal Charles,Jax,RB|W/R/T
4,6.85,Chili Con Cussion,Starter,Latavius Murray,Buf,RB|W/R/T
4,17.05,Chili Con Cussion,Starter,Martellus Bennett,GB,TE|W/R/T
4,11.4,Chili Con Cussion,Starter,T.J. Yeldon,Buf,RB|W/R/T
4,0.5,Chili Con Cussion,Non-Starter,DeAngelo Williams,Pit,RB|W/R/T
4,11.6,Chili Con Cussion,Non-Starter,Eric Decker,Ten,WR|W/R/T
4,10.1,Chili Con Cussion,Non-Starter,Colin Kaepernick,SF,QB
4,5.05,Chili Con Cussion,Non-Starter,Larry Donnell,NYG,TE|W/R/T
4,11.0,Chili Con Cussion,Starter,Cincinnati Bengals,Cin,DEF
4,0.0,Chili Con Cussion,Non-Starter,New England Patriots,NE,DEF
5,12.62,Chili Con Cussion,Starter,Russell Wilson,NYG,QB
5,20.95,Chili Con Cussion,Starter,Allen Robinson,Det,WR|W/R/T
5,10.5,Chili Con Cussion,Starter,Jeremy Maclin,Bal,WR|W/R/T
5,8.65,Chili Con Cussion,Starter,Jamaal Charles,Jax,RB|W/R/T
5,6.45,Chili Con Cussion,Starter,Latavius Murray,Buf,RB|W/R/T
5,4.2,Chili Con Cussion,Starter,Martellus Bennett,GB,TE|W/R/T
5,13.55,Chili Con Cussion,Starter,T.J. Yeldon,Buf,RB|W/R/T
5,2.0,Chili Con Cussion,Non-Starter,DeAngelo Williams,Pit,RB|W/R/T
5,0.0,Chili Con Cussion,Non-Starter,Eric Decker,Ten,WR|W/R/T
5,20.78,Chili Con Cussion,Non-Starter,Colin Kaepernick,SF,QB
5,11.0,Chili Con Cussion,Non-Starter,Larry Donnell,NYG,TE|W/R/T
5,19.5,Chili Con Cussion,Starter,New England Patriots,NE,DEF
5,10.0,Chili Con Cussion,Non-Starter,Cincinnati Bengals,Cin,DEF
6,18.94,Chili Con Cussion,Starter,Russell Wilson,NYG,QB
6,16.1,Chili Con Cussion,Starter,Allen Robinson,Det,WR|W/R/T
6,5.55,Chili Con Cussion,Starter,Jeremy Maclin,Bal,WR|W/R/T
6,0.0,Chili Con Cussion,Starter,Joique Bell,Det,RB|W/R/T
6,5.65,Chili Con Cussion,Starter,Toby Gerhart,Jax,RB|W/R/T
6,7.4,Chili Con Cussion,Starter,Martellus Bennett,GB,TE|W/R/T
6,10.9,Chili Con Cussion,Starter,Eric Decker,Ten,WR|W/R/T
6,0.0,Chili Con Cussion,Non-Starter,T.J. Yeldon,Buf,RB|W/R/T
6,0.0,Chili Con Cussion,Non-Starter,Latavius Murray,Buf,RB|W/R/T
6,-0.1,Chili Con Cussion,Non-Starter,DeAngelo Williams,Pit,RB|W/R/T
6,22.6,Chili Con Cussion,Non-Starter,Colin Kaepernick,SF,QB
6,3.65,Chili Con Cussion,Non-Starter,Larry Donnell,NYG,TE|W/R/T
6,8.0,Chili Con Cussion,Starter,New England Patriots,NE,DEF
7,11.4,Chili Con Cussion,Starter,Russell Wilson,NYG,QB
7,17.3,Chili Con Cussion,Starter,Allen Robinson,Det,WR|W/R/T
7,10.9,Chili Con Cussion,Starter,Eric Decker,Ten,WR|W/R/T
7,4.0,Chili Con Cussion,Starter,Joique Bell,Det,RB|W/R/T
7,14.85,Chili Con Cussion,Starter,Latavius Murray,Buf,RB|W/R/T
7,2.8,Chili Con Cussion,Starter,Larry Donnell,NYG,TE|W/R/T
7,1.95,Chili Con Cussion,Starter,DeAngelo Williams,Pit,RB|W/R/T
7,0.0,Chili Con Cussion,Non-Starter,Jeremy Maclin,Bal,WR|W/R/T
7,0.0,Chili Con Cussion,Non-Starter,Martellus Bennett,GB,TE|W/R/T
7,0.8,Chili Con Cussion,Non-Starter,Toby Gerhart,Jax,RB|W/R/T
7,18.65,Chili Con Cussion,Non-Starter,T.J. Yeldon,Buf,RB|W/R/T
7,4.96,Chili Con Cussion,Non-Starter,Colin Kaepernick,SF,QB
7,6.0,Chili Con Cussion,Starter,New England Patriots,NE,DEF
8,13.6,Chili Con Cussion,Starter,Russell Wilson,NYG,QB
8,13.5,Chili Con Cussion,Starter,Eric Decker,Ten,WR|W/R/T
8,10.25,Chili Con Cussion,Starter,Jeremy Maclin,Bal,WR|W/R/T
8,5.6,Chili Con Cussion,Starter,Joique Bell,Det,RB|W/R/T
8,12.15,Chili Con Cussion,Starter,Latavius Murray,Buf,RB|W/R/T
8,2.45,Chili Con Cussion,Starter,Larry Donnell,NYG,TE|W/R/T
8,3.95,Chili Con Cussion,Starter,Martellus Bennett,GB,TE|W/R/T
8,12.0,Chili Con Cussion,Non-Starter,DeAngelo Williams,Pit,RB|W/R/T
8,0.0,Chili Con Cussion,Non-Starter,Allen Robinson,Det,WR|W/R/T
8,0.0,Chili Con Cussion,Non-Starter,Toby Gerhart,Jax,RB|W/R/T
8,0.0,Chili Con Cussion,Non-Starter,T.J. Yeldon,Buf,RB|W/R/T
8,9.28,Chili Con Cussion,Non-Starter,Colin Kaepernick,SF,QB
8,20.5,Chili Con Cussion,Starter,New England Patriots,NE,DEF
9,15.64,Chili Con Cussion,Starter,Tyrod Taylor,NYJ,QB
9,15.4,Chili Con Cussion,Starter,Eric Decker,Ten,WR|W/R/T
9,13.6,Chili Con Cussion,Starter,Allen Robinson,Det,WR|W/R/T
9,8.0,Chili Con Cussion,Starter,Latavius Murray,Buf,RB|W/R/T
9,37.0,Chili Con Cussion,Starter,DeAngelo Williams,Pit,RB|W/R/T
9,13.7,Chili Con Cussion,Starter,Martellus Bennett,GB,TE|W/R/T
9,10.85,Chili Con Cussion,Starter,T.J. Yeldon,Buf,RB|W/R/T
9,0.0,Chili Con Cussion,Non-Starter,Larry Donnell,NYG,TE|W/R/T
9,0.0,Chili Con Cussion,Non-Starter,Colin Kaepernick,SF,QB
9,0.0,Chili Con Cussion,Non-Starter,Joique Bell,Det,RB|W/R/T
9,0.0,Chili Con Cussion,Non-Starter,Russell Wilson,NYG,QB
9,0.0,Chili Con Cussion,Non-Starter,Jeremy Maclin,Bal,WR|W/R/T
9,11.5,Chili Con Cussion,Starter,New England Patriots,NE,DEF
10,11.52,Chili Con Cussion,Starter,Tyrod Taylor,NYJ,QB
10,12.35,Chili Con Cussion,Starter,Allen Robinson,Det,WR|W/R/T
10,2.45,Chili Con Cussion,Starter,Jeremy Maclin,Bal,WR|W/R/T
10,8.95,Chili Con Cussion,Starter,Latavius Murray,Buf,RB|W/R/T
10,7.15,Chili Con Cussion,Starter,DeAngelo Williams,Pit,RB|W/R/T
10,2.55,Chili Con Cussion,Starter,Martellus Bennett,GB,TE|W/R/T
10,7.95,Chili Con Cussion,Starter,T.J. Yeldon,Buf,RB|W/R/T
10,16.0,Chili Con Cussion,Non-Starter,Eric Decker,Ten,WR|W/R/T
10,0.0,Chili Con Cussion,Non-Starter,Larry Donnell,NYG,TE|W/R/T
10,4.0,Chili Con Cussion,Non-Starter,Joique Bell,Det,RB|W/R/T
10,16.8,Chili Con Cussion,Non-Starter,Russell Wilson,NYG,QB
10,0.0,Chili Con Cussion,Non-Starter,Anquan Boldin,Det,WR|W/R/T
10,8.5,Chili Con Cussion,Starter,New England Patriots,NE,DEF
11,25.4,Chili Con Cussion,Starter,Russell Wilson,NYG,QB
11,12.55,Chili Con Cussion,Starter,Allen Robinson,Det,WR|W/R/T
11,9.1,Chili Con Cussion,Starter,Eric Decker,Ten,WR|W/R/T
11,8.8,Chili Con Cussion,Starter,Latavius Murray,Buf,RB|W/R/T
11,8.95,Chili Con Cussion,Starter,T.J. Yeldon,Buf,RB|W/R/T
11,3.1,Chili Con Cussion,Starter,Martellus Bennett,GB,TE|W/R/T
11,3.65,Chili Con Cussion,Starter,Jeremy Maclin,Bal,WR|W/R/T
11,4.25,Chili Con Cussion,Non-Starter,Joique Bell,Det,RB|W/R/T
11,0.0,Chili Con Cussion,Non-Starter,DeAngelo Williams,Pit,RB|W/R/T
11,9.42,Chili Con Cussion,Non-Starter,Tyrod Taylor,NYJ,QB
11,0.0,Chili Con Cussion,Non-Starter,Larry Donnell,NYG,TE|W/R/T
11,10.55,Chili Con Cussion,Non-Starter,Anquan Boldin,Det,WR|W/R/T
11,13.5,Chili Con Cussion,Starter,New England Patriots,NE,DEF
12,35.2,Chili Con Cussion,Starter,Russell Wilson,NYG,QB
12,12.85,Chili Con Cussion,Starter,Allen Robinson,Det,WR|W/R/T
12,13.45,Chili Con Cussion,Starter,Eric Decker,Ten,WR|W/R/T
12,8.45,Chili Con Cussion,Starter,Latavius Murray,Buf,RB|W/R/T
12,9.2,Chili Con Cussion,Starter,T.J. Yeldon,Buf,RB|W/R/T
12,7.5,Chili Con Cussion,Starter,Zach Miller,Chi,TE|W/R/T
12,19.45,Chili Con Cussion,Starter,DeAngelo Williams,Pit,RB|W/R/T
12,0.0,Chili Con Cussion,Non-Starter,Martellus Bennett,GB,TE|W/R/T
12,24.25,Chili Con Cussion,Non-Starter,Jeremy Maclin,Bal,WR|W/R/T
12,14.7,Chili Con Cussion,Non-Starter,Joique Bell,Det,RB|W/R/T
12,26.24,Chili Con Cussion,Non-Starter,Tyrod Taylor,NYJ,QB
12,11.3,Chili Con Cussion,Non-Starter,Anquan Boldin,Det,WR|W/R/T
12,10.5,Chili Con Cussion,Starter,New England Patriots,NE,DEF
13,34.06,Chili Con Cussion,Starter,Russell Wilson,NYG,QB
13,35.8,Chili Con Cussion,Starter,Allen Robinson,Det,WR|W/R/T
13,12.1,Chili Con Cussion,Starter,Eric Decker,Ten,WR|W/R/T
13,16.7,Chili Con Cussion,Starter,Latavius Murray,Buf,RB|W/R/T
13,20.6,Chili Con Cussion,Starter,T.J. Yeldon,Buf,RB|W/R/T
13,2.15,Chili Con Cussion,Starter,Martellus Bennett,GB,TE|W/R/T
13,15.75,Chili Con Cussion,Starter,DeAngelo Williams,Pit,RB|W/R/T
13,0.85,Chili Con Cussion,Non-Starter,Zach Miller,Chi,TE|W/R/T
13,21.75,Chili Con Cussion,Non-Starter,Jeremy Maclin,Bal,WR|W/R/T
13,3.5,Chili Con Cussion,Non-Starter,Joique Bell,Det,RB|W/R/T
13,29.24,Chili Con Cussion,Non-Starter,Tyrod Taylor,NYJ,QB
13,4.95,Chili Con Cussion,Non-Starter,Anquan Boldin,Det,WR|W/R/T
13,5.0,Chili Con Cussion,Starter,New England Patriots,NE,DEF
14,32.28,Chili Con Cussion,Starter,Russell Wilson,NYG,QB
14,6.65,Chili Con Cussion,Starter,Allen Robinson,Det,WR|W/R/T
14,15.15,Chili Con Cussion,Starter,Eric Decker,Ten,WR|W/R/T
14,6.55,Chili Con Cussion,Starter,T.J. Yeldon,Buf,RB|W/R/T
14,21.6,Chili Con Cussion,Starter,DeAngelo Williams,Pit,RB|W/R/T
14,15.75,Chili Con Cussion,Starter,Zach Miller,Chi,TE|W/R/T
14,2.7,Chili Con Cussion,Starter,Latavius Murray,Buf,RB|W/R/T
14,8.1,Chili Con Cussion,Non-Starter,Jeremy Maclin,Bal,WR|W/R/T
14,8.0,Chili Con Cussion,Non-Starter,Joique Bell,Det,RB|W/R/T
14,18.02,Chili Con Cussion,Non-Starter,Tyrod Taylor,NYJ,QB
14,2.7,Chili Con Cussion,Non-Starter,Anquan Boldin,Det,WR|W/R/T
14,2.25,Chili Con Cussion,Non-Starter,Ryan Griffin,Chi,TE|W/R/T
14,21.5,Chili Con Cussion,Starter,New England Patriots,NE,DEF
15,26.56,Chili Con Cussion,Starter,Russell Wilson,NYG,QB
15,12.45,Chili Con Cussion,Starter,Allen Robinson,Det,WR|W/R/T
15,13.0,Chili Con Cussion,Starter,Eric Decker,Ten,WR|W/R/T
15,12.85,Chili Con Cussion,Starter,DeAngelo Williams,Pit,RB|W/R/T
15,8.25,Chili Con Cussion,Starter,Latavius Murray,Buf,RB|W/R/T
15,7.2,Chili Con Cussion,Starter,Zach Miller,Chi,TE|W/R/T
15,12.75,Chili Con Cussion,Starter,Jeremy Maclin,Bal,WR|W/R/T
15,0.0,Chili Con Cussion,Non-Starter,T.J. Yeldon,Buf,RB|W/R/T
15,27.3,Chili Con Cussion,Non-Starter,Tyrod Taylor,NYJ,QB
15,13.4,Chili Con Cussion,Non-Starter,Anquan Boldin,Det,WR|W/R/T
15,3.5,Chili Con Cussion,Non-Starter,Ryan Griffin,Chi,TE|W/R/T
15,2.3,Chili Con Cussion,Non-Starter,C.J. Spiller,KC,RB|W/R/T
15,21.5,Chili Con Cussion,Starter,New England Patriots,NE,DEF
16,19.36,Chili Con Cussion,Starter,Russell Wilson,NYG,QB
16,22.6,Chili Con Cussion,Starter,Allen Robinson,Det,WR|W/R/T
16,11.45,Chili Con Cussion,Starter,Eric Decker,Ten,WR|W/R/T
16,26.8,Chili Con Cussion,Starter,DeAngelo Williams,Pit,RB|W/R/T
16,18.95,Chili Con Cussion,Starter,Latavius Murray,Buf,RB|W/R/T
16,8.65,Chili Con Cussion,Starter,Zach Miller,Chi,TE|W/R/T
16,12.15,Chili Con Cussion,Starter,Jeremy Maclin,Bal,WR|W/R/T
16,0.0,Chili Con Cussion,Non-Starter,T.J. Yeldon,Buf,RB|W/R/T
16,11.86,Chili Con Cussion,Non-Starter,Tyrod Taylor,NYJ,QB
16,3.95,Chili Con Cussion,Non-Starter,Anquan Boldin,Det,WR|W/R/T
16,1.55,Chili Con Cussion,Non-Starter,Ryan Griffin,Chi,TE|W/R/T
16,0.0,Chili Con Cussion,Non-Starter,C.J. Spiller,KC,RB|W/R/T
16,11.5,Chili Con Cussion,Starter,New England Patriots,NE,DEF
1,27.62,THE CHAMP IS BEER,Starter,Tom Brady,TB,QB
1,8.5,THE CHAMP IS BEER,Starter,Emmanuel Sanders,Buf,WR|W/R/T
1,9.4,THE CHAMP IS BEER,Starter,Roddy White,Atl,WR|W/R/T
1,16.4,THE CHAMP IS BEER,Starter,Eddie Lacy,Sea,RB|W/R/T
1,5.45,THE CHAMP IS BEER,Starter,Melvin Gordon,Bal,RB|W/R/T
1,12.6,THE CHAMP IS BEER,Starter,Jimmy Graham,NO,TE|W/R/T
1,7.25,THE CHAMP IS BEER,Starter,Terrance Williams,Dal,WR|W/R/T
1,5.25,THE CHAMP IS BEER,Non-Starter,Doug Baldwin,Sea,WR|W/R/T
1,8.52,THE CHAMP IS BEER,Non-Starter,Eli Manning,NYG,QB
1,0.2,THE CHAMP IS BEER,Non-Starter,James Starks,GB,RB|W/R/T
1,3.35,THE CHAMP IS BEER,Non-Starter,Chris Polk,Hou,RB|W/R/T
1,3.05,THE CHAMP IS BEER,Non-Starter,Knile Davis,GB,RB|W/R/T
1,8.5,THE CHAMP IS BEER,Starter,Philadelphia Eagles,Phi,DEF
2,28.24,THE CHAMP IS BEER,Starter,Tom Brady,TB,QB
2,22.7,THE CHAMP IS BEER,Starter,Emmanuel Sanders,Buf,WR|W/R/T
2,0.0,THE CHAMP IS BEER,Starter,Roddy White,Atl,WR|W/R/T
2,0.9,THE CHAMP IS BEER,Starter,Eddie Lacy,Sea,RB|W/R/T
2,10.05,THE CHAMP IS BEER,Starter,Melvin Gordon,Bal,RB|W/R/T
2,1.35,THE CHAMP IS BEER,Starter,Jimmy Graham,NO,TE|W/R/T
2,15.4,THE CHAMP IS BEER,Starter,Terrance Williams,Dal,WR|W/R/T
2,16.95,THE CHAMP IS BEER,Non-Starter,Doug Baldwin,Sea,WR|W/R/T
2,19.98,THE CHAMP IS BEER,Non-Starter,Eli Manning,NYG,QB
2,9.6,THE CHAMP IS BEER,Non-Starter,James Starks,GB,RB|W/R/T
2,6.9,THE CHAMP IS BEER,Non-Starter,Knile Davis,GB,RB|W/R/T
2,10.2,THE CHAMP IS BEER,Non-Starter,Karlos Williams,Buf,RB|W/R/T
2,13.0,THE CHAMP IS BEER,Starter,Philadelphia Eagles,Phi,DEF
3,22.72,THE CHAMP IS BEER,Starter,Tom Brady,TB,QB
3,10.2,THE CHAMP IS BEER,Starter,Emmanuel Sanders,Buf,WR|W/R/T
3,4.25,THE CHAMP IS BEER,Starter,Doug Baldwin,Sea,WR|W/R/T
3,5.1,THE CHAMP IS BEER,Starter,Melvin Gordon,Bal,RB|W/R/T
3,9.45,THE CHAMP IS BEER,Starter,Eddie Lacy,Sea,RB|W/R/T
3,16.05,THE CHAMP IS BEER,Starter,Jimmy Graham,NO,TE|W/R/T
3,0.0,THE CHAMP IS BEER,Starter,Terrance Williams,Dal,WR|W/R/T
3,5.35,THE CHAMP IS BEER,Non-Starter,James Starks,GB,RB|W/R/T
3,0.0,THE CHAMP IS BEER,Non-Starter,Roddy White,Atl,WR|W/R/T
3,19.16,THE CHAMP IS BEER,Non-Starter,Eli Manning,NYG,QB
3,0.0,THE CHAMP IS BEER,Non-Starter,Knile Davis,GB,RB|W/R/T
3,17.0,THE CHAMP IS BEER,Non-Starter,Karlos Williams,Buf,RB|W/R/T
3,20.5,THE CHAMP IS BEER,Starter,Philadelphia Eagles,Phi,DEF
4,18.28,THE CHAMP IS BEER,Starter,Eli Manning,NYG,QB
4,7.55,THE CHAMP IS BEER,Starter,Emmanuel Sanders,Buf,WR|W/R/T
4,1.25,THE CHAMP IS BEER,Starter,Marvin Jones,Det,WR|W/R/T
4,5.1,THE CHAMP IS BEER,Starter,Melvin Gordon,Bal,RB|W/R/T
4,9.55,THE CHAMP IS BEER,Starter,Eddie Lacy,Sea,RB|W/R/T
4,3.9,THE CHAMP IS BEER,Starter,Jimmy Graham,NO,TE|W/R/T
4,13.75,THE CHAMP IS BEER,Starter,Karlos Williams,Buf,RB|W/R/T
4,10.35,THE CHAMP IS BEER,Non-Starter,Doug Baldwin,Sea,WR|W/R/T
4,0.0,THE CHAMP IS BEER,Non-Starter,Tom Brady,TB,QB
4,4.4,THE CHAMP IS BEER,Non-Starter,James Starks,GB,RB|W/R/T
4,0.0,THE CHAMP IS BEER,Non-Starter,Knile Davis,GB,RB|W/R/T
4,14.3,THE CHAMP IS BEER,Non-Starter,Ted Ginn,Chi,WR|W/R/T
4,5.5,THE CHAMP IS BEER,Starter,Philadelphia Eagles,Phi,DEF
5,25.3,THE CHAMP IS BEER,Starter,Tom Brady,TB,QB
5,13.35,THE CHAMP IS BEER,Starter,Emmanuel Sanders,Buf,WR|W/R/T
5,7.75,THE CHAMP IS BEER,Starter,Doug Baldwin,Sea,WR|W/R/T
5,9.15,THE CHAMP IS BEER,Starter,Melvin Gordon,Bal,RB|W/R/T
5,3.75,THE CHAMP IS BEER,Starter,Eddie Lacy,Sea,RB|W/R/T
5,3.75,THE CHAMP IS BEER,Starter,Jimmy Graham,NO,TE|W/R/T
5,7.35,THE CHAMP IS BEER,Starter,Marvin Jones,Det,WR|W/R/T
5,0.0,THE CHAMP IS BEER,Non-Starter,Karlos Williams,Buf,RB|W/R/T
5,28.74,THE CHAMP IS BEER,Non-Starter,Eli Manning,NYG,QB
5,5.35,THE CHAMP IS BEER,Non-Starter,James Starks,GB,RB|W/R/T
5,0.2,THE CHAMP IS BEER,Non-Starter,Knile Davis,GB,RB|W/R/T
5,0.0,THE CHAMP IS BEER,Non-Starter,Ted Ginn,Chi,WR|W/R/T
5,18.0,THE CHAMP IS BEER,Starter,Arizona Cardinals,Ari,DEF
6,20.48,THE CHAMP IS BEER,Starter,Tom Brady,TB,QB
6,17.9,THE CHAMP IS BEER,Starter,Emmanuel Sanders,Buf,WR|W/R/T
6,3.05,THE CHAMP IS BEER,Starter,Doug Baldwin,Sea,WR|W/R/T
6,2.5,THE CHAMP IS BEER,Starter,Eddie Lacy,Sea,RB|W/R/T
6,0.9,THE CHAMP IS BEER,Starter,Melvin Gordon,Bal,RB|W/R/T
6,16.0,THE CHAMP IS BEER,Starter,Jimmy Graham,NO,TE|W/R/T
6,2.05,THE CHAMP IS BEER,Starter,Ted Ginn,Chi,WR|W/R/T
6,8.55,THE CHAMP IS BEER,Non-Starter,Theo Riddick,LV,RB|W/R/T
6,0.0,THE CHAMP IS BEER,Non-Starter,Karlos Williams,Buf,RB|W/R/T
6,17.75,THE CHAMP IS BEER,Non-Starter,Marvin Jones,Det,WR|W/R/T
6,6.76,THE CHAMP IS BEER,Non-Starter,Eli Manning,NYG,QB
6,23.95,THE CHAMP IS BEER,Non-Starter,James Starks,GB,RB|W/R/T
6,6.5,THE CHAMP IS BEER,Starter,Arizona Cardinals,Ari,DEF
7,29.7,THE CHAMP IS BEER,Starter,Tom Brady,TB,QB
7,2.4,THE CHAMP IS BEER,Starter,Doug Baldwin,Sea,WR|W/R/T
7,11.45,THE CHAMP IS BEER,Starter,Ted Ginn,Chi,WR|W/R/T
7,2.9,THE CHAMP IS BEER,Starter,Melvin Gordon,Bal,RB|W/R/T
7,0.0,THE CHAMP IS BEER,Starter,Karlos Williams,Buf,RB|W/R/T
7,3.6,THE CHAMP IS BEER,Starter,Jimmy Graham,NO,TE|W/R/T
7,5.55,THE CHAMP IS BEER,Starter,Theo Riddick,LV,RB|W/R/T
7,0.0,THE CHAMP IS BEER,Non-Starter,Eddie Lacy,Sea,RB|W/R/T
7,0.0,THE CHAMP IS BEER,Non-Starter,Emmanuel Sanders,Buf,WR|W/R/T
7,0.0,THE CHAMP IS BEER,Non-Starter,Marvin Jones,Det,WR|W/R/T
7,6.4,THE CHAMP IS BEER,Non-Starter,Eli Manning,NYG,QB
7,0.0,THE CHAMP IS BEER,Non-Starter,James Starks,GB,RB|W/R/T
7,14.0,THE CHAMP IS BEER,Starter,Arizona Cardinals,Ari,DEF
8,30.34,THE CHAMP IS BEER,Starter,Tom Brady,TB,QB
8,6.5,THE CHAMP IS BEER,Starter,Ted Ginn,Chi,WR|W/R/T
8,2.7,THE CHAMP IS BEER,Starter,Emmanuel Sanders,Buf,WR|W/R/T
8,7.35,THE CHAMP IS BEER,Starter,Melvin Gordon,Bal,RB|W/R/T
8,6.2,THE CHAMP IS BEER,Starter,Theo Riddick,LV,RB|W/R/T
8,9.25,THE CHAMP IS BEER,Starter,Jimmy Graham,NO,TE|W/R/T
8,0.45,THE CHAMP IS BEER,Starter,James Jones,GB,WR|W/R/T
8,1.9,THE CHAMP IS BEER,Non-Starter,Marvin Jones,Det,WR|W/R/T
8,0.0,THE CHAMP IS BEER,Non-Starter,Karlos Williams,Buf,RB|W/R/T
8,4.25,THE CHAMP IS BEER,Non-Starter,Doug Baldwin,Sea,WR|W/R/T
8,2.3,THE CHAMP IS BEER,Non-Starter,James Starks,GB,RB|W/R/T
8,1.25,THE CHAMP IS BEER,Non-Starter,Ladarius Green,Pit,TE|W/R/T
8,10.5,THE CHAMP IS BEER,Starter,Arizona Cardinals,Ari,DEF
9,17.86,THE CHAMP IS BEER,Starter,Tom Brady,TB,QB
9,2.25,THE CHAMP IS BEER,Starter,Ted Ginn,Chi,WR|W/R/T
9,16.5,THE CHAMP IS BEER,Starter,Emmanuel Sanders,Buf,WR|W/R/T
9,6.35,THE CHAMP IS BEER,Starter,Melvin Gordon,Bal,RB|W/R/T
9,22.95,THE CHAMP IS BEER,Starter,Jeremy Langford,Atl,RB|W/R/T
9,0.0,THE CHAMP IS BEER,Starter,Ladarius Green,Pit,TE|W/R/T
9,6.2,THE CHAMP IS BEER,Starter,James Jones,GB,WR|W/R/T
9,23.0,THE CHAMP IS BEER,Non-Starter,Karlos Williams,Buf,RB|W/R/T
9,0.0,THE CHAMP IS BEER,Non-Starter,Jimmy Graham,NO,TE|W/R/T
9,0.0,THE CHAMP IS BEER,Non-Starter,Theo Riddick,LV,RB|W/R/T
9,9.05,THE CHAMP IS BEER,Non-Starter,Marvin Jones,Det,WR|W/R/T
9,19.7,THE CHAMP IS BEER,Non-Starter,James Starks,GB,RB|W/R/T
9,4.0,THE CHAMP IS BEER,Starter,New Orleans Saints,NO,DEF
10,18.26,THE CHAMP IS BEER,Starter,Tom Brady,TB,QB
10,0.0,THE CHAMP IS BEER,Starter,Emmanuel Sanders,Buf,WR|W/R/T
10,0.0,THE CHAMP IS BEER,Starter,James Jones,GB,WR|W/R/T
10,31.95,THE CHAMP IS BEER,Starter,Jeremy Langford,Atl,RB|W/R/T
10,11.1,THE CHAMP IS BEER,Starter,James Starks,GB,RB|W/R/T
10,4.85,THE CHAMP IS BEER,Starter,Jimmy Graham,NO,TE|W/R/T
10,11.25,THE CHAMP IS BEER,Starter,Karlos Williams,Buf,RB|W/R/T
10,4.6,THE CHAMP IS BEER,Non-Starter,Marvin Jones,Det,WR|W/R/T
10,5.5,THE CHAMP IS BEER,Non-Starter,Ted Ginn,Chi,WR|W/R/T
10,0.0,THE CHAMP IS BEER,Non-Starter,Ladarius Green,Pit,TE|W/R/T
10,0.0,THE CHAMP IS BEER,Non-Starter,Melvin Gordon,Bal,RB|W/R/T
10,3.35,THE CHAMP IS BEER,Non-Starter,Theo Riddick,LV,RB|W/R/T
10,11.5,THE CHAMP IS BEER,Starter,Baltimore Ravens,Bal,DEF
11,13.08,THE CHAMP IS BEER,Starter,Tom Brady,TB,QB
11,0.0,THE CHAMP IS BEER,Starter,Emmanuel Sanders,Buf,WR|W/R/T
11,12.15,THE CHAMP IS BEER,Starter,Ted Ginn,Chi,WR|W/R/T
11,10.95,THE CHAMP IS BEER,Starter,Jeremy Langford,Atl,RB|W/R/T
11,4.65,THE CHAMP IS BEER,Starter,James Starks,GB,RB|W/R/T
11,4.65,THE CHAMP IS BEER,Starter,Jimmy Graham,NO,TE|W/R/T
11,9.85,THE CHAMP IS BEER,Starter,Theo Riddick,LV,RB|W/R/T
11,20.4,THE CHAMP IS BEER,Non-Starter,James Jones,GB,WR|W/R/T
11,1.1,THE CHAMP IS BEER,Non-Starter,Karlos Williams,Buf,RB|W/R/T
11,7.0,THE CHAMP IS BEER,Non-Starter,Marvin Jones,Det,WR|W/R/T
11,1.15,THE CHAMP IS BEER,Non-Starter,Ladarius Green,Pit,TE|W/R/T
11,5.15,THE CHAMP IS BEER,Non-Starter,Melvin Gordon,Bal,RB|W/R/T
11,17.5,THE CHAMP IS BEER,Starter,Baltimore Ravens,Bal,DEF
12,23.2,THE CHAMP IS BEER,Starter,Tom Brady,TB,QB
12,12.8,THE CHAMP IS BEER,Starter,Emmanuel Sanders,Buf,WR|W/R/T
12,0.0,THE CHAMP IS BEER,Starter,Ted Ginn,Chi,WR|W/R/T
12,11.55,THE CHAMP IS BEER,Starter,Jeremy Langford,Atl,RB|W/R/T
12,14.05,THE CHAMP IS BEER,Starter,Theo Riddick,LV,RB|W/R/T
12,8.5,THE CHAMP IS BEER,Starter,Jimmy Graham,NO,TE|W/R/T
12,6.25,THE CHAMP IS BEER,Starter,Marvin Jones,Det,WR|W/R/T
12,9.0,THE CHAMP IS BEER,Non-Starter,James Starks,GB,RB|W/R/T
12,0.0,THE CHAMP IS BEER,Non-Starter,James Jones,GB,WR|W/R/T
12,0.5,THE CHAMP IS BEER,Non-Starter,Karlos Williams,Buf,RB|W/R/T
12,2.15,THE CHAMP IS BEER,Non-Starter,Ladarius Green,Pit,TE|W/R/T
12,9.25,THE CHAMP IS BEER,Non-Starter,Melvin Gordon,Bal,RB|W/R/T
12,19.5,THE CHAMP IS BEER,Starter,Baltimore Ravens,Bal,DEF
13,30.03,THE CHAMP IS BEER,Starter,Tom Brady,TB,QB
13,3.15,THE CHAMP IS BEER,Starter,Emmanuel Sanders,Buf,WR|W/R/T
13,2.15,THE CHAMP IS BEER,Starter,James Jones,GB,WR|W/R/T
13,7.3,THE CHAMP IS BEER,Starter,Jeremy Langford,Atl,RB|W/R/T
13,4.35,THE CHAMP IS BEER,Starter,Theo Riddick,LV,RB|W/R/T
13,13.1,THE CHAMP IS BEER,Starter,Scott Chandler,NE,TE|W/R/T
13,12.75,THE CHAMP IS BEER,Starter,Marvin Jones,Det,WR|W/R/T
13,21.25,THE CHAMP IS BEER,Non-Starter,Ted Ginn,Chi,WR|W/R/T
13,7.25,THE CHAMP IS BEER,Non-Starter,James Starks,GB,RB|W/R/T
13,0.0,THE CHAMP IS BEER,Non-Starter,Karlos Williams,Buf,RB|W/R/T
13,2.6,THE CHAMP IS BEER,Non-Starter,Ladarius Green,Pit,TE|W/R/T
13,4.55,THE CHAMP IS BEER,Non-Starter,Melvin Gordon,Bal,RB|W/R/T
13,11.0,THE CHAMP IS BEER,Starter,Baltimore Ravens,Bal,DEF
14,18.04,THE CHAMP IS BEER,Starter,Tom Brady,TB,QB
14,0.2,THE CHAMP IS BEER,Starter,Emmanuel Sanders,Buf,WR|W/R/T
14,25.0,THE CHAMP IS BEER,Starter,Ted Ginn,Chi,WR|W/R/T
14,7.15,THE CHAMP IS BEER,Starter,Jeremy Langford,Atl,RB|W/R/T
14,7.95,THE CHAMP IS BEER,Starter,Theo Riddick,LV,RB|W/R/T
14,0.0,THE CHAMP IS BEER,Starter,Scott Chandler,NE,TE|W/R/T
14,7.6,THE CHAMP IS BEER,Starter,Marvin Jones,Det,WR|W/R/T
14,5.9,THE CHAMP IS BEER,Non-Starter,James Jones,GB,WR|W/R/T
14,23.3,THE CHAMP IS BEER,Non-Starter,James Starks,GB,RB|W/R/T
14,0.0,THE CHAMP IS BEER,Non-Starter,Karlos Williams,Buf,RB|W/R/T
14,3.1,THE CHAMP IS BEER,Non-Starter,Ladarius Green,Pit,TE|W/R/T
14,7.3,THE CHAMP IS BEER,Non-Starter,Melvin Gordon,Bal,RB|W/R/T
14,0.5,THE CHAMP IS BEER,Starter,Baltimore Ravens,Bal,DEF
15,18.68,THE CHAMP IS BEER,Starter,Tom Brady,TB,QB
15,29.0,THE CHAMP IS BEER,Starter,Emmanuel Sanders,Buf,WR|W/R/T
15,22.0,THE CHAMP IS BEER,Starter,Ted Ginn,Chi,WR|W/R/T
15,5.95,THE CHAMP IS BEER,Starter,Jeremy Langford,Atl,RB|W/R/T
15,3.5,THE CHAMP IS BEER,Starter,Theo Riddick,LV,RB|W/R/T
15,0.0,THE CHAMP IS BEER,Starter,Scott Chandler,NE,TE|W/R/T
15,9.9,THE CHAMP IS BEER,Starter,Marvin Jones,Det,WR|W/R/T
15,15.7,THE CHAMP IS BEER,Non-Starter,James Jones,GB,WR|W/R/T
15,3.85,THE CHAMP IS BEER,Non-Starter,James Starks,GB,RB|W/R/T
15,4.1,THE CHAMP IS BEER,Non-Starter,Karlos Williams,Buf,RB|W/R/T
15,1.8,THE CHAMP IS BEER,Non-Starter,Ladarius Green,Pit,TE|W/R/T
15,4.95,THE CHAMP IS BEER,Non-Starter,Melvin Gordon,Bal,RB|W/R/T
15,9.5,THE CHAMP IS BEER,Starter,Baltimore Ravens,Bal,DEF
1,2.9,Maybeitrythissober,Starter,Peyton Manning,Den,QB
1,5.95,Maybeitrythissober,Starter,Amari Cooper,Buf,WR|W/R/T
1,7.75,Maybeitrythissober,Starter,Demaryius Thomas,NE,WR|W/R/T
1,5.8,Maybeitrythissober,Starter,C.J. Anderson,Det,RB|W/R/T
1,12.1,Maybeitrythissober,Starter,Alfred Morris,NYG,RB|W/R/T
1,1.0,Maybeitrythissober,Starter,Owen Daniels,Den,TE|W/R/T
1,4.2,Maybeitrythissober,Starter,Kenny Britt,NE,WR|W/R/T
1,10.7,Maybeitrythissober,Non-Starter,Lance Kendricks,LAC,TE|W/R/T
1,23.22,Maybeitrythissober,Non-Starter,Alex Smith,Was,QB
1,2.05,Maybeitrythissober,Non-Starter,Mike Tolbert,Buf,RB|W/R/T
1,10.4,Maybeitrythissober,Non-Starter,Tyler Lockett,Ten,WR|W/R/T
1,6.5,Maybeitrythissober,Starter,Houston Texans,Hou,DEF
2,18.24,Maybeitrythissober,Starter,Peyton Manning,Den,QB
2,18.65,Maybeitrythissober,Starter,Amari Cooper,Buf,WR|W/R/T
2,13.6,Maybeitrythissober,Starter,Demaryius Thomas,NE,WR|W/R/T
2,3.15,Maybeitrythissober,Starter,C.J. Anderson,Det,RB|W/R/T
2,7.7,Maybeitrythissober,Starter,Alfred Morris,NYG,RB|W/R/T
2,2.65,Maybeitrythissober,Starter,Owen Daniels,Den,TE|W/R/T
2,10.9,Maybeitrythissober,Starter,Kenny Britt,NE,WR|W/R/T
2,1.75,Maybeitrythissober,Non-Starter,Lance Kendricks,LAC,TE|W/R/T
2,5.14,Maybeitrythissober,Non-Starter,Alex Smith,Was,QB
2,4.0,Maybeitrythissober,Non-Starter,Mike Tolbert,Buf,RB|W/R/T
2,2.2,Maybeitrythissober,Non-Starter,Tyler Lockett,Ten,WR|W/R/T
2,9.5,Maybeitrythissober,Starter,Houston Texans,Hou,DEF
3,18.86,Maybeitrythissober,Starter,Peyton Manning,Den,QB
3,13.4,Maybeitrythissober,Starter,Amari Cooper,Buf,WR|W/R/T
3,15.45,Maybeitrythissober,Starter,Demaryius Thomas,NE,WR|W/R/T
3,2.95,Maybeitrythissober,Starter,C.J. Anderson,Det,RB|W/R/T
3,1.9,Maybeitrythissober,Starter,Alfred Morris,NYG,RB|W/R/T
3,10.05,Maybeitrythissober,Starter,Owen Daniels,Den,TE|W/R/T
3,11.95,Maybeitrythissober,Starter,Kenny Britt,NE,WR|W/R/T
3,1.7,Maybeitrythissober,Non-Starter,Lance Kendricks,LAC,TE|W/R/T
3,18.9,Maybeitrythissober,Non-Starter,Alex Smith,Was,QB
3,5.15,Maybeitrythissober,Non-Starter,Mike Tolbert,Buf,RB|W/R/T
3,6.0,Maybeitrythissober,Non-Starter,Tyler Lockett,Ten,WR|W/R/T
3,9.0,Maybeitrythissober,Starter,Houston Texans,Hou,DEF
4,8.32,Maybeitrythissober,Starter,Peyton Manning,Den,QB
4,11.9,Maybeitrythissober,Starter,Amari Cooper,Buf,WR|W/R/T
4,11.55,Maybeitrythissober,Starter,Demaryius Thomas,NE,WR|W/R/T
4,7.25,Maybeitrythissober,Starter,C.J. Anderson,Det,RB|W/R/T
4,7.0,Maybeitrythissober,Starter,Alfred Morris,NYG,RB|W/R/T
4,7.4,Maybeitrythissober,Starter,Owen Daniels,Den,TE|W/R/T
4,0.0,Maybeitrythissober,Starter,Kenny Britt,NE,WR|W/R/T
4,0.0,Maybeitrythissober,Non-Starter,Lance Kendricks,LAC,TE|W/R/T
4,17.94,Maybeitrythissober,Non-Starter,Alex Smith,Was,QB
4,0.7,Maybeitrythissober,Non-Starter,Mike Tolbert,Buf,RB|W/R/T
4,4.9,Maybeitrythissober,Non-Starter,Tyler Lockett,Ten,WR|W/R/T
4,3.0,Maybeitrythissober,Starter,Houston Texans,Hou,DEF
5,6.64,Maybeitrythissober,Starter,Peyton Manning,Den,QB
5,5.9,Maybeitrythissober,Starter,Amari Cooper,Buf,WR|W/R/T
5,6.75,Maybeitrythissober,Starter,Demaryius Thomas,NE,WR|W/R/T
5,4.5,Maybeitrythissober,Starter,C.J. Anderson,Det,RB|W/R/T
5,1.5,Maybeitrythissober,Starter,Alfred Morris,NYG,RB|W/R/T
5,0.0,Maybeitrythissober,Starter,Owen Daniels,Den,TE|W/R/T
5,0.0,Maybeitrythissober,Starter,Kenny Britt,NE,WR|W/R/T
5,2.1,Maybeitrythissober,Non-Starter,Lance Kendricks,LAC,TE|W/R/T
5,13.34,Maybeitrythissober,Non-Starter,Alex Smith,Was,QB
5,0.0,Maybeitrythissober,Non-Starter,Mike Tolbert,Buf,RB|W/R/T
5,3.4,Maybeitrythissober,Non-Starter,Tyler Lockett,Ten,WR|W/R/T
5,1.5,Maybeitrythissober,Starter,Houston Texans,Hou,DEF
6,7.6,Maybeitrythissober,Starter,Peyton Manning,Den,QB
6,0.0,Maybeitrythissober,Starter,Amari Cooper,Buf,WR|W/R/T
6,13.6,Maybeitrythissober,Starter,Demaryius Thomas,NE,WR|W/R/T
6,7.6,Maybeitrythissober,Starter,C.J. Anderson,Det,RB|W/R/T
6,3.45,Maybeitrythissober,Starter,Alfred Morris,NYG,RB|W/R/T
6,2.9,Maybeitrythissober,Starter,Owen Daniels,Den,TE|W/R/T
6,0.0,Maybeitrythissober,Starter,Kenny Britt,NE,WR|W/R/T
6,0.0,Maybeitrythissober,Non-Starter,Lance Kendricks,LAC,TE|W/R/T
6,16.28,Maybeitrythissober,Non-Starter,Alex Smith,Was,QB
6,1.0,Maybeitrythissober,Non-Starter,Mike Tolbert,Buf,RB|W/R/T
6,0.0,Maybeitrythissober,Non-Starter,Tyler Lockett,Ten,WR|W/R/T
6,18.5,Maybeitrythissober,Starter,Houston Texans,Hou,DEF
7,14.54,Maybeitrythissober,Starter,Alex Smith,Was,QB
7,20.55,Maybeitrythissober,Starter,Amari Cooper,Buf,WR|W/R/T
7,4.35,Maybeitrythissober,Starter,Kenny Britt,NE,WR|W/R/T
7,0.95,Maybeitrythissober,Starter,Alfred Morris,NYG,RB|W/R/T
7,3.25,Maybeitrythissober,Starter,Zac Stacy,NYJ,RB|W/R/T
7,5.45,Maybeitrythissober,Starter,Coby Fleener,NO,TE|W/R/T
7,15.15,Maybeitrythissober,Starter,Tyler Lockett,Ten,WR|W/R/T
7,0.0,Maybeitrythissober,Non-Starter,Demaryius Thomas,NE,WR|W/R/T
7,0.0,Maybeitrythissober,Non-Starter,Peyton Manning,Den,QB
7,6.05,Maybeitrythissober,Non-Starter,Jamison Crowder,Was,WR|W/R/T
7,0.0,Maybeitrythissober,Non-Starter,C.J. Anderson,Det,RB|W/R/T
7,7.0,Maybeitrythissober,Starter,Houston Texans,Hou,DEF
8,11.6,Maybeitrythissober,Starter,Peyton Manning,Den,QB
8,6.05,Maybeitrythissober,Starter,Amari Cooper,Buf,WR|W/R/T
8,18.8,Maybeitrythissober,Starter,Demaryius Thomas,NE,WR|W/R/T
8,2.05,Maybeitrythissober,Starter,Zac Stacy,NYJ,RB|W/R/T
8,16.85,Maybeitrythissober,Starter,C.J. Anderson,Det,RB|W/R/T
8,12.05,Maybeitrythissober,Starter,Coby Fleener,NO,TE|W/R/T
8,4.35,Maybeitrythissober,Starter,Tyler Lockett,Ten,WR|W/R/T
8,27.6,Maybeitrythissober,Non-Starter,Alex Smith,Was,QB
8,0.0,Maybeitrythissober,Non-Starter,Kenny Britt,NE,WR|W/R/T
8,0.0,Maybeitrythissober,Non-Starter,Alfred Morris,NYG,RB|W/R/T
8,0.0,Maybeitrythissober,Non-Starter,Jamison Crowder,Was,WR|W/R/T
8,26.0,Maybeitrythissober,Starter,Houston Texans,Hou,DEF
8,9.0,Maybeitrythissober,Non-Starter,New York Giants,NYG,DEF
9,15.24,Maybeitrythissober,Starter,Peyton Manning,Den,QB
9,16.55,Maybeitrythissober,Starter,Amari Cooper,Buf,WR|W/R/T
9,6.25,Maybeitrythissober,Starter,Demaryius Thomas,NE,WR|W/R/T
9,4.05,Maybeitrythissober,Starter,C.J. Anderson,Det,RB|W/R/T
9,1.0,Maybeitrythissober,Starter,Alfred Morris,NYG,RB|W/R/T
9,3.2,Maybeitrythissober,Starter,Coby Fleener,NO,TE|W/R/T
9,6.5,Maybeitrythissober,Starter,Jamison Crowder,Was,WR|W/R/T
9,0.0,Maybeitrythissober,Non-Starter,Tyler Lockett,Ten,WR|W/R/T
9,2.15,Maybeitrythissober,Non-Starter,Zac Stacy,NYJ,RB|W/R/T
9,0.0,Maybeitrythissober,Non-Starter,Alex Smith,Was,QB
9,9.45,Maybeitrythissober,Non-Starter,Kenny Britt,NE,WR|W/R/T
9,13.5,Maybeitrythissober,Starter,New York Giants,NYG,DEF
9,0.0,Maybeitrythissober,Non-Starter,Houston Texans,Hou,DEF
10,-6.6,Maybeitrythissober,Starter,Peyton Manning,Den,QB
10,9.15,Maybeitrythissober,Starter,Amari Cooper,Buf,WR|W/R/T
10,8.85,Maybeitrythissober,Starter,Demaryius Thomas,NE,WR|W/R/T
10,0.9,Maybeitrythissober,Starter,C.J. Anderson,Det,RB|W/R/T
10,11.35,Maybeitrythissober,Starter,Alfred Morris,NYG,RB|W/R/T
10,1.65,Maybeitrythissober,Starter,Owen Daniels,Den,TE|W/R/T
10,13.0,Maybeitrythissober,Starter,Jamison Crowder,Was,WR|W/R/T
10,0.95,Maybeitrythissober,Non-Starter,Tyler Lockett,Ten,WR|W/R/T
10,0.0,Maybeitrythissober,Non-Starter,Zac Stacy,NYJ,RB|W/R/T
10,15.46,Maybeitrythissober,Non-Starter,Alex Smith,Was,QB
10,0.85,Maybeitrythissober,Non-Starter,Kenny Britt,NE,WR|W/R/T
10,19.5,Maybeitrythissober,Starter,Houston Texans,Hou,DEF
10,9.5,Maybeitrythissober,Non-Starter,New York Giants,NYG,DEF
11,13.42,Maybeitrythissober,Starter,Alex Smith,Was,QB
11,0.65,Maybeitrythissober,Starter,Amari Cooper,Buf,WR|W/R/T
11,12.65,Maybeitrythissober,Starter,Demaryius Thomas,NE,WR|W/R/T
11,7.7,Maybeitrythissober,Starter,C.J. Anderson,Det,RB|W/R/T
11,0.0,Maybeitrythissober,Starter,Alfred Morris,NYG,RB|W/R/T
11,5.25,Maybeitrythissober,Starter,Coby Fleener,NO,TE|W/R/T
11,0.75,Maybeitrythissober,Starter,Jamison Crowder,Was,WR|W/R/T
11,0.0,Maybeitrythissober,Non-Starter,Peyton Manning,Den,QB
11,18.3,Maybeitrythissober,Non-Starter,Tyler Lockett,Ten,WR|W/R/T
11,0.0,Maybeitrythissober,Non-Starter,Zac Stacy,NYJ,RB|W/R/T
11,2.9,Maybeitrythissober,Non-Starter,Kenny Britt,NE,WR|W/R/T
11,14.0,Maybeitrythissober,Starter,Houston Texans,Hou,DEF
11,0.0,Maybeitrythissober,Non-Starter,New York Giants,NYG,DEF
12,21.7,Maybeitrythissober,Starter,Alex Smith,Was,QB
12,13.25,Maybeitrythissober,Starter,Amari Cooper,Buf,WR|W/R/T
12,3.85,Maybeitrythissober,Starter,Demaryius Thomas,NE,WR|W/R/T
12,28.3,Maybeitrythissober,Starter,C.J. Anderson,Det,RB|W/R/T
12,9.25,Maybeitrythissober,Starter,Alfred Morris,NYG,RB|W/R/T
12,3.45,Maybeitrythissober,Starter,Coby Fleener,NO,TE|W/R/T
12,1.7,Maybeitrythissober,Starter,Jamison Crowder,Was,WR|W/R/T
12,0.0,Maybeitrythissober,Non-Starter,Peyton Manning,Den,QB
12,4.55,Maybeitrythissober,Non-Starter,Tyler Lockett,Ten,WR|W/R/T
12,0.0,Maybeitrythissober,Non-Starter,Zac Stacy,NYJ,RB|W/R/T
12,7.8,Maybeitrythissober,Non-Starter,Kenny Britt,NE,WR|W/R/T
12,16.0,Maybeitrythissober,Starter,Houston Texans,Hou,DEF
12,7.0,Maybeitrythissober,Non-Starter,New York Giants,NYG,DEF
13,24.78,Maybeitrythissober,Starter,Alex Smith,Was,QB
13,7.2,Maybeitrythissober,Starter,Amari Cooper,Buf,WR|W/R/T
13,13.6,Maybeitrythissober,Starter,Demaryius Thomas,NE,WR|W/R/T
13,5.65,Maybeitrythissober,Starter,C.J. Anderson,Det,RB|W/R/T
13,1.2,Maybeitrythissober,Starter,Alfred Morris,NYG,RB|W/R/T
13,3.0,Maybeitrythissober,Starter,Coby Fleener,NO,TE|W/R/T
13,11.45,Maybeitrythissober,Starter,Tyler Lockett,Ten,WR|W/R/T
13,3.65,Maybeitrythissober,Non-Starter,Jamison Crowder,Was,WR|W/R/T
13,0.0,Maybeitrythissober,Non-Starter,Peyton Manning,Den,QB
13,0.0,Maybeitrythissober,Non-Starter,Zac Stacy,NYJ,RB|W/R/T
13,4.6,Maybeitrythissober,Non-Starter,Kenny Britt,NE,WR|W/R/T
13,3.5,Maybeitrythissober,Starter,Houston Texans,Hou,DEF
13,15.5,Maybeitrythissober,Non-Starter,New York Giants,NYG,DEF
1,18.04,Make ATO Great Again,Starter,Ben Roethlisberger,Pit,QB
1,5.65,Make ATO Great Again,Starter,Odell Beckham,Mia,WR|W/R/T
1,6.3,Make ATO Great Again,Starter,Brandin Cooks,NO,WR|W/R/T
1,3.6,Make ATO Great Again,Starter,Frank Gore,NYJ,RB|W/R/T
1,3.75,Make ATO Great Again,Starter,Darren McFadden,Dal,RB|W/R/T
1,12.3,Make ATO Great Again,Starter,Eric Ebron,Pit,TE|W/R/T
1,13.35,Make ATO Great Again,Starter,Julian Edelman,NE,WR|W/R/T
1,8.45,Make ATO Great Again,Non-Starter,Dwayne Allen,NE,TE|W/R/T
1,0.0,Make ATO Great Again,Non-Starter,Todd Gurley,Atl,RB|W/R/T
1,18.86,Make ATO Great Again,Non-Starter,Andy Dalton,Car,QB
1,16.05,Make ATO Great Again,Non-Starter,Percy Harvin,Buf,WR|W/R/T
1,4.1,Make ATO Great Again,Non-Starter,Ronnie Hillman,LAC,RB|W/R/T
1,21.0,Make ATO Great Again,Starter,Baltimore Ravens,Bal,DEF
2,30.66,Make ATO Great Again,Starter,Ben Roethlisberger,Pit,QB
2,22.35,Make ATO Great Again,Starter,Odell Beckham,Mia,WR|W/R/T
2,7.05,Make ATO Great Again,Starter,Brandin Cooks,NO,WR|W/R/T
2,4.35,Make ATO Great Again,Starter,Frank Gore,NYJ,RB|W/R/T
2,6.4,Make ATO Great Again,Starter,Bilal Powell,NYJ,RB|W/R/T
2,11.55,Make ATO Great Again,Starter,Eric Ebron,Pit,TE|W/R/T
2,25.65,Make ATO Great Again,Starter,Julian Edelman,NE,WR|W/R/T
2,5.7,Make ATO Great Again,Non-Starter,Darren McFadden,Dal,RB|W/R/T
2,0.0,Make ATO Great Again,Non-Starter,Dwayne Allen,NE,TE|W/R/T
2,0.0,Make ATO Great Again,Non-Starter,Todd Gurley,Atl,RB|W/R/T
2,21.56,Make ATO Great Again,Non-Starter,Andy Dalton,Car,QB
2,6.4,Make ATO Great Again,Non-Starter,Percy Harvin,Buf,WR|W/R/T
2,-0.5,Make ATO Great Again,Starter,Baltimore Ravens,Bal,DEF
3,5.68,Make ATO Great Again,Starter,Ben Roethlisberger,Pit,QB
3,15.65,Make ATO Great Again,Starter,Odell Beckham,Mia,WR|W/R/T
3,10.5,Make ATO Great Again,Starter,Julian Edelman,NE,WR|W/R/T
3,1.65,Make ATO Great Again,Starter,Todd Gurley,Atl,RB|W/R/T
3,13.95,Make ATO Great Again,Starter,Dion Lewis,NYG,RB|W/R/T
3,7.1,Make ATO Great Again,Starter,Eric Ebron,Pit,TE|W/R/T
3,9.25,Make ATO Great Again,Starter,Bilal Powell,NYJ,RB|W/R/T
3,9.5,Make ATO Great Again,Non-Starter,Darren McFadden,Dal,RB|W/R/T
3,9.95,Make ATO Great Again,Non-Starter,Percy Harvin,Buf,WR|W/R/T
3,9.65,Make ATO Great Again,Non-Starter,Brandin Cooks,NO,WR|W/R/T
3,0.0,Make ATO Great Again,Non-Starter,Dwayne Allen,NE,TE|W/R/T
3,30.32,Make ATO Great Again,Non-Starter,Andy Dalton,Car,QB
3,19.5,Make ATO Great Again,Starter,Denver Broncos,Den,DEF
4,18.44,Make ATO Great Again,Starter,Andy Dalton,Car,QB
4,5.05,Make ATO Great Again,Starter,Odell Beckham,Mia,WR|W/R/T
4,3.5,Make ATO Great Again,Starter,Brandin Cooks,NO,WR|W/R/T
4,16.6,Make ATO Great Again,Starter,Todd Gurley,Atl,RB|W/R/T
4,3.1,Make ATO Great Again,Starter,Darren McFadden,Dal,RB|W/R/T
4,2.7,Make ATO Great Again,Starter,Eric Ebron,Pit,TE|W/R/T
4,3.35,Make ATO Great Again,Starter,Percy Harvin,Buf,WR|W/R/T
4,1.45,Make ATO Great Again,Non-Starter,Bilal Powell,NYJ,RB|W/R/T
4,0.0,Make ATO Great Again,Non-Starter,Dion Lewis,NYG,RB|W/R/T
4,0.0,Make ATO Great Again,Non-Starter,Ben Roethlisberger,Pit,QB
4,0.0,Make ATO Great Again,Non-Starter,Julian Edelman,NE,WR|W/R/T
4,0.0,Make ATO Great Again,Non-Starter,Dwayne Allen,NE,TE|W/R/T
4,16.0,Make ATO Great Again,Starter,Denver Broncos,Den,DEF
5,27.04,Make ATO Great Again,Starter,Andy Dalton,Car,QB
5,20.15,Make ATO Great Again,Starter,Odell Beckham,Mia,WR|W/R/T
5,17.95,Make ATO Great Again,Starter,Brandin Cooks,NO,WR|W/R/T
5,15.9,Make ATO Great Again,Starter,Todd Gurley,Atl,RB|W/R/T
5,17.3,Make ATO Great Again,Starter,Dion Lewis,NYG,RB|W/R/T
5,6.0,Make ATO Great Again,Starter,Richard Rodgers,LAC,TE|W/R/T
5,19.0,Make ATO Great Again,Starter,Julian Edelman,NE,WR|W/R/T
5,0.0,Make ATO Great Again,Non-Starter,Eric Ebron,Pit,TE|W/R/T
5,10.05,Make ATO Great Again,Non-Starter,Darren McFadden,Dal,RB|W/R/T
5,-0.1,Make ATO Great Again,Non-Starter,Percy Harvin,Buf,WR|W/R/T
5,0.0,Make ATO Great Again,Non-Starter,Bilal Powell,NYJ,RB|W/R/T
5,0.0,Make ATO Great Again,Non-Starter,Ben Roethlisberger,Pit,QB
5,25.5,Make ATO Great Again,Starter,Denver Broncos,Den,DEF
6,21.52,Make ATO Great Again,Starter,Andy Dalton,Car,QB
6,13.85,Make ATO Great Again,Starter,Odell Beckham,Mia,WR|W/R/T
6,5.1,Make ATO Great Again,Starter,Brandin Cooks,NO,WR|W/R/T
6,4.65,Make ATO Great Again,Starter,Dion Lewis,NYG,RB|W/R/T
6,2.7,Make ATO Great Again,Starter,Robert Turbin,Sea,RB|W/R/T
6,3.9,Make ATO Great Again,Starter,Richard Rodgers,LAC,TE|W/R/T
6,12.7,Make ATO Great Again,Starter,Julian Edelman,NE,WR|W/R/T
6,0.0,Make ATO Great Again,Non-Starter,Todd Gurley,Atl,RB|W/R/T
6,0.0,Make ATO Great Again,Non-Starter,Eric Ebron,Pit,TE|W/R/T
6,0.0,Make ATO Great Again,Non-Starter,Darren McFadden,Dal,RB|W/R/T
6,0.0,Make ATO Great Again,Non-Starter,Percy Harvin,Buf,WR|W/R/T
6,0.0,Make ATO Great Again,Non-Starter,Ben Roethlisberger,Pit,QB
6,22.5,Make ATO Great Again,Starter,Denver Broncos,Den,DEF
7,30.18,Make ATO Great Again,Starter,Kirk Cousins,Atl,QB
7,4.5,Make ATO Great Again,Starter,Odell Beckham,Mia,WR|W/R/T
7,9.6,Make ATO Great Again,Starter,Brandin Cooks,NO,WR|W/R/T
7,29.3,Make ATO Great Again,Starter,Todd Gurley,Atl,RB|W/R/T
7,22.7,Make ATO Great Again,Starter,Darren McFadden,Dal,RB|W/R/T
7,16.15,Make ATO Great Again,Starter,Eric Ebron,Pit,TE|W/R/T
7,6.65,Make ATO Great Again,Starter,Julian Edelman,NE,WR|W/R/T
7,0.0,Make ATO Great Again,Non-Starter,Dion Lewis,NYG,RB|W/R/T
7,0.0,Make ATO Great Again,Non-Starter,Ben Roethlisberger,Pit,QB
7,0.0,Make ATO Great Again,Non-Starter,Richard Rodgers,LAC,TE|W/R/T
7,0.0,Make ATO Great Again,Non-Starter,Andy Dalton,Car,QB
7,11.5,Make ATO Great Again,Starter,Atlanta Falcons,Atl,DEF
7,0.0,Make ATO Great Again,Non-Starter,Denver Broncos,Den,DEF
8,9.64,Make ATO Great Again,Starter,Andy Dalton,Car,QB
8,33.0,Make ATO Great Again,Starter,Odell Beckham,Mia,WR|W/R/T
8,21.85,Make ATO Great Again,Starter,Julian Edelman,NE,WR|W/R/T
8,21.35,Make ATO Great Again,Starter,Todd Gurley,Atl,RB|W/R/T
8,12.8,Make ATO Great Again,Starter,Darren McFadden,Dal,RB|W/R/T
8,3.15,Make ATO Great Again,Starter,Eric Ebron,Pit,TE|W/R/T
8,18.7,Make ATO Great Again,Starter,Dion Lewis,NYG,RB|W/R/T
8,22.0,Make ATO Great Again,Non-Starter,Brandin Cooks,NO,WR|W/R/T
8,8.48,Make ATO Great Again,Non-Starter,Ben Roethlisberger,Pit,QB
8,2.1,Make ATO Great Again,Non-Starter,Richard Rodgers,LAC,TE|W/R/T
8,2.2,Make ATO Great Again,Non-Starter,Khiry Robinson,NYJ,RB|W/R/T
8,2.45,Make ATO Great Again,Non-Starter,Chris Polk,Hou,RB|W/R/T
8,13.0,Make ATO Great Again,Starter,Denver Broncos,Den,DEF
9,21.86,Make ATO Great Again,Starter,Andy Dalton,Car,QB
9,12.75,Make ATO Great Again,Starter,Odell Beckham,Mia,WR|W/R/T
9,10.75,Make ATO Great Again,Starter,Julian Edelman,NE,WR|W/R/T
9,17.65,Make ATO Great Again,Starter,Todd Gurley,Atl,RB|W/R/T
9,12.45,Make ATO Great Again,Starter,Darren McFadden,Dal,RB|W/R/T
9,15.15,Make ATO Great Again,Starter,Richard Rodgers,LAC,TE|W/R/T
9,6.3,Make ATO Great Again,Starter,Dion Lewis,NYG,RB|W/R/T
9,0.0,Make ATO Great Again,Non-Starter,Eric Ebron,Pit,TE|W/R/T
9,14.1,Make ATO Great Again,Non-Starter,Brandin Cooks,NO,WR|W/R/T
9,21.36,Make ATO Great Again,Non-Starter,Ben Roethlisberger,Pit,QB
9,0.0,Make ATO Great Again,Non-Starter,Chris Polk,Hou,RB|W/R/T
9,0.0,Make ATO Great Again,Non-Starter,Isaiah Pead,Mia,RB|W/R/T
9,10.5,Make ATO Great Again,Starter,Denver Broncos,Den,DEF
10,8.98,Make ATO Great Again,Starter,Andy Dalton,Car,QB
10,17.4,Make ATO Great Again,Starter,Odell Beckham,Mia,WR|W/R/T
10,6.3,Make ATO Great Again,Starter,Julian Edelman,NE,WR|W/R/T
10,15.65,Make ATO Great Again,Starter,Todd Gurley,Atl,RB|W/R/T
10,6.55,Make ATO Great Again,Starter,Darren McFadden,Dal,RB|W/R/T
10,10.45,Make ATO Great Again,Starter,Richard Rodgers,LAC,TE|W/R/T
10,24.15,Make ATO Great Again,Starter,Brandin Cooks,NO,WR|W/R/T
10,3.8,Make ATO Great Again,Non-Starter,Eric Ebron,Pit,TE|W/R/T
10,26.96,Make ATO Great Again,Non-Starter,Ben Roethlisberger,Pit,QB
10,1.4,Make ATO Great Again,Non-Starter,Chris Polk,Hou,RB|W/R/T
10,-0.3,Make ATO Great Again,Non-Starter,Brandon Bolden,LV,RB|W/R/T
10,0.0,Make ATO Great Again,Non-Starter,Andre Johnson,Ten,WR|W/R/T
10,3.5,Make ATO Great Again,Starter,Denver Broncos,Den,DEF
11,22.0,Make ATO Great Again,Starter,Andy Dalton,Car,QB
11,1.55,Make ATO Great Again,Starter,Andre Johnson,Ten,WR|W/R/T
11,7.5,Make ATO Great Again,Starter,Doug Baldwin,Sea,WR|W/R/T
11,10.6,Make ATO Great Again,Starter,Todd Gurley,Atl,RB|W/R/T
11,15.65,Make ATO Great Again,Starter,Darren McFadden,Dal,RB|W/R/T
11,1.45,Make ATO Great Again,Starter,Richard Rodgers,LAC,TE|W/R/T
11,0.0,Make ATO Great Again,Starter,Eric Ebron,Pit,TE|W/R/T
11,0.0,Make ATO Great Again,Non-Starter,Brandin Cooks,NO,WR|W/R/T
11,0.0,Make ATO Great Again,Non-Starter,Odell Beckham,Mia,WR|W/R/T
11,0.0,Make ATO Great Again,Non-Starter,Ben Roethlisberger,Pit,QB
11,1.5,Make ATO Great Again,Non-Starter,Brandon Bolden,LV,RB|W/R/T
11,5.85,Make ATO Great Again,Non-Starter,Dontrelle Inman,Was,WR|W/R/T
11,9.5,Make ATO Great Again,Starter,Denver Broncos,Den,DEF
12,19.72,Make ATO Great Again,Starter,Andy Dalton,Car,QB
12,22.45,Make ATO Great Again,Starter,Odell Beckham,Mia,WR|W/R/T
12,4.75,Make ATO Great Again,Starter,Brandin Cooks,NO,WR|W/R/T
12,3.25,Make ATO Great Again,Starter,Todd Gurley,Atl,RB|W/R/T
12,8.6,Make ATO Great Again,Starter,Darren McFadden,Dal,RB|W/R/T
12,3.3,Make ATO Great Again,Starter,Eric Ebron,Pit,TE|W/R/T
12,18.25,Make ATO Great Again,Starter,Spencer Ware,KC,RB|W/R/T
12,4.0,Make ATO Great Again,Non-Starter,Richard Rodgers,LAC,TE|W/R/T
12,34.0,Make ATO Great Again,Non-Starter,Doug Baldwin,Sea,WR|W/R/T
12,22.04,Make ATO Great Again,Non-Starter,Ben Roethlisberger,Pit,QB
12,13.75,Make ATO Great Again,Non-Starter,Dontrelle Inman,Was,WR|W/R/T
12,1.1,Make ATO Great Again,Non-Starter,James White,NE,RB|W/R/T
12,9.5,Make ATO Great Again,Starter,Denver Broncos,Den,DEF
13,33.86,Make ATO Great Again,Starter,Ben Roethlisberger,Pit,QB
13,22.4,Make ATO Great Again,Starter,Odell Beckham,Mia,WR|W/R/T
13,17.9,Make ATO Great Again,Starter,Brandin Cooks,NO,WR|W/R/T
13,4.1,Make ATO Great Again,Starter,Todd Gurley,Atl,RB|W/R/T
13,8.15,Make ATO Great Again,Starter,Darren McFadden,Dal,RB|W/R/T
13,22.6,Make ATO Great Again,Starter,Richard Rodgers,LAC,TE|W/R/T
13,9.0,Make ATO Great Again,Starter,Spencer Ware,KC,RB|W/R/T
13,23.9,Make ATO Great Again,Non-Starter,Andy Dalton,Car,QB
13,7.4,Make ATO Great Again,Non-Starter,Eric Ebron,Pit,TE|W/R/T
13,22.65,Make ATO Great Again,Non-Starter,Doug Baldwin,Sea,WR|W/R/T
13,1.75,Make ATO Great Again,Non-Starter,Dontrelle Inman,Was,WR|W/R/T
13,20.4,Make ATO Great Again,Non-Starter,James White,NE,RB|W/R/T
13,25.5,Make ATO Great Again,Starter,Denver Broncos,Den,DEF
14,9.88,Make ATO Great Again,Starter,Ben Roethlisberger,Pit,QB
14,30.35,Make ATO Great Again,Starter,Odell Beckham,Mia,WR|W/R/T
14,3.65,Make ATO Great Again,Starter,Brandin Cooks,NO,WR|W/R/T
14,26.95,Make ATO Great Again,Starter,Todd Gurley,Atl,RB|W/R/T
14,11.1,Make ATO Great Again,Starter,Darren McFadden,Dal,RB|W/R/T
14,6.55,Make ATO Great Again,Starter,Richard Rodgers,LAC,TE|W/R/T
14,5.2,Make ATO Great Again,Starter,Spencer Ware,KC,RB|W/R/T
14,0.36,Make ATO Great Again,Non-Starter,Andy Dalton,Car,QB
14,3.45,Make ATO Great Again,Non-Starter,Eric Ebron,Pit,TE|W/R/T
14,27.7,Make ATO Great Again,Non-Starter,Doug Baldwin,Sea,WR|W/R/T
14,11.0,Make ATO Great Again,Non-Starter,James White,NE,RB|W/R/T
14,0.0,Make ATO Great Again,Non-Starter,Julian Edelman,NE,WR|W/R/T
14,12.5,Make ATO Great Again,Starter,Denver Broncos,Den,DEF
15,22.9,Make ATO Great Again,Starter,Ben Roethlisberger,Pit,QB
15,15.1,Make ATO Great Again,Starter,Odell Beckham,Mia,WR|W/R/T
15,20.9,Make ATO Great Again,Starter,Brandin Cooks,NO,WR|W/R/T
15,14.4,Make ATO Great Again,Starter,Todd Gurley,Atl,RB|W/R/T
15,15.45,Make ATO Great Again,Starter,James White,NE,RB|W/R/T
15,0.95,Make ATO Great Again,Starter,Richard Rodgers,LAC,TE|W/R/T
15,17.5,Make ATO Great Again,Starter,Doug Baldwin,Sea,WR|W/R/T
15,11.8,Make ATO Great Again,Non-Starter,Darren McFadden,Dal,RB|W/R/T
15,0.0,Make ATO Great Again,Non-Starter,Spencer Ware,KC,RB|W/R/T
15,0.0,Make ATO Great Again,Non-Starter,Andy Dalton,Car,QB
15,8.9,Make ATO Great Again,Non-Starter,Eric Ebron,Pit,TE|W/R/T
15,0.0,Make ATO Great Again,Non-Starter,Julian Edelman,NE,WR|W/R/T
15,9.5,Make ATO Great Again,Starter,Denver Broncos,Den,DEF
16,4.5,Make ATO Great Again,Starter,Ben Roethlisberger,Pit,QB
16,19.8,Make ATO Great Again,Starter,Doug Baldwin,Sea,WR|W/R/T
16,20.55,Make ATO Great Again,Starter,Brandin Cooks,NO,WR|W/R/T
16,15.25,Make ATO Great Again,Starter,Todd Gurley,Atl,RB|W/R/T
16,10.45,Make ATO Great Again,Starter,James White,NE,RB|W/R/T
16,3.55,Make ATO Great Again,Starter,Will Tye,NYJ,TE|W/R/T
16,5.85,Make ATO Great Again,Starter,Cameron Artis-Payne,Car,RB|W/R/T
16,4.85,Make ATO Great Again,Non-Starter,Markus Wheaton,Phi,WR|W/R/T
16,10.05,Make ATO Great Again,Non-Starter,Darren McFadden,Dal,RB|W/R/T
16,5.9,Make ATO Great Again,Non-Starter,Eric Ebron,Pit,TE|W/R/T
16,11.92,Make ATO Great Again,Non-Starter,Teddy Bridgewater,TB,QB
16,10.55,Make ATO Great Again,Non-Starter,Jermaine Kearse,Det,WR|W/R/T
16,9.5,Make ATO Great Again,Starter,Denver Broncos,Den,DEF
1,23.06,Semiautomatic futon,Starter,Aaron Rodgers,Pit,QB
1,11.05,Semiautomatic futon,Starter,Randall Cobb,NYJ,WR|W/R/T
1,8.9,Semiautomatic futon,Starter,Pierre Garcon,SF,WR|W/R/T
1,14.2,Semiautomatic futon,Starter,Mark Ingram II,NO,RB|W/R/T
1,9.1,Semiautomatic futon,Starter,Jonathan Stewart,NYG,RB|W/R/T
1,20.0,Semiautomatic futon,Starter,Jason Witten,LV,TE|W/R/T
1,3.65,Semiautomatic futon,Starter,Marques Colston,NO,WR|W/R/T
1,14.35,Semiautomatic futon,Non-Starter,Darren Sproles,Phi,RB|W/R/T
1,1.05,Semiautomatic futon,Non-Starter,Eddie Royal,Chi,WR|W/R/T
1,0.0,Semiautomatic futon,Non-Starter,Lorenzo Taliaferro,Bal,RB|W/R/T
1,0.0,Semiautomatic futon,Non-Starter,Montee Ball,Den,RB|W/R/T
1,2.9,Semiautomatic futon,Non-Starter,Danny Amendola,Hou,WR|W/R/T
1,24.0,Semiautomatic futon,Starter,Seattle Seahawks,Sea,DEF
2,22.26,Semiautomatic futon,Starter,Aaron Rodgers,Pit,QB
2,13.6,Semiautomatic futon,Starter,Randall Cobb,NYJ,WR|W/R/T
2,9.8,Semiautomatic futon,Starter,Pierre Garcon,SF,WR|W/R/T
2,10.55,Semiautomatic futon,Starter,Mark Ingram II,NO,RB|W/R/T
2,6.15,Semiautomatic futon,Starter,Jonathan Stewart,NYG,RB|W/R/T
2,7.35,Semiautomatic futon,Starter,Jason Witten,LV,TE|W/R/T
2,7.9,Semiautomatic futon,Starter,Marques Colston,NO,WR|W/R/T
2,2.9,Semiautomatic futon,Non-Starter,Darren Sproles,Phi,RB|W/R/T
2,5.85,Semiautomatic futon,Non-Starter,Eddie Royal,Chi,WR|W/R/T
2,11.35,Semiautomatic futon,Non-Starter,Lorenzo Taliaferro,Bal,RB|W/R/T
2,0.0,Semiautomatic futon,Non-Starter,Montee Ball,Den,RB|W/R/T
2,3.45,Semiautomatic futon,Non-Starter,Danny Amendola,Hou,WR|W/R/T
2,6.0,Semiautomatic futon,Starter,Seattle Seahawks,Sea,DEF
3,34.92,Semiautomatic futon,Starter,Aaron Rodgers,Pit,QB
3,30.05,Semiautomatic futon,Starter,Randall Cobb,NYJ,WR|W/R/T
3,7.65,Semiautomatic futon,Starter,Pierre Garcon,SF,WR|W/R/T
3,17.15,Semiautomatic futon,Starter,Mark Ingram II,NO,RB|W/R/T
3,5.2,Semiautomatic futon,Starter,Jonathan Stewart,NYG,RB|W/R/T
3,8.0,Semiautomatic futon,Starter,Jason Witten,LV,TE|W/R/T
3,5.7,Semiautomatic futon,Starter,Marques Colston,NO,WR|W/R/T
3,16.6,Semiautomatic futon,Non-Starter,Darren Sproles,Phi,RB|W/R/T
3,2.45,Semiautomatic futon,Non-Starter,Eddie Royal,Chi,WR|W/R/T
3,0.85,Semiautomatic futon,Non-Starter,Lorenzo Taliaferro,Bal,RB|W/R/T
3,0.0,Semiautomatic futon,Non-Starter,Montee Ball,Den,RB|W/R/T
3,11.15,Semiautomatic futon,Non-Starter,Danny Amendola,Hou,WR|W/R/T
3,23.0,Semiautomatic futon,Starter,Seattle Seahawks,Sea,DEF
4,16.26,Semiautomatic futon,Starter,Aaron Rodgers,Pit,QB
4,5.65,Semiautomatic futon,Starter,Randall Cobb,NYJ,WR|W/R/T
4,13.25,Semiautomatic futon,Starter,Pierre Garcon,SF,WR|W/R/T
4,14.3,Semiautomatic futon,Starter,Mark Ingram II,NO,RB|W/R/T
4,5.0,Semiautomatic futon,Starter,Jonathan Stewart,NYG,RB|W/R/T
4,6.7,Semiautomatic futon,Starter,Jason Witten,LV,TE|W/R/T
4,2.9,Semiautomatic futon,Starter,Marques Colston,NO,WR|W/R/T
4,1.7,Semiautomatic futon,Non-Starter,Darren Sproles,Phi,RB|W/R/T
4,13.15,Semiautomatic futon,Non-Starter,Eddie Royal,Chi,WR|W/R/T
4,2.65,Semiautomatic futon,Non-Starter,Lorenzo Taliaferro,Bal,RB|W/R/T
4,0.0,Semiautomatic futon,Non-Starter,Montee Ball,Den,RB|W/R/T
4,0.0,Semiautomatic futon,Non-Starter,Danny Amendola,Hou,WR|W/R/T
4,11.5,Semiautomatic futon,Starter,Seattle Seahawks,Sea,DEF
5,15.54,Semiautomatic futon,Starter,Aaron Rodgers,Pit,QB
5,3.05,Semiautomatic futon,Starter,Randall Cobb,NYJ,WR|W/R/T
5,5.85,Semiautomatic futon,Starter,Pierre Garcon,SF,WR|W/R/T
5,7.9,Semiautomatic futon,Starter,Mark Ingram II,NO,RB|W/R/T
5,3.95,Semiautomatic futon,Starter,Darren Sproles,Phi,RB|W/R/T
5,2.55,Semiautomatic futon,Starter,Jason Witten,LV,TE|W/R/T
5,4.35,Semiautomatic futon,Starter,Marques Colston,NO,WR|W/R/T
5,0.0,Semiautomatic futon,Non-Starter,Jonathan Stewart,NYG,RB|W/R/T
5,0.0,Semiautomatic futon,Non-Starter,Eddie Royal,Chi,WR|W/R/T
5,0.0,Semiautomatic futon,Non-Starter,Lorenzo Taliaferro,Bal,RB|W/R/T
5,0.0,Semiautomatic futon,Non-Starter,Montee Ball,Den,RB|W/R/T
5,1.1,Semiautomatic futon,Non-Starter,Danny Amendola,Hou,WR|W/R/T
5,18.0,Semiautomatic futon,Starter,Seattle Seahawks,Sea,DEF
6,19.6,Semiautomatic futon,Starter,Aaron Rodgers,Pit,QB
6,4.3,Semiautomatic futon,Starter,Randall Cobb,NYJ,WR|W/R/T
6,10.05,Semiautomatic futon,Starter,Pierre Garcon,SF,WR|W/R/T
6,18.35,Semiautomatic futon,Starter,Mark Ingram II,NO,RB|W/R/T
6,20.85,Semiautomatic futon,Starter,Jonathan Stewart,NYG,RB|W/R/T
6,8.45,Semiautomatic futon,Starter,Charles Clay,Ari,TE|W/R/T
6,0.0,Semiautomatic futon,Starter,Marques Colston,NO,WR|W/R/T
6,0.95,Semiautomatic futon,Non-Starter,Darren Sproles,Phi,RB|W/R/T
6,0.0,Semiautomatic futon,Non-Starter,Jason Witten,LV,TE|W/R/T
6,6.15,Semiautomatic futon,Non-Starter,Eddie Royal,Chi,WR|W/R/T
6,0.0,Semiautomatic futon,Non-Starter,Montee Ball,Den,RB|W/R/T
6,12.25,Semiautomatic futon,Non-Starter,Danny Amendola,Hou,WR|W/R/T
6,12.0,Semiautomatic futon,Starter,Seattle Seahawks,Sea,DEF
7,18.74,Semiautomatic futon,Starter,Teddy Bridgewater,TB,QB
7,6.75,Semiautomatic futon,Starter,Pierre Garcon,SF,WR|W/R/T
7,0.95,Semiautomatic futon,Starter,Malcom Floyd,LAC,WR|W/R/T
7,21.3,Semiautomatic futon,Starter,Mark Ingram II,NO,RB|W/R/T
7,12.5,Semiautomatic futon,Starter,Jonathan Stewart,NYG,RB|W/R/T
7,8.8,Semiautomatic futon,Starter,Jason Witten,LV,TE|W/R/T
7,16.6,Semiautomatic futon,Starter,Danny Amendola,Hou,WR|W/R/T
7,3.35,Semiautomatic futon,Non-Starter,Charles Clay,Ari,TE|W/R/T
7,0.0,Semiautomatic futon,Non-Starter,Randall Cobb,NYJ,WR|W/R/T
7,0.0,Semiautomatic futon,Non-Starter,Aaron Rodgers,Pit,QB
7,5.25,Semiautomatic futon,Non-Starter,Darren Sproles,Phi,RB|W/R/T
7,0.0,Semiautomatic futon,Non-Starter,Eddie Royal,Chi,WR|W/R/T
7,19.5,Semiautomatic futon,Starter,Seattle Seahawks,Sea,DEF
8,6.18,Semiautomatic futon,Starter,Aaron Rodgers,Pit,QB
8,22.2,Semiautomatic futon,Starter,Malcom Floyd,LAC,WR|W/R/T
8,5.2,Semiautomatic futon,Starter,Randall Cobb,NYJ,WR|W/R/T
8,12.9,Semiautomatic futon,Starter,Mark Ingram II,NO,RB|W/R/T
8,12.55,Semiautomatic futon,Starter,Jonathan Stewart,NYG,RB|W/R/T
8,2.1,Semiautomatic futon,Starter,Jason Witten,LV,TE|W/R/T
8,0.85,Semiautomatic futon,Starter,Eddie Royal,Chi,WR|W/R/T
8,1.35,Semiautomatic futon,Non-Starter,Danny Amendola,Hou,WR|W/R/T
8,11.58,Semiautomatic futon,Non-Starter,Teddy Bridgewater,TB,QB
8,0.0,Semiautomatic futon,Non-Starter,Pierre Garcon,SF,WR|W/R/T
8,0.0,Semiautomatic futon,Non-Starter,Charles Clay,Ari,TE|W/R/T
8,0.0,Semiautomatic futon,Non-Starter,Darren Sproles,Phi,RB|W/R/T
8,9.0,Semiautomatic futon,Starter,Seattle Seahawks,Sea,DEF
9,32.96,Semiautomatic futon,Starter,Aaron Rodgers,Pit,QB
9,0.0,Semiautomatic futon,Starter,Malcom Floyd,LAC,WR|W/R/T
9,16.9,Semiautomatic futon,Starter,Randall Cobb,NYJ,WR|W/R/T
9,10.6,Semiautomatic futon,Starter,Mark Ingram II,NO,RB|W/R/T
9,7.05,Semiautomatic futon,Starter,Jonathan Stewart,NYG,RB|W/R/T
9,5.8,Semiautomatic futon,Starter,Jason Witten,LV,TE|W/R/T
9,8.0,Semiautomatic futon,Starter,Pierre Garcon,SF,WR|W/R/T
9,0.0,Semiautomatic futon,Non-Starter,Eddie Royal,Chi,WR|W/R/T
9,4.2,Semiautomatic futon,Non-Starter,Danny Amendola,Hou,WR|W/R/T
9,0.85,Semiautomatic futon,Non-Starter,Charles Clay,Ari,TE|W/R/T
9,3.1,Semiautomatic futon,Non-Starter,Darren Sproles,Phi,RB|W/R/T
9,15.5,Semiautomatic futon,Starter,Philadelphia Eagles,Phi,DEF
9,0.0,Semiautomatic futon,Non-Starter,Seattle Seahawks,Sea,DEF
10,22.12,Semiautomatic futon,Starter,Aaron Rodgers,Pit,QB
10,6.25,Semiautomatic futon,Starter,Randall Cobb,NYJ,WR|W/R/T
10,1.5,Semiautomatic futon,Starter,Pierre Garcon,SF,WR|W/R/T
10,10.55,Semiautomatic futon,Starter,Mark Ingram II,NO,RB|W/R/T
10,15.1,Semiautomatic futon,Starter,Jonathan Stewart,NYG,RB|W/R/T
10,5.45,Semiautomatic futon,Starter,Jason Witten,LV,TE|W/R/T
10,4.65,Semiautomatic futon,Starter,Darren Sproles,Phi,RB|W/R/T
10,0.0,Semiautomatic futon,Non-Starter,Malcom Floyd,LAC,WR|W/R/T
10,0.0,Semiautomatic futon,Non-Starter,Eddie Royal,Chi,WR|W/R/T
10,10.4,Semiautomatic futon,Non-Starter,Danny Amendola,Hou,WR|W/R/T
10,6.45,Semiautomatic futon,Non-Starter,Charles Clay,Ari,TE|W/R/T
10,11.5,Semiautomatic futon,Starter,Philadelphia Eagles,Phi,DEF
10,13.5,Semiautomatic futon,Non-Starter,Seattle Seahawks,Sea,DEF
11,19.08,Semiautomatic futon,Starter,Aaron Rodgers,Pit,QB
11,8.9,Semiautomatic futon,Starter,Randall Cobb,NYJ,WR|W/R/T
11,13.95,Semiautomatic futon,Starter,Danny Amendola,Hou,WR|W/R/T
11,17.65,Semiautomatic futon,Starter,Jonathan Stewart,NYG,RB|W/R/T
11,12.65,Semiautomatic futon,Starter,Darren Sproles,Phi,RB|W/R/T
11,3.2,Semiautomatic futon,Starter,Jason Witten,LV,TE|W/R/T
11,5.05,Semiautomatic futon,Starter,Pierre Garcon,SF,WR|W/R/T
11,0.0,Semiautomatic futon,Non-Starter,Malcom Floyd,LAC,WR|W/R/T
11,0.0,Semiautomatic futon,Non-Starter,Mark Ingram II,NO,RB|W/R/T
11,0.0,Semiautomatic futon,Non-Starter,Eddie Royal,Chi,WR|W/R/T
11,11.35,Semiautomatic futon,Non-Starter,Crockett Gillmore,Bal,TE|W/R/T
11,10.0,Semiautomatic futon,Starter,Seattle Seahawks,Sea,DEF
11,3.0,Semiautomatic futon,Non-Starter,Philadelphia Eagles,Phi,DEF
12,13.38,Semiautomatic futon,Starter,Aaron Rodgers,Pit,QB
12,8.9,Semiautomatic futon,Starter,Randall Cobb,NYJ,WR|W/R/T
12,1.45,Semiautomatic futon,Starter,Malcom Floyd,LAC,WR|W/R/T
12,8.45,Semiautomatic futon,Starter,Jonathan Stewart,NYG,RB|W/R/T
12,3.5,Semiautomatic futon,Starter,Darren Sproles,Phi,RB|W/R/T
12,4.6,Semiautomatic futon,Starter,Jason Witten,LV,TE|W/R/T
12,11.2,Semiautomatic futon,Starter,Mark Ingram II,NO,RB|W/R/T
12,0.0,Semiautomatic futon,Non-Starter,Danny Amendola,Hou,WR|W/R/T
12,4.25,Semiautomatic futon,Non-Starter,Pierre Garcon,SF,WR|W/R/T
12,0.0,Semiautomatic futon,Non-Starter,Eddie Royal,Chi,WR|W/R/T
12,2.75,Semiautomatic futon,Non-Starter,Crockett Gillmore,Bal,TE|W/R/T
12,11.0,Semiautomatic futon,Starter,Seattle Seahawks,Sea,DEF
12,3.0,Semiautomatic futon,Non-Starter,Philadelphia Eagles,Phi,DEF
13,25.62,Semiautomatic futon,Starter,Aaron Rodgers,Pit,QB
13,9.8,Semiautomatic futon,Starter,Randall Cobb,NYJ,WR|W/R/T
13,15.39,Semiautomatic futon,Starter,Danny Amendola,Hou,WR|W/R/T
13,16.05,Semiautomatic futon,Starter,Jonathan Stewart,NYG,RB|W/R/T
13,17.0,Semiautomatic futon,Starter,Darren Sproles,Phi,RB|W/R/T
13,5.85,Semiautomatic futon,Starter,Jason Witten,LV,TE|W/R/T
13,16.9,Semiautomatic futon,Starter,Mark Ingram II,NO,RB|W/R/T
13,-0.25,Semiautomatic futon,Non-Starter,Malcom Floyd,LAC,WR|W/R/T
13,6.65,Semiautomatic futon,Non-Starter,Pierre Garcon,SF,WR|W/R/T
13,0.0,Semiautomatic futon,Non-Starter,Eddie Royal,Chi,WR|W/R/T
13,0.95,Semiautomatic futon,Non-Starter,Crockett Gillmore,Bal,TE|W/R/T
13,16.5,Semiautomatic futon,Starter,Seattle Seahawks,Sea,DEF
13,32.5,Semiautomatic futon,Non-Starter,Philadelphia Eagles,Phi,DEF
14,19.42,Semiautomatic futon,Starter,Aaron Rodgers,Pit,QB
14,11.0,Semiautomatic futon,Starter,Randall Cobb,NYJ,WR|W/R/T
14,6.1,Semiautomatic futon,Starter,Danny Amendola,Hou,WR|W/R/T
14,15.15,Semiautomatic futon,Starter,Jonathan Stewart,NYG,RB|W/R/T
14,11.0,Semiautomatic futon,Starter,Darren Sproles,Phi,RB|W/R/T
14,5.25,Semiautomatic futon,Starter,Jason Witten,LV,TE|W/R/T
14,0.0,Semiautomatic futon,Starter,Mark Ingram II,NO,RB|W/R/T
14,6.35,Semiautomatic futon,Non-Starter,Malcom Floyd,LAC,WR|W/R/T
14,6.45,Semiautomatic futon,Non-Starter,Pierre Garcon,SF,WR|W/R/T
14,1.75,Semiautomatic futon,Non-Starter,Eddie Royal,Chi,WR|W/R/T
14,0.0,Semiautomatic futon,Non-Starter,Crockett Gillmore,Bal,TE|W/R/T
14,13.5,Semiautomatic futon,Starter,Seattle Seahawks,Sea,DEF
14,8.0,Semiautomatic futon,Non-Starter,Philadelphia Eagles,Phi,DEF
15,10.06,Semiautomatic futon,Starter,Aaron Rodgers,Pit,QB
15,7.05,Semiautomatic futon,Starter,Randall Cobb,NYJ,WR|W/R/T
15,-1.45,Semiautomatic futon,Starter,Danny Amendola,Hou,WR|W/R/T
15,0.0,Semiautomatic futon,Starter,Jonathan Stewart,NYG,RB|W/R/T
15,3.25,Semiautomatic futon,Starter,Darren Sproles,Phi,RB|W/R/T
15,6.15,Semiautomatic futon,Starter,Jason Witten,LV,TE|W/R/T
15,2.95,Semiautomatic futon,Non-Starter,Malcom Floyd,LAC,WR|W/R/T
15,10.15,Semiautomatic futon,Non-Starter,Pierre Garcon,SF,WR|W/R/T
15,4.35,Semiautomatic futon,Non-Starter,Eddie Royal,Chi,WR|W/R/T
15,0.0,Semiautomatic futon,Non-Starter,Crockett Gillmore,Bal,TE|W/R/T
15,12.0,Semiautomatic futon,Starter,Seattle Seahawks,Sea,DEF
15,3.5,Semiautomatic futon,Non-Starter,Philadelphia Eagles,Phi,DEF
16,7.94,Semiautomatic futon,Starter,Aaron Rodgers,Pit,QB
16,2.45,Semiautomatic futon,Starter,Randall Cobb,NYJ,WR|W/R/T
16,0.0,Semiautomatic futon,Starter,Danny Amendola,Hou,WR|W/R/T
16,0.0,Semiautomatic futon,Starter,Jonathan Stewart,NYG,RB|W/R/T
16,8.25,Semiautomatic futon,Starter,Darren Sproles,Phi,RB|W/R/T
16,1.45,Semiautomatic futon,Starter,Jason Witten,LV,TE|W/R/T
16,4.95,Semiautomatic futon,Non-Starter,Malcom Floyd,LAC,WR|W/R/T
16,15.75,Semiautomatic futon,Non-Starter,Pierre Garcon,SF,WR|W/R/T
16,3.35,Semiautomatic futon,Non-Starter,Eddie Royal,Chi,WR|W/R/T
16,0.0,Semiautomatic futon,Non-Starter,Crockett Gillmore,Bal,TE|W/R/T
16,3.5,Semiautomatic futon,Starter,Seattle Seahawks,Sea,DEF
16,6.5,Semiautomatic futon,Non-Starter,Philadelphia Eagles,Phi,DEF
