1,28.96,LateFantasyFootball,Starter,Philip Rivers,Ind,QB
1,1.35,LateFantasyFootball,Starter,Chris Hogan,NO,WR|W/R/T
1,0.0,LateFantasyFootball,Starter,Will Fuller V,Mia,WR|W/R/T
1,9.0,LateFantasyFootball,Starter,Christian McCaffrey,SF,RB|W/R/T
1,6.65,LateFantasyFootball,Starter,Chris Carson,Sea,RB|W/R/T
1,18.05,LateFantasyFootball,Starter,Rob Gronkowski,TB,TE|W/R/T
1,6.75,LateFantasyFootball,Starter,Bilal Powell,NYJ,RB|W/R/T
1,1.75,LateFantasyFootball,Non-Starter,Trey Burton,Ind,TE|W/R/T
1,22.45,LateFantasyFootball,Non-Starter,Randall Cobb,NYJ,WR|W/R/T
1,7.3,LateFantasyFootball,Non-Starter,Tyrell Williams,Det,WR|W/R/T
1,11.5,LateFantasyFootball,Starter,New England Patriots,NE,DEF
2,22.74,LateFantasyFootball,Starter,Philip Rivers,Ind,QB
2,5.4,LateFantasyFootball,Starter,Brandon Marshall,Sea,WR|W/R/T
2,19.3,LateFantasyFootball,Starter,Will Fuller V,Mia,WR|W/R/T
2,17.4,LateFantasyFootball,Starter,Christian McCaffrey,SF,RB|W/R/T
2,2.4,LateFantasyFootball,Starter,Chris Carson,Sea,RB|W/R/T
2,2.0,LateFantasyFootball,Starter,Rob Gronkowski,TB,TE|W/R/T
2,15.25,LateFantasyFootball,Starter,Bilal Powell,NYJ,RB|W/R/T
2,16.95,LateFantasyFootball,Non-Starter,Chris Hogan,NO,WR|W/R/T
2,4.0,LateFantasyFootball,Non-Starter,Randall Cobb,NYJ,WR|W/R/T
2,9.2,LateFantasyFootball,Non-Starter,Trey Burton,Ind,TE|W/R/T
2,5.0,LateFantasyFootball,Starter,New England Patriots,NE,DEF
3,22.34,LateFantasyFootball,Starter,Jimmy Garoppolo,LAR,QB
3,17.35,LateFantasyFootball,Starter,Will Fuller V,Mia,WR|W/R/T
3,3.85,LateFantasyFootball,Starter,Chris Hogan,NO,WR|W/R/T
3,19.9,LateFantasyFootball,Starter,Christian McCaffrey,SF,RB|W/R/T
3,18.9,LateFantasyFootball,Starter,Chris Carson,Sea,RB|W/R/T
3,6.1,LateFantasyFootball,Starter,Rob Gronkowski,TB,TE|W/R/T
3,7.3,LateFantasyFootball,Starter,Bilal Powell,NYJ,RB|W/R/T
3,17.04,LateFantasyFootball,Non-Starter,Philip Rivers,Ind,QB
3,1.2,LateFantasyFootball,Non-Starter,Randall Cobb,NYJ,WR|W/R/T
3,6.5,LateFantasyFootball,Non-Starter,Trey Burton,Ind,TE|W/R/T
3,5.5,LateFantasyFootball,Starter,New England Patriots,NE,DEF
4,19.7,LateFantasyFootball,Starter,Philip Rivers,Ind,QB
4,11.9,LateFantasyFootball,Starter,Will Fuller V,Mia,WR|W/R/T
4,2.75,LateFantasyFootball,Starter,Chris Hogan,NO,WR|W/R/T
4,0.0,LateFantasyFootball,Starter,Chris Carson,Sea,RB|W/R/T
4,6.2,LateFantasyFootball,Starter,Bilal Powell,NYJ,RB|W/R/T
4,5.4,LateFantasyFootball,Starter,Rob Gronkowski,TB,TE|W/R/T
4,18.5,LateFantasyFootball,Starter,Calvin Ridley,Ten,WR|W/R/T
4,0.0,LateFantasyFootball,Non-Starter,Randall Cobb,NYJ,WR|W/R/T
4,15.1,LateFantasyFootball,Non-Starter,Trey Burton,Ind,TE|W/R/T
4,0.0,LateFantasyFootball,Non-Starter,Christian McCaffrey,SF,RB|W/R/T
4,10.0,LateFantasyFootball,Starter,Seattle Seahawks,Sea,DEF
5,21.36,LateFantasyFootball,Starter,Philip Rivers,Ind,QB
5,2.0,LateFantasyFootball,Starter,Will Fuller V,Mia,WR|W/R/T
5,4.8,LateFantasyFootball,Starter,Calvin Ridley,Ten,WR|W/R/T
5,16.55,LateFantasyFootball,Starter,Christian McCaffrey,SF,RB|W/R/T
5,7.9,LateFantasyFootball,Starter,Bilal Powell,NYJ,RB|W/R/T
5,9.0,LateFantasyFootball,Starter,Rob Gronkowski,TB,TE|W/R/T
5,12.95,LateFantasyFootball,Starter,Chris Carson,Sea,RB|W/R/T
5,4.15,LateFantasyFootball,Non-Starter,Chris Hogan,NO,WR|W/R/T
5,0.0,LateFantasyFootball,Non-Starter,Trey Burton,Ind,TE|W/R/T
5,6.5,LateFantasyFootball,Non-Starter,Jamison Crowder,Was,WR|W/R/T
5,15.0,LateFantasyFootball,Starter,Carolina Panthers,Car,DEF
6,14.28,LateFantasyFootball,Starter,Philip Rivers,Ind,QB
6,3.8,LateFantasyFootball,Starter,Will Fuller V,Mia,WR|W/R/T
6,5.45,LateFantasyFootball,Starter,Calvin Ridley,Ten,WR|W/R/T
6,8.35,LateFantasyFootball,Starter,Christian McCaffrey,SF,RB|W/R/T
6,5.9,LateFantasyFootball,Starter,Chris Carson,Sea,RB|W/R/T
6,10.45,LateFantasyFootball,Starter,Rob Gronkowski,TB,TE|W/R/T
6,5.9,LateFantasyFootball,Starter,Bilal Powell,NYJ,RB|W/R/T
6,8.8,LateFantasyFootball,Non-Starter,Chris Hogan,NO,WR|W/R/T
6,9.3,LateFantasyFootball,Non-Starter,Trey Burton,Ind,TE|W/R/T
6,9.2,LateFantasyFootball,Non-Starter,Christian Kirk,Hou,WR|W/R/T
6,17.5,LateFantasyFootball,Starter,Minnesota Vikings,Min,DEF
7,20.14,LateFantasyFootball,Starter,Philip Rivers,Ind,QB
7,6.45,LateFantasyFootball,Starter,Christian Kirk,Hou,WR|W/R/T
7,7.8,LateFantasyFootball,Starter,Chris Hogan,NO,WR|W/R/T
7,9.5,LateFantasyFootball,Starter,Christian McCaffrey,SF,RB|W/R/T
7,2.75,LateFantasyFootball,Starter,Bilal Powell,NYJ,RB|W/R/T
7,20.85,LateFantasyFootball,Starter,Trey Burton,Ind,TE|W/R/T
7,8.3,LateFantasyFootball,Starter,Will Fuller V,Mia,WR|W/R/T
7,0.0,LateFantasyFootball,Non-Starter,Rob Gronkowski,TB,TE|W/R/T
7,5.55,LateFantasyFootball,Non-Starter,Calvin Ridley,Ten,WR|W/R/T
7,0.0,LateFantasyFootball,Non-Starter,Chris Carson,Sea,RB|W/R/T
7,17.0,LateFantasyFootball,Starter,Minnesota Vikings,Min,DEF
8,27.76,LateFantasyFootball,Starter,Derek Carr,NO,QB
8,10.95,LateFantasyFootball,Starter,Christian Kirk,Hou,WR|W/R/T
8,19.65,LateFantasyFootball,Starter,Will Fuller V,Mia,WR|W/R/T
8,18.6,LateFantasyFootball,Starter,Christian McCaffrey,SF,RB|W/R/T
8,18.9,LateFantasyFootball,Starter,Chris Carson,Sea,RB|W/R/T
8,2.55,LateFantasyFootball,Starter,Trey Burton,Ind,TE|W/R/T
8,5.05,LateFantasyFootball,Starter,Rob Gronkowski,TB,TE|W/R/T
8,5.4,LateFantasyFootball,Non-Starter,Chris Hogan,NO,WR|W/R/T
8,0.0,LateFantasyFootball,Non-Starter,Philip Rivers,Ind,QB
8,0.0,LateFantasyFootball,Non-Starter,Calvin Ridley,Ten,WR|W/R/T
8,8.0,LateFantasyFootball,Starter,Cleveland Browns,Cle,DEF
9,7.34,LateFantasyFootball,Starter,Derek Carr,NO,QB
9,15.2,LateFantasyFootball,Starter,Calvin Ridley,Ten,WR|W/R/T
9,1.05,LateFantasyFootball,Starter,DeVante Parker,NE,WR|W/R/T
9,28.95,LateFantasyFootball,Starter,Christian McCaffrey,SF,RB|W/R/T
9,4.0,LateFantasyFootball,Starter,Chris Carson,Sea,RB|W/R/T
9,9.3,LateFantasyFootball,Starter,Trey Burton,Ind,TE|W/R/T
9,0.0,LateFantasyFootball,Starter,Chris Hogan,NO,WR|W/R/T
9,0.0,LateFantasyFootball,Non-Starter,Rob Gronkowski,TB,TE|W/R/T
9,17.12,LateFantasyFootball,Non-Starter,Philip Rivers,Ind,QB
9,0.0,LateFantasyFootball,Non-Starter,Christian Kirk,Hou,WR|W/R/T
9,18.0,LateFantasyFootball,Starter,Los Angeles Chargers,LAC,DEF
10,15.02,LateFantasyFootball,Starter,Philip Rivers,Ind,QB
10,4.75,LateFantasyFootball,Starter,Calvin Ridley,Ten,WR|W/R/T
10,1.3,LateFantasyFootball,Starter,Christian Kirk,Hou,WR|W/R/T
10,33.05,LateFantasyFootball,Starter,Christian McCaffrey,SF,RB|W/R/T
10,4.1,LateFantasyFootball,Starter,Giovani Bernard,TB,RB|W/R/T
10,7.0,LateFantasyFootball,Starter,Trey Burton,Ind,TE|W/R/T
10,10.7,LateFantasyFootball,Starter,Frank Gore,NYJ,RB|W/R/T
10,0.0,LateFantasyFootball,Non-Starter,Chris Carson,Sea,RB|W/R/T
10,0.0,LateFantasyFootball,Non-Starter,Rob Gronkowski,TB,TE|W/R/T
10,0.0,LateFantasyFootball,Non-Starter,Chris Hogan,NO,WR|W/R/T
10,15.5,LateFantasyFootball,Starter,Los Angeles Chargers,LAC,DEF
11,19.64,LateFantasyFootball,Starter,Philip Rivers,Ind,QB
11,4.45,LateFantasyFootball,Starter,Calvin Ridley,Ten,WR|W/R/T
11,14.45,LateFantasyFootball,Starter,Christian Kirk,Hou,WR|W/R/T
11,12.5,LateFantasyFootball,Starter,Christian McCaffrey,SF,RB|W/R/T
11,12.3,LateFantasyFootball,Starter,Chris Carson,Sea,RB|W/R/T
11,1.15,LateFantasyFootball,Starter,Trey Burton,Ind,TE|W/R/T
11,3.5,LateFantasyFootball,Starter,Giovani Bernard,TB,RB|W/R/T
11,0.0,LateFantasyFootball,Non-Starter,Frank Gore,NYJ,RB|W/R/T
11,0.0,LateFantasyFootball,Non-Starter,Rob Gronkowski,TB,TE|W/R/T
11,0.0,LateFantasyFootball,Non-Starter,Chris Hogan,NO,WR|W/R/T
11,1.0,LateFantasyFootball,Starter,Los Angeles Chargers,LAC,DEF
12,20.66,LateFantasyFootball,Starter,Philip Rivers,Ind,QB
12,15.3,LateFantasyFootball,Starter,Calvin Ridley,Ten,WR|W/R/T
12,5.1,LateFantasyFootball,Starter,Christian Kirk,Hou,WR|W/R/T
12,38.45,LateFantasyFootball,Starter,Christian McCaffrey,SF,RB|W/R/T
12,12.8,LateFantasyFootball,Starter,Chris Carson,Sea,RB|W/R/T
12,12.35,LateFantasyFootball,Starter,Rob Gronkowski,TB,TE|W/R/T
12,2.45,LateFantasyFootball,Starter,Giovani Bernard,TB,RB|W/R/T
12,0.0,LateFantasyFootball,Non-Starter,Tre'Quan Smith,Det,WR|W/R/T
12,7.95,LateFantasyFootball,Non-Starter,Frank Gore,NYJ,RB|W/R/T
12,1.8,LateFantasyFootball,Non-Starter,Trey Burton,Ind,TE|W/R/T
12,11.5,LateFantasyFootball,Starter,Los Angeles Chargers,LAC,DEF
13,23.96,LateFantasyFootball,Starter,Philip Rivers,Ind,QB
13,8.45,LateFantasyFootball,Starter,Christian Kirk,Hou,WR|W/R/T
13,0.0,LateFantasyFootball,Starter,Tre'Quan Smith,Det,WR|W/R/T
13,24.35,LateFantasyFootball,Starter,Christian McCaffrey,SF,RB|W/R/T
13,11.55,LateFantasyFootball,Starter,Chris Carson,Sea,RB|W/R/T
13,3.35,LateFantasyFootball,Starter,Rob Gronkowski,TB,TE|W/R/T
13,2.95,LateFantasyFootball,Starter,Calvin Ridley,Ten,WR|W/R/T
13,6.1,LateFantasyFootball,Non-Starter,Giovani Bernard,TB,RB|W/R/T
13,3.35,LateFantasyFootball,Non-Starter,Frank Gore,NYJ,RB|W/R/T
13,0.0,LateFantasyFootball,Non-Starter,Trey Burton,Ind,TE|W/R/T
13,9.5,LateFantasyFootball,Starter,Los Angeles Chargers,LAC,DEF
14,13.5,LateFantasyFootball,Starter,Philip Rivers,Ind,QB
14,0.0,LateFantasyFootball,Starter,Tre'Quan Smith,Det,WR|W/R/T
14,1.25,LateFantasyFootball,Starter,Calvin Ridley,Ten,WR|W/R/T
14,23.6,LateFantasyFootball,Starter,Christian McCaffrey,SF,RB|W/R/T
14,15.0,LateFantasyFootball,Starter,Chris Carson,Sea,RB|W/R/T
14,18.7,LateFantasyFootball,Starter,Rob Gronkowski,TB,TE|W/R/T
14,0.45,LateFantasyFootball,Starter,Ty Montgomery II,NE,RB|W/R/T
14,11.85,LateFantasyFootball,Non-Starter,Frank Gore,NYJ,RB|W/R/T
14,2.7,LateFantasyFootball,Non-Starter,Trey Burton,Ind,TE|W/R/T
14,11.65,LateFantasyFootball,Non-Starter,Dante Pettis,NO,WR|W/R/T
14,6.0,LateFantasyFootball,Starter,Los Angeles Chargers,LAC,DEF
15,18.52,LateFantasyFootball,Starter,Philip Rivers,Ind,QB
15,9.55,LateFantasyFootball,Starter,Dante Pettis,NO,WR|W/R/T
15,8.25,LateFantasyFootball,Starter,Josh Reynolds,NYJ,WR|W/R/T
15,20.0,LateFantasyFootball,Starter,Christian McCaffrey,SF,RB|W/R/T
15,22.3,LateFantasyFootball,Starter,Chris Carson,Sea,RB|W/R/T
15,2.6,LateFantasyFootball,Starter,Rob Gronkowski,TB,TE|W/R/T
15,2.4,LateFantasyFootball,Starter,Chris Conley,SF,WR|W/R/T
15,5.45,LateFantasyFootball,Non-Starter,Calvin Ridley,Ten,WR|W/R/T
15,1.4,LateFantasyFootball,Non-Starter,Frank Gore,NYJ,RB|W/R/T
15,10.6,LateFantasyFootball,Non-Starter,Trey Burton,Ind,TE|W/R/T
15,4.0,LateFantasyFootball,Starter,Detroit Lions,Det,DEF
16,3.34,LateFantasyFootball,Starter,Philip Rivers,Ind,QB
16,2.85,LateFantasyFootball,Starter,Dante Pettis,NO,WR|W/R/T
16,4.9,LateFantasyFootball,Starter,Josh Reynolds,NYJ,WR|W/R/T
16,20.8,LateFantasyFootball,Starter,Christian McCaffrey,SF,RB|W/R/T
16,23.6,LateFantasyFootball,Starter,Chris Carson,Sea,RB|W/R/T
16,0.0,LateFantasyFootball,Starter,Rob Gronkowski,TB,TE|W/R/T
16,1.35,LateFantasyFootball,Starter,Mike Williams,Pit,WR|W/R/T
16,15.75,LateFantasyFootball,Non-Starter,Calvin Ridley,Ten,WR|W/R/T
16,4.15,LateFantasyFootball,Non-Starter,Chris Conley,SF,WR|W/R/T
16,4.25,LateFantasyFootball,Non-Starter,Trey Burton,Ind,TE|W/R/T
16,0.5,LateFantasyFootball,Starter,Green Bay Packers,GB,DEF
1,8.84,AirBudGoldenReceiver,Starter,Matt Ryan,Ind,QB
1,17.55,AirBudGoldenReceiver,Starter,Antonio Brown,TB,WR|W/R/T
1,4.85,AirBudGoldenReceiver,Starter,Devin Funchess,Det,WR|W/R/T
1,6.15,AirBudGoldenReceiver,Starter,Alex Collins,Sea,RB|W/R/T
1,7.35,AirBudGoldenReceiver,Starter,Kenyan Drake,Bal,RB|W/R/T
1,3.8,AirBudGoldenReceiver,Starter,Greg Olsen,Sea,TE|W/R/T
1,20.3,AirBudGoldenReceiver,Starter,Chris Thompson,SF,RB|W/R/T
1,2.8,AirBudGoldenReceiver,Non-Starter,Mohamed Sanu,SF,WR|W/R/T
1,0.0,AirBudGoldenReceiver,Non-Starter,Charles Clay,Ari,TE|W/R/T
1,4.22,AirBudGoldenReceiver,Non-Starter,Derek Carr,NO,QB
1,15.0,AirBudGoldenReceiver,Starter,Washington Commanders,Was,DEF
2,30.68,AirBudGoldenReceiver,Starter,Matt Ryan,Ind,QB
2,8.95,AirBudGoldenReceiver,Starter,Antonio Brown,TB,WR|W/R/T
2,9.45,AirBudGoldenReceiver,Starter,Devin Funchess,Det,WR|W/R/T
2,9.75,AirBudGoldenReceiver,Starter,Alex Collins,Sea,RB|W/R/T
2,14.0,AirBudGoldenReceiver,Starter,Kenyan Drake,Bal,RB|W/R/T
2,3.4,AirBudGoldenReceiver,Starter,Charles Clay,Ari,TE|W/R/T
2,12.55,AirBudGoldenReceiver,Starter,Chris Thompson,SF,RB|W/R/T
2,0.0,AirBudGoldenReceiver,Non-Starter,Greg Olsen,Sea,TE|W/R/T
2,2.0,AirBudGoldenReceiver,Non-Starter,Mohamed Sanu,SF,WR|W/R/T
2,15.52,AirBudGoldenReceiver,Non-Starter,Derek Carr,NO,QB
2,8.5,AirBudGoldenReceiver,Starter,Washington Commanders,Was,DEF
3,40.16,AirBudGoldenReceiver,Starter,Matt Ryan,Ind,QB
3,12.5,AirBudGoldenReceiver,Starter,Antonio Brown,TB,WR|W/R/T
3,13.7,AirBudGoldenReceiver,Starter,Devin Funchess,Det,WR|W/R/T
3,14.15,AirBudGoldenReceiver,Starter,Alex Collins,Sea,RB|W/R/T
3,1.5,AirBudGoldenReceiver,Starter,Kenyan Drake,Bal,RB|W/R/T
3,2.3,AirBudGoldenReceiver,Starter,Charles Clay,Ari,TE|W/R/T
3,1.95,AirBudGoldenReceiver,Starter,Chris Thompson,SF,RB|W/R/T
3,0.0,AirBudGoldenReceiver,Non-Starter,Greg Olsen,Sea,TE|W/R/T
3,12.6,AirBudGoldenReceiver,Non-Starter,Mohamed Sanu,SF,WR|W/R/T
3,13.6,AirBudGoldenReceiver,Non-Starter,Derek Carr,NO,QB
3,9.5,AirBudGoldenReceiver,Starter,Washington Commanders,Was,DEF
4,29.26,AirBudGoldenReceiver,Starter,Matt Ryan,Ind,QB
4,13.45,AirBudGoldenReceiver,Starter,Antonio Brown,TB,WR|W/R/T
4,12.6,AirBudGoldenReceiver,Starter,Mohamed Sanu,SF,WR|W/R/T
4,8.75,AirBudGoldenReceiver,Starter,Alex Collins,Sea,RB|W/R/T
4,1.85,AirBudGoldenReceiver,Starter,Kenyan Drake,Bal,RB|W/R/T
4,6.45,AirBudGoldenReceiver,Starter,David Njoku,Cle,TE|W/R/T
4,6.3,AirBudGoldenReceiver,Starter,Cole Beasley,NYG,WR|W/R/T
4,0.0,AirBudGoldenReceiver,Non-Starter,Chris Thompson,SF,RB|W/R/T
4,0.0,AirBudGoldenReceiver,Non-Starter,Devin Funchess,Det,WR|W/R/T
4,0.0,AirBudGoldenReceiver,Non-Starter,Greg Olsen,Sea,TE|W/R/T
4,12.5,AirBudGoldenReceiver,Starter,Indianapolis Colts,Ind,DEF
5,14.4,AirBudGoldenReceiver,Starter,Matt Ryan,Ind,QB
5,23.6,AirBudGoldenReceiver,Starter,Antonio Brown,TB,WR|W/R/T
5,6.3,AirBudGoldenReceiver,Starter,Devin Funchess,Det,WR|W/R/T
5,6.85,AirBudGoldenReceiver,Starter,Alex Collins,Sea,RB|W/R/T
5,7.7,AirBudGoldenReceiver,Starter,Chris Thompson,SF,RB|W/R/T
5,8.4,AirBudGoldenReceiver,Starter,David Njoku,Cle,TE|W/R/T
5,14.3,AirBudGoldenReceiver,Starter,Mohamed Sanu,SF,WR|W/R/T
5,19.25,AirBudGoldenReceiver,Non-Starter,Kenyan Drake,Bal,RB|W/R/T
5,1.05,AirBudGoldenReceiver,Non-Starter,Cole Beasley,NYG,WR|W/R/T
5,0.0,AirBudGoldenReceiver,Non-Starter,Greg Olsen,Sea,TE|W/R/T
5,25.5,AirBudGoldenReceiver,Starter,Cincinnati Bengals,Cin,DEF
6,27.5,AirBudGoldenReceiver,Starter,Matt Ryan,Ind,QB
6,17.75,AirBudGoldenReceiver,Starter,Antonio Brown,TB,WR|W/R/T
6,14.65,AirBudGoldenReceiver,Starter,Devin Funchess,Det,WR|W/R/T
6,17.4,AirBudGoldenReceiver,Starter,Alex Collins,Sea,RB|W/R/T
6,6.8,AirBudGoldenReceiver,Starter,Kenyan Drake,Bal,RB|W/R/T
6,5.8,AirBudGoldenReceiver,Starter,Greg Olsen,Sea,TE|W/R/T
6,11.1,AirBudGoldenReceiver,Starter,Mohamed Sanu,SF,WR|W/R/T
6,0.0,AirBudGoldenReceiver,Non-Starter,Chris Thompson,SF,RB|W/R/T
6,13.25,AirBudGoldenReceiver,Non-Starter,David Njoku,Cle,TE|W/R/T
6,24.35,AirBudGoldenReceiver,Non-Starter,Cole Beasley,NYG,WR|W/R/T
6,1.0,AirBudGoldenReceiver,Starter,Cincinnati Bengals,Cin,DEF
7,19.26,AirBudGoldenReceiver,Starter,Matt Ryan,Ind,QB
7,13.7,AirBudGoldenReceiver,Starter,Devin Funchess,Det,WR|W/R/T
7,7.35,AirBudGoldenReceiver,Starter,Cole Beasley,NYG,WR|W/R/T
7,5.55,AirBudGoldenReceiver,Starter,Alex Collins,Sea,RB|W/R/T
7,15.7,AirBudGoldenReceiver,Starter,Kenyan Drake,Bal,RB|W/R/T
7,7.0,AirBudGoldenReceiver,Starter,Greg Olsen,Sea,TE|W/R/T
7,2.6,AirBudGoldenReceiver,Starter,Mohamed Sanu,SF,WR|W/R/T
7,0.0,AirBudGoldenReceiver,Non-Starter,Chris Thompson,SF,RB|W/R/T
7,0.0,AirBudGoldenReceiver,Non-Starter,Antonio Brown,TB,WR|W/R/T
7,12.2,AirBudGoldenReceiver,Non-Starter,David Njoku,Cle,TE|W/R/T
7,12.5,AirBudGoldenReceiver,Starter,Carolina Panthers,Car,DEF
8,14.1,AirBudGoldenReceiver,Starter,Baker Mayfield,TB,QB
8,3.45,AirBudGoldenReceiver,Starter,Devin Funchess,Det,WR|W/R/T
8,20.9,AirBudGoldenReceiver,Starter,Antonio Brown,TB,WR|W/R/T
8,10.8,AirBudGoldenReceiver,Starter,Alex Collins,Sea,RB|W/R/T
8,22.0,AirBudGoldenReceiver,Starter,Kenyan Drake,Bal,RB|W/R/T
8,12.6,AirBudGoldenReceiver,Starter,Greg Olsen,Sea,TE|W/R/T
8,2.7,AirBudGoldenReceiver,Starter,Chris Thompson,SF,RB|W/R/T
8,0.0,AirBudGoldenReceiver,Non-Starter,Matt Ryan,Ind,QB
8,0.0,AirBudGoldenReceiver,Non-Starter,Mohamed Sanu,SF,WR|W/R/T
8,0.0,AirBudGoldenReceiver,Non-Starter,David Njoku,Cle,TE|W/R/T
8,10.0,AirBudGoldenReceiver,Starter,Carolina Panthers,Car,DEF
9,28.0,AirBudGoldenReceiver,Starter,Matt Ryan,Ind,QB
9,5.4,AirBudGoldenReceiver,Starter,Devin Funchess,Det,WR|W/R/T
9,11.45,AirBudGoldenReceiver,Starter,Antonio Brown,TB,WR|W/R/T
9,10.15,AirBudGoldenReceiver,Starter,Alex Collins,Sea,RB|W/R/T
9,4.5,AirBudGoldenReceiver,Starter,Kenyan Drake,Bal,RB|W/R/T
9,15.1,AirBudGoldenReceiver,Starter,Greg Olsen,Sea,TE|W/R/T
9,5.5,AirBudGoldenReceiver,Starter,Mohamed Sanu,SF,WR|W/R/T
9,0.0,AirBudGoldenReceiver,Non-Starter,Chris Thompson,SF,RB|W/R/T
9,6.3,AirBudGoldenReceiver,Non-Starter,David Njoku,Cle,TE|W/R/T
9,2.1,AirBudGoldenReceiver,Non-Starter,Paul Richardson,Was,WR|W/R/T
9,10.0,AirBudGoldenReceiver,Starter,Carolina Panthers,Car,DEF
10,20.5,AirBudGoldenReceiver,Starter,Matt Ryan,Ind,QB
10,3.95,AirBudGoldenReceiver,Starter,Devin Funchess,Det,WR|W/R/T
10,17.1,AirBudGoldenReceiver,Starter,Antonio Brown,TB,WR|W/R/T
10,4.3,AirBudGoldenReceiver,Starter,Kenyan Drake,Bal,RB|W/R/T
10,6.45,AirBudGoldenReceiver,Starter,Elijah McGuire,KC,RB|W/R/T
10,5.0,AirBudGoldenReceiver,Starter,Greg Olsen,Sea,TE|W/R/T
10,4.2,AirBudGoldenReceiver,Starter,Mohamed Sanu,SF,WR|W/R/T
10,0.0,AirBudGoldenReceiver,Non-Starter,Chris Thompson,SF,RB|W/R/T
10,0.0,AirBudGoldenReceiver,Non-Starter,Alex Collins,Sea,RB|W/R/T
10,2.05,AirBudGoldenReceiver,Non-Starter,David Njoku,Cle,TE|W/R/T
10,1.0,AirBudGoldenReceiver,Starter,Carolina Panthers,Car,DEF
11,13.74,AirBudGoldenReceiver,Starter,Matt Ryan,Ind,QB
11,4.4,AirBudGoldenReceiver,Starter,Devin Funchess,Det,WR|W/R/T
11,18.95,AirBudGoldenReceiver,Starter,Antonio Brown,TB,WR|W/R/T
11,7.8,AirBudGoldenReceiver,Starter,Alex Collins,Sea,RB|W/R/T
11,4.25,AirBudGoldenReceiver,Starter,Theo Riddick,LV,RB|W/R/T
11,7.4,AirBudGoldenReceiver,Starter,Greg Olsen,Sea,TE|W/R/T
11,6.9,AirBudGoldenReceiver,Starter,Mohamed Sanu,SF,WR|W/R/T
11,0.0,AirBudGoldenReceiver,Non-Starter,Chris Thompson,SF,RB|W/R/T
11,0.0,AirBudGoldenReceiver,Non-Starter,Elijah McGuire,KC,RB|W/R/T
11,0.0,AirBudGoldenReceiver,Non-Starter,Kenyan Drake,Bal,RB|W/R/T
11,7.0,AirBudGoldenReceiver,Starter,Carolina Panthers,Car,DEF
12,20.68,AirBudGoldenReceiver,Starter,Matt Ryan,Ind,QB
12,8.95,AirBudGoldenReceiver,Starter,Antonio Brown,TB,WR|W/R/T
12,8.7,AirBudGoldenReceiver,Starter,Mohamed Sanu,SF,WR|W/R/T
12,7.75,AirBudGoldenReceiver,Starter,Theo Riddick,LV,RB|W/R/T
12,2.85,AirBudGoldenReceiver,Starter,Elijah McGuire,KC,RB|W/R/T
12,1.6,AirBudGoldenReceiver,Starter,Greg Olsen,Sea,TE|W/R/T
12,22.85,AirBudGoldenReceiver,Starter,Kenyan Drake,Bal,RB|W/R/T
12,0.0,AirBudGoldenReceiver,Non-Starter,Devin Funchess,Det,WR|W/R/T
12,0.0,AirBudGoldenReceiver,Non-Starter,Alex Collins,Sea,RB|W/R/T
12,0.0,AirBudGoldenReceiver,Non-Starter,Chris Thompson,SF,RB|W/R/T
12,4.5,AirBudGoldenReceiver,Starter,Carolina Panthers,Car,DEF
13,7.64,AirBudGoldenReceiver,Starter,Matt Ryan,Ind,QB
13,23.9,AirBudGoldenReceiver,Starter,Antonio Brown,TB,WR|W/R/T
13,4.45,AirBudGoldenReceiver,Starter,Mohamed Sanu,SF,WR|W/R/T
13,6.55,AirBudGoldenReceiver,Starter,Theo Riddick,LV,RB|W/R/T
13,10.9,AirBudGoldenReceiver,Starter,Kenyan Drake,Bal,RB|W/R/T
13,1.55,AirBudGoldenReceiver,Starter,Greg Olsen,Sea,TE|W/R/T
13,2.85,AirBudGoldenReceiver,Starter,Chris Thompson,SF,RB|W/R/T
13,1.75,AirBudGoldenReceiver,Non-Starter,Elijah McGuire,KC,RB|W/R/T
13,7.25,AirBudGoldenReceiver,Non-Starter,Devin Funchess,Det,WR|W/R/T
13,8.1,AirBudGoldenReceiver,Non-Starter,Marcell Ateman,Buf,WR|W/R/T
13,11.0,AirBudGoldenReceiver,Starter,Carolina Panthers,Car,DEF
14,18.48,AirBudGoldenReceiver,Starter,Matt Ryan,Ind,QB
14,4.75,AirBudGoldenReceiver,Starter,Antonio Brown,TB,WR|W/R/T
14,6.9,AirBudGoldenReceiver,Starter,Mohamed Sanu,SF,WR|W/R/T
14,6.8,AirBudGoldenReceiver,Starter,Theo Riddick,LV,RB|W/R/T
14,14.15,AirBudGoldenReceiver,Starter,Kenyan Drake,Bal,RB|W/R/T
14,4.45,AirBudGoldenReceiver,Starter,C.J. Uzomah,Phi,TE|W/R/T
14,4.55,AirBudGoldenReceiver,Starter,Chris Thompson,SF,RB|W/R/T
14,15.05,AirBudGoldenReceiver,Non-Starter,Elijah McGuire,KC,RB|W/R/T
14,0.0,AirBudGoldenReceiver,Non-Starter,Devin Funchess,Det,WR|W/R/T
14,5.25,AirBudGoldenReceiver,Non-Starter,Marcell Ateman,Buf,WR|W/R/T
14,7.5,AirBudGoldenReceiver,Starter,Carolina Panthers,Car,DEF
15,25.04,AirBudGoldenReceiver,Starter,Matt Ryan,Ind,QB
15,11.9,AirBudGoldenReceiver,Starter,Antonio Brown,TB,WR|W/R/T
15,4.85,AirBudGoldenReceiver,Starter,Mohamed Sanu,SF,WR|W/R/T
15,6.1,AirBudGoldenReceiver,Starter,Theo Riddick,LV,RB|W/R/T
15,4.15,AirBudGoldenReceiver,Starter,Kenyan Drake,Bal,RB|W/R/T
15,2.95,AirBudGoldenReceiver,Starter,C.J. Uzomah,Phi,TE|W/R/T
15,11.85,AirBudGoldenReceiver,Starter,Elijah McGuire,KC,RB|W/R/T
15,1.55,AirBudGoldenReceiver,Non-Starter,Chris Thompson,SF,RB|W/R/T
15,0.0,AirBudGoldenReceiver,Non-Starter,Devin Funchess,Det,WR|W/R/T
15,2.5,AirBudGoldenReceiver,Non-Starter,Marcell Ateman,Buf,WR|W/R/T
15,15.5,AirBudGoldenReceiver,Starter,Cincinnati Bengals,Cin,DEF
16,19.46,AirBudGoldenReceiver,Starter,Matt Ryan,Ind,QB
16,34.0,AirBudGoldenReceiver,Starter,Antonio Brown,TB,WR|W/R/T
16,18.25,AirBudGoldenReceiver,Starter,Mohamed Sanu,SF,WR|W/R/T
16,1.5,AirBudGoldenReceiver,Starter,Theo Riddick,LV,RB|W/R/T
16,6.4,AirBudGoldenReceiver,Starter,Kenyan Drake,Bal,RB|W/R/T
16,11.9,AirBudGoldenReceiver,Starter,C.J. Uzomah,Phi,TE|W/R/T
16,21.25,AirBudGoldenReceiver,Starter,Elijah McGuire,KC,RB|W/R/T
16,3.05,AirBudGoldenReceiver,Non-Starter,Chris Thompson,SF,RB|W/R/T
16,2.8,AirBudGoldenReceiver,Non-Starter,Devin Funchess,Det,WR|W/R/T
16,0.0,AirBudGoldenReceiver,Non-Starter,Marcell Ateman,Buf,WR|W/R/T
16,17.0,AirBudGoldenReceiver,Starter,Miami Dolphins,Mia,DEF
1,20.36,le Cousins dangereux,Starter,Kirk Cousins,Atl,QB
1,9.35,le Cousins dangereux,Starter,Larry Fitzgerald,Ari,WR|W/R/T
1,7.95,le Cousins dangereux,Starter,Josh Gordon,Ten,WR|W/R/T
1,4.9,le Cousins dangereux,Starter,Kareem Hunt,KC,RB|W/R/T
1,5.75,le Cousins dangereux,Starter,Devonta Freeman,Bal,RB|W/R/T
1,2.05,le Cousins dangereux,Starter,David Njoku,Cle,TE|W/R/T
1,2.0,le Cousins dangereux,Starter,Devontae Booker,NYG,RB|W/R/T
1,27.85,le Cousins dangereux,Non-Starter,DeSean Jackson,Bal,WR|W/R/T
1,0.0,le Cousins dangereux,Non-Starter,Alshon Jeffery,Phi,WR|W/R/T
1,10.45,le Cousins dangereux,Non-Starter,Javorius Allen,NYG,RB|W/R/T
1,14.5,le Cousins dangereux,Starter,Tennessee Titans,Ten,DEF
2,33.5,le Cousins dangereux,Starter,Kirk Cousins,Atl,QB
2,3.55,le Cousins dangereux,Starter,Larry Fitzgerald,Ari,WR|W/R/T
2,0.0,le Cousins dangereux,Starter,Josh Gordon,Ten,WR|W/R/T
2,14.25,le Cousins dangereux,Starter,Kareem Hunt,KC,RB|W/R/T
2,7.6,le Cousins dangereux,Starter,T.J. Yeldon,Buf,RB|W/R/T
2,3.0,le Cousins dangereux,Starter,David Njoku,Cle,TE|W/R/T
2,19.9,le Cousins dangereux,Starter,DeSean Jackson,Bal,WR|W/R/T
2,0.0,le Cousins dangereux,Non-Starter,Devonta Freeman,Bal,RB|W/R/T
2,11.65,le Cousins dangereux,Non-Starter,Javorius Allen,NYG,RB|W/R/T
2,0.0,le Cousins dangereux,Non-Starter,Alshon Jeffery,Phi,WR|W/R/T
2,10.0,le Cousins dangereux,Starter,Tennessee Titans,Ten,DEF
3,10.04,le Cousins dangereux,Starter,Kirk Cousins,Atl,QB
3,1.4,le Cousins dangereux,Starter,Larry Fitzgerald,Ari,WR|W/R/T
3,0.0,le Cousins dangereux,Starter,Josh Gordon,Ten,WR|W/R/T
3,16.4,le Cousins dangereux,Starter,Kareem Hunt,KC,RB|W/R/T
3,10.5,le Cousins dangereux,Starter,T.J. Yeldon,Buf,RB|W/R/T
3,0.65,le Cousins dangereux,Starter,Will Dissly,LAC,TE|W/R/T
3,4.45,le Cousins dangereux,Starter,DeSean Jackson,Bal,WR|W/R/T
3,0.0,le Cousins dangereux,Non-Starter,Devonta Freeman,Bal,RB|W/R/T
3,15.35,le Cousins dangereux,Non-Starter,Javorius Allen,NYG,RB|W/R/T
3,0.0,le Cousins dangereux,Non-Starter,Alshon Jeffery,Phi,WR|W/R/T
3,15.5,le Cousins dangereux,Starter,Tennessee Titans,Ten,DEF
4,31.68,le Cousins dangereux,Starter,Kirk Cousins,Atl,QB
4,3.55,le Cousins dangereux,Starter,Larry Fitzgerald,Ari,WR|W/R/T
4,12.45,le Cousins dangereux,Starter,DeSean Jackson,Bal,WR|W/R/T
4,24.25,le Cousins dangereux,Starter,Kareem Hunt,KC,RB|W/R/T
4,20.75,le Cousins dangereux,Starter,T.J. Yeldon,Buf,RB|W/R/T
4,1.8,le Cousins dangereux,Starter,Dallas Goedert,Phi,TE|W/R/T
4,5.2,le Cousins dangereux,Starter,Javorius Allen,NYG,RB|W/R/T
4,3.7,le Cousins dangereux,Non-Starter,Josh Gordon,Ten,WR|W/R/T
4,0.0,le Cousins dangereux,Non-Starter,Devonta Freeman,Bal,RB|W/R/T
4,18.5,le Cousins dangereux,Non-Starter,Alshon Jeffery,Phi,WR|W/R/T
4,9.5,le Cousins dangereux,Starter,Tennessee Titans,Ten,DEF
5,14.14,le Cousins dangereux,Starter,Kirk Cousins,Atl,QB
5,4.4,le Cousins dangereux,Starter,Alshon Jeffery,Phi,WR|W/R/T
5,11.5,le Cousins dangereux,Starter,Josh Gordon,Ten,WR|W/R/T
5,15.65,le Cousins dangereux,Starter,Kareem Hunt,KC,RB|W/R/T
5,20.2,le Cousins dangereux,Starter,T.J. Yeldon,Buf,RB|W/R/T
5,6.25,le Cousins dangereux,Starter,Geoff Swaim,Cle,TE|W/R/T
5,4.6,le Cousins dangereux,Starter,Devonta Freeman,Bal,RB|W/R/T
5,7.3,le Cousins dangereux,Non-Starter,Javorius Allen,NYG,RB|W/R/T
5,0.0,le Cousins dangereux,Non-Starter,DeSean Jackson,Bal,WR|W/R/T
5,4.0,le Cousins dangereux,Non-Starter,Larry Fitzgerald,Ari,WR|W/R/T
5,11.0,le Cousins dangereux,Starter,Tennessee Titans,Ten,DEF
6,16.87,le Cousins dangereux,Starter,Kirk Cousins,Atl,QB
6,5.45,le Cousins dangereux,Starter,Josh Gordon,Ten,WR|W/R/T
6,9.4,le Cousins dangereux,Starter,DeSean Jackson,Bal,WR|W/R/T
6,25.75,le Cousins dangereux,Starter,Kareem Hunt,KC,RB|W/R/T
6,7.75,le Cousins dangereux,Starter,T.J. Yeldon,Buf,RB|W/R/T
6,2.6,le Cousins dangereux,Starter,Geoff Swaim,Cle,TE|W/R/T
6,2.65,le Cousins dangereux,Starter,Javorius Allen,NYG,RB|W/R/T
6,0.0,le Cousins dangereux,Non-Starter,Devonta Freeman,Bal,RB|W/R/T
6,21.4,le Cousins dangereux,Non-Starter,Alshon Jeffery,Phi,WR|W/R/T
6,5.15,le Cousins dangereux,Non-Starter,Larry Fitzgerald,Ari,WR|W/R/T
6,4.5,le Cousins dangereux,Starter,Tennessee Titans,Ten,DEF
7,17.54,le Cousins dangereux,Starter,Kirk Cousins,Atl,QB
7,11.0,le Cousins dangereux,Starter,Josh Gordon,Ten,WR|W/R/T
7,9.8,le Cousins dangereux,Starter,DeSean Jackson,Bal,WR|W/R/T
7,33.35,le Cousins dangereux,Starter,Kareem Hunt,KC,RB|W/R/T
7,14.05,le Cousins dangereux,Starter,T.J. Yeldon,Buf,RB|W/R/T
7,1.7,le Cousins dangereux,Starter,Ricky Seals-Jones,Was,TE|W/R/T
7,16.55,le Cousins dangereux,Starter,Alshon Jeffery,Phi,WR|W/R/T
7,3.15,le Cousins dangereux,Non-Starter,Javorius Allen,NYG,RB|W/R/T
7,5.0,le Cousins dangereux,Non-Starter,Ito Smith,Dal,RB|W/R/T
7,3.35,le Cousins dangereux,Non-Starter,Taylor Gabriel,Chi,WR|W/R/T
7,22.5,le Cousins dangereux,Starter,Indianapolis Colts,Ind,DEF
8,18.66,le Cousins dangereux,Starter,Kirk Cousins,Atl,QB
8,5.2,le Cousins dangereux,Starter,Josh Gordon,Ten,WR|W/R/T
8,13.95,le Cousins dangereux,Starter,DeSean Jackson,Bal,WR|W/R/T
8,15.85,le Cousins dangereux,Starter,Kareem Hunt,KC,RB|W/R/T
8,10.75,le Cousins dangereux,Starter,T.J. Yeldon,Buf,RB|W/R/T
8,7.85,le Cousins dangereux,Starter,Chris Herndon,Min,TE|W/R/T
8,4.5,le Cousins dangereux,Starter,Alshon Jeffery,Phi,WR|W/R/T
8,8.55,le Cousins dangereux,Non-Starter,Javorius Allen,NYG,RB|W/R/T
8,0.0,le Cousins dangereux,Non-Starter,Ito Smith,Dal,RB|W/R/T
8,6.2,le Cousins dangereux,Non-Starter,Taylor Gabriel,Chi,WR|W/R/T
8,2.0,le Cousins dangereux,Starter,Indianapolis Colts,Ind,DEF
9,6.86,le Cousins dangereux,Starter,Kirk Cousins,Atl,QB
9,20.25,le Cousins dangereux,Starter,Josh Gordon,Ten,WR|W/R/T
9,3.7,le Cousins dangereux,Starter,DeSean Jackson,Bal,WR|W/R/T
9,32.35,le Cousins dangereux,Starter,Kareem Hunt,KC,RB|W/R/T
9,12.65,le Cousins dangereux,Starter,Ito Smith,Dal,RB|W/R/T
9,7.2,le Cousins dangereux,Starter,Chris Herndon,Min,TE|W/R/T
9,5.25,le Cousins dangereux,Starter,Taylor Gabriel,Chi,WR|W/R/T
9,0.0,le Cousins dangereux,Non-Starter,Alshon Jeffery,Phi,WR|W/R/T
9,0.0,le Cousins dangereux,Non-Starter,T.J. Yeldon,Buf,RB|W/R/T
9,0.0,le Cousins dangereux,Non-Starter,Ty Montgomery II,NE,RB|W/R/T
9,12.0,le Cousins dangereux,Starter,Denver Broncos,Den,DEF
10,6.92,le Cousins dangereux,Starter,Andy Dalton,Car,QB
10,9.1,le Cousins dangereux,Starter,Josh Gordon,Ten,WR|W/R/T
10,7.95,le Cousins dangereux,Starter,DeSean Jackson,Bal,WR|W/R/T
10,10.1,le Cousins dangereux,Starter,Kareem Hunt,KC,RB|W/R/T
10,3.6,le Cousins dangereux,Starter,Ito Smith,Dal,RB|W/R/T
10,7.05,le Cousins dangereux,Starter,Nick Vannett,Min,TE|W/R/T
10,5.8,le Cousins dangereux,Starter,Alshon Jeffery,Phi,WR|W/R/T
10,0.0,le Cousins dangereux,Non-Starter,Kirk Cousins,Atl,QB
10,7.55,le Cousins dangereux,Non-Starter,T.J. Yeldon,Buf,RB|W/R/T
10,0.0,le Cousins dangereux,Non-Starter,Ty Montgomery II,NE,RB|W/R/T
10,16.5,le Cousins dangereux,Starter,Buffalo Bills,Buf,DEF
11,14.98,le Cousins dangereux,Starter,Kirk Cousins,Atl,QB
11,4.8,le Cousins dangereux,Starter,DeSean Jackson,Bal,WR|W/R/T
11,4.3,le Cousins dangereux,Starter,Alshon Jeffery,Phi,WR|W/R/T
11,17.85,le Cousins dangereux,Starter,Kareem Hunt,KC,RB|W/R/T
11,2.7,le Cousins dangereux,Starter,Ito Smith,Dal,RB|W/R/T
11,1.95,le Cousins dangereux,Starter,Nick Vannett,Min,TE|W/R/T
11,6.35,le Cousins dangereux,Starter,Willie Snead IV,Mia,WR|W/R/T
11,0.0,le Cousins dangereux,Non-Starter,Josh Gordon,Ten,WR|W/R/T
11,3.7,le Cousins dangereux,Non-Starter,T.J. Yeldon,Buf,RB|W/R/T
11,0.5,le Cousins dangereux,Non-Starter,Ty Montgomery II,NE,RB|W/R/T
11,10.5,le Cousins dangereux,Starter,Arizona Cardinals,Ari,DEF
12,27.38,le Cousins dangereux,Starter,Kirk Cousins,Atl,QB
12,3.25,le Cousins dangereux,Starter,DeSean Jackson,Bal,WR|W/R/T
12,8.25,le Cousins dangereux,Starter,Josh Gordon,Ten,WR|W/R/T
12,1.2,le Cousins dangereux,Starter,Ito Smith,Dal,RB|W/R/T
12,11.8,le Cousins dangereux,Starter,Gus Edwards,LAC,RB|W/R/T
12,2.7,le Cousins dangereux,Starter,Nick Vannett,Min,TE|W/R/T
12,0.0,le Cousins dangereux,Starter,Willie Snead IV,Mia,WR|W/R/T
12,3.8,le Cousins dangereux,Non-Starter,T.J. Yeldon,Buf,RB|W/R/T
12,0.0,le Cousins dangereux,Non-Starter,Kareem Hunt,KC,RB|W/R/T
12,4.65,le Cousins dangereux,Non-Starter,Alshon Jeffery,Phi,WR|W/R/T
12,3.0,le Cousins dangereux,Starter,Jacksonville Jaguars,Jax,DEF
13,8.04,le Cousins dangereux,Starter,Kirk Cousins,Atl,QB
13,12.55,le Cousins dangereux,Starter,Josh Gordon,Ten,WR|W/R/T
13,3.85,le Cousins dangereux,Starter,Alshon Jeffery,Phi,WR|W/R/T
13,8.2,le Cousins dangereux,Starter,Gus Edwards,LAC,RB|W/R/T
13,5.0,le Cousins dangereux,Starter,Damien Williams,Ari,RB|W/R/T
13,0.0,le Cousins dangereux,Starter,Matt LaCosse,NE,TE|W/R/T
13,8.25,le Cousins dangereux,Starter,T.J. Yeldon,Buf,RB|W/R/T
13,0.0,le Cousins dangereux,Non-Starter,Kareem Hunt,KC,RB|W/R/T
13,0.0,le Cousins dangereux,Non-Starter,DeSean Jackson,Bal,WR|W/R/T
13,1.05,le Cousins dangereux,Non-Starter,Willie Snead IV,Mia,WR|W/R/T
13,9.5,le Cousins dangereux,Starter,Tennessee Titans,Ten,DEF
1,9.0,Throbbing Dak,Starter,Ben Roethlisberger,Pit,QB
1,37.05,Throbbing Dak,Starter,Tyreek Hill,Mia,WR|W/R/T
1,0.0,Throbbing Dak,Starter,Marquise Goodwin,Cle,WR|W/R/T
1,21.45,Throbbing Dak,Starter,Todd Gurley,Atl,RB|W/R/T
1,3.35,Throbbing Dak,Starter,Derrick Henry,Bal,RB|W/R/T
1,6.2,Throbbing Dak,Starter,Delanie Walker,Ten,TE|W/R/T
1,6.05,Throbbing Dak,Starter,Sterling Shepard,TB,WR|W/R/T
1,0.0,Throbbing Dak,Non-Starter,Marlon Mack,Ari,RB|W/R/T
1,8.7,Throbbing Dak,Non-Starter,Dak Prescott,Dal,QB
1,20.25,Throbbing Dak,Non-Starter,Jared Cook,LAC,TE|W/R/T
1,25.0,Throbbing Dak,Starter,Baltimore Ravens,Bal,DEF
2,38.98,Throbbing Dak,Starter,Ben Roethlisberger,Pit,QB
2,16.25,Throbbing Dak,Starter,Tyreek Hill,Mia,WR|W/R/T
2,0.0,Throbbing Dak,Starter,Marquise Goodwin,Cle,WR|W/R/T
2,30.05,Throbbing Dak,Starter,Todd Gurley,Atl,RB|W/R/T
2,5.92,Throbbing Dak,Starter,Derrick Henry,Bal,RB|W/R/T
2,9.35,Throbbing Dak,Starter,Eric Ebron,Pit,TE|W/R/T
2,3.15,Throbbing Dak,Starter,Sterling Shepard,TB,WR|W/R/T
2,3.85,Throbbing Dak,Non-Starter,Marlon Mack,Ari,RB|W/R/T
2,14.9,Throbbing Dak,Non-Starter,Dak Prescott,Dal,QB
2,5.9,Throbbing Dak,Non-Starter,Jared Cook,LAC,TE|W/R/T
2,3.0,Throbbing Dak,Starter,Baltimore Ravens,Bal,DEF
3,24.02,Throbbing Dak,Starter,Ben Roethlisberger,Pit,QB
3,6.1,Throbbing Dak,Starter,Tyreek Hill,Mia,WR|W/R/T
3,9.55,Throbbing Dak,Starter,Marquise Goodwin,Cle,WR|W/R/T
3,20.85,Throbbing Dak,Starter,Todd Gurley,Atl,RB|W/R/T
3,5.7,Throbbing Dak,Starter,Derrick Henry,Bal,RB|W/R/T
3,4.55,Throbbing Dak,Starter,Eric Ebron,Pit,TE|W/R/T
3,15.5,Throbbing Dak,Starter,Sterling Shepard,TB,WR|W/R/T
3,0.0,Throbbing Dak,Non-Starter,Marlon Mack,Ari,RB|W/R/T
3,8.82,Throbbing Dak,Non-Starter,Dak Prescott,Dal,QB
3,4.35,Throbbing Dak,Non-Starter,Jared Cook,LAC,TE|W/R/T
3,10.0,Throbbing Dak,Starter,Baltimore Ravens,Bal,DEF
4,14.86,Throbbing Dak,Starter,Ben Roethlisberger,Pit,QB
4,7.85,Throbbing Dak,Starter,Tyreek Hill,Mia,WR|W/R/T
4,3.3,Throbbing Dak,Starter,Marquise Goodwin,Cle,WR|W/R/T
4,22.6,Throbbing Dak,Starter,Todd Gurley,Atl,RB|W/R/T
4,3.6,Throbbing Dak,Starter,Derrick Henry,Bal,RB|W/R/T
4,11.25,Throbbing Dak,Starter,Eric Ebron,Pit,TE|W/R/T
4,18.2,Throbbing Dak,Starter,Sterling Shepard,TB,WR|W/R/T
4,0.0,Throbbing Dak,Non-Starter,Marlon Mack,Ari,RB|W/R/T
4,18.4,Throbbing Dak,Non-Starter,Dak Prescott,Dal,QB
4,25.0,Throbbing Dak,Non-Starter,Jared Cook,LAC,TE|W/R/T
4,9.0,Throbbing Dak,Starter,Baltimore Ravens,Bal,DEF
5,21.6,Throbbing Dak,Starter,Ben Roethlisberger,Pit,QB
5,9.7,Throbbing Dak,Starter,Tyreek Hill,Mia,WR|W/R/T
5,7.35,Throbbing Dak,Starter,Tyrell Williams,Det,WR|W/R/T
5,30.3,Throbbing Dak,Starter,Todd Gurley,Atl,RB|W/R/T
5,5.6,Throbbing Dak,Starter,Derrick Henry,Bal,RB|W/R/T
5,24.75,Throbbing Dak,Starter,Eric Ebron,Pit,TE|W/R/T
5,8.5,Throbbing Dak,Starter,Sterling Shepard,TB,WR|W/R/T
5,0.0,Throbbing Dak,Non-Starter,Marquise Goodwin,Cle,WR|W/R/T
5,11.72,Throbbing Dak,Non-Starter,Dak Prescott,Dal,QB
5,3.0,Throbbing Dak,Non-Starter,Jared Cook,LAC,TE|W/R/T
5,18.0,Throbbing Dak,Starter,Baltimore Ravens,Bal,DEF
6,20.81,Throbbing Dak,Starter,Ben Roethlisberger,Pit,QB
6,33.95,Throbbing Dak,Starter,Tyreek Hill,Mia,WR|W/R/T
6,24.65,Throbbing Dak,Starter,Tyrell Williams,Det,WR|W/R/T
6,35.0,Throbbing Dak,Starter,Todd Gurley,Atl,RB|W/R/T
6,2.85,Throbbing Dak,Starter,Derrick Henry,Bal,RB|W/R/T
6,14.0,Throbbing Dak,Starter,Eric Ebron,Pit,TE|W/R/T
6,4.45,Throbbing Dak,Starter,Sterling Shepard,TB,WR|W/R/T
6,26.1,Throbbing Dak,Non-Starter,Marquise Goodwin,Cle,WR|W/R/T
6,29.52,Throbbing Dak,Non-Starter,Dak Prescott,Dal,QB
6,1.5,Throbbing Dak,Non-Starter,Jared Cook,LAC,TE|W/R/T
6,29.0,Throbbing Dak,Starter,Baltimore Ravens,Bal,DEF
7,20.22,Throbbing Dak,Starter,Dak Prescott,Dal,QB
7,15.35,Throbbing Dak,Starter,Tyreek Hill,Mia,WR|W/R/T
7,18.8,Throbbing Dak,Starter,Tyrell Williams,Det,WR|W/R/T
7,27.6,Throbbing Dak,Starter,Todd Gurley,Atl,RB|W/R/T
7,13.0,Throbbing Dak,Starter,Derrick Henry,Bal,RB|W/R/T
7,3.85,Throbbing Dak,Starter,Eric Ebron,Pit,TE|W/R/T
7,17.95,Throbbing Dak,Starter,Sterling Shepard,TB,WR|W/R/T
7,0.0,Throbbing Dak,Non-Starter,Ben Roethlisberger,Pit,QB
7,2.9,Throbbing Dak,Non-Starter,Marquise Goodwin,Cle,WR|W/R/T
7,0.0,Throbbing Dak,Non-Starter,Jared Cook,LAC,TE|W/R/T
7,4.5,Throbbing Dak,Starter,Baltimore Ravens,Bal,DEF
8,16.88,Throbbing Dak,Starter,Ben Roethlisberger,Pit,QB
8,4.4,Throbbing Dak,Starter,Sterling Shepard,TB,WR|W/R/T
8,7.75,Throbbing Dak,Starter,Tyreek Hill,Mia,WR|W/R/T
8,29.0,Throbbing Dak,Starter,Todd Gurley,Atl,RB|W/R/T
8,10.45,Throbbing Dak,Starter,Eric Ebron,Pit,TE|W/R/T
8,0.0,Throbbing Dak,Starter,Tyrell Williams,Det,WR|W/R/T
8,0.0,Throbbing Dak,Non-Starter,Derrick Henry,Bal,RB|W/R/T
8,0.0,Throbbing Dak,Non-Starter,Dak Prescott,Dal,QB
8,11.75,Throbbing Dak,Non-Starter,Marquise Goodwin,Cle,WR|W/R/T
8,14.4,Throbbing Dak,Non-Starter,Jared Cook,LAC,TE|W/R/T
8,-1.0,Throbbing Dak,Starter,Baltimore Ravens,Bal,DEF
9,25.2,Throbbing Dak,Starter,Ben Roethlisberger,Pit,QB
9,9.5,Throbbing Dak,Starter,Tyreek Hill,Mia,WR|W/R/T
9,1.55,Throbbing Dak,Starter,Marquise Goodwin,Cle,WR|W/R/T
9,15.4,Throbbing Dak,Starter,Todd Gurley,Atl,RB|W/R/T
9,9.7,Throbbing Dak,Starter,Derrick Henry,Bal,RB|W/R/T
9,2.5,Throbbing Dak,Starter,Jared Cook,LAC,TE|W/R/T
9,8.8,Throbbing Dak,Starter,Tyrell Williams,Det,WR|W/R/T
9,0.0,Throbbing Dak,Non-Starter,Eric Ebron,Pit,TE|W/R/T
9,0.0,Throbbing Dak,Non-Starter,Sterling Shepard,TB,WR|W/R/T
9,14.82,Throbbing Dak,Non-Starter,Dak Prescott,Dal,QB
9,3.0,Throbbing Dak,Starter,Baltimore Ravens,Bal,DEF
10,35.82,Throbbing Dak,Starter,Ben Roethlisberger,Pit,QB
10,27.45,Throbbing Dak,Starter,Tyreek Hill,Mia,WR|W/R/T
10,10.1,Throbbing Dak,Starter,Sterling Shepard,TB,WR|W/R/T
10,22.75,Throbbing Dak,Starter,Todd Gurley,Atl,RB|W/R/T
10,17.8,Throbbing Dak,Starter,Derrick Henry,Bal,RB|W/R/T
10,25.85,Throbbing Dak,Starter,Eric Ebron,Pit,TE|W/R/T
10,5.6,Throbbing Dak,Starter,Tyrell Williams,Det,WR|W/R/T
10,7.9,Throbbing Dak,Non-Starter,Marquise Goodwin,Cle,WR|W/R/T
10,21.7,Throbbing Dak,Non-Starter,Dak Prescott,Dal,QB
10,17.5,Throbbing Dak,Starter,Green Bay Packers,GB,DEF
10,0.0,Throbbing Dak,Non-Starter,Baltimore Ravens,Bal,DEF
11,20.66,Throbbing Dak,Starter,Ben Roethlisberger,Pit,QB
11,36.0,Throbbing Dak,Starter,Tyreek Hill,Mia,WR|W/R/T
11,2.7,Throbbing Dak,Starter,Sterling Shepard,TB,WR|W/R/T
11,10.15,Throbbing Dak,Starter,Todd Gurley,Atl,RB|W/R/T
11,4.6,Throbbing Dak,Starter,Derrick Henry,Bal,RB|W/R/T
11,0.0,Throbbing Dak,Starter,Eric Ebron,Pit,TE|W/R/T
11,2.7,Throbbing Dak,Starter,Tyrell Williams,Det,WR|W/R/T
11,0.0,Throbbing Dak,Non-Starter,Marquise Goodwin,Cle,WR|W/R/T
11,14.82,Throbbing Dak,Non-Starter,Dak Prescott,Dal,QB
11,10.5,Throbbing Dak,Starter,Green Bay Packers,GB,DEF
11,4.0,Throbbing Dak,Non-Starter,Baltimore Ravens,Bal,DEF
12,20.28,Throbbing Dak,Starter,Ben Roethlisberger,Pit,QB
12,4.7,Throbbing Dak,Starter,Sterling Shepard,TB,WR|W/R/T
12,2.75,Throbbing Dak,Starter,John Brown,Buf,WR|W/R/T
12,3.4,Throbbing Dak,Starter,Derrick Henry,Bal,RB|W/R/T
12,22.55,Throbbing Dak,Starter,LeGarrette Blount,Det,RB|W/R/T
12,17.75,Throbbing Dak,Starter,Eric Ebron,Pit,TE|W/R/T
12,0.0,Throbbing Dak,Starter,Tyrell Williams,Det,WR|W/R/T
12,0.0,Throbbing Dak,Non-Starter,Todd Gurley,Atl,RB|W/R/T
12,0.0,Throbbing Dak,Non-Starter,Tyreek Hill,Mia,WR|W/R/T
12,27.36,Throbbing Dak,Non-Starter,Dak Prescott,Dal,QB
12,21.5,Throbbing Dak,Starter,Baltimore Ravens,Bal,DEF
13,17.24,Throbbing Dak,Starter,Ben Roethlisberger,Pit,QB
13,3.8,Throbbing Dak,Starter,Sterling Shepard,TB,WR|W/R/T
13,5.25,Throbbing Dak,Starter,Tyreek Hill,Mia,WR|W/R/T
13,11.0,Throbbing Dak,Starter,Derrick Henry,Bal,RB|W/R/T
13,29.25,Throbbing Dak,Starter,Todd Gurley,Atl,RB|W/R/T
13,7.7,Throbbing Dak,Starter,Eric Ebron,Pit,TE|W/R/T
13,1.65,Throbbing Dak,Starter,Tyrell Williams,Det,WR|W/R/T
13,0.0,Throbbing Dak,Non-Starter,John Brown,Buf,WR|W/R/T
13,6.1,Throbbing Dak,Non-Starter,LeGarrette Blount,Det,RB|W/R/T
13,14.16,Throbbing Dak,Non-Starter,Dak Prescott,Dal,QB
13,19.5,Throbbing Dak,Starter,Baltimore Ravens,Bal,DEF
14,19.28,Throbbing Dak,Starter,Ben Roethlisberger,Pit,QB
14,8.2,Throbbing Dak,Starter,Sterling Shepard,TB,WR|W/R/T
14,16.5,Throbbing Dak,Starter,Tyreek Hill,Mia,WR|W/R/T
14,6.55,Throbbing Dak,Starter,Todd Gurley,Atl,RB|W/R/T
14,3.6,Throbbing Dak,Starter,LeGarrette Blount,Det,RB|W/R/T
14,13.5,Throbbing Dak,Starter,Eric Ebron,Pit,TE|W/R/T
14,2.15,Throbbing Dak,Starter,Tyrell Williams,Det,WR|W/R/T
14,47.8,Throbbing Dak,Non-Starter,Derrick Henry,Bal,RB|W/R/T
14,8.8,Throbbing Dak,Non-Starter,John Brown,Buf,WR|W/R/T
14,24.4,Throbbing Dak,Non-Starter,Dak Prescott,Dal,QB
14,8.5,Throbbing Dak,Starter,Baltimore Ravens,Bal,DEF
15,6.24,Throbbing Dak,Starter,Dak Prescott,Dal,QB
15,5.1,Throbbing Dak,Starter,Tyreek Hill,Mia,WR|W/R/T
15,4.2,Throbbing Dak,Starter,Sterling Shepard,TB,WR|W/R/T
15,26.9,Throbbing Dak,Starter,Todd Gurley,Atl,RB|W/R/T
15,29.49,Throbbing Dak,Starter,Derrick Henry,Bal,RB|W/R/T
15,1.05,Throbbing Dak,Starter,Eric Ebron,Pit,TE|W/R/T
15,8.6,Throbbing Dak,Starter,Tyrell Williams,Det,WR|W/R/T
15,1.15,Throbbing Dak,Non-Starter,John Brown,Buf,WR|W/R/T
15,13.1,Throbbing Dak,Non-Starter,Ben Roethlisberger,Pit,QB
15,0.9,Throbbing Dak,Non-Starter,LeGarrette Blount,Det,RB|W/R/T
15,8.0,Throbbing Dak,Starter,Baltimore Ravens,Bal,DEF
1,31.56,Winning aint Breesy!,Starter,Drew Brees,NO,QB
1,9.1,Winning aint Breesy!,Starter,DeAndre Hopkins,Bal,WR|W/R/T
1,6.4,Winning aint Breesy!,Starter,Marvin Jones,Det,WR|W/R/T
1,2.35,Winning aint Breesy!,Starter,LeSean McCoy,TB,RB|W/R/T
1,11.15,Winning aint Breesy!,Starter,Lamar Miller,NO,RB|W/R/T
1,5.4,Winning aint Breesy!,Starter,Benjamin Watson,NE,TE|W/R/T
1,13.15,Winning aint Breesy!,Starter,Kenny Golladay,NYG,WR|W/R/T
1,5.9,Winning aint Breesy!,Non-Starter,O.J. Howard,Hou,TE|W/R/T
1,3.3,Winning aint Breesy!,Non-Starter,Ty Montgomery II,NE,RB|W/R/T
1,1.62,Winning aint Breesy!,Non-Starter,Marcus Mariota,Was,QB
1,22.0,Winning aint Breesy!,Starter,Minnesota Vikings,Min,DEF
2,17.62,Winning aint Breesy!,Starter,Drew Brees,NO,QB
2,18.5,Winning aint Breesy!,Starter,DeAndre Hopkins,Bal,WR|W/R/T
2,12.4,Winning aint Breesy!,Starter,Marvin Jones,Det,WR|W/R/T
2,7.8,Winning aint Breesy!,Starter,LeSean McCoy,TB,RB|W/R/T
2,7.5,Winning aint Breesy!,Starter,Lamar Miller,NO,RB|W/R/T
2,2.65,Winning aint Breesy!,Starter,Benjamin Watson,NE,TE|W/R/T
2,16.4,Winning aint Breesy!,Starter,Kenny Golladay,NYG,WR|W/R/T
2,16.35,Winning aint Breesy!,Non-Starter,O.J. Howard,Hou,TE|W/R/T
2,4.25,Winning aint Breesy!,Non-Starter,Ty Montgomery II,NE,RB|W/R/T
2,0.0,Winning aint Breesy!,Non-Starter,Marcus Mariota,Was,QB
2,7.0,Winning aint Breesy!,Starter,Minnesota Vikings,Min,DEF
3,40.54,Winning aint Breesy!,Starter,Drew Brees,NO,QB
3,10.1,Winning aint Breesy!,Starter,DeAndre Hopkins,Bal,WR|W/R/T
3,13.9,Winning aint Breesy!,Starter,Marvin Jones,Det,WR|W/R/T
3,10.35,Winning aint Breesy!,Starter,Lamar Miller,NO,RB|W/R/T
3,8.75,Winning aint Breesy!,Starter,Tavon Austin,Buf,WR|RB|W/R/T
3,8.7,Winning aint Breesy!,Starter,O.J. Howard,Hou,TE|W/R/T
3,12.8,Winning aint Breesy!,Starter,Kenny Golladay,NYG,WR|W/R/T
3,0.0,Winning aint Breesy!,Non-Starter,LeSean McCoy,TB,RB|W/R/T
3,8.35,Winning aint Breesy!,Non-Starter,Benjamin Watson,NE,TE|W/R/T
3,8.9,Winning aint Breesy!,Non-Starter,Blake Bortles,GB,QB
3,7.5,Winning aint Breesy!,Starter,Minnesota Vikings,Min,DEF
4,8.58,Winning aint Breesy!,Starter,Drew Brees,NO,QB
4,25.4,Winning aint Breesy!,Starter,DeAndre Hopkins,Bal,WR|W/R/T
4,6.35,Winning aint Breesy!,Starter,Marvin Jones,Det,WR|W/R/T
4,4.9,Winning aint Breesy!,Starter,Lamar Miller,NO,RB|W/R/T
4,0.7,Winning aint Breesy!,Starter,Tavon Austin,Buf,WR|RB|W/R/T
4,2.55,Winning aint Breesy!,Starter,Benjamin Watson,NE,TE|W/R/T
4,8.4,Winning aint Breesy!,Starter,Kenny Golladay,NYG,WR|W/R/T
4,0.0,Winning aint Breesy!,Non-Starter,O.J. Howard,Hou,TE|W/R/T
4,4.45,Winning aint Breesy!,Non-Starter,LeSean McCoy,TB,RB|W/R/T
4,0.75,Winning aint Breesy!,Non-Starter,Brandon Marshall,Sea,WR|W/R/T
4,0.5,Winning aint Breesy!,Starter,Minnesota Vikings,Min,DEF
5,26.97,Winning aint Breesy!,Starter,Drew Brees,NO,QB
5,15.35,Winning aint Breesy!,Starter,DeAndre Hopkins,Bal,WR|W/R/T
5,7.05,Winning aint Breesy!,Starter,Marvin Jones,Det,WR|W/R/T
5,11.3,Winning aint Breesy!,Starter,LeSean McCoy,TB,RB|W/R/T
5,13.9,Winning aint Breesy!,Starter,Alfred Blue,Hou,RB|W/R/T
5,4.0,Winning aint Breesy!,Starter,Benjamin Watson,NE,TE|W/R/T
5,16.8,Winning aint Breesy!,Starter,Kenny Golladay,NYG,WR|W/R/T
5,0.0,Winning aint Breesy!,Non-Starter,Lamar Miller,NO,RB|W/R/T
5,4.65,Winning aint Breesy!,Non-Starter,Tavon Austin,Buf,WR|RB|W/R/T
5,13.7,Winning aint Breesy!,Non-Starter,Alex Smith,Was,QB
5,15.0,Winning aint Breesy!,Starter,Cleveland Browns,Cle,DEF
6,15.82,Winning aint Breesy!,Starter,Alex Smith,Was,QB
6,13.55,Winning aint Breesy!,Starter,DeAndre Hopkins,Bal,WR|W/R/T
6,16.8,Winning aint Breesy!,Starter,Michael Crabtree,Ari,WR|W/R/T
6,10.15,Winning aint Breesy!,Starter,LeSean McCoy,TB,RB|W/R/T
6,4.8,Winning aint Breesy!,Starter,Alfred Blue,Hou,RB|W/R/T
6,7.75,Winning aint Breesy!,Starter,Cameron Brate,TB,TE|W/R/T
6,7.6,Winning aint Breesy!,Starter,Lamar Miller,NO,RB|W/R/T
6,0.0,Winning aint Breesy!,Non-Starter,Kenny Golladay,NYG,WR|W/R/T
6,0.0,Winning aint Breesy!,Non-Starter,Marvin Jones,Det,WR|W/R/T
6,0.0,Winning aint Breesy!,Non-Starter,Drew Brees,NO,QB
6,2.5,Winning aint Breesy!,Starter,Cleveland Browns,Cle,DEF
7,16.78,Winning aint Breesy!,Starter,Drew Brees,NO,QB
7,11.75,Winning aint Breesy!,Starter,DeAndre Hopkins,Bal,WR|W/R/T
7,4.2,Winning aint Breesy!,Starter,Kenny Golladay,NYG,WR|W/R/T
7,0.1,Winning aint Breesy!,Starter,LeSean McCoy,TB,RB|W/R/T
7,16.15,Winning aint Breesy!,Starter,Lamar Miller,NO,RB|W/R/T
7,1.05,Winning aint Breesy!,Starter,Cameron Brate,TB,TE|W/R/T
7,7.85,Winning aint Breesy!,Starter,Michael Crabtree,Ari,WR|W/R/T
7,2.8,Winning aint Breesy!,Non-Starter,Alfred Blue,Hou,RB|W/R/T
7,12.72,Winning aint Breesy!,Non-Starter,Alex Smith,Was,QB
7,3.65,Winning aint Breesy!,Non-Starter,Marvin Jones,Det,WR|W/R/T
7,17.5,Winning aint Breesy!,Starter,Cleveland Browns,Cle,DEF
8,6.8,Winning aint Breesy!,Starter,Drew Brees,NO,QB
8,21.7,Winning aint Breesy!,Starter,DeAndre Hopkins,Bal,WR|W/R/T
8,1.45,Winning aint Breesy!,Starter,Kenny Golladay,NYG,WR|W/R/T
8,19.3,Winning aint Breesy!,Starter,Lamar Miller,NO,RB|W/R/T
8,0.75,Winning aint Breesy!,Starter,Corey Clement,Ari,RB|W/R/T
8,1.55,Winning aint Breesy!,Starter,Cameron Brate,TB,TE|W/R/T
8,25.45,Winning aint Breesy!,Starter,Marvin Jones,Det,WR|W/R/T
8,11.0,Winning aint Breesy!,Non-Starter,LeSean McCoy,TB,RB|W/R/T
8,3.85,Winning aint Breesy!,Non-Starter,Michael Crabtree,Ari,WR|W/R/T
8,4.2,Winning aint Breesy!,Non-Starter,Alfred Blue,Hou,RB|W/R/T
8,23.5,Winning aint Breesy!,Starter,New England Patriots,NE,DEF
9,31.44,Winning aint Breesy!,Starter,Drew Brees,NO,QB
9,19.0,Winning aint Breesy!,Starter,DeAndre Hopkins,Bal,WR|W/R/T
9,6.15,Winning aint Breesy!,Starter,Kenny Golladay,NYG,WR|W/R/T
9,5.3,Winning aint Breesy!,Starter,Lamar Miller,NO,RB|W/R/T
9,3.9,Winning aint Breesy!,Starter,LeSean McCoy,TB,RB|W/R/T
9,2.25,Winning aint Breesy!,Starter,Cameron Brate,TB,TE|W/R/T
9,8.1,Winning aint Breesy!,Starter,Marvin Jones,Det,WR|W/R/T
9,0.0,Winning aint Breesy!,Non-Starter,Corey Clement,Ari,RB|W/R/T
9,3.95,Winning aint Breesy!,Non-Starter,Michael Crabtree,Ari,WR|W/R/T
9,3.9,Winning aint Breesy!,Non-Starter,Alfred Blue,Hou,RB|W/R/T
9,5.5,Winning aint Breesy!,Starter,New England Patriots,NE,DEF
10,28.9,Winning aint Breesy!,Starter,Drew Brees,NO,QB
10,15.3,Winning aint Breesy!,Starter,Kenny Golladay,NYG,WR|W/R/T
10,6.25,Winning aint Breesy!,Starter,Marvin Jones,Det,WR|W/R/T
10,24.05,Winning aint Breesy!,Starter,LeSean McCoy,TB,RB|W/R/T
10,1.05,Winning aint Breesy!,Starter,Corey Clement,Ari,RB|W/R/T
10,1.65,Winning aint Breesy!,Starter,Cameron Brate,TB,TE|W/R/T
10,0.0,Winning aint Breesy!,Starter,Mike Williams,Pit,WR|W/R/T
10,0.0,Winning aint Breesy!,Non-Starter,DeAndre Hopkins,Bal,WR|W/R/T
10,0.0,Winning aint Breesy!,Non-Starter,Lamar Miller,NO,RB|W/R/T
10,0.0,Winning aint Breesy!,Non-Starter,Michael Crabtree,Ari,WR|W/R/T
10,5.0,Winning aint Breesy!,Starter,New England Patriots,NE,DEF
11,30.52,Winning aint Breesy!,Starter,Drew Brees,NO,QB
11,19.3,Winning aint Breesy!,Starter,Kenny Golladay,NYG,WR|W/R/T
11,0.0,Winning aint Breesy!,Starter,Demaryius Thomas,NE,WR|W/R/T
11,11.55,Winning aint Breesy!,Starter,Lamar Miller,NO,RB|W/R/T
11,0.2,Winning aint Breesy!,Starter,Javorius Allen,NYG,RB|W/R/T
11,2.1,Winning aint Breesy!,Starter,Cameron Brate,TB,TE|W/R/T
11,10.85,Winning aint Breesy!,Starter,DeAndre Hopkins,Bal,WR|W/R/T
11,0.0,Winning aint Breesy!,Non-Starter,Marvin Jones,Det,WR|W/R/T
11,0.0,Winning aint Breesy!,Non-Starter,LeSean McCoy,TB,RB|W/R/T
11,0.95,Winning aint Breesy!,Non-Starter,Michael Crabtree,Ari,WR|W/R/T
11,17.5,Winning aint Breesy!,Starter,New Orleans Saints,NO,DEF
12,20.44,Winning aint Breesy!,Starter,Drew Brees,NO,QB
12,10.25,Winning aint Breesy!,Starter,Kenny Golladay,NYG,WR|W/R/T
12,16.8,Winning aint Breesy!,Starter,Demaryius Thomas,NE,WR|W/R/T
12,22.95,Winning aint Breesy!,Starter,Lamar Miller,NO,RB|W/R/T
12,5.55,Winning aint Breesy!,Starter,LeSean McCoy,TB,RB|W/R/T
12,9.35,Winning aint Breesy!,Starter,Cameron Brate,TB,TE|W/R/T
12,8.65,Winning aint Breesy!,Starter,DeAndre Hopkins,Bal,WR|W/R/T
12,0.2,Winning aint Breesy!,Non-Starter,Javorius Allen,NYG,RB|W/R/T
12,8.85,Winning aint Breesy!,Non-Starter,Michael Crabtree,Ari,WR|W/R/T
12,11.5,Winning aint Breesy!,Starter,New England Patriots,NE,DEF
13,7.28,Winning aint Breesy!,Starter,Drew Brees,NO,QB
13,5.75,Winning aint Breesy!,Starter,Kenny Golladay,NYG,WR|W/R/T
13,3.95,Winning aint Breesy!,Starter,Demaryius Thomas,NE,WR|W/R/T
13,11.75,Winning aint Breesy!,Starter,Lamar Miller,NO,RB|W/R/T
13,7.4,Winning aint Breesy!,Starter,LeSean McCoy,TB,RB|W/R/T
13,4.35,Winning aint Breesy!,Starter,Cameron Brate,TB,TE|W/R/T
13,10.85,Winning aint Breesy!,Starter,DeAndre Hopkins,Bal,WR|W/R/T
13,0.0,Winning aint Breesy!,Non-Starter,Javorius Allen,NYG,RB|W/R/T
13,4.35,Winning aint Breesy!,Non-Starter,Michael Crabtree,Ari,WR|W/R/T
13,17.0,Winning aint Breesy!,Starter,Denver Broncos,Den,DEF
13,13.0,Winning aint Breesy!,Non-Starter,New England Patriots,NE,DEF
14,13.94,Winning aint Breesy!,Starter,Drew Brees,NO,QB
14,1.0,Winning aint Breesy!,Starter,Kenny Golladay,NYG,WR|W/R/T
14,5.8,Winning aint Breesy!,Starter,Demaryius Thomas,NE,WR|W/R/T
14,12.45,Winning aint Breesy!,Starter,Lamar Miller,NO,RB|W/R/T
14,0.1,Winning aint Breesy!,Starter,LeSean McCoy,TB,RB|W/R/T
14,13.7,Winning aint Breesy!,Starter,Cameron Brate,TB,TE|W/R/T
14,10.6,Winning aint Breesy!,Starter,DeAndre Hopkins,Bal,WR|W/R/T
14,0.0,Winning aint Breesy!,Non-Starter,Javorius Allen,NYG,RB|W/R/T
14,3.85,Winning aint Breesy!,Non-Starter,Michael Crabtree,Ari,WR|W/R/T
14,10.0,Winning aint Breesy!,Starter,New England Patriots,NE,DEF
14,9.5,Winning aint Breesy!,Non-Starter,Denver Broncos,Den,DEF
15,5.92,Winning aint Breesy!,Starter,Drew Brees,NO,QB
15,16.35,Winning aint Breesy!,Starter,Kenny Golladay,NYG,WR|W/R/T
15,7.4,Winning aint Breesy!,Starter,Demaryius Thomas,NE,WR|W/R/T
15,0.8,Winning aint Breesy!,Starter,Lamar Miller,NO,RB|W/R/T
15,3.7,Winning aint Breesy!,Starter,Giovani Bernard,TB,RB|W/R/T
15,1.15,Winning aint Breesy!,Starter,Cameron Brate,TB,TE|W/R/T
15,31.5,Winning aint Breesy!,Starter,DeAndre Hopkins,Bal,WR|W/R/T
15,0.0,Winning aint Breesy!,Non-Starter,LeSean McCoy,TB,RB|W/R/T
15,0.0,Winning aint Breesy!,Non-Starter,Michael Crabtree,Ari,WR|W/R/T
15,9.5,Winning aint Breesy!,Starter,Denver Broncos,Den,DEF
15,8.0,Winning aint Breesy!,Non-Starter,New England Patriots,NE,DEF
1,16.52,Chili Con Cussion,Starter,Andy Dalton,Car,QB
1,20.5,Chili Con Cussion,Starter,Julio Jones,Phi,WR|W/R/T
1,0.3,Chili Con Cussion,Starter,D.J. Moore,Chi,WR|W/R/T
1,20.2,Chili Con Cussion,Starter,Jay Ajayi,Phi,RB|W/R/T
1,6.85,Chili Con Cussion,Starter,Jordan Wilkins,Cle,RB|W/R/T
1,3.25,Chili Con Cussion,Starter,Austin Seferian-Jenkins,Jax,TE|W/R/T
1,2.85,Chili Con Cussion,Starter,Sammy Watkins,Bal,WR|W/R/T
1,0.0,Chili Con Cussion,Non-Starter,Carson Wentz,Min,QB
1,0.0,Chili Con Cussion,Non-Starter,Ronald Jones,Dal,RB|W/R/T
1,3.05,Chili Con Cussion,Non-Starter,Jordy Nelson,LV,WR|W/R/T
1,15.5,Chili Con Cussion,Starter,Carolina Panthers,Car,DEF
2,26.6,Chili Con Cussion,Starter,Andy Dalton,Car,QB
2,7.65,Chili Con Cussion,Starter,Julio Jones,Phi,WR|W/R/T
2,3.5,Chili Con Cussion,Starter,Jordy Nelson,LV,WR|W/R/T
2,8.95,Chili Con Cussion,Starter,Jay Ajayi,Phi,RB|W/R/T
2,6.9,Chili Con Cussion,Starter,Jordan Wilkins,Cle,RB|W/R/T
2,9.05,Chili Con Cussion,Starter,Austin Seferian-Jenkins,Jax,TE|W/R/T
2,14.6,Chili Con Cussion,Starter,Sammy Watkins,Bal,WR|W/R/T
2,12.05,Chili Con Cussion,Non-Starter,D.J. Moore,Chi,WR|W/R/T
2,0.0,Chili Con Cussion,Non-Starter,Carson Wentz,Min,QB
2,0.0,Chili Con Cussion,Non-Starter,Ronald Jones,Dal,RB|W/R/T
2,5.5,Chili Con Cussion,Starter,Carolina Panthers,Car,DEF
3,11.2,Chili Con Cussion,Starter,Carson Wentz,Min,QB
3,10.85,Chili Con Cussion,Starter,Julio Jones,Phi,WR|W/R/T
3,0.55,Chili Con Cussion,Starter,D.J. Moore,Chi,WR|W/R/T
3,4.35,Chili Con Cussion,Starter,Theo Riddick,LV,RB|W/R/T
3,2.5,Chili Con Cussion,Starter,Jordan Wilkins,Cle,RB|W/R/T
3,2.55,Chili Con Cussion,Starter,Austin Seferian-Jenkins,Jax,TE|W/R/T
3,14.75,Chili Con Cussion,Starter,Sammy Watkins,Bal,WR|W/R/T
3,0.0,Chili Con Cussion,Non-Starter,Jay Ajayi,Phi,RB|W/R/T
3,24.8,Chili Con Cussion,Non-Starter,Jordy Nelson,LV,WR|W/R/T
3,14.08,Chili Con Cussion,Non-Starter,Andy Dalton,Car,QB
3,12.5,Chili Con Cussion,Starter,Carolina Panthers,Car,DEF
4,20.72,Chili Con Cussion,Starter,Carson Wentz,Min,QB
4,19.55,Chili Con Cussion,Starter,Julio Jones,Phi,WR|W/R/T
4,14.05,Chili Con Cussion,Starter,Jordy Nelson,LV,WR|W/R/T
4,1.6,Chili Con Cussion,Starter,Jordan Wilkins,Cle,RB|W/R/T
4,8.85,Chili Con Cussion,Starter,Jay Ajayi,Phi,RB|W/R/T
4,2.9,Chili Con Cussion,Starter,Austin Seferian-Jenkins,Jax,TE|W/R/T
4,0.0,Chili Con Cussion,Starter,Sammy Watkins,Bal,WR|W/R/T
4,0.0,Chili Con Cussion,Non-Starter,D.J. Moore,Chi,WR|W/R/T
4,24.78,Chili Con Cussion,Non-Starter,Andy Dalton,Car,QB
4,3.25,Chili Con Cussion,Non-Starter,Kenneth Barber,LV,RB|W/R/T
4,13.5,Chili Con Cussion,Starter,New England Patriots,NE,DEF
5,12.92,Chili Con Cussion,Starter,Andy Dalton,Car,QB
5,7.45,Chili Con Cussion,Starter,Julio Jones,Phi,WR|W/R/T
5,11.3,Chili Con Cussion,Starter,Jordy Nelson,LV,WR|W/R/T
5,3.3,Chili Con Cussion,Starter,Jordan Wilkins,Cle,RB|W/R/T
5,1.65,Chili Con Cussion,Starter,Jay Ajayi,Phi,RB|W/R/T
5,0.0,Chili Con Cussion,Starter,Austin Seferian-Jenkins,Jax,TE|W/R/T
5,9.3,Chili Con Cussion,Starter,Sammy Watkins,Bal,WR|W/R/T
5,21.04,Chili Con Cussion,Non-Starter,Carson Wentz,Min,QB
5,7.7,Chili Con Cussion,Non-Starter,D.J. Moore,Chi,WR|W/R/T
5,0.0,Chili Con Cussion,Non-Starter,Kenneth Barber,LV,RB|W/R/T
5,8.5,Chili Con Cussion,Starter,New England Patriots,NE,DEF
6,24.52,Chili Con Cussion,Starter,Carson Wentz,Min,QB
6,16.9,Chili Con Cussion,Starter,Julio Jones,Phi,WR|W/R/T
6,1.1,Chili Con Cussion,Starter,Jordy Nelson,LV,WR|W/R/T
6,17.6,Chili Con Cussion,Starter,Kenneth Barber,LV,RB|W/R/T
6,6.85,Chili Con Cussion,Starter,Jalen Richard,LV,RB|W/R/T
6,0.0,Chili Con Cussion,Starter,Ryan Griffin,Chi,TE|W/R/T
6,2.2,Chili Con Cussion,Starter,Sammy Watkins,Bal,WR|W/R/T
6,17.16,Chili Con Cussion,Non-Starter,Andy Dalton,Car,QB
6,4.7,Chili Con Cussion,Non-Starter,D.J. Moore,Chi,WR|W/R/T
6,11.9,Chili Con Cussion,Non-Starter,Duke Johnson,Buf,RB|W/R/T
6,10.5,Chili Con Cussion,Starter,Washington Commanders,Was,DEF
7,18.7,Chili Con Cussion,Starter,Carson Wentz,Min,QB
7,10.65,Chili Con Cussion,Starter,Julio Jones,Phi,WR|W/R/T
7,3.65,Chili Con Cussion,Starter,D.J. Moore,Chi,WR|W/R/T
7,3.0,Chili Con Cussion,Starter,Kenneth Barber,LV,RB|W/R/T
7,2.9,Chili Con Cussion,Starter,Duke Johnson,Buf,RB|W/R/T
7,0.15,Chili Con Cussion,Starter,Charles Clay,Ari,TE|W/R/T
7,8.4,Chili Con Cussion,Starter,Sammy Watkins,Bal,WR|W/R/T
7,0.0,Chili Con Cussion,Non-Starter,Jordy Nelson,LV,WR|W/R/T
7,0.0,Chili Con Cussion,Non-Starter,Jalen Richard,LV,RB|W/R/T
7,5.92,Chili Con Cussion,Non-Starter,Andy Dalton,Car,QB
7,18.0,Chili Con Cussion,Starter,Washington Commanders,Was,DEF
8,22.89,Chili Con Cussion,Starter,Carson Wentz,Min,QB
8,14.15,Chili Con Cussion,Starter,D.J. Moore,Chi,WR|W/R/T
8,1.65,Chili Con Cussion,Starter,Jordy Nelson,LV,WR|W/R/T
8,2.1,Chili Con Cussion,Starter,Duke Johnson,Buf,RB|W/R/T
8,8.4,Chili Con Cussion,Starter,Jalen Richard,LV,RB|W/R/T
8,1.7,Chili Con Cussion,Starter,Ricky Seals-Jones,Was,TE|W/R/T
8,24.7,Chili Con Cussion,Starter,Sammy Watkins,Bal,WR|W/R/T
8,14.5,Chili Con Cussion,Non-Starter,Kenneth Barber,LV,RB|W/R/T
8,0.0,Chili Con Cussion,Non-Starter,Julio Jones,Phi,WR|W/R/T
8,20.2,Chili Con Cussion,Non-Starter,Andy Dalton,Car,QB
8,19.5,Chili Con Cussion,Starter,Washington Commanders,Was,DEF
9,16.44,Chili Con Cussion,Starter,Alex Smith,Was,QB
9,5.05,Chili Con Cussion,Starter,D.J. Moore,Chi,WR|W/R/T
9,19.85,Chili Con Cussion,Starter,Julio Jones,Phi,WR|W/R/T
9,22.85,Chili Con Cussion,Starter,Duke Johnson,Buf,RB|W/R/T
9,5.9,Chili Con Cussion,Starter,Jalen Richard,LV,RB|W/R/T
9,0.0,Chili Con Cussion,Starter,Nick O'Leary,LV,TE|W/R/T
9,7.65,Chili Con Cussion,Starter,Sammy Watkins,Bal,WR|W/R/T
9,2.1,Chili Con Cussion,Non-Starter,Jordy Nelson,LV,WR|W/R/T
9,0.0,Chili Con Cussion,Non-Starter,Carson Wentz,Min,QB
9,4.5,Chili Con Cussion,Non-Starter,Kenneth Barber,LV,RB|W/R/T
9,3.0,Chili Con Cussion,Starter,Washington Commanders,Was,DEF
10,21.1,Chili Con Cussion,Starter,Carson Wentz,Min,QB
10,3.5,Chili Con Cussion,Starter,D.J. Moore,Chi,WR|W/R/T
10,18.45,Chili Con Cussion,Starter,Julio Jones,Phi,WR|W/R/T
10,11.6,Chili Con Cussion,Starter,Duke Johnson,Buf,RB|W/R/T
10,7.15,Chili Con Cussion,Starter,Jalen Richard,LV,RB|W/R/T
10,6.2,Chili Con Cussion,Starter,Jared Cook,LAC,TE|W/R/T
10,6.85,Chili Con Cussion,Starter,Kenneth Barber,LV,RB|W/R/T
10,0.0,Chili Con Cussion,Non-Starter,Sammy Watkins,Bal,WR|W/R/T
10,0.75,Chili Con Cussion,Non-Starter,Nick O'Leary,LV,TE|W/R/T
10,12.72,Chili Con Cussion,Non-Starter,Alex Smith,Was,QB
10,19.0,Chili Con Cussion,Starter,Washington Commanders,Was,DEF
11,0.84,Chili Con Cussion,Starter,Carson Wentz,Min,QB
11,23.45,Chili Con Cussion,Starter,D.J. Moore,Chi,WR|W/R/T
11,19.3,Chili Con Cussion,Starter,Julio Jones,Phi,WR|W/R/T
11,10.05,Chili Con Cussion,Starter,Jalen Richard,LV,RB|W/R/T
11,17.5,Chili Con Cussion,Starter,Kenneth Barber,LV,RB|W/R/T
11,9.85,Chili Con Cussion,Starter,Jared Cook,LAC,TE|W/R/T
11,0.65,Chili Con Cussion,Starter,Sammy Watkins,Bal,WR|W/R/T
11,0.0,Chili Con Cussion,Non-Starter,Duke Johnson,Buf,RB|W/R/T
11,2.7,Chili Con Cussion,Non-Starter,Alex Smith,Was,QB
11,9.45,Chili Con Cussion,Non-Starter,Vance McDonald,Pit,TE|W/R/T
11,11.5,Chili Con Cussion,Starter,Washington Commanders,Was,DEF
12,13.24,Chili Con Cussion,Starter,Carson Wentz,Min,QB
12,11.8,Chili Con Cussion,Starter,D.J. Moore,Chi,WR|W/R/T
12,15.55,Chili Con Cussion,Starter,Julio Jones,Phi,WR|W/R/T
12,12.8,Chili Con Cussion,Starter,Kenneth Barber,LV,RB|W/R/T
12,4.15,Chili Con Cussion,Starter,Duke Johnson,Buf,RB|W/R/T
12,9.7,Chili Con Cussion,Starter,Jared Cook,LAC,TE|W/R/T
12,0.75,Chili Con Cussion,Starter,Cole Beasley,NYG,WR|W/R/T
12,2.1,Chili Con Cussion,Non-Starter,Jalen Richard,LV,RB|W/R/T
12,0.0,Chili Con Cussion,Non-Starter,Sammy Watkins,Bal,WR|W/R/T
12,3.45,Chili Con Cussion,Non-Starter,Vance McDonald,Pit,TE|W/R/T
12,8.0,Chili Con Cussion,Starter,Washington Commanders,Was,DEF
13,19.84,Chili Con Cussion,Starter,Carson Wentz,Min,QB
13,7.5,Chili Con Cussion,Starter,D.J. Moore,Chi,WR|W/R/T
13,2.3,Chili Con Cussion,Starter,Julio Jones,Phi,WR|W/R/T
13,8.5,Chili Con Cussion,Starter,Kenneth Barber,LV,RB|W/R/T
13,1.7,Chili Con Cussion,Starter,Duke Johnson,Buf,RB|W/R/T
13,17.75,Chili Con Cussion,Starter,Jared Cook,LAC,TE|W/R/T
13,1.4,Chili Con Cussion,Starter,Cole Beasley,NYG,WR|W/R/T
13,11.35,Chili Con Cussion,Non-Starter,Jalen Richard,LV,RB|W/R/T
13,0.0,Chili Con Cussion,Non-Starter,Sammy Watkins,Bal,WR|W/R/T
13,3.8,Chili Con Cussion,Non-Starter,Vance McDonald,Pit,TE|W/R/T
13,3.0,Chili Con Cussion,Starter,Washington Commanders,Was,DEF
1,20.42,DerekCarseatHeadrest,Starter,Russell Wilson,NYG,QB
1,0.0,DerekCarseatHeadrest,Starter,Doug Baldwin,Sea,WR|W/R/T
1,7.1,DerekCarseatHeadrest,Starter,Allen Robinson,Det,WR|W/R/T
1,36.35,DerekCarseatHeadrest,Starter,Alvin Kamara,NO,RB|W/R/T
1,1.15,DerekCarseatHeadrest,Starter,Giovani Bernard,TB,RB|W/R/T
1,0.85,DerekCarseatHeadrest,Starter,Travis Kelce,KC,TE|W/R/T
1,5.35,DerekCarseatHeadrest,Starter,Matt Breida,SF,RB|W/R/T
1,0.0,DerekCarseatHeadrest,Non-Starter,Sony Michel,LAC,RB|W/R/T
1,0.0,DerekCarseatHeadrest,Non-Starter,Julian Edelman,NE,WR|W/R/T
1,7.04,DerekCarseatHeadrest,Non-Starter,Jimmy Garoppolo,LAR,QB
1,18.5,DerekCarseatHeadrest,Starter,Denver Broncos,Den,DEF
2,12.74,DerekCarseatHeadrest,Starter,Russell Wilson,NYG,QB
2,10.8,DerekCarseatHeadrest,Starter,Allen Robinson,Det,WR|W/R/T
2,4.5,DerekCarseatHeadrest,Starter,Ted Ginn,Chi,WR|W/R/T
2,13.4,DerekCarseatHeadrest,Starter,Alvin Kamara,NO,RB|W/R/T
2,4.35,DerekCarseatHeadrest,Starter,Sony Michel,LAC,RB|W/R/T
2,24.65,DerekCarseatHeadrest,Starter,Travis Kelce,KC,TE|W/R/T
2,22.65,DerekCarseatHeadrest,Starter,Matt Breida,SF,RB|W/R/T
2,5.2,DerekCarseatHeadrest,Non-Starter,Giovani Bernard,TB,RB|W/R/T
2,0.0,DerekCarseatHeadrest,Non-Starter,Doug Baldwin,Sea,WR|W/R/T
2,0.0,DerekCarseatHeadrest,Non-Starter,Julian Edelman,NE,WR|W/R/T
2,6.0,DerekCarseatHeadrest,Starter,Denver Broncos,Den,DEF
3,15.58,DerekCarseatHeadrest,Starter,Russell Wilson,NYG,QB
3,5.75,DerekCarseatHeadrest,Starter,Allen Robinson,Det,WR|W/R/T
3,9.95,DerekCarseatHeadrest,Starter,Ted Ginn,Chi,WR|W/R/T
3,22.75,DerekCarseatHeadrest,Starter,Alvin Kamara,NO,RB|W/R/T
3,5.15,DerekCarseatHeadrest,Starter,Sony Michel,LAC,RB|W/R/T
3,13.4,DerekCarseatHeadrest,Starter,Travis Kelce,KC,TE|W/R/T
3,15.85,DerekCarseatHeadrest,Starter,Giovani Bernard,TB,RB|W/R/T
3,12.45,DerekCarseatHeadrest,Non-Starter,Matt Breida,SF,RB|W/R/T
3,0.0,DerekCarseatHeadrest,Non-Starter,Doug Baldwin,Sea,WR|W/R/T
3,0.0,DerekCarseatHeadrest,Non-Starter,Julian Edelman,NE,WR|W/R/T
3,9.0,DerekCarseatHeadrest,Starter,Denver Broncos,Den,DEF
4,8.98,DerekCarseatHeadrest,Starter,Russell Wilson,NYG,QB
4,8.8,DerekCarseatHeadrest,Starter,Allen Robinson,Det,WR|W/R/T
4,0.1,DerekCarseatHeadrest,Starter,Ted Ginn,Chi,WR|W/R/T
4,37.35,DerekCarseatHeadrest,Starter,Alvin Kamara,NO,RB|W/R/T
4,17.2,DerekCarseatHeadrest,Starter,Sony Michel,LAC,RB|W/R/T
4,15.55,DerekCarseatHeadrest,Starter,Travis Kelce,KC,TE|W/R/T
4,22.6,DerekCarseatHeadrest,Starter,Giovani Bernard,TB,RB|W/R/T
4,7.85,DerekCarseatHeadrest,Non-Starter,Matt Breida,SF,RB|W/R/T
4,5.35,DerekCarseatHeadrest,Non-Starter,Doug Baldwin,Sea,WR|W/R/T
4,0.0,DerekCarseatHeadrest,Non-Starter,Julian Edelman,NE,WR|W/R/T
4,3.5,DerekCarseatHeadrest,Starter,Denver Broncos,Den,DEF
5,19.92,DerekCarseatHeadrest,Starter,Russell Wilson,NYG,QB
5,7.45,DerekCarseatHeadrest,Starter,Julian Edelman,NE,WR|W/R/T
5,0.35,DerekCarseatHeadrest,Starter,Doug Baldwin,Sea,WR|W/R/T
5,4.65,DerekCarseatHeadrest,Starter,Alvin Kamara,NO,RB|W/R/T
5,17.25,DerekCarseatHeadrest,Starter,Sony Michel,LAC,RB|W/R/T
5,11.25,DerekCarseatHeadrest,Starter,Travis Kelce,KC,TE|W/R/T
5,12.35,DerekCarseatHeadrest,Starter,Matt Breida,SF,RB|W/R/T
5,0.0,DerekCarseatHeadrest,Non-Starter,Ted Ginn,Chi,WR|W/R/T
5,0.0,DerekCarseatHeadrest,Non-Starter,Allen Robinson,Det,WR|W/R/T
5,9.85,DerekCarseatHeadrest,Non-Starter,Alfred Morris,NYG,RB|W/R/T
5,7.0,DerekCarseatHeadrest,Starter,Denver Broncos,Den,DEF
6,20.88,DerekCarseatHeadrest,Starter,Russell Wilson,NYG,QB
6,13.1,DerekCarseatHeadrest,Starter,Julian Edelman,NE,WR|W/R/T
6,10.6,DerekCarseatHeadrest,Starter,Doug Baldwin,Sea,WR|W/R/T
6,22.6,DerekCarseatHeadrest,Starter,Sony Michel,LAC,RB|W/R/T
6,0.0,DerekCarseatHeadrest,Starter,Alfred Morris,NYG,RB|W/R/T
6,7.35,DerekCarseatHeadrest,Starter,Travis Kelce,KC,TE|W/R/T
6,13.65,DerekCarseatHeadrest,Starter,Allen Robinson,Det,WR|W/R/T
6,12.1,DerekCarseatHeadrest,Non-Starter,Matt Breida,SF,RB|W/R/T
6,0.0,DerekCarseatHeadrest,Non-Starter,Alvin Kamara,NO,RB|W/R/T
6,0.0,DerekCarseatHeadrest,Non-Starter,Ted Ginn,Chi,WR|W/R/T
6,20.5,DerekCarseatHeadrest,Starter,Seattle Seahawks,Sea,DEF
7,19.56,DerekCarseatHeadrest,Starter,Joe Flacco,Cle,QB
7,10.85,DerekCarseatHeadrest,Starter,Julian Edelman,NE,WR|W/R/T
7,0.65,DerekCarseatHeadrest,Starter,Allen Robinson,Det,WR|W/R/T
7,1.75,DerekCarseatHeadrest,Starter,Sony Michel,LAC,RB|W/R/T
7,14.0,DerekCarseatHeadrest,Starter,Alvin Kamara,NO,RB|W/R/T
7,10.75,DerekCarseatHeadrest,Starter,Travis Kelce,KC,TE|W/R/T
7,-0.5,DerekCarseatHeadrest,Starter,Matt Breida,SF,RB|W/R/T
7,0.0,DerekCarseatHeadrest,Non-Starter,Russell Wilson,NYG,QB
7,0.0,DerekCarseatHeadrest,Non-Starter,Doug Baldwin,Sea,WR|W/R/T
7,9.5,DerekCarseatHeadrest,Starter,Atlanta Falcons,Atl,DEF
7,0.0,DerekCarseatHeadrest,Non-Starter,Seattle Seahawks,Sea,DEF
8,23.42,DerekCarseatHeadrest,Starter,Russell Wilson,NYG,QB
8,13.95,DerekCarseatHeadrest,Starter,Julian Edelman,NE,WR|W/R/T
8,3.1,DerekCarseatHeadrest,Starter,Doug Baldwin,Sea,WR|W/R/T
8,21.35,DerekCarseatHeadrest,Starter,Alvin Kamara,NO,RB|W/R/T
8,4.2,DerekCarseatHeadrest,Starter,Matt Breida,SF,RB|W/R/T
8,15.4,DerekCarseatHeadrest,Starter,Travis Kelce,KC,TE|W/R/T
8,4.75,DerekCarseatHeadrest,Starter,Chris Ivory,Buf,RB|W/R/T
8,0.0,DerekCarseatHeadrest,Non-Starter,Sony Michel,LAC,RB|W/R/T
8,0.0,DerekCarseatHeadrest,Non-Starter,Allen Robinson,Det,WR|W/R/T
8,20.2,DerekCarseatHeadrest,Non-Starter,Larry Fitzgerald,Ari,WR|W/R/T
8,11.5,DerekCarseatHeadrest,Starter,Seattle Seahawks,Sea,DEF
9,17.5,DerekCarseatHeadrest,Starter,Russell Wilson,NYG,QB
9,12.88,DerekCarseatHeadrest,Starter,Julian Edelman,NE,WR|W/R/T
9,8.7,DerekCarseatHeadrest,Starter,Doug Baldwin,Sea,WR|W/R/T
9,30.6,DerekCarseatHeadrest,Starter,Alvin Kamara,NO,RB|W/R/T
9,4.95,DerekCarseatHeadrest,Starter,Matt Breida,SF,RB|W/R/T
9,23.65,DerekCarseatHeadrest,Starter,Travis Kelce,KC,TE|W/R/T
9,0.0,DerekCarseatHeadrest,Starter,Sony Michel,LAC,RB|W/R/T
9,0.0,DerekCarseatHeadrest,Non-Starter,Allen Robinson,Det,WR|W/R/T
9,6.25,DerekCarseatHeadrest,Non-Starter,Chris Ivory,Buf,RB|W/R/T
9,0.0,DerekCarseatHeadrest,Non-Starter,Larry Fitzgerald,Ari,WR|W/R/T
9,6.5,DerekCarseatHeadrest,Starter,Seattle Seahawks,Sea,DEF
10,26.24,DerekCarseatHeadrest,Starter,Russell Wilson,NYG,QB
10,12.89,DerekCarseatHeadrest,Starter,Julian Edelman,NE,WR|W/R/T
10,6.5,DerekCarseatHeadrest,Starter,Larry Fitzgerald,Ari,WR|W/R/T
10,23.2,DerekCarseatHeadrest,Starter,Alvin Kamara,NO,RB|W/R/T
10,25.95,DerekCarseatHeadrest,Starter,Matt Breida,SF,RB|W/R/T
10,6.1,DerekCarseatHeadrest,Starter,Travis Kelce,KC,TE|W/R/T
10,3.1,DerekCarseatHeadrest,Starter,Sony Michel,LAC,RB|W/R/T
10,5.15,DerekCarseatHeadrest,Non-Starter,Doug Baldwin,Sea,WR|W/R/T
10,26.8,DerekCarseatHeadrest,Non-Starter,Allen Robinson,Det,WR|W/R/T
10,0.0,DerekCarseatHeadrest,Non-Starter,Chris Ivory,Buf,RB|W/R/T
10,0.0,DerekCarseatHeadrest,Starter,Seattle Seahawks,Sea,DEF
11,17.85,DerekCarseatHeadrest,Starter,Russell Wilson,NYG,QB
11,14.8,DerekCarseatHeadrest,Starter,Larry Fitzgerald,Ari,WR|W/R/T
11,12.95,DerekCarseatHeadrest,Starter,Doug Baldwin,Sea,WR|W/R/T
11,17.05,DerekCarseatHeadrest,Starter,Alvin Kamara,NO,RB|W/R/T
11,3.65,DerekCarseatHeadrest,Starter,Nyheim Miller-Hines,LAC,RB|W/R/T
11,21.2,DerekCarseatHeadrest,Starter,Travis Kelce,KC,TE|W/R/T
11,4.65,DerekCarseatHeadrest,Starter,Allen Robinson,Det,WR|W/R/T
11,0.0,DerekCarseatHeadrest,Non-Starter,Matt Breida,SF,RB|W/R/T
11,0.0,DerekCarseatHeadrest,Non-Starter,Sony Michel,LAC,RB|W/R/T
11,0.0,DerekCarseatHeadrest,Non-Starter,Julian Edelman,NE,WR|W/R/T
11,8.5,DerekCarseatHeadrest,Starter,Seattle Seahawks,Sea,DEF
12,21.96,DerekCarseatHeadrest,Starter,Russell Wilson,NYG,QB
12,5.15,DerekCarseatHeadrest,Starter,Doug Baldwin,Sea,WR|W/R/T
12,15.4,DerekCarseatHeadrest,Starter,Julian Edelman,NE,WR|W/R/T
12,10.05,DerekCarseatHeadrest,Starter,Alvin Kamara,NO,RB|W/R/T
12,21.0,DerekCarseatHeadrest,Starter,Sony Michel,LAC,RB|W/R/T
12,12.8,DerekCarseatHeadrest,Starter,Jonnu Smith,Pit,TE|W/R/T
12,14.75,DerekCarseatHeadrest,Starter,Matt Breida,SF,RB|W/R/T
12,0.0,DerekCarseatHeadrest,Non-Starter,Travis Kelce,KC,TE|W/R/T
12,4.2,DerekCarseatHeadrest,Non-Starter,Allen Robinson,Det,WR|W/R/T
12,9.5,DerekCarseatHeadrest,Non-Starter,Larry Fitzgerald,Ari,WR|W/R/T
12,3.5,DerekCarseatHeadrest,Starter,Seattle Seahawks,Sea,DEF
13,24.8,DerekCarseatHeadrest,Starter,Russell Wilson,NYG,QB
13,6.75,DerekCarseatHeadrest,Starter,Julian Edelman,NE,WR|W/R/T
13,5.55,DerekCarseatHeadrest,Starter,Larry Fitzgerald,Ari,WR|W/R/T
13,9.2,DerekCarseatHeadrest,Starter,Alvin Kamara,NO,RB|W/R/T
13,7.25,DerekCarseatHeadrest,Starter,Sony Michel,LAC,RB|W/R/T
13,29.8,DerekCarseatHeadrest,Starter,Travis Kelce,KC,TE|W/R/T
13,6.45,DerekCarseatHeadrest,Starter,Matt Breida,SF,RB|W/R/T
13,3.4,DerekCarseatHeadrest,Non-Starter,Jonnu Smith,Pit,TE|W/R/T
13,8.7,DerekCarseatHeadrest,Non-Starter,Doug Baldwin,Sea,WR|W/R/T
13,9.15,DerekCarseatHeadrest,Non-Starter,Allen Robinson,Det,WR|W/R/T
13,19.0,DerekCarseatHeadrest,Starter,Seattle Seahawks,Sea,DEF
14,8.98,DerekCarseatHeadrest,Starter,Russell Wilson,NYG,QB
14,16.85,DerekCarseatHeadrest,Starter,Julian Edelman,NE,WR|W/R/T
14,6.75,DerekCarseatHeadrest,Starter,Larry Fitzgerald,Ari,WR|W/R/T
14,11.95,DerekCarseatHeadrest,Starter,Alvin Kamara,NO,RB|W/R/T
14,5.7,DerekCarseatHeadrest,Starter,Sony Michel,LAC,RB|W/R/T
14,15.45,DerekCarseatHeadrest,Starter,Travis Kelce,KC,TE|W/R/T
14,9.85,DerekCarseatHeadrest,Starter,Jeff Wilson,SF,RB|W/R/T
14,5.45,DerekCarseatHeadrest,Non-Starter,Allen Robinson,Det,WR|W/R/T
14,0.0,DerekCarseatHeadrest,Non-Starter,Matt Breida,SF,RB|W/R/T
14,0.0,DerekCarseatHeadrest,Non-Starter,Doug Baldwin,Sea,WR|W/R/T
14,17.5,DerekCarseatHeadrest,Starter,Seattle Seahawks,Sea,DEF
15,18.98,DerekCarseatHeadrest,Starter,Russell Wilson,NYG,QB
15,10.75,DerekCarseatHeadrest,Starter,Julian Edelman,NE,WR|W/R/T
15,9.95,DerekCarseatHeadrest,Starter,Larry Fitzgerald,Ari,WR|W/R/T
15,18.05,DerekCarseatHeadrest,Starter,Alvin Kamara,NO,RB|W/R/T
15,5.9,DerekCarseatHeadrest,Starter,Sony Michel,LAC,RB|W/R/T
15,7.85,DerekCarseatHeadrest,Starter,Travis Kelce,KC,TE|W/R/T
15,10.85,DerekCarseatHeadrest,Starter,Matt Breida,SF,RB|W/R/T
15,2.6,DerekCarseatHeadrest,Non-Starter,Jeff Wilson,SF,RB|W/R/T
15,6.15,DerekCarseatHeadrest,Non-Starter,Allen Robinson,Det,WR|W/R/T
15,20.7,DerekCarseatHeadrest,Non-Starter,Doug Baldwin,Sea,WR|W/R/T
15,8.5,DerekCarseatHeadrest,Starter,Seattle Seahawks,Sea,DEF
1,6.04,Just Say Quanbarkley,Starter,Matthew Stafford,LAR,QB
1,16.05,Just Say Quanbarkley,Starter,Davante Adams,LAR,WR|W/R/T
1,5.05,Just Say Quanbarkley,Starter,Robert Woods,Pit,WR|W/R/T
1,19.3,Just Say Quanbarkley,Starter,Saquon Barkley,Phi,RB|W/R/T
1,7.15,Just Say Quanbarkley,Starter,Rex Burkhead,Hou,RB|W/R/T
1,6.05,Just Say Quanbarkley,Starter,Zach Ertz,Was,TE|W/R/T
1,2.75,Just Say Quanbarkley,Starter,Duke Johnson,Buf,RB|W/R/T
1,22.0,Just Say Quanbarkley,Non-Starter,Emmanuel Sanders,Buf,WR|W/R/T
1,0.0,Just Say Quanbarkley,Non-Starter,Aaron Jones,Min,RB|W/R/T
1,4.75,Just Say Quanbarkley,Non-Starter,Theo Riddick,LV,RB|W/R/T
1,0.0,Just Say Quanbarkley,Starter,Los Angeles Chargers,LAC,DEF
2,24.68,Just Say Quanbarkley,Starter,Matthew Stafford,LAR,QB
2,14.4,Just Say Quanbarkley,Starter,Davante Adams,LAR,WR|W/R/T
2,9.6,Just Say Quanbarkley,Starter,Robert Woods,Pit,WR|W/R/T
2,14.3,Just Say Quanbarkley,Starter,Saquon Barkley,Phi,RB|W/R/T
2,1.5,Just Say Quanbarkley,Starter,Duke Johnson,Buf,RB|W/R/T
2,12.15,Just Say Quanbarkley,Starter,Zach Ertz,Was,TE|W/R/T
2,10.6,Just Say Quanbarkley,Starter,Emmanuel Sanders,Buf,WR|W/R/T
2,2.2,Just Say Quanbarkley,Non-Starter,Rex Burkhead,Hou,RB|W/R/T
2,0.0,Just Say Quanbarkley,Non-Starter,Aaron Jones,Min,RB|W/R/T
2,14.48,Just Say Quanbarkley,Non-Starter,Case Keenum,Chi,QB
2,14.5,Just Say Quanbarkley,Starter,Los Angeles Chargers,LAC,DEF
3,17.48,Just Say Quanbarkley,Starter,Matthew Stafford,LAR,QB
3,12.95,Just Say Quanbarkley,Starter,Davante Adams,LAR,WR|W/R/T
3,26.2,Just Say Quanbarkley,Starter,Robert Woods,Pit,WR|W/R/T
3,18.95,Just Say Quanbarkley,Starter,Saquon Barkley,Phi,RB|W/R/T
3,3.1,Just Say Quanbarkley,Starter,Rex Burkhead,Hou,RB|W/R/T
3,8.55,Just Say Quanbarkley,Starter,Zach Ertz,Was,TE|W/R/T
3,14.55,Just Say Quanbarkley,Starter,Emmanuel Sanders,Buf,WR|W/R/T
3,3.8,Just Say Quanbarkley,Non-Starter,Duke Johnson,Buf,RB|W/R/T
3,4.95,Just Say Quanbarkley,Non-Starter,Aaron Jones,Min,RB|W/R/T
3,5.68,Just Say Quanbarkley,Non-Starter,Case Keenum,Chi,QB
3,4.0,Just Say Quanbarkley,Starter,Los Angeles Chargers,LAC,DEF
4,20.78,Just Say Quanbarkley,Starter,Matthew Stafford,LAR,QB
4,10.1,Just Say Quanbarkley,Starter,Davante Adams,LAR,WR|W/R/T
4,17.35,Just Say Quanbarkley,Starter,Robert Woods,Pit,WR|W/R/T
4,17.5,Just Say Quanbarkley,Starter,Saquon Barkley,Phi,RB|W/R/T
4,14.45,Just Say Quanbarkley,Starter,Aaron Jones,Min,RB|W/R/T
4,13.7,Just Say Quanbarkley,Starter,Zach Ertz,Was,TE|W/R/T
4,7.55,Just Say Quanbarkley,Starter,Emmanuel Sanders,Buf,WR|W/R/T
4,10.6,Just Say Quanbarkley,Non-Starter,Duke Johnson,Buf,RB|W/R/T
4,7.8,Just Say Quanbarkley,Non-Starter,Case Keenum,Chi,QB
4,7.9,Just Say Quanbarkley,Non-Starter,Ty Montgomery II,NE,RB|W/R/T
4,9.5,Just Say Quanbarkley,Starter,Los Angeles Chargers,LAC,DEF
5,15.22,Just Say Quanbarkley,Starter,Matthew Stafford,LAR,QB
5,22.25,Just Say Quanbarkley,Starter,Davante Adams,LAR,WR|W/R/T
5,15.75,Just Say Quanbarkley,Starter,Robert Woods,Pit,WR|W/R/T
5,25.9,Just Say Quanbarkley,Starter,Saquon Barkley,Phi,RB|W/R/T
5,6.4,Just Say Quanbarkley,Starter,Aaron Jones,Min,RB|W/R/T
5,19.5,Just Say Quanbarkley,Starter,Zach Ertz,Was,TE|W/R/T
5,9.45,Just Say Quanbarkley,Starter,Emmanuel Sanders,Buf,WR|W/R/T
5,21.08,Just Say Quanbarkley,Non-Starter,Case Keenum,Chi,QB
5,4.05,Just Say Quanbarkley,Non-Starter,Ty Montgomery II,NE,RB|W/R/T
5,7.3,Just Say Quanbarkley,Non-Starter,Ryan Grant,GB,WR|W/R/T
5,15.5,Just Say Quanbarkley,Starter,Los Angeles Chargers,LAC,DEF
6,27.34,Just Say Quanbarkley,Starter,Mitchell Trubisky,Buf,QB
6,27.7,Just Say Quanbarkley,Starter,Davante Adams,LAR,WR|W/R/T
6,13.85,Just Say Quanbarkley,Starter,Robert Woods,Pit,WR|W/R/T
6,31.15,Just Say Quanbarkley,Starter,Saquon Barkley,Phi,RB|W/R/T
6,4.1,Just Say Quanbarkley,Starter,Aaron Jones,Min,RB|W/R/T
6,12.05,Just Say Quanbarkley,Starter,Zach Ertz,Was,TE|W/R/T
6,19.25,Just Say Quanbarkley,Starter,Emmanuel Sanders,Buf,WR|W/R/T
6,0.0,Just Say Quanbarkley,Non-Starter,Matthew Stafford,LAR,QB
6,8.7,Just Say Quanbarkley,Non-Starter,Ty Montgomery II,NE,RB|W/R/T
6,2.9,Just Say Quanbarkley,Non-Starter,Ryan Grant,GB,WR|W/R/T
6,12.5,Just Say Quanbarkley,Starter,Los Angeles Chargers,LAC,DEF
7,31.42,Just Say Quanbarkley,Starter,Mitchell Trubisky,Buf,QB
7,9.65,Just Say Quanbarkley,Starter,Robert Woods,Pit,WR|W/R/T
7,5.0,Just Say Quanbarkley,Starter,Chester Rogers,Cle,WR|W/R/T
7,19.65,Just Say Quanbarkley,Starter,Saquon Barkley,Phi,RB|W/R/T
7,8.8,Just Say Quanbarkley,Starter,Raheem Mostert,LV,RB|W/R/T
7,16.05,Just Say Quanbarkley,Starter,Zach Ertz,Was,TE|W/R/T
7,22.82,Just Say Quanbarkley,Starter,Emmanuel Sanders,Buf,WR|W/R/T
7,0.0,Just Say Quanbarkley,Non-Starter,Aaron Jones,Min,RB|W/R/T
7,0.0,Just Say Quanbarkley,Non-Starter,Davante Adams,LAR,WR|W/R/T
7,17.58,Just Say Quanbarkley,Non-Starter,Matthew Stafford,LAR,QB
7,9.0,Just Say Quanbarkley,Starter,Los Angeles Chargers,LAC,DEF
8,21.9,Just Say Quanbarkley,Starter,Mitchell Trubisky,Buf,QB
8,8.25,Just Say Quanbarkley,Starter,Robert Woods,Pit,WR|W/R/T
8,14.55,Just Say Quanbarkley,Starter,Davante Adams,LAR,WR|W/R/T
8,13.35,Just Say Quanbarkley,Starter,Saquon Barkley,Phi,RB|W/R/T
8,15.1,Just Say Quanbarkley,Starter,Aaron Jones,Min,RB|W/R/T
8,9.6,Just Say Quanbarkley,Starter,Zach Ertz,Was,TE|W/R/T
8,6.1,Just Say Quanbarkley,Starter,Emmanuel Sanders,Buf,WR|W/R/T
8,1.8,Just Say Quanbarkley,Non-Starter,Raheem Mostert,LV,RB|W/R/T
8,2.0,Just Say Quanbarkley,Non-Starter,Chester Rogers,Cle,WR|W/R/T
8,17.0,Just Say Quanbarkley,Non-Starter,Matthew Stafford,LAR,QB
8,12.0,Just Say Quanbarkley,Starter,Pittsburgh Steelers,Pit,DEF
9,8.0,Just Say Quanbarkley,Starter,Mitchell Trubisky,Buf,QB
9,8.75,Just Say Quanbarkley,Starter,Robert Woods,Pit,WR|W/R/T
9,11.5,Just Say Quanbarkley,Starter,Davante Adams,LAR,WR|W/R/T
9,7.0,Just Say Quanbarkley,Starter,Aaron Jones,Min,RB|W/R/T
9,14.6,Just Say Quanbarkley,Starter,Raheem Mostert,LV,RB|W/R/T
9,0.0,Just Say Quanbarkley,Starter,Ed Dickson,Sea,TE|W/R/T
9,6.2,Just Say Quanbarkley,Starter,Emmanuel Sanders,Buf,WR|W/R/T
9,0.0,Just Say Quanbarkley,Non-Starter,Zach Ertz,Was,TE|W/R/T
9,0.0,Just Say Quanbarkley,Non-Starter,Saquon Barkley,Phi,RB|W/R/T
9,6.56,Just Say Quanbarkley,Non-Starter,Matthew Stafford,LAR,QB
9,6.0,Just Say Quanbarkley,Starter,Pittsburgh Steelers,Pit,DEF
10,36.0,Just Say Quanbarkley,Starter,Mitchell Trubisky,Buf,QB
10,11.6,Just Say Quanbarkley,Starter,Robert Woods,Pit,WR|W/R/T
10,18.7,Just Say Quanbarkley,Starter,Davante Adams,LAR,WR|W/R/T
10,29.95,Just Say Quanbarkley,Starter,Aaron Jones,Min,RB|W/R/T
10,11.0,Just Say Quanbarkley,Starter,Saquon Barkley,Phi,RB|W/R/T
10,30.0,Just Say Quanbarkley,Starter,Zach Ertz,Was,TE|W/R/T
10,11.6,Just Say Quanbarkley,Starter,Josh Doctson,Ari,WR|W/R/T
10,2.65,Just Say Quanbarkley,Non-Starter,Ed Dickson,Sea,TE|W/R/T
10,0.0,Just Say Quanbarkley,Non-Starter,Emmanuel Sanders,Buf,WR|W/R/T
10,15.86,Just Say Quanbarkley,Non-Starter,Matthew Stafford,LAR,QB
10,19.5,Just Say Quanbarkley,Starter,Pittsburgh Steelers,Pit,DEF
11,14.9,Just Say Quanbarkley,Starter,Mitchell Trubisky,Buf,QB
11,14.2,Just Say Quanbarkley,Starter,Robert Woods,Pit,WR|W/R/T
11,19.1,Just Say Quanbarkley,Starter,Davante Adams,LAR,WR|W/R/T
11,23.55,Just Say Quanbarkley,Starter,Aaron Jones,Min,RB|W/R/T
11,33.7,Just Say Quanbarkley,Starter,Saquon Barkley,Phi,RB|W/R/T
11,2.0,Just Say Quanbarkley,Starter,Zach Ertz,Was,TE|W/R/T
11,7.2,Just Say Quanbarkley,Starter,Emmanuel Sanders,Buf,WR|W/R/T
11,3.95,Just Say Quanbarkley,Non-Starter,Josh Doctson,Ari,WR|W/R/T
11,7.75,Just Say Quanbarkley,Non-Starter,Ed Dickson,Sea,TE|W/R/T
11,13.4,Just Say Quanbarkley,Non-Starter,Matthew Stafford,LAR,QB
11,16.5,Just Say Quanbarkley,Starter,Pittsburgh Steelers,Pit,DEF
12,3.44,Just Say Quanbarkley,Starter,Matthew Stafford,LAR,QB
12,14.15,Just Say Quanbarkley,Starter,Davante Adams,LAR,WR|W/R/T
12,8.1,Just Say Quanbarkley,Starter,Josh Doctson,Ari,WR|W/R/T
12,16.05,Just Say Quanbarkley,Starter,Aaron Jones,Min,RB|W/R/T
12,27.95,Just Say Quanbarkley,Starter,Saquon Barkley,Phi,RB|W/R/T
12,16.85,Just Say Quanbarkley,Starter,Zach Ertz,Was,TE|W/R/T
12,16.35,Just Say Quanbarkley,Starter,Emmanuel Sanders,Buf,WR|W/R/T
12,0.0,Just Say Quanbarkley,Non-Starter,Robert Woods,Pit,WR|W/R/T
12,0.0,Just Say Quanbarkley,Non-Starter,Mitchell Trubisky,Buf,QB
12,1.8,Just Say Quanbarkley,Non-Starter,Ed Dickson,Sea,TE|W/R/T
12,4.5,Just Say Quanbarkley,Starter,Pittsburgh Steelers,Pit,DEF
13,11.88,Just Say Quanbarkley,Starter,Baker Mayfield,TB,QB
13,17.3,Just Say Quanbarkley,Starter,Davante Adams,LAR,WR|W/R/T
13,15.05,Just Say Quanbarkley,Starter,Robert Woods,Pit,WR|W/R/T
13,12.2,Just Say Quanbarkley,Starter,Aaron Jones,Min,RB|W/R/T
13,15.35,Just Say Quanbarkley,Starter,Saquon Barkley,Phi,RB|W/R/T
13,10.55,Just Say Quanbarkley,Starter,Zach Ertz,Was,TE|W/R/T
13,2.9,Just Say Quanbarkley,Starter,Emmanuel Sanders,Buf,WR|W/R/T
13,10.0,Just Say Quanbarkley,Non-Starter,Matthew Stafford,LAR,QB
13,5.85,Just Say Quanbarkley,Non-Starter,Josh Doctson,Ari,WR|W/R/T
13,0.0,Just Say Quanbarkley,Non-Starter,Mitchell Trubisky,Buf,QB
13,4.0,Just Say Quanbarkley,Starter,Pittsburgh Steelers,Pit,DEF
14,4.7,Just Say Quanbarkley,Starter,Mitchell Trubisky,Buf,QB
14,15.85,Just Say Quanbarkley,Starter,Davante Adams,LAR,WR|W/R/T
14,7.85,Just Say Quanbarkley,Starter,Robert Woods,Pit,WR|W/R/T
14,17.35,Just Say Quanbarkley,Starter,Aaron Jones,Min,RB|W/R/T
14,26.7,Just Say Quanbarkley,Starter,Saquon Barkley,Phi,RB|W/R/T
14,5.05,Just Say Quanbarkley,Starter,Zach Ertz,Was,TE|W/R/T
14,6.4,Just Say Quanbarkley,Starter,Stevan Ridley,Pit,RB|W/R/T
14,13.72,Just Say Quanbarkley,Non-Starter,Baker Mayfield,TB,QB
14,9.4,Just Say Quanbarkley,Non-Starter,Josh Doctson,Ari,WR|W/R/T
14,2.95,Just Say Quanbarkley,Non-Starter,Zay Jones,Ari,WR|W/R/T
14,9.5,Just Say Quanbarkley,Starter,Pittsburgh Steelers,Pit,DEF
15,12.12,Just Say Quanbarkley,Starter,Baker Mayfield,TB,QB
15,15.9,Just Say Quanbarkley,Starter,Davante Adams,LAR,WR|W/R/T
15,11.05,Just Say Quanbarkley,Starter,Robert Woods,Pit,WR|W/R/T
15,0.8,Just Say Quanbarkley,Starter,Aaron Jones,Min,RB|W/R/T
15,6.6,Just Say Quanbarkley,Starter,Saquon Barkley,Phi,RB|W/R/T
15,2.95,Just Say Quanbarkley,Starter,Zach Ertz,Was,TE|W/R/T
15,3.75,Just Say Quanbarkley,Starter,Randall Cobb,NYJ,WR|W/R/T
15,10.3,Just Say Quanbarkley,Non-Starter,Jordy Nelson,LV,WR|W/R/T
15,19.0,Just Say Quanbarkley,Non-Starter,Mitchell Trubisky,Buf,QB
15,1.35,Just Say Quanbarkley,Non-Starter,Zay Jones,Ari,WR|W/R/T
15,16.0,Just Say Quanbarkley,Starter,Jacksonville Jaguars,Jax,DEF
16,24.96,Just Say Quanbarkley,Starter,Baker Mayfield,TB,QB
16,15.85,Just Say Quanbarkley,Starter,Davante Adams,LAR,WR|W/R/T
16,23.9,Just Say Quanbarkley,Starter,Robert Woods,Pit,WR|W/R/T
16,0.0,Just Say Quanbarkley,Starter,Aaron Jones,Min,RB|W/R/T
16,14.95,Just Say Quanbarkley,Starter,Saquon Barkley,Phi,RB|W/R/T
16,26.0,Just Say Quanbarkley,Starter,Zach Ertz,Was,TE|W/R/T
16,0.0,Just Say Quanbarkley,Starter,Randall Cobb,NYJ,WR|W/R/T
16,9.25,Just Say Quanbarkley,Non-Starter,Jordy Nelson,LV,WR|W/R/T
16,12.14,Just Say Quanbarkley,Non-Starter,Mitchell Trubisky,Buf,QB
16,13.95,Just Say Quanbarkley,Non-Starter,Zay Jones,Ari,WR|W/R/T
16,20.5,Just Say Quanbarkley,Starter,Jacksonville Jaguars,Jax,DEF
1,11.04,Football Yankees,Starter,Deshaun Watson,Cle,QB
1,22.45,Football Yankees,Starter,Mike Evans,TB,WR|W/R/T
1,11.7,Football Yankees,Starter,Adam Thielen,Car,WR|W/R/T
1,13.95,Football Yankees,Starter,David Johnson,NO,RB|W/R/T
1,4.85,Football Yankees,Starter,Tarik Cohen,Car,RB|W/R/T
1,5.15,Football Yankees,Starter,Tyler Eifert,Jax,TE|W/R/T
1,13.8,Football Yankees,Starter,Demaryius Thomas,NE,WR|W/R/T
1,1.8,Football Yankees,Non-Starter,Alfred Morris,NYG,RB|W/R/T
1,22.2,Football Yankees,Non-Starter,Isaiah Crowell,LV,RB|W/R/T
1,3.2,Football Yankees,Non-Starter,Paul Richardson,Was,WR|W/R/T
1,-2.0,Football Yankees,Starter,New Orleans Saints,NO,DEF
2,22.8,Football Yankees,Starter,Deshaun Watson,Cle,QB
2,14.8,Football Yankees,Starter,Mike Evans,TB,WR|W/R/T
2,22.1,Football Yankees,Starter,Adam Thielen,Car,WR|W/R/T
2,5.35,Football Yankees,Starter,David Johnson,NO,RB|W/R/T
2,4.4,Football Yankees,Starter,Isaiah Crowell,LV,RB|W/R/T
2,2.8,Football Yankees,Starter,Tyler Eifert,Jax,TE|W/R/T
2,3.05,Football Yankees,Starter,Demaryius Thomas,NE,WR|W/R/T
2,2.75,Football Yankees,Non-Starter,Tarik Cohen,Car,RB|W/R/T
2,8.5,Football Yankees,Non-Starter,Alfred Morris,NYG,RB|W/R/T
2,10.95,Football Yankees,Non-Starter,Quincy Enunwa,NYJ,WR|W/R/T
2,5.5,Football Yankees,Starter,Houston Texans,Hou,DEF
3,25.0,Football Yankees,Starter,Deshaun Watson,Cle,QB
3,21.2,Football Yankees,Starter,Mike Evans,TB,WR|W/R/T
3,14.0,Football Yankees,Starter,Adam Thielen,Car,WR|W/R/T
3,13.1,Football Yankees,Starter,David Johnson,NO,RB|W/R/T
3,17.6,Football Yankees,Starter,Isaiah Crowell,LV,RB|W/R/T
3,8.9,Football Yankees,Starter,Tyler Eifert,Jax,TE|W/R/T
3,6.7,Football Yankees,Starter,Quincy Enunwa,NYJ,WR|W/R/T
3,7.55,Football Yankees,Non-Starter,Demaryius Thomas,NE,WR|W/R/T
3,7.55,Football Yankees,Non-Starter,Tarik Cohen,Car,RB|W/R/T
3,12.7,Football Yankees,Non-Starter,Alfred Morris,NYG,RB|W/R/T
3,7.5,Football Yankees,Starter,Houston Texans,Hou,DEF
4,31.1,Football Yankees,Starter,Deshaun Watson,Cle,QB
4,7.4,Football Yankees,Starter,Mike Evans,TB,WR|W/R/T
4,21.5,Football Yankees,Starter,Adam Thielen,Car,WR|W/R/T
4,15.95,Football Yankees,Starter,David Johnson,NO,RB|W/R/T
4,0.55,Football Yankees,Starter,Isaiah Crowell,LV,RB|W/R/T
4,10.8,Football Yankees,Starter,Tyler Eifert,Jax,TE|W/R/T
4,3.4,Football Yankees,Starter,Demaryius Thomas,NE,WR|W/R/T
4,7.6,Football Yankees,Non-Starter,Quincy Enunwa,NYJ,WR|W/R/T
4,25.15,Football Yankees,Non-Starter,Tarik Cohen,Car,RB|W/R/T
4,2.05,Football Yankees,Non-Starter,Alfred Morris,NYG,RB|W/R/T
4,18.5,Football Yankees,Starter,Houston Texans,Hou,DEF
5,21.0,Football Yankees,Starter,Deshaun Watson,Cle,QB
5,19.35,Football Yankees,Starter,Adam Thielen,Car,WR|W/R/T
5,0.0,Football Yankees,Starter,Quincy Enunwa,NYJ,WR|W/R/T
5,19.6,Football Yankees,Starter,David Johnson,NO,RB|W/R/T
5,29.35,Football Yankees,Starter,Isaiah Crowell,LV,RB|W/R/T
5,4.8,Football Yankees,Starter,C.J. Uzomah,Phi,TE|W/R/T
5,17.75,Football Yankees,Starter,Demaryius Thomas,NE,WR|W/R/T
5,0.0,Football Yankees,Non-Starter,Mike Evans,TB,WR|W/R/T
5,0.0,Football Yankees,Non-Starter,Tarik Cohen,Car,RB|W/R/T
5,0.0,Football Yankees,Non-Starter,Jack Doyle,Ind,TE|W/R/T
5,10.5,Football Yankees,Starter,Houston Texans,Hou,DEF
6,5.28,Football Yankees,Starter,Deshaun Watson,Cle,QB
6,21.05,Football Yankees,Starter,Adam Thielen,Car,WR|W/R/T
6,6.8,Football Yankees,Starter,Mike Evans,TB,WR|W/R/T
6,11.4,Football Yankees,Starter,David Johnson,NO,RB|W/R/T
6,5.7,Football Yankees,Starter,Isaiah Crowell,LV,RB|W/R/T
6,6.9,Football Yankees,Starter,C.J. Uzomah,Phi,TE|W/R/T
6,12.45,Football Yankees,Starter,Demaryius Thomas,NE,WR|W/R/T
6,-0.85,Football Yankees,Non-Starter,Quincy Enunwa,NYJ,WR|W/R/T
6,17.85,Football Yankees,Non-Starter,Tarik Cohen,Car,RB|W/R/T
6,0.0,Football Yankees,Non-Starter,Jack Doyle,Ind,TE|W/R/T
6,23.5,Football Yankees,Starter,Houston Texans,Hou,DEF
7,10.86,Football Yankees,Starter,Deshaun Watson,Cle,QB
7,19.25,Football Yankees,Starter,Adam Thielen,Car,WR|W/R/T
7,12.45,Football Yankees,Starter,Mike Evans,TB,WR|W/R/T
7,7.75,Football Yankees,Starter,David Johnson,NO,RB|W/R/T
7,16.3,Football Yankees,Starter,Tarik Cohen,Car,RB|W/R/T
7,7.8,Football Yankees,Starter,C.J. Uzomah,Phi,TE|W/R/T
7,5.45,Football Yankees,Starter,Demaryius Thomas,NE,WR|W/R/T
7,5.25,Football Yankees,Non-Starter,Isaiah Crowell,LV,RB|W/R/T
7,0.0,Football Yankees,Non-Starter,Jack Doyle,Ind,TE|W/R/T
7,3.55,Football Yankees,Non-Starter,Frank Gore,NYJ,RB|W/R/T
7,17.0,Football Yankees,Starter,Houston Texans,Hou,DEF
8,30.96,Football Yankees,Starter,Deshaun Watson,Cle,QB
8,17.55,Football Yankees,Starter,Adam Thielen,Car,WR|W/R/T
8,25.4,Football Yankees,Starter,Mike Evans,TB,WR|W/R/T
8,11.0,Football Yankees,Starter,David Johnson,NO,RB|W/R/T
8,17.25,Football Yankees,Starter,Tarik Cohen,Car,RB|W/R/T
8,0.0,Football Yankees,Starter,C.J. Uzomah,Phi,TE|W/R/T
8,4.05,Football Yankees,Starter,Isaiah Crowell,LV,RB|W/R/T
8,3.75,Football Yankees,Non-Starter,Demaryius Thomas,NE,WR|W/R/T
8,14.5,Football Yankees,Non-Starter,Jack Doyle,Ind,TE|W/R/T
8,6.05,Football Yankees,Non-Starter,Frank Gore,NYJ,RB|W/R/T
8,7.5,Football Yankees,Starter,Houston Texans,Hou,DEF
9,20.32,Football Yankees,Starter,Deshaun Watson,Cle,QB
9,9.7,Football Yankees,Starter,Adam Thielen,Car,WR|W/R/T
9,1.85,Football Yankees,Starter,Mike Evans,TB,WR|W/R/T
9,1.55,Football Yankees,Starter,Tarik Cohen,Car,RB|W/R/T
9,6.25,Football Yankees,Starter,Isaiah Crowell,LV,RB|W/R/T
9,3.25,Football Yankees,Starter,Vance McDonald,Pit,TE|W/R/T
9,6.45,Football Yankees,Starter,Courtland Sutton,Den,WR|W/R/T
9,6.85,Football Yankees,Non-Starter,Demaryius Thomas,NE,WR|W/R/T
9,0.0,Football Yankees,Non-Starter,David Johnson,NO,RB|W/R/T
9,0.0,Football Yankees,Non-Starter,Jack Doyle,Ind,TE|W/R/T
9,9.5,Football Yankees,Starter,Houston Texans,Hou,DEF
10,22.64,Football Yankees,Starter,Baker Mayfield,TB,QB
10,5.85,Football Yankees,Starter,Mike Evans,TB,WR|W/R/T
10,5.9,Football Yankees,Starter,Marquez Valdes-Scantling,Sea,WR|W/R/T
10,11.9,Football Yankees,Starter,Tarik Cohen,Car,RB|W/R/T
10,10.2,Football Yankees,Starter,Isaiah Crowell,LV,RB|W/R/T
10,4.35,Football Yankees,Starter,Jack Doyle,Ind,TE|W/R/T
10,32.05,Football Yankees,Starter,David Johnson,NO,RB|W/R/T
10,0.0,Football Yankees,Non-Starter,Deshaun Watson,Cle,QB
10,0.0,Football Yankees,Non-Starter,Adam Thielen,Car,WR|W/R/T
10,0.0,Football Yankees,Non-Starter,Courtland Sutton,Den,WR|W/R/T
10,3.5,Football Yankees,Starter,Jacksonville Jaguars,Jax,DEF
11,9.02,Football Yankees,Starter,Deshaun Watson,Cle,QB
11,25.5,Football Yankees,Starter,Mike Evans,TB,WR|W/R/T
11,10.35,Football Yankees,Starter,Adam Thielen,Car,WR|W/R/T
11,3.75,Football Yankees,Starter,Tarik Cohen,Car,RB|W/R/T
11,15.65,Football Yankees,Starter,David Johnson,NO,RB|W/R/T
11,5.3,Football Yankees,Starter,Jack Doyle,Ind,TE|W/R/T
11,1.05,Football Yankees,Starter,Marquez Valdes-Scantling,Sea,WR|W/R/T
11,0.0,Football Yankees,Non-Starter,Isaiah Crowell,LV,RB|W/R/T
11,8.55,Football Yankees,Non-Starter,Courtland Sutton,Den,WR|W/R/T
11,13.95,Football Yankees,Non-Starter,Josh Adams,NYJ,RB|W/R/T
11,19.0,Football Yankees,Starter,Houston Texans,Hou,DEF
12,29.4,Football Yankees,Starter,Deshaun Watson,Cle,QB
12,13.1,Football Yankees,Starter,Mike Evans,TB,WR|W/R/T
12,20.5,Football Yankees,Starter,Adam Thielen,Car,WR|W/R/T
12,13.65,Football Yankees,Starter,Tarik Cohen,Car,RB|W/R/T
12,8.4,Football Yankees,Starter,David Johnson,NO,RB|W/R/T
12,8.6,Football Yankees,Starter,Jack Doyle,Ind,TE|W/R/T
12,16.4,Football Yankees,Starter,Josh Adams,NYJ,RB|W/R/T
12,1.65,Football Yankees,Non-Starter,Courtland Sutton,Den,WR|W/R/T
12,0.55,Football Yankees,Non-Starter,Marquez Valdes-Scantling,Sea,WR|W/R/T
12,6.75,Football Yankees,Non-Starter,Isaiah Crowell,LV,RB|W/R/T
12,14.0,Football Yankees,Starter,Houston Texans,Hou,DEF
13,15.96,Football Yankees,Starter,Deshaun Watson,Cle,QB
13,5.8,Football Yankees,Starter,Mike Evans,TB,WR|W/R/T
13,10.05,Football Yankees,Starter,Adam Thielen,Car,WR|W/R/T
13,7.45,Football Yankees,Starter,David Johnson,NO,RB|W/R/T
13,11.45,Football Yankees,Starter,Spencer Ware,KC,RB|W/R/T
13,3.6,Football Yankees,Starter,Chris Herndon,Min,TE|W/R/T
13,8.5,Football Yankees,Starter,Josh Adams,NYJ,RB|W/R/T
13,25.64,Football Yankees,Non-Starter,Tarik Cohen,Car,RB|W/R/T
13,15.5,Football Yankees,Non-Starter,Courtland Sutton,Den,WR|W/R/T
13,11.7,Football Yankees,Non-Starter,Isaiah Crowell,LV,RB|W/R/T
13,20.0,Football Yankees,Starter,Houston Texans,Hou,DEF
14,18.18,Football Yankees,Starter,Deshaun Watson,Cle,QB
14,9.6,Football Yankees,Starter,Mike Evans,TB,WR|W/R/T
14,9.05,Football Yankees,Starter,Adam Thielen,Car,WR|W/R/T
14,8.1,Football Yankees,Starter,David Johnson,NO,RB|W/R/T
14,9.9,Football Yankees,Starter,Tarik Cohen,Car,RB|W/R/T
14,1.8,Football Yankees,Starter,Jimmy Graham,NO,TE|W/R/T
14,14.15,Football Yankees,Starter,Spencer Ware,KC,RB|W/R/T
14,3.6,Football Yankees,Non-Starter,Josh Adams,NYJ,RB|W/R/T
14,1.8,Football Yankees,Non-Starter,Courtland Sutton,Den,WR|W/R/T
14,0.95,Football Yankees,Non-Starter,Isaiah Crowell,LV,RB|W/R/T
14,7.5,Football Yankees,Starter,Houston Texans,Hou,DEF
15,22.36,Football Yankees,Starter,Deshaun Watson,Cle,QB
15,13.1,Football Yankees,Starter,Mike Evans,TB,WR|W/R/T
15,2.4,Football Yankees,Starter,Adam Thielen,Car,WR|W/R/T
15,16.85,Football Yankees,Starter,David Johnson,NO,RB|W/R/T
15,10.75,Football Yankees,Starter,Tarik Cohen,Car,RB|W/R/T
15,3.95,Football Yankees,Starter,Jimmy Graham,NO,TE|W/R/T
15,8.8,Football Yankees,Starter,Josh Adams,NYJ,RB|W/R/T
15,0.0,Football Yankees,Non-Starter,Spencer Ware,KC,RB|W/R/T
15,5.45,Football Yankees,Non-Starter,Courtland Sutton,Den,WR|W/R/T
15,0.0,Football Yankees,Non-Starter,Isaiah Crowell,LV,RB|W/R/T
15,10.0,Football Yankees,Starter,Houston Texans,Hou,DEF
1,19.6,imdrunkrightnow,Starter,Alex Smith,Was,QB
1,13.75,imdrunkrightnow,Starter,Odell Beckham,Mia,WR|W/R/T
1,10.55,imdrunkrightnow,Starter,Brandin Cooks,NO,WR|W/R/T
1,22.15,imdrunkrightnow,Starter,Joe Mixon,Hou,RB|W/R/T
1,19.85,imdrunkrightnow,Starter,Austin Ekeler,Was,RB|W/R/T
1,7.35,imdrunkrightnow,Starter,Kyle Rudolph,TB,TE|W/R/T
1,23.6,imdrunkrightnow,Starter,Kenny Stills,NO,WR|W/R/T
1,3.5,imdrunkrightnow,Non-Starter,C.J. Anderson,Det,RB|W/R/T
1,0.0,imdrunkrightnow,Non-Starter,Mark Ingram II,NO,RB|W/R/T
1,2.6,imdrunkrightnow,Non-Starter,Pierre Garcon,SF,WR|W/R/T
1,17.5,imdrunkrightnow,Starter,Pittsburgh Steelers,Pit,DEF
2,13.08,imdrunkrightnow,Starter,Alex Smith,Was,QB
2,6.1,imdrunkrightnow,Starter,Odell Beckham,Mia,WR|W/R/T
2,17.65,imdrunkrightnow,Starter,Brandin Cooks,NO,WR|W/R/T
2,8.95,imdrunkrightnow,Starter,Joe Mixon,Hou,RB|W/R/T
2,10.55,imdrunkrightnow,Starter,Austin Ekeler,Was,RB|W/R/T
2,8.95,imdrunkrightnow,Starter,Kyle Rudolph,TB,TE|W/R/T
2,2.2,imdrunkrightnow,Starter,Kenny Stills,NO,WR|W/R/T
2,3.1,imdrunkrightnow,Non-Starter,C.J. Anderson,Det,RB|W/R/T
2,0.0,imdrunkrightnow,Non-Starter,Mark Ingram II,NO,RB|W/R/T
2,6.7,imdrunkrightnow,Non-Starter,Pierre Garcon,SF,WR|W/R/T
2,23.0,imdrunkrightnow,Starter,Chicago Bears,Chi,DEF
3,16.8,imdrunkrightnow,Starter,Alex Smith,Was,QB
3,13.15,imdrunkrightnow,Starter,Odell Beckham,Mia,WR|W/R/T
3,10.75,imdrunkrightnow,Starter,Brandin Cooks,NO,WR|W/R/T
3,5.85,imdrunkrightnow,Starter,Austin Ekeler,Was,RB|W/R/T
3,4.25,imdrunkrightnow,Starter,Ito Smith,Dal,RB|W/R/T
3,12.05,imdrunkrightnow,Starter,Kyle Rudolph,TB,TE|W/R/T
3,1.35,imdrunkrightnow,Starter,Pierre Garcon,SF,WR|W/R/T
3,12.85,imdrunkrightnow,Non-Starter,Kenny Stills,NO,WR|W/R/T
3,0.0,imdrunkrightnow,Non-Starter,Joe Mixon,Hou,RB|W/R/T
3,0.0,imdrunkrightnow,Non-Starter,Mark Ingram II,NO,RB|W/R/T
3,17.5,imdrunkrightnow,Starter,Chicago Bears,Chi,DEF
4,22.22,imdrunkrightnow,Starter,Joe Flacco,Cle,QB
4,8.75,imdrunkrightnow,Starter,Odell Beckham,Mia,WR|W/R/T
4,20.35,imdrunkrightnow,Starter,Brandin Cooks,NO,WR|W/R/T
4,12.1,imdrunkrightnow,Starter,Austin Ekeler,Was,RB|W/R/T
4,21.55,imdrunkrightnow,Starter,Nyheim Miller-Hines,LAC,RB|W/R/T
4,6.95,imdrunkrightnow,Starter,Kyle Rudolph,TB,TE|W/R/T
4,4.75,imdrunkrightnow,Starter,Kenny Stills,NO,WR|W/R/T
4,30.36,imdrunkrightnow,Non-Starter,Marcus Mariota,Was,QB
4,0.0,imdrunkrightnow,Non-Starter,Joe Mixon,Hou,RB|W/R/T
4,0.0,imdrunkrightnow,Non-Starter,Mark Ingram II,NO,RB|W/R/T
4,18.5,imdrunkrightnow,Starter,Chicago Bears,Chi,DEF
5,4.16,imdrunkrightnow,Starter,Marcus Mariota,Was,QB
5,25.38,imdrunkrightnow,Starter,Odell Beckham,Mia,WR|W/R/T
5,0.0,imdrunkrightnow,Starter,Brandin Cooks,NO,WR|W/R/T
5,12.15,imdrunkrightnow,Starter,Austin Ekeler,Was,RB|W/R/T
5,19.8,imdrunkrightnow,Starter,Mark Ingram II,NO,RB|W/R/T
5,5.35,imdrunkrightnow,Starter,Kyle Rudolph,TB,TE|W/R/T
5,18.25,imdrunkrightnow,Starter,Joe Mixon,Hou,RB|W/R/T
5,2.2,imdrunkrightnow,Non-Starter,Kenny Stills,NO,WR|W/R/T
5,10.75,imdrunkrightnow,Non-Starter,Nyheim Miller-Hines,LAC,RB|W/R/T
5,5.5,imdrunkrightnow,Starter,San Francisco 49ers,SF,DEF
5,0.0,imdrunkrightnow,Non-Starter,Chicago Bears,Chi,DEF
6,30.7,imdrunkrightnow,Starter,Jameis Winston,NYG,QB
6,5.9,imdrunkrightnow,Starter,Odell Beckham,Mia,WR|W/R/T
6,5.8,imdrunkrightnow,Starter,Brandin Cooks,NO,WR|W/R/T
6,6.0,imdrunkrightnow,Starter,Austin Ekeler,Was,RB|W/R/T
6,15.4,imdrunkrightnow,Starter,Joe Mixon,Hou,RB|W/R/T
6,4.7,imdrunkrightnow,Starter,Kyle Rudolph,TB,TE|W/R/T
6,4.0,imdrunkrightnow,Starter,Nyheim Miller-Hines,LAC,RB|W/R/T
6,5.75,imdrunkrightnow,Non-Starter,Kenny Stills,NO,WR|W/R/T
6,0.0,imdrunkrightnow,Non-Starter,Mark Ingram II,NO,RB|W/R/T
6,0.0,imdrunkrightnow,Non-Starter,Randall Cobb,NYJ,WR|W/R/T
6,6.5,imdrunkrightnow,Starter,Chicago Bears,Chi,DEF
7,20.1,imdrunkrightnow,Starter,Jameis Winston,NYG,QB
7,22.2,imdrunkrightnow,Starter,Odell Beckham,Mia,WR|W/R/T
7,14.1,imdrunkrightnow,Starter,Brandin Cooks,NO,WR|W/R/T
7,8.05,imdrunkrightnow,Starter,Austin Ekeler,Was,RB|W/R/T
7,5.85,imdrunkrightnow,Starter,Joe Mixon,Hou,RB|W/R/T
7,1.85,imdrunkrightnow,Starter,Kyle Rudolph,TB,TE|W/R/T
7,4.7,imdrunkrightnow,Starter,Mark Ingram II,NO,RB|W/R/T
7,4.45,imdrunkrightnow,Non-Starter,Nyheim Miller-Hines,LAC,RB|W/R/T
7,6.75,imdrunkrightnow,Non-Starter,Kenny Stills,NO,WR|W/R/T
7,1.65,imdrunkrightnow,Non-Starter,Antonio Callaway,Dal,WR|W/R/T
7,5.0,imdrunkrightnow,Starter,Chicago Bears,Chi,DEF
8,6.84,imdrunkrightnow,Starter,Jameis Winston,NYG,QB
8,15.6,imdrunkrightnow,Starter,Odell Beckham,Mia,WR|W/R/T
8,9.05,imdrunkrightnow,Starter,Brandin Cooks,NO,WR|W/R/T
8,26.55,imdrunkrightnow,Starter,Joe Mixon,Hou,RB|W/R/T
8,9.95,imdrunkrightnow,Starter,Mark Ingram II,NO,RB|W/R/T
8,4.9,imdrunkrightnow,Starter,Kyle Rudolph,TB,TE|W/R/T
8,2.55,imdrunkrightnow,Starter,Tre'Quan Smith,Det,WR|W/R/T
8,10.85,imdrunkrightnow,Non-Starter,Antonio Callaway,Dal,WR|W/R/T
8,0.0,imdrunkrightnow,Non-Starter,Austin Ekeler,Was,RB|W/R/T
8,0.0,imdrunkrightnow,Non-Starter,Kenny Stills,NO,WR|W/R/T
8,9.5,imdrunkrightnow,Starter,Chicago Bears,Chi,DEF
9,8.24,imdrunkrightnow,Starter,Joe Flacco,Cle,QB
9,18.9,imdrunkrightnow,Starter,Brandin Cooks,NO,WR|W/R/T
9,8.8,imdrunkrightnow,Starter,Tre'Quan Smith,Det,WR|W/R/T
9,1.85,imdrunkrightnow,Starter,Mark Ingram II,NO,RB|W/R/T
9,3.65,imdrunkrightnow,Starter,Austin Ekeler,Was,RB|W/R/T
9,3.3,imdrunkrightnow,Starter,Kyle Rudolph,TB,TE|W/R/T
9,7.55,imdrunkrightnow,Starter,Willie Snead IV,Mia,WR|W/R/T
9,0.0,imdrunkrightnow,Non-Starter,Odell Beckham,Mia,WR|W/R/T
9,0.0,imdrunkrightnow,Non-Starter,Joe Mixon,Hou,RB|W/R/T
9,2.15,imdrunkrightnow,Non-Starter,Kenny Stills,NO,WR|W/R/T
9,34.5,imdrunkrightnow,Starter,Chicago Bears,Chi,DEF
10,21.6,imdrunkrightnow,Starter,Blake Bortles,GB,QB
10,19.4,imdrunkrightnow,Starter,Brandin Cooks,NO,WR|W/R/T
10,20.3,imdrunkrightnow,Starter,Odell Beckham,Mia,WR|W/R/T
10,22.95,imdrunkrightnow,Starter,Mark Ingram II,NO,RB|W/R/T
10,1.9,imdrunkrightnow,Starter,Austin Ekeler,Was,RB|W/R/T
10,5.6,imdrunkrightnow,Starter,Evan Engram,Den,TE|W/R/T
10,9.0,imdrunkrightnow,Starter,Joe Mixon,Hou,RB|W/R/T
10,0.0,imdrunkrightnow,Non-Starter,Kyle Rudolph,TB,TE|W/R/T
10,0.0,imdrunkrightnow,Non-Starter,Tre'Quan Smith,Det,WR|W/R/T
10,3.1,imdrunkrightnow,Non-Starter,Kenny Stills,NO,WR|W/R/T
10,16.5,imdrunkrightnow,Starter,Chicago Bears,Chi,DEF
11,3.86,imdrunkrightnow,Starter,Blake Bortles,GB,QB
11,12.7,imdrunkrightnow,Starter,Brandin Cooks,NO,WR|W/R/T
11,15.5,imdrunkrightnow,Starter,Odell Beckham,Mia,WR|W/R/T
11,22.3,imdrunkrightnow,Starter,Mark Ingram II,NO,RB|W/R/T
11,11.95,imdrunkrightnow,Starter,Joe Mixon,Hou,RB|W/R/T
11,7.1,imdrunkrightnow,Starter,Evan Engram,Den,TE|W/R/T
11,8.9,imdrunkrightnow,Starter,Anthony Miller,Bal,WR|W/R/T
11,7.4,imdrunkrightnow,Non-Starter,Austin Ekeler,Was,RB|W/R/T
11,1.8,imdrunkrightnow,Non-Starter,Kyle Rudolph,TB,TE|W/R/T
11,0.0,imdrunkrightnow,Non-Starter,Kenny Stills,NO,WR|W/R/T
11,21.0,imdrunkrightnow,Starter,Chicago Bears,Chi,DEF
12,8.1,imdrunkrightnow,Starter,Andy Dalton,Car,QB
12,9.75,imdrunkrightnow,Starter,Odell Beckham,Mia,WR|W/R/T
12,0.85,imdrunkrightnow,Starter,Kenny Stills,NO,WR|W/R/T
12,7.1,imdrunkrightnow,Starter,Mark Ingram II,NO,RB|W/R/T
12,17.25,imdrunkrightnow,Starter,Joe Mixon,Hou,RB|W/R/T
12,0.0,imdrunkrightnow,Starter,Evan Engram,Den,TE|W/R/T
12,5.17,imdrunkrightnow,Starter,Anthony Miller,Bal,WR|W/R/T
12,0.0,imdrunkrightnow,Non-Starter,Brandin Cooks,NO,WR|W/R/T
12,18.8,imdrunkrightnow,Non-Starter,Austin Ekeler,Was,RB|W/R/T
12,8.05,imdrunkrightnow,Non-Starter,Kyle Rudolph,TB,TE|W/R/T
12,16.5,imdrunkrightnow,Starter,Chicago Bears,Chi,DEF
13,10.94,imdrunkrightnow,Starter,Case Keenum,Chi,QB
13,16.21,imdrunkrightnow,Starter,Odell Beckham,Mia,WR|W/R/T
13,7.2,imdrunkrightnow,Starter,Brandin Cooks,NO,WR|W/R/T
13,3.3,imdrunkrightnow,Starter,Mark Ingram II,NO,RB|W/R/T
13,10.0,imdrunkrightnow,Starter,Joe Mixon,Hou,RB|W/R/T
13,4.55,imdrunkrightnow,Starter,Kyle Rudolph,TB,TE|W/R/T
13,5.55,imdrunkrightnow,Starter,Austin Ekeler,Was,RB|W/R/T
13,10.7,imdrunkrightnow,Non-Starter,Kenny Stills,NO,WR|W/R/T
13,6.35,imdrunkrightnow,Non-Starter,Anthony Miller,Bal,WR|W/R/T
13,0.0,imdrunkrightnow,Non-Starter,Evan Engram,Den,TE|W/R/T
13,11.0,imdrunkrightnow,Starter,Chicago Bears,Chi,DEF
14,18.34,imdrunkrightnow,Starter,Josh Allen,Buf,QB
14,2.95,imdrunkrightnow,Starter,Brandin Cooks,NO,WR|W/R/T
14,9.0,imdrunkrightnow,Starter,Curtis Samuel,Buf,WR|W/R/T
14,11.55,imdrunkrightnow,Starter,Mark Ingram II,NO,RB|W/R/T
14,15.9,imdrunkrightnow,Starter,Austin Ekeler,Was,RB|W/R/T
14,1.2,imdrunkrightnow,Starter,Kyle Rudolph,TB,TE|W/R/T
14,21.05,imdrunkrightnow,Starter,Joe Mixon,Hou,RB|W/R/T
14,0.0,imdrunkrightnow,Non-Starter,Anthony Miller,Bal,WR|W/R/T
14,0.0,imdrunkrightnow,Non-Starter,Odell Beckham,Mia,WR|W/R/T
14,7.5,imdrunkrightnow,Starter,Buffalo Bills,Buf,DEF
14,23.0,imdrunkrightnow,Non-Starter,Chicago Bears,Chi,DEF
15,19.76,imdrunkrightnow,Starter,Josh Allen,Buf,QB
15,7.4,imdrunkrightnow,Starter,Brandin Cooks,NO,WR|W/R/T
15,17.35,imdrunkrightnow,Starter,Robbie Chosen,SF,WR|W/R/T
15,7.9,imdrunkrightnow,Starter,Mark Ingram II,NO,RB|W/R/T
15,25.5,imdrunkrightnow,Starter,Joe Mixon,Hou,RB|W/R/T
15,3.05,imdrunkrightnow,Starter,Kyle Rudolph,TB,TE|W/R/T
15,2.75,imdrunkrightnow,Starter,Curtis Samuel,Buf,WR|W/R/T
15,0.0,imdrunkrightnow,Non-Starter,Odell Beckham,Mia,WR|W/R/T
15,0.0,imdrunkrightnow,Non-Starter,Austin Ekeler,Was,RB|W/R/T
15,17.8,imdrunkrightnow,Non-Starter,Robert Foster,Ind,WR|W/R/T
15,12.0,imdrunkrightnow,Starter,Chicago Bears,Chi,DEF
16,11.68,imdrunkrightnow,Starter,Josh Allen,Buf,QB
16,6.95,imdrunkrightnow,Starter,Brandin Cooks,NO,WR|W/R/T
16,22.25,imdrunkrightnow,Starter,Robbie Chosen,SF,WR|W/R/T
16,10.55,imdrunkrightnow,Starter,Mark Ingram II,NO,RB|W/R/T
16,8.3,imdrunkrightnow,Starter,Joe Mixon,Hou,RB|W/R/T
16,26.45,imdrunkrightnow,Starter,Kyle Rudolph,TB,TE|W/R/T
16,6.2,imdrunkrightnow,Starter,Robert Foster,Ind,WR|W/R/T
16,0.0,imdrunkrightnow,Non-Starter,Odell Beckham,Mia,WR|W/R/T
16,0.0,imdrunkrightnow,Non-Starter,Austin Ekeler,Was,RB|W/R/T
16,11.3,imdrunkrightnow,Non-Starter,Nyheim Miller-Hines,LAC,RB|W/R/T
16,9.5,imdrunkrightnow,Starter,Chicago Bears,Chi,DEF
1,28.34,Bros Guice-ing Bros,Starter,Patrick Mahomes,KC,QB
1,18.8,Bros Guice-ing Bros,Starter,Keenan Allen,LAC,WR|W/R/T
1,2.05,Bros Guice-ing Bros,Starter,Amari Cooper,Buf,WR|W/R/T
1,9.0,Bros Guice-ing Bros,Starter,Dalvin Cook,Dal,RB|W/R/T
1,12.75,Bros Guice-ing Bros,Starter,Carlos Hyde,Jax,RB|W/R/T
1,11.8,Bros Guice-ing Bros,Starter,Jordan Reed,SF,TE|W/R/T
1,21.1,Bros Guice-ing Bros,Starter,Adrian Peterson,Sea,RB|W/R/T
1,6.9,Bros Guice-ing Bros,Non-Starter,Kenneth Barber,LV,RB|W/R/T
1,7.7,Bros Guice-ing Bros,Non-Starter,Corey Davis,NYJ,WR|W/R/T
1,12.65,Bros Guice-ing Bros,Non-Starter,Tyler Lockett,Ten,WR|W/R/T
1,12.5,Bros Guice-ing Bros,Starter,Kansas City Chiefs,KC,DEF
2,38.84,Bros Guice-ing Bros,Starter,Patrick Mahomes,KC,QB
2,8.2,Bros Guice-ing Bros,Starter,Keenan Allen,LAC,WR|W/R/T
2,13.25,Bros Guice-ing Bros,Starter,Tyler Lockett,Ten,WR|W/R/T
2,9.75,Bros Guice-ing Bros,Starter,Dalvin Cook,Dal,RB|W/R/T
2,11.25,Bros Guice-ing Bros,Starter,Carlos Hyde,Jax,RB|W/R/T
2,5.0,Bros Guice-ing Bros,Starter,Jordan Reed,SF,TE|W/R/T
2,5.75,Bros Guice-ing Bros,Starter,Adrian Peterson,Sea,RB|W/R/T
2,14.1,Bros Guice-ing Bros,Non-Starter,Amari Cooper,Buf,WR|W/R/T
2,3.15,Bros Guice-ing Bros,Non-Starter,Kenneth Barber,LV,RB|W/R/T
2,6.75,Bros Guice-ing Bros,Non-Starter,Corey Davis,NYJ,WR|W/R/T
2,0.5,Bros Guice-ing Bros,Starter,Kansas City Chiefs,KC,DEF
3,25.26,Bros Guice-ing Bros,Starter,Patrick Mahomes,KC,QB
3,3.15,Bros Guice-ing Bros,Starter,Keenan Allen,LAC,WR|W/R/T
3,2.2,Bros Guice-ing Bros,Starter,Amari Cooper,Buf,WR|W/R/T
3,22.8,Bros Guice-ing Bros,Starter,Carlos Hyde,Jax,RB|W/R/T
3,24.0,Bros Guice-ing Bros,Starter,Adrian Peterson,Sea,RB|W/R/T
3,7.5,Bros Guice-ing Bros,Starter,Jordan Reed,SF,TE|W/R/T
3,9.85,Bros Guice-ing Bros,Starter,John Brown,Buf,WR|W/R/T
3,0.0,Bros Guice-ing Bros,Non-Starter,Dalvin Cook,Dal,RB|W/R/T
3,15.2,Bros Guice-ing Bros,Non-Starter,Tyler Lockett,Ten,WR|W/R/T
3,3.3,Bros Guice-ing Bros,Non-Starter,Kenneth Barber,LV,RB|W/R/T
3,8.5,Bros Guice-ing Bros,Starter,Kansas City Chiefs,KC,DEF
4,22.86,Bros Guice-ing Bros,Starter,Patrick Mahomes,KC,QB
4,8.05,Bros Guice-ing Bros,Starter,Keenan Allen,LAC,WR|W/R/T
4,18.65,Bros Guice-ing Bros,Starter,John Brown,Buf,WR|W/R/T
4,14.2,Bros Guice-ing Bros,Starter,Carlos Hyde,Jax,RB|W/R/T
4,2.0,Bros Guice-ing Bros,Starter,Dalvin Cook,Dal,RB|W/R/T
4,5.45,Bros Guice-ing Bros,Starter,Vance McDonald,Pit,TE|W/R/T
4,6.55,Bros Guice-ing Bros,Starter,Tyler Lockett,Ten,WR|W/R/T
4,20.8,Bros Guice-ing Bros,Non-Starter,Amari Cooper,Buf,WR|W/R/T
4,0.0,Bros Guice-ing Bros,Non-Starter,Jordan Reed,SF,TE|W/R/T
4,0.0,Bros Guice-ing Bros,Non-Starter,Adrian Peterson,Sea,RB|W/R/T
4,8.5,Bros Guice-ing Bros,Starter,Kansas City Chiefs,KC,DEF
5,15.82,Bros Guice-ing Bros,Starter,Patrick Mahomes,KC,QB
5,11.5,Bros Guice-ing Bros,Starter,Keenan Allen,LAC,WR|W/R/T
5,1.25,Bros Guice-ing Bros,Starter,Amari Cooper,Buf,WR|W/R/T
5,8.2,Bros Guice-ing Bros,Starter,Carlos Hyde,Jax,RB|W/R/T
5,4.7,Bros Guice-ing Bros,Starter,Adrian Peterson,Sea,RB|W/R/T
5,2.35,Bros Guice-ing Bros,Starter,Jordan Reed,SF,TE|W/R/T
5,6.8,Bros Guice-ing Bros,Starter,John Brown,Buf,WR|W/R/T
5,0.85,Bros Guice-ing Bros,Non-Starter,Vance McDonald,Pit,TE|W/R/T
5,0.0,Bros Guice-ing Bros,Non-Starter,Dalvin Cook,Dal,RB|W/R/T
5,17.15,Bros Guice-ing Bros,Non-Starter,Tyler Lockett,Ten,WR|W/R/T
5,23.5,Bros Guice-ing Bros,Starter,Kansas City Chiefs,KC,DEF
6,26.98,Bros Guice-ing Bros,Starter,Patrick Mahomes,KC,QB
6,11.3,Bros Guice-ing Bros,Starter,Keenan Allen,LAC,WR|W/R/T
6,0.0,Bros Guice-ing Bros,Starter,Amari Cooper,Buf,WR|W/R/T
6,3.4,Bros Guice-ing Bros,Starter,Carlos Hyde,Jax,RB|W/R/T
6,9.7,Bros Guice-ing Bros,Starter,Adrian Peterson,Sea,RB|W/R/T
6,4.85,Bros Guice-ing Bros,Starter,Jordan Reed,SF,TE|W/R/T
6,8.75,Bros Guice-ing Bros,Starter,Tyler Lockett,Ten,WR|W/R/T
6,0.0,Bros Guice-ing Bros,Non-Starter,Dalvin Cook,Dal,RB|W/R/T
6,3.3,Bros Guice-ing Bros,Non-Starter,John Brown,Buf,WR|W/R/T
6,8.55,Bros Guice-ing Bros,Non-Starter,Vance McDonald,Pit,TE|W/R/T
6,1.0,Bros Guice-ing Bros,Starter,Kansas City Chiefs,KC,DEF
7,32.82,Bros Guice-ing Bros,Starter,Patrick Mahomes,KC,QB
7,8.45,Bros Guice-ing Bros,Starter,Keenan Allen,LAC,WR|W/R/T
7,21.15,Bros Guice-ing Bros,Starter,John Brown,Buf,WR|W/R/T
7,10.95,Bros Guice-ing Bros,Starter,Adrian Peterson,Sea,RB|W/R/T
7,30.4,Bros Guice-ing Bros,Starter,Marlon Mack,Ari,RB|W/R/T
7,4.8,Bros Guice-ing Bros,Starter,Jordan Reed,SF,TE|W/R/T
7,0.0,Bros Guice-ing Bros,Starter,Carlos Hyde,Jax,RB|W/R/T
7,0.0,Bros Guice-ing Bros,Non-Starter,Dalvin Cook,Dal,RB|W/R/T
7,0.0,Bros Guice-ing Bros,Non-Starter,Tyler Lockett,Ten,WR|W/R/T
7,0.0,Bros Guice-ing Bros,Non-Starter,Amari Cooper,Buf,WR|W/R/T
7,18.5,Bros Guice-ing Bros,Starter,Kansas City Chiefs,KC,DEF
8,26.02,Bros Guice-ing Bros,Starter,Patrick Mahomes,KC,QB
8,3.55,Bros Guice-ing Bros,Starter,John Brown,Buf,WR|W/R/T
8,11.2,Bros Guice-ing Bros,Starter,Tyler Lockett,Ten,WR|W/R/T
8,25.85,Bros Guice-ing Bros,Starter,Adrian Peterson,Sea,RB|W/R/T
8,27.4,Bros Guice-ing Bros,Starter,Marlon Mack,Ari,RB|W/R/T
8,5.55,Bros Guice-ing Bros,Starter,Jordan Reed,SF,TE|W/R/T
8,1.1,Bros Guice-ing Bros,Starter,Carlos Hyde,Jax,RB|W/R/T
8,0.0,Bros Guice-ing Bros,Non-Starter,Keenan Allen,LAC,WR|W/R/T
8,0.0,Bros Guice-ing Bros,Non-Starter,Dalvin Cook,Dal,RB|W/R/T
8,0.0,Bros Guice-ing Bros,Non-Starter,Amari Cooper,Buf,WR|W/R/T
8,13.0,Bros Guice-ing Bros,Starter,Kansas City Chiefs,KC,DEF
9,26.8,Bros Guice-ing Bros,Starter,Patrick Mahomes,KC,QB
9,2.95,Bros Guice-ing Bros,Starter,Tyler Lockett,Ten,WR|W/R/T
9,16.7,Bros Guice-ing Bros,Starter,Keenan Allen,LAC,WR|W/R/T
9,4.05,Bros Guice-ing Bros,Starter,Adrian Peterson,Sea,RB|W/R/T
9,11.9,Bros Guice-ing Bros,Starter,Dalvin Cook,Dal,RB|W/R/T
9,4.4,Bros Guice-ing Bros,Starter,Jordan Reed,SF,TE|W/R/T
9,2.25,Bros Guice-ing Bros,Starter,John Brown,Buf,WR|W/R/T
9,0.0,Bros Guice-ing Bros,Non-Starter,Carlos Hyde,Jax,RB|W/R/T
9,0.0,Bros Guice-ing Bros,Non-Starter,Marlon Mack,Ari,RB|W/R/T
9,13.05,Bros Guice-ing Bros,Non-Starter,Amari Cooper,Buf,WR|W/R/T
9,8.5,Bros Guice-ing Bros,Starter,Kansas City Chiefs,KC,DEF
10,20.06,Bros Guice-ing Bros,Starter,Patrick Mahomes,KC,QB
10,15.75,Bros Guice-ing Bros,Starter,Tyler Lockett,Ten,WR|W/R/T
10,13.2,Bros Guice-ing Bros,Starter,Keenan Allen,LAC,WR|W/R/T
10,7.4,Bros Guice-ing Bros,Starter,Adrian Peterson,Sea,RB|W/R/T
10,6.3,Bros Guice-ing Bros,Starter,Marlon Mack,Ari,RB|W/R/T
10,6.1,Bros Guice-ing Bros,Starter,Jordan Reed,SF,TE|W/R/T
10,9.0,Bros Guice-ing Bros,Starter,Amari Cooper,Buf,WR|W/R/T
10,0.0,Bros Guice-ing Bros,Non-Starter,John Brown,Buf,WR|W/R/T
10,0.0,Bros Guice-ing Bros,Non-Starter,Dalvin Cook,Dal,RB|W/R/T
10,0.5,Bros Guice-ing Bros,Non-Starter,Carlos Hyde,Jax,RB|W/R/T
10,14.5,Bros Guice-ing Bros,Starter,Kansas City Chiefs,KC,DEF
11,33.92,Bros Guice-ing Bros,Starter,Patrick Mahomes,KC,QB
11,8.45,Bros Guice-ing Bros,Starter,Tyler Lockett,Ten,WR|W/R/T
11,17.25,Bros Guice-ing Bros,Starter,Keenan Allen,LAC,WR|W/R/T
11,17.1,Bros Guice-ing Bros,Starter,Adrian Peterson,Sea,RB|W/R/T
11,-0.25,Bros Guice-ing Bros,Starter,Dalvin Cook,Dal,RB|W/R/T
11,14.85,Bros Guice-ing Bros,Starter,Jordan Reed,SF,TE|W/R/T
11,4.35,Bros Guice-ing Bros,Starter,Amari Cooper,Buf,WR|W/R/T
11,13.15,Bros Guice-ing Bros,Non-Starter,Marlon Mack,Ari,RB|W/R/T
11,2.55,Bros Guice-ing Bros,Non-Starter,John Brown,Buf,WR|W/R/T
11,4.6,Bros Guice-ing Bros,Non-Starter,Rashaad Penny,Phi,RB|W/R/T
11,15.0,Bros Guice-ing Bros,Starter,Kansas City Chiefs,KC,DEF
12,20.22,Bros Guice-ing Bros,Starter,Lamar Jackson,Bal,QB
12,17.75,Bros Guice-ing Bros,Starter,Tyler Lockett,Ten,WR|W/R/T
12,14.95,Bros Guice-ing Bros,Starter,Keenan Allen,LAC,WR|W/R/T
12,4.9,Bros Guice-ing Bros,Starter,Adrian Peterson,Sea,RB|W/R/T
12,14.35,Bros Guice-ing Bros,Starter,Dalvin Cook,Dal,RB|W/R/T
12,9.0,Bros Guice-ing Bros,Starter,Jordan Reed,SF,TE|W/R/T
12,10.1,Bros Guice-ing Bros,Starter,Marlon Mack,Ari,RB|W/R/T
12,0.0,Bros Guice-ing Bros,Non-Starter,Patrick Mahomes,KC,QB
12,32.0,Bros Guice-ing Bros,Non-Starter,Amari Cooper,Buf,WR|W/R/T
12,10.0,Bros Guice-ing Bros,Starter,Buffalo Bills,Buf,DEF
12,0.0,Bros Guice-ing Bros,Non-Starter,Kansas City Chiefs,KC,DEF
13,33.0,Bros Guice-ing Bros,Starter,Patrick Mahomes,KC,QB
13,12.45,Bros Guice-ing Bros,Starter,Tyler Lockett,Ten,WR|W/R/T
13,26.3,Bros Guice-ing Bros,Starter,Keenan Allen,LAC,WR|W/R/T
13,12.6,Bros Guice-ing Bros,Starter,Dalvin Cook,Dal,RB|W/R/T
13,3.55,Bros Guice-ing Bros,Starter,Marlon Mack,Ari,RB|W/R/T
13,3.1,Bros Guice-ing Bros,Starter,Jordan Reed,SF,TE|W/R/T
13,7.6,Bros Guice-ing Bros,Starter,Amari Cooper,Buf,WR|W/R/T
13,15.8,Bros Guice-ing Bros,Non-Starter,Adrian Peterson,Sea,RB|W/R/T
13,16.5,Bros Guice-ing Bros,Non-Starter,Lamar Jackson,Bal,QB
13,4.55,Bros Guice-ing Bros,Non-Starter,Kenneth Dixon,NYJ,RB|W/R/T
13,10.5,Bros Guice-ing Bros,Starter,Kansas City Chiefs,KC,DEF
14,20.78,Bros Guice-ing Bros,Starter,Patrick Mahomes,KC,QB
14,42.2,Bros Guice-ing Bros,Starter,Amari Cooper,Buf,WR|W/R/T
14,15.05,Bros Guice-ing Bros,Starter,Keenan Allen,LAC,WR|W/R/T
14,15.55,Bros Guice-ing Bros,Starter,Dalvin Cook,Dal,RB|W/R/T
14,9.3,Bros Guice-ing Bros,Starter,Marlon Mack,Ari,RB|W/R/T
14,10.95,Bros Guice-ing Bros,Starter,Jaylen Samuels,Hou,RB|TE|W/R/T
14,2.15,Bros Guice-ing Bros,Starter,Adrian Peterson,Sea,RB|W/R/T
14,0.0,Bros Guice-ing Bros,Non-Starter,Jordan Reed,SF,TE|W/R/T
14,7.15,Bros Guice-ing Bros,Non-Starter,Tyler Lockett,Ten,WR|W/R/T
14,18.58,Bros Guice-ing Bros,Non-Starter,Lamar Jackson,Bal,QB
14,5.0,Bros Guice-ing Bros,Starter,Kansas City Chiefs,KC,DEF
15,18.02,Bros Guice-ing Bros,Starter,Patrick Mahomes,KC,QB
15,5.3,Bros Guice-ing Bros,Starter,Amari Cooper,Buf,WR|W/R/T
15,0.0,Bros Guice-ing Bros,Starter,Keenan Allen,LAC,WR|W/R/T
15,28.55,Bros Guice-ing Bros,Starter,Dalvin Cook,Dal,RB|W/R/T
15,25.15,Bros Guice-ing Bros,Starter,Marlon Mack,Ari,RB|W/R/T
15,17.7,Bros Guice-ing Bros,Starter,Jaylen Samuels,Hou,RB|TE|W/R/T
15,5.25,Bros Guice-ing Bros,Starter,Kenneth Dixon,NYJ,RB|W/R/T
15,7.6,Bros Guice-ing Bros,Non-Starter,Adrian Peterson,Sea,RB|W/R/T
15,6.1,Bros Guice-ing Bros,Non-Starter,Tyler Lockett,Ten,WR|W/R/T
15,16.74,Bros Guice-ing Bros,Non-Starter,Lamar Jackson,Bal,QB
15,10.0,Bros Guice-ing Bros,Starter,Kansas City Chiefs,KC,DEF
16,28.22,Bros Guice-ing Bros,Starter,Patrick Mahomes,KC,QB
16,3.0,Bros Guice-ing Bros,Starter,Amari Cooper,Buf,WR|W/R/T
16,10.9,Bros Guice-ing Bros,Starter,Tyler Lockett,Ten,WR|W/R/T
16,11.55,Bros Guice-ing Bros,Starter,Dalvin Cook,Dal,RB|W/R/T
16,10.05,Bros Guice-ing Bros,Starter,Marlon Mack,Ari,RB|W/R/T
16,13.15,Bros Guice-ing Bros,Starter,Jaylen Samuels,Hou,RB|TE|W/R/T
16,23.1,Bros Guice-ing Bros,Starter,Jamaal Williams,NO,RB|W/R/T
16,7.05,Bros Guice-ing Bros,Non-Starter,Keenan Allen,LAC,WR|W/R/T
16,12.95,Bros Guice-ing Bros,Non-Starter,Adrian Peterson,Sea,RB|W/R/T
16,5.4,Bros Guice-ing Bros,Non-Starter,Kalen Ballage,Pit,RB|W/R/T
16,8.5,Bros Guice-ing Bros,Starter,Cleveland Browns,Cle,DEF
1,19.46,Pickle Rick Pitino,Starter,Andrew Luck,Ind,QB
1,14.7,Pickle Rick Pitino,Starter,A.J. Green,Ari,WR|W/R/T
1,13.15,Pickle Rick Pitino,Starter,JuJu Smith-Schuster,KC,WR|W/R/T
1,6.25,Pickle Rick Pitino,Starter,Leonard Fournette,Buf,RB|W/R/T
1,10.75,Pickle Rick Pitino,Starter,Tevin Coleman,SF,RB|W/R/T
1,1.3,Pickle Rick Pitino,Starter,Jimmy Graham,NO,TE|W/R/T
1,9.45,Pickle Rick Pitino,Starter,Robbie Chosen,SF,WR|W/R/T
1,6.15,Pickle Rick Pitino,Non-Starter,Keelan Cole,LV,WR|W/R/T
1,12.6,Pickle Rick Pitino,Non-Starter,James White,NE,RB|W/R/T
1,0.0,Pickle Rick Pitino,Non-Starter,DeVante Parker,NE,WR|W/R/T
1,10.0,Pickle Rick Pitino,Starter,Detroit Lions,Det,DEF
2,11.36,Pickle Rick Pitino,Starter,Andrew Luck,Ind,QB
2,26.15,Pickle Rick Pitino,Starter,A.J. Green,Ari,WR|W/R/T
2,21.35,Pickle Rick Pitino,Starter,JuJu Smith-Schuster,KC,WR|W/R/T
2,13.5,Pickle Rick Pitino,Starter,Tevin Coleman,SF,RB|W/R/T
2,10.15,Pickle Rick Pitino,Starter,James White,NE,RB|W/R/T
2,11.0,Pickle Rick Pitino,Starter,Jimmy Graham,NO,TE|W/R/T
2,19.35,Pickle Rick Pitino,Starter,Keelan Cole,LV,WR|W/R/T
2,1.45,Pickle Rick Pitino,Non-Starter,Robbie Chosen,SF,WR|W/R/T
2,0.0,Pickle Rick Pitino,Non-Starter,Leonard Fournette,Buf,RB|W/R/T
2,0.0,Pickle Rick Pitino,Non-Starter,DeVante Parker,NE,WR|W/R/T
2,17.0,Pickle Rick Pitino,Starter,Dallas Cowboys,Dal,DEF
3,13.86,Pickle Rick Pitino,Starter,Andrew Luck,Ind,QB
3,7.05,Pickle Rick Pitino,Starter,A.J. Green,Ari,WR|W/R/T
3,13.85,Pickle Rick Pitino,Starter,JuJu Smith-Schuster,KC,WR|W/R/T
3,11.2,Pickle Rick Pitino,Starter,Tevin Coleman,SF,RB|W/R/T
3,11.85,Pickle Rick Pitino,Starter,James White,NE,RB|W/R/T
3,5.75,Pickle Rick Pitino,Starter,Jimmy Graham,NO,TE|W/R/T
3,5.25,Pickle Rick Pitino,Starter,Keelan Cole,LV,WR|W/R/T
3,0.0,Pickle Rick Pitino,Non-Starter,Leonard Fournette,Buf,RB|W/R/T
3,0.7,Pickle Rick Pitino,Non-Starter,Robbie Chosen,SF,WR|W/R/T
3,4.5,Pickle Rick Pitino,Non-Starter,DeVante Parker,NE,WR|W/R/T
3,6.5,Pickle Rick Pitino,Starter,Dallas Cowboys,Dal,DEF
4,35.66,Pickle Rick Pitino,Starter,Andrew Luck,Ind,QB
4,14.8,Pickle Rick Pitino,Starter,A.J. Green,Ari,WR|W/R/T
4,7.0,Pickle Rick Pitino,Starter,JuJu Smith-Schuster,KC,WR|W/R/T
4,8.45,Pickle Rick Pitino,Starter,Tevin Coleman,SF,RB|W/R/T
4,3.75,Pickle Rick Pitino,Starter,Leonard Fournette,Buf,RB|W/R/T
4,8.85,Pickle Rick Pitino,Starter,Jimmy Graham,NO,TE|W/R/T
4,2.0,Pickle Rick Pitino,Starter,Keelan Cole,LV,WR|W/R/T
4,25.2,Pickle Rick Pitino,Non-Starter,James White,NE,RB|W/R/T
4,2.3,Pickle Rick Pitino,Non-Starter,Robbie Chosen,SF,WR|W/R/T
4,0.0,Pickle Rick Pitino,Non-Starter,DeVante Parker,NE,WR|W/R/T
4,6.5,Pickle Rick Pitino,Starter,Dallas Cowboys,Dal,DEF
5,22.6,Pickle Rick Pitino,Starter,Andrew Luck,Ind,QB
5,12.7,Pickle Rick Pitino,Starter,A.J. Green,Ari,WR|W/R/T
5,10.4,Pickle Rick Pitino,Starter,JuJu Smith-Schuster,KC,WR|W/R/T
5,3.5,Pickle Rick Pitino,Starter,Tevin Coleman,SF,RB|W/R/T
5,16.2,Pickle Rick Pitino,Starter,James White,NE,RB|W/R/T
5,9.1,Pickle Rick Pitino,Starter,Jimmy Graham,NO,TE|W/R/T
5,8.0,Pickle Rick Pitino,Starter,Keelan Cole,LV,WR|W/R/T
5,0.0,Pickle Rick Pitino,Non-Starter,Leonard Fournette,Buf,RB|W/R/T
5,25.05,Pickle Rick Pitino,Non-Starter,Robbie Chosen,SF,WR|W/R/T
5,0.0,Pickle Rick Pitino,Non-Starter,DeVante Parker,NE,WR|W/R/T
5,9.5,Pickle Rick Pitino,Starter,Dallas Cowboys,Dal,DEF
6,20.74,Pickle Rick Pitino,Starter,Andrew Luck,Ind,QB
6,10.25,Pickle Rick Pitino,Starter,A.J. Green,Ari,WR|W/R/T
6,14.85,Pickle Rick Pitino,Starter,JuJu Smith-Schuster,KC,WR|W/R/T
6,10.35,Pickle Rick Pitino,Starter,Tevin Coleman,SF,RB|W/R/T
6,10.45,Pickle Rick Pitino,Starter,James White,NE,RB|W/R/T
6,11.65,Pickle Rick Pitino,Starter,Jimmy Graham,NO,TE|W/R/T
6,3.1,Pickle Rick Pitino,Starter,Keelan Cole,LV,WR|W/R/T
6,0.0,Pickle Rick Pitino,Non-Starter,Leonard Fournette,Buf,RB|W/R/T
6,4.65,Pickle Rick Pitino,Non-Starter,Robbie Chosen,SF,WR|W/R/T
6,0.0,Pickle Rick Pitino,Non-Starter,DeVante Parker,NE,WR|W/R/T
6,15.5,Pickle Rick Pitino,Starter,Dallas Cowboys,Dal,DEF
7,22.74,Pickle Rick Pitino,Starter,Andrew Luck,Ind,QB
7,13.45,Pickle Rick Pitino,Starter,A.J. Green,Ari,WR|W/R/T
7,5.15,Pickle Rick Pitino,Starter,Robbie Chosen,SF,WR|W/R/T
7,14.7,Pickle Rick Pitino,Starter,Tevin Coleman,SF,RB|W/R/T
7,23.7,Pickle Rick Pitino,Starter,James White,NE,RB|W/R/T
7,2.8,Pickle Rick Pitino,Starter,Nick O'Leary,LV,TE|W/R/T
7,2.6,Pickle Rick Pitino,Starter,Keelan Cole,LV,WR|W/R/T
7,0.0,Pickle Rick Pitino,Non-Starter,Jimmy Graham,NO,TE|W/R/T
7,0.0,Pickle Rick Pitino,Non-Starter,JuJu Smith-Schuster,KC,WR|W/R/T
7,0.0,Pickle Rick Pitino,Non-Starter,Leonard Fournette,Buf,RB|W/R/T
7,6.5,Pickle Rick Pitino,Starter,Dallas Cowboys,Dal,DEF
8,23.36,Pickle Rick Pitino,Starter,Andrew Luck,Ind,QB
8,14.85,Pickle Rick Pitino,Starter,A.J. Green,Ari,WR|W/R/T
8,4.3,Pickle Rick Pitino,Starter,JuJu Smith-Schuster,KC,WR|W/R/T
8,17.9,Pickle Rick Pitino,Starter,James White,NE,RB|W/R/T
8,0.4,Pickle Rick Pitino,Starter,Kenjon Barner,TB,RB|W/R/T
8,2.35,Pickle Rick Pitino,Starter,Jimmy Graham,NO,TE|W/R/T
8,0.3,Pickle Rick Pitino,Starter,Keelan Cole,LV,WR|W/R/T
8,0.0,Pickle Rick Pitino,Non-Starter,Tevin Coleman,SF,RB|W/R/T
8,0.0,Pickle Rick Pitino,Non-Starter,Robbie Chosen,SF,WR|W/R/T
8,0.0,Pickle Rick Pitino,Non-Starter,Leonard Fournette,Buf,RB|W/R/T
8,14.0,Pickle Rick Pitino,Starter,San Francisco 49ers,SF,DEF
9,24.02,Pickle Rick Pitino,Starter,Ryan Fitzpatrick,Was,QB
9,9.55,Pickle Rick Pitino,Starter,JuJu Smith-Schuster,KC,WR|W/R/T
9,4.3,Pickle Rick Pitino,Starter,Robbie Chosen,SF,WR|W/R/T
9,23.8,Pickle Rick Pitino,Starter,James White,NE,RB|W/R/T
9,0.4,Pickle Rick Pitino,Starter,Kenjon Barner,TB,RB|W/R/T
9,12.5,Pickle Rick Pitino,Starter,Jimmy Graham,NO,TE|W/R/T
9,28.85,Pickle Rick Pitino,Starter,Tevin Coleman,SF,RB|W/R/T
9,0.0,Pickle Rick Pitino,Non-Starter,Andrew Luck,Ind,QB
9,0.0,Pickle Rick Pitino,Non-Starter,A.J. Green,Ari,WR|W/R/T
9,0.0,Pickle Rick Pitino,Non-Starter,Leonard Fournette,Buf,RB|W/R/T
9,19.5,Pickle Rick Pitino,Starter,San Francisco 49ers,SF,DEF
10,13.74,Pickle Rick Pitino,Starter,Ryan Fitzpatrick,Was,QB
10,17.05,Pickle Rick Pitino,Starter,JuJu Smith-Schuster,KC,WR|W/R/T
10,0.0,Pickle Rick Pitino,Starter,Taylor Gabriel,Chi,WR|W/R/T
10,3.85,Pickle Rick Pitino,Starter,James White,NE,RB|W/R/T
10,24.15,Pickle Rick Pitino,Starter,Leonard Fournette,Buf,RB|W/R/T
10,1.65,Pickle Rick Pitino,Starter,Jimmy Graham,NO,TE|W/R/T
10,7.05,Pickle Rick Pitino,Starter,Tevin Coleman,SF,RB|W/R/T
10,0.0,Pickle Rick Pitino,Non-Starter,Kenjon Barner,TB,RB|W/R/T
10,21.2,Pickle Rick Pitino,Non-Starter,Andrew Luck,Ind,QB
10,0.0,Pickle Rick Pitino,Non-Starter,A.J. Green,Ari,WR|W/R/T
10,5.0,Pickle Rick Pitino,Starter,San Francisco 49ers,SF,DEF
11,6.08,Pickle Rick Pitino,Starter,Ryan Fitzpatrick,Was,QB
11,12.4,Pickle Rick Pitino,Starter,JuJu Smith-Schuster,KC,WR|W/R/T
11,8.65,Pickle Rick Pitino,Starter,Taylor Gabriel,Chi,WR|W/R/T
11,20.6,Pickle Rick Pitino,Starter,Leonard Fournette,Buf,RB|W/R/T
11,9.25,Pickle Rick Pitino,Starter,Tevin Coleman,SF,RB|W/R/T
11,1.55,Pickle Rick Pitino,Starter,Jimmy Graham,NO,TE|W/R/T
11,1.35,Pickle Rick Pitino,Starter,Donte Moncrief,Hou,WR|W/R/T
11,0.0,Pickle Rick Pitino,Non-Starter,James White,NE,RB|W/R/T
11,23.88,Pickle Rick Pitino,Non-Starter,Andrew Luck,Ind,QB
11,0.0,Pickle Rick Pitino,Non-Starter,A.J. Green,Ari,WR|W/R/T
11,4.0,Pickle Rick Pitino,Starter,Atlanta Falcons,Atl,DEF
12,22.87,Pickle Rick Pitino,Starter,Andrew Luck,Ind,QB
12,28.15,Pickle Rick Pitino,Starter,JuJu Smith-Schuster,KC,WR|W/R/T
12,6.65,Pickle Rick Pitino,Starter,Taylor Gabriel,Chi,WR|W/R/T
12,23.55,Pickle Rick Pitino,Starter,Leonard Fournette,Buf,RB|W/R/T
12,9.05,Pickle Rick Pitino,Starter,Tevin Coleman,SF,RB|W/R/T
12,13.55,Pickle Rick Pitino,Starter,David Njoku,Cle,TE|W/R/T
12,8.05,Pickle Rick Pitino,Starter,James White,NE,RB|W/R/T
12,3.15,Pickle Rick Pitino,Non-Starter,Donte Moncrief,Hou,WR|W/R/T
12,0.0,Pickle Rick Pitino,Non-Starter,Ryan Fitzpatrick,Was,QB
12,0.0,Pickle Rick Pitino,Non-Starter,A.J. Green,Ari,WR|W/R/T
12,6.5,Pickle Rick Pitino,Starter,Atlanta Falcons,Atl,DEF
13,9.52,Pickle Rick Pitino,Starter,Andrew Luck,Ind,QB
13,6.4,Pickle Rick Pitino,Starter,JuJu Smith-Schuster,KC,WR|W/R/T
13,0.45,Pickle Rick Pitino,Starter,Taylor Gabriel,Chi,WR|W/R/T
13,0.0,Pickle Rick Pitino,Starter,Leonard Fournette,Buf,RB|W/R/T
13,1.35,Pickle Rick Pitino,Starter,Tevin Coleman,SF,RB|W/R/T
13,1.55,Pickle Rick Pitino,Starter,David Njoku,Cle,TE|W/R/T
13,13.55,Pickle Rick Pitino,Starter,James White,NE,RB|W/R/T
13,4.75,Pickle Rick Pitino,Non-Starter,Donte Moncrief,Hou,WR|W/R/T
13,0.0,Pickle Rick Pitino,Non-Starter,Ryan Fitzpatrick,Was,QB
13,0.95,Pickle Rick Pitino,Non-Starter,A.J. Green,Ari,WR|W/R/T
13,13.0,Pickle Rick Pitino,Starter,Atlanta Falcons,Atl,DEF
1,17.22,Stefon Urkel,Starter,Jared Goff,Det,QB
1,11.85,Stefon Urkel,Starter,T.Y. Hilton,Dal,WR|W/R/T
1,11.85,Stefon Urkel,Starter,Stefon Diggs,NE,WR|W/R/T
1,15.35,Stefon Urkel,Starter,Ezekiel Elliott,Dal,RB|W/R/T
1,4.7,Stefon Urkel,Starter,Jamaal Williams,NO,RB|W/R/T
1,2.3,Stefon Urkel,Starter,Evan Engram,Den,TE|W/R/T
1,1.25,Stefon Urkel,Starter,Kelvin Benjamin,KC,WR|W/R/T
1,5.3,Stefon Urkel,Non-Starter,Rashaad Penny,Phi,RB|W/R/T
1,-0.3,Stefon Urkel,Non-Starter,LeGarrette Blount,Det,RB|W/R/T
1,0.65,Stefon Urkel,Non-Starter,Christian Kirk,Hou,WR|W/R/T
1,20.5,Stefon Urkel,Starter,Los Angeles Rams,LAR,DEF
2,18.36,Stefon Urkel,Starter,Jared Goff,Det,QB
2,16.05,Stefon Urkel,Starter,T.Y. Hilton,Dal,WR|W/R/T
2,29.15,Stefon Urkel,Starter,Stefon Diggs,NE,WR|W/R/T
2,15.95,Stefon Urkel,Starter,Ezekiel Elliott,Dal,RB|W/R/T
2,7.85,Stefon Urkel,Starter,Jamaal Williams,NO,RB|W/R/T
2,14.45,Stefon Urkel,Starter,Evan Engram,Den,TE|W/R/T
2,8.4,Stefon Urkel,Starter,Kelvin Benjamin,KC,WR|W/R/T
2,3.0,Stefon Urkel,Non-Starter,Rashaad Penny,Phi,RB|W/R/T
2,3.75,Stefon Urkel,Non-Starter,LeGarrette Blount,Det,RB|W/R/T
2,12.85,Stefon Urkel,Non-Starter,Chris Godwin,TB,WR|W/R/T
2,16.5,Stefon Urkel,Starter,Los Angeles Rams,LAR,DEF
3,23.14,Stefon Urkel,Starter,Ryan Fitzpatrick,Was,QB
3,6.25,Stefon Urkel,Starter,T.Y. Hilton,Dal,WR|W/R/T
3,2.7,Stefon Urkel,Starter,Stefon Diggs,NE,WR|W/R/T
3,12.55,Stefon Urkel,Starter,Ezekiel Elliott,Dal,RB|W/R/T
3,5.0,Stefon Urkel,Starter,Jamaal Williams,NO,RB|W/R/T
3,2.15,Stefon Urkel,Starter,Evan Engram,Den,TE|W/R/T
3,3.0,Stefon Urkel,Starter,Antonio Callaway,Dal,WR|W/R/T
3,25.56,Stefon Urkel,Non-Starter,Jared Goff,Det,QB
3,0.5,Stefon Urkel,Non-Starter,Rashaad Penny,Phi,RB|W/R/T
3,3.9,Stefon Urkel,Non-Starter,Corey Davis,NYJ,WR|W/R/T
3,17.5,Stefon Urkel,Starter,Los Angeles Rams,LAR,DEF
4,39.3,Stefon Urkel,Starter,Jared Goff,Det,QB
4,12.5,Stefon Urkel,Starter,T.Y. Hilton,Dal,WR|W/R/T
4,15.05,Stefon Urkel,Starter,Stefon Diggs,NE,WR|W/R/T
4,31.0,Stefon Urkel,Starter,Ezekiel Elliott,Dal,RB|W/R/T
4,2.7,Stefon Urkel,Starter,Jamaal Williams,NO,RB|W/R/T
4,3.65,Stefon Urkel,Starter,Rhett Ellison,NYG,TE|W/R/T
4,6.15,Stefon Urkel,Starter,Antonio Callaway,Dal,WR|W/R/T
4,0.0,Stefon Urkel,Non-Starter,Evan Engram,Den,TE|W/R/T
4,4.9,Stefon Urkel,Non-Starter,Rashaad Penny,Phi,RB|W/R/T
4,24.35,Stefon Urkel,Non-Starter,Corey Davis,NYJ,WR|W/R/T
4,9.0,Stefon Urkel,Starter,Los Angeles Rams,LAR,DEF
5,14.34,Stefon Urkel,Starter,Jared Goff,Det,QB
5,14.1,Stefon Urkel,Starter,Stefon Diggs,NE,WR|W/R/T
5,5.9,Stefon Urkel,Starter,Corey Davis,NYJ,WR|W/R/T
5,10.15,Stefon Urkel,Starter,Ezekiel Elliott,Dal,RB|W/R/T
5,6.3,Stefon Urkel,Starter,Frank Gore,NYJ,RB|W/R/T
5,2.4,Stefon Urkel,Starter,Antonio Gates,LAC,TE|W/R/T
5,8.6,Stefon Urkel,Starter,Chester Rogers,Cle,WR|W/R/T
5,0.0,Stefon Urkel,Non-Starter,T.Y. Hilton,Dal,WR|W/R/T
5,0.0,Stefon Urkel,Non-Starter,Evan Engram,Den,TE|W/R/T
5,0.0,Stefon Urkel,Non-Starter,Ronald Jones,Dal,RB|W/R/T
5,3.0,Stefon Urkel,Starter,Los Angeles Rams,LAR,DEF
6,7.44,Stefon Urkel,Starter,Jared Goff,Det,QB
6,4.95,Stefon Urkel,Starter,Stefon Diggs,NE,WR|W/R/T
6,2.65,Stefon Urkel,Starter,Corey Davis,NYJ,WR|W/R/T
6,17.95,Stefon Urkel,Starter,Ezekiel Elliott,Dal,RB|W/R/T
6,13.65,Stefon Urkel,Starter,Corey Clement,Ari,RB|W/R/T
6,13.2,Stefon Urkel,Starter,O.J. Howard,Hou,TE|W/R/T
6,5.35,Stefon Urkel,Starter,Wendell Smallwood,Jax,RB|W/R/T
6,0.0,Stefon Urkel,Non-Starter,T.Y. Hilton,Dal,WR|W/R/T
6,0.0,Stefon Urkel,Non-Starter,Evan Engram,Den,TE|W/R/T
6,2.65,Stefon Urkel,Non-Starter,Ronald Jones,Dal,RB|W/R/T
6,6.5,Stefon Urkel,Starter,Los Angeles Rams,LAR,DEF
7,16.48,Stefon Urkel,Starter,Jared Goff,Det,QB
7,4.6,Stefon Urkel,Starter,Stefon Diggs,NE,WR|W/R/T
7,1.75,Stefon Urkel,Starter,Corey Davis,NYJ,WR|W/R/T
7,4.7,Stefon Urkel,Starter,Ezekiel Elliott,Dal,RB|W/R/T
7,2.7,Stefon Urkel,Starter,Corey Clement,Ari,RB|W/R/T
7,3.1,Stefon Urkel,Starter,Evan Engram,Den,TE|W/R/T
7,15.5,Stefon Urkel,Starter,T.Y. Hilton,Dal,WR|W/R/T
7,7.95,Stefon Urkel,Non-Starter,O.J. Howard,Hou,TE|W/R/T
7,4.2,Stefon Urkel,Non-Starter,Wendell Smallwood,Jax,RB|W/R/T
7,9.05,Stefon Urkel,Non-Starter,Ronald Jones,Dal,RB|W/R/T
7,30.5,Stefon Urkel,Starter,Los Angeles Rams,LAR,DEF
8,26.5,Stefon Urkel,Starter,Jared Goff,Det,QB
8,20.4,Stefon Urkel,Starter,Stefon Diggs,NE,WR|W/R/T
8,3.65,Stefon Urkel,Starter,T.Y. Hilton,Dal,WR|W/R/T
8,13.1,Stefon Urkel,Starter,Wendell Smallwood,Jax,RB|W/R/T
8,7.4,Stefon Urkel,Starter,Doug Martin,LV,RB|W/R/T
8,9.75,Stefon Urkel,Starter,Evan Engram,Den,TE|W/R/T
8,10.67,Stefon Urkel,Starter,Danny Amendola,Hou,WR|W/R/T
8,13.8,Stefon Urkel,Non-Starter,O.J. Howard,Hou,TE|W/R/T
8,0.0,Stefon Urkel,Non-Starter,Ezekiel Elliott,Dal,RB|W/R/T
8,0.35,Stefon Urkel,Non-Starter,Ronald Jones,Dal,RB|W/R/T
8,11.5,Stefon Urkel,Starter,Los Angeles Rams,LAR,DEF
9,29.34,Stefon Urkel,Starter,Jared Goff,Det,QB
9,5.95,Stefon Urkel,Starter,Danny Amendola,Hou,WR|W/R/T
9,3.65,Stefon Urkel,Starter,Randall Cobb,NYJ,WR|W/R/T
9,7.15,Stefon Urkel,Starter,Doug Martin,LV,RB|W/R/T
9,12.2,Stefon Urkel,Starter,Ezekiel Elliott,Dal,RB|W/R/T
9,18.3,Stefon Urkel,Starter,O.J. Howard,Hou,TE|W/R/T
9,19.2,Stefon Urkel,Starter,Dion Lewis,NYG,RB|W/R/T
9,0.0,Stefon Urkel,Non-Starter,Stefon Diggs,NE,WR|W/R/T
9,0.0,Stefon Urkel,Non-Starter,T.Y. Hilton,Dal,WR|W/R/T
9,0.0,Stefon Urkel,Non-Starter,Wendell Smallwood,Jax,RB|W/R/T
9,-1.0,Stefon Urkel,Starter,Los Angeles Rams,LAR,DEF
10,21.02,Stefon Urkel,Starter,Jared Goff,Det,QB
10,8.95,Stefon Urkel,Starter,Danny Amendola,Hou,WR|W/R/T
10,8.45,Stefon Urkel,Starter,T.Y. Hilton,Dal,WR|W/R/T
10,32.2,Stefon Urkel,Starter,Ezekiel Elliott,Dal,RB|W/R/T
10,4.15,Stefon Urkel,Starter,Wendell Smallwood,Jax,RB|W/R/T
10,1.75,Stefon Urkel,Starter,O.J. Howard,Hou,TE|W/R/T
10,7.3,Stefon Urkel,Starter,Dion Lewis,NYG,RB|W/R/T
10,9.95,Stefon Urkel,Non-Starter,Doug Martin,LV,RB|W/R/T
10,0.0,Stefon Urkel,Non-Starter,Randall Cobb,NYJ,WR|W/R/T
10,0.0,Stefon Urkel,Non-Starter,Stefon Diggs,NE,WR|W/R/T
10,8.5,Stefon Urkel,Starter,Los Angeles Rams,LAR,DEF
11,35.12,Stefon Urkel,Starter,Jared Goff,Det,QB
11,29.75,Stefon Urkel,Starter,T.Y. Hilton,Dal,WR|W/R/T
11,21.85,Stefon Urkel,Starter,Stefon Diggs,NE,WR|W/R/T
11,27.85,Stefon Urkel,Starter,Ezekiel Elliott,Dal,RB|W/R/T
11,6.05,Stefon Urkel,Starter,Doug Martin,LV,RB|W/R/T
11,9.05,Stefon Urkel,Starter,O.J. Howard,Hou,TE|W/R/T
11,3.45,Stefon Urkel,Starter,Dion Lewis,NYG,RB|W/R/T
11,-0.4,Stefon Urkel,Non-Starter,Wendell Smallwood,Jax,RB|W/R/T
11,0.0,Stefon Urkel,Non-Starter,Danny Amendola,Hou,WR|W/R/T
11,12.0,Stefon Urkel,Starter,New York Giants,NYG,DEF
11,23.0,Stefon Urkel,Non-Starter,Los Angeles Rams,LAR,DEF
12,22.88,Stefon Urkel,Starter,Jameis Winston,NYG,QB
12,14.25,Stefon Urkel,Starter,T.Y. Hilton,Dal,WR|W/R/T
12,16.9,Stefon Urkel,Starter,Stefon Diggs,NE,WR|W/R/T
12,21.55,Stefon Urkel,Starter,Ezekiel Elliott,Dal,RB|W/R/T
12,5.85,Stefon Urkel,Starter,Dion Lewis,NYG,RB|W/R/T
12,4.9,Stefon Urkel,Starter,Jeff Heuerman,Den,TE|W/R/T
12,13.95,Stefon Urkel,Starter,Doug Martin,LV,RB|W/R/T
12,0.0,Stefon Urkel,Non-Starter,Jared Goff,Det,QB
12,1.55,Stefon Urkel,Non-Starter,Danny Amendola,Hou,WR|W/R/T
12,7.5,Stefon Urkel,Starter,Indianapolis Colts,Ind,DEF
12,0.0,Stefon Urkel,Non-Starter,Los Angeles Rams,LAR,DEF
13,8.08,Stefon Urkel,Starter,Jared Goff,Det,QB
13,9.7,Stefon Urkel,Starter,T.Y. Hilton,Dal,WR|W/R/T
13,6.15,Stefon Urkel,Starter,Stefon Diggs,NE,WR|W/R/T
13,21.0,Stefon Urkel,Starter,Ezekiel Elliott,Dal,RB|W/R/T
13,3.9,Stefon Urkel,Starter,Dion Lewis,NYG,RB|W/R/T
13,0.95,Stefon Urkel,Starter,Gerald Everett,Chi,TE|W/R/T
13,11.2,Stefon Urkel,Starter,Doug Martin,LV,RB|W/R/T
13,22.76,Stefon Urkel,Non-Starter,Jameis Winston,NYG,QB
13,0.0,Stefon Urkel,Non-Starter,Danny Amendola,Hou,WR|W/R/T
13,15.0,Stefon Urkel,Starter,Los Angeles Rams,LAR,DEF
13,17.5,Stefon Urkel,Non-Starter,Indianapolis Colts,Ind,DEF
14,-0.3,Stefon Urkel,Starter,Jared Goff,Det,QB
14,22.15,Stefon Urkel,Starter,T.Y. Hilton,Dal,WR|W/R/T
14,9.1,Stefon Urkel,Starter,Stefon Diggs,NE,WR|W/R/T
14,22.2,Stefon Urkel,Starter,Ezekiel Elliott,Dal,RB|W/R/T
14,6.45,Stefon Urkel,Starter,Dion Lewis,NYG,RB|W/R/T
14,3.9,Stefon Urkel,Starter,Gerald Everett,Chi,TE|W/R/T
14,9.2,Stefon Urkel,Starter,Doug Martin,LV,RB|W/R/T
14,19.22,Stefon Urkel,Non-Starter,Jameis Winston,NYG,QB
14,1.25,Stefon Urkel,Non-Starter,Danny Amendola,Hou,WR|W/R/T
14,13.0,Stefon Urkel,Starter,Los Angeles Rams,LAR,DEF
14,11.5,Stefon Urkel,Non-Starter,Indianapolis Colts,Ind,DEF
15,10.66,Stefon Urkel,Starter,Jared Goff,Det,QB
15,9.75,Stefon Urkel,Starter,T.Y. Hilton,Dal,WR|W/R/T
15,12.8,Stefon Urkel,Starter,Stefon Diggs,NE,WR|W/R/T
15,14.55,Stefon Urkel,Starter,Ezekiel Elliott,Dal,RB|W/R/T
15,5.15,Stefon Urkel,Starter,Dion Lewis,NYG,RB|W/R/T
15,9.5,Stefon Urkel,Starter,Evan Engram,Den,TE|W/R/T
15,3.9,Stefon Urkel,Starter,Doug Martin,LV,RB|W/R/T
15,4.28,Stefon Urkel,Non-Starter,Jameis Winston,NYG,QB
15,3.75,Stefon Urkel,Non-Starter,Danny Amendola,Hou,WR|W/R/T
15,2.0,Stefon Urkel,Starter,Los Angeles Rams,LAR,DEF
15,19.0,Stefon Urkel,Non-Starter,Indianapolis Colts,Ind,DEF
16,17.24,Stefon Urkel,Starter,Jared Goff,Det,QB
16,15.55,Stefon Urkel,Starter,T.Y. Hilton,Dal,WR|W/R/T
16,7.5,Stefon Urkel,Starter,Stefon Diggs,NE,WR|W/R/T
16,12.15,Stefon Urkel,Starter,Ezekiel Elliott,Dal,RB|W/R/T
16,3.25,Stefon Urkel,Starter,Dion Lewis,NYG,RB|W/R/T
16,12.8,Stefon Urkel,Starter,Evan Engram,Den,TE|W/R/T
16,17.85,Stefon Urkel,Starter,Doug Martin,LV,RB|W/R/T
16,14.84,Stefon Urkel,Non-Starter,Jameis Winston,NYG,QB
16,4.55,Stefon Urkel,Non-Starter,Danny Amendola,Hou,WR|W/R/T
16,12.5,Stefon Urkel,Starter,Los Angeles Rams,LAR,DEF
16,6.0,Stefon Urkel,Non-Starter,Indianapolis Colts,Ind,DEF
1,21.28,Wild Wild Wentz,Starter,Tom Brady,TB,QB
1,26.0,Wild Wild Wentz,Starter,Michael Thomas,NO,WR|W/R/T
1,14.05,Wild Wild Wentz,Starter,Cooper Kupp,Sea,WR|W/R/T
1,20.85,Wild Wild Wentz,Starter,Melvin Gordon,Bal,RB|W/R/T
1,18.25,Wild Wild Wentz,Starter,Dion Lewis,NYG,RB|W/R/T
1,5.75,Wild Wild Wentz,Starter,Jack Doyle,Ind,TE|W/R/T
1,6.55,Wild Wild Wentz,Starter,John Ross,Phi,WR|W/R/T
1,2.6,Wild Wild Wentz,Non-Starter,Corey Clement,Ari,RB|W/R/T
1,2.1,Wild Wild Wentz,Non-Starter,Nick Chubb,Hou,RB|W/R/T
1,0.0,Wild Wild Wentz,Non-Starter,Cameron Meredith,NO,WR|W/R/T
1,16.0,Wild Wild Wentz,Starter,Philadelphia Eagles,Phi,DEF
2,16.36,Wild Wild Wentz,Starter,Tom Brady,TB,QB
2,21.9,Wild Wild Wentz,Starter,Michael Thomas,NO,WR|W/R/T
2,7.8,Wild Wild Wentz,Starter,Cooper Kupp,Sea,WR|W/R/T
2,26.1,Wild Wild Wentz,Starter,Melvin Gordon,Bal,RB|W/R/T
2,4.55,Wild Wild Wentz,Starter,Dion Lewis,NYG,RB|W/R/T
2,2.5,Wild Wild Wentz,Starter,Jack Doyle,Ind,TE|W/R/T
2,11.35,Wild Wild Wentz,Starter,Phillip Lindsay,Ind,RB|W/R/T
2,0.75,Wild Wild Wentz,Non-Starter,John Ross,Phi,WR|W/R/T
2,15.75,Wild Wild Wentz,Non-Starter,Corey Clement,Ari,RB|W/R/T
2,1.4,Wild Wild Wentz,Non-Starter,Nick Chubb,Hou,RB|W/R/T
2,8.5,Wild Wild Wentz,Starter,Philadelphia Eagles,Phi,DEF
3,7.52,Wild Wild Wentz,Starter,Tom Brady,TB,QB
3,15.4,Wild Wild Wentz,Starter,Michael Thomas,NO,WR|W/R/T
3,12.65,Wild Wild Wentz,Starter,Chris Godwin,TB,WR|W/R/T
3,14.9,Wild Wild Wentz,Starter,Melvin Gordon,Bal,RB|W/R/T
3,2.0,Wild Wild Wentz,Starter,Phillip Lindsay,Ind,RB|W/R/T
3,5.05,Wild Wild Wentz,Starter,Austin Hooper,NE,TE|W/R/T
3,8.25,Wild Wild Wentz,Starter,Corey Clement,Ari,RB|W/R/T
3,13.8,Wild Wild Wentz,Non-Starter,Cooper Kupp,Sea,WR|W/R/T
3,4.75,Wild Wild Wentz,Non-Starter,Dion Lewis,NYG,RB|W/R/T
3,0.6,Wild Wild Wentz,Non-Starter,Nick Chubb,Hou,RB|W/R/T
3,6.5,Wild Wild Wentz,Starter,Philadelphia Eagles,Phi,DEF
4,18.96,Wild Wild Wentz,Starter,Tom Brady,TB,QB
4,5.7,Wild Wild Wentz,Starter,Michael Thomas,NO,WR|W/R/T
4,2.7,Wild Wild Wentz,Starter,Chris Godwin,TB,WR|W/R/T
4,25.65,Wild Wild Wentz,Starter,Melvin Gordon,Bal,RB|W/R/T
4,14.4,Wild Wild Wentz,Starter,Phillip Lindsay,Ind,RB|W/R/T
4,2.15,Wild Wild Wentz,Starter,Austin Hooper,NE,TE|W/R/T
4,30.45,Wild Wild Wentz,Starter,Cooper Kupp,Sea,WR|W/R/T
4,0.0,Wild Wild Wentz,Non-Starter,Corey Clement,Ari,RB|W/R/T
4,8.85,Wild Wild Wentz,Non-Starter,Dion Lewis,NYG,RB|W/R/T
4,22.5,Wild Wild Wentz,Non-Starter,Nick Chubb,Hou,RB|W/R/T
4,10.5,Wild Wild Wentz,Starter,Philadelphia Eagles,Phi,DEF
5,27.54,Wild Wild Wentz,Starter,Tom Brady,TB,QB
5,8.4,Wild Wild Wentz,Starter,Michael Thomas,NO,WR|W/R/T
5,16.5,Wild Wild Wentz,Starter,Cooper Kupp,Sea,WR|W/R/T
5,19.0,Wild Wild Wentz,Starter,Melvin Gordon,Bal,RB|W/R/T
5,8.85,Wild Wild Wentz,Starter,Phillip Lindsay,Ind,RB|W/R/T
5,9.95,Wild Wild Wentz,Starter,Austin Hooper,NE,TE|W/R/T
5,3.55,Wild Wild Wentz,Starter,Dion Lewis,NYG,RB|W/R/T
5,0.0,Wild Wild Wentz,Non-Starter,Chris Godwin,TB,WR|W/R/T
5,0.2,Wild Wild Wentz,Non-Starter,Nick Chubb,Hou,RB|W/R/T
5,12.8,Wild Wild Wentz,Non-Starter,Keke Coutee,Ind,WR|W/R/T
5,6.5,Wild Wild Wentz,Starter,Philadelphia Eagles,Phi,DEF
6,21.8,Wild Wild Wentz,Starter,Tom Brady,TB,QB
6,1.2,Wild Wild Wentz,Starter,Cooper Kupp,Sea,WR|W/R/T
6,4.05,Wild Wild Wentz,Starter,Keke Coutee,Ind,WR|W/R/T
6,33.5,Wild Wild Wentz,Starter,Melvin Gordon,Bal,RB|W/R/T
6,8.1,Wild Wild Wentz,Starter,Phillip Lindsay,Ind,RB|W/R/T
6,15.35,Wild Wild Wentz,Starter,Austin Hooper,NE,TE|W/R/T
6,1.9,Wild Wild Wentz,Starter,Dion Lewis,NYG,RB|W/R/T
6,0.0,Wild Wild Wentz,Non-Starter,Michael Thomas,NO,WR|W/R/T
6,13.1,Wild Wild Wentz,Non-Starter,Chris Godwin,TB,WR|W/R/T
6,2.5,Wild Wild Wentz,Non-Starter,Nick Chubb,Hou,RB|W/R/T
6,13.5,Wild Wild Wentz,Starter,Philadelphia Eagles,Phi,DEF
7,21.68,Wild Wild Wentz,Starter,Tom Brady,TB,QB
7,14.65,Wild Wild Wentz,Starter,Michael Thomas,NO,WR|W/R/T
7,7.15,Wild Wild Wentz,Starter,Chris Godwin,TB,WR|W/R/T
7,0.0,Wild Wild Wentz,Starter,Melvin Gordon,Bal,RB|W/R/T
7,15.85,Wild Wild Wentz,Starter,Phillip Lindsay,Ind,RB|W/R/T
7,5.55,Wild Wild Wentz,Starter,Austin Hooper,NE,TE|W/R/T
7,17.0,Wild Wild Wentz,Starter,Dion Lewis,NYG,RB|W/R/T
7,0.0,Wild Wild Wentz,Non-Starter,Cooper Kupp,Sea,WR|W/R/T
7,14.0,Wild Wild Wentz,Non-Starter,Nick Chubb,Hou,RB|W/R/T
7,0.0,Wild Wild Wentz,Non-Starter,Vance McDonald,Pit,TE|W/R/T
7,4.0,Wild Wild Wentz,Starter,Philadelphia Eagles,Phi,DEF
8,13.76,Wild Wild Wentz,Starter,Tom Brady,TB,QB
8,9.35,Wild Wild Wentz,Starter,Michael Thomas,NO,WR|W/R/T
8,5.7,Wild Wild Wentz,Starter,Chris Godwin,TB,WR|W/R/T
8,17.95,Wild Wild Wentz,Starter,Phillip Lindsay,Ind,RB|W/R/T
8,8.0,Wild Wild Wentz,Starter,Nick Chubb,Hou,RB|W/R/T
8,5.45,Wild Wild Wentz,Starter,Vance McDonald,Pit,TE|W/R/T
8,2.85,Wild Wild Wentz,Starter,LeGarrette Blount,Det,RB|W/R/T
8,0.0,Wild Wild Wentz,Non-Starter,Cooper Kupp,Sea,WR|W/R/T
8,0.0,Wild Wild Wentz,Non-Starter,Melvin Gordon,Bal,RB|W/R/T
8,0.0,Wild Wild Wentz,Non-Starter,Austin Hooper,NE,TE|W/R/T
8,9.5,Wild Wild Wentz,Starter,Philadelphia Eagles,Phi,DEF
9,15.66,Wild Wild Wentz,Starter,Tom Brady,TB,QB
9,30.1,Wild Wild Wentz,Starter,Michael Thomas,NO,WR|W/R/T
9,16.15,Wild Wild Wentz,Starter,Cooper Kupp,Sea,WR|W/R/T
9,8.9,Wild Wild Wentz,Starter,Phillip Lindsay,Ind,RB|W/R/T
9,18.55,Wild Wild Wentz,Starter,Melvin Gordon,Bal,RB|W/R/T
9,4.85,Wild Wild Wentz,Starter,Austin Hooper,NE,TE|W/R/T
9,15.25,Wild Wild Wentz,Starter,Nick Chubb,Hou,RB|W/R/T
9,4.5,Wild Wild Wentz,Non-Starter,Chris Godwin,TB,WR|W/R/T
9,1.25,Wild Wild Wentz,Non-Starter,LeGarrette Blount,Det,RB|W/R/T
9,31.0,Wild Wild Wentz,Starter,Miami Dolphins,Mia,DEF
9,0.0,Wild Wild Wentz,Non-Starter,Philadelphia Eagles,Phi,DEF
10,11.01,Wild Wild Wentz,Starter,Tom Brady,TB,QB
10,21.0,Wild Wild Wentz,Starter,Michael Thomas,NO,WR|W/R/T
10,5.15,Wild Wild Wentz,Starter,Cooper Kupp,Sea,WR|W/R/T
10,23.75,Wild Wild Wentz,Starter,Melvin Gordon,Bal,RB|W/R/T
10,33.65,Wild Wild Wentz,Starter,Nick Chubb,Hou,RB|W/R/T
10,14.1,Wild Wild Wentz,Starter,Austin Hooper,NE,TE|W/R/T
10,12.05,Wild Wild Wentz,Starter,Chris Godwin,TB,WR|W/R/T
10,0.0,Wild Wild Wentz,Non-Starter,Phillip Lindsay,Ind,RB|W/R/T
10,21.57,Wild Wild Wentz,Non-Starter,Marcus Mariota,Was,QB
10,6.85,Wild Wild Wentz,Non-Starter,Maurice Harris,Was,WR|W/R/T
10,8.0,Wild Wild Wentz,Starter,Philadelphia Eagles,Phi,DEF
11,3.1,Wild Wild Wentz,Starter,Marcus Mariota,Was,QB
11,16.2,Wild Wild Wentz,Starter,Michael Thomas,NO,WR|W/R/T
11,1.55,Wild Wild Wentz,Starter,Maurice Harris,Was,WR|W/R/T
11,17.1,Wild Wild Wentz,Starter,Melvin Gordon,Bal,RB|W/R/T
11,23.6,Wild Wild Wentz,Starter,Phillip Lindsay,Ind,RB|W/R/T
11,3.7,Wild Wild Wentz,Starter,Austin Hooper,NE,TE|W/R/T
11,15.5,Wild Wild Wentz,Starter,Josh Reynolds,NYJ,WR|W/R/T
11,5.75,Wild Wild Wentz,Non-Starter,Chris Godwin,TB,WR|W/R/T
11,0.0,Wild Wild Wentz,Non-Starter,Nick Chubb,Hou,RB|W/R/T
11,0.0,Wild Wild Wentz,Non-Starter,Tom Brady,TB,QB
11,-1.5,Wild Wild Wentz,Starter,Philadelphia Eagles,Phi,DEF
12,19.22,Wild Wild Wentz,Starter,Tom Brady,TB,QB
12,4.8,Wild Wild Wentz,Starter,Michael Thomas,NO,WR|W/R/T
12,1.9,Wild Wild Wentz,Starter,Keke Coutee,Ind,WR|W/R/T
12,19.1,Wild Wild Wentz,Starter,Melvin Gordon,Bal,RB|W/R/T
12,25.55,Wild Wild Wentz,Starter,Nick Chubb,Hou,RB|W/R/T
12,4.35,Wild Wild Wentz,Starter,Austin Hooper,NE,TE|W/R/T
12,17.0,Wild Wild Wentz,Starter,Phillip Lindsay,Ind,RB|W/R/T
12,5.2,Wild Wild Wentz,Non-Starter,Chris Godwin,TB,WR|W/R/T
12,0.0,Wild Wild Wentz,Non-Starter,Maurice Harris,Was,WR|W/R/T
12,0.0,Wild Wild Wentz,Non-Starter,Josh Reynolds,NYJ,WR|W/R/T
12,7.5,Wild Wild Wentz,Starter,Philadelphia Eagles,Phi,DEF
13,14.94,Wild Wild Wentz,Starter,Tom Brady,TB,QB
13,5.25,Wild Wild Wentz,Starter,Michael Thomas,NO,WR|W/R/T
13,17.35,Wild Wild Wentz,Starter,Chris Godwin,TB,WR|W/R/T
13,13.95,Wild Wild Wentz,Starter,Nick Chubb,Hou,RB|W/R/T
13,28.15,Wild Wild Wentz,Starter,Phillip Lindsay,Ind,RB|W/R/T
13,11.65,Wild Wild Wentz,Starter,Austin Hooper,NE,TE|W/R/T
13,2.4,Wild Wild Wentz,Starter,Josh Reynolds,NYJ,WR|W/R/T
13,0.0,Wild Wild Wentz,Non-Starter,Melvin Gordon,Bal,RB|W/R/T
13,14.45,Wild Wild Wentz,Non-Starter,Justin Jackson,Det,RB|W/R/T
13,0.0,Wild Wild Wentz,Non-Starter,David Moore,Car,WR|W/R/T
13,6.0,Wild Wild Wentz,Starter,Green Bay Packers,GB,DEF
14,26.62,Wild Wild Wentz,Starter,Tom Brady,TB,QB
14,12.55,Wild Wild Wentz,Starter,Michael Thomas,NO,WR|W/R/T
14,1.55,Wild Wild Wentz,Starter,Chris Godwin,TB,WR|W/R/T
14,15.3,Wild Wild Wentz,Starter,Nick Chubb,Hou,RB|W/R/T
14,4.0,Wild Wild Wentz,Starter,Justin Jackson,Det,RB|W/R/T
14,4.7,Wild Wild Wentz,Starter,Austin Hooper,NE,TE|W/R/T
14,12.1,Wild Wild Wentz,Starter,Phillip Lindsay,Ind,RB|W/R/T
14,0.0,Wild Wild Wentz,Non-Starter,Melvin Gordon,Bal,RB|W/R/T
14,4.35,Wild Wild Wentz,Non-Starter,Josh Reynolds,NYJ,WR|W/R/T
14,0.0,Wild Wild Wentz,Non-Starter,David Moore,Car,WR|W/R/T
14,12.5,Wild Wild Wentz,Starter,New Orleans Saints,NO,DEF
15,13.16,Wild Wild Wentz,Starter,Tom Brady,TB,QB
15,6.65,Wild Wild Wentz,Starter,Michael Thomas,NO,WR|W/R/T
15,1.95,Wild Wild Wentz,Starter,Kenny Stills,NO,WR|W/R/T
15,10.0,Wild Wild Wentz,Starter,Nick Chubb,Hou,RB|W/R/T
15,5.4,Wild Wild Wentz,Starter,Phillip Lindsay,Ind,RB|W/R/T
15,0.0,Wild Wild Wentz,Starter,Austin Hooper,NE,TE|W/R/T
15,0.0,Wild Wild Wentz,Starter,Melvin Gordon,Bal,RB|W/R/T
15,0.0,Wild Wild Wentz,Non-Starter,Chris Godwin,TB,WR|W/R/T
15,15.25,Wild Wild Wentz,Non-Starter,Justin Jackson,Det,RB|W/R/T
15,1.15,Wild Wild Wentz,Non-Starter,David Moore,Car,WR|W/R/T
15,16.0,Wild Wild Wentz,Starter,New Orleans Saints,NO,DEF
16,5.04,Wild Wild Wentz,Starter,Tom Brady,TB,QB
16,19.65,Wild Wild Wentz,Starter,Michael Thomas,NO,WR|W/R/T
16,0.75,Wild Wild Wentz,Starter,Kenny Stills,NO,WR|W/R/T
16,12.0,Wild Wild Wentz,Starter,Nick Chubb,Hou,RB|W/R/T
16,6.2,Wild Wild Wentz,Starter,Phillip Lindsay,Ind,RB|W/R/T
16,4.1,Wild Wild Wentz,Starter,Austin Hooper,NE,TE|W/R/T
16,12.15,Wild Wild Wentz,Starter,Melvin Gordon,Bal,RB|W/R/T
16,4.65,Wild Wild Wentz,Non-Starter,Chris Godwin,TB,WR|W/R/T
16,6.35,Wild Wild Wentz,Non-Starter,Justin Jackson,Det,RB|W/R/T
16,0.95,Wild Wild Wentz,Non-Starter,David Moore,Car,WR|W/R/T
16,9.5,Wild Wild Wentz,Starter,New Orleans Saints,NO,DEF
1,18.24,Hells Wells,Starter,Cam Newton,Car,QB
1,10.55,Hells Wells,Starter,Michael Crabtree,Ari,WR|W/R/T
1,3.95,Hells Wells,Starter,Jamison Crowder,Was,WR|W/R/T
1,7.1,Hells Wells,Starter,Royce Freeman,Chi,RB|W/R/T
1,30.45,Hells Wells,Starter,James Conner,Ari,RB|W/R/T
1,10.25,Hells Wells,Starter,George Kittle,SF,TE|W/R/T
1,11.4,Hells Wells,Starter,Marshawn Lynch,Sea,RB|W/R/T
1,0.0,Hells Wells,Non-Starter,Le'Veon Bell,TB,RB|W/R/T
1,2.25,Hells Wells,Non-Starter,Allen Hurns,Mia,WR|W/R/T
1,9.35,Hells Wells,Non-Starter,Mike Williams,Pit,WR|W/R/T
1,18.5,Hells Wells,Starter,Jacksonville Jaguars,Jax,DEF
2,27.6,Hells Wells,Starter,Cam Newton,Car,QB
2,6.85,Hells Wells,Starter,Michael Crabtree,Ari,WR|W/R/T
2,4.2,Hells Wells,Starter,Jamison Crowder,Was,WR|W/R/T
2,8.8,Hells Wells,Starter,Royce Freeman,Chi,RB|W/R/T
2,15.75,Hells Wells,Starter,James Conner,Ari,RB|W/R/T
2,2.7,Hells Wells,Starter,George Kittle,SF,TE|W/R/T
2,13.3,Hells Wells,Starter,Marshawn Lynch,Sea,RB|W/R/T
2,0.0,Hells Wells,Non-Starter,Le'Veon Bell,TB,RB|W/R/T
2,9.2,Hells Wells,Non-Starter,Mike Williams,Pit,WR|W/R/T
2,5.65,Hells Wells,Non-Starter,Phillip Dorsett,LV,WR|W/R/T
2,8.0,Hells Wells,Starter,Jacksonville Jaguars,Jax,DEF
3,29.6,Hells Wells,Starter,Cam Newton,Car,QB
3,7.85,Hells Wells,Starter,Michael Crabtree,Ari,WR|W/R/T
3,21.2,Hells Wells,Starter,Tyler Boyd,Ten,WR|W/R/T
3,12.05,Hells Wells,Starter,Royce Freeman,Chi,RB|W/R/T
3,10.75,Hells Wells,Starter,James Conner,Ari,RB|W/R/T
3,11.15,Hells Wells,Starter,George Kittle,SF,TE|W/R/T
3,15.35,Hells Wells,Starter,Marshawn Lynch,Sea,RB|W/R/T
3,11.5,Hells Wells,Non-Starter,Jamison Crowder,Was,WR|W/R/T
3,0.0,Hells Wells,Non-Starter,Le'Veon Bell,TB,RB|W/R/T
3,21.1,Hells Wells,Non-Starter,Mike Williams,Pit,WR|W/R/T
3,11.5,Hells Wells,Starter,Jacksonville Jaguars,Jax,DEF
4,0.0,Hells Wells,Starter,Ryan Tannehill,Ten,QB
4,12.75,Hells Wells,Starter,Tyler Boyd,Ten,WR|W/R/T
4,1.75,Hells Wells,Starter,Mike Williams,Pit,WR|W/R/T
4,12.7,Hells Wells,Starter,Royce Freeman,Chi,RB|W/R/T
4,7.15,Hells Wells,Starter,James Conner,Ari,RB|W/R/T
4,20.0,Hells Wells,Starter,George Kittle,SF,TE|W/R/T
4,16.45,Hells Wells,Starter,Marshawn Lynch,Sea,RB|W/R/T
4,0.0,Hells Wells,Non-Starter,Cam Newton,Car,QB
4,3.65,Hells Wells,Non-Starter,Michael Crabtree,Ari,WR|W/R/T
4,0.0,Hells Wells,Non-Starter,Le'Veon Bell,TB,RB|W/R/T
4,14.0,Hells Wells,Starter,Jacksonville Jaguars,Jax,DEF
5,16.38,Hells Wells,Starter,Cam Newton,Car,QB
5,5.4,Hells Wells,Starter,Tyler Boyd,Ten,WR|W/R/T
5,5.55,Hells Wells,Starter,Mike Williams,Pit,WR|W/R/T
5,5.45,Hells Wells,Starter,Royce Freeman,Chi,RB|W/R/T
5,31.5,Hells Wells,Starter,James Conner,Ari,RB|W/R/T
5,9.55,Hells Wells,Starter,George Kittle,SF,TE|W/R/T
5,4.6,Hells Wells,Starter,Marshawn Lynch,Sea,RB|W/R/T
5,0.0,Hells Wells,Non-Starter,Le'Veon Bell,TB,RB|W/R/T
5,6.25,Hells Wells,Non-Starter,Dede Westbrook,GB,WR|W/R/T
5,14.0,Hells Wells,Non-Starter,Mike Davis,Bal,RB|W/R/T
5,6.0,Hells Wells,Starter,Jacksonville Jaguars,Jax,DEF
6,23.3,Hells Wells,Starter,Cam Newton,Car,QB
6,19.95,Hells Wells,Starter,Tyler Boyd,Ten,WR|W/R/T
6,1.65,Hells Wells,Starter,Mike Williams,Pit,WR|W/R/T
6,25.9,Hells Wells,Starter,James Conner,Ari,RB|W/R/T
6,2.85,Hells Wells,Starter,Mike Davis,Bal,RB|W/R/T
6,4.0,Hells Wells,Starter,George Kittle,SF,TE|W/R/T
6,6.65,Hells Wells,Starter,Marshawn Lynch,Sea,RB|W/R/T
6,2.2,Hells Wells,Non-Starter,Royce Freeman,Chi,RB|W/R/T
6,0.0,Hells Wells,Non-Starter,Le'Veon Bell,TB,RB|W/R/T
6,10.55,Hells Wells,Non-Starter,Dede Westbrook,GB,WR|W/R/T
6,3.5,Hells Wells,Starter,Jacksonville Jaguars,Jax,DEF
7,25.66,Hells Wells,Starter,Cam Newton,Car,QB
7,3.45,Hells Wells,Starter,Tyler Boyd,Ten,WR|W/R/T
7,4.35,Hells Wells,Starter,Albert Wilson,LV,WR|W/R/T
7,9.7,Hells Wells,Starter,Royce Freeman,Chi,RB|W/R/T
7,0.0,Hells Wells,Starter,Giovani Bernard,TB,RB|W/R/T
7,17.05,Hells Wells,Starter,George Kittle,SF,TE|W/R/T
7,2.7,Hells Wells,Starter,Dede Westbrook,GB,WR|W/R/T
7,0.0,Hells Wells,Non-Starter,Marshawn Lynch,Sea,RB|W/R/T
7,0.0,Hells Wells,Non-Starter,James Conner,Ari,RB|W/R/T
7,0.0,Hells Wells,Non-Starter,Le'Veon Bell,TB,RB|W/R/T
7,4.0,Hells Wells,Starter,Jacksonville Jaguars,Jax,DEF
8,27.96,Hells Wells,Starter,Cam Newton,Car,QB
8,21.85,Hells Wells,Starter,Tyler Boyd,Ten,WR|W/R/T
8,10.5,Hells Wells,Starter,Dede Westbrook,GB,WR|W/R/T
8,0.0,Hells Wells,Starter,Royce Freeman,Chi,RB|W/R/T
8,34.45,Hells Wells,Starter,James Conner,Ari,RB|W/R/T
8,6.95,Hells Wells,Starter,George Kittle,SF,TE|W/R/T
8,4.6,Hells Wells,Starter,Jakeem Grant,Atl,WR|W/R/T
8,2.8,Hells Wells,Non-Starter,Alfred Morris,NYG,RB|W/R/T
8,0.0,Hells Wells,Non-Starter,Le'Veon Bell,TB,RB|W/R/T
8,3.75,Hells Wells,Non-Starter,Mike Davis,Bal,RB|W/R/T
8,4.5,Hells Wells,Starter,New York Jets,NYJ,DEF
9,21.18,Hells Wells,Starter,Cam Newton,Car,QB
9,1.85,Hells Wells,Starter,Jakeem Grant,Atl,WR|W/R/T
9,7.5,Hells Wells,Starter,Corey Davis,NYJ,WR|W/R/T
9,0.0,Hells Wells,Starter,Royce Freeman,Chi,RB|W/R/T
9,24.05,Hells Wells,Starter,James Conner,Ari,RB|W/R/T
9,17.8,Hells Wells,Starter,George Kittle,SF,TE|W/R/T
9,12.45,Hells Wells,Starter,Mike Davis,Bal,RB|W/R/T
9,0.0,Hells Wells,Non-Starter,Tyler Boyd,Ten,WR|W/R/T
9,0.0,Hells Wells,Non-Starter,Dede Westbrook,GB,WR|W/R/T
9,0.0,Hells Wells,Non-Starter,Le'Veon Bell,TB,RB|W/R/T
9,14.5,Hells Wells,Starter,New York Jets,NYJ,DEF
10,12.72,Hells Wells,Starter,Cam Newton,Car,QB
10,7.25,Hells Wells,Starter,Tyler Boyd,Ten,WR|W/R/T
10,5.55,Hells Wells,Starter,Dede Westbrook,GB,WR|W/R/T
10,13.55,Hells Wells,Starter,James Conner,Ari,RB|W/R/T
10,15.0,Hells Wells,Starter,Mike Davis,Bal,RB|W/R/T
10,10.55,Hells Wells,Starter,George Kittle,SF,TE|W/R/T
10,20.25,Hells Wells,Starter,Corey Davis,NYJ,WR|W/R/T
10,0.0,Hells Wells,Non-Starter,Royce Freeman,Chi,RB|W/R/T
10,0.0,Hells Wells,Non-Starter,Le'Veon Bell,TB,RB|W/R/T
10,5.8,Hells Wells,Non-Starter,Adam Humphries,Was,WR|W/R/T
10,-1.0,Hells Wells,Starter,New York Jets,NYJ,DEF
11,24.48,Hells Wells,Starter,Cam Newton,Car,QB
11,8.1,Hells Wells,Starter,Tyler Boyd,Ten,WR|W/R/T
11,3.4,Hells Wells,Starter,Corey Davis,NYJ,WR|W/R/T
11,6.4,Hells Wells,Starter,James Conner,Ari,RB|W/R/T
11,5.5,Hells Wells,Starter,Mike Davis,Bal,RB|W/R/T
11,0.0,Hells Wells,Starter,Jesse James,LV,TE|W/R/T
11,9.25,Hells Wells,Starter,Royce Freeman,Chi,RB|W/R/T
11,0.0,Hells Wells,Non-Starter,George Kittle,SF,TE|W/R/T
11,2.4,Hells Wells,Non-Starter,Dede Westbrook,GB,WR|W/R/T
11,11.5,Hells Wells,Starter,Minnesota Vikings,Min,DEF
11,0.0,Hells Wells,Non-Starter,New York Jets,NYJ,DEF
12,22.54,Hells Wells,Starter,Cam Newton,Car,QB
12,16.25,Hells Wells,Starter,Tyler Boyd,Ten,WR|W/R/T
12,20.5,Hells Wells,Starter,Corey Davis,NYJ,WR|W/R/T
12,8.5,Hells Wells,Starter,James Conner,Ari,RB|W/R/T
12,1.4,Hells Wells,Starter,Mike Davis,Bal,RB|W/R/T
12,7.3,Hells Wells,Starter,George Kittle,SF,TE|W/R/T
12,1.7,Hells Wells,Starter,Royce Freeman,Chi,RB|W/R/T
12,15.45,Hells Wells,Non-Starter,Dede Westbrook,GB,WR|W/R/T
12,1.95,Hells Wells,Non-Starter,Jordan Wilkins,Cle,RB|W/R/T
12,12.9,Hells Wells,Non-Starter,Adam Humphries,Was,WR|W/R/T
12,10.5,Hells Wells,Starter,Minnesota Vikings,Min,DEF
13,15.3,Hells Wells,Starter,Cam Newton,Car,QB
13,11.2,Hells Wells,Starter,Tyler Boyd,Ten,WR|W/R/T
13,12.15,Hells Wells,Starter,Corey Davis,NYJ,WR|W/R/T
13,20.15,Hells Wells,Starter,James Conner,Ari,RB|W/R/T
13,1.95,Hells Wells,Starter,Carlos Hyde,Jax,RB|W/R/T
13,8.5,Hells Wells,Starter,George Kittle,SF,TE|W/R/T
13,13.85,Hells Wells,Starter,Adam Humphries,Was,WR|W/R/T
13,2.8,Hells Wells,Non-Starter,Royce Freeman,Chi,RB|W/R/T
13,1.0,Hells Wells,Non-Starter,Mike Davis,Bal,RB|W/R/T
13,3.15,Hells Wells,Non-Starter,Dede Westbrook,GB,WR|W/R/T
13,3.5,Hells Wells,Starter,Minnesota Vikings,Min,DEF
14,10.9,Hells Wells,Starter,Cam Newton,Car,QB
14,5.95,Hells Wells,Starter,Tyler Boyd,Ten,WR|W/R/T
14,2.6,Hells Wells,Starter,Corey Davis,NYJ,WR|W/R/T
14,0.0,Hells Wells,Starter,James Conner,Ari,RB|W/R/T
14,-0.05,Hells Wells,Starter,Carlos Hyde,Jax,RB|W/R/T
14,28.75,Hells Wells,Starter,George Kittle,SF,TE|W/R/T
14,5.2,Hells Wells,Starter,Adam Humphries,Was,WR|W/R/T
14,3.6,Hells Wells,Non-Starter,Royce Freeman,Chi,RB|W/R/T
14,2.95,Hells Wells,Non-Starter,Mike Davis,Bal,RB|W/R/T
14,16.55,Hells Wells,Non-Starter,Dede Westbrook,GB,WR|W/R/T
14,8.0,Hells Wells,Starter,Minnesota Vikings,Min,DEF
15,4.74,Hells Wells,Starter,Cam Newton,Car,QB
15,10.8,Hells Wells,Starter,Tyler Boyd,Ten,WR|W/R/T
15,4.05,Hells Wells,Starter,Corey Davis,NYJ,WR|W/R/T
15,0.0,Hells Wells,Starter,James Conner,Ari,RB|W/R/T
15,0.0,Hells Wells,Starter,Carlos Hyde,Jax,RB|W/R/T
15,5.85,Hells Wells,Starter,George Kittle,SF,TE|W/R/T
15,3.3,Hells Wells,Starter,Adam Humphries,Was,WR|W/R/T
15,1.05,Hells Wells,Non-Starter,Royce Freeman,Chi,RB|W/R/T
15,10.4,Hells Wells,Non-Starter,Mike Davis,Bal,RB|W/R/T
15,10.85,Hells Wells,Non-Starter,Dede Westbrook,GB,WR|W/R/T
15,21.0,Hells Wells,Starter,Minnesota Vikings,Min,DEF
16,0.0,Hells Wells,Starter,Cam Newton,Car,QB
16,0.0,Hells Wells,Starter,Tyler Boyd,Ten,WR|W/R/T
16,5.35,Hells Wells,Starter,Corey Davis,NYJ,WR|W/R/T
16,0.0,Hells Wells,Starter,James Conner,Ari,RB|W/R/T
16,4.7,Hells Wells,Starter,Carlos Hyde,Jax,RB|W/R/T
16,9.15,Hells Wells,Starter,George Kittle,SF,TE|W/R/T
16,10.4,Hells Wells,Starter,Adam Humphries,Was,WR|W/R/T
16,2.1,Hells Wells,Non-Starter,Royce Freeman,Chi,RB|W/R/T
16,3.1,Hells Wells,Non-Starter,Mike Davis,Bal,RB|W/R/T
16,7.15,Hells Wells,Non-Starter,Dede Westbrook,GB,WR|W/R/T
16,14.0,Hells Wells,Starter,Minnesota Vikings,Min,DEF
1,24.94,Where Da Gold At?,Starter,Aaron Rodgers,Pit,QB
1,12.35,Where Da Gold At?,Starter,Jarvis Landry,NO,WR|W/R/T
1,15.65,Where Da Gold At?,Starter,Golden Tate,Ten,WR|W/R/T
1,11.95,Where Da Gold At?,Starter,Jordan Howard,NO,RB|W/R/T
1,4.45,Where Da Gold At?,Starter,Kerryon Johnson,SF,RB|W/R/T
1,1.35,Where Da Gold At?,Starter,Mike Gesicki,Cin,TE|W/R/T
1,7.5,Where Da Gold At?,Starter,Nelson Agholor,Bal,WR|W/R/T
1,4.2,Where Da Gold At?,Non-Starter,Latavius Murray,Buf,RB|W/R/T
1,14.15,Where Da Gold At?,Non-Starter,Geronimo Allison,Atl,WR|W/R/T
1,23.58,Where Da Gold At?,Non-Starter,Tyrod Taylor,NYJ,QB
1,11.5,Where Da Gold At?,Starter,Green Bay Packers,GB,DEF
2,16.04,Where Da Gold At?,Starter,Aaron Rodgers,Pit,QB
2,8.15,Where Da Gold At?,Starter,Jarvis Landry,NO,WR|W/R/T
2,13.55,Where Da Gold At?,Starter,Golden Tate,Ten,WR|W/R/T
2,7.55,Where Da Gold At?,Starter,Jordan Howard,NO,RB|W/R/T
2,7.85,Where Da Gold At?,Starter,Kerryon Johnson,SF,RB|W/R/T
2,0.0,Where Da Gold At?,Starter,Mike Gesicki,Cin,TE|W/R/T
2,17.0,Where Da Gold At?,Starter,Nelson Agholor,Bal,WR|W/R/T
2,1.9,Where Da Gold At?,Non-Starter,Latavius Murray,Buf,RB|W/R/T
2,7.9,Where Da Gold At?,Non-Starter,Geronimo Allison,Atl,WR|W/R/T
2,14.44,Where Da Gold At?,Non-Starter,Tyrod Taylor,NYJ,QB
2,12.5,Where Da Gold At?,Starter,Green Bay Packers,GB,DEF
3,19.9,Where Da Gold At?,Starter,Aaron Rodgers,Pit,QB
3,14.3,Where Da Gold At?,Starter,Jarvis Landry,NO,WR|W/R/T
3,8.4,Where Da Gold At?,Starter,Golden Tate,Ten,WR|W/R/T
3,14.6,Where Da Gold At?,Starter,Jordan Howard,NO,RB|W/R/T
3,4.35,Where Da Gold At?,Starter,Latavius Murray,Buf,RB|W/R/T
3,0.95,Where Da Gold At?,Starter,Jesse James,LV,TE|W/R/T
3,3.4,Where Da Gold At?,Starter,Nelson Agholor,Bal,WR|W/R/T
3,11.5,Where Da Gold At?,Non-Starter,Kerryon Johnson,SF,RB|W/R/T
3,14.1,Where Da Gold At?,Non-Starter,Geronimo Allison,Atl,WR|W/R/T
3,2.96,Where Da Gold At?,Non-Starter,Tyrod Taylor,NYJ,QB
3,3.5,Where Da Gold At?,Starter,Green Bay Packers,GB,DEF
4,15.02,Where Da Gold At?,Starter,Aaron Rodgers,Pit,QB
4,10.4,Where Da Gold At?,Starter,Jarvis Landry,NO,WR|W/R/T
4,27.2,Where Da Gold At?,Starter,Golden Tate,Ten,WR|W/R/T
4,2.5,Where Da Gold At?,Starter,Jordan Howard,NO,RB|W/R/T
4,4.3,Where Da Gold At?,Starter,Latavius Murray,Buf,RB|W/R/T
4,2.55,Where Da Gold At?,Starter,Jesse James,LV,TE|W/R/T
4,3.45,Where Da Gold At?,Starter,Nelson Agholor,Bal,WR|W/R/T
4,11.85,Where Da Gold At?,Non-Starter,Kerryon Johnson,SF,RB|W/R/T
4,9.5,Where Da Gold At?,Non-Starter,Geronimo Allison,Atl,WR|W/R/T
4,0.0,Where Da Gold At?,Non-Starter,Tyrod Taylor,NYJ,QB
4,30.0,Where Da Gold At?,Starter,Green Bay Packers,GB,DEF
5,28.68,Where Da Gold At?,Starter,Aaron Rodgers,Pit,QB
5,8.15,Where Da Gold At?,Starter,Jarvis Landry,NO,WR|W/R/T
5,5.45,Where Da Gold At?,Starter,Golden Tate,Ten,WR|W/R/T
5,6.1,Where Da Gold At?,Starter,Latavius Murray,Buf,RB|W/R/T
5,9.0,Where Da Gold At?,Starter,Kerryon Johnson,SF,RB|W/R/T
5,2.5,Where Da Gold At?,Starter,Jesse James,LV,TE|W/R/T
5,5.5,Where Da Gold At?,Starter,Nelson Agholor,Bal,WR|W/R/T
5,0.0,Where Da Gold At?,Non-Starter,Jordan Howard,NO,RB|W/R/T
5,0.0,Where Da Gold At?,Non-Starter,Geronimo Allison,Atl,WR|W/R/T
5,0.0,Where Da Gold At?,Non-Starter,Tyrod Taylor,NYJ,QB
5,5.0,Where Da Gold At?,Starter,Green Bay Packers,GB,DEF
6,28.4,Where Da Gold At?,Starter,Aaron Rodgers,Pit,QB
6,1.6,Where Da Gold At?,Starter,Jarvis Landry,NO,WR|W/R/T
6,0.0,Where Da Gold At?,Starter,Geronimo Allison,Atl,WR|W/R/T
6,22.05,Where Da Gold At?,Starter,Latavius Murray,Buf,RB|W/R/T
6,4.9,Where Da Gold At?,Starter,Jordan Howard,NO,RB|W/R/T
6,3.85,Where Da Gold At?,Starter,Jesse James,LV,TE|W/R/T
6,9.85,Where Da Gold At?,Starter,Nelson Agholor,Bal,WR|W/R/T
6,0.0,Where Da Gold At?,Non-Starter,Kerryon Johnson,SF,RB|W/R/T
6,0.0,Where Da Gold At?,Non-Starter,Golden Tate,Ten,WR|W/R/T
6,0.0,Where Da Gold At?,Non-Starter,Tyrod Taylor,NYJ,QB
6,9.5,Where Da Gold At?,Starter,Green Bay Packers,GB,DEF
7,20.66,Where Da Gold At?,Starter,Eli Manning,NYG,QB
7,18.2,Where Da Gold At?,Starter,Jarvis Landry,NO,WR|W/R/T
7,7.6,Where Da Gold At?,Starter,Golden Tate,Ten,WR|W/R/T
7,11.05,Where Da Gold At?,Starter,Jordan Howard,NO,RB|W/R/T
7,18.4,Where Da Gold At?,Starter,Kerryon Johnson,SF,RB|W/R/T
7,11.8,Where Da Gold At?,Starter,Benjamin Watson,NE,TE|W/R/T
7,3.5,Where Da Gold At?,Starter,Nelson Agholor,Bal,WR|W/R/T
7,20.8,Where Da Gold At?,Non-Starter,Latavius Murray,Buf,RB|W/R/T
7,0.0,Where Da Gold At?,Non-Starter,Geronimo Allison,Atl,WR|W/R/T
7,0.0,Where Da Gold At?,Non-Starter,Aaron Rodgers,Pit,QB
7,8.0,Where Da Gold At?,Starter,Arizona Cardinals,Ari,DEF
8,15.94,Where Da Gold At?,Starter,Aaron Rodgers,Pit,QB
8,5.9,Where Da Gold At?,Starter,Jarvis Landry,NO,WR|W/R/T
8,7.05,Where Da Gold At?,Starter,Golden Tate,Ten,WR|W/R/T
8,14.1,Where Da Gold At?,Starter,Jordan Howard,NO,RB|W/R/T
8,10.6,Where Da Gold At?,Starter,Kerryon Johnson,SF,RB|W/R/T
8,0.0,Where Da Gold At?,Starter,Benjamin Watson,NE,TE|W/R/T
8,1.65,Where Da Gold At?,Starter,Geronimo Allison,Atl,WR|W/R/T
8,7.05,Where Da Gold At?,Non-Starter,Nelson Agholor,Bal,WR|W/R/T
8,12.64,Where Da Gold At?,Non-Starter,Eli Manning,NYG,QB
8,16.75,Where Da Gold At?,Non-Starter,Latavius Murray,Buf,RB|W/R/T
8,13.0,Where Da Gold At?,Starter,Arizona Cardinals,Ari,DEF
9,19.16,Where Da Gold At?,Starter,Aaron Rodgers,Pit,QB
9,6.5,Where Da Gold At?,Starter,Jarvis Landry,NO,WR|W/R/T
9,0.0,Where Da Gold At?,Starter,Geronimo Allison,Atl,WR|W/R/T
9,16.7,Where Da Gold At?,Starter,Jordan Howard,NO,RB|W/R/T
9,5.15,Where Da Gold At?,Starter,Kerryon Johnson,SF,RB|W/R/T
9,12.95,Where Da Gold At?,Starter,Benjamin Watson,NE,TE|W/R/T
9,10.95,Where Da Gold At?,Starter,Latavius Murray,Buf,RB|W/R/T
9,0.0,Where Da Gold At?,Non-Starter,Golden Tate,Ten,WR|W/R/T
9,0.0,Where Da Gold At?,Non-Starter,Nelson Agholor,Bal,WR|W/R/T
9,0.0,Where Da Gold At?,Non-Starter,Eli Manning,NYG,QB
9,8.5,Where Da Gold At?,Starter,Dallas Cowboys,Dal,DEF
10,18.06,Where Da Gold At?,Starter,Aaron Rodgers,Pit,QB
10,2.7,Where Da Gold At?,Starter,Jarvis Landry,NO,WR|W/R/T
10,2.4,Where Da Gold At?,Starter,Golden Tate,Ten,WR|W/R/T
10,3.45,Where Da Gold At?,Starter,Jordan Howard,NO,RB|W/R/T
10,20.4,Where Da Gold At?,Starter,Kerryon Johnson,SF,RB|W/R/T
10,0.35,Where Da Gold At?,Starter,Benjamin Watson,NE,TE|W/R/T
10,9.55,Where Da Gold At?,Starter,Nelson Agholor,Bal,WR|W/R/T
10,0.0,Where Da Gold At?,Non-Starter,Latavius Murray,Buf,RB|W/R/T
10,0.0,Where Da Gold At?,Non-Starter,Geronimo Allison,Atl,WR|W/R/T
10,19.52,Where Da Gold At?,Non-Starter,Eli Manning,NYG,QB
10,7.5,Where Da Gold At?,Starter,Dallas Cowboys,Dal,DEF
11,21.58,Where Da Gold At?,Starter,Aaron Rodgers,Pit,QB
11,5.25,Where Da Gold At?,Starter,Golden Tate,Ten,WR|W/R/T
11,0.0,Where Da Gold At?,Starter,Nelson Agholor,Bal,WR|W/R/T
11,6.75,Where Da Gold At?,Starter,Jordan Howard,NO,RB|W/R/T
11,16.2,Where Da Gold At?,Starter,Kerryon Johnson,SF,RB|W/R/T
11,0.0,Where Da Gold At?,Starter,Benjamin Watson,NE,TE|W/R/T
11,0.5,Where Da Gold At?,Starter,Latavius Murray,Buf,RB|W/R/T
11,0.0,Where Da Gold At?,Non-Starter,Jarvis Landry,NO,WR|W/R/T
11,0.0,Where Da Gold At?,Non-Starter,Geronimo Allison,Atl,WR|W/R/T
11,17.14,Where Da Gold At?,Non-Starter,Eli Manning,NYG,QB
11,8.0,Where Da Gold At?,Starter,Dallas Cowboys,Dal,DEF
12,11.92,Where Da Gold At?,Starter,Aaron Rodgers,Pit,QB
12,4.0,Where Da Gold At?,Starter,Golden Tate,Ten,WR|W/R/T
12,1.45,Where Da Gold At?,Starter,Nelson Agholor,Bal,WR|W/R/T
12,1.75,Where Da Gold At?,Starter,Jordan Howard,NO,RB|W/R/T
12,0.0,Where Da Gold At?,Starter,Kerryon Johnson,SF,RB|W/R/T
12,2.25,Where Da Gold At?,Starter,Benjamin Watson,NE,TE|W/R/T
12,3.75,Where Da Gold At?,Starter,Jarvis Landry,NO,WR|W/R/T
12,3.3,Where Da Gold At?,Non-Starter,Latavius Murray,Buf,RB|W/R/T
12,0.0,Where Da Gold At?,Non-Starter,Geronimo Allison,Atl,WR|W/R/T
12,13.88,Where Da Gold At?,Non-Starter,Eli Manning,NYG,QB
12,11.5,Where Da Gold At?,Starter,Dallas Cowboys,Dal,DEF
13,15.32,Where Da Gold At?,Starter,Aaron Rodgers,Pit,QB
13,18.25,Where Da Gold At?,Starter,Golden Tate,Ten,WR|W/R/T
13,6.6,Where Da Gold At?,Starter,Nelson Agholor,Bal,WR|W/R/T
13,8.25,Where Da Gold At?,Starter,Jordan Howard,NO,RB|W/R/T
13,0.0,Where Da Gold At?,Starter,Kerryon Johnson,SF,RB|W/R/T
13,0.0,Where Da Gold At?,Starter,Benjamin Watson,NE,TE|W/R/T
13,11.8,Where Da Gold At?,Starter,Jarvis Landry,NO,WR|W/R/T
13,1.9,Where Da Gold At?,Non-Starter,Latavius Murray,Buf,RB|W/R/T
13,0.0,Where Da Gold At?,Non-Starter,Geronimo Allison,Atl,WR|W/R/T
13,8.8,Where Da Gold At?,Non-Starter,Eli Manning,NYG,QB
13,10.0,Where Da Gold At?,Starter,Dallas Cowboys,Dal,DEF
