1,34.98,imdrunkrightnow,Starter,Tom Brady,TB,QB
1,30.0,imdrunkrightnow,Starter,Wes Welker,LAR,WR|W/R/T
1,10.45,imdrunkrightnow,Starter,Davone Bess,Cle,WR|W/R/T
1,10.9,imdrunkrightnow,Starter,Adrian Peterson,Sea,RB|W/R/T
1,4.0,imdrunkrightnow,Starter,Mark Ingram II,NO,RB|W/R/T
1,6.05,imdrunkrightnow,Starter,Jermichael Finley,GB,TE|W/R/T
1,0.65,imdrunkrightnow,Starter,Jacoby Ford,LV,WR|W/R/T
1,6.75,imdrunkrightnow,Non-Starter,Johnny Knox,Chi,WR|W/R/T
1,7.8,imdrunkrightnow,Non-Starter,Pierre Thomas,SF,RB|W/R/T
1,11.7,imdrunkrightnow,Non-Starter,James Starks,GB,RB|W/R/T
1,1.55,imdrunkrightnow,Non-Starter,DeMarco Murray,Ten,RB|W/R/T
1,2.6,imdrunkrightnow,Non-Starter,Andre Roberts,Car,WR|W/R/T
1,1.8,imdrunkrightnow,Non-Starter,Montario Hardesty,Cle,RB|W/R/T
1,0.0,imdrunkrightnow,Non-Starter,Shane Vereen,NYG,RB|W/R/T
1,24.0,imdrunkrightnow,Starter,Chicago Bears,Chi,DEF
2,29.22,imdrunkrightnow,Starter,Tom Brady,TB,QB
2,9.85,imdrunkrightnow,Starter,Wes Welker,LAR,WR|W/R/T
2,4.7,imdrunkrightnow,Starter,Davone Bess,Cle,WR|W/R/T
2,26.6,imdrunkrightnow,Starter,Adrian Peterson,Sea,RB|W/R/T
2,3.1,imdrunkrightnow,Starter,Mark Ingram II,NO,RB|W/R/T
2,8.05,imdrunkrightnow,Starter,Jermichael Finley,GB,TE|W/R/T
2,12.25,imdrunkrightnow,Starter,James Starks,GB,RB|W/R/T
2,6.0,imdrunkrightnow,Non-Starter,Pierre Thomas,SF,RB|W/R/T
2,0.0,imdrunkrightnow,Non-Starter,Jacoby Ford,LV,WR|W/R/T
2,5.0,imdrunkrightnow,Non-Starter,Johnny Knox,Chi,WR|W/R/T
2,2.75,imdrunkrightnow,Non-Starter,DeMarco Murray,Ten,RB|W/R/T
2,3.75,imdrunkrightnow,Non-Starter,Andre Roberts,Car,WR|W/R/T
2,0.1,imdrunkrightnow,Non-Starter,Montario Hardesty,Cle,RB|W/R/T
2,0.0,imdrunkrightnow,Non-Starter,Shane Vereen,NYG,RB|W/R/T
2,2.0,imdrunkrightnow,Starter,Chicago Bears,Chi,DEF
3,23.98,imdrunkrightnow,Starter,Tom Brady,TB,QB
3,39.6,imdrunkrightnow,Starter,Wes Welker,LAR,WR|W/R/T
3,9.9,imdrunkrightnow,Starter,David Nelson,NYJ,WR|W/R/T
3,16.7,imdrunkrightnow,Starter,Adrian Peterson,Sea,RB|W/R/T
3,0.15,imdrunkrightnow,Starter,James Starks,GB,RB|W/R/T
3,28.25,imdrunkrightnow,Starter,Jermichael Finley,GB,TE|W/R/T
3,10.0,imdrunkrightnow,Starter,Mark Ingram II,NO,RB|W/R/T
3,4.55,imdrunkrightnow,Non-Starter,Pierre Thomas,SF,RB|W/R/T
3,6.45,imdrunkrightnow,Non-Starter,Davone Bess,Cle,WR|W/R/T
3,0.0,imdrunkrightnow,Non-Starter,Jacoby Ford,LV,WR|W/R/T
3,9.4,imdrunkrightnow,Non-Starter,Johnny Knox,Chi,WR|W/R/T
3,0.6,imdrunkrightnow,Non-Starter,DeMarco Murray,Ten,RB|W/R/T
3,4.8,imdrunkrightnow,Non-Starter,Andre Roberts,Car,WR|W/R/T
3,4.0,imdrunkrightnow,Starter,Los Angeles Chargers,LAC,DEF
3,6.0,imdrunkrightnow,Non-Starter,Chicago Bears,Chi,DEF
4,16.94,imdrunkrightnow,Starter,Tom Brady,TB,QB
4,24.05,imdrunkrightnow,Starter,Wes Welker,LAR,WR|W/R/T
4,2.3,imdrunkrightnow,Starter,David Nelson,NYJ,WR|W/R/T
4,8.55,imdrunkrightnow,Starter,Adrian Peterson,Sea,RB|W/R/T
4,6.3,imdrunkrightnow,Starter,Mark Ingram II,NO,RB|W/R/T
4,3.55,imdrunkrightnow,Starter,Jermichael Finley,GB,TE|W/R/T
4,11.35,imdrunkrightnow,Starter,James Starks,GB,RB|W/R/T
4,8.9,imdrunkrightnow,Non-Starter,Pierre Thomas,SF,RB|W/R/T
4,2.85,imdrunkrightnow,Non-Starter,Davone Bess,Cle,WR|W/R/T
4,3.0,imdrunkrightnow,Non-Starter,Jacoby Ford,LV,WR|W/R/T
4,5.55,imdrunkrightnow,Non-Starter,Johnny Knox,Chi,WR|W/R/T
4,1.35,imdrunkrightnow,Non-Starter,DeMarco Murray,Ten,RB|W/R/T
4,0.0,imdrunkrightnow,Non-Starter,Andre Roberts,Car,WR|W/R/T
4,15.0,imdrunkrightnow,Starter,Chicago Bears,Chi,DEF
4,8.0,imdrunkrightnow,Non-Starter,Los Angeles Chargers,LAC,DEF
5,15.14,imdrunkrightnow,Starter,Tom Brady,TB,QB
5,13.65,imdrunkrightnow,Starter,Wes Welker,LAR,WR|W/R/T
5,6.85,imdrunkrightnow,Starter,David Nelson,NYJ,WR|W/R/T
5,30.2,imdrunkrightnow,Starter,Adrian Peterson,Sea,RB|W/R/T
5,11.4,imdrunkrightnow,Starter,Mark Ingram II,NO,RB|W/R/T
5,7.7,imdrunkrightnow,Starter,Jermichael Finley,GB,TE|W/R/T
5,6.4,imdrunkrightnow,Starter,James Starks,GB,RB|W/R/T
5,10.95,imdrunkrightnow,Non-Starter,Pierre Thomas,SF,RB|W/R/T
5,0.0,imdrunkrightnow,Non-Starter,Davone Bess,Cle,WR|W/R/T
5,4.25,imdrunkrightnow,Non-Starter,Jacoby Ford,LV,WR|W/R/T
5,2.2,imdrunkrightnow,Non-Starter,Johnny Knox,Chi,WR|W/R/T
5,0.0,imdrunkrightnow,Non-Starter,DeMarco Murray,Ten,RB|W/R/T
5,4.35,imdrunkrightnow,Non-Starter,Andre Roberts,Car,WR|W/R/T
5,0.0,imdrunkrightnow,Non-Starter,Sam Bradford,Ari,QB
5,3.0,imdrunkrightnow,Starter,Chicago Bears,Chi,DEF
6,17.26,imdrunkrightnow,Starter,Tom Brady,TB,QB
6,12.0,imdrunkrightnow,Starter,Wes Welker,LAR,WR|W/R/T
6,7.2,imdrunkrightnow,Starter,David Nelson,NYJ,WR|W/R/T
6,10.15,imdrunkrightnow,Starter,Adrian Peterson,Sea,RB|W/R/T
6,9.05,imdrunkrightnow,Starter,Mark Ingram II,NO,RB|W/R/T
6,2.25,imdrunkrightnow,Starter,Jermichael Finley,GB,TE|W/R/T
6,7.1,imdrunkrightnow,Starter,James Starks,GB,RB|W/R/T
6,-0.15,imdrunkrightnow,Non-Starter,Pierre Thomas,SF,RB|W/R/T
6,0.6,imdrunkrightnow,Non-Starter,Davone Bess,Cle,WR|W/R/T
6,11.05,imdrunkrightnow,Non-Starter,Jacoby Ford,LV,WR|W/R/T
6,4.6,imdrunkrightnow,Non-Starter,Johnny Knox,Chi,WR|W/R/T
6,4.15,imdrunkrightnow,Non-Starter,DeMarco Murray,Ten,RB|W/R/T
6,0.0,imdrunkrightnow,Non-Starter,Andre Roberts,Car,WR|W/R/T
6,11.12,imdrunkrightnow,Non-Starter,Sam Bradford,Ari,QB
6,17.0,imdrunkrightnow,Starter,Chicago Bears,Chi,DEF
7,22.34,imdrunkrightnow,Starter,Tim Tebow,NYJ,QB
7,6.95,imdrunkrightnow,Starter,Davone Bess,Cle,WR|W/R/T
7,2.3,imdrunkrightnow,Starter,Jacoby Ford,LV,WR|W/R/T
7,23.75,imdrunkrightnow,Starter,Adrian Peterson,Sea,RB|W/R/T
7,9.95,imdrunkrightnow,Starter,Mark Ingram II,NO,RB|W/R/T
7,7.8,imdrunkrightnow,Starter,Jermichael Finley,GB,TE|W/R/T
7,31.3,imdrunkrightnow,Starter,DeMarco Murray,Ten,RB|W/R/T
7,13.75,imdrunkrightnow,Non-Starter,Pierre Thomas,SF,RB|W/R/T
7,10.65,imdrunkrightnow,Non-Starter,James Starks,GB,RB|W/R/T
7,0.0,imdrunkrightnow,Non-Starter,Tom Brady,TB,QB
7,0.0,imdrunkrightnow,Non-Starter,Wes Welker,LAR,WR|W/R/T
7,0.0,imdrunkrightnow,Non-Starter,David Nelson,NYJ,WR|W/R/T
7,6.05,imdrunkrightnow,Non-Starter,Johnny Knox,Chi,WR|W/R/T
7,1.05,imdrunkrightnow,Non-Starter,Andre Roberts,Car,WR|W/R/T
7,10.0,imdrunkrightnow,Starter,Chicago Bears,Chi,DEF
8,15.92,imdrunkrightnow,Starter,Tom Brady,TB,QB
8,5.4,imdrunkrightnow,Starter,Wes Welker,LAR,WR|W/R/T
8,5.7,imdrunkrightnow,Starter,David Nelson,NYJ,WR|W/R/T
8,29.45,imdrunkrightnow,Starter,Adrian Peterson,Sea,RB|W/R/T
8,10.4,imdrunkrightnow,Starter,Pierre Thomas,SF,RB|W/R/T
8,4.5,imdrunkrightnow,Starter,Jared Cook,LAC,TE|W/R/T
8,7.45,imdrunkrightnow,Starter,DeMarco Murray,Ten,RB|W/R/T
8,5.05,imdrunkrightnow,Non-Starter,Davone Bess,Cle,WR|W/R/T
8,0.0,imdrunkrightnow,Non-Starter,Mark Ingram II,NO,RB|W/R/T
8,0.0,imdrunkrightnow,Non-Starter,Jermichael Finley,GB,TE|W/R/T
8,13.18,imdrunkrightnow,Non-Starter,Tim Tebow,NYJ,QB
8,0.0,imdrunkrightnow,Non-Starter,James Starks,GB,RB|W/R/T
8,0.0,imdrunkrightnow,Non-Starter,Johnny Knox,Chi,WR|W/R/T
8,26.0,imdrunkrightnow,Starter,Buffalo Bills,Buf,DEF
8,0.0,imdrunkrightnow,Non-Starter,Chicago Bears,Chi,DEF
9,16.18,imdrunkrightnow,Starter,Tom Brady,TB,QB
9,17.15,imdrunkrightnow,Starter,Wes Welker,LAR,WR|W/R/T
9,0.25,imdrunkrightnow,Starter,Davone Bess,Cle,WR|W/R/T
9,16.1,imdrunkrightnow,Starter,Pierre Thomas,SF,RB|W/R/T
9,7.75,imdrunkrightnow,Starter,James Starks,GB,RB|W/R/T
9,11.65,imdrunkrightnow,Starter,Jermichael Finley,GB,TE|W/R/T
9,19.6,imdrunkrightnow,Starter,DeMarco Murray,Ten,RB|W/R/T
9,10.6,imdrunkrightnow,Non-Starter,David Nelson,NYJ,WR|W/R/T
9,0.0,imdrunkrightnow,Non-Starter,Adrian Peterson,Sea,RB|W/R/T
9,3.7,imdrunkrightnow,Non-Starter,Jared Cook,LAC,TE|W/R/T
9,0.0,imdrunkrightnow,Non-Starter,Mark Ingram II,NO,RB|W/R/T
9,24.76,imdrunkrightnow,Non-Starter,Tim Tebow,NYJ,QB
9,1.65,imdrunkrightnow,Non-Starter,Johnny Knox,Chi,WR|W/R/T
9,5.0,imdrunkrightnow,Starter,Buffalo Bills,Buf,DEF
9,6.0,imdrunkrightnow,Non-Starter,Chicago Bears,Chi,DEF
10,25.36,imdrunkrightnow,Starter,Tom Brady,TB,QB
10,6.1,imdrunkrightnow,Starter,Wes Welker,LAR,WR|W/R/T
10,13.3,imdrunkrightnow,Starter,Marques Colston,NO,WR|W/R/T
10,4.8,imdrunkrightnow,Starter,Pierre Thomas,SF,RB|W/R/T
10,11.1,imdrunkrightnow,Starter,Adrian Peterson,Sea,RB|W/R/T
10,7.45,imdrunkrightnow,Starter,Jermichael Finley,GB,TE|W/R/T
10,24.6,imdrunkrightnow,Starter,DeMarco Murray,Ten,RB|W/R/T
10,4.7,imdrunkrightnow,Non-Starter,Davone Bess,Cle,WR|W/R/T
10,10.1,imdrunkrightnow,Non-Starter,David Nelson,NYJ,WR|W/R/T
10,2.05,imdrunkrightnow,Non-Starter,Jared Cook,LAC,TE|W/R/T
10,1.65,imdrunkrightnow,Non-Starter,Mark Ingram II,NO,RB|W/R/T
10,17.06,imdrunkrightnow,Non-Starter,Tim Tebow,NYJ,QB
10,2.05,imdrunkrightnow,Non-Starter,Johnny Knox,Chi,WR|W/R/T
10,36.0,imdrunkrightnow,Starter,Chicago Bears,Chi,DEF
10,-4.0,imdrunkrightnow,Non-Starter,Buffalo Bills,Buf,DEF
11,16.36,imdrunkrightnow,Starter,Tom Brady,TB,QB
11,2.7,imdrunkrightnow,Starter,Wes Welker,LAR,WR|W/R/T
11,0.25,imdrunkrightnow,Starter,David Nelson,NYJ,WR|W/R/T
11,8.6,imdrunkrightnow,Starter,Adrian Peterson,Sea,RB|W/R/T
11,12.0,imdrunkrightnow,Starter,DeMarco Murray,Ten,RB|W/R/T
11,3.25,imdrunkrightnow,Starter,Jermichael Finley,GB,TE|W/R/T
11,16.45,imdrunkrightnow,Starter,Johnny Knox,Chi,WR|W/R/T
11,0.0,imdrunkrightnow,Non-Starter,Marques Colston,NO,WR|W/R/T
11,0.0,imdrunkrightnow,Non-Starter,Pierre Thomas,SF,RB|W/R/T
11,9.0,imdrunkrightnow,Non-Starter,Davone Bess,Cle,WR|W/R/T
11,6.35,imdrunkrightnow,Non-Starter,Jared Cook,LAC,TE|W/R/T
11,0.0,imdrunkrightnow,Non-Starter,Mark Ingram II,NO,RB|W/R/T
11,16.96,imdrunkrightnow,Non-Starter,Tim Tebow,NYJ,QB
11,7.0,imdrunkrightnow,Starter,Chicago Bears,Chi,DEF
11,-1.0,imdrunkrightnow,Non-Starter,Buffalo Bills,Buf,DEF
12,29.24,imdrunkrightnow,Starter,Tom Brady,TB,QB
12,24.6,imdrunkrightnow,Starter,Wes Welker,LAR,WR|W/R/T
12,8.55,imdrunkrightnow,Starter,Marques Colston,NO,WR|W/R/T
12,13.8,imdrunkrightnow,Starter,DeMarco Murray,Ten,RB|W/R/T
12,17.75,imdrunkrightnow,Starter,Pierre Thomas,SF,RB|W/R/T
12,4.3,imdrunkrightnow,Starter,Jermichael Finley,GB,TE|W/R/T
12,15.9,imdrunkrightnow,Starter,Mark Ingram II,NO,RB|W/R/T
12,21.5,imdrunkrightnow,Non-Starter,Johnny Knox,Chi,WR|W/R/T
12,11.95,imdrunkrightnow,Non-Starter,David Nelson,NYJ,WR|W/R/T
12,0.0,imdrunkrightnow,Non-Starter,Adrian Peterson,Sea,RB|W/R/T
12,3.4,imdrunkrightnow,Non-Starter,Davone Bess,Cle,WR|W/R/T
12,4.55,imdrunkrightnow,Non-Starter,Jared Cook,LAC,TE|W/R/T
12,16.42,imdrunkrightnow,Non-Starter,Tim Tebow,NYJ,QB
12,6.0,imdrunkrightnow,Starter,Chicago Bears,Chi,DEF
12,3.0,imdrunkrightnow,Non-Starter,Buffalo Bills,Buf,DEF
13,20.26,imdrunkrightnow,Starter,Tom Brady,TB,QB
13,13.75,imdrunkrightnow,Starter,Wes Welker,LAR,WR|W/R/T
13,6.9,imdrunkrightnow,Starter,Marques Colston,NO,WR|W/R/T
13,3.8,imdrunkrightnow,Starter,DeMarco Murray,Ten,RB|W/R/T
13,2.6,imdrunkrightnow,Starter,Pierre Thomas,SF,RB|W/R/T
13,16.2,imdrunkrightnow,Starter,Jermichael Finley,GB,TE|W/R/T
13,11.4,imdrunkrightnow,Starter,Mark Ingram II,NO,RB|W/R/T
13,6.55,imdrunkrightnow,Non-Starter,Johnny Knox,Chi,WR|W/R/T
13,4.15,imdrunkrightnow,Non-Starter,David Nelson,NYJ,WR|W/R/T
13,0.0,imdrunkrightnow,Non-Starter,Adrian Peterson,Sea,RB|W/R/T
13,9.7,imdrunkrightnow,Non-Starter,Davone Bess,Cle,WR|W/R/T
13,0.0,imdrunkrightnow,Non-Starter,Jared Cook,LAC,TE|W/R/T
13,17.38,imdrunkrightnow,Non-Starter,Tim Tebow,NYJ,QB
13,8.0,imdrunkrightnow,Starter,Chicago Bears,Chi,DEF
13,1.0,imdrunkrightnow,Non-Starter,Buffalo Bills,Buf,DEF
14,25.08,imdrunkrightnow,Starter,Tom Brady,TB,QB
14,16.35,imdrunkrightnow,Starter,Wes Welker,LAR,WR|W/R/T
14,24.25,imdrunkrightnow,Starter,Marques Colston,NO,WR|W/R/T
14,3.35,imdrunkrightnow,Starter,DeMarco Murray,Ten,RB|W/R/T
14,7.2,imdrunkrightnow,Starter,Pierre Thomas,SF,RB|W/R/T
14,0.0,imdrunkrightnow,Starter,Jermichael Finley,GB,TE|W/R/T
14,0.0,imdrunkrightnow,Starter,Mark Ingram II,NO,RB|W/R/T
14,4.45,imdrunkrightnow,Non-Starter,Johnny Knox,Chi,WR|W/R/T
14,2.5,imdrunkrightnow,Non-Starter,David Nelson,NYJ,WR|W/R/T
14,0.0,imdrunkrightnow,Non-Starter,Adrian Peterson,Sea,RB|W/R/T
14,-0.3,imdrunkrightnow,Non-Starter,Davone Bess,Cle,WR|W/R/T
14,0.0,imdrunkrightnow,Non-Starter,Jared Cook,LAC,TE|W/R/T
14,14.34,imdrunkrightnow,Non-Starter,Tim Tebow,NYJ,QB
14,15.0,imdrunkrightnow,Starter,Chicago Bears,Chi,DEF
14,11.0,imdrunkrightnow,Non-Starter,Buffalo Bills,Buf,DEF
15,27.0,imdrunkrightnow,Starter,Tom Brady,TB,QB
15,5.1,imdrunkrightnow,Starter,Wes Welker,LAR,WR|W/R/T
15,11.1,imdrunkrightnow,Starter,Marques Colston,NO,WR|W/R/T
15,15.0,imdrunkrightnow,Starter,Pierre Thomas,SF,RB|W/R/T
15,6.0,imdrunkrightnow,Starter,Adrian Peterson,Sea,RB|W/R/T
15,9.05,imdrunkrightnow,Starter,Jermichael Finley,GB,TE|W/R/T
15,7.5,imdrunkrightnow,Starter,David Nelson,NYJ,WR|W/R/T
15,0.0,imdrunkrightnow,Non-Starter,Mark Ingram II,NO,RB|W/R/T
15,0.0,imdrunkrightnow,Non-Starter,DeMarco Murray,Ten,RB|W/R/T
15,-0.25,imdrunkrightnow,Non-Starter,Johnny Knox,Chi,WR|W/R/T
15,0.9,imdrunkrightnow,Non-Starter,Davone Bess,Cle,WR|W/R/T
15,10.55,imdrunkrightnow,Non-Starter,Jared Cook,LAC,TE|W/R/T
15,27.06,imdrunkrightnow,Non-Starter,Tim Tebow,NYJ,QB
15,9.0,imdrunkrightnow,Starter,Chicago Bears,Chi,DEF
15,7.0,imdrunkrightnow,Non-Starter,Buffalo Bills,Buf,DEF
16,29.86,imdrunkrightnow,Starter,Tom Brady,TB,QB
16,17.5,imdrunkrightnow,Starter,Wes Welker,LAR,WR|W/R/T
16,15.85,imdrunkrightnow,Starter,Marques Colston,NO,WR|W/R/T
16,12.2,imdrunkrightnow,Starter,Pierre Thomas,SF,RB|W/R/T
16,11.7,imdrunkrightnow,Starter,Adrian Peterson,Sea,RB|W/R/T
16,8.75,imdrunkrightnow,Starter,Jermichael Finley,GB,TE|W/R/T
16,4.85,imdrunkrightnow,Starter,David Nelson,NYJ,WR|W/R/T
16,0.0,imdrunkrightnow,Non-Starter,Mark Ingram II,NO,RB|W/R/T
16,0.0,imdrunkrightnow,Non-Starter,DeMarco Murray,Ten,RB|W/R/T
16,0.0,imdrunkrightnow,Non-Starter,Johnny Knox,Chi,WR|W/R/T
16,10.65,imdrunkrightnow,Non-Starter,Davone Bess,Cle,WR|W/R/T
16,24.9,imdrunkrightnow,Non-Starter,Jared Cook,LAC,TE|W/R/T
16,12.8,imdrunkrightnow,Non-Starter,Tim Tebow,NYJ,QB
16,-3.0,imdrunkrightnow,Starter,Chicago Bears,Chi,DEF
16,31.0,imdrunkrightnow,Non-Starter,Buffalo Bills,Buf,DEF
1,8.8,MikeTurnerOverdrive,Starter,Matt Schaub,Atl,QB
1,5.75,MikeTurnerOverdrive,Starter,Danny Amendola,Hou,WR|W/R/T
1,5.9,MikeTurnerOverdrive,Starter,Mario Manningham,SF,WR|W/R/T
1,12.75,MikeTurnerOverdrive,Starter,Michael Turner,Atl,RB|W/R/T
1,1.5,MikeTurnerOverdrive,Starter,LeGarrette Blount,Det,RB|W/R/T
1,5.95,MikeTurnerOverdrive,Starter,Vernon Davis,Was,TE|W/R/T
1,17.2,MikeTurnerOverdrive,Starter,Beanie Wells,Ari,RB|W/R/T
1,5.7,MikeTurnerOverdrive,Non-Starter,Joseph Addai,Ind,RB|W/R/T
1,0.75,MikeTurnerOverdrive,Non-Starter,Mike Sims-Walker,Jax,WR|W/R/T
1,5.45,MikeTurnerOverdrive,Non-Starter,Jason Snelling,Atl,RB|W/R/T
1,13.46,MikeTurnerOverdrive,Non-Starter,Kyle Orton,Buf,QB
1,4.65,MikeTurnerOverdrive,Non-Starter,Pierre Garcon,SF,WR|W/R/T
1,9.25,MikeTurnerOverdrive,Non-Starter,Nate Burleson,Det,WR|W/R/T
1,12.15,MikeTurnerOverdrive,Non-Starter,Jabar Gaffney,Mia,WR|W/R/T
1,18.0,MikeTurnerOverdrive,Starter,New York Jets,NYJ,DEF
2,17.4,MikeTurnerOverdrive,Starter,Matt Schaub,Atl,QB
2,6.35,MikeTurnerOverdrive,Starter,Mario Manningham,SF,WR|W/R/T
2,11.05,MikeTurnerOverdrive,Starter,Nate Burleson,Det,WR|W/R/T
2,20.85,MikeTurnerOverdrive,Starter,Michael Turner,Atl,RB|W/R/T
2,19.1,MikeTurnerOverdrive,Starter,LeGarrette Blount,Det,RB|W/R/T
2,2.3,MikeTurnerOverdrive,Starter,Vernon Davis,Was,TE|W/R/T
2,15.3,MikeTurnerOverdrive,Starter,Beanie Wells,Ari,RB|W/R/T
2,0.0,MikeTurnerOverdrive,Non-Starter,Danny Amendola,Hou,WR|W/R/T
2,11.1,MikeTurnerOverdrive,Non-Starter,Joseph Addai,Ind,RB|W/R/T
2,1.05,MikeTurnerOverdrive,Non-Starter,Jason Snelling,Atl,RB|W/R/T
2,13.6,MikeTurnerOverdrive,Non-Starter,Kyle Orton,Buf,QB
2,3.55,MikeTurnerOverdrive,Non-Starter,Pierre Garcon,SF,WR|W/R/T
2,7.45,MikeTurnerOverdrive,Non-Starter,Jabar Gaffney,Mia,WR|W/R/T
2,2.5,MikeTurnerOverdrive,Non-Starter,Early Doucet,Ari,WR|W/R/T
2,19.0,MikeTurnerOverdrive,Starter,New York Jets,NYJ,DEF
3,24.92,MikeTurnerOverdrive,Starter,Matt Schaub,Atl,QB
3,1.7,MikeTurnerOverdrive,Starter,Nate Burleson,Det,WR|W/R/T
3,6.55,MikeTurnerOverdrive,Starter,Eric Decker,Ten,WR|W/R/T
3,2.0,MikeTurnerOverdrive,Starter,Michael Turner,Atl,RB|W/R/T
3,9.65,MikeTurnerOverdrive,Starter,LeGarrette Blount,Det,RB|W/R/T
3,2.55,MikeTurnerOverdrive,Starter,Fred Davis,Was,TE|W/R/T
3,15.05,MikeTurnerOverdrive,Starter,Joseph Addai,Ind,RB|W/R/T
3,0.0,MikeTurnerOverdrive,Non-Starter,Beanie Wells,Ari,RB|W/R/T
3,0.0,MikeTurnerOverdrive,Non-Starter,Mario Manningham,SF,WR|W/R/T
3,13.2,MikeTurnerOverdrive,Non-Starter,Vernon Davis,Was,TE|W/R/T
3,0.0,MikeTurnerOverdrive,Non-Starter,Danny Amendola,Hou,WR|W/R/T
3,0.8,MikeTurnerOverdrive,Non-Starter,Jason Snelling,Atl,RB|W/R/T
3,9.7,MikeTurnerOverdrive,Non-Starter,Pierre Garcon,SF,WR|W/R/T
3,7.25,MikeTurnerOverdrive,Non-Starter,Jabar Gaffney,Mia,WR|W/R/T
3,0.0,MikeTurnerOverdrive,Starter,New York Jets,NYJ,DEF
4,9.62,MikeTurnerOverdrive,Starter,Matt Schaub,Atl,QB
4,2.1,MikeTurnerOverdrive,Starter,Nate Burleson,Det,WR|W/R/T
4,7.2,MikeTurnerOverdrive,Starter,Jabar Gaffney,Mia,WR|W/R/T
4,21.3,MikeTurnerOverdrive,Starter,Michael Turner,Atl,RB|W/R/T
4,20.35,MikeTurnerOverdrive,Starter,LeGarrette Blount,Det,RB|W/R/T
4,11.5,MikeTurnerOverdrive,Starter,Vernon Davis,Was,TE|W/R/T
4,5.05,MikeTurnerOverdrive,Starter,Joseph Addai,Ind,RB|W/R/T
4,18.95,MikeTurnerOverdrive,Non-Starter,Eric Decker,Ten,WR|W/R/T
4,31.8,MikeTurnerOverdrive,Non-Starter,Beanie Wells,Ari,RB|W/R/T
4,4.4,MikeTurnerOverdrive,Non-Starter,Fred Davis,Was,TE|W/R/T
4,1.25,MikeTurnerOverdrive,Non-Starter,Mario Manningham,SF,WR|W/R/T
4,0.0,MikeTurnerOverdrive,Non-Starter,Danny Amendola,Hou,WR|W/R/T
4,0.0,MikeTurnerOverdrive,Non-Starter,Jason Snelling,Atl,RB|W/R/T
4,27.1,MikeTurnerOverdrive,Non-Starter,Pierre Garcon,SF,WR|W/R/T
4,21.0,MikeTurnerOverdrive,Starter,New York Jets,NYJ,DEF
5,20.64,MikeTurnerOverdrive,Starter,Matt Schaub,Atl,QB
5,1.25,MikeTurnerOverdrive,Starter,Nate Burleson,Det,WR|W/R/T
5,0.1,MikeTurnerOverdrive,Starter,Eric Decker,Ten,WR|W/R/T
5,11.6,MikeTurnerOverdrive,Starter,Michael Turner,Atl,RB|W/R/T
5,7.0,MikeTurnerOverdrive,Starter,LeGarrette Blount,Det,RB|W/R/T
5,16.35,MikeTurnerOverdrive,Starter,Vernon Davis,Was,TE|W/R/T
5,12.0,MikeTurnerOverdrive,Starter,Beanie Wells,Ari,RB|W/R/T
5,0.0,MikeTurnerOverdrive,Non-Starter,Jabar Gaffney,Mia,WR|W/R/T
5,2.75,MikeTurnerOverdrive,Non-Starter,Joseph Addai,Ind,RB|W/R/T
5,0.0,MikeTurnerOverdrive,Non-Starter,Fred Davis,Was,TE|W/R/T
5,6.85,MikeTurnerOverdrive,Non-Starter,Mario Manningham,SF,WR|W/R/T
5,2.8,MikeTurnerOverdrive,Non-Starter,Jason Snelling,Atl,RB|W/R/T
5,25.75,MikeTurnerOverdrive,Non-Starter,Pierre Garcon,SF,WR|W/R/T
5,22.4,MikeTurnerOverdrive,Non-Starter,Victor Cruz,NYG,WR|W/R/T
5,5.0,MikeTurnerOverdrive,Starter,New York Jets,NYJ,DEF
6,13.1,MikeTurnerOverdrive,Starter,Matt Schaub,Atl,QB
6,5.2,MikeTurnerOverdrive,Starter,Pierre Garcon,SF,WR|W/R/T
6,1.7,MikeTurnerOverdrive,Starter,Victor Cruz,NYG,WR|W/R/T
6,26.95,MikeTurnerOverdrive,Starter,Michael Turner,Atl,RB|W/R/T
6,11.6,MikeTurnerOverdrive,Starter,Donald Brown,LAC,RB|W/R/T
6,1.3,MikeTurnerOverdrive,Starter,Vernon Davis,Was,TE|W/R/T
6,6.0,MikeTurnerOverdrive,Starter,Jabar Gaffney,Mia,WR|W/R/T
6,0.0,MikeTurnerOverdrive,Non-Starter,LeGarrette Blount,Det,RB|W/R/T
6,0.0,MikeTurnerOverdrive,Non-Starter,Joseph Addai,Ind,RB|W/R/T
6,10.4,MikeTurnerOverdrive,Non-Starter,Nate Burleson,Det,WR|W/R/T
6,0.0,MikeTurnerOverdrive,Non-Starter,Eric Decker,Ten,WR|W/R/T
6,0.0,MikeTurnerOverdrive,Non-Starter,Beanie Wells,Ari,RB|W/R/T
6,11.0,MikeTurnerOverdrive,Non-Starter,Fred Davis,Was,TE|W/R/T
6,6.85,MikeTurnerOverdrive,Non-Starter,Mario Manningham,SF,WR|W/R/T
6,23.0,MikeTurnerOverdrive,Starter,New York Jets,NYJ,DEF
7,19.84,MikeTurnerOverdrive,Starter,Matt Schaub,Atl,QB
7,3.85,MikeTurnerOverdrive,Starter,Pierre Garcon,SF,WR|W/R/T
7,2.6,MikeTurnerOverdrive,Starter,Eric Decker,Ten,WR|W/R/T
7,12.2,MikeTurnerOverdrive,Starter,Michael Turner,Atl,RB|W/R/T
7,2.4,MikeTurnerOverdrive,Starter,Joseph Addai,Ind,RB|W/R/T
7,15.5,MikeTurnerOverdrive,Starter,Fred Davis,Was,TE|W/R/T
7,4.2,MikeTurnerOverdrive,Starter,Beanie Wells,Ari,RB|W/R/T
7,4.7,MikeTurnerOverdrive,Non-Starter,Donald Brown,LAC,RB|W/R/T
7,5.8,MikeTurnerOverdrive,Non-Starter,Jabar Gaffney,Mia,WR|W/R/T
7,0.0,MikeTurnerOverdrive,Non-Starter,Victor Cruz,NYG,WR|W/R/T
7,0.0,MikeTurnerOverdrive,Non-Starter,Vernon Davis,Was,TE|W/R/T
7,0.0,MikeTurnerOverdrive,Non-Starter,LeGarrette Blount,Det,RB|W/R/T
7,1.35,MikeTurnerOverdrive,Non-Starter,Nate Burleson,Det,WR|W/R/T
7,0.0,MikeTurnerOverdrive,Non-Starter,Mario Manningham,SF,WR|W/R/T
7,6.0,MikeTurnerOverdrive,Starter,New York Jets,NYJ,DEF
8,17.2,MikeTurnerOverdrive,Starter,Matt Schaub,Atl,QB
8,8.35,MikeTurnerOverdrive,Starter,Pierre Garcon,SF,WR|W/R/T
8,13.8,MikeTurnerOverdrive,Starter,Mario Manningham,SF,WR|W/R/T
8,14.3,MikeTurnerOverdrive,Starter,Beanie Wells,Ari,RB|W/R/T
8,9.65,MikeTurnerOverdrive,Starter,Donald Brown,LAC,RB|W/R/T
8,11.4,MikeTurnerOverdrive,Starter,Fred Davis,Was,TE|W/R/T
8,5.0,MikeTurnerOverdrive,Starter,Jabar Gaffney,Mia,WR|W/R/T
8,0.0,MikeTurnerOverdrive,Non-Starter,Joseph Addai,Ind,RB|W/R/T
8,17.65,MikeTurnerOverdrive,Non-Starter,Victor Cruz,NYG,WR|W/R/T
8,14.7,MikeTurnerOverdrive,Non-Starter,Eric Decker,Ten,WR|W/R/T
8,0.0,MikeTurnerOverdrive,Non-Starter,Michael Turner,Atl,RB|W/R/T
8,3.45,MikeTurnerOverdrive,Non-Starter,Vernon Davis,Was,TE|W/R/T
8,0.0,MikeTurnerOverdrive,Non-Starter,LeGarrette Blount,Det,RB|W/R/T
8,11.0,MikeTurnerOverdrive,Starter,Los Angeles Chargers,LAC,DEF
8,0.0,MikeTurnerOverdrive,Non-Starter,New York Jets,NYJ,DEF
9,8.76,MikeTurnerOverdrive,Starter,Matt Schaub,Atl,QB
9,2.95,MikeTurnerOverdrive,Starter,Pierre Garcon,SF,WR|W/R/T
9,10.6,MikeTurnerOverdrive,Starter,Victor Cruz,NYG,WR|W/R/T
9,3.8,MikeTurnerOverdrive,Starter,Beanie Wells,Ari,RB|W/R/T
9,14.05,MikeTurnerOverdrive,Starter,Michael Turner,Atl,RB|W/R/T
9,5.2,MikeTurnerOverdrive,Starter,Fred Davis,Was,TE|W/R/T
9,8.5,MikeTurnerOverdrive,Starter,LeGarrette Blount,Det,RB|W/R/T
9,10.05,MikeTurnerOverdrive,Non-Starter,Mario Manningham,SF,WR|W/R/T
9,7.35,MikeTurnerOverdrive,Non-Starter,Donald Brown,LAC,RB|W/R/T
9,11.0,MikeTurnerOverdrive,Non-Starter,Jabar Gaffney,Mia,WR|W/R/T
9,0.0,MikeTurnerOverdrive,Non-Starter,Joseph Addai,Ind,RB|W/R/T
9,11.45,MikeTurnerOverdrive,Non-Starter,Eric Decker,Ten,WR|W/R/T
9,16.1,MikeTurnerOverdrive,Non-Starter,Roy Helu,LV,RB|W/R/T
9,8.44,MikeTurnerOverdrive,Non-Starter,Colt McCoy,Ari,QB
9,10.0,MikeTurnerOverdrive,Starter,New York Jets,NYJ,DEF
10,17.78,MikeTurnerOverdrive,Starter,Matt Schaub,Atl,QB
10,5.55,MikeTurnerOverdrive,Starter,Pierre Garcon,SF,WR|W/R/T
10,9.9,MikeTurnerOverdrive,Starter,Victor Cruz,NYG,WR|W/R/T
10,6.2,MikeTurnerOverdrive,Starter,Beanie Wells,Ari,RB|W/R/T
10,10.85,MikeTurnerOverdrive,Starter,Michael Turner,Atl,RB|W/R/T
10,3.55,MikeTurnerOverdrive,Starter,Fred Davis,Was,TE|W/R/T
10,3.65,MikeTurnerOverdrive,Starter,LeGarrette Blount,Det,RB|W/R/T
10,15.2,MikeTurnerOverdrive,Non-Starter,Mario Manningham,SF,WR|W/R/T
10,7.5,MikeTurnerOverdrive,Non-Starter,Donald Brown,LAC,RB|W/R/T
10,4.45,MikeTurnerOverdrive,Non-Starter,Jabar Gaffney,Mia,WR|W/R/T
10,0.0,MikeTurnerOverdrive,Non-Starter,Joseph Addai,Ind,RB|W/R/T
10,11.85,MikeTurnerOverdrive,Non-Starter,Eric Decker,Ten,WR|W/R/T
10,6.15,MikeTurnerOverdrive,Non-Starter,Roy Helu,LV,RB|W/R/T
10,9.12,MikeTurnerOverdrive,Non-Starter,Colt McCoy,Ari,QB
10,1.0,MikeTurnerOverdrive,Starter,New York Jets,NYJ,DEF
11,12.66,MikeTurnerOverdrive,Starter,Colt McCoy,Ari,QB
11,20.3,MikeTurnerOverdrive,Starter,Victor Cruz,NYG,WR|W/R/T
11,19.25,MikeTurnerOverdrive,Starter,Jabar Gaffney,Mia,WR|W/R/T
11,15.15,MikeTurnerOverdrive,Starter,Michael Turner,Atl,RB|W/R/T
11,4.3,MikeTurnerOverdrive,Starter,Roy Helu,LV,RB|W/R/T
11,4.7,MikeTurnerOverdrive,Starter,Fred Davis,Was,TE|W/R/T
11,17.55,MikeTurnerOverdrive,Starter,LeGarrette Blount,Det,RB|W/R/T
11,0.65,MikeTurnerOverdrive,Non-Starter,Mario Manningham,SF,WR|W/R/T
11,1.3,MikeTurnerOverdrive,Non-Starter,Beanie Wells,Ari,RB|W/R/T
11,0.0,MikeTurnerOverdrive,Non-Starter,Matt Schaub,Atl,QB
11,0.0,MikeTurnerOverdrive,Non-Starter,Pierre Garcon,SF,WR|W/R/T
11,0.0,MikeTurnerOverdrive,Non-Starter,Donald Brown,LAC,RB|W/R/T
11,0.0,MikeTurnerOverdrive,Non-Starter,Joseph Addai,Ind,RB|W/R/T
11,0.0,MikeTurnerOverdrive,Non-Starter,Eric Decker,Ten,WR|W/R/T
11,7.0,MikeTurnerOverdrive,Starter,New York Jets,NYJ,DEF
12,15.84,MikeTurnerOverdrive,Starter,Colt McCoy,Ari,QB
12,29.95,MikeTurnerOverdrive,Starter,Victor Cruz,NYG,WR|W/R/T
12,8.45,MikeTurnerOverdrive,Starter,Jabar Gaffney,Mia,WR|W/R/T
12,6.65,MikeTurnerOverdrive,Starter,Michael Turner,Atl,RB|W/R/T
12,26.8,MikeTurnerOverdrive,Starter,Beanie Wells,Ari,RB|W/R/T
12,12.8,MikeTurnerOverdrive,Starter,Fred Davis,Was,TE|W/R/T
12,12.65,MikeTurnerOverdrive,Starter,LeGarrette Blount,Det,RB|W/R/T
12,23.95,MikeTurnerOverdrive,Non-Starter,Roy Helu,LV,RB|W/R/T
12,0.0,MikeTurnerOverdrive,Non-Starter,Mario Manningham,SF,WR|W/R/T
12,4.35,MikeTurnerOverdrive,Non-Starter,Pierre Garcon,SF,WR|W/R/T
12,15.95,MikeTurnerOverdrive,Non-Starter,Donald Brown,LAC,RB|W/R/T
12,2.3,MikeTurnerOverdrive,Non-Starter,Joseph Addai,Ind,RB|W/R/T
12,13.25,MikeTurnerOverdrive,Non-Starter,Eric Decker,Ten,WR|W/R/T
12,19.1,MikeTurnerOverdrive,Non-Starter,Dustin Keller,NYJ,TE|W/R/T
12,3.0,MikeTurnerOverdrive,Starter,New York Jets,NYJ,DEF
13,10.88,MikeTurnerOverdrive,Starter,Colt McCoy,Ari,QB
13,13.65,MikeTurnerOverdrive,Starter,Victor Cruz,NYG,WR|W/R/T
13,0.0,MikeTurnerOverdrive,Starter,Jabar Gaffney,Mia,WR|W/R/T
13,4.4,MikeTurnerOverdrive,Starter,Michael Turner,Atl,RB|W/R/T
13,13.55,MikeTurnerOverdrive,Starter,Beanie Wells,Ari,RB|W/R/T
13,11.4,MikeTurnerOverdrive,Starter,Fred Davis,Was,TE|W/R/T
13,1.9,MikeTurnerOverdrive,Starter,LeGarrette Blount,Det,RB|W/R/T
13,19.2,MikeTurnerOverdrive,Non-Starter,Roy Helu,LV,RB|W/R/T
13,0.0,MikeTurnerOverdrive,Non-Starter,Mario Manningham,SF,WR|W/R/T
13,29.25,MikeTurnerOverdrive,Non-Starter,Pierre Garcon,SF,WR|W/R/T
13,11.85,MikeTurnerOverdrive,Non-Starter,Donald Brown,LAC,RB|W/R/T
13,4.35,MikeTurnerOverdrive,Non-Starter,Joseph Addai,Ind,RB|W/R/T
13,3.0,MikeTurnerOverdrive,Non-Starter,Eric Decker,Ten,WR|W/R/T
13,1.95,MikeTurnerOverdrive,Non-Starter,Dustin Keller,NYJ,TE|W/R/T
13,9.0,MikeTurnerOverdrive,Starter,New York Jets,NYJ,DEF
14,5.86,MikeTurnerOverdrive,Starter,Colt McCoy,Ari,QB
14,8.9,MikeTurnerOverdrive,Starter,Victor Cruz,NYG,WR|W/R/T
14,16.7,MikeTurnerOverdrive,Starter,Jabar Gaffney,Mia,WR|W/R/T
14,7.6,MikeTurnerOverdrive,Starter,Michael Turner,Atl,RB|W/R/T
14,3.25,MikeTurnerOverdrive,Starter,Beanie Wells,Ari,RB|W/R/T
14,0.0,MikeTurnerOverdrive,Starter,Fred Davis,Was,TE|W/R/T
14,12.25,MikeTurnerOverdrive,Starter,LeGarrette Blount,Det,RB|W/R/T
14,13.7,MikeTurnerOverdrive,Non-Starter,Roy Helu,LV,RB|W/R/T
14,12.7,MikeTurnerOverdrive,Non-Starter,Mario Manningham,SF,WR|W/R/T
14,5.85,MikeTurnerOverdrive,Non-Starter,Pierre Garcon,SF,WR|W/R/T
14,2.45,MikeTurnerOverdrive,Non-Starter,Donald Brown,LAC,RB|W/R/T
14,1.6,MikeTurnerOverdrive,Non-Starter,Joseph Addai,Ind,RB|W/R/T
14,4.05,MikeTurnerOverdrive,Non-Starter,Eric Decker,Ten,WR|W/R/T
14,4.4,MikeTurnerOverdrive,Non-Starter,Dustin Keller,NYJ,TE|W/R/T
14,13.0,MikeTurnerOverdrive,Starter,New York Jets,NYJ,DEF
15,0.0,MikeTurnerOverdrive,Starter,Colt McCoy,Ari,QB
15,5.65,MikeTurnerOverdrive,Starter,Victor Cruz,NYG,WR|W/R/T
15,10.0,MikeTurnerOverdrive,Starter,Jabar Gaffney,Mia,WR|W/R/T
15,13.0,MikeTurnerOverdrive,Starter,Michael Turner,Atl,RB|W/R/T
15,12.35,MikeTurnerOverdrive,Starter,Beanie Wells,Ari,RB|W/R/T
15,0.0,MikeTurnerOverdrive,Starter,Fred Davis,Was,TE|W/R/T
15,2.1,MikeTurnerOverdrive,Starter,LeGarrette Blount,Det,RB|W/R/T
15,7.65,MikeTurnerOverdrive,Non-Starter,Roy Helu,LV,RB|W/R/T
15,6.45,MikeTurnerOverdrive,Non-Starter,Mario Manningham,SF,WR|W/R/T
15,1.7,MikeTurnerOverdrive,Non-Starter,Pierre Garcon,SF,WR|W/R/T
15,22.55,MikeTurnerOverdrive,Non-Starter,Donald Brown,LAC,RB|W/R/T
15,3.2,MikeTurnerOverdrive,Non-Starter,Joseph Addai,Ind,RB|W/R/T
15,2.45,MikeTurnerOverdrive,Non-Starter,Eric Decker,Ten,WR|W/R/T
15,8.05,MikeTurnerOverdrive,Non-Starter,Dustin Keller,NYJ,TE|W/R/T
15,7.0,MikeTurnerOverdrive,Starter,New York Jets,NYJ,DEF
16,0.0,MikeTurnerOverdrive,Starter,Colt McCoy,Ari,QB
16,23.15,MikeTurnerOverdrive,Starter,Victor Cruz,NYG,WR|W/R/T
16,15.2,MikeTurnerOverdrive,Starter,Jabar Gaffney,Mia,WR|W/R/T
16,8.5,MikeTurnerOverdrive,Starter,Michael Turner,Atl,RB|W/R/T
16,6.35,MikeTurnerOverdrive,Starter,Beanie Wells,Ari,RB|W/R/T
16,0.0,MikeTurnerOverdrive,Starter,Fred Davis,Was,TE|W/R/T
16,1.1,MikeTurnerOverdrive,Starter,LeGarrette Blount,Det,RB|W/R/T
16,0.0,MikeTurnerOverdrive,Non-Starter,Roy Helu,LV,RB|W/R/T
16,0.0,MikeTurnerOverdrive,Non-Starter,Mario Manningham,SF,WR|W/R/T
16,6.5,MikeTurnerOverdrive,Non-Starter,Pierre Garcon,SF,WR|W/R/T
16,5.3,MikeTurnerOverdrive,Non-Starter,Donald Brown,LAC,RB|W/R/T
16,6.95,MikeTurnerOverdrive,Non-Starter,Joseph Addai,Ind,RB|W/R/T
16,0.0,MikeTurnerOverdrive,Non-Starter,Eric Decker,Ten,WR|W/R/T
16,9.7,MikeTurnerOverdrive,Non-Starter,Dustin Keller,NYJ,TE|W/R/T
16,4.0,MikeTurnerOverdrive,Starter,New York Jets,NYJ,DEF
1,24.58,BeckBroke Mountain,Starter,Aaron Rodgers,Pit,QB
1,8.1,BeckBroke Mountain,Starter,Roddy White,Atl,WR|W/R/T
1,2.2,BeckBroke Mountain,Starter,Dwayne Bowe,Cle,WR|W/R/T
1,11.75,BeckBroke Mountain,Starter,Jamaal Charles,Jax,RB|W/R/T
1,0.3,BeckBroke Mountain,Starter,Thomas Jones,KC,RB|W/R/T
1,4.9,BeckBroke Mountain,Starter,Dallas Clark,Bal,TE|W/R/T
1,9.1,BeckBroke Mountain,Starter,Santana Moss,Was,WR|W/R/T
1,0.0,BeckBroke Mountain,Non-Starter,Arian Foster,Mia,RB|W/R/T
1,0.0,BeckBroke Mountain,Non-Starter,Ryan Torain,NYG,RB|W/R/T
1,14.2,BeckBroke Mountain,Non-Starter,Plaxico Burress,Pit,WR|W/R/T
1,6.7,BeckBroke Mountain,Non-Starter,Brandon Pettigrew,Det,TE|W/R/T
1,1.45,BeckBroke Mountain,Non-Starter,LaRod Stephens-Howling,Pit,RB|W/R/T
1,7.95,BeckBroke Mountain,Non-Starter,Deji Karim,Hou,RB|W/R/T
1,0.0,BeckBroke Mountain,Non-Starter,Chester Taylor,Ari,RB|W/R/T
1,13.0,BeckBroke Mountain,Starter,Atlanta Falcons,Atl,DEF
2,21.62,BeckBroke Mountain,Starter,Aaron Rodgers,Pit,QB
2,9.05,BeckBroke Mountain,Starter,Roddy White,Atl,WR|W/R/T
2,12.55,BeckBroke Mountain,Starter,Dwayne Bowe,Cle,WR|W/R/T
2,2.7,BeckBroke Mountain,Starter,Jamaal Charles,Jax,RB|W/R/T
2,4.5,BeckBroke Mountain,Starter,Arian Foster,Mia,RB|W/R/T
2,10.2,BeckBroke Mountain,Starter,Dallas Clark,Bal,TE|W/R/T
2,13.35,BeckBroke Mountain,Starter,Santana Moss,Was,WR|W/R/T
2,4.0,BeckBroke Mountain,Non-Starter,Thomas Jones,KC,RB|W/R/T
2,0.0,BeckBroke Mountain,Non-Starter,Plaxico Burress,Pit,WR|W/R/T
2,0.95,BeckBroke Mountain,Non-Starter,Brandon Pettigrew,Det,TE|W/R/T
2,2.75,BeckBroke Mountain,Non-Starter,Deji Karim,Hou,RB|W/R/T
2,0.0,BeckBroke Mountain,Non-Starter,Chester Taylor,Ari,RB|W/R/T
2,26.58,BeckBroke Mountain,Non-Starter,Cam Newton,Car,QB
2,0.85,BeckBroke Mountain,Non-Starter,Lance Moore,Det,WR|W/R/T
2,5.0,BeckBroke Mountain,Starter,Atlanta Falcons,Atl,DEF
3,22.18,BeckBroke Mountain,Starter,Aaron Rodgers,Pit,QB
3,16.25,BeckBroke Mountain,Starter,Roddy White,Atl,WR|W/R/T
3,13.7,BeckBroke Mountain,Starter,Dwayne Bowe,Cle,WR|W/R/T
3,3.55,BeckBroke Mountain,Starter,Thomas Jones,KC,RB|W/R/T
3,2.8,BeckBroke Mountain,Starter,Deji Karim,Hou,RB|W/R/T
3,1.7,BeckBroke Mountain,Starter,Dallas Clark,Bal,TE|W/R/T
3,8.25,BeckBroke Mountain,Starter,Santana Moss,Was,WR|W/R/T
3,0.0,BeckBroke Mountain,Non-Starter,Arian Foster,Mia,RB|W/R/T
3,0.0,BeckBroke Mountain,Non-Starter,Jamaal Charles,Jax,RB|W/R/T
3,12.25,BeckBroke Mountain,Non-Starter,Plaxico Burress,Pit,WR|W/R/T
3,13.95,BeckBroke Mountain,Non-Starter,Brandon Pettigrew,Det,TE|W/R/T
3,3.45,BeckBroke Mountain,Non-Starter,Chester Taylor,Ari,RB|W/R/T
3,15.02,BeckBroke Mountain,Non-Starter,Cam Newton,Car,QB
3,21.05,BeckBroke Mountain,Non-Starter,Lance Moore,Det,WR|W/R/T
3,5.0,BeckBroke Mountain,Starter,Atlanta Falcons,Atl,DEF
4,45.92,BeckBroke Mountain,Starter,Aaron Rodgers,Pit,QB
4,17.95,BeckBroke Mountain,Starter,Dwayne Bowe,Cle,WR|W/R/T
4,11.15,BeckBroke Mountain,Starter,Santana Moss,Was,WR|W/R/T
4,3.7,BeckBroke Mountain,Starter,Thomas Jones,KC,RB|W/R/T
4,23.35,BeckBroke Mountain,Starter,Arian Foster,Mia,RB|W/R/T
4,5.35,BeckBroke Mountain,Starter,Dallas Clark,Bal,TE|W/R/T
4,9.3,BeckBroke Mountain,Starter,Roddy White,Atl,WR|W/R/T
4,0.6,BeckBroke Mountain,Non-Starter,Deji Karim,Hou,RB|W/R/T
4,0.0,BeckBroke Mountain,Non-Starter,Jamaal Charles,Jax,RB|W/R/T
4,4.05,BeckBroke Mountain,Non-Starter,Plaxico Burress,Pit,WR|W/R/T
4,7.9,BeckBroke Mountain,Non-Starter,Brandon Pettigrew,Det,TE|W/R/T
4,0.0,BeckBroke Mountain,Non-Starter,Chester Taylor,Ari,RB|W/R/T
4,32.46,BeckBroke Mountain,Non-Starter,Cam Newton,Car,QB
4,6.25,BeckBroke Mountain,Non-Starter,Lance Moore,Det,WR|W/R/T
4,3.0,BeckBroke Mountain,Starter,Atlanta Falcons,Atl,DEF
5,23.74,BeckBroke Mountain,Starter,Aaron Rodgers,Pit,QB
5,26.55,BeckBroke Mountain,Starter,Dwayne Bowe,Cle,WR|W/R/T
5,12.5,BeckBroke Mountain,Starter,Roddy White,Atl,WR|W/R/T
5,19.65,BeckBroke Mountain,Starter,Arian Foster,Mia,RB|W/R/T
5,1.3,BeckBroke Mountain,Starter,Stevan Ridley,Pit,RB|W/R/T
5,0.95,BeckBroke Mountain,Starter,Dallas Clark,Bal,TE|W/R/T
5,3.75,BeckBroke Mountain,Starter,Lance Moore,Det,WR|W/R/T
5,0.0,BeckBroke Mountain,Non-Starter,Santana Moss,Was,WR|W/R/T
5,6.7,BeckBroke Mountain,Non-Starter,Thomas Jones,KC,RB|W/R/T
5,3.85,BeckBroke Mountain,Non-Starter,Deji Karim,Hou,RB|W/R/T
5,0.0,BeckBroke Mountain,Non-Starter,Jamaal Charles,Jax,RB|W/R/T
5,10.9,BeckBroke Mountain,Non-Starter,Brandon Pettigrew,Det,TE|W/R/T
5,0.0,BeckBroke Mountain,Non-Starter,Chester Taylor,Ari,RB|W/R/T
5,23.66,BeckBroke Mountain,Non-Starter,Cam Newton,Car,QB
5,6.0,BeckBroke Mountain,Starter,Atlanta Falcons,Atl,DEF
6,24.14,BeckBroke Mountain,Starter,Aaron Rodgers,Pit,QB
6,2.6,BeckBroke Mountain,Starter,Roddy White,Atl,WR|W/R/T
6,4.3,BeckBroke Mountain,Starter,Santana Moss,Was,WR|W/R/T
6,11.6,BeckBroke Mountain,Starter,Arian Foster,Mia,RB|W/R/T
6,1.9,BeckBroke Mountain,Starter,Stevan Ridley,Pit,RB|W/R/T
6,12.2,BeckBroke Mountain,Starter,Brandon Pettigrew,Det,TE|W/R/T
6,5.1,BeckBroke Mountain,Starter,Lance Moore,Det,WR|W/R/T
6,10.8,BeckBroke Mountain,Non-Starter,Dallas Clark,Bal,TE|W/R/T
6,0.0,BeckBroke Mountain,Non-Starter,Dwayne Bowe,Cle,WR|W/R/T
6,0.0,BeckBroke Mountain,Non-Starter,Thomas Jones,KC,RB|W/R/T
6,2.1,BeckBroke Mountain,Non-Starter,Deji Karim,Hou,RB|W/R/T
6,0.0,BeckBroke Mountain,Non-Starter,Jamaal Charles,Jax,RB|W/R/T
6,0.0,BeckBroke Mountain,Non-Starter,Chester Taylor,Ari,RB|W/R/T
6,14.18,BeckBroke Mountain,Non-Starter,Cam Newton,Car,QB
6,8.0,BeckBroke Mountain,Starter,Atlanta Falcons,Atl,DEF
7,26.2,BeckBroke Mountain,Starter,Aaron Rodgers,Pit,QB
7,12.45,BeckBroke Mountain,Starter,Roddy White,Atl,WR|W/R/T
7,9.1,BeckBroke Mountain,Starter,Dwayne Bowe,Cle,WR|W/R/T
7,42.65,BeckBroke Mountain,Starter,Arian Foster,Mia,RB|W/R/T
7,7.6,BeckBroke Mountain,Starter,Jackie Battle,Ten,RB|W/R/T
7,4.1,BeckBroke Mountain,Starter,Brandon Pettigrew,Det,TE|W/R/T
7,2.2,BeckBroke Mountain,Starter,Santana Moss,Was,WR|W/R/T
7,1.9,BeckBroke Mountain,Non-Starter,Thomas Jones,KC,RB|W/R/T
7,0.0,BeckBroke Mountain,Non-Starter,Stevan Ridley,Pit,RB|W/R/T
7,5.15,BeckBroke Mountain,Non-Starter,Lance Moore,Det,WR|W/R/T
7,0.0,BeckBroke Mountain,Non-Starter,Dallas Clark,Bal,TE|W/R/T
7,2.8,BeckBroke Mountain,Non-Starter,Deji Karim,Hou,RB|W/R/T
7,0.0,BeckBroke Mountain,Non-Starter,Jamaal Charles,Jax,RB|W/R/T
7,26.14,BeckBroke Mountain,Non-Starter,Cam Newton,Car,QB
7,6.0,BeckBroke Mountain,Starter,Atlanta Falcons,Atl,DEF
8,24.9,BeckBroke Mountain,Starter,Cam Newton,Car,QB
8,7.2,BeckBroke Mountain,Starter,Dwayne Bowe,Cle,WR|W/R/T
8,15.15,BeckBroke Mountain,Starter,Lance Moore,Det,WR|W/R/T
8,18.65,BeckBroke Mountain,Starter,Arian Foster,Mia,RB|W/R/T
8,13.0,BeckBroke Mountain,Starter,Jackie Battle,Ten,RB|W/R/T
8,1.55,BeckBroke Mountain,Starter,Brandon Pettigrew,Det,TE|W/R/T
8,2.2,BeckBroke Mountain,Starter,Brian Leonard,NO,RB|W/R/T
8,0.7,BeckBroke Mountain,Non-Starter,Deji Karim,Hou,RB|W/R/T
8,0.0,BeckBroke Mountain,Non-Starter,Aaron Rodgers,Pit,QB
8,0.0,BeckBroke Mountain,Non-Starter,Roddy White,Atl,WR|W/R/T
8,0.0,BeckBroke Mountain,Non-Starter,Santana Moss,Was,WR|W/R/T
8,0.0,BeckBroke Mountain,Non-Starter,Stevan Ridley,Pit,RB|W/R/T
8,9.2,BeckBroke Mountain,Non-Starter,Dallas Clark,Bal,TE|W/R/T
8,0.0,BeckBroke Mountain,Non-Starter,Jamaal Charles,Jax,RB|W/R/T
8,6.0,BeckBroke Mountain,Starter,Houston Texans,Hou,DEF
9,31.08,BeckBroke Mountain,Starter,Aaron Rodgers,Pit,QB
9,10.3,BeckBroke Mountain,Starter,Dwayne Bowe,Cle,WR|W/R/T
9,8.6,BeckBroke Mountain,Starter,Roddy White,Atl,WR|W/R/T
9,22.25,BeckBroke Mountain,Starter,Arian Foster,Mia,RB|W/R/T
9,5.15,BeckBroke Mountain,Starter,Jackie Battle,Ten,RB|W/R/T
9,2.6,BeckBroke Mountain,Starter,Dallas Clark,Bal,TE|W/R/T
9,8.75,BeckBroke Mountain,Starter,Lance Moore,Det,WR|W/R/T
9,0.3,BeckBroke Mountain,Non-Starter,Brian Leonard,NO,RB|W/R/T
9,0.0,BeckBroke Mountain,Non-Starter,Cam Newton,Car,QB
9,0.0,BeckBroke Mountain,Non-Starter,Brandon Pettigrew,Det,TE|W/R/T
9,0.0,BeckBroke Mountain,Non-Starter,Deji Karim,Hou,RB|W/R/T
9,0.0,BeckBroke Mountain,Non-Starter,Santana Moss,Was,WR|W/R/T
9,1.45,BeckBroke Mountain,Non-Starter,Stevan Ridley,Pit,RB|W/R/T
9,0.0,BeckBroke Mountain,Non-Starter,Jamaal Charles,Jax,RB|W/R/T
9,12.0,BeckBroke Mountain,Starter,Houston Texans,Hou,DEF
10,28.1,BeckBroke Mountain,Starter,Aaron Rodgers,Pit,QB
10,2.2,BeckBroke Mountain,Starter,Dwayne Bowe,Cle,WR|W/R/T
10,7.2,BeckBroke Mountain,Starter,Roddy White,Atl,WR|W/R/T
10,31.6,BeckBroke Mountain,Starter,Arian Foster,Mia,RB|W/R/T
10,6.1,BeckBroke Mountain,Starter,Jackie Battle,Ten,RB|W/R/T
10,5.05,BeckBroke Mountain,Starter,Brandon Pettigrew,Det,TE|W/R/T
10,3.95,BeckBroke Mountain,Starter,Deji Karim,Hou,RB|W/R/T
10,3.05,BeckBroke Mountain,Non-Starter,Lance Moore,Det,WR|W/R/T
10,0.0,BeckBroke Mountain,Non-Starter,Dallas Clark,Bal,TE|W/R/T
10,0.3,BeckBroke Mountain,Non-Starter,Brian Leonard,NO,RB|W/R/T
10,11.98,BeckBroke Mountain,Non-Starter,Cam Newton,Car,QB
10,0.0,BeckBroke Mountain,Non-Starter,Santana Moss,Was,WR|W/R/T
10,0.4,BeckBroke Mountain,Non-Starter,Stevan Ridley,Pit,RB|W/R/T
10,0.0,BeckBroke Mountain,Non-Starter,Jamaal Charles,Jax,RB|W/R/T
10,16.0,BeckBroke Mountain,Starter,Houston Texans,Hou,DEF
11,24.76,BeckBroke Mountain,Starter,Aaron Rodgers,Pit,QB
11,10.45,BeckBroke Mountain,Starter,Dwayne Bowe,Cle,WR|W/R/T
11,16.45,BeckBroke Mountain,Starter,Roddy White,Atl,WR|W/R/T
11,3.85,BeckBroke Mountain,Starter,Jackie Battle,Ten,RB|W/R/T
11,4.9,BeckBroke Mountain,Starter,Lance Ball,Den,RB|W/R/T
11,10.7,BeckBroke Mountain,Starter,Brandon Pettigrew,Det,TE|W/R/T
11,6.0,BeckBroke Mountain,Starter,Danny Woodhead,Bal,RB|W/R/T
11,0.1,BeckBroke Mountain,Non-Starter,Deji Karim,Hou,RB|W/R/T
11,0.0,BeckBroke Mountain,Non-Starter,Arian Foster,Mia,RB|W/R/T
11,0.0,BeckBroke Mountain,Non-Starter,Lance Moore,Det,WR|W/R/T
11,0.0,BeckBroke Mountain,Non-Starter,Dallas Clark,Bal,TE|W/R/T
11,24.9,BeckBroke Mountain,Non-Starter,Cam Newton,Car,QB
11,0.0,BeckBroke Mountain,Non-Starter,Santana Moss,Was,WR|W/R/T
11,0.0,BeckBroke Mountain,Non-Starter,Jamaal Charles,Jax,RB|W/R/T
11,5.0,BeckBroke Mountain,Starter,Jacksonville Jaguars,Jax,DEF
12,20.18,BeckBroke Mountain,Starter,Aaron Rodgers,Pit,QB
12,8.65,BeckBroke Mountain,Starter,Dwayne Bowe,Cle,WR|W/R/T
12,20.5,BeckBroke Mountain,Starter,Roddy White,Atl,WR|W/R/T
12,2.0,BeckBroke Mountain,Starter,Jackie Battle,Ten,RB|W/R/T
12,14.65,BeckBroke Mountain,Starter,Arian Foster,Mia,RB|W/R/T
12,3.7,BeckBroke Mountain,Starter,Brandon Pettigrew,Det,TE|W/R/T
12,3.9,BeckBroke Mountain,Starter,Santana Moss,Was,WR|W/R/T
12,2.0,BeckBroke Mountain,Non-Starter,Danny Woodhead,Bal,RB|W/R/T
12,1.9,BeckBroke Mountain,Non-Starter,Lance Ball,Den,RB|W/R/T
12,0.3,BeckBroke Mountain,Non-Starter,Deji Karim,Hou,RB|W/R/T
12,18.65,BeckBroke Mountain,Non-Starter,Lance Moore,Det,WR|W/R/T
12,0.0,BeckBroke Mountain,Non-Starter,Dallas Clark,Bal,TE|W/R/T
12,19.62,BeckBroke Mountain,Non-Starter,Cam Newton,Car,QB
12,0.0,BeckBroke Mountain,Non-Starter,Jamaal Charles,Jax,RB|W/R/T
12,9.0,BeckBroke Mountain,Starter,Jacksonville Jaguars,Jax,DEF
13,31.96,BeckBroke Mountain,Starter,Aaron Rodgers,Pit,QB
13,5.9,BeckBroke Mountain,Starter,Dwayne Bowe,Cle,WR|W/R/T
13,12.1,BeckBroke Mountain,Starter,Roddy White,Atl,WR|W/R/T
13,1.5,BeckBroke Mountain,Starter,Jackie Battle,Ten,RB|W/R/T
13,21.95,BeckBroke Mountain,Starter,Arian Foster,Mia,RB|W/R/T
13,1.8,BeckBroke Mountain,Starter,Brandon Pettigrew,Det,TE|W/R/T
13,8.8,BeckBroke Mountain,Starter,Lance Moore,Det,WR|W/R/T
13,5.45,BeckBroke Mountain,Non-Starter,Santana Moss,Was,WR|W/R/T
13,1.2,BeckBroke Mountain,Non-Starter,Danny Woodhead,Bal,RB|W/R/T
13,4.4,BeckBroke Mountain,Non-Starter,Lance Ball,Den,RB|W/R/T
13,0.0,BeckBroke Mountain,Non-Starter,Deji Karim,Hou,RB|W/R/T
13,0.0,BeckBroke Mountain,Non-Starter,Dallas Clark,Bal,TE|W/R/T
13,38.51,BeckBroke Mountain,Non-Starter,Cam Newton,Car,QB
13,0.0,BeckBroke Mountain,Non-Starter,Jamaal Charles,Jax,RB|W/R/T
13,0.0,BeckBroke Mountain,Starter,Las Vegas Raiders,LV,DEF
14,17.24,BeckBroke Mountain,Starter,Aaron Rodgers,Pit,QB
14,8.4,BeckBroke Mountain,Starter,Dwayne Bowe,Cle,WR|W/R/T
14,16.15,BeckBroke Mountain,Starter,Roddy White,Atl,WR|W/R/T
14,6.4,BeckBroke Mountain,Starter,Arian Foster,Mia,RB|W/R/T
14,6.0,BeckBroke Mountain,Starter,Lance Ball,Den,RB|W/R/T
14,13.2,BeckBroke Mountain,Starter,Brandon Pettigrew,Det,TE|W/R/T
14,14.85,BeckBroke Mountain,Starter,Santana Moss,Was,WR|W/R/T
14,6.4,BeckBroke Mountain,Non-Starter,Jackie Battle,Ten,RB|W/R/T
14,3.0,BeckBroke Mountain,Non-Starter,Lance Moore,Det,WR|W/R/T
14,4.75,BeckBroke Mountain,Non-Starter,Danny Woodhead,Bal,RB|W/R/T
14,1.45,BeckBroke Mountain,Non-Starter,Dallas Clark,Bal,TE|W/R/T
14,18.64,BeckBroke Mountain,Non-Starter,Cam Newton,Car,QB
14,0.0,BeckBroke Mountain,Non-Starter,Jamaal Charles,Jax,RB|W/R/T
14,10.8,BeckBroke Mountain,Non-Starter,Jacquizz Rodgers,TB,RB|W/R/T
14,6.0,BeckBroke Mountain,Starter,Las Vegas Raiders,LV,DEF
15,22.6,BeckBroke Mountain,Starter,Aaron Rodgers,Pit,QB
15,5.9,BeckBroke Mountain,Starter,Dwayne Bowe,Cle,WR|W/R/T
15,28.0,BeckBroke Mountain,Starter,Roddy White,Atl,WR|W/R/T
15,21.95,BeckBroke Mountain,Starter,Arian Foster,Mia,RB|W/R/T
15,10.65,BeckBroke Mountain,Starter,Jackie Battle,Ten,RB|W/R/T
15,6.15,BeckBroke Mountain,Starter,Brandon Pettigrew,Det,TE|W/R/T
15,10.5,BeckBroke Mountain,Starter,Santana Moss,Was,WR|W/R/T
15,15.0,BeckBroke Mountain,Non-Starter,Lance Ball,Den,RB|W/R/T
15,22.35,BeckBroke Mountain,Non-Starter,Lance Moore,Det,WR|W/R/T
15,11.45,BeckBroke Mountain,Non-Starter,Danny Woodhead,Bal,RB|W/R/T
15,0.0,BeckBroke Mountain,Non-Starter,Dallas Clark,Bal,TE|W/R/T
15,19.46,BeckBroke Mountain,Non-Starter,Cam Newton,Car,QB
15,0.0,BeckBroke Mountain,Non-Starter,Jamaal Charles,Jax,RB|W/R/T
15,1.65,BeckBroke Mountain,Non-Starter,Jacquizz Rodgers,TB,RB|W/R/T
15,9.0,BeckBroke Mountain,Starter,Las Vegas Raiders,LV,DEF
1,18.26,De 2011 MIA Dolphins,Starter,Kevin Kolb,Ari,QB
1,13.6,De 2011 MIA Dolphins,Starter,Steve Johnson,LAC,WR|W/R/T
1,10.4,De 2011 MIA Dolphins,Starter,Brandon Lloyd,SF,WR|W/R/T
1,4.75,De 2011 MIA Dolphins,Starter,Ryan Grant,GB,RB|W/R/T
1,6.4,De 2011 MIA Dolphins,Starter,Chris Johnson,Ari,RB|W/R/T
1,1.55,De 2011 MIA Dolphins,Starter,Brent Celek,Phi,TE|W/R/T
1,18.55,De 2011 MIA Dolphins,Starter,Cedric Benson,GB,RB|W/R/T
1,0.0,De 2011 MIA Dolphins,Non-Starter,Daniel Thomas,Mia,RB|W/R/T
1,3.45,De 2011 MIA Dolphins,Non-Starter,Braylon Edwards,Sea,WR|W/R/T
1,5.25,De 2011 MIA Dolphins,Non-Starter,Malcom Floyd,LAC,WR|W/R/T
1,0.7,De 2011 MIA Dolphins,Non-Starter,Ronnie Brown,Hou,RB|W/R/T
1,7.95,De 2011 MIA Dolphins,Non-Starter,Hines Ward,Pit,WR|W/R/T
1,15.25,De 2011 MIA Dolphins,Non-Starter,Cadillac Williams,LAR,RB|W/R/T
1,1.15,De 2011 MIA Dolphins,Non-Starter,Tashard Choice,Ind,RB|W/R/T
1,10.0,De 2011 MIA Dolphins,Starter,Green Bay Packers,GB,DEF
2,16.04,De 2011 MIA Dolphins,Starter,Kevin Kolb,Ari,QB
2,17.6,De 2011 MIA Dolphins,Starter,Steve Johnson,LAC,WR|W/R/T
2,0.0,De 2011 MIA Dolphins,Starter,Brandon Lloyd,SF,WR|W/R/T
2,7.25,De 2011 MIA Dolphins,Starter,Chris Johnson,Ari,RB|W/R/T
2,4.75,De 2011 MIA Dolphins,Starter,Cadillac Williams,LAR,RB|W/R/T
2,8.1,De 2011 MIA Dolphins,Starter,Scott Chandler,NE,TE|W/R/T
2,8.35,De 2011 MIA Dolphins,Starter,Cedric Benson,GB,RB|W/R/T
2,4.65,De 2011 MIA Dolphins,Non-Starter,Ryan Grant,GB,RB|W/R/T
2,9.95,De 2011 MIA Dolphins,Non-Starter,Daniel Thomas,Mia,RB|W/R/T
2,2.35,De 2011 MIA Dolphins,Non-Starter,Braylon Edwards,Sea,WR|W/R/T
2,1.0,De 2011 MIA Dolphins,Non-Starter,Ronnie Brown,Hou,RB|W/R/T
2,4.3,De 2011 MIA Dolphins,Non-Starter,Hines Ward,Pit,WR|W/R/T
2,3.4,De 2011 MIA Dolphins,Non-Starter,Tashard Choice,Ind,RB|W/R/T
2,0.0,De 2011 MIA Dolphins,Non-Starter,Roy Williams,Chi,WR|W/R/T
2,12.0,De 2011 MIA Dolphins,Starter,Green Bay Packers,GB,DEF
3,11.68,De 2011 MIA Dolphins,Starter,Kevin Kolb,Ari,QB
3,17.4,De 2011 MIA Dolphins,Starter,Steve Johnson,LAC,WR|W/R/T
3,4.8,De 2011 MIA Dolphins,Starter,Brandon Lloyd,SF,WR|W/R/T
3,8.5,De 2011 MIA Dolphins,Starter,Chris Johnson,Ari,RB|W/R/T
3,18.95,De 2011 MIA Dolphins,Starter,Daniel Thomas,Mia,RB|W/R/T
3,7.5,De 2011 MIA Dolphins,Starter,Scott Chandler,NE,TE|W/R/T
3,6.4,De 2011 MIA Dolphins,Starter,Cedric Benson,GB,RB|W/R/T
3,8.15,De 2011 MIA Dolphins,Non-Starter,Cadillac Williams,LAR,RB|W/R/T
3,9.2,De 2011 MIA Dolphins,Non-Starter,Ryan Grant,GB,RB|W/R/T
3,0.0,De 2011 MIA Dolphins,Non-Starter,Braylon Edwards,Sea,WR|W/R/T
3,0.6,De 2011 MIA Dolphins,Non-Starter,Ronnie Brown,Hou,RB|W/R/T
3,2.45,De 2011 MIA Dolphins,Non-Starter,Hines Ward,Pit,WR|W/R/T
3,1.05,De 2011 MIA Dolphins,Non-Starter,Tashard Choice,Ind,RB|W/R/T
3,0.0,De 2011 MIA Dolphins,Non-Starter,Roy Williams,Chi,WR|W/R/T
3,8.0,De 2011 MIA Dolphins,Starter,Green Bay Packers,GB,DEF
4,5.58,De 2011 MIA Dolphins,Starter,Kevin Kolb,Ari,QB
4,6.8,De 2011 MIA Dolphins,Starter,Steve Johnson,LAC,WR|W/R/T
4,15.6,De 2011 MIA Dolphins,Starter,Brandon Lloyd,SF,WR|W/R/T
4,11.7,De 2011 MIA Dolphins,Starter,Chris Johnson,Ari,RB|W/R/T
4,10.4,De 2011 MIA Dolphins,Starter,Cedric Benson,GB,RB|W/R/T
4,1.3,De 2011 MIA Dolphins,Starter,Scott Chandler,NE,TE|W/R/T
4,0.35,De 2011 MIA Dolphins,Starter,Torrey Smith,Car,WR|W/R/T
4,0.0,De 2011 MIA Dolphins,Non-Starter,Daniel Thomas,Mia,RB|W/R/T
4,0.0,De 2011 MIA Dolphins,Non-Starter,Cadillac Williams,LAR,RB|W/R/T
4,0.0,De 2011 MIA Dolphins,Non-Starter,Ryan Grant,GB,RB|W/R/T
4,0.0,De 2011 MIA Dolphins,Non-Starter,Braylon Edwards,Sea,WR|W/R/T
4,-0.5,De 2011 MIA Dolphins,Non-Starter,Ronnie Brown,Hou,RB|W/R/T
4,7.2,De 2011 MIA Dolphins,Non-Starter,Tashard Choice,Ind,RB|W/R/T
4,1.75,De 2011 MIA Dolphins,Non-Starter,Roy Williams,Chi,WR|W/R/T
4,15.0,De 2011 MIA Dolphins,Starter,Green Bay Packers,GB,DEF
5,4.28,De 2011 MIA Dolphins,Starter,Kevin Kolb,Ari,QB
5,3.9,De 2011 MIA Dolphins,Starter,Steve Johnson,LAC,WR|W/R/T
5,2.25,De 2011 MIA Dolphins,Starter,Brandon Lloyd,SF,WR|W/R/T
5,13.25,De 2011 MIA Dolphins,Starter,Chris Johnson,Ari,RB|W/R/T
5,5.3,De 2011 MIA Dolphins,Starter,Cedric Benson,GB,RB|W/R/T
5,0.65,De 2011 MIA Dolphins,Starter,Scott Chandler,NE,TE|W/R/T
5,0.65,De 2011 MIA Dolphins,Starter,Ryan Grant,GB,RB|W/R/T
5,0.0,De 2011 MIA Dolphins,Non-Starter,Torrey Smith,Car,WR|W/R/T
5,0.0,De 2011 MIA Dolphins,Non-Starter,Daniel Thomas,Mia,RB|W/R/T
5,0.0,De 2011 MIA Dolphins,Non-Starter,Cadillac Williams,LAR,RB|W/R/T
5,0.0,De 2011 MIA Dolphins,Non-Starter,Braylon Edwards,Sea,WR|W/R/T
5,0.0,De 2011 MIA Dolphins,Non-Starter,Ronnie Brown,Hou,RB|W/R/T
5,0.0,De 2011 MIA Dolphins,Non-Starter,Tashard Choice,Ind,RB|W/R/T
5,1.35,De 2011 MIA Dolphins,Non-Starter,Roy Williams,Chi,WR|W/R/T
5,6.0,De 2011 MIA Dolphins,Starter,Green Bay Packers,GB,DEF
6,5.5,De 2011 MIA Dolphins,Starter,Alex Smith,Was,QB
6,11.15,De 2011 MIA Dolphins,Starter,Steve Johnson,LAC,WR|W/R/T
6,9.15,De 2011 MIA Dolphins,Starter,Torrey Smith,Car,WR|W/R/T
6,12.45,De 2011 MIA Dolphins,Starter,Cedric Benson,GB,RB|W/R/T
6,6.15,De 2011 MIA Dolphins,Starter,Daniel Thomas,Mia,RB|W/R/T
6,-0.05,De 2011 MIA Dolphins,Starter,Scott Chandler,NE,TE|W/R/T
6,5.7,De 2011 MIA Dolphins,Starter,Ryan Grant,GB,RB|W/R/T
6,0.0,De 2011 MIA Dolphins,Non-Starter,Kevin Kolb,Ari,QB
6,0.0,De 2011 MIA Dolphins,Non-Starter,Brandon Lloyd,SF,WR|W/R/T
6,0.0,De 2011 MIA Dolphins,Non-Starter,Chris Johnson,Ari,RB|W/R/T
6,4.15,De 2011 MIA Dolphins,Non-Starter,Cadillac Williams,LAR,RB|W/R/T
6,0.0,De 2011 MIA Dolphins,Non-Starter,Braylon Edwards,Sea,WR|W/R/T
6,1.75,De 2011 MIA Dolphins,Non-Starter,Tashard Choice,Ind,RB|W/R/T
6,5.75,De 2011 MIA Dolphins,Non-Starter,Roy Williams,Chi,WR|W/R/T
6,12.0,De 2011 MIA Dolphins,Starter,Green Bay Packers,GB,DEF
7,18.28,De 2011 MIA Dolphins,Starter,Kevin Kolb,Ari,QB
7,3.95,De 2011 MIA Dolphins,Starter,Torrey Smith,Car,WR|W/R/T
7,8.9,De 2011 MIA Dolphins,Starter,Brandon Lloyd,SF,WR|W/R/T
7,5.8,De 2011 MIA Dolphins,Starter,Daniel Thomas,Mia,RB|W/R/T
7,6.0,De 2011 MIA Dolphins,Starter,Chris Johnson,Ari,RB|W/R/T
7,0.75,De 2011 MIA Dolphins,Starter,Benjamin Watson,NE,TE|W/R/T
7,-1.2,De 2011 MIA Dolphins,Starter,Tashard Choice,Ind,RB|W/R/T
7,2.9,De 2011 MIA Dolphins,Non-Starter,Ryan Grant,GB,RB|W/R/T
7,0.0,De 2011 MIA Dolphins,Non-Starter,Alex Smith,Was,QB
7,0.0,De 2011 MIA Dolphins,Non-Starter,Steve Johnson,LAC,WR|W/R/T
7,0.0,De 2011 MIA Dolphins,Non-Starter,Cedric Benson,GB,RB|W/R/T
7,-0.35,De 2011 MIA Dolphins,Non-Starter,Cadillac Williams,LAR,RB|W/R/T
7,0.0,De 2011 MIA Dolphins,Non-Starter,Braylon Edwards,Sea,WR|W/R/T
7,12.9,De 2011 MIA Dolphins,Non-Starter,Roy Williams,Chi,WR|W/R/T
7,6.0,De 2011 MIA Dolphins,Starter,Green Bay Packers,GB,DEF
8,13.28,De 2011 MIA Dolphins,Starter,Alex Smith,Was,QB
8,12.8,De 2011 MIA Dolphins,Starter,Brandon Lloyd,SF,WR|W/R/T
8,7.2,De 2011 MIA Dolphins,Starter,Steve Johnson,LAC,WR|W/R/T
8,0.0,De 2011 MIA Dolphins,Starter,Daniel Thomas,Mia,RB|W/R/T
8,5.85,De 2011 MIA Dolphins,Starter,Chris Johnson,Ari,RB|W/R/T
8,6.5,De 2011 MIA Dolphins,Starter,Jake Ballard,Ari,TE|W/R/T
8,6.45,De 2011 MIA Dolphins,Starter,Torrey Smith,Car,WR|W/R/T
8,5.2,De 2011 MIA Dolphins,Non-Starter,Braylon Edwards,Sea,WR|W/R/T
8,8.62,De 2011 MIA Dolphins,Non-Starter,Kevin Kolb,Ari,QB
8,0.0,De 2011 MIA Dolphins,Non-Starter,Ryan Grant,GB,RB|W/R/T
8,0.0,De 2011 MIA Dolphins,Non-Starter,Cedric Benson,GB,RB|W/R/T
8,0.0,De 2011 MIA Dolphins,Non-Starter,Cadillac Williams,LAR,RB|W/R/T
8,0.0,De 2011 MIA Dolphins,Non-Starter,Roy Williams,Chi,WR|W/R/T
8,24.0,De 2011 MIA Dolphins,Starter,Cincinnati Bengals,Cin,DEF
8,0.0,De 2011 MIA Dolphins,Non-Starter,Green Bay Packers,GB,DEF
9,12.9,De 2011 MIA Dolphins,Starter,Alex Smith,Was,QB
9,9.25,De 2011 MIA Dolphins,Starter,Brandon Lloyd,SF,WR|W/R/T
9,9.15,De 2011 MIA Dolphins,Starter,Steve Johnson,LAC,WR|W/R/T
9,12.0,De 2011 MIA Dolphins,Starter,Chris Johnson,Ari,RB|W/R/T
9,7.8,De 2011 MIA Dolphins,Starter,Cedric Benson,GB,RB|W/R/T
9,13.7,De 2011 MIA Dolphins,Starter,Jake Ballard,Ari,TE|W/R/T
9,14.35,De 2011 MIA Dolphins,Starter,Torrey Smith,Car,WR|W/R/T
9,1.2,De 2011 MIA Dolphins,Non-Starter,Daniel Thomas,Mia,RB|W/R/T
9,3.5,De 2011 MIA Dolphins,Non-Starter,Braylon Edwards,Sea,WR|W/R/T
9,0.0,De 2011 MIA Dolphins,Non-Starter,Kevin Kolb,Ari,QB
9,1.6,De 2011 MIA Dolphins,Non-Starter,Ryan Grant,GB,RB|W/R/T
9,1.7,De 2011 MIA Dolphins,Non-Starter,Cadillac Williams,LAR,RB|W/R/T
9,5.35,De 2011 MIA Dolphins,Non-Starter,Roy Williams,Chi,WR|W/R/T
9,5.0,De 2011 MIA Dolphins,Starter,Cincinnati Bengals,Cin,DEF
9,16.0,De 2011 MIA Dolphins,Non-Starter,Green Bay Packers,GB,DEF
10,16.38,De 2011 MIA Dolphins,Starter,Alex Smith,Was,QB
10,11.8,De 2011 MIA Dolphins,Starter,Brandon Lloyd,SF,WR|W/R/T
10,1.3,De 2011 MIA Dolphins,Starter,Steve Johnson,LAC,WR|W/R/T
10,24.4,De 2011 MIA Dolphins,Starter,Chris Johnson,Ari,RB|W/R/T
10,6.45,De 2011 MIA Dolphins,Starter,Cedric Benson,GB,RB|W/R/T
10,4.25,De 2011 MIA Dolphins,Starter,Jake Ballard,Ari,TE|W/R/T
10,4.2,De 2011 MIA Dolphins,Starter,Daniel Thomas,Mia,RB|W/R/T
10,5.15,De 2011 MIA Dolphins,Non-Starter,Torrey Smith,Car,WR|W/R/T
10,5.45,De 2011 MIA Dolphins,Non-Starter,Braylon Edwards,Sea,WR|W/R/T
10,0.0,De 2011 MIA Dolphins,Non-Starter,Kevin Kolb,Ari,QB
10,2.55,De 2011 MIA Dolphins,Non-Starter,Ryan Grant,GB,RB|W/R/T
10,0.0,De 2011 MIA Dolphins,Non-Starter,Cadillac Williams,LAR,RB|W/R/T
10,0.0,De 2011 MIA Dolphins,Non-Starter,Roy Williams,Chi,WR|W/R/T
10,15.0,De 2011 MIA Dolphins,Starter,Green Bay Packers,GB,DEF
10,7.0,De 2011 MIA Dolphins,Non-Starter,Cincinnati Bengals,Cin,DEF
11,18.38,De 2011 MIA Dolphins,Starter,Alex Smith,Was,QB
11,13.95,De 2011 MIA Dolphins,Starter,Brandon Lloyd,SF,WR|W/R/T
11,2.1,De 2011 MIA Dolphins,Starter,Steve Johnson,LAC,WR|W/R/T
11,3.55,De 2011 MIA Dolphins,Starter,Chris Johnson,Ari,RB|W/R/T
11,16.1,De 2011 MIA Dolphins,Starter,Cedric Benson,GB,RB|W/R/T
11,1.55,De 2011 MIA Dolphins,Starter,Jake Ballard,Ari,TE|W/R/T
11,5.0,De 2011 MIA Dolphins,Starter,Daniel Thomas,Mia,RB|W/R/T
11,24.0,De 2011 MIA Dolphins,Non-Starter,Torrey Smith,Car,WR|W/R/T
11,0.0,De 2011 MIA Dolphins,Non-Starter,Braylon Edwards,Sea,WR|W/R/T
11,0.0,De 2011 MIA Dolphins,Non-Starter,Kevin Kolb,Ari,QB
11,1.6,De 2011 MIA Dolphins,Non-Starter,Ryan Grant,GB,RB|W/R/T
11,0.0,De 2011 MIA Dolphins,Non-Starter,Cadillac Williams,LAR,RB|W/R/T
11,7.45,De 2011 MIA Dolphins,Non-Starter,Roy Williams,Chi,WR|W/R/T
11,6.0,De 2011 MIA Dolphins,Starter,Green Bay Packers,GB,DEF
11,2.0,De 2011 MIA Dolphins,Non-Starter,Cincinnati Bengals,Cin,DEF
12,4.8,De 2011 MIA Dolphins,Starter,Alex Smith,Was,QB
12,14.65,De 2011 MIA Dolphins,Starter,Brandon Lloyd,SF,WR|W/R/T
12,15.5,De 2011 MIA Dolphins,Starter,Steve Johnson,LAC,WR|W/R/T
12,17.55,De 2011 MIA Dolphins,Starter,Chris Johnson,Ari,RB|W/R/T
12,20.0,De 2011 MIA Dolphins,Starter,Cedric Benson,GB,RB|W/R/T
12,5.45,De 2011 MIA Dolphins,Starter,Jake Ballard,Ari,TE|W/R/T
12,2.8,De 2011 MIA Dolphins,Starter,Torrey Smith,Car,WR|W/R/T
12,2.95,De 2011 MIA Dolphins,Non-Starter,Daniel Thomas,Mia,RB|W/R/T
12,0.75,De 2011 MIA Dolphins,Non-Starter,Braylon Edwards,Sea,WR|W/R/T
12,0.0,De 2011 MIA Dolphins,Non-Starter,Kevin Kolb,Ari,QB
12,4.75,De 2011 MIA Dolphins,Non-Starter,Ryan Grant,GB,RB|W/R/T
12,0.0,De 2011 MIA Dolphins,Non-Starter,Cadillac Williams,LAR,RB|W/R/T
12,4.45,De 2011 MIA Dolphins,Non-Starter,Roy Williams,Chi,WR|W/R/T
12,8.0,De 2011 MIA Dolphins,Starter,Green Bay Packers,GB,DEF
12,5.0,De 2011 MIA Dolphins,Non-Starter,Cincinnati Bengals,Cin,DEF
13,19.96,De 2011 MIA Dolphins,Starter,Alex Smith,Was,QB
13,3.65,De 2011 MIA Dolphins,Starter,Brandon Lloyd,SF,WR|W/R/T
13,12.45,De 2011 MIA Dolphins,Starter,Steve Johnson,LAC,WR|W/R/T
13,27.95,De 2011 MIA Dolphins,Starter,Chris Johnson,Ari,RB|W/R/T
13,5.2,De 2011 MIA Dolphins,Starter,Cedric Benson,GB,RB|W/R/T
13,5.45,De 2011 MIA Dolphins,Starter,Jake Ballard,Ari,TE|W/R/T
13,3.15,De 2011 MIA Dolphins,Starter,Torrey Smith,Car,WR|W/R/T
13,7.3,De 2011 MIA Dolphins,Non-Starter,Daniel Thomas,Mia,RB|W/R/T
13,0.0,De 2011 MIA Dolphins,Non-Starter,Braylon Edwards,Sea,WR|W/R/T
13,15.88,De 2011 MIA Dolphins,Non-Starter,Kevin Kolb,Ari,QB
13,4.85,De 2011 MIA Dolphins,Non-Starter,Ryan Grant,GB,RB|W/R/T
13,0.0,De 2011 MIA Dolphins,Non-Starter,Cadillac Williams,LAR,RB|W/R/T
13,0.0,De 2011 MIA Dolphins,Non-Starter,Roy Williams,Chi,WR|W/R/T
13,0.0,De 2011 MIA Dolphins,Non-Starter,Devery Henderson,NO,WR|W/R/T
13,7.0,De 2011 MIA Dolphins,Starter,Green Bay Packers,GB,DEF
14,6.7,De 2011 MIA Dolphins,Starter,Alex Smith,Was,QB
14,9.45,De 2011 MIA Dolphins,Starter,Brandon Lloyd,SF,WR|W/R/T
14,12.6,De 2011 MIA Dolphins,Starter,Steve Johnson,LAC,WR|W/R/T
14,7.85,De 2011 MIA Dolphins,Starter,Chris Johnson,Ari,RB|W/R/T
14,9.35,De 2011 MIA Dolphins,Starter,Cedric Benson,GB,RB|W/R/T
14,12.2,De 2011 MIA Dolphins,Starter,Jake Ballard,Ari,TE|W/R/T
14,13.65,De 2011 MIA Dolphins,Starter,Torrey Smith,Car,WR|W/R/T
14,1.8,De 2011 MIA Dolphins,Non-Starter,Daniel Thomas,Mia,RB|W/R/T
14,0.0,De 2011 MIA Dolphins,Non-Starter,Braylon Edwards,Sea,WR|W/R/T
14,0.08,De 2011 MIA Dolphins,Non-Starter,Kevin Kolb,Ari,QB
14,22.05,De 2011 MIA Dolphins,Non-Starter,Ryan Grant,GB,RB|W/R/T
14,4.9,De 2011 MIA Dolphins,Non-Starter,Cadillac Williams,LAR,RB|W/R/T
14,2.7,De 2011 MIA Dolphins,Non-Starter,Roy Williams,Chi,WR|W/R/T
14,4.35,De 2011 MIA Dolphins,Non-Starter,Devery Henderson,NO,WR|W/R/T
14,18.0,De 2011 MIA Dolphins,Starter,Green Bay Packers,GB,DEF
15,12.68,De 2011 MIA Dolphins,Starter,Alex Smith,Was,QB
15,5.45,De 2011 MIA Dolphins,Starter,Brandon Lloyd,SF,WR|W/R/T
15,9.45,De 2011 MIA Dolphins,Starter,Steve Johnson,LAC,WR|W/R/T
15,12.9,De 2011 MIA Dolphins,Starter,Chris Johnson,Ari,RB|W/R/T
15,14.95,De 2011 MIA Dolphins,Starter,Cedric Benson,GB,RB|W/R/T
15,1.75,De 2011 MIA Dolphins,Starter,Jake Ballard,Ari,TE|W/R/T
15,15.2,De 2011 MIA Dolphins,Starter,Torrey Smith,Car,WR|W/R/T
15,4.2,De 2011 MIA Dolphins,Non-Starter,Daniel Thomas,Mia,RB|W/R/T
15,0.0,De 2011 MIA Dolphins,Non-Starter,Braylon Edwards,Sea,WR|W/R/T
15,0.0,De 2011 MIA Dolphins,Non-Starter,Kevin Kolb,Ari,QB
15,10.85,De 2011 MIA Dolphins,Non-Starter,Ryan Grant,GB,RB|W/R/T
15,2.45,De 2011 MIA Dolphins,Non-Starter,Cadillac Williams,LAR,RB|W/R/T
15,1.15,De 2011 MIA Dolphins,Non-Starter,Roy Williams,Chi,WR|W/R/T
15,0.65,De 2011 MIA Dolphins,Non-Starter,Devery Henderson,NO,WR|W/R/T
15,1.0,De 2011 MIA Dolphins,Starter,Green Bay Packers,GB,DEF
16,9.36,De 2011 MIA Dolphins,Starter,Alex Smith,Was,QB
16,3.65,De 2011 MIA Dolphins,Starter,Brandon Lloyd,SF,WR|W/R/T
16,10.2,De 2011 MIA Dolphins,Starter,Steve Johnson,LAC,WR|W/R/T
16,5.6,De 2011 MIA Dolphins,Starter,Chris Johnson,Ari,RB|W/R/T
16,2.75,De 2011 MIA Dolphins,Starter,Cedric Benson,GB,RB|W/R/T
16,0.0,De 2011 MIA Dolphins,Starter,Jake Ballard,Ari,TE|W/R/T
16,4.3,De 2011 MIA Dolphins,Starter,Torrey Smith,Car,WR|W/R/T
16,0.3,De 2011 MIA Dolphins,Non-Starter,Daniel Thomas,Mia,RB|W/R/T
16,1.15,De 2011 MIA Dolphins,Non-Starter,Braylon Edwards,Sea,WR|W/R/T
16,0.0,De 2011 MIA Dolphins,Non-Starter,Kevin Kolb,Ari,QB
16,8.3,De 2011 MIA Dolphins,Non-Starter,Ryan Grant,GB,RB|W/R/T
16,4.2,De 2011 MIA Dolphins,Non-Starter,Cadillac Williams,LAR,RB|W/R/T
16,9.6,De 2011 MIA Dolphins,Non-Starter,Roy Williams,Chi,WR|W/R/T
16,3.75,De 2011 MIA Dolphins,Non-Starter,Devery Henderson,NO,WR|W/R/T
16,4.0,De 2011 MIA Dolphins,Starter,Green Bay Packers,GB,DEF
1,6.1,CaseyAnthonyDayCare,Starter,Ben Roethlisberger,Pit,QB
1,17.25,CaseyAnthonyDayCare,Starter,Andre Johnson,Ten,WR|W/R/T
1,12.7,CaseyAnthonyDayCare,Starter,Mike Wallace,Phi,WR|W/R/T
1,11.35,CaseyAnthonyDayCare,Starter,Felix Jones,Pit,RB|W/R/T
1,27.9,CaseyAnthonyDayCare,Starter,Ray Rice,Bal,RB|W/R/T
1,16.1,CaseyAnthonyDayCare,Starter,Rob Gronkowski,TB,TE|W/R/T
1,8.5,CaseyAnthonyDayCare,Starter,Santonio Holmes,Chi,WR|W/R/T
1,16.45,CaseyAnthonyDayCare,Non-Starter,Tim Hightower,NO,RB|W/R/T
1,7.5,CaseyAnthonyDayCare,Non-Starter,Mike Thomas,Det,WR|W/R/T
1,3.7,CaseyAnthonyDayCare,Non-Starter,Arrelious Benn,Jax,WR|W/R/T
1,4.05,CaseyAnthonyDayCare,Non-Starter,Jacquizz Rodgers,TB,RB|W/R/T
1,2.5,CaseyAnthonyDayCare,Non-Starter,Delone Carter,Jax,RB|W/R/T
1,4.4,CaseyAnthonyDayCare,Non-Starter,Mike Williams,Sea,WR|W/R/T
1,6.95,CaseyAnthonyDayCare,Non-Starter,Ricky Williams,Bal,RB|W/R/T
1,7.0,CaseyAnthonyDayCare,Starter,Detroit Lions,Det,DEF
2,16.72,CaseyAnthonyDayCare,Starter,Ben Roethlisberger,Pit,QB
2,17.05,CaseyAnthonyDayCare,Starter,Andre Johnson,Ten,WR|W/R/T
2,20.6,CaseyAnthonyDayCare,Starter,Mike Wallace,Phi,WR|W/R/T
2,3.25,CaseyAnthonyDayCare,Starter,Felix Jones,Pit,RB|W/R/T
2,16.85,CaseyAnthonyDayCare,Starter,Ray Rice,Bal,RB|W/R/T
2,21.6,CaseyAnthonyDayCare,Starter,Rob Gronkowski,TB,TE|W/R/T
2,10.85,CaseyAnthonyDayCare,Starter,Tim Hightower,NO,RB|W/R/T
2,10.95,CaseyAnthonyDayCare,Non-Starter,Santonio Holmes,Chi,WR|W/R/T
2,3.65,CaseyAnthonyDayCare,Non-Starter,Mike Thomas,Det,WR|W/R/T
2,8.75,CaseyAnthonyDayCare,Non-Starter,Arrelious Benn,Jax,WR|W/R/T
2,1.7,CaseyAnthonyDayCare,Non-Starter,Jacquizz Rodgers,TB,RB|W/R/T
2,4.6,CaseyAnthonyDayCare,Non-Starter,Delone Carter,Jax,RB|W/R/T
2,1.15,CaseyAnthonyDayCare,Non-Starter,Mike Williams,Sea,WR|W/R/T
2,-1.8,CaseyAnthonyDayCare,Non-Starter,Ricky Williams,Bal,RB|W/R/T
2,21.0,CaseyAnthonyDayCare,Starter,Detroit Lions,Det,DEF
3,14.06,CaseyAnthonyDayCare,Starter,Ben Roethlisberger,Pit,QB
3,15.35,CaseyAnthonyDayCare,Starter,Andre Johnson,Ten,WR|W/R/T
3,21.65,CaseyAnthonyDayCare,Starter,Mike Wallace,Phi,WR|W/R/T
3,17.65,CaseyAnthonyDayCare,Starter,Ray Rice,Bal,RB|W/R/T
3,15.25,CaseyAnthonyDayCare,Starter,Tim Hightower,NO,RB|W/R/T
3,24.65,CaseyAnthonyDayCare,Starter,Rob Gronkowski,TB,TE|W/R/T
3,2.15,CaseyAnthonyDayCare,Starter,Santonio Holmes,Chi,WR|W/R/T
3,16.25,CaseyAnthonyDayCare,Non-Starter,Felix Jones,Pit,RB|W/R/T
3,12.5,CaseyAnthonyDayCare,Non-Starter,Mike Thomas,Det,WR|W/R/T
3,2.65,CaseyAnthonyDayCare,Non-Starter,Arrelious Benn,Jax,WR|W/R/T
3,3.1,CaseyAnthonyDayCare,Non-Starter,Jacquizz Rodgers,TB,RB|W/R/T
3,1.1,CaseyAnthonyDayCare,Non-Starter,Delone Carter,Jax,RB|W/R/T
3,0.0,CaseyAnthonyDayCare,Non-Starter,Mike Williams,Sea,WR|W/R/T
3,5.55,CaseyAnthonyDayCare,Non-Starter,Ricky Williams,Bal,RB|W/R/T
3,4.0,CaseyAnthonyDayCare,Starter,Detroit Lions,Det,DEF
4,7.34,CaseyAnthonyDayCare,Starter,Ben Roethlisberger,Pit,QB
4,4.6,CaseyAnthonyDayCare,Starter,Andre Johnson,Ten,WR|W/R/T
4,8.7,CaseyAnthonyDayCare,Starter,Mike Wallace,Phi,WR|W/R/T
4,19.5,CaseyAnthonyDayCare,Starter,Ray Rice,Bal,RB|W/R/T
4,3.05,CaseyAnthonyDayCare,Starter,Tim Hightower,NO,RB|W/R/T
4,1.75,CaseyAnthonyDayCare,Starter,Rob Gronkowski,TB,TE|W/R/T
4,8.85,CaseyAnthonyDayCare,Starter,Felix Jones,Pit,RB|W/R/T
4,4.05,CaseyAnthonyDayCare,Non-Starter,Santonio Holmes,Chi,WR|W/R/T
4,8.55,CaseyAnthonyDayCare,Non-Starter,Mike Thomas,Det,WR|W/R/T
4,4.85,CaseyAnthonyDayCare,Non-Starter,Arrelious Benn,Jax,WR|W/R/T
4,3.75,CaseyAnthonyDayCare,Non-Starter,Jacquizz Rodgers,TB,RB|W/R/T
4,2.1,CaseyAnthonyDayCare,Non-Starter,Delone Carter,Jax,RB|W/R/T
4,10.35,CaseyAnthonyDayCare,Non-Starter,Mike Williams,Sea,WR|W/R/T
4,2.9,CaseyAnthonyDayCare,Non-Starter,Ricky Williams,Bal,RB|W/R/T
4,18.0,CaseyAnthonyDayCare,Starter,Detroit Lions,Det,DEF
5,27.12,CaseyAnthonyDayCare,Starter,Ben Roethlisberger,Pit,QB
5,16.5,CaseyAnthonyDayCare,Starter,Mike Wallace,Phi,WR|W/R/T
5,5.65,CaseyAnthonyDayCare,Starter,Mike Thomas,Det,WR|W/R/T
5,1.1,CaseyAnthonyDayCare,Starter,Jacquizz Rodgers,TB,RB|W/R/T
5,3.0,CaseyAnthonyDayCare,Starter,Earnest Graham,TB,RB|W/R/T
5,4.1,CaseyAnthonyDayCare,Starter,Rob Gronkowski,TB,TE|W/R/T
5,13.0,CaseyAnthonyDayCare,Starter,Santonio Holmes,Chi,WR|W/R/T
5,0.0,CaseyAnthonyDayCare,Non-Starter,Ray Rice,Bal,RB|W/R/T
5,0.0,CaseyAnthonyDayCare,Non-Starter,Tim Hightower,NO,RB|W/R/T
5,0.0,CaseyAnthonyDayCare,Non-Starter,Andre Johnson,Ten,WR|W/R/T
5,0.0,CaseyAnthonyDayCare,Non-Starter,Felix Jones,Pit,RB|W/R/T
5,5.35,CaseyAnthonyDayCare,Non-Starter,Arrelious Benn,Jax,WR|W/R/T
5,0.0,CaseyAnthonyDayCare,Non-Starter,Mike Williams,Sea,WR|W/R/T
5,0.0,CaseyAnthonyDayCare,Non-Starter,Ricky Williams,Bal,RB|W/R/T
5,7.0,CaseyAnthonyDayCare,Starter,Detroit Lions,Det,DEF
6,12.9,CaseyAnthonyDayCare,Starter,Ben Roethlisberger,Pit,QB
6,14.1,CaseyAnthonyDayCare,Starter,Mike Wallace,Phi,WR|W/R/T
6,4.6,CaseyAnthonyDayCare,Starter,Mike Thomas,Det,WR|W/R/T
6,17.35,CaseyAnthonyDayCare,Starter,Ray Rice,Bal,RB|W/R/T
6,3.8,CaseyAnthonyDayCare,Starter,Felix Jones,Pit,RB|W/R/T
6,9.15,CaseyAnthonyDayCare,Starter,Rob Gronkowski,TB,TE|W/R/T
6,13.05,CaseyAnthonyDayCare,Starter,Santonio Holmes,Chi,WR|W/R/T
6,1.65,CaseyAnthonyDayCare,Non-Starter,Jacquizz Rodgers,TB,RB|W/R/T
6,13.6,CaseyAnthonyDayCare,Non-Starter,Earnest Graham,TB,RB|W/R/T
6,0.0,CaseyAnthonyDayCare,Non-Starter,Tim Hightower,NO,RB|W/R/T
6,0.0,CaseyAnthonyDayCare,Non-Starter,Andre Johnson,Ten,WR|W/R/T
6,14.55,CaseyAnthonyDayCare,Non-Starter,Arrelious Benn,Jax,WR|W/R/T
6,0.0,CaseyAnthonyDayCare,Non-Starter,Mike Williams,Sea,WR|W/R/T
6,6.8,CaseyAnthonyDayCare,Non-Starter,Ricky Williams,Bal,RB|W/R/T
6,6.0,CaseyAnthonyDayCare,Starter,Detroit Lions,Det,DEF
7,26.24,CaseyAnthonyDayCare,Starter,Ben Roethlisberger,Pit,QB
7,18.55,CaseyAnthonyDayCare,Starter,Mike Wallace,Phi,WR|W/R/T
7,1.05,CaseyAnthonyDayCare,Starter,Mike Thomas,Det,WR|W/R/T
7,5.55,CaseyAnthonyDayCare,Starter,Ray Rice,Bal,RB|W/R/T
7,1.35,CaseyAnthonyDayCare,Starter,Earnest Graham,TB,RB|W/R/T
7,8.7,CaseyAnthonyDayCare,Starter,Jared Cook,LAC,TE|W/R/T
7,2.9,CaseyAnthonyDayCare,Starter,Santonio Holmes,Chi,WR|W/R/T
7,8.8,CaseyAnthonyDayCare,Non-Starter,Tim Hightower,NO,RB|W/R/T
7,0.0,CaseyAnthonyDayCare,Non-Starter,Rob Gronkowski,TB,TE|W/R/T
7,0.0,CaseyAnthonyDayCare,Non-Starter,Felix Jones,Pit,RB|W/R/T
7,0.0,CaseyAnthonyDayCare,Non-Starter,Andre Johnson,Ten,WR|W/R/T
7,0.2,CaseyAnthonyDayCare,Non-Starter,Arrelious Benn,Jax,WR|W/R/T
7,1.25,CaseyAnthonyDayCare,Non-Starter,Mike Williams,Sea,WR|W/R/T
7,0.5,CaseyAnthonyDayCare,Non-Starter,Ricky Williams,Bal,RB|W/R/T
7,7.0,CaseyAnthonyDayCare,Starter,Detroit Lions,Det,DEF
8,20.7,CaseyAnthonyDayCare,Starter,Ben Roethlisberger,Pit,QB
8,8.75,CaseyAnthonyDayCare,Starter,Mike Wallace,Phi,WR|W/R/T
8,3.15,CaseyAnthonyDayCare,Starter,Mike Thomas,Det,WR|W/R/T
8,29.65,CaseyAnthonyDayCare,Starter,Ray Rice,Bal,RB|W/R/T
8,2.6,CaseyAnthonyDayCare,Starter,Kendall Hunter,NO,RB|W/R/T
8,11.15,CaseyAnthonyDayCare,Starter,Rob Gronkowski,TB,TE|W/R/T
8,3.5,CaseyAnthonyDayCare,Starter,Michael Jenkins,Min,WR|W/R/T
8,0.0,CaseyAnthonyDayCare,Non-Starter,Felix Jones,Pit,RB|W/R/T
8,0.0,CaseyAnthonyDayCare,Non-Starter,Andre Johnson,Ten,WR|W/R/T
8,0.0,CaseyAnthonyDayCare,Non-Starter,Santonio Holmes,Chi,WR|W/R/T
8,0.0,CaseyAnthonyDayCare,Non-Starter,Arrelious Benn,Jax,WR|W/R/T
8,0.0,CaseyAnthonyDayCare,Non-Starter,Mike Williams,Sea,WR|W/R/T
8,4.2,CaseyAnthonyDayCare,Non-Starter,Ricky Williams,Bal,RB|W/R/T
8,0.0,CaseyAnthonyDayCare,Non-Starter,Plaxico Burress,Pit,WR|W/R/T
8,29.0,CaseyAnthonyDayCare,Starter,Detroit Lions,Det,DEF
9,16.5,CaseyAnthonyDayCare,Starter,Ben Roethlisberger,Pit,QB
9,11.8,CaseyAnthonyDayCare,Starter,Mike Wallace,Phi,WR|W/R/T
9,9.65,CaseyAnthonyDayCare,Starter,Santonio Holmes,Chi,WR|W/R/T
9,15.85,CaseyAnthonyDayCare,Starter,Ray Rice,Bal,RB|W/R/T
9,4.8,CaseyAnthonyDayCare,Starter,Kregg Lumpkin,NYG,RB|W/R/T
9,18.1,CaseyAnthonyDayCare,Starter,Rob Gronkowski,TB,TE|W/R/T
9,9.15,CaseyAnthonyDayCare,Starter,Plaxico Burress,Pit,WR|W/R/T
9,2.5,CaseyAnthonyDayCare,Non-Starter,Kendall Hunter,NO,RB|W/R/T
9,0.0,CaseyAnthonyDayCare,Non-Starter,Mike Thomas,Det,WR|W/R/T
9,0.0,CaseyAnthonyDayCare,Non-Starter,Michael Jenkins,Min,WR|W/R/T
9,0.0,CaseyAnthonyDayCare,Non-Starter,Felix Jones,Pit,RB|W/R/T
9,0.0,CaseyAnthonyDayCare,Non-Starter,Andre Johnson,Ten,WR|W/R/T
9,6.35,CaseyAnthonyDayCare,Non-Starter,Michael Crabtree,Ari,WR|W/R/T
9,13.0,CaseyAnthonyDayCare,Starter,Atlanta Falcons,Atl,DEF
9,0.0,CaseyAnthonyDayCare,Non-Starter,Detroit Lions,Det,DEF
10,11.6,CaseyAnthonyDayCare,Starter,Ben Roethlisberger,Pit,QB
10,10.0,CaseyAnthonyDayCare,Starter,Mike Wallace,Phi,WR|W/R/T
10,10.8,CaseyAnthonyDayCare,Starter,Santonio Holmes,Chi,WR|W/R/T
10,14.14,CaseyAnthonyDayCare,Starter,Ray Rice,Bal,RB|W/R/T
10,2.7,CaseyAnthonyDayCare,Starter,Marion Barber,Chi,RB|W/R/T
10,25.3,CaseyAnthonyDayCare,Starter,Rob Gronkowski,TB,TE|W/R/T
10,10.65,CaseyAnthonyDayCare,Starter,Plaxico Burress,Pit,WR|W/R/T
10,4.35,CaseyAnthonyDayCare,Non-Starter,Michael Crabtree,Ari,WR|W/R/T
10,1.55,CaseyAnthonyDayCare,Non-Starter,Mike Thomas,Det,WR|W/R/T
10,5.65,CaseyAnthonyDayCare,Non-Starter,Michael Jenkins,Min,WR|W/R/T
10,0.0,CaseyAnthonyDayCare,Non-Starter,Felix Jones,Pit,RB|W/R/T
10,0.0,CaseyAnthonyDayCare,Non-Starter,Andre Johnson,Ten,WR|W/R/T
10,10.8,CaseyAnthonyDayCare,Non-Starter,Andy Dalton,Car,QB
10,4.05,CaseyAnthonyDayCare,Non-Starter,Josh Cribbs,Ind,WR|W/R/T
10,4.0,CaseyAnthonyDayCare,Starter,Detroit Lions,Det,DEF
11,16.12,CaseyAnthonyDayCare,Starter,Andy Dalton,Car,QB
11,4.9,CaseyAnthonyDayCare,Starter,Santonio Holmes,Chi,WR|W/R/T
11,7.4,CaseyAnthonyDayCare,Starter,Plaxico Burress,Pit,WR|W/R/T
11,27.95,CaseyAnthonyDayCare,Starter,Ray Rice,Bal,RB|W/R/T
11,2.45,CaseyAnthonyDayCare,Starter,Felix Jones,Pit,RB|W/R/T
11,22.6,CaseyAnthonyDayCare,Starter,Rob Gronkowski,TB,TE|W/R/T
11,13.75,CaseyAnthonyDayCare,Starter,Michael Crabtree,Ari,WR|W/R/T
11,8.5,CaseyAnthonyDayCare,Non-Starter,Marion Barber,Chi,RB|W/R/T
11,0.0,CaseyAnthonyDayCare,Non-Starter,Ben Roethlisberger,Pit,QB
11,0.0,CaseyAnthonyDayCare,Non-Starter,Mike Wallace,Phi,WR|W/R/T
11,3.05,CaseyAnthonyDayCare,Non-Starter,Mike Thomas,Det,WR|W/R/T
11,0.0,CaseyAnthonyDayCare,Non-Starter,Andre Johnson,Ten,WR|W/R/T
11,8.95,CaseyAnthonyDayCare,Non-Starter,Josh Cribbs,Ind,WR|W/R/T
11,12.82,CaseyAnthonyDayCare,Non-Starter,Vince Young,Phi,QB
11,5.0,CaseyAnthonyDayCare,Starter,Detroit Lions,Det,DEF
12,10.52,CaseyAnthonyDayCare,Starter,Ben Roethlisberger,Pit,QB
12,2.2,CaseyAnthonyDayCare,Starter,Mike Wallace,Phi,WR|W/R/T
12,2.7,CaseyAnthonyDayCare,Starter,Andre Johnson,Ten,WR|W/R/T
12,9.05,CaseyAnthonyDayCare,Starter,Ray Rice,Bal,RB|W/R/T
12,0.65,CaseyAnthonyDayCare,Starter,Felix Jones,Pit,RB|W/R/T
12,12.9,CaseyAnthonyDayCare,Starter,Rob Gronkowski,TB,TE|W/R/T
12,11.5,CaseyAnthonyDayCare,Starter,Santonio Holmes,Chi,WR|W/R/T
12,15.1,CaseyAnthonyDayCare,Non-Starter,Andy Dalton,Car,QB
12,12.4,CaseyAnthonyDayCare,Non-Starter,Plaxico Burress,Pit,WR|W/R/T
12,6.9,CaseyAnthonyDayCare,Non-Starter,Michael Crabtree,Ari,WR|W/R/T
12,6.3,CaseyAnthonyDayCare,Non-Starter,Marion Barber,Chi,RB|W/R/T
12,1.6,CaseyAnthonyDayCare,Non-Starter,Mike Thomas,Det,WR|W/R/T
12,1.25,CaseyAnthonyDayCare,Non-Starter,Josh Cribbs,Ind,WR|W/R/T
12,22.0,CaseyAnthonyDayCare,Non-Starter,Vince Young,Phi,QB
12,2.0,CaseyAnthonyDayCare,Starter,Detroit Lions,Det,DEF
13,15.04,CaseyAnthonyDayCare,Starter,Ben Roethlisberger,Pit,QB
13,16.25,CaseyAnthonyDayCare,Starter,Mike Wallace,Phi,WR|W/R/T
13,10.7,CaseyAnthonyDayCare,Starter,Andre Johnson,Ten,WR|W/R/T
13,27.9,CaseyAnthonyDayCare,Starter,Ray Rice,Bal,RB|W/R/T
13,4.4,CaseyAnthonyDayCare,Starter,Marion Barber,Chi,RB|W/R/T
13,25.85,CaseyAnthonyDayCare,Starter,Rob Gronkowski,TB,TE|W/R/T
13,4.05,CaseyAnthonyDayCare,Starter,Plaxico Burress,Pit,WR|W/R/T
13,4.55,CaseyAnthonyDayCare,Non-Starter,Felix Jones,Pit,RB|W/R/T
13,12.8,CaseyAnthonyDayCare,Non-Starter,Santonio Holmes,Chi,WR|W/R/T
13,10.0,CaseyAnthonyDayCare,Non-Starter,Andy Dalton,Car,QB
13,16.6,CaseyAnthonyDayCare,Non-Starter,Michael Crabtree,Ari,WR|W/R/T
13,2.6,CaseyAnthonyDayCare,Non-Starter,Mike Thomas,Det,WR|W/R/T
13,0.0,CaseyAnthonyDayCare,Non-Starter,Josh Cribbs,Ind,WR|W/R/T
13,0.0,CaseyAnthonyDayCare,Non-Starter,Shane Vereen,NYG,RB|W/R/T
13,14.0,CaseyAnthonyDayCare,Starter,Denver Broncos,Den,DEF
14,17.2,CaseyAnthonyDayCare,Starter,Ben Roethlisberger,Pit,QB
14,8.8,CaseyAnthonyDayCare,Starter,Mike Wallace,Phi,WR|W/R/T
14,7.7,CaseyAnthonyDayCare,Starter,Santonio Holmes,Chi,WR|W/R/T
14,20.4,CaseyAnthonyDayCare,Starter,Ray Rice,Bal,RB|W/R/T
14,18.5,CaseyAnthonyDayCare,Starter,Marion Barber,Chi,RB|W/R/T
14,29.5,CaseyAnthonyDayCare,Starter,Rob Gronkowski,TB,TE|W/R/T
14,8.05,CaseyAnthonyDayCare,Starter,Michael Crabtree,Ari,WR|W/R/T
14,0.0,CaseyAnthonyDayCare,Non-Starter,Andre Johnson,Ten,WR|W/R/T
14,0.0,CaseyAnthonyDayCare,Non-Starter,Plaxico Burress,Pit,WR|W/R/T
14,13.2,CaseyAnthonyDayCare,Non-Starter,Felix Jones,Pit,RB|W/R/T
14,9.76,CaseyAnthonyDayCare,Non-Starter,Andy Dalton,Car,QB
14,0.45,CaseyAnthonyDayCare,Non-Starter,Mike Thomas,Det,WR|W/R/T
14,4.6,CaseyAnthonyDayCare,Non-Starter,Josh Cribbs,Ind,WR|W/R/T
14,0.0,CaseyAnthonyDayCare,Non-Starter,Shane Vereen,NYG,RB|W/R/T
14,27.0,CaseyAnthonyDayCare,Starter,Detroit Lions,Det,DEF
15,4.96,CaseyAnthonyDayCare,Starter,Andy Dalton,Car,QB
15,7.85,CaseyAnthonyDayCare,Starter,Mike Wallace,Phi,WR|W/R/T
15,9.0,CaseyAnthonyDayCare,Starter,Santonio Holmes,Chi,WR|W/R/T
15,13.45,CaseyAnthonyDayCare,Starter,Ray Rice,Bal,RB|W/R/T
15,3.3,CaseyAnthonyDayCare,Starter,Marion Barber,Chi,RB|W/R/T
15,6.3,CaseyAnthonyDayCare,Starter,Rob Gronkowski,TB,TE|W/R/T
15,13.85,CaseyAnthonyDayCare,Starter,Felix Jones,Pit,RB|W/R/T
15,5.2,CaseyAnthonyDayCare,Non-Starter,Ben Roethlisberger,Pit,QB
15,4.5,CaseyAnthonyDayCare,Non-Starter,Michael Crabtree,Ari,WR|W/R/T
15,0.0,CaseyAnthonyDayCare,Non-Starter,Andre Johnson,Ten,WR|W/R/T
15,7.15,CaseyAnthonyDayCare,Non-Starter,Plaxico Burress,Pit,WR|W/R/T
15,0.55,CaseyAnthonyDayCare,Non-Starter,Josh Cribbs,Ind,WR|W/R/T
15,4.82,CaseyAnthonyDayCare,Non-Starter,Matt Hasselbeck,Ind,QB
15,7.0,CaseyAnthonyDayCare,Starter,Detroit Lions,Det,DEF
15,5.0,CaseyAnthonyDayCare,Non-Starter,New York,NYG,DEF
16,18.96,CaseyAnthonyDayCare,Starter,Andy Dalton,Car,QB
16,9.2,CaseyAnthonyDayCare,Starter,Mike Wallace,Phi,WR|W/R/T
16,5.9,CaseyAnthonyDayCare,Starter,Santonio Holmes,Chi,WR|W/R/T
16,20.25,CaseyAnthonyDayCare,Starter,Ray Rice,Bal,RB|W/R/T
16,0.0,CaseyAnthonyDayCare,Starter,Marion Barber,Chi,RB|W/R/T
16,9.55,CaseyAnthonyDayCare,Starter,Rob Gronkowski,TB,TE|W/R/T
16,2.4,CaseyAnthonyDayCare,Starter,Felix Jones,Pit,RB|W/R/T
16,0.0,CaseyAnthonyDayCare,Non-Starter,Ben Roethlisberger,Pit,QB
16,9.75,CaseyAnthonyDayCare,Non-Starter,Michael Crabtree,Ari,WR|W/R/T
16,0.0,CaseyAnthonyDayCare,Non-Starter,Andre Johnson,Ten,WR|W/R/T
16,4.15,CaseyAnthonyDayCare,Non-Starter,Plaxico Burress,Pit,WR|W/R/T
16,9.3,CaseyAnthonyDayCare,Non-Starter,Josh Cribbs,Ind,WR|W/R/T
16,14.2,CaseyAnthonyDayCare,Non-Starter,Matt Hasselbeck,Ind,QB
16,14.0,CaseyAnthonyDayCare,Starter,Detroit Lions,Det,DEF
16,14.0,CaseyAnthonyDayCare,Non-Starter,New York,NYG,DEF
1,14.56,We are the Kickers,Starter,Josh Freeman,Ind,QB
1,6.95,We are the Kickers,Starter,Larry Fitzgerald,Ari,WR|W/R/T
1,12.0,We are the Kickers,Starter,Mike Williams,Buf,WR|W/R/T
1,11.65,We are the Kickers,Starter,Ahmad Bradshaw,Ind,RB|W/R/T
1,9.4,We are the Kickers,Starter,BenJarvus Green-Ellis,Cin,RB|W/R/T
1,1.45,We are the Kickers,Starter,Owen Daniels,Den,TE|W/R/T
1,2.25,We are the Kickers,Starter,Jeremy Maclin,Bal,WR|W/R/T
1,4.5,We are the Kickers,Non-Starter,Jonathan Stewart,NYG,RB|W/R/T
1,14.25,We are the Kickers,Non-Starter,Robert Meachem,NO,WR|W/R/T
1,2.7,We are the Kickers,Non-Starter,Jerome Harrison,Det,RB|W/R/T
1,8.45,We are the Kickers,Non-Starter,Tony Gonzalez,Atl,TE|W/R/T
1,14.92,We are the Kickers,Non-Starter,Eli Manning,NYG,QB
1,5.4,We are the Kickers,Non-Starter,Jerome Simpson,SF,WR|W/R/T
1,0.4,We are the Kickers,Non-Starter,Kendall Hunter,NO,RB|W/R/T
1,22.0,We are the Kickers,Starter,Baltimore Ravens,Bal,DEF
2,13.32,We are the Kickers,Starter,Josh Freeman,Ind,QB
2,21.05,We are the Kickers,Starter,Larry Fitzgerald,Ari,WR|W/R/T
2,-0.15,We are the Kickers,Starter,Mike Williams,Buf,WR|W/R/T
2,11.65,We are the Kickers,Starter,Ahmad Bradshaw,Ind,RB|W/R/T
2,13.75,We are the Kickers,Starter,BenJarvus Green-Ellis,Cin,RB|W/R/T
2,22.05,We are the Kickers,Starter,Tony Gonzalez,Atl,TE|W/R/T
2,32.45,We are the Kickers,Starter,Jeremy Maclin,Bal,WR|W/R/T
2,9.25,We are the Kickers,Non-Starter,Owen Daniels,Den,TE|W/R/T
2,12.5,We are the Kickers,Non-Starter,Jonathan Stewart,NYG,RB|W/R/T
2,8.7,We are the Kickers,Non-Starter,Robert Meachem,NO,WR|W/R/T
2,0.6,We are the Kickers,Non-Starter,Jerome Harrison,Det,RB|W/R/T
2,13.72,We are the Kickers,Non-Starter,Eli Manning,NYG,QB
2,14.6,We are the Kickers,Non-Starter,Jerome Simpson,SF,WR|W/R/T
2,0.0,We are the Kickers,Non-Starter,Kendall Hunter,NO,RB|W/R/T
2,2.0,We are the Kickers,Starter,Baltimore Ravens,Bal,DEF
3,12.7,We are the Kickers,Starter,Josh Freeman,Ind,QB
3,13.65,We are the Kickers,Starter,Larry Fitzgerald,Ari,WR|W/R/T
3,5.55,We are the Kickers,Starter,Mike Williams,Buf,WR|W/R/T
3,21.15,We are the Kickers,Starter,Ahmad Bradshaw,Ind,RB|W/R/T
3,1.8,We are the Kickers,Starter,BenJarvus Green-Ellis,Cin,RB|W/R/T
3,8.3,We are the Kickers,Starter,Tony Gonzalez,Atl,TE|W/R/T
3,8.15,We are the Kickers,Starter,Jeremy Maclin,Bal,WR|W/R/T
3,14.85,We are the Kickers,Non-Starter,Owen Daniels,Den,TE|W/R/T
3,9.25,We are the Kickers,Non-Starter,Jonathan Stewart,NYG,RB|W/R/T
3,12.35,We are the Kickers,Non-Starter,Robert Meachem,NO,WR|W/R/T
3,1.35,We are the Kickers,Non-Starter,Jerome Harrison,Det,RB|W/R/T
3,25.86,We are the Kickers,Non-Starter,Eli Manning,NYG,QB
3,0.85,We are the Kickers,Non-Starter,Jerome Simpson,SF,WR|W/R/T
3,10.3,We are the Kickers,Non-Starter,Kendall Hunter,NO,RB|W/R/T
3,19.0,We are the Kickers,Starter,Baltimore Ravens,Bal,DEF
4,24.18,We are the Kickers,Starter,Josh Freeman,Ind,QB
4,12.2,We are the Kickers,Starter,Larry Fitzgerald,Ari,WR|W/R/T
4,6.9,We are the Kickers,Starter,Robert Meachem,NO,WR|W/R/T
4,10.0,We are the Kickers,Starter,Ahmad Bradshaw,Ind,RB|W/R/T
4,14.65,We are the Kickers,Starter,BenJarvus Green-Ellis,Cin,RB|W/R/T
4,13.35,We are the Kickers,Starter,Tony Gonzalez,Atl,TE|W/R/T
4,7.15,We are the Kickers,Starter,Jeremy Maclin,Bal,WR|W/R/T
4,8.15,We are the Kickers,Non-Starter,Mike Williams,Buf,WR|W/R/T
4,14.15,We are the Kickers,Non-Starter,Owen Daniels,Den,TE|W/R/T
4,9.5,We are the Kickers,Non-Starter,Jonathan Stewart,NYG,RB|W/R/T
4,0.0,We are the Kickers,Non-Starter,Jerome Harrison,Det,RB|W/R/T
4,18.54,We are the Kickers,Non-Starter,Eli Manning,NYG,QB
4,3.35,We are the Kickers,Non-Starter,Jerome Simpson,SF,WR|W/R/T
4,10.5,We are the Kickers,Non-Starter,Kendall Hunter,NO,RB|W/R/T
4,32.0,We are the Kickers,Starter,Baltimore Ravens,Bal,DEF
5,21.3,We are the Kickers,Starter,Eli Manning,NYG,QB
5,7.6,We are the Kickers,Starter,Larry Fitzgerald,Ari,WR|W/R/T
5,4.8,We are the Kickers,Starter,Robert Meachem,NO,WR|W/R/T
5,11.0,We are the Kickers,Starter,Ahmad Bradshaw,Ind,RB|W/R/T
5,3.55,We are the Kickers,Starter,Jonathan Stewart,NYG,RB|W/R/T
5,7.5,We are the Kickers,Starter,Tony Gonzalez,Atl,TE|W/R/T
5,12.9,We are the Kickers,Starter,Jeremy Maclin,Bal,WR|W/R/T
5,3.68,We are the Kickers,Non-Starter,Josh Freeman,Ind,QB
5,27.15,We are the Kickers,Non-Starter,BenJarvus Green-Ellis,Cin,RB|W/R/T
5,1.8,We are the Kickers,Non-Starter,Mike Williams,Buf,WR|W/R/T
5,10.65,We are the Kickers,Non-Starter,Owen Daniels,Den,TE|W/R/T
5,5.0,We are the Kickers,Non-Starter,Jerome Simpson,SF,WR|W/R/T
5,6.5,We are the Kickers,Non-Starter,Kendall Hunter,NO,RB|W/R/T
5,3.0,We are the Kickers,Starter,Los Angeles Chargers,LAC,DEF
5,0.0,We are the Kickers,Non-Starter,Baltimore Ravens,Bal,DEF
6,11.58,We are the Kickers,Starter,Eli Manning,NYG,QB
6,2.55,We are the Kickers,Starter,Robert Meachem,NO,WR|W/R/T
6,5.45,We are the Kickers,Starter,Hines Ward,Pit,WR|W/R/T
6,31.5,We are the Kickers,Starter,Ahmad Bradshaw,Ind,RB|W/R/T
6,7.15,We are the Kickers,Starter,BenJarvus Green-Ellis,Cin,RB|W/R/T
6,3.65,We are the Kickers,Starter,Tony Gonzalez,Atl,TE|W/R/T
6,11.35,We are the Kickers,Starter,Jeremy Maclin,Bal,WR|W/R/T
6,0.0,We are the Kickers,Non-Starter,Larry Fitzgerald,Ari,WR|W/R/T
6,13.95,We are the Kickers,Non-Starter,Jonathan Stewart,NYG,RB|W/R/T
6,20.42,We are the Kickers,Non-Starter,Josh Freeman,Ind,QB
6,7.4,We are the Kickers,Non-Starter,Mike Williams,Buf,WR|W/R/T
6,1.8,We are the Kickers,Non-Starter,Owen Daniels,Den,TE|W/R/T
6,11.6,We are the Kickers,Non-Starter,Jerome Simpson,SF,WR|W/R/T
6,3.3,We are the Kickers,Non-Starter,Kendall Hunter,NO,RB|W/R/T
6,5.0,We are the Kickers,Starter,Baltimore Ravens,Bal,DEF
7,10.56,We are the Kickers,Starter,Josh Freeman,Ind,QB
7,3.1,We are the Kickers,Starter,Robert Meachem,NO,WR|W/R/T
7,2.85,We are the Kickers,Starter,Hines Ward,Pit,WR|W/R/T
7,12.8,We are the Kickers,Starter,Jonathan Stewart,NYG,RB|W/R/T
7,4.4,We are the Kickers,Starter,Keiland Williams,Was,RB|W/R/T
7,7.45,We are the Kickers,Starter,Tony Gonzalez,Atl,TE|W/R/T
7,8.8,We are the Kickers,Starter,Larry Fitzgerald,Ari,WR|W/R/T
7,0.0,We are the Kickers,Non-Starter,BenJarvus Green-Ellis,Cin,RB|W/R/T
7,0.0,We are the Kickers,Non-Starter,Ahmad Bradshaw,Ind,RB|W/R/T
7,0.0,We are the Kickers,Non-Starter,Jeremy Maclin,Bal,WR|W/R/T
7,0.0,We are the Kickers,Non-Starter,Eli Manning,NYG,QB
7,9.0,We are the Kickers,Non-Starter,Mike Williams,Buf,WR|W/R/T
7,8.1,We are the Kickers,Non-Starter,Owen Daniels,Den,TE|W/R/T
7,0.0,We are the Kickers,Non-Starter,Jerome Simpson,SF,WR|W/R/T
7,10.0,We are the Kickers,Starter,Baltimore Ravens,Bal,DEF
8,21.66,We are the Kickers,Starter,Eli Manning,NYG,QB
8,12.15,We are the Kickers,Starter,Jeremy Maclin,Bal,WR|W/R/T
8,1.7,We are the Kickers,Starter,Robert Meachem,NO,WR|W/R/T
8,6.4,We are the Kickers,Starter,Jonathan Stewart,NYG,RB|W/R/T
8,10.05,We are the Kickers,Starter,Ahmad Bradshaw,Ind,RB|W/R/T
8,7.0,We are the Kickers,Starter,Owen Daniels,Den,TE|W/R/T
8,10.55,We are the Kickers,Starter,Larry Fitzgerald,Ari,WR|W/R/T
8,0.0,We are the Kickers,Non-Starter,Hines Ward,Pit,WR|W/R/T
8,0.0,We are the Kickers,Non-Starter,Josh Freeman,Ind,QB
8,3.25,We are the Kickers,Non-Starter,Keiland Williams,Was,RB|W/R/T
8,0.0,We are the Kickers,Non-Starter,Tony Gonzalez,Atl,TE|W/R/T
8,0.9,We are the Kickers,Non-Starter,BenJarvus Green-Ellis,Cin,RB|W/R/T
8,0.0,We are the Kickers,Non-Starter,Mike Williams,Buf,WR|W/R/T
8,7.65,We are the Kickers,Non-Starter,Jerome Simpson,SF,WR|W/R/T
8,8.0,We are the Kickers,Starter,Baltimore Ravens,Bal,DEF
9,17.1,We are the Kickers,Starter,Eli Manning,NYG,QB
9,7.3,We are the Kickers,Starter,Jeremy Maclin,Bal,WR|W/R/T
9,6.1,We are the Kickers,Starter,Mike Williams,Buf,WR|W/R/T
9,6.55,We are the Kickers,Starter,BenJarvus Green-Ellis,Cin,RB|W/R/T
9,1.1,We are the Kickers,Starter,Phillip Tanner,SF,RB|W/R/T
9,3.95,We are the Kickers,Starter,Owen Daniels,Den,TE|W/R/T
9,11.3,We are the Kickers,Starter,Larry Fitzgerald,Ari,WR|W/R/T
9,0.0,We are the Kickers,Non-Starter,Ahmad Bradshaw,Ind,RB|W/R/T
9,0.0,We are the Kickers,Non-Starter,Robert Meachem,NO,WR|W/R/T
9,0.0,We are the Kickers,Non-Starter,Jonathan Stewart,NYG,RB|W/R/T
9,0.0,We are the Kickers,Non-Starter,Hines Ward,Pit,WR|W/R/T
9,16.04,We are the Kickers,Non-Starter,Josh Freeman,Ind,QB
9,10.6,We are the Kickers,Non-Starter,Tony Gonzalez,Atl,TE|W/R/T
9,11.05,We are the Kickers,Non-Starter,Jerome Simpson,SF,WR|W/R/T
9,6.0,We are the Kickers,Starter,Baltimore Ravens,Bal,DEF
10,7.3,We are the Kickers,Starter,Josh Freeman,Ind,QB
10,1.1,We are the Kickers,Starter,Jeremy Maclin,Bal,WR|W/R/T
10,4.8,We are the Kickers,Starter,Mike Williams,Buf,WR|W/R/T
10,0.8,We are the Kickers,Starter,BenJarvus Green-Ellis,Cin,RB|W/R/T
10,5.5,We are the Kickers,Starter,Jonathan Stewart,NYG,RB|W/R/T
10,3.85,We are the Kickers,Starter,Owen Daniels,Den,TE|W/R/T
10,28.35,We are the Kickers,Starter,Larry Fitzgerald,Ari,WR|W/R/T
10,16.84,We are the Kickers,Non-Starter,Eli Manning,NYG,QB
10,2.9,We are the Kickers,Non-Starter,Phillip Tanner,SF,RB|W/R/T
10,0.0,We are the Kickers,Non-Starter,Ahmad Bradshaw,Ind,RB|W/R/T
10,13.4,We are the Kickers,Non-Starter,Robert Meachem,NO,WR|W/R/T
10,1.25,We are the Kickers,Non-Starter,Hines Ward,Pit,WR|W/R/T
10,14.6,We are the Kickers,Non-Starter,Tony Gonzalez,Atl,TE|W/R/T
10,0.0,We are the Kickers,Non-Starter,Jerome Simpson,SF,WR|W/R/T
10,1.0,We are the Kickers,Starter,Baltimore Ravens,Bal,DEF
11,10.56,We are the Kickers,Starter,Eli Manning,NYG,QB
11,16.05,We are the Kickers,Starter,Mike Williams,Buf,WR|W/R/T
11,17.2,We are the Kickers,Starter,Jerome Simpson,SF,WR|W/R/T
11,10.85,We are the Kickers,Starter,BenJarvus Green-Ellis,Cin,RB|W/R/T
11,12.4,We are the Kickers,Starter,Jonathan Stewart,NYG,RB|W/R/T
11,14.65,We are the Kickers,Starter,Tony Gonzalez,Atl,TE|W/R/T
11,10.85,We are the Kickers,Starter,Larry Fitzgerald,Ari,WR|W/R/T
11,0.0,We are the Kickers,Non-Starter,Robert Meachem,NO,WR|W/R/T
11,18.18,We are the Kickers,Non-Starter,Josh Freeman,Ind,QB
11,0.0,We are the Kickers,Non-Starter,Jeremy Maclin,Bal,WR|W/R/T
11,0.0,We are the Kickers,Non-Starter,Owen Daniels,Den,TE|W/R/T
11,0.0,We are the Kickers,Non-Starter,Phillip Tanner,SF,RB|W/R/T
11,0.0,We are the Kickers,Non-Starter,Ahmad Bradshaw,Ind,RB|W/R/T
11,0.0,We are the Kickers,Non-Starter,Hines Ward,Pit,WR|W/R/T
11,8.0,We are the Kickers,Starter,Baltimore Ravens,Bal,DEF
12,22.64,We are the Kickers,Starter,Eli Manning,NYG,QB
12,13.9,We are the Kickers,Starter,Mike Williams,Buf,WR|W/R/T
12,0.0,We are the Kickers,Starter,Robert Meachem,NO,WR|W/R/T
12,16.4,We are the Kickers,Starter,BenJarvus Green-Ellis,Cin,RB|W/R/T
12,8.95,We are the Kickers,Starter,Jonathan Stewart,NYG,RB|W/R/T
12,9.15,We are the Kickers,Starter,Tony Gonzalez,Atl,TE|W/R/T
12,6.25,We are the Kickers,Starter,Larry Fitzgerald,Ari,WR|W/R/T
12,2.0,We are the Kickers,Non-Starter,Jerome Simpson,SF,WR|W/R/T
12,8.96,We are the Kickers,Non-Starter,Josh Freeman,Ind,QB
12,0.0,We are the Kickers,Non-Starter,Jeremy Maclin,Bal,WR|W/R/T
12,4.1,We are the Kickers,Non-Starter,Owen Daniels,Den,TE|W/R/T
12,0.0,We are the Kickers,Non-Starter,Phillip Tanner,SF,RB|W/R/T
12,0.0,We are the Kickers,Non-Starter,Ahmad Bradshaw,Ind,RB|W/R/T
12,3.1,We are the Kickers,Non-Starter,Hines Ward,Pit,WR|W/R/T
12,18.0,We are the Kickers,Starter,Baltimore Ravens,Bal,DEF
13,21.88,We are the Kickers,Starter,Eli Manning,NYG,QB
13,10.55,We are the Kickers,Starter,Mike Williams,Buf,WR|W/R/T
13,19.45,We are the Kickers,Starter,Robert Meachem,NO,WR|W/R/T
13,7.4,We are the Kickers,Starter,BenJarvus Green-Ellis,Cin,RB|W/R/T
13,16.4,We are the Kickers,Starter,Jonathan Stewart,NYG,RB|W/R/T
13,11.75,We are the Kickers,Starter,Tony Gonzalez,Atl,TE|W/R/T
13,6.5,We are the Kickers,Starter,Larry Fitzgerald,Ari,WR|W/R/T
13,0.0,We are the Kickers,Non-Starter,Jerome Simpson,SF,WR|W/R/T
13,0.0,We are the Kickers,Non-Starter,Josh Freeman,Ind,QB
13,0.0,We are the Kickers,Non-Starter,Jeremy Maclin,Bal,WR|W/R/T
13,4.25,We are the Kickers,Non-Starter,Owen Daniels,Den,TE|W/R/T
13,0.0,We are the Kickers,Non-Starter,Phillip Tanner,SF,RB|W/R/T
13,5.2,We are the Kickers,Non-Starter,Ahmad Bradshaw,Ind,RB|W/R/T
13,4.25,We are the Kickers,Non-Starter,Hines Ward,Pit,WR|W/R/T
13,15.0,We are the Kickers,Starter,Baltimore Ravens,Bal,DEF
14,21.8,We are the Kickers,Starter,Eli Manning,NYG,QB
14,22.65,We are the Kickers,Starter,Larry Fitzgerald,Ari,WR|W/R/T
14,1.55,We are the Kickers,Starter,Jeremy Maclin,Bal,WR|W/R/T
14,6.6,We are the Kickers,Starter,Jonathan Stewart,NYG,RB|W/R/T
14,2.15,We are the Kickers,Starter,Ahmad Bradshaw,Ind,RB|W/R/T
14,9.95,We are the Kickers,Starter,Tony Gonzalez,Atl,TE|W/R/T
14,4.25,We are the Kickers,Starter,Mike Williams,Buf,WR|W/R/T
14,1.75,We are the Kickers,Non-Starter,Robert Meachem,NO,WR|W/R/T
14,1.9,We are the Kickers,Non-Starter,BenJarvus Green-Ellis,Cin,RB|W/R/T
14,10.3,We are the Kickers,Non-Starter,Jerome Simpson,SF,WR|W/R/T
14,9.84,We are the Kickers,Non-Starter,Josh Freeman,Ind,QB
14,11.75,We are the Kickers,Non-Starter,Owen Daniels,Den,TE|W/R/T
14,0.0,We are the Kickers,Non-Starter,Phillip Tanner,SF,RB|W/R/T
14,-1.15,We are the Kickers,Non-Starter,Hines Ward,Pit,WR|W/R/T
14,10.0,We are the Kickers,Starter,Baltimore Ravens,Bal,DEF
15,4.28,We are the Kickers,Starter,Eli Manning,NYG,QB
15,7.25,We are the Kickers,Starter,Larry Fitzgerald,Ari,WR|W/R/T
15,0.0,We are the Kickers,Starter,Mike Williams,Buf,WR|W/R/T
15,5.6,We are the Kickers,Starter,Jonathan Stewart,NYG,RB|W/R/T
15,14.65,We are the Kickers,Starter,Ahmad Bradshaw,Ind,RB|W/R/T
15,1.65,We are the Kickers,Starter,Tony Gonzalez,Atl,TE|W/R/T
15,11.4,We are the Kickers,Starter,BenJarvus Green-Ellis,Cin,RB|W/R/T
15,6.45,We are the Kickers,Non-Starter,Jeremy Maclin,Bal,WR|W/R/T
15,3.1,We are the Kickers,Non-Starter,Robert Meachem,NO,WR|W/R/T
15,1.9,We are the Kickers,Non-Starter,Jerome Simpson,SF,WR|W/R/T
15,13.62,We are the Kickers,Non-Starter,Josh Freeman,Ind,QB
15,3.4,We are the Kickers,Non-Starter,Owen Daniels,Den,TE|W/R/T
15,0.0,We are the Kickers,Non-Starter,Phillip Tanner,SF,RB|W/R/T
15,0.0,We are the Kickers,Non-Starter,Hines Ward,Pit,WR|W/R/T
15,-1.0,We are the Kickers,Starter,Baltimore Ravens,Bal,DEF
1,17.1,PatShurmurSadVoice,Starter,Philip Rivers,Ind,QB
1,14.4,PatShurmurSadVoice,Starter,Anquan Boldin,Det,WR|W/R/T
1,13.95,PatShurmurSadVoice,Starter,Hakeem Nicks,NYG,WR|W/R/T
1,26.2,PatShurmurSadVoice,Starter,LeSean McCoy,TB,RB|W/R/T
1,11.95,PatShurmurSadVoice,Starter,Fred Jackson,Sea,RB|W/R/T
1,0.95,PatShurmurSadVoice,Starter,Jared Cook,LAC,TE|W/R/T
1,12.55,PatShurmurSadVoice,Starter,Ryan Mathews,Phi,RB|W/R/T
1,8.1,PatShurmurSadVoice,Non-Starter,Kellen Winslow,NYJ,TE|W/R/T
1,8.7,PatShurmurSadVoice,Non-Starter,Percy Harvin,Buf,WR|W/R/T
1,0.0,PatShurmurSadVoice,Non-Starter,Sidney Rice,Sea,WR|W/R/T
1,15.95,PatShurmurSadVoice,Non-Starter,Darren Sproles,Phi,RB|W/R/T
1,15.6,PatShurmurSadVoice,Non-Starter,Ben Tate,Min,RB|W/R/T
1,0.2,PatShurmurSadVoice,Non-Starter,Roy Helu,LV,RB|W/R/T
1,9.9,PatShurmurSadVoice,Non-Starter,Derrick Ward,Hou,RB|W/R/T
1,4.0,PatShurmurSadVoice,Starter,New Orleans Saints,NO,DEF
2,18.32,PatShurmurSadVoice,Starter,Philip Rivers,Ind,QB
2,5.35,PatShurmurSadVoice,Starter,Anquan Boldin,Det,WR|W/R/T
2,10.8,PatShurmurSadVoice,Starter,Hakeem Nicks,NYG,WR|W/R/T
2,24.6,PatShurmurSadVoice,Starter,LeSean McCoy,TB,RB|W/R/T
2,26.5,PatShurmurSadVoice,Starter,Fred Jackson,Sea,RB|W/R/T
2,5.4,PatShurmurSadVoice,Starter,Kellen Winslow,NYJ,TE|W/R/T
2,20.35,PatShurmurSadVoice,Starter,Ryan Mathews,Phi,RB|W/R/T
2,4.2,PatShurmurSadVoice,Non-Starter,Jared Cook,LAC,TE|W/R/T
2,9.15,PatShurmurSadVoice,Non-Starter,Percy Harvin,Buf,WR|W/R/T
2,0.0,PatShurmurSadVoice,Non-Starter,Sidney Rice,Sea,WR|W/R/T
2,14.0,PatShurmurSadVoice,Non-Starter,Darren Sproles,Phi,RB|W/R/T
2,14.5,PatShurmurSadVoice,Non-Starter,Ben Tate,Min,RB|W/R/T
2,11.95,PatShurmurSadVoice,Non-Starter,Roy Helu,LV,RB|W/R/T
2,0.0,PatShurmurSadVoice,Non-Starter,Derrick Ward,Hou,RB|W/R/T
2,12.0,PatShurmurSadVoice,Starter,New Orleans Saints,NO,DEF
3,6.44,PatShurmurSadVoice,Starter,Philip Rivers,Ind,QB
3,9.15,PatShurmurSadVoice,Starter,Anquan Boldin,Det,WR|W/R/T
3,3.25,PatShurmurSadVoice,Starter,Hakeem Nicks,NYG,WR|W/R/T
3,20.85,PatShurmurSadVoice,Starter,LeSean McCoy,TB,RB|W/R/T
3,23.35,PatShurmurSadVoice,Starter,Fred Jackson,Sea,RB|W/R/T
3,2.5,PatShurmurSadVoice,Starter,Kellen Winslow,NYJ,TE|W/R/T
3,27.9,PatShurmurSadVoice,Starter,Ryan Mathews,Phi,RB|W/R/T
3,1.7,PatShurmurSadVoice,Non-Starter,Jared Cook,LAC,TE|W/R/T
3,9.55,PatShurmurSadVoice,Non-Starter,Percy Harvin,Buf,WR|W/R/T
3,12.9,PatShurmurSadVoice,Non-Starter,Sidney Rice,Sea,WR|W/R/T
3,16.0,PatShurmurSadVoice,Non-Starter,Darren Sproles,Phi,RB|W/R/T
3,9.25,PatShurmurSadVoice,Non-Starter,Ben Tate,Min,RB|W/R/T
3,3.7,PatShurmurSadVoice,Non-Starter,Roy Helu,LV,RB|W/R/T
3,0.0,PatShurmurSadVoice,Non-Starter,Derrick Ward,Hou,RB|W/R/T
3,3.0,PatShurmurSadVoice,Starter,New Orleans Saints,NO,DEF
4,18.08,PatShurmurSadVoice,Starter,Philip Rivers,Ind,QB
4,24.7,PatShurmurSadVoice,Starter,Hakeem Nicks,NYG,WR|W/R/T
4,12.15,PatShurmurSadVoice,Starter,Percy Harvin,Buf,WR|W/R/T
4,12.7,PatShurmurSadVoice,Starter,LeSean McCoy,TB,RB|W/R/T
4,17.05,PatShurmurSadVoice,Starter,Fred Jackson,Sea,RB|W/R/T
4,4.55,PatShurmurSadVoice,Starter,Kellen Winslow,NYJ,TE|W/R/T
4,16.15,PatShurmurSadVoice,Starter,Ryan Mathews,Phi,RB|W/R/T
4,3.05,PatShurmurSadVoice,Non-Starter,Anquan Boldin,Det,WR|W/R/T
4,15.8,PatShurmurSadVoice,Non-Starter,Jared Cook,LAC,TE|W/R/T
4,14.65,PatShurmurSadVoice,Non-Starter,Sidney Rice,Sea,WR|W/R/T
4,14.35,PatShurmurSadVoice,Non-Starter,Darren Sproles,Phi,RB|W/R/T
4,2.0,PatShurmurSadVoice,Non-Starter,Ben Tate,Min,RB|W/R/T
4,3.5,PatShurmurSadVoice,Non-Starter,Roy Helu,LV,RB|W/R/T
4,8.35,PatShurmurSadVoice,Non-Starter,Montario Hardesty,Cle,RB|W/R/T
4,9.0,PatShurmurSadVoice,Starter,New Orleans Saints,NO,DEF
5,17.0,PatShurmurSadVoice,Starter,Philip Rivers,Ind,QB
5,13.5,PatShurmurSadVoice,Starter,Hakeem Nicks,NYG,WR|W/R/T
5,2.55,PatShurmurSadVoice,Starter,Percy Harvin,Buf,WR|W/R/T
5,17.7,PatShurmurSadVoice,Starter,LeSean McCoy,TB,RB|W/R/T
5,27.1,PatShurmurSadVoice,Starter,Fred Jackson,Sea,RB|W/R/T
5,6.65,PatShurmurSadVoice,Starter,Kellen Winslow,NYJ,TE|W/R/T
5,13.45,PatShurmurSadVoice,Starter,Ryan Mathews,Phi,RB|W/R/T
5,0.0,PatShurmurSadVoice,Non-Starter,Anquan Boldin,Det,WR|W/R/T
5,6.9,PatShurmurSadVoice,Non-Starter,Jared Cook,LAC,TE|W/R/T
5,4.8,PatShurmurSadVoice,Non-Starter,Sidney Rice,Sea,WR|W/R/T
5,10.35,PatShurmurSadVoice,Non-Starter,Darren Sproles,Phi,RB|W/R/T
5,0.0,PatShurmurSadVoice,Non-Starter,Ben Tate,Min,RB|W/R/T
5,0.0,PatShurmurSadVoice,Non-Starter,Roy Helu,LV,RB|W/R/T
5,0.0,PatShurmurSadVoice,Non-Starter,Montario Hardesty,Cle,RB|W/R/T
5,5.0,PatShurmurSadVoice,Starter,New Orleans Saints,NO,DEF
6,16.2,PatShurmurSadVoice,Starter,Colt McCoy,Ari,QB
6,10.6,PatShurmurSadVoice,Starter,Hakeem Nicks,NYG,WR|W/R/T
6,15.2,PatShurmurSadVoice,Starter,Anquan Boldin,Det,WR|W/R/T
6,20.4,PatShurmurSadVoice,Starter,LeSean McCoy,TB,RB|W/R/T
6,24.05,PatShurmurSadVoice,Starter,Fred Jackson,Sea,RB|W/R/T
6,5.25,PatShurmurSadVoice,Starter,Kellen Winslow,NYJ,TE|W/R/T
6,8.2,PatShurmurSadVoice,Starter,Darren Sproles,Phi,RB|W/R/T
6,0.0,PatShurmurSadVoice,Non-Starter,Philip Rivers,Ind,QB
6,10.05,PatShurmurSadVoice,Non-Starter,Percy Harvin,Buf,WR|W/R/T
6,0.0,PatShurmurSadVoice,Non-Starter,Ryan Mathews,Phi,RB|W/R/T
6,0.0,PatShurmurSadVoice,Non-Starter,Sidney Rice,Sea,WR|W/R/T
6,4.1,PatShurmurSadVoice,Non-Starter,Ben Tate,Min,RB|W/R/T
6,2.2,PatShurmurSadVoice,Non-Starter,Roy Helu,LV,RB|W/R/T
6,5.8,PatShurmurSadVoice,Non-Starter,Montario Hardesty,Cle,RB|W/R/T
6,0.0,PatShurmurSadVoice,Starter,New Orleans Saints,NO,DEF
7,8.22,PatShurmurSadVoice,Starter,Colt McCoy,Ari,QB
7,11.0,PatShurmurSadVoice,Starter,Anquan Boldin,Det,WR|W/R/T
7,2.8,PatShurmurSadVoice,Starter,Percy Harvin,Buf,WR|W/R/T
7,24.2,PatShurmurSadVoice,Starter,Darren Sproles,Phi,RB|W/R/T
7,7.5,PatShurmurSadVoice,Starter,Ryan Mathews,Phi,RB|W/R/T
7,9.5,PatShurmurSadVoice,Starter,Kellen Winslow,NYJ,TE|W/R/T
7,4.3,PatShurmurSadVoice,Starter,Sidney Rice,Sea,WR|W/R/T
7,7.06,PatShurmurSadVoice,Non-Starter,Philip Rivers,Ind,QB
7,0.0,PatShurmurSadVoice,Non-Starter,Hakeem Nicks,NYG,WR|W/R/T
7,0.0,PatShurmurSadVoice,Non-Starter,LeSean McCoy,TB,RB|W/R/T
7,0.0,PatShurmurSadVoice,Non-Starter,Fred Jackson,Sea,RB|W/R/T
7,10.4,PatShurmurSadVoice,Non-Starter,Ben Tate,Min,RB|W/R/T
7,1.0,PatShurmurSadVoice,Non-Starter,Roy Helu,LV,RB|W/R/T
7,12.7,PatShurmurSadVoice,Non-Starter,Montario Hardesty,Cle,RB|W/R/T
7,17.0,PatShurmurSadVoice,Starter,New Orleans Saints,NO,DEF
8,10.86,PatShurmurSadVoice,Starter,Philip Rivers,Ind,QB
8,16.25,PatShurmurSadVoice,Starter,Anquan Boldin,Det,WR|W/R/T
8,8.2,PatShurmurSadVoice,Starter,Hakeem Nicks,NYG,WR|W/R/T
8,20.15,PatShurmurSadVoice,Starter,Fred Jackson,Sea,RB|W/R/T
8,10.7,PatShurmurSadVoice,Starter,Ryan Mathews,Phi,RB|W/R/T
8,4.45,PatShurmurSadVoice,Starter,Visanthe Shiancoe,Ten,TE|W/R/T
8,32.5,PatShurmurSadVoice,Starter,LeSean McCoy,TB,RB|W/R/T
8,9.1,PatShurmurSadVoice,Non-Starter,Darren Sproles,Phi,RB|W/R/T
8,12.4,PatShurmurSadVoice,Non-Starter,Percy Harvin,Buf,WR|W/R/T
8,11.95,PatShurmurSadVoice,Non-Starter,Sidney Rice,Sea,WR|W/R/T
8,2.2,PatShurmurSadVoice,Non-Starter,Ben Tate,Min,RB|W/R/T
8,2.75,PatShurmurSadVoice,Non-Starter,Roy Helu,LV,RB|W/R/T
8,0.6,PatShurmurSadVoice,Non-Starter,Montario Hardesty,Cle,RB|W/R/T
8,14.95,PatShurmurSadVoice,Non-Starter,Antonio Brown,TB,WR|W/R/T
8,12.0,PatShurmurSadVoice,Starter,New Orleans Saints,NO,DEF
9,25.3,PatShurmurSadVoice,Starter,Philip Rivers,Ind,QB
9,7.65,PatShurmurSadVoice,Starter,Sidney Rice,Sea,WR|W/R/T
9,10.55,PatShurmurSadVoice,Starter,Anquan Boldin,Det,WR|W/R/T
9,10.75,PatShurmurSadVoice,Starter,Fred Jackson,Sea,RB|W/R/T
9,18.95,PatShurmurSadVoice,Starter,LeSean McCoy,TB,RB|W/R/T
9,3.1,PatShurmurSadVoice,Starter,Vernon Davis,Was,TE|W/R/T
9,17.15,PatShurmurSadVoice,Starter,Darren Sproles,Phi,RB|W/R/T
9,0.0,PatShurmurSadVoice,Non-Starter,Hakeem Nicks,NYG,WR|W/R/T
9,12.15,PatShurmurSadVoice,Non-Starter,Antonio Brown,TB,WR|W/R/T
9,0.0,PatShurmurSadVoice,Non-Starter,Ryan Mathews,Phi,RB|W/R/T
9,0.0,PatShurmurSadVoice,Non-Starter,Percy Harvin,Buf,WR|W/R/T
9,17.5,PatShurmurSadVoice,Non-Starter,Ben Tate,Min,RB|W/R/T
9,8.4,PatShurmurSadVoice,Non-Starter,Sam Bradford,Ari,QB
9,2.75,PatShurmurSadVoice,Non-Starter,Javon Ringer,Ten,RB|W/R/T
9,2.0,PatShurmurSadVoice,Starter,New Orleans Saints,NO,DEF
10,15.36,PatShurmurSadVoice,Starter,Philip Rivers,Ind,QB
10,2.7,PatShurmurSadVoice,Starter,Anquan Boldin,Det,WR|W/R/T
10,9.85,PatShurmurSadVoice,Starter,Antonio Brown,TB,WR|W/R/T
10,10.5,PatShurmurSadVoice,Starter,Fred Jackson,Sea,RB|W/R/T
10,16.05,PatShurmurSadVoice,Starter,LeSean McCoy,TB,RB|W/R/T
10,10.75,PatShurmurSadVoice,Starter,Vernon Davis,Was,TE|W/R/T
10,1.3,PatShurmurSadVoice,Starter,Darren Sproles,Phi,RB|W/R/T
10,10.6,PatShurmurSadVoice,Non-Starter,Hakeem Nicks,NYG,WR|W/R/T
10,1.9,PatShurmurSadVoice,Non-Starter,Sidney Rice,Sea,WR|W/R/T
10,6.45,PatShurmurSadVoice,Non-Starter,Ryan Mathews,Phi,RB|W/R/T
10,8.5,PatShurmurSadVoice,Non-Starter,Percy Harvin,Buf,WR|W/R/T
10,12.3,PatShurmurSadVoice,Non-Starter,Ben Tate,Min,RB|W/R/T
10,8.5,PatShurmurSadVoice,Non-Starter,Sam Bradford,Ari,QB
10,2.85,PatShurmurSadVoice,Non-Starter,Javon Ringer,Ten,RB|W/R/T
10,3.0,PatShurmurSadVoice,Starter,New Orleans Saints,NO,DEF
11,17.06,PatShurmurSadVoice,Starter,Carson Palmer,Ari,QB
11,7.65,PatShurmurSadVoice,Starter,Hakeem Nicks,NYG,WR|W/R/T
11,9.75,PatShurmurSadVoice,Starter,Anquan Boldin,Det,WR|W/R/T
11,7.95,PatShurmurSadVoice,Starter,Fred Jackson,Sea,RB|W/R/T
11,12.25,PatShurmurSadVoice,Starter,LeSean McCoy,TB,RB|W/R/T
11,13.95,PatShurmurSadVoice,Starter,Vernon Davis,Was,TE|W/R/T
11,3.6,PatShurmurSadVoice,Starter,Ryan Mathews,Phi,RB|W/R/T
11,15.2,PatShurmurSadVoice,Non-Starter,Philip Rivers,Ind,QB
11,12.45,PatShurmurSadVoice,Non-Starter,Sidney Rice,Sea,WR|W/R/T
11,0.0,PatShurmurSadVoice,Non-Starter,Darren Sproles,Phi,RB|W/R/T
11,0.0,PatShurmurSadVoice,Non-Starter,Antonio Brown,TB,WR|W/R/T
11,16.9,PatShurmurSadVoice,Non-Starter,Percy Harvin,Buf,WR|W/R/T
11,0.0,PatShurmurSadVoice,Non-Starter,Ben Tate,Min,RB|W/R/T
11,4.45,PatShurmurSadVoice,Non-Starter,Kendall Hunter,NO,RB|W/R/T
11,8.0,PatShurmurSadVoice,Starter,New York,NYG,DEF
12,11.62,PatShurmurSadVoice,Starter,Philip Rivers,Ind,QB
12,9.6,PatShurmurSadVoice,Starter,Antonio Brown,TB,WR|W/R/T
12,10.45,PatShurmurSadVoice,Starter,Hakeem Nicks,NYG,WR|W/R/T
12,13.1,PatShurmurSadVoice,Starter,LeSean McCoy,TB,RB|W/R/T
12,8.7,PatShurmurSadVoice,Starter,Darren Sproles,Phi,RB|W/R/T
12,4.8,PatShurmurSadVoice,Starter,Vernon Davis,Was,TE|W/R/T
12,18.6,PatShurmurSadVoice,Starter,Percy Harvin,Buf,WR|W/R/T
12,0.0,PatShurmurSadVoice,Non-Starter,Fred Jackson,Sea,RB|W/R/T
12,7.3,PatShurmurSadVoice,Non-Starter,Anquan Boldin,Det,WR|W/R/T
12,10.04,PatShurmurSadVoice,Non-Starter,Carson Palmer,Ari,QB
12,14.45,PatShurmurSadVoice,Non-Starter,Ryan Mathews,Phi,RB|W/R/T
12,0.3,PatShurmurSadVoice,Non-Starter,Sidney Rice,Sea,WR|W/R/T
12,2.6,PatShurmurSadVoice,Non-Starter,Ben Tate,Min,RB|W/R/T
12,2.95,PatShurmurSadVoice,Non-Starter,Kendall Hunter,NO,RB|W/R/T
12,13.0,PatShurmurSadVoice,Starter,Houston Texans,Hou,DEF
13,23.76,PatShurmurSadVoice,Starter,Philip Rivers,Ind,QB
13,14.1,PatShurmurSadVoice,Starter,Antonio Brown,TB,WR|W/R/T
13,22.55,PatShurmurSadVoice,Starter,Hakeem Nicks,NYG,WR|W/R/T
13,14.65,PatShurmurSadVoice,Starter,Darren Sproles,Phi,RB|W/R/T
13,26.3,PatShurmurSadVoice,Starter,LeSean McCoy,TB,RB|W/R/T
13,4.45,PatShurmurSadVoice,Starter,Vernon Davis,Was,TE|W/R/T
13,18.15,PatShurmurSadVoice,Starter,Ryan Mathews,Phi,RB|W/R/T
13,31.5,PatShurmurSadVoice,Non-Starter,Percy Harvin,Buf,WR|W/R/T
13,0.0,PatShurmurSadVoice,Non-Starter,Fred Jackson,Sea,RB|W/R/T
13,3.7,PatShurmurSadVoice,Non-Starter,Anquan Boldin,Det,WR|W/R/T
13,17.12,PatShurmurSadVoice,Non-Starter,Carson Palmer,Ari,QB
13,4.1,PatShurmurSadVoice,Non-Starter,Ben Tate,Min,RB|W/R/T
13,3.3,PatShurmurSadVoice,Non-Starter,Kendall Hunter,NO,RB|W/R/T
13,10.55,PatShurmurSadVoice,Non-Starter,Nate Burleson,Det,WR|W/R/T
13,8.0,PatShurmurSadVoice,Starter,Houston Texans,Hou,DEF
14,19.6,PatShurmurSadVoice,Starter,Philip Rivers,Ind,QB
14,18.3,PatShurmurSadVoice,Starter,Hakeem Nicks,NYG,WR|W/R/T
14,19.4,PatShurmurSadVoice,Starter,Percy Harvin,Buf,WR|W/R/T
14,10.85,PatShurmurSadVoice,Starter,Darren Sproles,Phi,RB|W/R/T
14,19.85,PatShurmurSadVoice,Starter,LeSean McCoy,TB,RB|W/R/T
14,3.45,PatShurmurSadVoice,Starter,Vernon Davis,Was,TE|W/R/T
14,16.3,PatShurmurSadVoice,Starter,Ryan Mathews,Phi,RB|W/R/T
14,22.35,PatShurmurSadVoice,Non-Starter,Antonio Brown,TB,WR|W/R/T
14,0.0,PatShurmurSadVoice,Non-Starter,Fred Jackson,Sea,RB|W/R/T
14,6.95,PatShurmurSadVoice,Non-Starter,Anquan Boldin,Det,WR|W/R/T
14,7.08,PatShurmurSadVoice,Non-Starter,Carson Palmer,Ari,QB
14,8.45,PatShurmurSadVoice,Non-Starter,Ben Tate,Min,RB|W/R/T
14,4.4,PatShurmurSadVoice,Non-Starter,Kendall Hunter,NO,RB|W/R/T
14,3.35,PatShurmurSadVoice,Non-Starter,Nate Burleson,Det,WR|W/R/T
14,6.0,PatShurmurSadVoice,Starter,Houston Texans,Hou,DEF
15,14.8,PatShurmurSadVoice,Starter,Philip Rivers,Ind,QB
15,8.55,PatShurmurSadVoice,Starter,Hakeem Nicks,NYG,WR|W/R/T
15,1.45,PatShurmurSadVoice,Starter,Percy Harvin,Buf,WR|W/R/T
15,18.45,PatShurmurSadVoice,Starter,Darren Sproles,Phi,RB|W/R/T
15,26.2,PatShurmurSadVoice,Starter,LeSean McCoy,TB,RB|W/R/T
15,14.7,PatShurmurSadVoice,Starter,Vernon Davis,Was,TE|W/R/T
15,23.4,PatShurmurSadVoice,Starter,Ryan Mathews,Phi,RB|W/R/T
15,7.15,PatShurmurSadVoice,Non-Starter,Antonio Brown,TB,WR|W/R/T
15,18.68,PatShurmurSadVoice,Non-Starter,Carson Palmer,Ari,QB
15,3.25,PatShurmurSadVoice,Non-Starter,Ben Tate,Min,RB|W/R/T
15,0.0,PatShurmurSadVoice,Non-Starter,Fred Jackson,Sea,RB|W/R/T
15,5.6,PatShurmurSadVoice,Non-Starter,Anquan Boldin,Det,WR|W/R/T
15,3.1,PatShurmurSadVoice,Non-Starter,Kendall Hunter,NO,RB|W/R/T
15,15.85,PatShurmurSadVoice,Non-Starter,Nate Burleson,Det,WR|W/R/T
15,1.0,PatShurmurSadVoice,Starter,Houston Texans,Hou,DEF
16,11.96,PatShurmurSadVoice,Starter,Philip Rivers,Ind,QB
16,2.25,PatShurmurSadVoice,Starter,Hakeem Nicks,NYG,WR|W/R/T
16,8.6,PatShurmurSadVoice,Starter,Demaryius Thomas,NE,WR|W/R/T
16,4.75,PatShurmurSadVoice,Starter,LeSean McCoy,TB,RB|W/R/T
16,8.15,PatShurmurSadVoice,Starter,Ryan Mathews,Phi,RB|W/R/T
16,6.4,PatShurmurSadVoice,Starter,Vernon Davis,Was,TE|W/R/T
16,15.4,PatShurmurSadVoice,Starter,Darren Sproles,Phi,RB|W/R/T
16,17.65,PatShurmurSadVoice,Non-Starter,Percy Harvin,Buf,WR|W/R/T
16,4.95,PatShurmurSadVoice,Non-Starter,Antonio Brown,TB,WR|W/R/T
16,9.48,PatShurmurSadVoice,Non-Starter,Carson Palmer,Ari,QB
16,-0.1,PatShurmurSadVoice,Non-Starter,Ben Tate,Min,RB|W/R/T
16,0.0,PatShurmurSadVoice,Non-Starter,Fred Jackson,Sea,RB|W/R/T
16,0.0,PatShurmurSadVoice,Non-Starter,Anquan Boldin,Det,WR|W/R/T
16,8.65,PatShurmurSadVoice,Non-Starter,Kendall Hunter,NO,RB|W/R/T
16,6.0,PatShurmurSadVoice,Starter,Houston Texans,Hou,DEF
1,18.58,Football Yankees,Starter,Tony Romo,Dal,QB
1,3.6,Football Yankees,Starter,Vincent Jackson,TB,WR|W/R/T
1,17.7,Football Yankees,Starter,DeSean Jackson,Bal,WR|W/R/T
1,11.6,Football Yankees,Starter,Steven Jackson,NE,RB|W/R/T
1,15.85,Football Yankees,Starter,Darren McFadden,Dal,RB|W/R/T
1,3.3,Football Yankees,Starter,Marcedes Lewis,Chi,TE|W/R/T
1,2.9,Football Yankees,Starter,Brandon Jacobs,NYG,RB|W/R/T
1,0.0,Football Yankees,Non-Starter,Lee Evans,Bal,WR|W/R/T
1,4.75,Football Yankees,Non-Starter,Willis McGahee,Cle,RB|W/R/T
1,6.5,Football Yankees,Non-Starter,Roy Williams,Chi,WR|W/R/T
1,6.61,Football Yankees,Non-Starter,Matt Cassel,Det,QB
1,0.0,Football Yankees,Non-Starter,Javon Ringer,Ten,RB|W/R/T
1,29.55,Football Yankees,Non-Starter,Mike Tolbert,Buf,RB|W/R/T
1,1.9,Football Yankees,Non-Starter,Antonio Brown,TB,WR|W/R/T
1,8.0,Football Yankees,Starter,Dallas Cowboys,Dal,DEF
2,21.8,Football Yankees,Starter,Tony Romo,Dal,QB
2,31.7,Football Yankees,Starter,Vincent Jackson,TB,WR|W/R/T
2,2.6,Football Yankees,Starter,DeSean Jackson,Bal,WR|W/R/T
2,26.05,Football Yankees,Starter,Darren McFadden,Dal,RB|W/R/T
2,8.3,Football Yankees,Starter,Mike Tolbert,Buf,RB|W/R/T
2,13.95,Football Yankees,Starter,Aaron Hernandez,NE,TE|W/R/T
2,16.85,Football Yankees,Starter,Willis McGahee,Cle,RB|W/R/T
2,12.95,Football Yankees,Non-Starter,Brandon Jacobs,NYG,RB|W/R/T
2,0.0,Football Yankees,Non-Starter,Marcedes Lewis,Chi,TE|W/R/T
2,0.0,Football Yankees,Non-Starter,Steven Jackson,NE,RB|W/R/T
2,5.0,Football Yankees,Non-Starter,Lee Evans,Bal,WR|W/R/T
2,6.2,Football Yankees,Non-Starter,Brandon Gibson,Mia,WR|W/R/T
2,11.4,Football Yankees,Non-Starter,Chad Henne,KC,QB
2,6.4,Football Yankees,Non-Starter,Malcom Floyd,LAC,WR|W/R/T
2,12.0,Football Yankees,Starter,Houston Texans,Hou,DEF
3,10.6,Football Yankees,Starter,Rex Grossman,Was,QB
3,7.65,Football Yankees,Starter,Vincent Jackson,TB,WR|W/R/T
3,3.8,Football Yankees,Starter,DeSean Jackson,Bal,WR|W/R/T
3,30.55,Football Yankees,Starter,Darren McFadden,Dal,RB|W/R/T
3,5.05,Football Yankees,Starter,Mike Tolbert,Buf,RB|W/R/T
3,2.0,Football Yankees,Starter,Marcedes Lewis,Chi,TE|W/R/T
3,12.15,Football Yankees,Starter,Willis McGahee,Cle,RB|W/R/T
3,8.1,Football Yankees,Non-Starter,Tony Romo,Dal,QB
3,0.0,Football Yankees,Non-Starter,Aaron Hernandez,NE,TE|W/R/T
3,14.6,Football Yankees,Non-Starter,Brandon Jacobs,NYG,RB|W/R/T
3,2.3,Football Yankees,Non-Starter,Steven Jackson,NE,RB|W/R/T
3,12.75,Football Yankees,Non-Starter,Brandon Gibson,Mia,WR|W/R/T
3,3.3,Football Yankees,Non-Starter,Malcom Floyd,LAC,WR|W/R/T
3,17.2,Football Yankees,Non-Starter,Nate Washington,Hou,WR|W/R/T
3,6.0,Football Yankees,Starter,Tennessee Titans,Ten,DEF
4,5.92,Football Yankees,Starter,Rex Grossman,Was,QB
4,18.6,Football Yankees,Starter,DeSean Jackson,Bal,WR|W/R/T
4,6.7,Football Yankees,Starter,Nate Washington,Hou,WR|W/R/T
4,13.3,Football Yankees,Starter,Darren McFadden,Dal,RB|W/R/T
4,13.4,Football Yankees,Starter,Steven Jackson,NE,RB|W/R/T
4,12.3,Football Yankees,Starter,Benjamin Watson,NE,TE|W/R/T
4,17.55,Football Yankees,Starter,Vincent Jackson,TB,WR|W/R/T
4,19.24,Football Yankees,Non-Starter,Tony Romo,Dal,QB
4,14.05,Football Yankees,Non-Starter,Mike Tolbert,Buf,RB|W/R/T
4,11.8,Football Yankees,Non-Starter,Willis McGahee,Cle,RB|W/R/T
4,0.0,Football Yankees,Non-Starter,Aaron Hernandez,NE,TE|W/R/T
4,8.05,Football Yankees,Non-Starter,Brandon Jacobs,NYG,RB|W/R/T
4,1.65,Football Yankees,Non-Starter,Brandon Gibson,Mia,WR|W/R/T
4,3.1,Football Yankees,Non-Starter,Malcom Floyd,LAC,WR|W/R/T
4,16.0,Football Yankees,Starter,Tennessee Titans,Ten,DEF
5,12.78,Football Yankees,Starter,Matt Hasselbeck,Ind,QB
5,15.45,Football Yankees,Starter,DeSean Jackson,Bal,WR|W/R/T
5,4.15,Football Yankees,Starter,Vincent Jackson,TB,WR|W/R/T
5,7.3,Football Yankees,Starter,Darren McFadden,Dal,RB|W/R/T
5,14.5,Football Yankees,Starter,Willis McGahee,Cle,RB|W/R/T
5,6.85,Football Yankees,Starter,Aaron Hernandez,NE,TE|W/R/T
5,5.65,Football Yankees,Starter,Mike Tolbert,Buf,RB|W/R/T
5,0.0,Football Yankees,Non-Starter,Benjamin Watson,NE,TE|W/R/T
5,8.15,Football Yankees,Non-Starter,Nate Washington,Hou,WR|W/R/T
5,0.0,Football Yankees,Non-Starter,Steven Jackson,NE,RB|W/R/T
5,0.0,Football Yankees,Non-Starter,Tony Romo,Dal,QB
5,0.0,Football Yankees,Non-Starter,Brandon Jacobs,NYG,RB|W/R/T
5,16.75,Football Yankees,Non-Starter,Malcom Floyd,LAC,WR|W/R/T
5,1.15,Football Yankees,Non-Starter,Jacoby Jones,LAC,WR|W/R/T
5,1.0,Football Yankees,Starter,Tennessee Titans,Ten,DEF
6,16.38,Football Yankees,Starter,Tony Romo,Dal,QB
6,5.35,Football Yankees,Starter,DeSean Jackson,Bal,WR|W/R/T
6,9.7,Football Yankees,Starter,Darrius Heyward-Bey,Pit,WR|W/R/T
6,15.55,Football Yankees,Starter,Darren McFadden,Dal,RB|W/R/T
6,13.5,Football Yankees,Starter,Steven Jackson,NE,RB|W/R/T
6,12.8,Football Yankees,Starter,Aaron Hernandez,NE,TE|W/R/T
6,4.5,Football Yankees,Starter,Delone Carter,Jax,RB|W/R/T
6,0.0,Football Yankees,Non-Starter,Brandon Jacobs,NYG,RB|W/R/T
6,0.0,Football Yankees,Non-Starter,Mike Tolbert,Buf,RB|W/R/T
6,0.0,Football Yankees,Non-Starter,Matt Hasselbeck,Ind,QB
6,0.0,Football Yankees,Non-Starter,Vincent Jackson,TB,WR|W/R/T
6,0.0,Football Yankees,Non-Starter,Willis McGahee,Cle,RB|W/R/T
6,0.0,Football Yankees,Non-Starter,Nate Washington,Hou,WR|W/R/T
6,5.6,Football Yankees,Non-Starter,Dustin Keller,NYJ,TE|W/R/T
6,-1.0,Football Yankees,Starter,Minnesota Vikings,Min,DEF
7,14.64,Football Yankees,Starter,Tony Romo,Dal,QB
7,1.75,Football Yankees,Starter,Vincent Jackson,TB,WR|W/R/T
7,1.25,Football Yankees,Starter,Nate Washington,Hou,WR|W/R/T
7,0.95,Football Yankees,Starter,Darren McFadden,Dal,RB|W/R/T
7,14.3,Football Yankees,Starter,Steven Jackson,NE,RB|W/R/T
7,4.3,Football Yankees,Starter,Dustin Keller,NYJ,TE|W/R/T
7,5.6,Football Yankees,Starter,Willis McGahee,Cle,RB|W/R/T
7,10.15,Football Yankees,Non-Starter,Darrius Heyward-Bey,Pit,WR|W/R/T
7,0.0,Football Yankees,Non-Starter,DeSean Jackson,Bal,WR|W/R/T
7,0.0,Football Yankees,Non-Starter,Aaron Hernandez,NE,TE|W/R/T
7,12.9,Football Yankees,Non-Starter,Delone Carter,Jax,RB|W/R/T
7,0.0,Football Yankees,Non-Starter,Brandon Jacobs,NYG,RB|W/R/T
7,11.8,Football Yankees,Non-Starter,Mike Tolbert,Buf,RB|W/R/T
7,4.16,Football Yankees,Non-Starter,Matt Hasselbeck,Ind,QB
7,-4.0,Football Yankees,Starter,Tennessee Titans,Ten,DEF
8,11.02,Football Yankees,Starter,Tony Romo,Dal,QB
8,5.65,Football Yankees,Starter,Vincent Jackson,TB,WR|W/R/T
8,3.85,Football Yankees,Starter,DeSean Jackson,Bal,WR|W/R/T
8,32.1,Football Yankees,Starter,Steven Jackson,NE,RB|W/R/T
8,5.2,Football Yankees,Starter,Delone Carter,Jax,RB|W/R/T
8,7.6,Football Yankees,Starter,Aaron Hernandez,NE,TE|W/R/T
8,16.7,Football Yankees,Starter,Nate Washington,Hou,WR|W/R/T
8,0.0,Football Yankees,Non-Starter,Mike Tolbert,Buf,RB|W/R/T
8,1.25,Football Yankees,Non-Starter,Brandon Jacobs,NYG,RB|W/R/T
8,0.0,Football Yankees,Non-Starter,Darren McFadden,Dal,RB|W/R/T
8,0.0,Football Yankees,Non-Starter,Willis McGahee,Cle,RB|W/R/T
8,0.0,Football Yankees,Non-Starter,Darrius Heyward-Bey,Pit,WR|W/R/T
8,12.86,Football Yankees,Non-Starter,Matt Hasselbeck,Ind,QB
8,4.95,Football Yankees,Non-Starter,Steve Breaston,KC,WR|W/R/T
8,18.0,Football Yankees,Starter,Tennessee Titans,Ten,DEF
9,20.46,Football Yankees,Starter,Tony Romo,Dal,QB
9,33.85,Football Yankees,Starter,Vincent Jackson,TB,WR|W/R/T
9,1.1,Football Yankees,Starter,DeSean Jackson,Bal,WR|W/R/T
9,14.45,Football Yankees,Starter,Steven Jackson,NE,RB|W/R/T
9,28.3,Football Yankees,Starter,Willis McGahee,Cle,RB|W/R/T
9,10.5,Football Yankees,Starter,Aaron Hernandez,NE,TE|W/R/T
9,21.2,Football Yankees,Starter,Mike Tolbert,Buf,RB|W/R/T
9,0.0,Football Yankees,Non-Starter,Darrius Heyward-Bey,Pit,WR|W/R/T
9,0.0,Football Yankees,Non-Starter,Darren McFadden,Dal,RB|W/R/T
9,-1.2,Football Yankees,Non-Starter,Delone Carter,Jax,RB|W/R/T
9,3.55,Football Yankees,Non-Starter,Nate Washington,Hou,WR|W/R/T
9,17.0,Football Yankees,Non-Starter,Brandon Jacobs,NYG,RB|W/R/T
9,19.18,Football Yankees,Non-Starter,Matt Hasselbeck,Ind,QB
9,13.25,Football Yankees,Non-Starter,Steve Breaston,KC,WR|W/R/T
9,13.0,Football Yankees,Starter,Dallas Cowboys,Dal,DEF
10,22.8,Football Yankees,Starter,Tony Romo,Dal,QB
10,2.45,Football Yankees,Starter,Vincent Jackson,TB,WR|W/R/T
10,4.3,Football Yankees,Starter,Steve Breaston,KC,WR|W/R/T
10,13.85,Football Yankees,Starter,Steven Jackson,NE,RB|W/R/T
10,1.7,Football Yankees,Starter,Willis McGahee,Cle,RB|W/R/T
10,5.1,Football Yankees,Starter,Aaron Hernandez,NE,TE|W/R/T
10,8.55,Football Yankees,Starter,Mike Tolbert,Buf,RB|W/R/T
10,0.0,Football Yankees,Non-Starter,DeSean Jackson,Bal,WR|W/R/T
10,7.7,Football Yankees,Non-Starter,Brandon Jacobs,NYG,RB|W/R/T
10,0.0,Football Yankees,Non-Starter,Darrius Heyward-Bey,Pit,WR|W/R/T
10,0.0,Football Yankees,Non-Starter,Darren McFadden,Dal,RB|W/R/T
10,1.4,Football Yankees,Non-Starter,Delone Carter,Jax,RB|W/R/T
10,4.95,Football Yankees,Non-Starter,Nate Washington,Hou,WR|W/R/T
10,12.86,Football Yankees,Non-Starter,Matt Hasselbeck,Ind,QB
10,19.0,Football Yankees,Starter,Dallas Cowboys,Dal,DEF
11,23.48,Football Yankees,Starter,Tony Romo,Dal,QB
11,24.25,Football Yankees,Starter,Vincent Jackson,TB,WR|W/R/T
11,10.3,Football Yankees,Starter,DeSean Jackson,Bal,WR|W/R/T
11,6.85,Football Yankees,Starter,Steven Jackson,NE,RB|W/R/T
11,3.95,Football Yankees,Starter,Brandon Jacobs,NYG,RB|W/R/T
11,5.4,Football Yankees,Starter,Aaron Hernandez,NE,TE|W/R/T
11,5.05,Football Yankees,Starter,Mike Tolbert,Buf,RB|W/R/T
11,0.0,Football Yankees,Non-Starter,Darren McFadden,Dal,RB|W/R/T
11,8.8,Football Yankees,Non-Starter,Steve Breaston,KC,WR|W/R/T
11,-0.2,Football Yankees,Non-Starter,Willis McGahee,Cle,RB|W/R/T
11,5.3,Football Yankees,Non-Starter,Darrius Heyward-Bey,Pit,WR|W/R/T
11,0.0,Football Yankees,Non-Starter,Delone Carter,Jax,RB|W/R/T
11,25.75,Football Yankees,Non-Starter,Nate Washington,Hou,WR|W/R/T
11,4.66,Football Yankees,Non-Starter,Matt Hasselbeck,Ind,QB
11,7.0,Football Yankees,Starter,Dallas Cowboys,Dal,DEF
12,12.84,Football Yankees,Starter,Tony Romo,Dal,QB
12,3.0,Football Yankees,Starter,Vincent Jackson,TB,WR|W/R/T
12,8.3,Football Yankees,Starter,DeSean Jackson,Bal,WR|W/R/T
12,8.55,Football Yankees,Starter,Steven Jackson,NE,RB|W/R/T
12,10.6,Football Yankees,Starter,Brandon Jacobs,NYG,RB|W/R/T
12,7.7,Football Yankees,Starter,Aaron Hernandez,NE,TE|W/R/T
12,11.7,Football Yankees,Starter,Willis McGahee,Cle,RB|W/R/T
12,7.05,Football Yankees,Non-Starter,Mike Tolbert,Buf,RB|W/R/T
12,0.0,Football Yankees,Non-Starter,Darren McFadden,Dal,RB|W/R/T
12,5.4,Football Yankees,Non-Starter,Steve Breaston,KC,WR|W/R/T
12,5.2,Football Yankees,Non-Starter,Darrius Heyward-Bey,Pit,WR|W/R/T
12,0.0,Football Yankees,Non-Starter,Delone Carter,Jax,RB|W/R/T
12,1.45,Football Yankees,Non-Starter,Nate Washington,Hou,WR|W/R/T
12,6.2,Football Yankees,Non-Starter,Matt Hasselbeck,Ind,QB
12,7.0,Football Yankees,Starter,Dallas Cowboys,Dal,DEF
13,16.06,Football Yankees,Starter,Tony Romo,Dal,QB
13,14.2,Football Yankees,Starter,Vincent Jackson,TB,WR|W/R/T
13,4.9,Football Yankees,Starter,DeSean Jackson,Bal,WR|W/R/T
13,3.25,Football Yankees,Starter,Steven Jackson,NE,RB|W/R/T
13,11.9,Football Yankees,Starter,Brandon Jacobs,NYG,RB|W/R/T
13,6.05,Football Yankees,Starter,Aaron Hernandez,NE,TE|W/R/T
13,15.1,Football Yankees,Starter,Willis McGahee,Cle,RB|W/R/T
13,8.4,Football Yankees,Non-Starter,Mike Tolbert,Buf,RB|W/R/T
13,0.0,Football Yankees,Non-Starter,Darren McFadden,Dal,RB|W/R/T
13,5.35,Football Yankees,Non-Starter,Steve Breaston,KC,WR|W/R/T
13,0.0,Football Yankees,Non-Starter,Delone Carter,Jax,RB|W/R/T
13,5.0,Football Yankees,Non-Starter,Nate Washington,Hou,WR|W/R/T
13,5.5,Football Yankees,Non-Starter,Matt Hasselbeck,Ind,QB
13,7.6,Football Yankees,Non-Starter,Titus Young,Det,WR|W/R/T
13,6.0,Football Yankees,Starter,Dallas Cowboys,Dal,DEF
14,28.84,Football Yankees,Starter,Tony Romo,Dal,QB
14,6.75,Football Yankees,Starter,Vincent Jackson,TB,WR|W/R/T
14,6.7,Football Yankees,Starter,Damian Williams,LAR,WR|W/R/T
14,19.05,Football Yankees,Starter,Steven Jackson,NE,RB|W/R/T
14,8.1,Football Yankees,Starter,Mike Tolbert,Buf,RB|W/R/T
14,9.65,Football Yankees,Starter,Aaron Hernandez,NE,TE|W/R/T
14,3.85,Football Yankees,Starter,Willis McGahee,Cle,RB|W/R/T
14,22.1,Football Yankees,Non-Starter,Brandon Jacobs,NYG,RB|W/R/T
14,12.9,Football Yankees,Non-Starter,DeSean Jackson,Bal,WR|W/R/T
14,0.0,Football Yankees,Non-Starter,Darren McFadden,Dal,RB|W/R/T
14,5.4,Football Yankees,Non-Starter,Steve Breaston,KC,WR|W/R/T
14,1.76,Football Yankees,Non-Starter,Matt Hasselbeck,Ind,QB
14,15.7,Football Yankees,Non-Starter,Titus Young,Det,WR|W/R/T
14,17.0,Football Yankees,Starter,Seattle Seahawks,Sea,DEF
14,-2.0,Football Yankees,Non-Starter,Dallas Cowboys,Dal,DEF
15,25.86,Football Yankees,Starter,Tony Romo,Dal,QB
15,10.05,Football Yankees,Starter,Vincent Jackson,TB,WR|W/R/T
15,13.95,Football Yankees,Starter,Nate Washington,Hou,WR|W/R/T
15,16.55,Football Yankees,Starter,Steven Jackson,NE,RB|W/R/T
15,3.3,Football Yankees,Starter,Brandon Jacobs,NYG,RB|W/R/T
15,22.75,Football Yankees,Starter,Aaron Hernandez,NE,TE|W/R/T
15,7.0,Football Yankees,Starter,Willis McGahee,Cle,RB|W/R/T
15,3.3,Football Yankees,Non-Starter,DeSean Jackson,Bal,WR|W/R/T
15,12.3,Football Yankees,Non-Starter,Mike Tolbert,Buf,RB|W/R/T
15,0.0,Football Yankees,Non-Starter,Darren McFadden,Dal,RB|W/R/T
15,8.5,Football Yankees,Non-Starter,Steve Breaston,KC,WR|W/R/T
15,9.75,Football Yankees,Non-Starter,Titus Young,Det,WR|W/R/T
15,7.0,Football Yankees,Starter,Cincinnati Bengals,Cin,DEF
15,30.0,Football Yankees,Non-Starter,Seattle Seahawks,Sea,DEF
15,9.0,Football Yankees,Non-Starter,Dallas Cowboys,Dal,DEF
16,0.0,Football Yankees,Starter,Tony Romo,Dal,QB
16,8.1,Football Yankees,Starter,Nate Washington,Hou,WR|W/R/T
16,4.6,Football Yankees,Starter,Vincent Jackson,TB,WR|W/R/T
16,13.2,Football Yankees,Starter,Steven Jackson,NE,RB|W/R/T
16,6.4,Football Yankees,Starter,Willis McGahee,Cle,RB|W/R/T
16,4.7,Football Yankees,Starter,Aaron Hernandez,NE,TE|W/R/T
16,16.9,Football Yankees,Starter,Kahlil Bell,GB,RB|W/R/T
16,12.95,Football Yankees,Non-Starter,DeSean Jackson,Bal,WR|W/R/T
16,5.75,Football Yankees,Non-Starter,Brandon Jacobs,NYG,RB|W/R/T
16,5.4,Football Yankees,Non-Starter,Mike Tolbert,Buf,RB|W/R/T
16,0.0,Football Yankees,Non-Starter,Darren McFadden,Dal,RB|W/R/T
16,5.1,Football Yankees,Non-Starter,Steve Breaston,KC,WR|W/R/T
16,4.9,Football Yankees,Non-Starter,Titus Young,Det,WR|W/R/T
16,8.0,Football Yankees,Non-Starter,Darrius Heyward-Bey,Pit,WR|W/R/T
16,5.0,Football Yankees,Starter,Seattle Seahawks,Sea,DEF
1,23.18,BOOyahkuhshah Weekly,Starter,Michael Vick,Pit,QB
1,18.35,BOOyahkuhshah Weekly,Starter,Reggie Wayne,Ind,WR|W/R/T
1,15.65,BOOyahkuhshah Weekly,Starter,Brandon Marshall,Sea,WR|W/R/T
1,23.05,BOOyahkuhshah Weekly,Starter,Matt Forte,NYJ,RB|W/R/T
1,10.2,BOOyahkuhshah Weekly,Starter,Peyton Hillis,NYG,RB|W/R/T
1,12.5,BOOyahkuhshah Weekly,Starter,Jason Witten,LV,TE|W/R/T
1,3.55,BOOyahkuhshah Weekly,Starter,Shonn Greene,Ten,RB|W/R/T
1,17.65,BOOyahkuhshah Weekly,Non-Starter,Reggie Bush,Buf,RB|W/R/T
1,10.35,BOOyahkuhshah Weekly,Non-Starter,A.J. Green,Ari,WR|W/R/T
1,0.65,BOOyahkuhshah Weekly,Non-Starter,Michael Crabtree,Ari,WR|W/R/T
1,22.2,BOOyahkuhshah Weekly,Non-Starter,Matthew Stafford,LAR,QB
1,0.0,BOOyahkuhshah Weekly,Non-Starter,Denarius Moore,Buf,WR|W/R/T
1,0.0,BOOyahkuhshah Weekly,Non-Starter,Marion Barber,Chi,RB|W/R/T
1,10.4,BOOyahkuhshah Weekly,Non-Starter,LaDainian Tomlinson,NYJ,RB|W/R/T
1,4.0,BOOyahkuhshah Weekly,Starter,Cleveland Browns,Cle,DEF
2,14.18,BOOyahkuhshah Weekly,Starter,Michael Vick,Pit,QB
2,7.6,BOOyahkuhshah Weekly,Starter,Reggie Wayne,Ind,WR|W/R/T
2,15.4,BOOyahkuhshah Weekly,Starter,Brandon Marshall,Sea,WR|W/R/T
2,19.1,BOOyahkuhshah Weekly,Starter,Matt Forte,NYJ,RB|W/R/T
2,22.7,BOOyahkuhshah Weekly,Starter,Peyton Hillis,NYG,RB|W/R/T
2,11.95,BOOyahkuhshah Weekly,Starter,Jason Witten,LV,TE|W/R/T
2,2.35,BOOyahkuhshah Weekly,Starter,Reggie Bush,Buf,RB|W/R/T
2,12.0,BOOyahkuhshah Weekly,Non-Starter,Shonn Greene,Ten,RB|W/R/T
2,20.9,BOOyahkuhshah Weekly,Non-Starter,A.J. Green,Ari,WR|W/R/T
2,0.0,BOOyahkuhshah Weekly,Non-Starter,Michael Crabtree,Ari,WR|W/R/T
2,25.86,BOOyahkuhshah Weekly,Non-Starter,Matthew Stafford,LAR,QB
2,24.35,BOOyahkuhshah Weekly,Non-Starter,Denarius Moore,Buf,WR|W/R/T
2,0.0,BOOyahkuhshah Weekly,Non-Starter,Marion Barber,Chi,RB|W/R/T
2,1.75,BOOyahkuhshah Weekly,Non-Starter,LaDainian Tomlinson,NYJ,RB|W/R/T
2,2.0,BOOyahkuhshah Weekly,Starter,Denver Broncos,Den,DEF
3,8.14,BOOyahkuhshah Weekly,Starter,Michael Vick,Pit,QB
3,5.3,BOOyahkuhshah Weekly,Starter,Brandon Marshall,Sea,WR|W/R/T
3,3.9,BOOyahkuhshah Weekly,Starter,A.J. Green,Ari,WR|W/R/T
3,9.95,BOOyahkuhshah Weekly,Starter,Matt Forte,NYJ,RB|W/R/T
3,0.0,BOOyahkuhshah Weekly,Starter,Peyton Hillis,NYG,RB|W/R/T
3,7.5,BOOyahkuhshah Weekly,Starter,Jason Witten,LV,TE|W/R/T
3,12.35,BOOyahkuhshah Weekly,Starter,Shonn Greene,Ten,RB|W/R/T
3,3.15,BOOyahkuhshah Weekly,Non-Starter,Reggie Wayne,Ind,WR|W/R/T
3,0.75,BOOyahkuhshah Weekly,Non-Starter,Reggie Bush,Buf,RB|W/R/T
3,23.02,BOOyahkuhshah Weekly,Non-Starter,Matthew Stafford,LAR,QB
3,12.7,BOOyahkuhshah Weekly,Non-Starter,Denarius Moore,Buf,WR|W/R/T
3,0.0,BOOyahkuhshah Weekly,Non-Starter,Marion Barber,Chi,RB|W/R/T
3,22.65,BOOyahkuhshah Weekly,Non-Starter,LaDainian Tomlinson,NYJ,RB|W/R/T
3,9.95,BOOyahkuhshah Weekly,Non-Starter,Dustin Keller,NYJ,TE|W/R/T
3,10.0,BOOyahkuhshah Weekly,Starter,Arizona Cardinals,Ari,DEF
4,15.5,BOOyahkuhshah Weekly,Starter,Matthew Stafford,LAR,QB
4,6.45,BOOyahkuhshah Weekly,Starter,Brandon Marshall,Sea,WR|W/R/T
4,13.4,BOOyahkuhshah Weekly,Starter,A.J. Green,Ari,WR|W/R/T
4,29.8,BOOyahkuhshah Weekly,Starter,Matt Forte,NYJ,RB|W/R/T
4,8.15,BOOyahkuhshah Weekly,Starter,Peyton Hillis,NYG,RB|W/R/T
4,17.4,BOOyahkuhshah Weekly,Starter,Jason Witten,LV,TE|W/R/T
4,6.9,BOOyahkuhshah Weekly,Starter,Reggie Wayne,Ind,WR|W/R/T
4,30.14,BOOyahkuhshah Weekly,Non-Starter,Michael Vick,Pit,QB
4,2.3,BOOyahkuhshah Weekly,Non-Starter,Shonn Greene,Ten,RB|W/R/T
4,7.0,BOOyahkuhshah Weekly,Non-Starter,Reggie Bush,Buf,RB|W/R/T
4,8.65,BOOyahkuhshah Weekly,Non-Starter,Denarius Moore,Buf,WR|W/R/T
4,7.7,BOOyahkuhshah Weekly,Non-Starter,Marion Barber,Chi,RB|W/R/T
4,0.35,BOOyahkuhshah Weekly,Non-Starter,LaDainian Tomlinson,NYJ,RB|W/R/T
4,1.7,BOOyahkuhshah Weekly,Non-Starter,Dustin Keller,NYJ,TE|W/R/T
4,7.0,BOOyahkuhshah Weekly,Starter,Tampa Bay Buccaneers,TB,DEF
5,21.6,BOOyahkuhshah Weekly,Starter,Michael Vick,Pit,QB
5,16.25,BOOyahkuhshah Weekly,Starter,A.J. Green,Ari,WR|W/R/T
5,8.7,BOOyahkuhshah Weekly,Starter,Reggie Wayne,Ind,WR|W/R/T
5,16.1,BOOyahkuhshah Weekly,Starter,Matt Forte,NYJ,RB|W/R/T
5,15.7,BOOyahkuhshah Weekly,Starter,Shonn Greene,Ten,RB|W/R/T
5,0.95,BOOyahkuhshah Weekly,Starter,Dustin Keller,NYJ,TE|W/R/T
5,0.0,BOOyahkuhshah Weekly,Starter,Denarius Moore,Buf,WR|W/R/T
5,14.86,BOOyahkuhshah Weekly,Non-Starter,Matthew Stafford,LAR,QB
5,0.0,BOOyahkuhshah Weekly,Non-Starter,Brandon Marshall,Sea,WR|W/R/T
5,0.0,BOOyahkuhshah Weekly,Non-Starter,Peyton Hillis,NYG,RB|W/R/T
5,0.0,BOOyahkuhshah Weekly,Non-Starter,Jason Witten,LV,TE|W/R/T
5,0.0,BOOyahkuhshah Weekly,Non-Starter,Reggie Bush,Buf,RB|W/R/T
5,1.25,BOOyahkuhshah Weekly,Non-Starter,Marion Barber,Chi,RB|W/R/T
5,1.75,BOOyahkuhshah Weekly,Non-Starter,LaDainian Tomlinson,NYJ,RB|W/R/T
5,11.0,BOOyahkuhshah Weekly,Starter,New York,NYG,DEF
6,16.88,BOOyahkuhshah Weekly,Starter,Michael Vick,Pit,QB
6,12.35,BOOyahkuhshah Weekly,Starter,A.J. Green,Ari,WR|W/R/T
6,12.4,BOOyahkuhshah Weekly,Starter,Brandon Marshall,Sea,WR|W/R/T
6,13.8,BOOyahkuhshah Weekly,Starter,Matt Forte,NYJ,RB|W/R/T
6,1.4,BOOyahkuhshah Weekly,Starter,Peyton Hillis,NYG,RB|W/R/T
6,11.8,BOOyahkuhshah Weekly,Starter,Jason Witten,LV,TE|W/R/T
6,7.95,BOOyahkuhshah Weekly,Starter,Shonn Greene,Ten,RB|W/R/T
6,7.05,BOOyahkuhshah Weekly,Non-Starter,Reggie Wayne,Ind,WR|W/R/T
6,0.85,BOOyahkuhshah Weekly,Non-Starter,Denarius Moore,Buf,WR|W/R/T
6,20.62,BOOyahkuhshah Weekly,Non-Starter,Matthew Stafford,LAR,QB
6,8.3,BOOyahkuhshah Weekly,Non-Starter,Reggie Bush,Buf,RB|W/R/T
6,9.75,BOOyahkuhshah Weekly,Non-Starter,Marion Barber,Chi,RB|W/R/T
6,5.35,BOOyahkuhshah Weekly,Non-Starter,LaDainian Tomlinson,NYJ,RB|W/R/T
6,16.0,BOOyahkuhshah Weekly,Starter,Cincinnati Bengals,Cin,DEF
6,7.0,BOOyahkuhshah Weekly,Non-Starter,New York,NYG,DEF
7,11.32,BOOyahkuhshah Weekly,Starter,Matthew Stafford,LAR,QB
7,7.6,BOOyahkuhshah Weekly,Starter,Brandon Marshall,Sea,WR|W/R/T
7,4.35,BOOyahkuhshah Weekly,Starter,Reggie Wayne,Ind,WR|W/R/T
7,24.8,BOOyahkuhshah Weekly,Starter,Matt Forte,NYJ,RB|W/R/T
7,6.8,BOOyahkuhshah Weekly,Starter,Maurice Morris,Det,RB|W/R/T
7,10.75,BOOyahkuhshah Weekly,Starter,Jason Witten,LV,TE|W/R/T
7,11.95,BOOyahkuhshah Weekly,Starter,Shonn Greene,Ten,RB|W/R/T
7,0.0,BOOyahkuhshah Weekly,Non-Starter,Peyton Hillis,NYG,RB|W/R/T
7,0.0,BOOyahkuhshah Weekly,Non-Starter,Michael Vick,Pit,QB
7,0.0,BOOyahkuhshah Weekly,Non-Starter,A.J. Green,Ari,WR|W/R/T
7,5.1,BOOyahkuhshah Weekly,Non-Starter,Reggie Bush,Buf,RB|W/R/T
7,9.9,BOOyahkuhshah Weekly,Non-Starter,Marion Barber,Chi,RB|W/R/T
7,5.85,BOOyahkuhshah Weekly,Non-Starter,LaDainian Tomlinson,NYJ,RB|W/R/T
7,0.0,BOOyahkuhshah Weekly,Non-Starter,Ronnie Brown,Hou,RB|W/R/T
7,9.0,BOOyahkuhshah Weekly,Starter,Dallas Cowboys,Dal,DEF
8,24.16,BOOyahkuhshah Weekly,Starter,Michael Vick,Pit,QB
8,6.5,BOOyahkuhshah Weekly,Starter,Brandon Marshall,Sea,WR|W/R/T
8,7.35,BOOyahkuhshah Weekly,Starter,Reggie Wayne,Ind,WR|W/R/T
8,12.75,BOOyahkuhshah Weekly,Starter,Maurice Morris,Det,RB|W/R/T
8,8.35,BOOyahkuhshah Weekly,Starter,Bernard Scott,Bal,RB|W/R/T
8,3.8,BOOyahkuhshah Weekly,Starter,Jason Witten,LV,TE|W/R/T
8,13.3,BOOyahkuhshah Weekly,Starter,A.J. Green,Ari,WR|W/R/T
8,0.0,BOOyahkuhshah Weekly,Non-Starter,Peyton Hillis,NYG,RB|W/R/T
8,13.0,BOOyahkuhshah Weekly,Non-Starter,Reggie Bush,Buf,RB|W/R/T
8,24.78,BOOyahkuhshah Weekly,Non-Starter,Matthew Stafford,LAR,QB
8,0.0,BOOyahkuhshah Weekly,Non-Starter,Matt Forte,NYJ,RB|W/R/T
8,0.0,BOOyahkuhshah Weekly,Non-Starter,Shonn Greene,Ten,RB|W/R/T
8,0.0,BOOyahkuhshah Weekly,Non-Starter,Marion Barber,Chi,RB|W/R/T
8,0.0,BOOyahkuhshah Weekly,Non-Starter,LaDainian Tomlinson,NYJ,RB|W/R/T
8,8.0,BOOyahkuhshah Weekly,Starter,New York,NYG,DEF
9,9.92,BOOyahkuhshah Weekly,Starter,Michael Vick,Pit,QB
9,18.6,BOOyahkuhshah Weekly,Starter,Brandon Marshall,Sea,WR|W/R/T
9,10.05,BOOyahkuhshah Weekly,Starter,A.J. Green,Ari,WR|W/R/T
9,11.75,BOOyahkuhshah Weekly,Starter,Matt Forte,NYJ,RB|W/R/T
9,7.6,BOOyahkuhshah Weekly,Starter,Shonn Greene,Ten,RB|W/R/T
9,14.1,BOOyahkuhshah Weekly,Starter,Jason Witten,LV,TE|W/R/T
9,1.45,BOOyahkuhshah Weekly,Starter,Jon Baldwin,SF,WR|W/R/T
9,4.0,BOOyahkuhshah Weekly,Non-Starter,Reggie Wayne,Ind,WR|W/R/T
9,0.0,BOOyahkuhshah Weekly,Non-Starter,Maurice Morris,Det,RB|W/R/T
9,0.0,BOOyahkuhshah Weekly,Non-Starter,Peyton Hillis,NYG,RB|W/R/T
9,20.95,BOOyahkuhshah Weekly,Non-Starter,Reggie Bush,Buf,RB|W/R/T
9,0.0,BOOyahkuhshah Weekly,Non-Starter,Matthew Stafford,LAR,QB
9,11.55,BOOyahkuhshah Weekly,Non-Starter,LaDainian Tomlinson,NYJ,RB|W/R/T
9,2.3,BOOyahkuhshah Weekly,Non-Starter,D.J. Ware,TB,RB|W/R/T
9,-1.0,BOOyahkuhshah Weekly,Starter,Kansas City Chiefs,KC,DEF
10,9.02,BOOyahkuhshah Weekly,Starter,Michael Vick,Pit,QB
10,11.55,BOOyahkuhshah Weekly,Starter,Brandon Marshall,Sea,WR|W/R/T
10,10.55,BOOyahkuhshah Weekly,Starter,A.J. Green,Ari,WR|W/R/T
10,12.95,BOOyahkuhshah Weekly,Starter,Matt Forte,NYJ,RB|W/R/T
10,8.0,BOOyahkuhshah Weekly,Starter,Shonn Greene,Ten,RB|W/R/T
10,4.95,BOOyahkuhshah Weekly,Starter,Jason Witten,LV,TE|W/R/T
10,18.1,BOOyahkuhshah Weekly,Starter,Reggie Bush,Buf,RB|W/R/T
10,1.75,BOOyahkuhshah Weekly,Non-Starter,Jon Baldwin,SF,WR|W/R/T
10,2.05,BOOyahkuhshah Weekly,Non-Starter,Reggie Wayne,Ind,WR|W/R/T
10,5.25,BOOyahkuhshah Weekly,Non-Starter,Maurice Morris,Det,RB|W/R/T
10,0.0,BOOyahkuhshah Weekly,Non-Starter,Peyton Hillis,NYG,RB|W/R/T
10,9.26,BOOyahkuhshah Weekly,Non-Starter,Matthew Stafford,LAR,QB
10,6.5,BOOyahkuhshah Weekly,Non-Starter,LaDainian Tomlinson,NYJ,RB|W/R/T
10,25.55,BOOyahkuhshah Weekly,Non-Starter,Denarius Moore,Buf,WR|W/R/T
10,11.0,BOOyahkuhshah Weekly,Starter,Miami Dolphins,Mia,DEF
11,29.6,BOOyahkuhshah Weekly,Starter,Matthew Stafford,LAR,QB
11,0.75,BOOyahkuhshah Weekly,Starter,Brandon Marshall,Sea,WR|W/R/T
11,10.4,BOOyahkuhshah Weekly,Starter,Laurent Robinson,Jax,WR|W/R/T
11,9.3,BOOyahkuhshah Weekly,Starter,Matt Forte,NYJ,RB|W/R/T
11,1.65,BOOyahkuhshah Weekly,Starter,Shonn Greene,Ten,RB|W/R/T
11,15.25,BOOyahkuhshah Weekly,Starter,Jason Witten,LV,TE|W/R/T
11,13.6,BOOyahkuhshah Weekly,Starter,Reggie Bush,Buf,RB|W/R/T
11,0.0,BOOyahkuhshah Weekly,Non-Starter,A.J. Green,Ari,WR|W/R/T
11,0.0,BOOyahkuhshah Weekly,Non-Starter,Michael Vick,Pit,QB
11,0.0,BOOyahkuhshah Weekly,Non-Starter,Reggie Wayne,Ind,WR|W/R/T
11,3.95,BOOyahkuhshah Weekly,Non-Starter,Maurice Morris,Det,RB|W/R/T
11,0.0,BOOyahkuhshah Weekly,Non-Starter,Peyton Hillis,NYG,RB|W/R/T
11,0.0,BOOyahkuhshah Weekly,Non-Starter,LaDainian Tomlinson,NYJ,RB|W/R/T
11,1.65,BOOyahkuhshah Weekly,Non-Starter,Denarius Moore,Buf,WR|W/R/T
11,22.0,BOOyahkuhshah Weekly,Starter,New England Patriots,NE,DEF
12,14.14,BOOyahkuhshah Weekly,Starter,Matthew Stafford,LAR,QB
12,17.55,BOOyahkuhshah Weekly,Starter,Brandon Marshall,Sea,WR|W/R/T
12,11.75,BOOyahkuhshah Weekly,Starter,A.J. Green,Ari,WR|W/R/T
12,9.9,BOOyahkuhshah Weekly,Starter,Matt Forte,NYJ,RB|W/R/T
12,9.75,BOOyahkuhshah Weekly,Starter,Shonn Greene,Ten,RB|W/R/T
12,5.3,BOOyahkuhshah Weekly,Starter,Jason Witten,LV,TE|W/R/T
12,10.35,BOOyahkuhshah Weekly,Starter,Reggie Bush,Buf,RB|W/R/T
12,21.65,BOOyahkuhshah Weekly,Non-Starter,Laurent Robinson,Jax,WR|W/R/T
12,0.0,BOOyahkuhshah Weekly,Non-Starter,Michael Vick,Pit,QB
12,19.45,BOOyahkuhshah Weekly,Non-Starter,Reggie Wayne,Ind,WR|W/R/T
12,6.6,BOOyahkuhshah Weekly,Non-Starter,Peyton Hillis,NYG,RB|W/R/T
12,0.0,BOOyahkuhshah Weekly,Non-Starter,LaDainian Tomlinson,NYJ,RB|W/R/T
12,0.0,BOOyahkuhshah Weekly,Non-Starter,Denarius Moore,Buf,WR|W/R/T
12,6.25,BOOyahkuhshah Weekly,Non-Starter,Nate Burleson,Det,WR|W/R/T
12,7.0,BOOyahkuhshah Weekly,Starter,Carolina Panthers,Car,DEF
13,18.32,BOOyahkuhshah Weekly,Starter,Matthew Stafford,LAR,QB
13,7.0,BOOyahkuhshah Weekly,Starter,Brandon Marshall,Sea,WR|W/R/T
13,8.2,BOOyahkuhshah Weekly,Starter,Laurent Robinson,Jax,WR|W/R/T
13,1.2,BOOyahkuhshah Weekly,Starter,Matt Forte,NYJ,RB|W/R/T
13,16.0,BOOyahkuhshah Weekly,Starter,Reggie Bush,Buf,RB|W/R/T
13,5.95,BOOyahkuhshah Weekly,Starter,Jason Witten,LV,TE|W/R/T
13,17.7,BOOyahkuhshah Weekly,Starter,A.J. Green,Ari,WR|W/R/T
13,30.15,BOOyahkuhshah Weekly,Non-Starter,Shonn Greene,Ten,RB|W/R/T
13,0.0,BOOyahkuhshah Weekly,Non-Starter,Michael Vick,Pit,QB
13,6.75,BOOyahkuhshah Weekly,Non-Starter,Reggie Wayne,Ind,WR|W/R/T
13,9.95,BOOyahkuhshah Weekly,Non-Starter,Peyton Hillis,NYG,RB|W/R/T
13,2.35,BOOyahkuhshah Weekly,Non-Starter,LaDainian Tomlinson,NYJ,RB|W/R/T
13,0.0,BOOyahkuhshah Weekly,Non-Starter,Denarius Moore,Buf,WR|W/R/T
13,14.75,BOOyahkuhshah Weekly,Non-Starter,Maurice Morris,Det,RB|W/R/T
13,6.0,BOOyahkuhshah Weekly,Starter,New England Patriots,NE,DEF
14,17.48,BOOyahkuhshah Weekly,Starter,Matthew Stafford,LAR,QB
14,9.7,BOOyahkuhshah Weekly,Starter,Brandon Marshall,Sea,WR|W/R/T
14,7.15,BOOyahkuhshah Weekly,Starter,A.J. Green,Ari,WR|W/R/T
14,14.25,BOOyahkuhshah Weekly,Starter,Reggie Bush,Buf,RB|W/R/T
14,25.45,BOOyahkuhshah Weekly,Starter,Shonn Greene,Ten,RB|W/R/T
14,1.95,BOOyahkuhshah Weekly,Starter,Jason Witten,LV,TE|W/R/T
14,1.85,BOOyahkuhshah Weekly,Starter,Maurice Morris,Det,RB|W/R/T
14,20.7,BOOyahkuhshah Weekly,Non-Starter,Laurent Robinson,Jax,WR|W/R/T
14,0.0,BOOyahkuhshah Weekly,Non-Starter,Matt Forte,NYJ,RB|W/R/T
14,11.22,BOOyahkuhshah Weekly,Non-Starter,Michael Vick,Pit,QB
14,5.1,BOOyahkuhshah Weekly,Non-Starter,Reggie Wayne,Ind,WR|W/R/T
14,2.5,BOOyahkuhshah Weekly,Non-Starter,Peyton Hillis,NYG,RB|W/R/T
14,12.9,BOOyahkuhshah Weekly,Non-Starter,LaDainian Tomlinson,NYJ,RB|W/R/T
14,0.0,BOOyahkuhshah Weekly,Non-Starter,Denarius Moore,Buf,WR|W/R/T
14,12.0,BOOyahkuhshah Weekly,Starter,New England Patriots,NE,DEF
15,30.14,BOOyahkuhshah Weekly,Starter,Matthew Stafford,LAR,QB
15,13.0,BOOyahkuhshah Weekly,Starter,A.J. Green,Ari,WR|W/R/T
15,9.65,BOOyahkuhshah Weekly,Starter,Laurent Robinson,Jax,WR|W/R/T
15,25.15,BOOyahkuhshah Weekly,Starter,Reggie Bush,Buf,RB|W/R/T
15,7.55,BOOyahkuhshah Weekly,Starter,Shonn Greene,Ten,RB|W/R/T
15,8.7,BOOyahkuhshah Weekly,Starter,Jason Witten,LV,TE|W/R/T
15,17.05,BOOyahkuhshah Weekly,Starter,Peyton Hillis,NYG,RB|W/R/T
15,13.15,BOOyahkuhshah Weekly,Non-Starter,Brandon Marshall,Sea,WR|W/R/T
15,0.0,BOOyahkuhshah Weekly,Non-Starter,Maurice Morris,Det,RB|W/R/T
15,0.0,BOOyahkuhshah Weekly,Non-Starter,Matt Forte,NYJ,RB|W/R/T
15,22.16,BOOyahkuhshah Weekly,Non-Starter,Michael Vick,Pit,QB
15,10.05,BOOyahkuhshah Weekly,Non-Starter,Reggie Wayne,Ind,WR|W/R/T
15,3.1,BOOyahkuhshah Weekly,Non-Starter,LaDainian Tomlinson,NYJ,RB|W/R/T
15,3.1,BOOyahkuhshah Weekly,Non-Starter,Denarius Moore,Buf,WR|W/R/T
15,10.0,BOOyahkuhshah Weekly,Starter,New England Patriots,NE,DEF
1,20.96,AirBudGoldenReceiver,Starter,Joe Flacco,Cle,QB
1,22.3,AirBudGoldenReceiver,Starter,Calvin Johnson,Det,WR|W/R/T
1,7.6,AirBudGoldenReceiver,Starter,Marques Colston,NO,WR|W/R/T
1,12.4,AirBudGoldenReceiver,Starter,Jahvid Best,Det,RB|W/R/T
1,3.85,AirBudGoldenReceiver,Starter,DeAngelo Williams,Pit,RB|W/R/T
1,2.4,AirBudGoldenReceiver,Starter,Zach Miller,Sea,TE|W/R/T
1,1.65,AirBudGoldenReceiver,Starter,Chad Johnson,NE,WR|W/R/T
1,2.6,AirBudGoldenReceiver,Non-Starter,Chris Cooley,Was,TE|W/R/T
1,8.35,AirBudGoldenReceiver,Non-Starter,C.J. Spiller,KC,RB|W/R/T
1,31.8,AirBudGoldenReceiver,Non-Starter,Steve Smith,Bal,WR|W/R/T
1,4.02,AirBudGoldenReceiver,Non-Starter,Sam Bradford,Ari,QB
1,8.9,AirBudGoldenReceiver,Non-Starter,Anthony Armstrong,Jax,WR|W/R/T
1,7.75,AirBudGoldenReceiver,Non-Starter,Danny Woodhead,Bal,RB|W/R/T
1,24.62,AirBudGoldenReceiver,Non-Starter,Ryan Fitzpatrick,Was,QB
1,15.0,AirBudGoldenReceiver,Starter,Washington Commanders,Was,DEF
2,7.88,AirBudGoldenReceiver,Starter,Joe Flacco,Cle,QB
2,15.65,AirBudGoldenReceiver,Starter,Calvin Johnson,Det,WR|W/R/T
2,15.1,AirBudGoldenReceiver,Starter,Steve Smith,Bal,WR|W/R/T
2,25.8,AirBudGoldenReceiver,Starter,Jahvid Best,Det,RB|W/R/T
2,4.6,AirBudGoldenReceiver,Starter,DeAngelo Williams,Pit,RB|W/R/T
2,0.0,AirBudGoldenReceiver,Starter,Chris Cooley,Was,TE|W/R/T
2,5.2,AirBudGoldenReceiver,Starter,Danny Woodhead,Bal,RB|W/R/T
2,1.55,AirBudGoldenReceiver,Non-Starter,Zach Miller,Sea,TE|W/R/T
2,5.0,AirBudGoldenReceiver,Non-Starter,Chad Johnson,NE,WR|W/R/T
2,0.0,AirBudGoldenReceiver,Non-Starter,Marques Colston,NO,WR|W/R/T
2,7.15,AirBudGoldenReceiver,Non-Starter,C.J. Spiller,KC,RB|W/R/T
2,16.74,AirBudGoldenReceiver,Non-Starter,Sam Bradford,Ari,QB
2,22.86,AirBudGoldenReceiver,Non-Starter,Ryan Fitzpatrick,Was,QB
2,17.05,AirBudGoldenReceiver,Non-Starter,Devery Henderson,NO,WR|W/R/T
2,7.0,AirBudGoldenReceiver,Starter,Washington Commanders,Was,DEF
3,18.16,AirBudGoldenReceiver,Starter,Ryan Fitzpatrick,Was,QB
3,24.55,AirBudGoldenReceiver,Starter,Calvin Johnson,Det,WR|W/R/T
3,2.0,AirBudGoldenReceiver,Starter,Steve Smith,Bal,WR|W/R/T
3,10.05,AirBudGoldenReceiver,Starter,Jahvid Best,Det,RB|W/R/T
3,4.0,AirBudGoldenReceiver,Starter,DeAngelo Williams,Pit,RB|W/R/T
3,6.1,AirBudGoldenReceiver,Starter,Jermaine Gresham,Ari,TE|W/R/T
3,4.85,AirBudGoldenReceiver,Starter,Danny Woodhead,Bal,RB|W/R/T
3,28.26,AirBudGoldenReceiver,Non-Starter,Joe Flacco,Cle,QB
3,3.3,AirBudGoldenReceiver,Non-Starter,Chad Johnson,NE,WR|W/R/T
3,0.0,AirBudGoldenReceiver,Non-Starter,Marques Colston,NO,WR|W/R/T
3,-0.15,AirBudGoldenReceiver,Non-Starter,C.J. Spiller,KC,RB|W/R/T
3,8.84,AirBudGoldenReceiver,Non-Starter,Sam Bradford,Ari,QB
3,6.95,AirBudGoldenReceiver,Non-Starter,Devery Henderson,NO,WR|W/R/T
3,7.45,AirBudGoldenReceiver,Non-Starter,Dexter McCluster,LAC,WR|RB|W/R/T
3,6.0,AirBudGoldenReceiver,Starter,Washington Commanders,Was,DEF
4,8.46,AirBudGoldenReceiver,Starter,Ryan Fitzpatrick,Was,QB
4,23.6,AirBudGoldenReceiver,Starter,Calvin Johnson,Det,WR|W/R/T
4,20.1,AirBudGoldenReceiver,Starter,Steve Smith,Bal,WR|W/R/T
4,7.5,AirBudGoldenReceiver,Starter,Jahvid Best,Det,RB|W/R/T
4,1.3,AirBudGoldenReceiver,Starter,Danny Woodhead,Bal,RB|W/R/T
4,14.0,AirBudGoldenReceiver,Starter,Jermaine Gresham,Ari,TE|W/R/T
4,4.55,AirBudGoldenReceiver,Starter,Dexter McCluster,LAC,WR|RB|W/R/T
4,2.22,AirBudGoldenReceiver,Non-Starter,Joe Flacco,Cle,QB
4,0.0,AirBudGoldenReceiver,Non-Starter,Devery Henderson,NO,WR|W/R/T
4,8.2,AirBudGoldenReceiver,Non-Starter,DeAngelo Williams,Pit,RB|W/R/T
4,3.1,AirBudGoldenReceiver,Non-Starter,Chad Johnson,NE,WR|W/R/T
4,1.05,AirBudGoldenReceiver,Non-Starter,Marques Colston,NO,WR|W/R/T
4,2.35,AirBudGoldenReceiver,Non-Starter,C.J. Spiller,KC,RB|W/R/T
4,0.65,AirBudGoldenReceiver,Non-Starter,Chris Cooley,Was,TE|W/R/T
4,13.0,AirBudGoldenReceiver,Starter,Washington Commanders,Was,DEF
5,10.42,AirBudGoldenReceiver,Starter,Ryan Fitzpatrick,Was,QB
5,20.25,AirBudGoldenReceiver,Starter,Calvin Johnson,Det,WR|W/R/T
5,14.65,AirBudGoldenReceiver,Starter,Steve Smith,Bal,WR|W/R/T
5,24.2,AirBudGoldenReceiver,Starter,Jahvid Best,Det,RB|W/R/T
5,17.5,AirBudGoldenReceiver,Starter,DeAngelo Williams,Pit,RB|W/R/T
5,9.35,AirBudGoldenReceiver,Starter,Jermaine Gresham,Ari,TE|W/R/T
5,8.15,AirBudGoldenReceiver,Starter,Marques Colston,NO,WR|W/R/T
5,0.0,AirBudGoldenReceiver,Non-Starter,Danny Woodhead,Bal,RB|W/R/T
5,2.05,AirBudGoldenReceiver,Non-Starter,Dexter McCluster,LAC,WR|RB|W/R/T
5,0.0,AirBudGoldenReceiver,Non-Starter,Joe Flacco,Cle,QB
5,2.1,AirBudGoldenReceiver,Non-Starter,C.J. Spiller,KC,RB|W/R/T
5,0.0,AirBudGoldenReceiver,Non-Starter,Chris Cooley,Was,TE|W/R/T
5,0.0,AirBudGoldenReceiver,Non-Starter,Ryan Torain,NYG,RB|W/R/T
5,22.0,AirBudGoldenReceiver,Starter,San Francisco 49ers,SF,DEF
5,0.0,AirBudGoldenReceiver,Non-Starter,Washington Commanders,Was,DEF
6,14.1,AirBudGoldenReceiver,Starter,Joe Flacco,Cle,QB
6,13.05,AirBudGoldenReceiver,Starter,Calvin Johnson,Det,WR|W/R/T
6,7.85,AirBudGoldenReceiver,Starter,Steve Smith,Bal,WR|W/R/T
6,12.5,AirBudGoldenReceiver,Starter,Jahvid Best,Det,RB|W/R/T
6,4.85,AirBudGoldenReceiver,Starter,DeAngelo Williams,Pit,RB|W/R/T
6,3.3,AirBudGoldenReceiver,Starter,Jermaine Gresham,Ari,TE|W/R/T
6,19.55,AirBudGoldenReceiver,Starter,Marques Colston,NO,WR|W/R/T
6,14.56,AirBudGoldenReceiver,Non-Starter,Ryan Fitzpatrick,Was,QB
6,3.4,AirBudGoldenReceiver,Non-Starter,Danny Woodhead,Bal,RB|W/R/T
6,0.0,AirBudGoldenReceiver,Non-Starter,Dexter McCluster,LAC,WR|RB|W/R/T
6,5.15,AirBudGoldenReceiver,Non-Starter,C.J. Spiller,KC,RB|W/R/T
6,0.15,AirBudGoldenReceiver,Non-Starter,Chris Cooley,Was,TE|W/R/T
6,2.2,AirBudGoldenReceiver,Non-Starter,Ryan Torain,NYG,RB|W/R/T
6,7.0,AirBudGoldenReceiver,Starter,Washington Commanders,Was,DEF
6,8.0,AirBudGoldenReceiver,Non-Starter,San Francisco 49ers,SF,DEF
7,6.93,AirBudGoldenReceiver,Starter,Joe Flacco,Cle,QB
7,18.75,AirBudGoldenReceiver,Starter,Calvin Johnson,Det,WR|W/R/T
7,16.65,AirBudGoldenReceiver,Starter,Steve Smith,Bal,WR|W/R/T
7,3.5,AirBudGoldenReceiver,Starter,DeAngelo Williams,Pit,RB|W/R/T
7,-0.5,AirBudGoldenReceiver,Starter,Ryan Torain,NYG,RB|W/R/T
7,13.5,AirBudGoldenReceiver,Starter,Heath Miller,Pit,TE|W/R/T
7,23.55,AirBudGoldenReceiver,Starter,Marques Colston,NO,WR|W/R/T
7,0.0,AirBudGoldenReceiver,Non-Starter,Jahvid Best,Det,RB|W/R/T
7,0.0,AirBudGoldenReceiver,Non-Starter,Jermaine Gresham,Ari,TE|W/R/T
7,0.0,AirBudGoldenReceiver,Non-Starter,Ryan Fitzpatrick,Was,QB
7,0.0,AirBudGoldenReceiver,Non-Starter,Danny Woodhead,Bal,RB|W/R/T
7,3.75,AirBudGoldenReceiver,Non-Starter,Dexter McCluster,LAC,WR|RB|W/R/T
7,0.0,AirBudGoldenReceiver,Non-Starter,C.J. Spiller,KC,RB|W/R/T
7,3.0,AirBudGoldenReceiver,Starter,Washington Commanders,Was,DEF
7,0.0,AirBudGoldenReceiver,Non-Starter,San Francisco 49ers,SF,DEF
8,14.88,AirBudGoldenReceiver,Starter,Ryan Fitzpatrick,Was,QB
8,20.0,AirBudGoldenReceiver,Starter,Calvin Johnson,Det,WR|W/R/T
8,18.95,AirBudGoldenReceiver,Starter,Steve Smith,Bal,WR|W/R/T
8,4.4,AirBudGoldenReceiver,Starter,DeAngelo Williams,Pit,RB|W/R/T
8,2.25,AirBudGoldenReceiver,Starter,Ryan Torain,NYG,RB|W/R/T
8,10.25,AirBudGoldenReceiver,Starter,Heath Miller,Pit,TE|W/R/T
8,5.75,AirBudGoldenReceiver,Starter,Marques Colston,NO,WR|W/R/T
8,10.94,AirBudGoldenReceiver,Non-Starter,Joe Flacco,Cle,QB
8,0.0,AirBudGoldenReceiver,Non-Starter,Jahvid Best,Det,RB|W/R/T
8,0.0,AirBudGoldenReceiver,Non-Starter,Jermaine Gresham,Ari,TE|W/R/T
8,0.0,AirBudGoldenReceiver,Non-Starter,Danny Woodhead,Bal,RB|W/R/T
8,1.55,AirBudGoldenReceiver,Non-Starter,Dexter McCluster,LAC,WR|RB|W/R/T
8,1.4,AirBudGoldenReceiver,Non-Starter,C.J. Spiller,KC,RB|W/R/T
8,12.0,AirBudGoldenReceiver,Starter,San Francisco 49ers,SF,DEF
8,6.0,AirBudGoldenReceiver,Non-Starter,Washington Commanders,Was,DEF
9,10.54,AirBudGoldenReceiver,Starter,Ryan Fitzpatrick,Was,QB
9,6.45,AirBudGoldenReceiver,Starter,Marques Colston,NO,WR|W/R/T
9,4.65,AirBudGoldenReceiver,Starter,Dexter McCluster,LAC,WR|RB|W/R/T
9,1.15,AirBudGoldenReceiver,Starter,Ryan Torain,NYG,RB|W/R/T
9,0.0,AirBudGoldenReceiver,Starter,Kevin Faulk,NE,RB|W/R/T
9,8.55,AirBudGoldenReceiver,Starter,Heath Miller,Pit,TE|W/R/T
9,9.3,AirBudGoldenReceiver,Starter,Early Doucet,Ari,WR|W/R/T
9,0.5,AirBudGoldenReceiver,Non-Starter,C.J. Spiller,KC,RB|W/R/T
9,0.0,AirBudGoldenReceiver,Non-Starter,Jermaine Gresham,Ari,TE|W/R/T
9,0.0,AirBudGoldenReceiver,Non-Starter,Calvin Johnson,Det,WR|W/R/T
9,0.0,AirBudGoldenReceiver,Non-Starter,Steve Smith,Bal,WR|W/R/T
9,0.0,AirBudGoldenReceiver,Non-Starter,DeAngelo Williams,Pit,RB|W/R/T
9,14.0,AirBudGoldenReceiver,Non-Starter,Joe Flacco,Cle,QB
9,0.0,AirBudGoldenReceiver,Non-Starter,Jahvid Best,Det,RB|W/R/T
9,11.0,AirBudGoldenReceiver,Starter,San Francisco 49ers,SF,DEF
10,13.0,AirBudGoldenReceiver,Starter,Joe Flacco,Cle,QB
10,7.85,AirBudGoldenReceiver,Starter,Calvin Johnson,Det,WR|W/R/T
10,4.55,AirBudGoldenReceiver,Starter,Steve Smith,Bal,WR|W/R/T
10,3.5,AirBudGoldenReceiver,Starter,DeAngelo Williams,Pit,RB|W/R/T
10,8.15,AirBudGoldenReceiver,Starter,James Starks,GB,RB|W/R/T
10,3.85,AirBudGoldenReceiver,Starter,Heath Miller,Pit,TE|W/R/T
10,8.9,AirBudGoldenReceiver,Starter,Early Doucet,Ari,WR|W/R/T
10,2.65,AirBudGoldenReceiver,Non-Starter,Ryan Torain,NYG,RB|W/R/T
10,5.84,AirBudGoldenReceiver,Non-Starter,Ryan Fitzpatrick,Was,QB
10,10.8,AirBudGoldenReceiver,Non-Starter,Dexter McCluster,LAC,WR|RB|W/R/T
10,0.8,AirBudGoldenReceiver,Non-Starter,Kevin Faulk,NE,RB|W/R/T
10,0.1,AirBudGoldenReceiver,Non-Starter,C.J. Spiller,KC,RB|W/R/T
10,9.3,AirBudGoldenReceiver,Non-Starter,Jermaine Gresham,Ari,TE|W/R/T
10,0.0,AirBudGoldenReceiver,Non-Starter,Jahvid Best,Det,RB|W/R/T
10,6.0,AirBudGoldenReceiver,Starter,San Francisco 49ers,SF,DEF
11,16.6,AirBudGoldenReceiver,Starter,Joe Flacco,Cle,QB
11,10.15,AirBudGoldenReceiver,Starter,Calvin Johnson,Det,WR|W/R/T
11,13.85,AirBudGoldenReceiver,Starter,Steve Smith,Bal,WR|W/R/T
11,10.6,AirBudGoldenReceiver,Starter,James Starks,GB,RB|W/R/T
11,5.05,AirBudGoldenReceiver,Starter,Dexter McCluster,LAC,WR|RB|W/R/T
11,5.55,AirBudGoldenReceiver,Starter,Jermaine Gresham,Ari,TE|W/R/T
11,6.5,AirBudGoldenReceiver,Starter,Early Doucet,Ari,WR|W/R/T
11,10.75,AirBudGoldenReceiver,Non-Starter,DeAngelo Williams,Pit,RB|W/R/T
11,0.0,AirBudGoldenReceiver,Non-Starter,Heath Miller,Pit,TE|W/R/T
11,0.85,AirBudGoldenReceiver,Non-Starter,Ryan Torain,NYG,RB|W/R/T
11,5.96,AirBudGoldenReceiver,Non-Starter,Ryan Fitzpatrick,Was,QB
11,2.5,AirBudGoldenReceiver,Non-Starter,C.J. Spiller,KC,RB|W/R/T
11,0.0,AirBudGoldenReceiver,Non-Starter,Jahvid Best,Det,RB|W/R/T
11,0.2,AirBudGoldenReceiver,Non-Starter,Jacquizz Rodgers,TB,RB|W/R/T
11,16.0,AirBudGoldenReceiver,Starter,San Francisco 49ers,SF,DEF
12,10.64,AirBudGoldenReceiver,Starter,Joe Flacco,Cle,QB
12,11.9,AirBudGoldenReceiver,Starter,Calvin Johnson,Det,WR|W/R/T
12,8.45,AirBudGoldenReceiver,Starter,Steve Smith,Bal,WR|W/R/T
12,6.45,AirBudGoldenReceiver,Starter,Kevin Smith,Det,RB|W/R/T
12,18.9,AirBudGoldenReceiver,Starter,DeAngelo Williams,Pit,RB|W/R/T
12,2.25,AirBudGoldenReceiver,Starter,Heath Miller,Pit,TE|W/R/T
12,7.75,AirBudGoldenReceiver,Starter,C.J. Spiller,KC,RB|W/R/T
12,1.65,AirBudGoldenReceiver,Non-Starter,Early Doucet,Ari,WR|W/R/T
12,1.9,AirBudGoldenReceiver,Non-Starter,James Starks,GB,RB|W/R/T
12,14.05,AirBudGoldenReceiver,Non-Starter,Jermaine Gresham,Ari,TE|W/R/T
12,4.4,AirBudGoldenReceiver,Non-Starter,Dexter McCluster,LAC,WR|RB|W/R/T
12,0.0,AirBudGoldenReceiver,Non-Starter,Ryan Torain,NYG,RB|W/R/T
12,25.96,AirBudGoldenReceiver,Non-Starter,Ryan Fitzpatrick,Was,QB
12,0.0,AirBudGoldenReceiver,Non-Starter,Jahvid Best,Det,RB|W/R/T
12,1.0,AirBudGoldenReceiver,Starter,San Francisco 49ers,SF,DEF
13,13.62,AirBudGoldenReceiver,Starter,Ryan Fitzpatrick,Was,QB
13,8.4,AirBudGoldenReceiver,Starter,Calvin Johnson,Det,WR|W/R/T
13,3.7,AirBudGoldenReceiver,Starter,Steve Smith,Bal,WR|W/R/T
13,2.9,AirBudGoldenReceiver,Starter,DeAngelo Williams,Pit,RB|W/R/T
13,15.5,AirBudGoldenReceiver,Starter,Kevin Smith,Det,RB|W/R/T
13,1.7,AirBudGoldenReceiver,Starter,Heath Miller,Pit,TE|W/R/T
13,16.95,AirBudGoldenReceiver,Starter,C.J. Spiller,KC,RB|W/R/T
13,0.5,AirBudGoldenReceiver,Non-Starter,James Starks,GB,RB|W/R/T
13,4.22,AirBudGoldenReceiver,Non-Starter,Joe Flacco,Cle,QB
13,0.5,AirBudGoldenReceiver,Non-Starter,Early Doucet,Ari,WR|W/R/T
13,4.45,AirBudGoldenReceiver,Non-Starter,Jermaine Gresham,Ari,TE|W/R/T
13,17.7,AirBudGoldenReceiver,Non-Starter,Dexter McCluster,LAC,WR|RB|W/R/T
13,0.0,AirBudGoldenReceiver,Non-Starter,Ryan Torain,NYG,RB|W/R/T
13,2.35,AirBudGoldenReceiver,Non-Starter,Doug Baldwin,Sea,WR|W/R/T
13,18.0,AirBudGoldenReceiver,Starter,San Francisco 49ers,SF,DEF
14,5.64,AirBudGoldenReceiver,Starter,Ryan Fitzpatrick,Was,QB
14,4.75,AirBudGoldenReceiver,Starter,Calvin Johnson,Det,WR|W/R/T
14,14.0,AirBudGoldenReceiver,Starter,Steve Smith,Bal,WR|W/R/T
14,15.35,AirBudGoldenReceiver,Starter,DeAngelo Williams,Pit,RB|W/R/T
14,0.0,AirBudGoldenReceiver,Starter,Kevin Smith,Det,RB|W/R/T
14,-0.4,AirBudGoldenReceiver,Starter,Heath Miller,Pit,TE|W/R/T
14,6.35,AirBudGoldenReceiver,Starter,C.J. Spiller,KC,RB|W/R/T
14,0.0,AirBudGoldenReceiver,Non-Starter,James Starks,GB,RB|W/R/T
14,15.08,AirBudGoldenReceiver,Non-Starter,Joe Flacco,Cle,QB
14,14.05,AirBudGoldenReceiver,Non-Starter,Early Doucet,Ari,WR|W/R/T
14,5.25,AirBudGoldenReceiver,Non-Starter,Jermaine Gresham,Ari,TE|W/R/T
14,0.1,AirBudGoldenReceiver,Non-Starter,Dexter McCluster,LAC,WR|RB|W/R/T
14,0.0,AirBudGoldenReceiver,Non-Starter,Ryan Torain,NYG,RB|W/R/T
14,17.05,AirBudGoldenReceiver,Non-Starter,Doug Baldwin,Sea,WR|W/R/T
14,8.0,AirBudGoldenReceiver,Starter,San Francisco 49ers,SF,DEF
15,14.24,AirBudGoldenReceiver,Starter,Joe Flacco,Cle,QB
15,35.65,AirBudGoldenReceiver,Starter,Calvin Johnson,Det,WR|W/R/T
15,15.45,AirBudGoldenReceiver,Starter,Steve Smith,Bal,WR|W/R/T
15,12.1,AirBudGoldenReceiver,Starter,DeAngelo Williams,Pit,RB|W/R/T
15,4.85,AirBudGoldenReceiver,Starter,Kevin Smith,Det,RB|W/R/T
15,9.45,AirBudGoldenReceiver,Starter,Heath Miller,Pit,TE|W/R/T
15,30.95,AirBudGoldenReceiver,Starter,C.J. Spiller,KC,RB|W/R/T
15,15.34,AirBudGoldenReceiver,Non-Starter,Ryan Fitzpatrick,Was,QB
15,0.0,AirBudGoldenReceiver,Non-Starter,James Starks,GB,RB|W/R/T
15,4.45,AirBudGoldenReceiver,Non-Starter,Early Doucet,Ari,WR|W/R/T
15,2.35,AirBudGoldenReceiver,Non-Starter,Jermaine Gresham,Ari,TE|W/R/T
15,3.0,AirBudGoldenReceiver,Non-Starter,Dexter McCluster,LAC,WR|RB|W/R/T
15,0.0,AirBudGoldenReceiver,Non-Starter,Ryan Torain,NYG,RB|W/R/T
15,1.55,AirBudGoldenReceiver,Non-Starter,Doug Baldwin,Sea,WR|W/R/T
15,18.0,AirBudGoldenReceiver,Starter,San Francisco 49ers,SF,DEF
16,14.28,AirBudGoldenReceiver,Starter,Joe Flacco,Cle,QB
16,17.2,AirBudGoldenReceiver,Starter,Calvin Johnson,Det,WR|W/R/T
16,3.45,AirBudGoldenReceiver,Starter,Steve Smith,Bal,WR|W/R/T
16,20.9,AirBudGoldenReceiver,Starter,DeAngelo Williams,Pit,RB|W/R/T
16,18.6,AirBudGoldenReceiver,Starter,Kevin Smith,Det,RB|W/R/T
16,2.05,AirBudGoldenReceiver,Starter,Heath Miller,Pit,TE|W/R/T
16,20.3,AirBudGoldenReceiver,Starter,C.J. Spiller,KC,RB|W/R/T
16,10.04,AirBudGoldenReceiver,Non-Starter,Ryan Fitzpatrick,Was,QB
16,2.15,AirBudGoldenReceiver,Non-Starter,James Starks,GB,RB|W/R/T
16,5.2,AirBudGoldenReceiver,Non-Starter,Early Doucet,Ari,WR|W/R/T
16,12.85,AirBudGoldenReceiver,Non-Starter,Jermaine Gresham,Ari,TE|W/R/T
16,11.65,AirBudGoldenReceiver,Non-Starter,Dexter McCluster,LAC,WR|RB|W/R/T
16,8.2,AirBudGoldenReceiver,Non-Starter,Doug Baldwin,Sea,WR|W/R/T
16,15.2,AirBudGoldenReceiver,Non-Starter,Evan Royster,Was,RB|W/R/T
16,7.0,AirBudGoldenReceiver,Starter,San Francisco 49ers,SF,DEF
1,17.7,Troll Toll,Starter,Mark Sanchez,Was,QB
1,16.65,Troll Toll,Starter,Greg Jennings,Mia,WR|W/R/T
1,13.85,Troll Toll,Starter,Dez Bryant,Bal,WR|W/R/T
1,8.55,Troll Toll,Starter,Frank Gore,NYJ,RB|W/R/T
1,4.2,Troll Toll,Starter,Knowshon Moreno,Mia,RB|W/R/T
1,12.6,Troll Toll,Starter,Jimmy Graham,NO,TE|W/R/T
1,5.2,Troll Toll,Starter,Marshawn Lynch,Sea,RB|W/R/T
1,8.35,Troll Toll,Non-Starter,Julio Jones,Phi,WR|W/R/T
1,1.45,Troll Toll,Non-Starter,Greg Little,Cin,WR|W/R/T
1,8.76,Troll Toll,Non-Starter,Matt Ryan,Ind,QB
1,0.0,Troll Toll,Non-Starter,Rashad Jennings,NYG,RB|W/R/T
1,0.3,Troll Toll,Non-Starter,Bernard Scott,Bal,RB|W/R/T
1,11.05,Troll Toll,Non-Starter,Deion Branch,Ind,WR|W/R/T
1,3.95,Troll Toll,Non-Starter,Daniel Fells,NYG,TE|W/R/T
1,-3.0,Troll Toll,Starter,Pittsburgh Steelers,Pit,DEF
2,14.18,Troll Toll,Starter,Mark Sanchez,Was,QB
2,12.0,Troll Toll,Starter,Greg Jennings,Mia,WR|W/R/T
2,3.4,Troll Toll,Starter,Julio Jones,Phi,WR|W/R/T
2,13.15,Troll Toll,Starter,Frank Gore,NYJ,RB|W/R/T
2,1.45,Troll Toll,Starter,Marshawn Lynch,Sea,RB|W/R/T
2,9.4,Troll Toll,Starter,Jimmy Graham,NO,TE|W/R/T
2,14.9,Troll Toll,Starter,Deion Branch,Ind,WR|W/R/T
2,0.0,Troll Toll,Non-Starter,Dez Bryant,Bal,WR|W/R/T
2,0.0,Troll Toll,Non-Starter,Knowshon Moreno,Mia,RB|W/R/T
2,4.8,Troll Toll,Non-Starter,Greg Little,Cin,WR|W/R/T
2,20.4,Troll Toll,Non-Starter,Matt Ryan,Ind,QB
2,0.0,Troll Toll,Non-Starter,Rashad Jennings,NYG,RB|W/R/T
2,1.0,Troll Toll,Non-Starter,Bernard Scott,Bal,RB|W/R/T
2,1.15,Troll Toll,Non-Starter,Daniel Fells,NYG,TE|W/R/T
2,15.0,Troll Toll,Starter,Pittsburgh Steelers,Pit,DEF
3,12.4,Troll Toll,Starter,Matt Ryan,Ind,QB
3,14.15,Troll Toll,Starter,Greg Jennings,Mia,WR|W/R/T
3,7.3,Troll Toll,Starter,Dez Bryant,Bal,WR|W/R/T
3,2.2,Troll Toll,Starter,Frank Gore,NYJ,RB|W/R/T
3,0.6,Troll Toll,Starter,Isaac Redman,Pit,RB|W/R/T
3,17.0,Troll Toll,Starter,Jimmy Graham,NO,TE|W/R/T
3,0.0,Troll Toll,Starter,Deion Branch,Ind,WR|W/R/T
3,7.75,Troll Toll,Non-Starter,Marshawn Lynch,Sea,RB|W/R/T
3,26.96,Troll Toll,Non-Starter,Mark Sanchez,Was,QB
3,12.1,Troll Toll,Non-Starter,Julio Jones,Phi,WR|W/R/T
3,0.0,Troll Toll,Non-Starter,Knowshon Moreno,Mia,RB|W/R/T
3,3.15,Troll Toll,Non-Starter,Greg Little,Cin,WR|W/R/T
3,1.0,Troll Toll,Non-Starter,Bernard Scott,Bal,RB|W/R/T
3,4.7,Troll Toll,Non-Starter,Daniel Fells,NYG,TE|W/R/T
3,10.0,Troll Toll,Starter,Pittsburgh Steelers,Pit,DEF
4,18.24,Troll Toll,Starter,Matt Ryan,Ind,QB
4,18.05,Troll Toll,Starter,Greg Jennings,Mia,WR|W/R/T
4,16.95,Troll Toll,Starter,Dez Bryant,Bal,WR|W/R/T
4,20.4,Troll Toll,Starter,Frank Gore,NYJ,RB|W/R/T
4,1.35,Troll Toll,Starter,Knowshon Moreno,Mia,RB|W/R/T
4,21.7,Troll Toll,Starter,Jimmy Graham,NO,TE|W/R/T
4,6.65,Troll Toll,Starter,Deion Branch,Ind,WR|W/R/T
4,5.45,Troll Toll,Non-Starter,Isaac Redman,Pit,RB|W/R/T
4,12.45,Troll Toll,Non-Starter,Marshawn Lynch,Sea,RB|W/R/T
4,-2.94,Troll Toll,Non-Starter,Mark Sanchez,Was,QB
4,15.45,Troll Toll,Non-Starter,Julio Jones,Phi,WR|W/R/T
4,7.2,Troll Toll,Non-Starter,Greg Little,Cin,WR|W/R/T
4,7.4,Troll Toll,Non-Starter,Daniel Fells,NYG,TE|W/R/T
4,1.05,Troll Toll,Non-Starter,James Casey,Den,RB|TE|W/R/T
4,1.0,Troll Toll,Starter,Pittsburgh Steelers,Pit,DEF
5,7.58,Troll Toll,Starter,Matt Ryan,Ind,QB
5,15.2,Troll Toll,Starter,Greg Jennings,Mia,WR|W/R/T
5,3.55,Troll Toll,Starter,Julio Jones,Phi,WR|W/R/T
5,18.8,Troll Toll,Starter,Frank Gore,NYJ,RB|W/R/T
5,6.85,Troll Toll,Starter,Isaac Redman,Pit,RB|W/R/T
5,14.9,Troll Toll,Starter,Jimmy Graham,NO,TE|W/R/T
5,15.15,Troll Toll,Starter,Deion Branch,Ind,WR|W/R/T
5,0.0,Troll Toll,Non-Starter,Dez Bryant,Bal,WR|W/R/T
5,10.75,Troll Toll,Non-Starter,Knowshon Moreno,Mia,RB|W/R/T
5,18.1,Troll Toll,Non-Starter,Marshawn Lynch,Sea,RB|W/R/T
5,14.64,Troll Toll,Non-Starter,Mark Sanchez,Was,QB
5,0.0,Troll Toll,Non-Starter,Greg Little,Cin,WR|W/R/T
5,5.45,Troll Toll,Non-Starter,Daniel Fells,NYG,TE|W/R/T
5,0.0,Troll Toll,Non-Starter,James Casey,Den,RB|TE|W/R/T
5,6.0,Troll Toll,Starter,Pittsburgh Steelers,Pit,DEF
6,17.22,Troll Toll,Starter,Matt Ryan,Ind,QB
6,9.7,Troll Toll,Starter,Greg Jennings,Mia,WR|W/R/T
6,8.8,Troll Toll,Starter,Dez Bryant,Bal,WR|W/R/T
6,21.1,Troll Toll,Starter,Frank Gore,NYJ,RB|W/R/T
6,2.65,Troll Toll,Starter,Isaac Redman,Pit,RB|W/R/T
6,14.15,Troll Toll,Starter,Jimmy Graham,NO,TE|W/R/T
6,7.65,Troll Toll,Starter,Deion Branch,Ind,WR|W/R/T
6,0.0,Troll Toll,Non-Starter,Julio Jones,Phi,WR|W/R/T
6,0.0,Troll Toll,Non-Starter,Knowshon Moreno,Mia,RB|W/R/T
6,0.0,Troll Toll,Non-Starter,Marshawn Lynch,Sea,RB|W/R/T
6,18.54,Troll Toll,Non-Starter,Mark Sanchez,Was,QB
6,8.7,Troll Toll,Non-Starter,Greg Little,Cin,WR|W/R/T
6,0.0,Troll Toll,Non-Starter,Daniel Fells,NYG,TE|W/R/T
6,0.0,Troll Toll,Non-Starter,James Casey,Den,RB|TE|W/R/T
6,9.0,Troll Toll,Starter,Pittsburgh Steelers,Pit,DEF
7,14.92,Troll Toll,Starter,Matt Ryan,Ind,QB
7,22.45,Troll Toll,Starter,Greg Jennings,Mia,WR|W/R/T
7,16.25,Troll Toll,Starter,Dez Bryant,Bal,WR|W/R/T
7,4.3,Troll Toll,Starter,Knowshon Moreno,Mia,RB|W/R/T
7,0.0,Troll Toll,Starter,Marshawn Lynch,Sea,RB|W/R/T
7,18.9,Troll Toll,Starter,Jimmy Graham,NO,TE|W/R/T
7,7.3,Troll Toll,Starter,James Jones,GB,WR|W/R/T
7,19.42,Troll Toll,Non-Starter,Mark Sanchez,Was,QB
7,4.65,Troll Toll,Non-Starter,Isaac Redman,Pit,RB|W/R/T
7,0.0,Troll Toll,Non-Starter,Frank Gore,NYJ,RB|W/R/T
7,0.0,Troll Toll,Non-Starter,Deion Branch,Ind,WR|W/R/T
7,0.0,Troll Toll,Non-Starter,Julio Jones,Phi,WR|W/R/T
7,4.35,Troll Toll,Non-Starter,Greg Little,Cin,WR|W/R/T
7,9.6,Troll Toll,Non-Starter,Daniel Fells,NYG,TE|W/R/T
7,7.0,Troll Toll,Starter,Pittsburgh Steelers,Pit,DEF
8,11.02,Troll Toll,Starter,Andy Dalton,Car,QB
8,3.55,Troll Toll,Starter,Dez Bryant,Bal,WR|W/R/T
8,10.6,Troll Toll,Starter,Deion Branch,Ind,WR|W/R/T
8,7.65,Troll Toll,Starter,Knowshon Moreno,Mia,RB|W/R/T
8,19.4,Troll Toll,Starter,Frank Gore,NYJ,RB|W/R/T
8,4.9,Troll Toll,Starter,Jimmy Graham,NO,TE|W/R/T
8,6.4,Troll Toll,Starter,Marshawn Lynch,Sea,RB|W/R/T
8,0.0,Troll Toll,Non-Starter,Matt Ryan,Ind,QB
8,0.0,Troll Toll,Non-Starter,Greg Jennings,Mia,WR|W/R/T
8,0.0,Troll Toll,Non-Starter,James Jones,GB,WR|W/R/T
8,0.0,Troll Toll,Non-Starter,Mark Sanchez,Was,QB
8,0.0,Troll Toll,Non-Starter,Julio Jones,Phi,WR|W/R/T
8,3.0,Troll Toll,Non-Starter,Greg Little,Cin,WR|W/R/T
8,0.75,Troll Toll,Non-Starter,Daniel Fells,NYG,TE|W/R/T
8,6.0,Troll Toll,Starter,Pittsburgh Steelers,Pit,DEF
9,21.0,Troll Toll,Starter,Matt Ryan,Ind,QB
9,6.6,Troll Toll,Starter,Dez Bryant,Bal,WR|W/R/T
9,12.1,Troll Toll,Starter,Greg Jennings,Mia,WR|W/R/T
9,11.65,Troll Toll,Starter,Frank Gore,NYJ,RB|W/R/T
9,2.35,Troll Toll,Starter,Chris Ogbonnaya,NYG,RB|W/R/T
9,9.3,Troll Toll,Starter,Jimmy Graham,NO,TE|W/R/T
9,29.15,Troll Toll,Starter,Julio Jones,Phi,WR|W/R/T
9,1.3,Troll Toll,Non-Starter,Knowshon Moreno,Mia,RB|W/R/T
9,2.6,Troll Toll,Non-Starter,Deion Branch,Ind,WR|W/R/T
9,20.55,Troll Toll,Non-Starter,Marshawn Lynch,Sea,RB|W/R/T
9,8.35,Troll Toll,Non-Starter,James Jones,GB,WR|W/R/T
9,8.9,Troll Toll,Non-Starter,Mark Sanchez,Was,QB
9,3.8,Troll Toll,Non-Starter,Greg Little,Cin,WR|W/R/T
9,0.85,Troll Toll,Non-Starter,Daniel Fells,NYG,TE|W/R/T
9,5.0,Troll Toll,Starter,Pittsburgh Steelers,Pit,DEF
10,20.94,Troll Toll,Starter,Matt Ryan,Ind,QB
10,14.9,Troll Toll,Starter,Dez Bryant,Bal,WR|W/R/T
10,9.95,Troll Toll,Starter,Greg Jennings,Mia,WR|W/R/T
10,1.05,Troll Toll,Starter,Frank Gore,NYJ,RB|W/R/T
10,11.4,Troll Toll,Starter,Chris Ogbonnaya,NYG,RB|W/R/T
10,15.95,Troll Toll,Starter,Jimmy Graham,NO,TE|W/R/T
10,1.4,Troll Toll,Starter,Julio Jones,Phi,WR|W/R/T
10,5.2,Troll Toll,Non-Starter,Knowshon Moreno,Mia,RB|W/R/T
10,13.05,Troll Toll,Non-Starter,Deion Branch,Ind,WR|W/R/T
10,23.95,Troll Toll,Non-Starter,Marshawn Lynch,Sea,RB|W/R/T
10,1.15,Troll Toll,Non-Starter,James Jones,GB,WR|W/R/T
10,19.34,Troll Toll,Non-Starter,Mark Sanchez,Was,QB
10,10.9,Troll Toll,Non-Starter,Greg Little,Cin,WR|W/R/T
10,0.0,Troll Toll,Non-Starter,Daniel Fells,NYG,TE|W/R/T
10,5.0,Troll Toll,Starter,Pittsburgh Steelers,Pit,DEF
11,16.94,Troll Toll,Starter,Matt Ryan,Ind,QB
11,13.55,Troll Toll,Starter,Dez Bryant,Bal,WR|W/R/T
11,1.1,Troll Toll,Starter,Greg Jennings,Mia,WR|W/R/T
11,9.65,Troll Toll,Starter,Frank Gore,NYJ,RB|W/R/T
11,19.9,Troll Toll,Starter,Chris Ogbonnaya,NYG,RB|W/R/T
11,0.0,Troll Toll,Starter,Daniel Fells,NYG,TE|W/R/T
11,2.4,Troll Toll,Starter,Deion Branch,Ind,WR|W/R/T
11,0.0,Troll Toll,Non-Starter,Julio Jones,Phi,WR|W/R/T
11,0.0,Troll Toll,Non-Starter,Jimmy Graham,NO,TE|W/R/T
11,15.4,Troll Toll,Non-Starter,Marshawn Lynch,Sea,RB|W/R/T
11,0.0,Troll Toll,Non-Starter,James Jones,GB,WR|W/R/T
11,8.08,Troll Toll,Non-Starter,Mark Sanchez,Was,QB
11,7.15,Troll Toll,Non-Starter,Greg Little,Cin,WR|W/R/T
11,15.0,Troll Toll,Starter,Seattle Seahawks,Sea,DEF
11,0.0,Troll Toll,Non-Starter,Pittsburgh Steelers,Pit,DEF
12,22.78,Troll Toll,Starter,Matt Ryan,Ind,QB
12,4.25,Troll Toll,Starter,Dez Bryant,Bal,WR|W/R/T
12,14.65,Troll Toll,Starter,Greg Jennings,Mia,WR|W/R/T
12,5.05,Troll Toll,Starter,Frank Gore,NYJ,RB|W/R/T
12,2.25,Troll Toll,Starter,Chris Ogbonnaya,NYG,RB|W/R/T
12,21.65,Troll Toll,Starter,Jimmy Graham,NO,TE|W/R/T
12,4.75,Troll Toll,Starter,Joe McKnight,KC,RB|W/R/T
12,14.0,Troll Toll,Non-Starter,Deion Branch,Ind,WR|W/R/T
12,2.15,Troll Toll,Non-Starter,Daniel Fells,NYG,TE|W/R/T
12,0.0,Troll Toll,Non-Starter,Julio Jones,Phi,WR|W/R/T
12,19.35,Troll Toll,Non-Starter,Marshawn Lynch,Sea,RB|W/R/T
12,16.15,Troll Toll,Non-Starter,James Jones,GB,WR|W/R/T
12,21.7,Troll Toll,Non-Starter,Mark Sanchez,Was,QB
12,14.25,Troll Toll,Non-Starter,Greg Little,Cin,WR|W/R/T
12,13.0,Troll Toll,Starter,Pittsburgh Steelers,Pit,DEF
13,11.68,Troll Toll,Starter,Matt Ryan,Ind,QB
13,16.6,Troll Toll,Starter,Dez Bryant,Bal,WR|W/R/T
13,17.15,Troll Toll,Starter,Greg Jennings,Mia,WR|W/R/T
13,7.3,Troll Toll,Starter,Frank Gore,NYJ,RB|W/R/T
13,26.8,Troll Toll,Starter,Marshawn Lynch,Sea,RB|W/R/T
13,10.9,Troll Toll,Starter,Jimmy Graham,NO,TE|W/R/T
13,4.45,Troll Toll,Starter,Deion Branch,Ind,WR|W/R/T
13,0.35,Troll Toll,Non-Starter,Joe McKnight,KC,RB|W/R/T
13,4.25,Troll Toll,Non-Starter,Chris Ogbonnaya,NYG,RB|W/R/T
13,0.0,Troll Toll,Non-Starter,Daniel Fells,NYG,TE|W/R/T
13,7.8,Troll Toll,Non-Starter,Julio Jones,Phi,WR|W/R/T
13,0.0,Troll Toll,Non-Starter,James Jones,GB,WR|W/R/T
13,10.7,Troll Toll,Non-Starter,Mark Sanchez,Was,QB
13,2.55,Troll Toll,Non-Starter,Greg Little,Cin,WR|W/R/T
13,19.0,Troll Toll,Starter,Pittsburgh Steelers,Pit,DEF
14,28.8,Troll Toll,Starter,Matt Ryan,Ind,QB
14,11.25,Troll Toll,Starter,Dez Bryant,Bal,WR|W/R/T
14,2.5,Troll Toll,Starter,Greg Jennings,Mia,WR|W/R/T
14,13.2,Troll Toll,Starter,Frank Gore,NYJ,RB|W/R/T
14,18.8,Troll Toll,Starter,Marshawn Lynch,Sea,RB|W/R/T
14,6.75,Troll Toll,Starter,Jimmy Graham,NO,TE|W/R/T
14,0.0,Troll Toll,Starter,Deion Branch,Ind,WR|W/R/T
14,0.0,Troll Toll,Non-Starter,Joe McKnight,KC,RB|W/R/T
14,3.1,Troll Toll,Non-Starter,Chris Ogbonnaya,NYG,RB|W/R/T
14,0.0,Troll Toll,Non-Starter,Daniel Fells,NYG,TE|W/R/T
14,23.15,Troll Toll,Non-Starter,Julio Jones,Phi,WR|W/R/T
14,3.4,Troll Toll,Non-Starter,James Jones,GB,WR|W/R/T
14,25.64,Troll Toll,Non-Starter,Mark Sanchez,Was,QB
14,3.0,Troll Toll,Non-Starter,Greg Little,Cin,WR|W/R/T
14,14.0,Troll Toll,Starter,Pittsburgh Steelers,Pit,DEF
15,20.96,Troll Toll,Starter,Matt Ryan,Ind,QB
15,11.0,Troll Toll,Starter,Dez Bryant,Bal,WR|W/R/T
15,2.2,Troll Toll,Starter,James Jones,GB,WR|W/R/T
15,12.5,Troll Toll,Starter,Frank Gore,NYJ,RB|W/R/T
15,17.2,Troll Toll,Starter,Marshawn Lynch,Sea,RB|W/R/T
15,12.75,Troll Toll,Starter,Jimmy Graham,NO,TE|W/R/T
15,20.35,Troll Toll,Starter,Greg Little,Cin,WR|W/R/T
15,0.0,Troll Toll,Non-Starter,Greg Jennings,Mia,WR|W/R/T
15,0.0,Troll Toll,Non-Starter,Deion Branch,Ind,WR|W/R/T
15,3.15,Troll Toll,Non-Starter,Joe McKnight,KC,RB|W/R/T
15,0.55,Troll Toll,Non-Starter,Chris Ogbonnaya,NYG,RB|W/R/T
15,0.0,Troll Toll,Non-Starter,Daniel Fells,NYG,TE|W/R/T
15,16.35,Troll Toll,Non-Starter,Julio Jones,Phi,WR|W/R/T
15,8.3,Troll Toll,Non-Starter,Mark Sanchez,Was,QB
15,1.0,Troll Toll,Starter,Pittsburgh Steelers,Pit,DEF
1,29.06,Cock Salad,Starter,Drew Brees,NO,QB
1,26.85,Cock Salad,Starter,Kenny Britt,NE,WR|W/R/T
1,16.25,Cock Salad,Starter,Miles Austin,Phi,WR|W/R/T
1,15.7,Cock Salad,Starter,Maurice Jones-Drew,LV,RB|W/R/T
1,2.5,Cock Salad,Starter,Rashard Mendenhall,Ari,RB|W/R/T
1,9.4,Cock Salad,Starter,Antonio Gates,LAC,TE|W/R/T
1,0.0,Cock Salad,Starter,Austin Collie,NE,WR|W/R/T
1,3.0,Cock Salad,Non-Starter,Michael Bush,Ari,RB|W/R/T
1,15.2,Cock Salad,Non-Starter,Jordy Nelson,LV,WR|W/R/T
1,18.48,Cock Salad,Non-Starter,Jay Cutler,Mia,QB
1,8.8,Cock Salad,Non-Starter,Greg Olsen,Sea,TE|W/R/T
1,0.65,Cock Salad,Non-Starter,Mike Goodson,NYJ,RB|W/R/T
1,1.6,Cock Salad,Non-Starter,Toby Gerhart,Jax,RB|W/R/T
1,5.1,Cock Salad,Non-Starter,Donald Driver,GB,WR|W/R/T
1,17.0,Cock Salad,Starter,Philadelphia Eagles,Phi,DEF
2,23.0,Cock Salad,Starter,Drew Brees,NO,QB
2,21.75,Cock Salad,Starter,Kenny Britt,NE,WR|W/R/T
2,34.35,Cock Salad,Starter,Miles Austin,Phi,WR|W/R/T
2,11.45,Cock Salad,Starter,Maurice Jones-Drew,LV,RB|W/R/T
2,14.3,Cock Salad,Starter,Rashard Mendenhall,Ari,RB|W/R/T
2,0.0,Cock Salad,Starter,Antonio Gates,LAC,TE|W/R/T
2,3.15,Cock Salad,Starter,Austin Collie,NE,WR|W/R/T
2,8.3,Cock Salad,Non-Starter,Michael Bush,Ari,RB|W/R/T
2,14.65,Cock Salad,Non-Starter,Jordy Nelson,LV,WR|W/R/T
2,12.96,Cock Salad,Non-Starter,Jay Cutler,Mia,QB
2,3.65,Cock Salad,Non-Starter,Greg Olsen,Sea,TE|W/R/T
2,0.0,Cock Salad,Non-Starter,Mike Goodson,NYJ,RB|W/R/T
2,8.05,Cock Salad,Non-Starter,Toby Gerhart,Jax,RB|W/R/T
2,1.25,Cock Salad,Non-Starter,Donald Driver,GB,WR|W/R/T
2,4.0,Cock Salad,Starter,Philadelphia Eagles,Phi,DEF
3,26.7,Cock Salad,Starter,Drew Brees,NO,QB
3,0.55,Cock Salad,Starter,Kenny Britt,NE,WR|W/R/T
3,4.75,Cock Salad,Starter,Jordy Nelson,LV,WR|W/R/T
3,17.45,Cock Salad,Starter,Maurice Jones-Drew,LV,RB|W/R/T
3,5.35,Cock Salad,Starter,Rashard Mendenhall,Ari,RB|W/R/T
3,0.0,Cock Salad,Starter,Antonio Gates,LAC,TE|W/R/T
3,4.15,Cock Salad,Starter,Austin Collie,NE,WR|W/R/T
3,0.0,Cock Salad,Non-Starter,Miles Austin,Phi,WR|W/R/T
3,12.2,Cock Salad,Non-Starter,Michael Bush,Ari,RB|W/R/T
3,17.18,Cock Salad,Non-Starter,Jay Cutler,Mia,QB
3,15.45,Cock Salad,Non-Starter,Greg Olsen,Sea,TE|W/R/T
3,0.0,Cock Salad,Non-Starter,Mike Goodson,NYJ,RB|W/R/T
3,0.95,Cock Salad,Non-Starter,Toby Gerhart,Jax,RB|W/R/T
3,0.0,Cock Salad,Non-Starter,Donald Driver,GB,WR|W/R/T
3,2.0,Cock Salad,Starter,Philadelphia Eagles,Phi,DEF
4,15.04,Cock Salad,Starter,Drew Brees,NO,QB
4,16.35,Cock Salad,Starter,Jordy Nelson,LV,WR|W/R/T
4,2.1,Cock Salad,Starter,Austin Collie,NE,WR|W/R/T
4,8.95,Cock Salad,Starter,Maurice Jones-Drew,LV,RB|W/R/T
4,8.5,Cock Salad,Starter,Rashard Mendenhall,Ari,RB|W/R/T
4,12.25,Cock Salad,Starter,Greg Olsen,Sea,TE|W/R/T
4,15.1,Cock Salad,Starter,Michael Bush,Ari,RB|W/R/T
4,0.0,Cock Salad,Non-Starter,Kenny Britt,NE,WR|W/R/T
4,0.0,Cock Salad,Non-Starter,Antonio Gates,LAC,TE|W/R/T
4,0.0,Cock Salad,Non-Starter,Miles Austin,Phi,WR|W/R/T
4,2.28,Cock Salad,Non-Starter,Jay Cutler,Mia,QB
4,0.0,Cock Salad,Non-Starter,Mike Goodson,NYJ,RB|W/R/T
4,0.4,Cock Salad,Non-Starter,Toby Gerhart,Jax,RB|W/R/T
4,8.75,Cock Salad,Non-Starter,Donald Driver,GB,WR|W/R/T
4,7.0,Cock Salad,Starter,Philadelphia Eagles,Phi,DEF
5,20.36,Cock Salad,Starter,Drew Brees,NO,QB
5,2.45,Cock Salad,Starter,Jordy Nelson,LV,WR|W/R/T
5,5.5,Cock Salad,Starter,Austin Collie,NE,WR|W/R/T
5,14.5,Cock Salad,Starter,Maurice Jones-Drew,LV,RB|W/R/T
5,0.0,Cock Salad,Starter,Rashard Mendenhall,Ari,RB|W/R/T
5,8.85,Cock Salad,Starter,Greg Olsen,Sea,TE|W/R/T
5,0.9,Cock Salad,Starter,Michael Bush,Ari,RB|W/R/T
5,0.0,Cock Salad,Non-Starter,Kenny Britt,NE,WR|W/R/T
5,0.0,Cock Salad,Non-Starter,Antonio Gates,LAC,TE|W/R/T
5,0.0,Cock Salad,Non-Starter,Miles Austin,Phi,WR|W/R/T
5,14.26,Cock Salad,Non-Starter,Jay Cutler,Mia,QB
5,0.0,Cock Salad,Non-Starter,Mike Goodson,NYJ,RB|W/R/T
5,0.9,Cock Salad,Non-Starter,Toby Gerhart,Jax,RB|W/R/T
5,0.75,Cock Salad,Non-Starter,Donald Driver,GB,WR|W/R/T
5,3.0,Cock Salad,Starter,Philadelphia Eagles,Phi,DEF
6,15.42,Cock Salad,Starter,Drew Brees,NO,QB
6,16.9,Cock Salad,Starter,Jordy Nelson,LV,WR|W/R/T
6,1.05,Cock Salad,Starter,Austin Collie,NE,WR|W/R/T
6,10.9,Cock Salad,Starter,Maurice Jones-Drew,LV,RB|W/R/T
6,20.6,Cock Salad,Starter,Rashard Mendenhall,Ari,RB|W/R/T
6,5.45,Cock Salad,Starter,Greg Olsen,Sea,TE|W/R/T
6,9.15,Cock Salad,Starter,Miles Austin,Phi,WR|W/R/T
6,3.95,Cock Salad,Non-Starter,Michael Bush,Ari,RB|W/R/T
6,0.0,Cock Salad,Non-Starter,Kenny Britt,NE,WR|W/R/T
6,0.0,Cock Salad,Non-Starter,Antonio Gates,LAC,TE|W/R/T
6,16.68,Cock Salad,Non-Starter,Jay Cutler,Mia,QB
6,0.0,Cock Salad,Non-Starter,Mike Goodson,NYJ,RB|W/R/T
6,1.5,Cock Salad,Non-Starter,Toby Gerhart,Jax,RB|W/R/T
6,9.25,Cock Salad,Non-Starter,Donald Driver,GB,WR|W/R/T
6,14.0,Cock Salad,Starter,Philadelphia Eagles,Phi,DEF
7,33.0,Cock Salad,Starter,Drew Brees,NO,QB
7,6.2,Cock Salad,Starter,Jordy Nelson,LV,WR|W/R/T
7,1.7,Cock Salad,Starter,Austin Collie,NE,WR|W/R/T
7,8.9,Cock Salad,Starter,Maurice Jones-Drew,LV,RB|W/R/T
7,3.95,Cock Salad,Starter,Rashard Mendenhall,Ari,RB|W/R/T
7,0.65,Cock Salad,Starter,Greg Olsen,Sea,TE|W/R/T
7,2.1,Cock Salad,Starter,Miles Austin,Phi,WR|W/R/T
7,11.6,Cock Salad,Non-Starter,Michael Bush,Ari,RB|W/R/T
7,0.0,Cock Salad,Non-Starter,Kenny Britt,NE,WR|W/R/T
7,12.65,Cock Salad,Non-Starter,Antonio Gates,LAC,TE|W/R/T
7,8.94,Cock Salad,Non-Starter,Jay Cutler,Mia,QB
7,0.0,Cock Salad,Non-Starter,Mike Goodson,NYJ,RB|W/R/T
7,0.4,Cock Salad,Non-Starter,Toby Gerhart,Jax,RB|W/R/T
7,0.85,Cock Salad,Non-Starter,Donald Driver,GB,WR|W/R/T
7,0.0,Cock Salad,Starter,Philadelphia Eagles,Phi,DEF
8,10.66,Cock Salad,Starter,Drew Brees,NO,QB
8,0.0,Cock Salad,Starter,Jordy Nelson,LV,WR|W/R/T
8,5.65,Cock Salad,Starter,Austin Collie,NE,WR|W/R/T
8,13.65,Cock Salad,Starter,Maurice Jones-Drew,LV,RB|W/R/T
8,9.95,Cock Salad,Starter,Rashard Mendenhall,Ari,RB|W/R/T
8,14.3,Cock Salad,Starter,Greg Olsen,Sea,TE|W/R/T
8,3.45,Cock Salad,Starter,Miles Austin,Phi,WR|W/R/T
8,0.0,Cock Salad,Non-Starter,Michael Bush,Ari,RB|W/R/T
8,0.0,Cock Salad,Non-Starter,Kenny Britt,NE,WR|W/R/T
8,8.3,Cock Salad,Non-Starter,Antonio Gates,LAC,TE|W/R/T
8,0.0,Cock Salad,Non-Starter,Jay Cutler,Mia,QB
8,0.0,Cock Salad,Non-Starter,Mike Goodson,NYJ,RB|W/R/T
8,2.6,Cock Salad,Non-Starter,Toby Gerhart,Jax,RB|W/R/T
8,0.0,Cock Salad,Non-Starter,Donald Driver,GB,WR|W/R/T
8,10.0,Cock Salad,Starter,Philadelphia Eagles,Phi,DEF
9,18.32,Cock Salad,Starter,Drew Brees,NO,QB
9,17.75,Cock Salad,Starter,Jordy Nelson,LV,WR|W/R/T
9,0.0,Cock Salad,Starter,Malcom Floyd,LAC,WR|W/R/T
9,11.75,Cock Salad,Starter,Rashard Mendenhall,Ari,RB|W/R/T
9,19.4,Cock Salad,Starter,Michael Bush,Ari,RB|W/R/T
9,17.6,Cock Salad,Starter,Antonio Gates,LAC,TE|W/R/T
9,5.8,Cock Salad,Starter,Miles Austin,Phi,WR|W/R/T
9,0.0,Cock Salad,Non-Starter,Maurice Jones-Drew,LV,RB|W/R/T
9,0.0,Cock Salad,Non-Starter,Greg Olsen,Sea,TE|W/R/T
9,0.0,Cock Salad,Non-Starter,Kenny Britt,NE,WR|W/R/T
9,16.32,Cock Salad,Non-Starter,Jay Cutler,Mia,QB
9,0.0,Cock Salad,Non-Starter,Mike Goodson,NYJ,RB|W/R/T
9,0.0,Cock Salad,Non-Starter,Toby Gerhart,Jax,RB|W/R/T
9,2.3,Cock Salad,Non-Starter,Donald Driver,GB,WR|W/R/T
9,9.0,Cock Salad,Starter,Philadelphia Eagles,Phi,DEF
10,20.88,Cock Salad,Starter,Drew Brees,NO,QB
10,19.55,Cock Salad,Starter,Jordy Nelson,LV,WR|W/R/T
10,0.0,Cock Salad,Starter,Malcom Floyd,LAC,WR|W/R/T
10,19.25,Cock Salad,Starter,Rashard Mendenhall,Ari,RB|W/R/T
10,30.95,Cock Salad,Starter,Michael Bush,Ari,RB|W/R/T
10,6.65,Cock Salad,Starter,Antonio Gates,LAC,TE|W/R/T
10,0.0,Cock Salad,Starter,Miles Austin,Phi,WR|W/R/T
10,20.45,Cock Salad,Non-Starter,Maurice Jones-Drew,LV,RB|W/R/T
10,3.5,Cock Salad,Non-Starter,Greg Olsen,Sea,TE|W/R/T
10,0.0,Cock Salad,Non-Starter,Kenny Britt,NE,WR|W/R/T
10,4.72,Cock Salad,Non-Starter,Jay Cutler,Mia,QB
10,0.0,Cock Salad,Non-Starter,Mike Goodson,NYJ,RB|W/R/T
10,0.0,Cock Salad,Non-Starter,Toby Gerhart,Jax,RB|W/R/T
10,4.35,Cock Salad,Non-Starter,Donald Driver,GB,WR|W/R/T
10,14.0,Cock Salad,Starter,Philadelphia Eagles,Phi,DEF
11,24.44,Cock Salad,Starter,Jay Cutler,Mia,QB
11,2.25,Cock Salad,Starter,Preston Parker,NYG,WR|W/R/T
11,25.8,Cock Salad,Starter,Jordy Nelson,LV,WR|W/R/T
11,17.4,Cock Salad,Starter,Michael Bush,Ari,RB|W/R/T
11,18.8,Cock Salad,Starter,Maurice Jones-Drew,LV,RB|W/R/T
11,3.05,Cock Salad,Starter,Greg Olsen,Sea,TE|W/R/T
11,13.3,Cock Salad,Starter,Antonio Gates,LAC,TE|W/R/T
11,0.0,Cock Salad,Non-Starter,Drew Brees,NO,QB
11,0.0,Cock Salad,Non-Starter,Malcom Floyd,LAC,WR|W/R/T
11,0.0,Cock Salad,Non-Starter,Rashard Mendenhall,Ari,RB|W/R/T
11,0.0,Cock Salad,Non-Starter,Miles Austin,Phi,WR|W/R/T
11,0.0,Cock Salad,Non-Starter,Mike Goodson,NYJ,RB|W/R/T
11,2.75,Cock Salad,Non-Starter,Toby Gerhart,Jax,RB|W/R/T
11,8.2,Cock Salad,Non-Starter,Donald Driver,GB,WR|W/R/T
11,11.0,Cock Salad,Starter,Philadelphia Eagles,Phi,DEF
12,37.32,Cock Salad,Starter,Drew Brees,NO,QB
12,0.0,Cock Salad,Starter,Preston Parker,NYG,WR|W/R/T
12,3.6,Cock Salad,Starter,Jordy Nelson,LV,WR|W/R/T
12,16.3,Cock Salad,Starter,Michael Bush,Ari,RB|W/R/T
12,17.6,Cock Salad,Starter,Maurice Jones-Drew,LV,RB|W/R/T
12,3.15,Cock Salad,Starter,Greg Olsen,Sea,TE|W/R/T
12,7.2,Cock Salad,Starter,Rashard Mendenhall,Ari,RB|W/R/T
12,12.4,Cock Salad,Non-Starter,Antonio Gates,LAC,TE|W/R/T
12,0.0,Cock Salad,Non-Starter,Jay Cutler,Mia,QB
12,0.0,Cock Salad,Non-Starter,Malcom Floyd,LAC,WR|W/R/T
12,0.0,Cock Salad,Non-Starter,Miles Austin,Phi,WR|W/R/T
12,0.0,Cock Salad,Non-Starter,Mike Goodson,NYJ,RB|W/R/T
12,12.8,Cock Salad,Non-Starter,Toby Gerhart,Jax,RB|W/R/T
12,1.75,Cock Salad,Non-Starter,Donald Driver,GB,WR|W/R/T
12,-3.0,Cock Salad,Starter,Philadelphia Eagles,Phi,DEF
13,25.68,Cock Salad,Starter,Drew Brees,NO,QB
13,10.4,Cock Salad,Starter,Jordy Nelson,LV,WR|W/R/T
13,3.35,Cock Salad,Starter,Preston Parker,NYG,WR|W/R/T
13,5.25,Cock Salad,Starter,Michael Bush,Ari,RB|W/R/T
13,26.3,Cock Salad,Starter,Maurice Jones-Drew,LV,RB|W/R/T
13,2.35,Cock Salad,Starter,Greg Olsen,Sea,TE|W/R/T
13,18.0,Cock Salad,Starter,Rashard Mendenhall,Ari,RB|W/R/T
13,0.0,Cock Salad,Non-Starter,Miles Austin,Phi,WR|W/R/T
13,8.5,Cock Salad,Non-Starter,Antonio Gates,LAC,TE|W/R/T
13,0.0,Cock Salad,Non-Starter,Jay Cutler,Mia,QB
13,17.8,Cock Salad,Non-Starter,Malcom Floyd,LAC,WR|W/R/T
13,0.0,Cock Salad,Non-Starter,Mike Goodson,NYJ,RB|W/R/T
13,15.3,Cock Salad,Non-Starter,Toby Gerhart,Jax,RB|W/R/T
13,16.4,Cock Salad,Non-Starter,Donald Driver,GB,WR|W/R/T
13,3.0,Cock Salad,Starter,Philadelphia Eagles,Phi,DEF
14,22.08,Cock Salad,Starter,Drew Brees,NO,QB
14,14.85,Cock Salad,Starter,Jordy Nelson,LV,WR|W/R/T
14,0.25,Cock Salad,Starter,Preston Parker,NYG,WR|W/R/T
14,16.45,Cock Salad,Starter,Michael Bush,Ari,RB|W/R/T
14,39.1,Cock Salad,Starter,Maurice Jones-Drew,LV,RB|W/R/T
14,11.8,Cock Salad,Starter,Greg Olsen,Sea,TE|W/R/T
14,7.6,Cock Salad,Starter,Rashard Mendenhall,Ari,RB|W/R/T
14,13.8,Cock Salad,Non-Starter,Miles Austin,Phi,WR|W/R/T
14,20.55,Cock Salad,Non-Starter,Antonio Gates,LAC,TE|W/R/T
14,0.0,Cock Salad,Non-Starter,Jay Cutler,Mia,QB
14,3.4,Cock Salad,Non-Starter,Malcom Floyd,LAC,WR|W/R/T
14,0.0,Cock Salad,Non-Starter,Mike Goodson,NYJ,RB|W/R/T
14,17.65,Cock Salad,Non-Starter,Toby Gerhart,Jax,RB|W/R/T
14,8.5,Cock Salad,Non-Starter,Donald Driver,GB,WR|W/R/T
14,21.0,Cock Salad,Starter,Philadelphia Eagles,Phi,DEF
15,34.88,Cock Salad,Starter,Drew Brees,NO,QB
15,3.4,Cock Salad,Starter,Jordy Nelson,LV,WR|W/R/T
15,0.0,Cock Salad,Starter,Preston Parker,NYG,WR|W/R/T
15,15.65,Cock Salad,Starter,Michael Bush,Ari,RB|W/R/T
15,11.55,Cock Salad,Starter,Maurice Jones-Drew,LV,RB|W/R/T
15,2.0,Cock Salad,Starter,Greg Olsen,Sea,TE|W/R/T
15,9.65,Cock Salad,Starter,Rashard Mendenhall,Ari,RB|W/R/T
15,12.55,Cock Salad,Non-Starter,Miles Austin,Phi,WR|W/R/T
15,3.6,Cock Salad,Non-Starter,Antonio Gates,LAC,TE|W/R/T
15,0.0,Cock Salad,Non-Starter,Jay Cutler,Mia,QB
15,16.85,Cock Salad,Non-Starter,Malcom Floyd,LAC,WR|W/R/T
15,0.0,Cock Salad,Non-Starter,Mike Goodson,NYJ,RB|W/R/T
15,18.8,Cock Salad,Non-Starter,Toby Gerhart,Jax,RB|W/R/T
15,7.2,Cock Salad,Non-Starter,Donald Driver,GB,WR|W/R/T
15,19.0,Cock Salad,Starter,Philadelphia Eagles,Phi,DEF
16,25.18,Cock Salad,Starter,Drew Brees,NO,QB
16,25.0,Cock Salad,Starter,Jordy Nelson,LV,WR|W/R/T
16,1.85,Cock Salad,Starter,Preston Parker,NYG,WR|W/R/T
16,9.9,Cock Salad,Starter,Michael Bush,Ari,RB|W/R/T
16,19.9,Cock Salad,Starter,Maurice Jones-Drew,LV,RB|W/R/T
16,0.0,Cock Salad,Starter,Greg Olsen,Sea,TE|W/R/T
16,21.35,Cock Salad,Starter,Rashard Mendenhall,Ari,RB|W/R/T
16,11.0,Cock Salad,Non-Starter,Miles Austin,Phi,WR|W/R/T
16,5.0,Cock Salad,Non-Starter,Antonio Gates,LAC,TE|W/R/T
16,0.0,Cock Salad,Non-Starter,Jay Cutler,Mia,QB
16,17.0,Cock Salad,Non-Starter,Malcom Floyd,LAC,WR|W/R/T
16,0.0,Cock Salad,Non-Starter,Mike Goodson,NYJ,RB|W/R/T
16,10.9,Cock Salad,Non-Starter,Toby Gerhart,Jax,RB|W/R/T
16,3.4,Cock Salad,Non-Starter,Donald Driver,GB,WR|W/R/T
16,7.0,Cock Salad,Starter,Philadelphia Eagles,Phi,DEF
