1,13.04,imdrunkrightnow,Starter,Philip Rivers,Ind,QB
1,19.9,imdrunkrightnow,Starter,Andre Johnson,Ten,WR|W/R/T
1,5.05,imdrunkrightnow,Starter,Darrius Heyward-Bey,Pit,WR|W/R/T
1,4.65,imdrunkrightnow,Starter,Trenton Richardson,Ind,RB|W/R/T
1,14.5,imdrunkrightnow,Starter,DeMarco Murray,Ten,RB|W/R/T
1,7.4,imdrunkrightnow,Starter,Jared Cook,LAC,TE|W/R/T
1,1.8,imdrunkrightnow,Starter,Cedric Benson,GB,RB|W/R/T
1,0.0,imdrunkrightnow,Non-Starter,Denarius Moore,Buf,WR|W/R/T
1,1.5,imdrunkrightnow,Non-Starter,Jason Witten,LV,TE|W/R/T
1,0.0,imdrunkrightnow,Non-Starter,Felix Jones,Pit,RB|W/R/T
1,7.7,imdrunkrightnow,Non-Starter,Mike Williams,Buf,WR|W/R/T
1,0.0,imdrunkrightnow,Non-Starter,Rueben Randle,NYG,WR|W/R/T
1,2.0,imdrunkrightnow,Non-Starter,Danny Woodhead,Bal,RB|W/R/T
1,5.4,imdrunkrightnow,Non-Starter,Robert Meachem,NO,WR|W/R/T
1,6.5,imdrunkrightnow,Starter,New York Giants,NYG,DEF
2,22.26,imdrunkrightnow,Starter,Philip Rivers,Ind,QB
2,2.85,imdrunkrightnow,Starter,Andre Johnson,Ten,WR|W/R/T
2,5.1,imdrunkrightnow,Starter,Darrius Heyward-Bey,Pit,WR|W/R/T
2,27.5,imdrunkrightnow,Starter,Trenton Richardson,Ind,RB|W/R/T
2,8.5,imdrunkrightnow,Starter,DeMarco Murray,Ten,RB|W/R/T
2,6.8,imdrunkrightnow,Starter,Jason Witten,LV,TE|W/R/T
2,12.6,imdrunkrightnow,Starter,Cedric Benson,GB,RB|W/R/T
2,3.05,imdrunkrightnow,Non-Starter,Jared Cook,LAC,TE|W/R/T
2,7.45,imdrunkrightnow,Non-Starter,Denarius Moore,Buf,WR|W/R/T
2,3.1,imdrunkrightnow,Non-Starter,Felix Jones,Pit,RB|W/R/T
2,12.65,imdrunkrightnow,Non-Starter,Mike Williams,Buf,WR|W/R/T
2,3.25,imdrunkrightnow,Non-Starter,Danny Woodhead,Bal,RB|W/R/T
2,0.0,imdrunkrightnow,Non-Starter,Robert Meachem,NO,WR|W/R/T
2,8.15,imdrunkrightnow,Non-Starter,Shaun Draughn,SF,RB|W/R/T
2,9.5,imdrunkrightnow,Starter,New York Giants,NYG,DEF
3,3.12,imdrunkrightnow,Starter,Philip Rivers,Ind,QB
3,13.7,imdrunkrightnow,Starter,Andre Johnson,Ten,WR|W/R/T
3,3.8,imdrunkrightnow,Starter,Mike Williams,Buf,WR|W/R/T
3,12.6,imdrunkrightnow,Starter,Trenton Richardson,Ind,RB|W/R/T
3,12.25,imdrunkrightnow,Starter,DeMarco Murray,Ten,RB|W/R/T
3,1.3,imdrunkrightnow,Starter,Jason Witten,LV,TE|W/R/T
3,13.4,imdrunkrightnow,Starter,Cedric Benson,GB,RB|W/R/T
3,7.9,imdrunkrightnow,Non-Starter,Darrius Heyward-Bey,Pit,WR|W/R/T
3,14.7,imdrunkrightnow,Non-Starter,Jared Cook,LAC,TE|W/R/T
3,11.75,imdrunkrightnow,Non-Starter,Denarius Moore,Buf,WR|W/R/T
3,3.2,imdrunkrightnow,Non-Starter,Felix Jones,Pit,RB|W/R/T
3,10.55,imdrunkrightnow,Non-Starter,Danny Woodhead,Bal,RB|W/R/T
3,5.3,imdrunkrightnow,Non-Starter,Robert Meachem,NO,WR|W/R/T
3,5.55,imdrunkrightnow,Non-Starter,Shaun Draughn,SF,RB|W/R/T
3,16.5,imdrunkrightnow,Starter,New York Giants,NYG,DEF
4,14.36,imdrunkrightnow,Starter,Philip Rivers,Ind,QB
4,6.35,imdrunkrightnow,Starter,Andre Johnson,Ten,WR|W/R/T
4,8.1,imdrunkrightnow,Starter,Denarius Moore,Buf,WR|W/R/T
4,17.4,imdrunkrightnow,Starter,Trenton Richardson,Ind,RB|W/R/T
4,9.85,imdrunkrightnow,Starter,DeMarco Murray,Ten,RB|W/R/T
4,20.45,imdrunkrightnow,Starter,Jason Witten,LV,TE|W/R/T
4,11.6,imdrunkrightnow,Starter,Cedric Benson,GB,RB|W/R/T
4,12.5,imdrunkrightnow,Non-Starter,Mike Williams,Buf,WR|W/R/T
4,0.0,imdrunkrightnow,Non-Starter,Darrius Heyward-Bey,Pit,WR|W/R/T
4,4.35,imdrunkrightnow,Non-Starter,Jared Cook,LAC,TE|W/R/T
4,1.3,imdrunkrightnow,Non-Starter,Felix Jones,Pit,RB|W/R/T
4,0.0,imdrunkrightnow,Non-Starter,Robert Meachem,NO,WR|W/R/T
4,3.6,imdrunkrightnow,Non-Starter,Shaun Draughn,SF,RB|W/R/T
4,4.1,imdrunkrightnow,Non-Starter,Ramses Barden,NYG,WR|W/R/T
4,8.0,imdrunkrightnow,Starter,New York Giants,NYG,DEF
5,18.16,imdrunkrightnow,Starter,Philip Rivers,Ind,QB
5,1.75,imdrunkrightnow,Starter,Andre Johnson,Ten,WR|W/R/T
5,19.45,imdrunkrightnow,Starter,Robert Meachem,NO,WR|W/R/T
5,20.05,imdrunkrightnow,Starter,Trenton Richardson,Ind,RB|W/R/T
5,4.6,imdrunkrightnow,Starter,Cedric Benson,GB,RB|W/R/T
5,10.95,imdrunkrightnow,Starter,Jared Cook,LAC,TE|W/R/T
5,4.75,imdrunkrightnow,Starter,Shaun Draughn,SF,RB|W/R/T
5,0.0,imdrunkrightnow,Non-Starter,Ramses Barden,NYG,WR|W/R/T
5,0.0,imdrunkrightnow,Non-Starter,Denarius Moore,Buf,WR|W/R/T
5,0.0,imdrunkrightnow,Non-Starter,DeMarco Murray,Ten,RB|W/R/T
5,0.0,imdrunkrightnow,Non-Starter,Jason Witten,LV,TE|W/R/T
5,0.0,imdrunkrightnow,Non-Starter,Mike Williams,Buf,WR|W/R/T
5,0.0,imdrunkrightnow,Non-Starter,Darrius Heyward-Bey,Pit,WR|W/R/T
5,0.0,imdrunkrightnow,Non-Starter,Felix Jones,Pit,RB|W/R/T
5,7.5,imdrunkrightnow,Starter,New York Giants,NYG,DEF
6,3.64,imdrunkrightnow,Starter,Philip Rivers,Ind,QB
6,9.5,imdrunkrightnow,Starter,Andre Johnson,Ten,WR|W/R/T
6,17.65,imdrunkrightnow,Starter,Denarius Moore,Buf,WR|W/R/T
6,5.9,imdrunkrightnow,Starter,Trenton Richardson,Ind,RB|W/R/T
6,9.95,imdrunkrightnow,Starter,DeMarco Murray,Ten,RB|W/R/T
6,10.3,imdrunkrightnow,Starter,Jason Witten,LV,TE|W/R/T
6,18.3,imdrunkrightnow,Starter,Mike Williams,Buf,WR|W/R/T
6,3.05,imdrunkrightnow,Non-Starter,Shaun Draughn,SF,RB|W/R/T
6,3.75,imdrunkrightnow,Non-Starter,Robert Meachem,NO,WR|W/R/T
6,0.0,imdrunkrightnow,Non-Starter,Cedric Benson,GB,RB|W/R/T
6,6.4,imdrunkrightnow,Non-Starter,Jared Cook,LAC,TE|W/R/T
6,0.0,imdrunkrightnow,Non-Starter,Ramses Barden,NYG,WR|W/R/T
6,2.0,imdrunkrightnow,Non-Starter,Darrius Heyward-Bey,Pit,WR|W/R/T
6,16.75,imdrunkrightnow,Non-Starter,Felix Jones,Pit,RB|W/R/T
6,24.0,imdrunkrightnow,Starter,New York Giants,NYG,DEF
7,12.2,imdrunkrightnow,Starter,Sam Bradford,Ari,QB
7,10.85,imdrunkrightnow,Starter,Andre Johnson,Ten,WR|W/R/T
7,10.6,imdrunkrightnow,Starter,Denarius Moore,Buf,WR|W/R/T
7,2.4,imdrunkrightnow,Starter,Trenton Richardson,Ind,RB|W/R/T
7,8.65,imdrunkrightnow,Starter,Felix Jones,Pit,RB|W/R/T
7,5.9,imdrunkrightnow,Starter,Jason Witten,LV,TE|W/R/T
7,4.6,imdrunkrightnow,Starter,Mike Williams,Buf,WR|W/R/T
7,0.0,imdrunkrightnow,Non-Starter,Philip Rivers,Ind,QB
7,0.0,imdrunkrightnow,Non-Starter,DeMarco Murray,Ten,RB|W/R/T
7,0.0,imdrunkrightnow,Non-Starter,Shaun Draughn,SF,RB|W/R/T
7,0.0,imdrunkrightnow,Non-Starter,Robert Meachem,NO,WR|W/R/T
7,4.2,imdrunkrightnow,Non-Starter,Jared Cook,LAC,TE|W/R/T
7,0.0,imdrunkrightnow,Non-Starter,Ramses Barden,NYG,WR|W/R/T
7,9.5,imdrunkrightnow,Non-Starter,Darrius Heyward-Bey,Pit,WR|W/R/T
7,13.0,imdrunkrightnow,Starter,New York Giants,NYG,DEF
8,6.16,imdrunkrightnow,Starter,Philip Rivers,Ind,QB
8,16.85,imdrunkrightnow,Starter,Denarius Moore,Buf,WR|W/R/T
8,14.3,imdrunkrightnow,Starter,Mike Williams,Buf,WR|W/R/T
8,19.65,imdrunkrightnow,Starter,Trenton Richardson,Ind,RB|W/R/T
8,5.9,imdrunkrightnow,Starter,Felix Jones,Pit,RB|W/R/T
8,21.2,imdrunkrightnow,Starter,Jason Witten,LV,TE|W/R/T
8,9.45,imdrunkrightnow,Starter,Darrius Heyward-Bey,Pit,WR|W/R/T
8,0.0,imdrunkrightnow,Non-Starter,Andre Johnson,Ten,WR|W/R/T
8,10.5,imdrunkrightnow,Non-Starter,Sam Bradford,Ari,QB
8,0.0,imdrunkrightnow,Non-Starter,DeMarco Murray,Ten,RB|W/R/T
8,1.65,imdrunkrightnow,Non-Starter,Shaun Draughn,SF,RB|W/R/T
8,-0.6,imdrunkrightnow,Non-Starter,Robert Meachem,NO,WR|W/R/T
8,5.25,imdrunkrightnow,Non-Starter,Jared Cook,LAC,TE|W/R/T
8,0.0,imdrunkrightnow,Non-Starter,Ramses Barden,NYG,WR|W/R/T
8,26.0,imdrunkrightnow,Starter,New York Giants,NYG,DEF
9,11.2,imdrunkrightnow,Starter,Matthew Stafford,LAR,QB
9,7.6,imdrunkrightnow,Starter,Denarius Moore,Buf,WR|W/R/T
9,13.8,imdrunkrightnow,Starter,Andre Johnson,Ten,WR|W/R/T
9,15.1,imdrunkrightnow,Starter,Trenton Richardson,Ind,RB|W/R/T
9,8.3,imdrunkrightnow,Starter,Alex Green,NYJ,RB|W/R/T
9,6.85,imdrunkrightnow,Starter,Jason Witten,LV,TE|W/R/T
9,13.8,imdrunkrightnow,Starter,Mike Williams,Buf,WR|W/R/T
9,12.15,imdrunkrightnow,Non-Starter,Felix Jones,Pit,RB|W/R/T
9,8.65,imdrunkrightnow,Non-Starter,Darrius Heyward-Bey,Pit,WR|W/R/T
9,0.0,imdrunkrightnow,Non-Starter,Sam Bradford,Ari,QB
9,9.2,imdrunkrightnow,Non-Starter,Shaun Draughn,SF,RB|W/R/T
9,0.0,imdrunkrightnow,Non-Starter,Robert Meachem,NO,WR|W/R/T
9,-0.9,imdrunkrightnow,Non-Starter,Jared Cook,LAC,TE|W/R/T
9,0.0,imdrunkrightnow,Non-Starter,Ramses Barden,NYG,WR|W/R/T
9,17.5,imdrunkrightnow,Starter,New York Giants,NYG,DEF
10,24.46,imdrunkrightnow,Starter,Matthew Stafford,LAR,QB
10,16.0,imdrunkrightnow,Starter,Denarius Moore,Buf,WR|W/R/T
10,4.5,imdrunkrightnow,Starter,Andre Johnson,Ten,WR|W/R/T
10,16.05,imdrunkrightnow,Starter,Felix Jones,Pit,RB|W/R/T
10,0.0,imdrunkrightnow,Starter,Shaun Draughn,SF,RB|W/R/T
10,6.7,imdrunkrightnow,Starter,Jason Witten,LV,TE|W/R/T
10,6.9,imdrunkrightnow,Starter,Mike Williams,Buf,WR|W/R/T
10,0.0,imdrunkrightnow,Non-Starter,Trenton Richardson,Ind,RB|W/R/T
10,0.0,imdrunkrightnow,Non-Starter,Alex Green,NYJ,RB|W/R/T
10,15.05,imdrunkrightnow,Non-Starter,Darrius Heyward-Bey,Pit,WR|W/R/T
10,19.0,imdrunkrightnow,Non-Starter,Sam Bradford,Ari,QB
10,1.05,imdrunkrightnow,Non-Starter,Robert Meachem,NO,WR|W/R/T
10,8.85,imdrunkrightnow,Non-Starter,Jared Cook,LAC,TE|W/R/T
10,2.7,imdrunkrightnow,Non-Starter,Ramses Barden,NYG,WR|W/R/T
10,4.5,imdrunkrightnow,Starter,New York Giants,NYG,DEF
11,7.84,imdrunkrightnow,Starter,Matthew Stafford,LAR,QB
11,0.65,imdrunkrightnow,Starter,Denarius Moore,Buf,WR|W/R/T
11,36.8,imdrunkrightnow,Starter,Andre Johnson,Ten,WR|W/R/T
11,12.0,imdrunkrightnow,Starter,Felix Jones,Pit,RB|W/R/T
11,15.9,imdrunkrightnow,Starter,Trenton Richardson,Ind,RB|W/R/T
11,6.85,imdrunkrightnow,Starter,Jason Witten,LV,TE|W/R/T
11,3.65,imdrunkrightnow,Starter,Mike Williams,Buf,WR|W/R/T
11,1.6,imdrunkrightnow,Non-Starter,Shaun Draughn,SF,RB|W/R/T
11,0.0,imdrunkrightnow,Non-Starter,Alex Green,NYJ,RB|W/R/T
11,7.9,imdrunkrightnow,Non-Starter,Darrius Heyward-Bey,Pit,WR|W/R/T
11,11.5,imdrunkrightnow,Non-Starter,Sam Bradford,Ari,QB
11,1.25,imdrunkrightnow,Non-Starter,Robert Meachem,NO,WR|W/R/T
11,0.0,imdrunkrightnow,Non-Starter,Jared Cook,LAC,TE|W/R/T
11,11.0,imdrunkrightnow,Starter,Los Angeles Rams,LAR,DEF
11,0.0,imdrunkrightnow,Non-Starter,New York Giants,NYG,DEF
12,26.34,imdrunkrightnow,Starter,Matthew Stafford,LAR,QB
12,8.25,imdrunkrightnow,Starter,Denarius Moore,Buf,WR|W/R/T
12,21.05,imdrunkrightnow,Starter,Andre Johnson,Ten,WR|W/R/T
12,12.85,imdrunkrightnow,Starter,Felix Jones,Pit,RB|W/R/T
12,18.2,imdrunkrightnow,Starter,Trenton Richardson,Ind,RB|W/R/T
12,9.65,imdrunkrightnow,Starter,Jason Witten,LV,TE|W/R/T
12,4.67,imdrunkrightnow,Starter,Mike Williams,Buf,WR|W/R/T
12,1.3,imdrunkrightnow,Non-Starter,Shaun Draughn,SF,RB|W/R/T
12,5.75,imdrunkrightnow,Non-Starter,Alex Green,NYJ,RB|W/R/T
12,0.0,imdrunkrightnow,Non-Starter,Darrius Heyward-Bey,Pit,WR|W/R/T
12,14.3,imdrunkrightnow,Non-Starter,Sam Bradford,Ari,QB
12,0.0,imdrunkrightnow,Non-Starter,Robert Meachem,NO,WR|W/R/T
12,6.2,imdrunkrightnow,Non-Starter,Jared Cook,LAC,TE|W/R/T
12,27.0,imdrunkrightnow,Starter,Los Angeles Rams,LAR,DEF
12,15.5,imdrunkrightnow,Non-Starter,New York Giants,NYG,DEF
13,18.52,imdrunkrightnow,Starter,Matthew Stafford,LAR,QB
13,3.6,imdrunkrightnow,Starter,Denarius Moore,Buf,WR|W/R/T
13,6.85,imdrunkrightnow,Starter,Andre Johnson,Ten,WR|W/R/T
13,2.6,imdrunkrightnow,Starter,Felix Jones,Pit,RB|W/R/T
13,16.25,imdrunkrightnow,Starter,Trenton Richardson,Ind,RB|W/R/T
13,12.3,imdrunkrightnow,Starter,Jason Witten,LV,TE|W/R/T
13,16.8,imdrunkrightnow,Starter,Mike Williams,Buf,WR|W/R/T
13,0.0,imdrunkrightnow,Non-Starter,Shaun Draughn,SF,RB|W/R/T
13,7.25,imdrunkrightnow,Non-Starter,Alex Green,NYJ,RB|W/R/T
13,5.0,imdrunkrightnow,Non-Starter,Darrius Heyward-Bey,Pit,WR|W/R/T
13,13.94,imdrunkrightnow,Non-Starter,Sam Bradford,Ari,QB
13,0.0,imdrunkrightnow,Non-Starter,Robert Meachem,NO,WR|W/R/T
13,6.1,imdrunkrightnow,Non-Starter,Jared Cook,LAC,TE|W/R/T
13,3.5,imdrunkrightnow,Starter,Carolina Panthers,Car,DEF
13,3.5,imdrunkrightnow,Non-Starter,New York Giants,NYG,DEF
14,17.46,imdrunkrightnow,Starter,Matthew Stafford,LAR,QB
14,5.3,imdrunkrightnow,Starter,Denarius Moore,Buf,WR|W/R/T
14,11.5,imdrunkrightnow,Starter,Andre Johnson,Ten,WR|W/R/T
14,17.35,imdrunkrightnow,Starter,Trenton Richardson,Ind,RB|W/R/T
14,6.85,imdrunkrightnow,Starter,Alex Green,NYJ,RB|W/R/T
14,7.2,imdrunkrightnow,Starter,Jason Witten,LV,TE|W/R/T
14,8.55,imdrunkrightnow,Starter,Mike Williams,Buf,WR|W/R/T
14,0.7,imdrunkrightnow,Non-Starter,Felix Jones,Pit,RB|W/R/T
14,1.05,imdrunkrightnow,Non-Starter,Shaun Draughn,SF,RB|W/R/T
14,15.45,imdrunkrightnow,Non-Starter,Darrius Heyward-Bey,Pit,WR|W/R/T
14,13.66,imdrunkrightnow,Non-Starter,Sam Bradford,Ari,QB
14,0.0,imdrunkrightnow,Non-Starter,Robert Meachem,NO,WR|W/R/T
14,8.75,imdrunkrightnow,Non-Starter,Jared Cook,LAC,TE|W/R/T
14,17.5,imdrunkrightnow,Starter,New York Giants,NYG,DEF
14,6.5,imdrunkrightnow,Non-Starter,Carolina Panthers,Car,DEF
15,-0.16,imdrunkrightnow,Starter,Matthew Stafford,LAR,QB
15,5.85,imdrunkrightnow,Starter,Denarius Moore,Buf,WR|W/R/T
15,23.85,imdrunkrightnow,Starter,Andre Johnson,Ten,WR|W/R/T
15,15.95,imdrunkrightnow,Starter,Trenton Richardson,Ind,RB|W/R/T
15,4.6,imdrunkrightnow,Starter,Alex Green,NYJ,RB|W/R/T
15,11.55,imdrunkrightnow,Starter,Jason Witten,LV,TE|W/R/T
15,7.3,imdrunkrightnow,Starter,Mike Williams,Buf,WR|W/R/T
15,1.0,imdrunkrightnow,Non-Starter,Felix Jones,Pit,RB|W/R/T
15,1.85,imdrunkrightnow,Non-Starter,Shaun Draughn,SF,RB|W/R/T
15,0.0,imdrunkrightnow,Non-Starter,Darrius Heyward-Bey,Pit,WR|W/R/T
15,25.98,imdrunkrightnow,Non-Starter,Sam Bradford,Ari,QB
15,0.0,imdrunkrightnow,Non-Starter,Robert Meachem,NO,WR|W/R/T
15,0.0,imdrunkrightnow,Non-Starter,Jared Cook,LAC,TE|W/R/T
15,2.5,imdrunkrightnow,Starter,New York Giants,NYG,DEF
15,18.5,imdrunkrightnow,Non-Starter,Carolina Panthers,Car,DEF
1,25.0,Robot Griffin 3.0,Starter,Robert Griffin,Bal,QB
1,7.3,Robot Griffin 3.0,Starter,Larry Fitzgerald,Ari,WR|W/R/T
1,7.3,Robot Griffin 3.0,Starter,Victor Cruz,NYG,WR|W/R/T
1,10.2,Robot Griffin 3.0,Starter,Marshawn Lynch,Sea,RB|W/R/T
1,3.15,Robot Griffin 3.0,Starter,Peyton Hillis,NYG,RB|W/R/T
1,8.95,Robot Griffin 3.0,Starter,Brandon Pettigrew,Det,TE|W/R/T
1,8.15,Robot Griffin 3.0,Starter,Brandon Lloyd,SF,WR|W/R/T
1,1.4,Robot Griffin 3.0,Non-Starter,Beanie Wells,Ari,RB|W/R/T
1,3.45,Robot Griffin 3.0,Non-Starter,Roy Helu,LV,RB|W/R/T
1,5.15,Robot Griffin 3.0,Non-Starter,Justin Blackmon,Jax,WR|W/R/T
1,9.26,Robot Griffin 3.0,Non-Starter,Andrew Luck,Ind,QB
1,2.35,Robot Griffin 3.0,Non-Starter,Josh Morgan,Chi,WR|W/R/T
1,9.7,Robot Griffin 3.0,Non-Starter,Owen Daniels,Den,TE|W/R/T
1,1.75,Robot Griffin 3.0,Non-Starter,Mike Tolbert,Buf,RB|W/R/T
1,21.0,Robot Griffin 3.0,Starter,Baltimore Ravens,Bal,DEF
2,30.44,Robot Griffin 3.0,Starter,Robert Griffin,Bal,QB
2,0.65,Robot Griffin 3.0,Starter,Larry Fitzgerald,Ari,WR|W/R/T
2,26.65,Robot Griffin 3.0,Starter,Victor Cruz,NYG,WR|W/R/T
2,18.2,Robot Griffin 3.0,Starter,Marshawn Lynch,Sea,RB|W/R/T
2,0.25,Robot Griffin 3.0,Starter,Roy Helu,LV,RB|W/R/T
2,6.2,Robot Griffin 3.0,Starter,Owen Daniels,Den,TE|W/R/T
2,8.0,Robot Griffin 3.0,Starter,Brandon Lloyd,SF,WR|W/R/T
2,7.6,Robot Griffin 3.0,Non-Starter,Peyton Hillis,NYG,RB|W/R/T
2,8.55,Robot Griffin 3.0,Non-Starter,Brandon Pettigrew,Det,TE|W/R/T
2,7.05,Robot Griffin 3.0,Non-Starter,Beanie Wells,Ari,RB|W/R/T
2,0.0,Robot Griffin 3.0,Non-Starter,Justin Blackmon,Jax,WR|W/R/T
2,19.06,Robot Griffin 3.0,Non-Starter,Andrew Luck,Ind,QB
2,6.25,Robot Griffin 3.0,Non-Starter,Josh Morgan,Chi,WR|W/R/T
2,9.1,Robot Griffin 3.0,Non-Starter,Mike Tolbert,Buf,RB|W/R/T
2,15.0,Robot Griffin 3.0,Starter,Baltimore Ravens,Bal,DEF
3,25.34,Robot Griffin 3.0,Starter,Robert Griffin,Bal,QB
3,19.65,Robot Griffin 3.0,Starter,Larry Fitzgerald,Ari,WR|W/R/T
3,5.7,Robot Griffin 3.0,Starter,Victor Cruz,NYG,WR|W/R/T
3,10.15,Robot Griffin 3.0,Starter,Marshawn Lynch,Sea,RB|W/R/T
3,1.1,Robot Griffin 3.0,Starter,Peyton Hillis,NYG,RB|W/R/T
3,6.1,Robot Griffin 3.0,Starter,Brandon Pettigrew,Det,TE|W/R/T
3,13.05,Robot Griffin 3.0,Starter,Brandon Lloyd,SF,WR|W/R/T
3,9.35,Robot Griffin 3.0,Non-Starter,Owen Daniels,Den,TE|W/R/T
3,2.75,Robot Griffin 3.0,Non-Starter,Roy Helu,LV,RB|W/R/T
3,1.8,Robot Griffin 3.0,Non-Starter,Beanie Wells,Ari,RB|W/R/T
3,0.95,Robot Griffin 3.0,Non-Starter,Justin Blackmon,Jax,WR|W/R/T
3,23.52,Robot Griffin 3.0,Non-Starter,Andrew Luck,Ind,QB
3,2.7,Robot Griffin 3.0,Non-Starter,Josh Morgan,Chi,WR|W/R/T
3,2.25,Robot Griffin 3.0,Non-Starter,Daryl Richardson,Pit,RB|W/R/T
3,4.5,Robot Griffin 3.0,Starter,Baltimore Ravens,Bal,DEF
4,22.52,Robot Griffin 3.0,Starter,Robert Griffin,Bal,QB
4,14.4,Robot Griffin 3.0,Starter,Larry Fitzgerald,Ari,WR|W/R/T
4,19.15,Robot Griffin 3.0,Starter,Victor Cruz,NYG,WR|W/R/T
4,22.5,Robot Griffin 3.0,Starter,Marshawn Lynch,Sea,RB|W/R/T
4,1.75,Robot Griffin 3.0,Starter,Tashard Choice,Ind,RB|W/R/T
4,8.45,Robot Griffin 3.0,Starter,Brandon Pettigrew,Det,TE|W/R/T
4,11.75,Robot Griffin 3.0,Starter,Brandon Lloyd,SF,WR|W/R/T
4,0.0,Robot Griffin 3.0,Non-Starter,Peyton Hillis,NYG,RB|W/R/T
4,14.7,Robot Griffin 3.0,Non-Starter,Owen Daniels,Den,TE|W/R/T
4,6.3,Robot Griffin 3.0,Non-Starter,Justin Blackmon,Jax,WR|W/R/T
4,0.0,Robot Griffin 3.0,Non-Starter,Andrew Luck,Ind,QB
4,7.2,Robot Griffin 3.0,Non-Starter,Josh Morgan,Chi,WR|W/R/T
4,3.4,Robot Griffin 3.0,Non-Starter,Daryl Richardson,Pit,RB|W/R/T
4,0.0,Robot Griffin 3.0,Non-Starter,LaRod Stephens-Howling,Pit,RB|W/R/T
4,16.0,Robot Griffin 3.0,Starter,Baltimore Ravens,Bal,DEF
5,4.34,Robot Griffin 3.0,Starter,Robert Griffin,Bal,QB
5,11.2,Robot Griffin 3.0,Starter,Larry Fitzgerald,Ari,WR|W/R/T
5,24.25,Robot Griffin 3.0,Starter,Victor Cruz,NYG,WR|W/R/T
5,9.65,Robot Griffin 3.0,Starter,Marshawn Lynch,Sea,RB|W/R/T
5,5.65,Robot Griffin 3.0,Starter,Brandon Bolden,LV,RB|W/R/T
5,14.9,Robot Griffin 3.0,Starter,Owen Daniels,Den,TE|W/R/T
5,4.15,Robot Griffin 3.0,Starter,Brandon Lloyd,SF,WR|W/R/T
5,0.0,Robot Griffin 3.0,Non-Starter,Tashard Choice,Ind,RB|W/R/T
5,0.0,Robot Griffin 3.0,Non-Starter,Brandon Pettigrew,Det,TE|W/R/T
5,4.75,Robot Griffin 3.0,Non-Starter,Justin Blackmon,Jax,WR|W/R/T
5,28.88,Robot Griffin 3.0,Non-Starter,Andrew Luck,Ind,QB
5,0.65,Robot Griffin 3.0,Non-Starter,Josh Morgan,Chi,WR|W/R/T
5,3.5,Robot Griffin 3.0,Non-Starter,Daryl Richardson,Pit,RB|W/R/T
5,6.9,Robot Griffin 3.0,Non-Starter,Brian Hartline,Cle,WR|W/R/T
5,20.5,Robot Griffin 3.0,Starter,Baltimore Ravens,Bal,DEF
6,35.08,Robot Griffin 3.0,Starter,Robert Griffin,Bal,QB
6,16.8,Robot Griffin 3.0,Starter,Larry Fitzgerald,Ari,WR|W/R/T
6,13.3,Robot Griffin 3.0,Starter,Victor Cruz,NYG,WR|W/R/T
6,5.45,Robot Griffin 3.0,Starter,Marshawn Lynch,Sea,RB|W/R/T
6,8.05,Robot Griffin 3.0,Starter,William Powell,Ari,RB|W/R/T
6,5.35,Robot Griffin 3.0,Starter,Owen Daniels,Den,TE|W/R/T
6,9.5,Robot Griffin 3.0,Starter,Brandon Lloyd,SF,WR|W/R/T
6,2.8,Robot Griffin 3.0,Non-Starter,Brandon Bolden,LV,RB|W/R/T
6,4.55,Robot Griffin 3.0,Non-Starter,Brandon Pettigrew,Det,TE|W/R/T
6,0.0,Robot Griffin 3.0,Non-Starter,Justin Blackmon,Jax,WR|W/R/T
6,5.1,Robot Griffin 3.0,Non-Starter,Andrew Luck,Ind,QB
6,4.95,Robot Griffin 3.0,Non-Starter,Josh Morgan,Chi,WR|W/R/T
6,10.4,Robot Griffin 3.0,Non-Starter,Daryl Richardson,Pit,RB|W/R/T
6,0.0,Robot Griffin 3.0,Non-Starter,Brian Hartline,Cle,WR|W/R/T
6,10.0,Robot Griffin 3.0,Starter,Baltimore Ravens,Bal,DEF
7,23.22,Robot Griffin 3.0,Starter,Robert Griffin,Bal,QB
7,3.9,Robot Griffin 3.0,Starter,Larry Fitzgerald,Ari,WR|W/R/T
7,20.85,Robot Griffin 3.0,Starter,Victor Cruz,NYG,WR|W/R/T
7,11.85,Robot Griffin 3.0,Starter,Marshawn Lynch,Sea,RB|W/R/T
7,2.05,Robot Griffin 3.0,Starter,William Powell,Ari,RB|W/R/T
7,13.65,Robot Griffin 3.0,Starter,Owen Daniels,Den,TE|W/R/T
7,0.85,Robot Griffin 3.0,Starter,Brandon Lloyd,SF,WR|W/R/T
7,0.0,Robot Griffin 3.0,Non-Starter,Brandon Bolden,LV,RB|W/R/T
7,5.15,Robot Griffin 3.0,Non-Starter,Brandon Pettigrew,Det,TE|W/R/T
7,0.95,Robot Griffin 3.0,Non-Starter,Justin Blackmon,Jax,WR|W/R/T
7,18.64,Robot Griffin 3.0,Non-Starter,Andrew Luck,Ind,QB
7,8.65,Robot Griffin 3.0,Non-Starter,Daryl Richardson,Pit,RB|W/R/T
7,0.0,Robot Griffin 3.0,Non-Starter,Brian Hartline,Cle,WR|W/R/T
7,1.0,Robot Griffin 3.0,Starter,Baltimore Ravens,Bal,DEF
7,19.5,Robot Griffin 3.0,Non-Starter,New England,NE,DEF
8,11.88,Robot Griffin 3.0,Starter,Robert Griffin,Bal,QB
8,6.45,Robot Griffin 3.0,Starter,Larry Fitzgerald,Ari,WR|W/R/T
8,2.8,Robot Griffin 3.0,Starter,Victor Cruz,NYG,WR|W/R/T
8,16.85,Robot Griffin 3.0,Starter,Marshawn Lynch,Sea,RB|W/R/T
8,6.0,Robot Griffin 3.0,Starter,Daryl Richardson,Pit,RB|W/R/T
8,9.15,Robot Griffin 3.0,Starter,Brandon Pettigrew,Det,TE|W/R/T
8,5.1,Robot Griffin 3.0,Starter,Brian Hartline,Cle,WR|W/R/T
8,15.3,Robot Griffin 3.0,Non-Starter,Brandon Lloyd,SF,WR|W/R/T
8,0.0,Robot Griffin 3.0,Non-Starter,William Powell,Ari,RB|W/R/T
8,0.0,Robot Griffin 3.0,Non-Starter,Owen Daniels,Den,TE|W/R/T
8,0.0,Robot Griffin 3.0,Non-Starter,Brandon Bolden,LV,RB|W/R/T
8,7.7,Robot Griffin 3.0,Non-Starter,Justin Blackmon,Jax,WR|W/R/T
8,16.68,Robot Griffin 3.0,Non-Starter,Andrew Luck,Ind,QB
8,13.0,Robot Griffin 3.0,Starter,New England,NE,DEF
8,0.0,Robot Griffin 3.0,Non-Starter,Baltimore Ravens,Bal,DEF
9,13.9,Robot Griffin 3.0,Starter,Robert Griffin,Bal,QB
9,14.9,Robot Griffin 3.0,Starter,Larry Fitzgerald,Ari,WR|W/R/T
9,7.95,Robot Griffin 3.0,Starter,Victor Cruz,NYG,WR|W/R/T
9,21.5,Robot Griffin 3.0,Starter,Marshawn Lynch,Sea,RB|W/R/T
9,6.7,Robot Griffin 3.0,Starter,Daniel Thomas,Mia,RB|W/R/T
9,13.2,Robot Griffin 3.0,Starter,Owen Daniels,Den,TE|W/R/T
9,1.35,Robot Griffin 3.0,Starter,Brandon Pettigrew,Det,TE|W/R/T
9,12.7,Robot Griffin 3.0,Non-Starter,Brian Hartline,Cle,WR|W/R/T
9,0.3,Robot Griffin 3.0,Non-Starter,William Powell,Ari,RB|W/R/T
9,0.0,Robot Griffin 3.0,Non-Starter,Daryl Richardson,Pit,RB|W/R/T
9,0.0,Robot Griffin 3.0,Non-Starter,Brandon Lloyd,SF,WR|W/R/T
9,10.45,Robot Griffin 3.0,Non-Starter,Justin Blackmon,Jax,WR|W/R/T
9,25.82,Robot Griffin 3.0,Non-Starter,Andrew Luck,Ind,QB
9,8.5,Robot Griffin 3.0,Starter,Baltimore Ravens,Bal,DEF
9,0.0,Robot Griffin 3.0,Non-Starter,New England,NE,DEF
10,18.18,Robot Griffin 3.0,Starter,Andrew Luck,Ind,QB
10,3.35,Robot Griffin 3.0,Starter,Victor Cruz,NYG,WR|W/R/T
10,5.75,Robot Griffin 3.0,Starter,Brandon Lloyd,SF,WR|W/R/T
10,19.35,Robot Griffin 3.0,Starter,Marshawn Lynch,Sea,RB|W/R/T
10,6.75,Robot Griffin 3.0,Starter,Daniel Thomas,Mia,RB|W/R/T
10,0.0,Robot Griffin 3.0,Starter,Owen Daniels,Den,TE|W/R/T
10,9.95,Robot Griffin 3.0,Starter,Brandon Pettigrew,Det,TE|W/R/T
10,0.0,Robot Griffin 3.0,Non-Starter,Robert Griffin,Bal,QB
10,0.0,Robot Griffin 3.0,Non-Starter,Larry Fitzgerald,Ari,WR|W/R/T
10,9.9,Robot Griffin 3.0,Non-Starter,Brian Hartline,Cle,WR|W/R/T
10,0.0,Robot Griffin 3.0,Non-Starter,William Powell,Ari,RB|W/R/T
10,6.05,Robot Griffin 3.0,Non-Starter,Daryl Richardson,Pit,RB|W/R/T
10,3.25,Robot Griffin 3.0,Non-Starter,Justin Blackmon,Jax,WR|W/R/T
10,21.0,Robot Griffin 3.0,Starter,Baltimore Ravens,Bal,DEF
10,9.5,Robot Griffin 3.0,Non-Starter,New England,NE,DEF
11,32.4,Robot Griffin 3.0,Starter,Robert Griffin,Bal,QB
11,5.5,Robot Griffin 3.0,Starter,Brandon Lloyd,SF,WR|W/R/T
11,1.35,Robot Griffin 3.0,Starter,Larry Fitzgerald,Ari,WR|W/R/T
11,3.3,Robot Griffin 3.0,Starter,Daniel Thomas,Mia,RB|W/R/T
11,2.65,Robot Griffin 3.0,Starter,Daryl Richardson,Pit,RB|W/R/T
11,7.2,Robot Griffin 3.0,Starter,Owen Daniels,Den,TE|W/R/T
11,3.2,Robot Griffin 3.0,Starter,Brandon Pettigrew,Det,TE|W/R/T
11,9.76,Robot Griffin 3.0,Non-Starter,Andrew Luck,Ind,QB
11,0.0,Robot Griffin 3.0,Non-Starter,Victor Cruz,NYG,WR|W/R/T
11,0.0,Robot Griffin 3.0,Non-Starter,Marshawn Lynch,Sea,RB|W/R/T
11,3.9,Robot Griffin 3.0,Non-Starter,Brian Hartline,Cle,WR|W/R/T
11,1.0,Robot Griffin 3.0,Non-Starter,William Powell,Ari,RB|W/R/T
11,31.35,Robot Griffin 3.0,Non-Starter,Justin Blackmon,Jax,WR|W/R/T
11,23.0,Robot Griffin 3.0,Starter,Baltimore Ravens,Bal,DEF
11,29.0,Robot Griffin 3.0,Non-Starter,New England,NE,DEF
12,29.06,Robot Griffin 3.0,Starter,Robert Griffin,Bal,QB
12,3.85,Robot Griffin 3.0,Starter,Larry Fitzgerald,Ari,WR|W/R/T
12,10.35,Robot Griffin 3.0,Starter,Victor Cruz,NYG,WR|W/R/T
12,3.2,Robot Griffin 3.0,Starter,Daryl Richardson,Pit,RB|W/R/T
12,5.2,Robot Griffin 3.0,Starter,Marshawn Lynch,Sea,RB|W/R/T
12,9.0,Robot Griffin 3.0,Starter,Owen Daniels,Den,TE|W/R/T
12,7.4,Robot Griffin 3.0,Starter,Brandon Pettigrew,Det,TE|W/R/T
12,14.05,Robot Griffin 3.0,Non-Starter,Daniel Thomas,Mia,RB|W/R/T
12,3.35,Robot Griffin 3.0,Non-Starter,Brandon Lloyd,SF,WR|W/R/T
12,13.6,Robot Griffin 3.0,Non-Starter,Andrew Luck,Ind,QB
12,2.2,Robot Griffin 3.0,Non-Starter,Brian Hartline,Cle,WR|W/R/T
12,8.9,Robot Griffin 3.0,Non-Starter,William Powell,Ari,RB|W/R/T
12,14.65,Robot Griffin 3.0,Non-Starter,Justin Blackmon,Jax,WR|W/R/T
12,17.0,Robot Griffin 3.0,Starter,Baltimore Ravens,Bal,DEF
12,29.0,Robot Griffin 3.0,Non-Starter,New England,NE,DEF
13,17.72,Robot Griffin 3.0,Starter,Robert Griffin,Bal,QB
13,2.55,Robot Griffin 3.0,Starter,Larry Fitzgerald,Ari,WR|W/R/T
13,11.65,Robot Griffin 3.0,Starter,Victor Cruz,NYG,WR|W/R/T
13,14.3,Robot Griffin 3.0,Starter,Marshawn Lynch,Sea,RB|W/R/T
13,3.4,Robot Griffin 3.0,Starter,Daniel Thomas,Mia,RB|W/R/T
13,5.05,Robot Griffin 3.0,Starter,Owen Daniels,Den,TE|W/R/T
13,1.15,Robot Griffin 3.0,Starter,Justin Blackmon,Jax,WR|W/R/T
13,2.05,Robot Griffin 3.0,Non-Starter,Daryl Richardson,Pit,RB|W/R/T
13,11.05,Robot Griffin 3.0,Non-Starter,Brandon Pettigrew,Det,TE|W/R/T
13,1.25,Robot Griffin 3.0,Non-Starter,Brandon Lloyd,SF,WR|W/R/T
13,28.94,Robot Griffin 3.0,Non-Starter,Andrew Luck,Ind,QB
13,9.65,Robot Griffin 3.0,Non-Starter,Brian Hartline,Cle,WR|W/R/T
13,1.8,Robot Griffin 3.0,Non-Starter,William Powell,Ari,RB|W/R/T
13,13.5,Robot Griffin 3.0,Starter,Baltimore Ravens,Bal,DEF
13,11.0,Robot Griffin 3.0,Non-Starter,New England,NE,DEF
14,17.08,Robot Griffin 3.0,Starter,Robert Griffin,Bal,QB
14,0.45,Robot Griffin 3.0,Starter,Larry Fitzgerald,Ari,WR|W/R/T
14,20.1,Robot Griffin 3.0,Starter,Victor Cruz,NYG,WR|W/R/T
14,30.8,Robot Griffin 3.0,Starter,Marshawn Lynch,Sea,RB|W/R/T
14,0.3,Robot Griffin 3.0,Starter,Daniel Thomas,Mia,RB|W/R/T
14,2.9,Robot Griffin 3.0,Starter,Owen Daniels,Den,TE|W/R/T
14,7.2,Robot Griffin 3.0,Starter,Justin Blackmon,Jax,WR|W/R/T
14,0.4,Robot Griffin 3.0,Non-Starter,Daryl Richardson,Pit,RB|W/R/T
14,0.0,Robot Griffin 3.0,Non-Starter,Brandon Pettigrew,Det,TE|W/R/T
14,22.65,Robot Griffin 3.0,Non-Starter,Brandon Lloyd,SF,WR|W/R/T
14,6.54,Robot Griffin 3.0,Non-Starter,Andrew Luck,Ind,QB
14,3.9,Robot Griffin 3.0,Non-Starter,Brian Hartline,Cle,WR|W/R/T
14,3.8,Robot Griffin 3.0,Non-Starter,William Powell,Ari,RB|W/R/T
14,7.0,Robot Griffin 3.0,Starter,Baltimore Ravens,Bal,DEF
14,10.5,Robot Griffin 3.0,Non-Starter,New England,NE,DEF
15,0.0,Robot Griffin 3.0,Starter,Robert Griffin,Bal,QB
15,3.2,Robot Griffin 3.0,Starter,Larry Fitzgerald,Ari,WR|W/R/T
15,2.25,Robot Griffin 3.0,Starter,Victor Cruz,NYG,WR|W/R/T
15,18.95,Robot Griffin 3.0,Starter,Marshawn Lynch,Sea,RB|W/R/T
15,0.6,Robot Griffin 3.0,Starter,Daniel Thomas,Mia,RB|W/R/T
15,5.0,Robot Griffin 3.0,Starter,Owen Daniels,Den,TE|W/R/T
15,10.8,Robot Griffin 3.0,Starter,Justin Blackmon,Jax,WR|W/R/T
15,3.75,Robot Griffin 3.0,Non-Starter,Daryl Richardson,Pit,RB|W/R/T
15,0.0,Robot Griffin 3.0,Non-Starter,Brandon Pettigrew,Det,TE|W/R/T
15,21.5,Robot Griffin 3.0,Non-Starter,Brandon Lloyd,SF,WR|W/R/T
15,16.44,Robot Griffin 3.0,Non-Starter,Andrew Luck,Ind,QB
15,8.95,Robot Griffin 3.0,Non-Starter,Brian Hartline,Cle,WR|W/R/T
15,0.4,Robot Griffin 3.0,Non-Starter,William Powell,Ari,RB|W/R/T
15,7.5,Robot Griffin 3.0,Starter,Baltimore Ravens,Bal,DEF
15,5.5,Robot Griffin 3.0,Non-Starter,New England,NE,DEF
16,14.32,Robot Griffin 3.0,Starter,Robert Griffin,Bal,QB
16,13.1,Robot Griffin 3.0,Starter,Larry Fitzgerald,Ari,WR|W/R/T
16,2.85,Robot Griffin 3.0,Starter,Victor Cruz,NYG,WR|W/R/T
16,25.5,Robot Griffin 3.0,Starter,Marshawn Lynch,Sea,RB|W/R/T
16,0.0,Robot Griffin 3.0,Starter,Daniel Thomas,Mia,RB|W/R/T
16,3.45,Robot Griffin 3.0,Starter,Owen Daniels,Den,TE|W/R/T
16,15.65,Robot Griffin 3.0,Starter,Justin Blackmon,Jax,WR|W/R/T
16,0.9,Robot Griffin 3.0,Non-Starter,Daryl Richardson,Pit,RB|W/R/T
16,0.0,Robot Griffin 3.0,Non-Starter,Brandon Pettigrew,Det,TE|W/R/T
16,7.7,Robot Griffin 3.0,Non-Starter,Brandon Lloyd,SF,WR|W/R/T
16,14.3,Robot Griffin 3.0,Non-Starter,Andrew Luck,Ind,QB
16,1.7,Robot Griffin 3.0,Non-Starter,Brian Hartline,Cle,WR|W/R/T
16,3.45,Robot Griffin 3.0,Non-Starter,William Powell,Ari,RB|W/R/T
16,9.0,Robot Griffin 3.0,Starter,Baltimore Ravens,Bal,DEF
16,11.5,Robot Griffin 3.0,Non-Starter,New England,NE,DEF
1,22.82,MthrFuckerFelixJones,Starter,Aaron Rodgers,Pit,QB
1,4.65,MthrFuckerFelixJones,Starter,Greg Jennings,Mia,WR|W/R/T
1,8.25,MthrFuckerFelixJones,Starter,A.J. Green,Ari,WR|W/R/T
1,12.8,MthrFuckerFelixJones,Starter,Doug Martin,LV,RB|W/R/T
1,15.75,MthrFuckerFelixJones,Starter,BenJarvus Green-Ellis,Cin,RB|W/R/T
1,12.55,MthrFuckerFelixJones,Starter,Tony Gonzalez,Atl,TE|W/R/T
1,5.45,MthrFuckerFelixJones,Starter,Santana Moss,Was,WR|W/R/T
1,0.0,MthrFuckerFelixJones,Non-Starter,Kenny Britt,NE,WR|W/R/T
1,10.75,MthrFuckerFelixJones,Non-Starter,Matthew Stafford,LAR,QB
1,0.0,MthrFuckerFelixJones,Non-Starter,Jahvid Best,Det,RB|W/R/T
1,0.0,MthrFuckerFelixJones,Non-Starter,Mikel Leshoure,Det,RB|W/R/T
1,14.75,MthrFuckerFelixJones,Non-Starter,Alshon Jeffery,Phi,WR|W/R/T
1,20.95,MthrFuckerFelixJones,Non-Starter,Adrian Peterson,Sea,RB|W/R/T
1,0.95,MthrFuckerFelixJones,Non-Starter,Robert Turbin,Sea,RB|W/R/T
1,21.5,MthrFuckerFelixJones,Starter,New York Jets,NYJ,DEF
2,10.16,MthrFuckerFelixJones,Starter,Aaron Rodgers,Pit,QB
2,13.55,MthrFuckerFelixJones,Starter,A.J. Green,Ari,WR|W/R/T
2,0.75,MthrFuckerFelixJones,Starter,Kenny Britt,NE,WR|W/R/T
2,12.6,MthrFuckerFelixJones,Starter,Doug Martin,LV,RB|W/R/T
2,11.25,MthrFuckerFelixJones,Starter,BenJarvus Green-Ellis,Cin,RB|W/R/T
2,14.75,MthrFuckerFelixJones,Starter,Tony Gonzalez,Atl,TE|W/R/T
2,8.75,MthrFuckerFelixJones,Starter,Adrian Peterson,Sea,RB|W/R/T
2,0.0,MthrFuckerFelixJones,Non-Starter,Greg Jennings,Mia,WR|W/R/T
2,12.2,MthrFuckerFelixJones,Non-Starter,Matthew Stafford,LAR,QB
2,0.0,MthrFuckerFelixJones,Non-Starter,Jahvid Best,Det,RB|W/R/T
2,0.0,MthrFuckerFelixJones,Non-Starter,Mikel Leshoure,Det,RB|W/R/T
2,0.95,MthrFuckerFelixJones,Non-Starter,Alshon Jeffery,Phi,WR|W/R/T
2,3.35,MthrFuckerFelixJones,Non-Starter,Kevin Ogletree,Det,WR|W/R/T
2,2.0,MthrFuckerFelixJones,Starter,Las Vegas Raiders,LV,DEF
2,9.0,MthrFuckerFelixJones,Non-Starter,New York Jets,NYJ,DEF
3,10.62,MthrFuckerFelixJones,Starter,Aaron Rodgers,Pit,QB
3,27.65,MthrFuckerFelixJones,Starter,A.J. Green,Ari,WR|W/R/T
3,7.0,MthrFuckerFelixJones,Starter,Kenny Britt,NE,WR|W/R/T
3,7.9,MthrFuckerFelixJones,Starter,Doug Martin,LV,RB|W/R/T
3,7.8,MthrFuckerFelixJones,Starter,BenJarvus Green-Ellis,Cin,RB|W/R/T
3,17.35,MthrFuckerFelixJones,Starter,Tony Gonzalez,Atl,TE|W/R/T
3,11.2,MthrFuckerFelixJones,Starter,Adrian Peterson,Sea,RB|W/R/T
3,5.0,MthrFuckerFelixJones,Non-Starter,Greg Jennings,Mia,WR|W/R/T
3,18.32,MthrFuckerFelixJones,Non-Starter,Matthew Stafford,LAR,QB
3,0.0,MthrFuckerFelixJones,Non-Starter,Jahvid Best,Det,RB|W/R/T
3,20.4,MthrFuckerFelixJones,Non-Starter,Mikel Leshoure,Det,RB|W/R/T
3,5.75,MthrFuckerFelixJones,Non-Starter,Alshon Jeffery,Phi,WR|W/R/T
3,6.95,MthrFuckerFelixJones,Non-Starter,Kevin Ogletree,Det,WR|W/R/T
3,14.8,MthrFuckerFelixJones,Non-Starter,Martellus Bennett,GB,TE|W/R/T
3,12.5,MthrFuckerFelixJones,Starter,New York Jets,NYJ,DEF
4,28.06,MthrFuckerFelixJones,Starter,Aaron Rodgers,Pit,QB
4,19.2,MthrFuckerFelixJones,Starter,A.J. Green,Ari,WR|W/R/T
4,7.15,MthrFuckerFelixJones,Starter,Greg Jennings,Mia,WR|W/R/T
4,4.7,MthrFuckerFelixJones,Starter,Doug Martin,LV,RB|W/R/T
4,7.9,MthrFuckerFelixJones,Starter,BenJarvus Green-Ellis,Cin,RB|W/R/T
4,6.35,MthrFuckerFelixJones,Starter,Tony Gonzalez,Atl,TE|W/R/T
4,13.2,MthrFuckerFelixJones,Starter,Adrian Peterson,Sea,RB|W/R/T
4,0.0,MthrFuckerFelixJones,Non-Starter,Kenny Britt,NE,WR|W/R/T
4,20.16,MthrFuckerFelixJones,Non-Starter,Matthew Stafford,LAR,QB
4,0.0,MthrFuckerFelixJones,Non-Starter,Jahvid Best,Det,RB|W/R/T
4,5.3,MthrFuckerFelixJones,Non-Starter,Mikel Leshoure,Det,RB|W/R/T
4,3.95,MthrFuckerFelixJones,Non-Starter,Alshon Jeffery,Phi,WR|W/R/T
4,3.55,MthrFuckerFelixJones,Non-Starter,Kevin Ogletree,Det,WR|W/R/T
4,0.45,MthrFuckerFelixJones,Non-Starter,Martellus Bennett,GB,TE|W/R/T
4,8.0,MthrFuckerFelixJones,Starter,Atlanta Falcons,Atl,DEF
5,25.1,MthrFuckerFelixJones,Starter,Aaron Rodgers,Pit,QB
5,14.75,MthrFuckerFelixJones,Starter,A.J. Green,Ari,WR|W/R/T
5,6.75,MthrFuckerFelixJones,Starter,Domenik Hixon,Car,WR|W/R/T
5,1.85,MthrFuckerFelixJones,Starter,BenJarvus Green-Ellis,Cin,RB|W/R/T
5,11.05,MthrFuckerFelixJones,Starter,Adrian Peterson,Sea,RB|W/R/T
5,21.55,MthrFuckerFelixJones,Starter,Tony Gonzalez,Atl,TE|W/R/T
5,3.75,MthrFuckerFelixJones,Starter,Martellus Bennett,GB,TE|W/R/T
5,2.8,MthrFuckerFelixJones,Non-Starter,Kenny Britt,NE,WR|W/R/T
5,0.0,MthrFuckerFelixJones,Non-Starter,Greg Jennings,Mia,WR|W/R/T
5,0.0,MthrFuckerFelixJones,Non-Starter,Doug Martin,LV,RB|W/R/T
5,0.0,MthrFuckerFelixJones,Non-Starter,Matthew Stafford,LAR,QB
5,0.0,MthrFuckerFelixJones,Non-Starter,Jahvid Best,Det,RB|W/R/T
5,0.0,MthrFuckerFelixJones,Non-Starter,Mikel Leshoure,Det,RB|W/R/T
5,0.0,MthrFuckerFelixJones,Non-Starter,Kevin Ogletree,Det,WR|W/R/T
5,14.5,MthrFuckerFelixJones,Starter,Minnesota Vikings,Min,DEF
6,39.22,MthrFuckerFelixJones,Starter,Aaron Rodgers,Pit,QB
6,27.25,MthrFuckerFelixJones,Starter,A.J. Green,Ari,WR|W/R/T
6,8.8,MthrFuckerFelixJones,Starter,Domenik Hixon,Car,WR|W/R/T
6,7.25,MthrFuckerFelixJones,Starter,BenJarvus Green-Ellis,Cin,RB|W/R/T
6,14.65,MthrFuckerFelixJones,Starter,Adrian Peterson,Sea,RB|W/R/T
6,5.2,MthrFuckerFelixJones,Starter,Tony Gonzalez,Atl,TE|W/R/T
6,13.6,MthrFuckerFelixJones,Starter,Doug Martin,LV,RB|W/R/T
6,1.15,MthrFuckerFelixJones,Non-Starter,Martellus Bennett,GB,TE|W/R/T
6,13.2,MthrFuckerFelixJones,Non-Starter,Kenny Britt,NE,WR|W/R/T
6,0.0,MthrFuckerFelixJones,Non-Starter,Greg Jennings,Mia,WR|W/R/T
6,21.14,MthrFuckerFelixJones,Non-Starter,Matthew Stafford,LAR,QB
6,0.0,MthrFuckerFelixJones,Non-Starter,Jahvid Best,Det,RB|W/R/T
6,10.15,MthrFuckerFelixJones,Non-Starter,Mikel Leshoure,Det,RB|W/R/T
6,7.55,MthrFuckerFelixJones,Non-Starter,Alex Green,NYJ,RB|W/R/T
6,6.0,MthrFuckerFelixJones,Starter,Minnesota Vikings,Min,DEF
7,25.68,MthrFuckerFelixJones,Starter,Aaron Rodgers,Pit,QB
7,7.05,MthrFuckerFelixJones,Starter,A.J. Green,Ari,WR|W/R/T
7,4.0,MthrFuckerFelixJones,Starter,Kenny Britt,NE,WR|W/R/T
7,6.9,MthrFuckerFelixJones,Starter,BenJarvus Green-Ellis,Cin,RB|W/R/T
7,22.4,MthrFuckerFelixJones,Starter,Adrian Peterson,Sea,RB|W/R/T
7,9.15,MthrFuckerFelixJones,Starter,Martellus Bennett,GB,TE|W/R/T
7,18.95,MthrFuckerFelixJones,Starter,Doug Martin,LV,RB|W/R/T
7,3.95,MthrFuckerFelixJones,Non-Starter,Domenik Hixon,Car,WR|W/R/T
7,0.0,MthrFuckerFelixJones,Non-Starter,Tony Gonzalez,Atl,TE|W/R/T
7,0.0,MthrFuckerFelixJones,Non-Starter,Greg Jennings,Mia,WR|W/R/T
7,14.62,MthrFuckerFelixJones,Non-Starter,Matthew Stafford,LAR,QB
7,7.8,MthrFuckerFelixJones,Non-Starter,Mikel Leshoure,Det,RB|W/R/T
7,7.4,MthrFuckerFelixJones,Non-Starter,Alex Green,NYJ,RB|W/R/T
7,2.8,MthrFuckerFelixJones,Non-Starter,Montario Hardesty,Cle,RB|W/R/T
7,22.5,MthrFuckerFelixJones,Starter,Minnesota Vikings,Min,DEF
8,13.84,MthrFuckerFelixJones,Starter,Aaron Rodgers,Pit,QB
8,4.15,MthrFuckerFelixJones,Starter,Kenny Britt,NE,WR|W/R/T
8,2.4,MthrFuckerFelixJones,Starter,Brandon Stokley,Bal,WR|W/R/T
8,16.95,MthrFuckerFelixJones,Starter,Adrian Peterson,Sea,RB|W/R/T
8,34.15,MthrFuckerFelixJones,Starter,Doug Martin,LV,RB|W/R/T
8,3.65,MthrFuckerFelixJones,Starter,Tony Gonzalez,Atl,TE|W/R/T
8,6.25,MthrFuckerFelixJones,Starter,Mikel Leshoure,Det,RB|W/R/T
8,9.2,MthrFuckerFelixJones,Non-Starter,Alex Green,NYJ,RB|W/R/T
8,0.0,MthrFuckerFelixJones,Non-Starter,A.J. Green,Ari,WR|W/R/T
8,0.0,MthrFuckerFelixJones,Non-Starter,BenJarvus Green-Ellis,Cin,RB|W/R/T
8,3.9,MthrFuckerFelixJones,Non-Starter,Martellus Bennett,GB,TE|W/R/T
8,0.0,MthrFuckerFelixJones,Non-Starter,Greg Jennings,Mia,WR|W/R/T
8,31.28,MthrFuckerFelixJones,Non-Starter,Matthew Stafford,LAR,QB
8,4.55,MthrFuckerFelixJones,Non-Starter,LaRod Stephens-Howling,Pit,RB|W/R/T
8,8.5,MthrFuckerFelixJones,Starter,Detroit Lions,Det,DEF
9,26.02,MthrFuckerFelixJones,Starter,Aaron Rodgers,Pit,QB
9,18.25,MthrFuckerFelixJones,Starter,A.J. Green,Ari,WR|W/R/T
9,6.35,MthrFuckerFelixJones,Starter,Cecil Shorts,TB,WR|W/R/T
9,32.05,MthrFuckerFelixJones,Starter,Adrian Peterson,Sea,RB|W/R/T
9,52.2,MthrFuckerFelixJones,Starter,Doug Martin,LV,RB|W/R/T
9,4.6,MthrFuckerFelixJones,Starter,Tony Gonzalez,Atl,TE|W/R/T
9,11.8,MthrFuckerFelixJones,Starter,BenJarvus Green-Ellis,Cin,RB|W/R/T
9,7.95,MthrFuckerFelixJones,Non-Starter,Kenny Britt,NE,WR|W/R/T
9,5.05,MthrFuckerFelixJones,Non-Starter,Brandon Stokley,Bal,WR|W/R/T
9,25.0,MthrFuckerFelixJones,Non-Starter,Mikel Leshoure,Det,RB|W/R/T
9,0.0,MthrFuckerFelixJones,Non-Starter,Greg Jennings,Mia,WR|W/R/T
9,12.4,MthrFuckerFelixJones,Non-Starter,LaRod Stephens-Howling,Pit,RB|W/R/T
9,14.6,MthrFuckerFelixJones,Non-Starter,Philip Rivers,Ind,QB
9,0.0,MthrFuckerFelixJones,Non-Starter,DeMarco Murray,Ten,RB|W/R/T
9,27.5,MthrFuckerFelixJones,Starter,Los Angeles Chargers,LAC,DEF
10,19.98,MthrFuckerFelixJones,Starter,Philip Rivers,Ind,QB
10,16.25,MthrFuckerFelixJones,Starter,A.J. Green,Ari,WR|W/R/T
10,3.0,MthrFuckerFelixJones,Starter,T.Y. Hilton,Dal,WR|W/R/T
10,26.35,MthrFuckerFelixJones,Starter,Adrian Peterson,Sea,RB|W/R/T
10,12.65,MthrFuckerFelixJones,Starter,Doug Martin,LV,RB|W/R/T
10,26.95,MthrFuckerFelixJones,Starter,Tony Gonzalez,Atl,TE|W/R/T
10,5.05,MthrFuckerFelixJones,Starter,Mikel Leshoure,Det,RB|W/R/T
10,6.3,MthrFuckerFelixJones,Non-Starter,BenJarvus Green-Ellis,Cin,RB|W/R/T
10,4.1,MthrFuckerFelixJones,Non-Starter,Kenny Britt,NE,WR|W/R/T
10,18.0,MthrFuckerFelixJones,Non-Starter,Cecil Shorts,TB,WR|W/R/T
10,0.0,MthrFuckerFelixJones,Non-Starter,Aaron Rodgers,Pit,QB
10,0.0,MthrFuckerFelixJones,Non-Starter,Greg Jennings,Mia,WR|W/R/T
10,0.0,MthrFuckerFelixJones,Non-Starter,LaRod Stephens-Howling,Pit,RB|W/R/T
10,0.0,MthrFuckerFelixJones,Non-Starter,DeMarco Murray,Ten,RB|W/R/T
10,24.0,MthrFuckerFelixJones,Starter,Indianapolis Colts,Ind,DEF
11,15.74,MthrFuckerFelixJones,Starter,Aaron Rodgers,Pit,QB
11,16.6,MthrFuckerFelixJones,Starter,A.J. Green,Ari,WR|W/R/T
11,14.85,MthrFuckerFelixJones,Starter,Cecil Shorts,TB,WR|W/R/T
11,15.1,MthrFuckerFelixJones,Starter,Doug Martin,LV,RB|W/R/T
11,14.45,MthrFuckerFelixJones,Starter,Mikel Leshoure,Det,RB|W/R/T
11,4.05,MthrFuckerFelixJones,Starter,Tony Gonzalez,Atl,TE|W/R/T
11,17.05,MthrFuckerFelixJones,Starter,BenJarvus Green-Ellis,Cin,RB|W/R/T
11,23.35,MthrFuckerFelixJones,Non-Starter,Danario Alexander,LAC,WR|W/R/T
11,12.32,MthrFuckerFelixJones,Non-Starter,Philip Rivers,Ind,QB
11,0.0,MthrFuckerFelixJones,Non-Starter,Adrian Peterson,Sea,RB|W/R/T
11,0.0,MthrFuckerFelixJones,Non-Starter,Kenny Britt,NE,WR|W/R/T
11,0.0,MthrFuckerFelixJones,Non-Starter,Greg Jennings,Mia,WR|W/R/T
11,19.8,MthrFuckerFelixJones,Non-Starter,LaRod Stephens-Howling,Pit,RB|W/R/T
11,0.0,MthrFuckerFelixJones,Non-Starter,DeMarco Murray,Ten,RB|W/R/T
11,7.5,MthrFuckerFelixJones,Starter,Dallas Cowboys,Dal,DEF
12,10.96,MthrFuckerFelixJones,Starter,Aaron Rodgers,Pit,QB
12,13.95,MthrFuckerFelixJones,Starter,A.J. Green,Ari,WR|W/R/T
12,17.5,MthrFuckerFelixJones,Starter,Cecil Shorts,TB,WR|W/R/T
12,18.8,MthrFuckerFelixJones,Starter,Doug Martin,LV,RB|W/R/T
12,13.3,MthrFuckerFelixJones,Starter,Adrian Peterson,Sea,RB|W/R/T
12,7.45,MthrFuckerFelixJones,Starter,Tony Gonzalez,Atl,TE|W/R/T
12,20.05,MthrFuckerFelixJones,Starter,BenJarvus Green-Ellis,Cin,RB|W/R/T
12,8.65,MthrFuckerFelixJones,Non-Starter,Danario Alexander,LAC,WR|W/R/T
12,12.4,MthrFuckerFelixJones,Non-Starter,Mikel Leshoure,Det,RB|W/R/T
12,13.12,MthrFuckerFelixJones,Non-Starter,Philip Rivers,Ind,QB
12,9.25,MthrFuckerFelixJones,Non-Starter,Kenny Britt,NE,WR|W/R/T
12,0.0,MthrFuckerFelixJones,Non-Starter,Greg Jennings,Mia,WR|W/R/T
12,0.1,MthrFuckerFelixJones,Non-Starter,LaRod Stephens-Howling,Pit,RB|W/R/T
12,0.0,MthrFuckerFelixJones,Non-Starter,DeMarco Murray,Ten,RB|W/R/T
12,10.0,MthrFuckerFelixJones,Starter,Carolina Panthers,Car,DEF
13,14.94,MthrFuckerFelixJones,Starter,Aaron Rodgers,Pit,QB
13,10.75,MthrFuckerFelixJones,Starter,A.J. Green,Ari,WR|W/R/T
13,15.45,MthrFuckerFelixJones,Starter,Cecil Shorts,TB,WR|W/R/T
13,10.55,MthrFuckerFelixJones,Starter,Doug Martin,LV,RB|W/R/T
13,28.25,MthrFuckerFelixJones,Starter,Adrian Peterson,Sea,RB|W/R/T
13,12.8,MthrFuckerFelixJones,Starter,Tony Gonzalez,Atl,TE|W/R/T
13,14.2,MthrFuckerFelixJones,Starter,BenJarvus Green-Ellis,Cin,RB|W/R/T
13,11.7,MthrFuckerFelixJones,Non-Starter,Danario Alexander,LAC,WR|W/R/T
13,13.8,MthrFuckerFelixJones,Non-Starter,Mikel Leshoure,Det,RB|W/R/T
13,9.2,MthrFuckerFelixJones,Non-Starter,Philip Rivers,Ind,QB
13,10.5,MthrFuckerFelixJones,Non-Starter,Kenny Britt,NE,WR|W/R/T
13,5.6,MthrFuckerFelixJones,Non-Starter,Greg Jennings,Mia,WR|W/R/T
13,0.25,MthrFuckerFelixJones,Non-Starter,LaRod Stephens-Howling,Pit,RB|W/R/T
13,17.2,MthrFuckerFelixJones,Non-Starter,DeMarco Murray,Ten,RB|W/R/T
13,17.5,MthrFuckerFelixJones,Starter,New York Jets,NYJ,DEF
14,14.12,MthrFuckerFelixJones,Starter,Aaron Rodgers,Pit,QB
14,5.15,MthrFuckerFelixJones,Starter,A.J. Green,Ari,WR|W/R/T
14,0.0,MthrFuckerFelixJones,Starter,Cecil Shorts,TB,WR|W/R/T
14,19.95,MthrFuckerFelixJones,Starter,Doug Martin,LV,RB|W/R/T
14,29.5,MthrFuckerFelixJones,Starter,Adrian Peterson,Sea,RB|W/R/T
14,8.1,MthrFuckerFelixJones,Starter,Tony Gonzalez,Atl,TE|W/R/T
14,10.95,MthrFuckerFelixJones,Starter,BenJarvus Green-Ellis,Cin,RB|W/R/T
14,22.55,MthrFuckerFelixJones,Non-Starter,Danario Alexander,LAC,WR|W/R/T
14,4.9,MthrFuckerFelixJones,Non-Starter,Mikel Leshoure,Det,RB|W/R/T
14,16.3,MthrFuckerFelixJones,Non-Starter,Kenny Britt,NE,WR|W/R/T
14,2.95,MthrFuckerFelixJones,Non-Starter,Greg Jennings,Mia,WR|W/R/T
14,14.5,MthrFuckerFelixJones,Non-Starter,DeMarco Murray,Ten,RB|W/R/T
14,16.0,MthrFuckerFelixJones,Starter,New York Jets,NYJ,DEF
14,9.5,MthrFuckerFelixJones,Non-Starter,Miami,Mia,DEF
14,8.5,MthrFuckerFelixJones,Non-Starter,Detroit Lions,Det,DEF
15,25.19,MthrFuckerFelixJones,Starter,Aaron Rodgers,Pit,QB
15,13.2,MthrFuckerFelixJones,Starter,A.J. Green,Ari,WR|W/R/T
15,0.0,MthrFuckerFelixJones,Starter,Danario Alexander,LAC,WR|W/R/T
15,4.25,MthrFuckerFelixJones,Starter,Doug Martin,LV,RB|W/R/T
15,27.2,MthrFuckerFelixJones,Starter,Adrian Peterson,Sea,RB|W/R/T
15,12.4,MthrFuckerFelixJones,Starter,Tony Gonzalez,Atl,TE|W/R/T
15,16.6,MthrFuckerFelixJones,Starter,BenJarvus Green-Ellis,Cin,RB|W/R/T
15,16.2,MthrFuckerFelixJones,Non-Starter,DeMarco Murray,Ten,RB|W/R/T
15,11.6,MthrFuckerFelixJones,Non-Starter,Cecil Shorts,TB,WR|W/R/T
15,12.4,MthrFuckerFelixJones,Non-Starter,Mikel Leshoure,Det,RB|W/R/T
15,0.95,MthrFuckerFelixJones,Non-Starter,Kenny Britt,NE,WR|W/R/T
15,6.0,MthrFuckerFelixJones,Non-Starter,Greg Jennings,Mia,WR|W/R/T
15,9.0,MthrFuckerFelixJones,Starter,Detroit Lions,Det,DEF
15,13.5,MthrFuckerFelixJones,Non-Starter,New York Jets,NYJ,DEF
15,12.0,MthrFuckerFelixJones,Non-Starter,Miami,Mia,DEF
16,32.78,MthrFuckerFelixJones,Starter,Aaron Rodgers,Pit,QB
16,12.1,MthrFuckerFelixJones,Starter,A.J. Green,Ari,WR|W/R/T
16,6.9,MthrFuckerFelixJones,Starter,Cecil Shorts,TB,WR|W/R/T
16,13.65,MthrFuckerFelixJones,Starter,Doug Martin,LV,RB|W/R/T
16,9.25,MthrFuckerFelixJones,Starter,Adrian Peterson,Sea,RB|W/R/T
16,1.15,MthrFuckerFelixJones,Starter,Tony Gonzalez,Atl,TE|W/R/T
16,8.1,MthrFuckerFelixJones,Starter,DeMarco Murray,Ten,RB|W/R/T
16,13.65,MthrFuckerFelixJones,Non-Starter,Danario Alexander,LAC,WR|W/R/T
16,1.65,MthrFuckerFelixJones,Non-Starter,BenJarvus Green-Ellis,Cin,RB|W/R/T
16,11.35,MthrFuckerFelixJones,Non-Starter,Mikel Leshoure,Det,RB|W/R/T
16,12.25,MthrFuckerFelixJones,Non-Starter,Greg Jennings,Mia,WR|W/R/T
16,29.0,MthrFuckerFelixJones,Starter,Los Angeles Chargers,LAC,DEF
16,8.5,MthrFuckerFelixJones,Non-Starter,New York Jets,NYJ,DEF
16,17.0,MthrFuckerFelixJones,Non-Starter,Miami,Mia,DEF
16,18.5,MthrFuckerFelixJones,Non-Starter,Indianapolis Colts,Ind,DEF
1,17.54,The Boldin Beautiful,Starter,Tom Brady,TB,QB
1,4.8,The Boldin Beautiful,Starter,Hakeem Nicks,NYG,WR|W/R/T
1,6.05,The Boldin Beautiful,Starter,Dwayne Bowe,Cle,WR|W/R/T
1,15.05,The Boldin Beautiful,Starter,Darren McFadden,Dal,RB|W/R/T
1,19.75,The Boldin Beautiful,Starter,Arian Foster,Mia,RB|W/R/T
1,4.3,The Boldin Beautiful,Starter,Fred Davis,Was,TE|W/R/T
1,8.7,The Boldin Beautiful,Starter,Jamaal Charles,Jax,RB|W/R/T
1,13.6,The Boldin Beautiful,Non-Starter,Anquan Boldin,Det,WR|W/R/T
1,-1.6,The Boldin Beautiful,Non-Starter,David Wilson,NYG,RB|W/R/T
1,7.85,The Boldin Beautiful,Non-Starter,Laurent Robinson,Jax,WR|W/R/T
1,19.86,The Boldin Beautiful,Non-Starter,Joe Flacco,Cle,QB
1,1.0,The Boldin Beautiful,Non-Starter,Doug Baldwin,Sea,WR|W/R/T
1,5.9,The Boldin Beautiful,Non-Starter,Jonathan Dwyer,Ari,RB|W/R/T
1,4.1,The Boldin Beautiful,Non-Starter,Kendall Hunter,NO,RB|W/R/T
1,11.0,The Boldin Beautiful,Starter,Washington Commanders,Was,DEF
2,14.54,The Boldin Beautiful,Starter,Tom Brady,TB,QB
2,28.4,The Boldin Beautiful,Starter,Hakeem Nicks,NYG,WR|W/R/T
2,24.2,The Boldin Beautiful,Starter,Dwayne Bowe,Cle,WR|W/R/T
2,4.6,The Boldin Beautiful,Starter,Darren McFadden,Dal,RB|W/R/T
2,22.2,The Boldin Beautiful,Starter,Arian Foster,Mia,RB|W/R/T
2,2.1,The Boldin Beautiful,Starter,Coby Fleener,NO,TE|W/R/T
2,2.95,The Boldin Beautiful,Starter,Jamaal Charles,Jax,RB|W/R/T
2,1.2,The Boldin Beautiful,Non-Starter,Anquan Boldin,Det,WR|W/R/T
2,0.6,The Boldin Beautiful,Non-Starter,David Wilson,NYG,RB|W/R/T
2,5.65,The Boldin Beautiful,Non-Starter,Laurent Robinson,Jax,WR|W/R/T
2,9.28,The Boldin Beautiful,Non-Starter,Joe Flacco,Cle,QB
2,1.05,The Boldin Beautiful,Non-Starter,Doug Baldwin,Sea,WR|W/R/T
2,4.25,The Boldin Beautiful,Non-Starter,Jonathan Dwyer,Ari,RB|W/R/T
2,2.9,The Boldin Beautiful,Non-Starter,Kendall Hunter,NO,RB|W/R/T
2,17.0,The Boldin Beautiful,Starter,Washington Commanders,Was,DEF
3,18.1,The Boldin Beautiful,Starter,Tom Brady,TB,QB
3,9.65,The Boldin Beautiful,Starter,Dwayne Bowe,Cle,WR|W/R/T
3,5.8,The Boldin Beautiful,Starter,Anquan Boldin,Det,WR|W/R/T
3,18.0,The Boldin Beautiful,Starter,Darren McFadden,Dal,RB|W/R/T
3,17.05,The Boldin Beautiful,Starter,Arian Foster,Mia,RB|W/R/T
3,0.0,The Boldin Beautiful,Starter,Coby Fleener,NO,TE|W/R/T
3,36.3,The Boldin Beautiful,Starter,Jamaal Charles,Jax,RB|W/R/T
3,0.0,The Boldin Beautiful,Non-Starter,Hakeem Nicks,NYG,WR|W/R/T
3,0.35,The Boldin Beautiful,Non-Starter,David Wilson,NYG,RB|W/R/T
3,0.0,The Boldin Beautiful,Non-Starter,Laurent Robinson,Jax,WR|W/R/T
3,25.58,The Boldin Beautiful,Non-Starter,Joe Flacco,Cle,QB
3,0.0,The Boldin Beautiful,Non-Starter,Doug Baldwin,Sea,WR|W/R/T
3,-1.75,The Boldin Beautiful,Non-Starter,Jonathan Dwyer,Ari,RB|W/R/T
3,0.45,The Boldin Beautiful,Non-Starter,Kendall Hunter,NO,RB|W/R/T
3,12.0,The Boldin Beautiful,Starter,Washington Commanders,Was,DEF
4,32.0,The Boldin Beautiful,Starter,Tom Brady,TB,QB
4,18.55,The Boldin Beautiful,Starter,Dwayne Bowe,Cle,WR|W/R/T
4,2.15,The Boldin Beautiful,Starter,Laurent Robinson,Jax,WR|W/R/T
4,4.05,The Boldin Beautiful,Starter,Darren McFadden,Dal,RB|W/R/T
4,15.65,The Boldin Beautiful,Starter,Arian Foster,Mia,RB|W/R/T
4,1.3,The Boldin Beautiful,Starter,Kyle Rudolph,TB,TE|W/R/T
4,19.85,The Boldin Beautiful,Starter,Jamaal Charles,Jax,RB|W/R/T
4,0.0,The Boldin Beautiful,Non-Starter,Hakeem Nicks,NYG,WR|W/R/T
4,15.35,The Boldin Beautiful,Non-Starter,Anquan Boldin,Det,WR|W/R/T
4,0.0,The Boldin Beautiful,Non-Starter,David Wilson,NYG,RB|W/R/T
4,22.64,The Boldin Beautiful,Non-Starter,Joe Flacco,Cle,QB
4,1.25,The Boldin Beautiful,Non-Starter,Doug Baldwin,Sea,WR|W/R/T
4,0.0,The Boldin Beautiful,Non-Starter,Jonathan Dwyer,Ari,RB|W/R/T
4,11.6,The Boldin Beautiful,Non-Starter,Kendall Hunter,NO,RB|W/R/T
4,5.5,The Boldin Beautiful,Starter,Washington Commanders,Was,DEF
5,18.72,The Boldin Beautiful,Starter,Tom Brady,TB,QB
5,7.5,The Boldin Beautiful,Starter,Dwayne Bowe,Cle,WR|W/R/T
5,9.2,The Boldin Beautiful,Starter,Anquan Boldin,Det,WR|W/R/T
5,23.05,The Boldin Beautiful,Starter,Arian Foster,Mia,RB|W/R/T
5,16.6,The Boldin Beautiful,Starter,Jamaal Charles,Jax,RB|W/R/T
5,9.3,The Boldin Beautiful,Starter,Kyle Rudolph,TB,TE|W/R/T
5,0.75,The Boldin Beautiful,Starter,Leonard Hankerson,Buf,WR|W/R/T
5,8.1,The Boldin Beautiful,Non-Starter,Kendall Hunter,NO,RB|W/R/T
5,0.0,The Boldin Beautiful,Non-Starter,Laurent Robinson,Jax,WR|W/R/T
5,0.0,The Boldin Beautiful,Non-Starter,Darren McFadden,Dal,RB|W/R/T
5,0.0,The Boldin Beautiful,Non-Starter,Hakeem Nicks,NYG,WR|W/R/T
5,10.4,The Boldin Beautiful,Non-Starter,David Wilson,NYG,RB|W/R/T
5,6.88,The Boldin Beautiful,Non-Starter,Joe Flacco,Cle,QB
5,0.0,The Boldin Beautiful,Non-Starter,Jonathan Dwyer,Ari,RB|W/R/T
5,14.0,The Boldin Beautiful,Starter,Washington Commanders,Was,DEF
6,19.8,The Boldin Beautiful,Starter,Tom Brady,TB,QB
6,3.25,The Boldin Beautiful,Starter,Dwayne Bowe,Cle,WR|W/R/T
6,11.05,The Boldin Beautiful,Starter,Anquan Boldin,Det,WR|W/R/T
6,16.35,The Boldin Beautiful,Starter,Arian Foster,Mia,RB|W/R/T
6,5.2,The Boldin Beautiful,Starter,Jamaal Charles,Jax,RB|W/R/T
6,15.1,The Boldin Beautiful,Starter,Kyle Rudolph,TB,TE|W/R/T
6,14.55,The Boldin Beautiful,Starter,Darren McFadden,Dal,RB|W/R/T
6,2.8,The Boldin Beautiful,Non-Starter,Leonard Hankerson,Buf,WR|W/R/T
6,3.45,The Boldin Beautiful,Non-Starter,Kendall Hunter,NO,RB|W/R/T
6,5.15,The Boldin Beautiful,Non-Starter,Hakeem Nicks,NYG,WR|W/R/T
6,3.5,The Boldin Beautiful,Non-Starter,David Wilson,NYG,RB|W/R/T
6,13.56,The Boldin Beautiful,Non-Starter,Joe Flacco,Cle,QB
6,0.0,The Boldin Beautiful,Non-Starter,Jonathan Dwyer,Ari,RB|W/R/T
6,16.65,The Boldin Beautiful,Non-Starter,Josh Gordon,Ten,WR|W/R/T
6,19.0,The Boldin Beautiful,Starter,Washington Commanders,Was,DEF
7,18.36,The Boldin Beautiful,Starter,Tom Brady,TB,QB
7,3.15,The Boldin Beautiful,Starter,Anquan Boldin,Det,WR|W/R/T
7,6.55,The Boldin Beautiful,Starter,Hakeem Nicks,NYG,WR|W/R/T
7,22.55,The Boldin Beautiful,Starter,Arian Foster,Mia,RB|W/R/T
7,9.1,The Boldin Beautiful,Starter,Darren McFadden,Dal,RB|W/R/T
7,0.0,The Boldin Beautiful,Starter,Kyle Rudolph,TB,TE|W/R/T
7,12.4,The Boldin Beautiful,Starter,Josh Gordon,Ten,WR|W/R/T
7,0.0,The Boldin Beautiful,Non-Starter,David Wilson,NYG,RB|W/R/T
7,0.0,The Boldin Beautiful,Non-Starter,Dwayne Bowe,Cle,WR|W/R/T
7,0.0,The Boldin Beautiful,Non-Starter,Jamaal Charles,Jax,RB|W/R/T
7,8.5,The Boldin Beautiful,Non-Starter,Leonard Hankerson,Buf,WR|W/R/T
7,5.0,The Boldin Beautiful,Non-Starter,Kendall Hunter,NO,RB|W/R/T
7,4.58,The Boldin Beautiful,Non-Starter,Joe Flacco,Cle,QB
7,12.2,The Boldin Beautiful,Non-Starter,Jonathan Dwyer,Ari,RB|W/R/T
7,6.5,The Boldin Beautiful,Starter,Washington Commanders,Was,DEF
8,28.46,The Boldin Beautiful,Starter,Tom Brady,TB,QB
8,5.6,The Boldin Beautiful,Starter,Hakeem Nicks,NYG,WR|W/R/T
8,7.25,The Boldin Beautiful,Starter,Dwayne Bowe,Cle,WR|W/R/T
8,14.7,The Boldin Beautiful,Starter,Darren McFadden,Dal,RB|W/R/T
8,1.75,The Boldin Beautiful,Starter,Jamaal Charles,Jax,RB|W/R/T
8,2.2,The Boldin Beautiful,Starter,Kyle Rudolph,TB,TE|W/R/T
8,11.0,The Boldin Beautiful,Starter,Rashad Jennings,NYG,RB|W/R/T
8,11.75,The Boldin Beautiful,Non-Starter,Jonathan Dwyer,Ari,RB|W/R/T
8,0.0,The Boldin Beautiful,Non-Starter,Anquan Boldin,Det,WR|W/R/T
8,0.0,The Boldin Beautiful,Non-Starter,Arian Foster,Mia,RB|W/R/T
8,5.35,The Boldin Beautiful,Non-Starter,Josh Gordon,Ten,WR|W/R/T
8,0.1,The Boldin Beautiful,Non-Starter,David Wilson,NYG,RB|W/R/T
8,5.15,The Boldin Beautiful,Non-Starter,Kendall Hunter,NO,RB|W/R/T
8,0.0,The Boldin Beautiful,Non-Starter,Joe Flacco,Cle,QB
8,3.5,The Boldin Beautiful,Starter,Washington Commanders,Was,DEF
9,12.22,The Boldin Beautiful,Starter,Joe Flacco,Cle,QB
9,1.25,The Boldin Beautiful,Starter,Hakeem Nicks,NYG,WR|W/R/T
9,13.55,The Boldin Beautiful,Starter,Roddy White,Atl,WR|W/R/T
9,2.2,The Boldin Beautiful,Starter,Darren McFadden,Dal,RB|W/R/T
9,17.1,The Boldin Beautiful,Starter,Arian Foster,Mia,RB|W/R/T
9,0.0,The Boldin Beautiful,Starter,Kyle Rudolph,TB,TE|W/R/T
9,7.35,The Boldin Beautiful,Starter,Jamaal Charles,Jax,RB|W/R/T
9,0.0,The Boldin Beautiful,Non-Starter,Tom Brady,TB,QB
9,0.0,The Boldin Beautiful,Non-Starter,Jonathan Dwyer,Ari,RB|W/R/T
9,8.95,The Boldin Beautiful,Non-Starter,Anquan Boldin,Det,WR|W/R/T
9,4.3,The Boldin Beautiful,Non-Starter,Josh Gordon,Ten,WR|W/R/T
9,0.0,The Boldin Beautiful,Non-Starter,David Wilson,NYG,RB|W/R/T
9,0.0,The Boldin Beautiful,Non-Starter,Kendall Hunter,NO,RB|W/R/T
9,0.0,The Boldin Beautiful,Non-Starter,Ben Tate,Min,RB|W/R/T
9,5.5,The Boldin Beautiful,Starter,Miami,Mia,DEF
10,17.38,The Boldin Beautiful,Starter,Tom Brady,TB,QB
10,9.75,The Boldin Beautiful,Starter,Hakeem Nicks,NYG,WR|W/R/T
10,13.15,The Boldin Beautiful,Starter,Roddy White,Atl,WR|W/R/T
10,18.95,The Boldin Beautiful,Starter,Arian Foster,Mia,RB|W/R/T
10,16.0,The Boldin Beautiful,Starter,Jamaal Charles,Jax,RB|W/R/T
10,5.45,The Boldin Beautiful,Starter,Dustin Keller,NYJ,TE|W/R/T
10,12.15,The Boldin Beautiful,Starter,Marcel Reece,Sea,RB|W/R/T
10,4.8,The Boldin Beautiful,Non-Starter,Anquan Boldin,Det,WR|W/R/T
10,0.0,The Boldin Beautiful,Non-Starter,Darren McFadden,Dal,RB|W/R/T
10,6.25,The Boldin Beautiful,Non-Starter,Jonathan Dwyer,Ari,RB|W/R/T
10,0.0,The Boldin Beautiful,Non-Starter,Josh Gordon,Ten,WR|W/R/T
10,0.1,The Boldin Beautiful,Non-Starter,David Wilson,NYG,RB|W/R/T
10,2.55,The Boldin Beautiful,Non-Starter,Kendall Hunter,NO,RB|W/R/T
10,0.0,The Boldin Beautiful,Non-Starter,Ben Tate,Min,RB|W/R/T
10,2.5,The Boldin Beautiful,Starter,Miami,Mia,DEF
11,25.24,The Boldin Beautiful,Starter,Tom Brady,TB,QB
11,14.3,The Boldin Beautiful,Starter,Roddy White,Atl,WR|W/R/T
11,9.9,The Boldin Beautiful,Starter,Anquan Boldin,Det,WR|W/R/T
11,9.25,The Boldin Beautiful,Starter,Arian Foster,Mia,RB|W/R/T
11,12.8,The Boldin Beautiful,Starter,Jamaal Charles,Jax,RB|W/R/T
11,2.1,The Boldin Beautiful,Starter,Dustin Keller,NYJ,TE|W/R/T
11,20.3,The Boldin Beautiful,Starter,Marcel Reece,Sea,RB|W/R/T
11,0.0,The Boldin Beautiful,Non-Starter,Darren McFadden,Dal,RB|W/R/T
11,0.0,The Boldin Beautiful,Non-Starter,Hakeem Nicks,NYG,WR|W/R/T
11,8.85,The Boldin Beautiful,Non-Starter,Jonathan Dwyer,Ari,RB|W/R/T
11,6.55,The Boldin Beautiful,Non-Starter,Josh Gordon,Ten,WR|W/R/T
11,0.0,The Boldin Beautiful,Non-Starter,David Wilson,NYG,RB|W/R/T
11,9.25,The Boldin Beautiful,Non-Starter,Kendall Hunter,NO,RB|W/R/T
11,0.0,The Boldin Beautiful,Non-Starter,Ben Tate,Min,RB|W/R/T
11,15.5,The Boldin Beautiful,Starter,Miami,Mia,DEF
12,31.42,The Boldin Beautiful,Starter,Tom Brady,TB,QB
12,6.95,The Boldin Beautiful,Starter,Roddy White,Atl,WR|W/R/T
12,14.95,The Boldin Beautiful,Starter,Hakeem Nicks,NYG,WR|W/R/T
12,24.95,The Boldin Beautiful,Starter,Arian Foster,Mia,RB|W/R/T
12,10.7,The Boldin Beautiful,Starter,Jamaal Charles,Jax,RB|W/R/T
12,13.65,The Boldin Beautiful,Starter,Dustin Keller,NYJ,TE|W/R/T
12,11.3,The Boldin Beautiful,Starter,Marcel Reece,Sea,RB|W/R/T
12,5.45,The Boldin Beautiful,Non-Starter,Jalen Parmele,Ari,RB|W/R/T
12,4.7,The Boldin Beautiful,Non-Starter,Anquan Boldin,Det,WR|W/R/T
12,0.0,The Boldin Beautiful,Non-Starter,Darren McFadden,Dal,RB|W/R/T
12,1.3,The Boldin Beautiful,Non-Starter,Jonathan Dwyer,Ari,RB|W/R/T
12,7.0,The Boldin Beautiful,Non-Starter,Josh Gordon,Ten,WR|W/R/T
12,2.8,The Boldin Beautiful,Non-Starter,Kendall Hunter,NO,RB|W/R/T
12,0.0,The Boldin Beautiful,Non-Starter,Ben Tate,Min,RB|W/R/T
12,6.5,The Boldin Beautiful,Starter,Miami,Mia,DEF
13,11.42,The Boldin Beautiful,Starter,Tom Brady,TB,QB
13,2.25,The Boldin Beautiful,Starter,Roddy White,Atl,WR|W/R/T
13,5.55,The Boldin Beautiful,Starter,Hakeem Nicks,NYG,WR|W/R/T
13,12.55,The Boldin Beautiful,Starter,Arian Foster,Mia,RB|W/R/T
13,14.8,The Boldin Beautiful,Starter,Jamaal Charles,Jax,RB|W/R/T
13,8.85,The Boldin Beautiful,Starter,Dallas Clark,Bal,TE|W/R/T
13,6.85,The Boldin Beautiful,Starter,Marcel Reece,Sea,RB|W/R/T
13,0.0,The Boldin Beautiful,Non-Starter,Darren McFadden,Dal,RB|W/R/T
13,15.35,The Boldin Beautiful,Non-Starter,Anquan Boldin,Det,WR|W/R/T
13,12.45,The Boldin Beautiful,Non-Starter,Jonathan Dwyer,Ari,RB|W/R/T
13,19.1,The Boldin Beautiful,Non-Starter,Josh Gordon,Ten,WR|W/R/T
13,1.8,The Boldin Beautiful,Non-Starter,Ben Tate,Min,RB|W/R/T
13,5.8,The Boldin Beautiful,Non-Starter,Bilal Powell,NYJ,RB|W/R/T
13,0.6,The Boldin Beautiful,Non-Starter,Brandon Jacobs,NYG,RB|W/R/T
13,10.5,The Boldin Beautiful,Starter,Dallas Cowboys,Dal,DEF
14,28.44,The Boldin Beautiful,Starter,Tom Brady,TB,QB
14,19.95,The Boldin Beautiful,Starter,Roddy White,Atl,WR|W/R/T
14,13.7,The Boldin Beautiful,Starter,Hakeem Nicks,NYG,WR|W/R/T
14,15.5,The Boldin Beautiful,Starter,Arian Foster,Mia,RB|W/R/T
14,22.5,The Boldin Beautiful,Starter,Jamaal Charles,Jax,RB|W/R/T
14,2.15,The Boldin Beautiful,Starter,Dallas Clark,Bal,TE|W/R/T
14,12.9,The Boldin Beautiful,Starter,Darren McFadden,Dal,RB|W/R/T
14,1.75,The Boldin Beautiful,Non-Starter,Marcel Reece,Sea,RB|W/R/T
14,20.55,The Boldin Beautiful,Non-Starter,Anquan Boldin,Det,WR|W/R/T
14,5.75,The Boldin Beautiful,Non-Starter,Jonathan Dwyer,Ari,RB|W/R/T
14,10.6,The Boldin Beautiful,Non-Starter,Josh Gordon,Ten,WR|W/R/T
14,4.75,The Boldin Beautiful,Non-Starter,Ben Tate,Min,RB|W/R/T
14,13.8,The Boldin Beautiful,Non-Starter,Bilal Powell,NYJ,RB|W/R/T
14,0.0,The Boldin Beautiful,Non-Starter,Brandon Jacobs,NYG,RB|W/R/T
14,1.5,The Boldin Beautiful,Starter,Atlanta Falcons,Atl,DEF
15,24.82,The Boldin Beautiful,Starter,Tom Brady,TB,QB
15,2.1,The Boldin Beautiful,Starter,Roddy White,Atl,WR|W/R/T
15,4.75,The Boldin Beautiful,Starter,Hakeem Nicks,NYG,WR|W/R/T
15,17.4,The Boldin Beautiful,Starter,Arian Foster,Mia,RB|W/R/T
15,3.55,The Boldin Beautiful,Starter,Jamaal Charles,Jax,RB|W/R/T
15,6.2,The Boldin Beautiful,Starter,Dallas Clark,Bal,TE|W/R/T
15,13.9,The Boldin Beautiful,Starter,Darren McFadden,Dal,RB|W/R/T
15,0.85,The Boldin Beautiful,Non-Starter,Marcel Reece,Sea,RB|W/R/T
15,0.0,The Boldin Beautiful,Non-Starter,Anquan Boldin,Det,WR|W/R/T
15,8.2,The Boldin Beautiful,Non-Starter,Jonathan Dwyer,Ari,RB|W/R/T
15,3.45,The Boldin Beautiful,Non-Starter,Josh Gordon,Ten,WR|W/R/T
15,1.3,The Boldin Beautiful,Non-Starter,Ben Tate,Min,RB|W/R/T
15,4.8,The Boldin Beautiful,Non-Starter,Bilal Powell,NYJ,RB|W/R/T
15,3.1,The Boldin Beautiful,Non-Starter,LaMichael James,Mia,RB|W/R/T
15,7.0,The Boldin Beautiful,Starter,Los Angeles Rams,LAR,DEF
16,14.68,The Boldin Beautiful,Starter,Tom Brady,TB,QB
16,29.3,The Boldin Beautiful,Starter,Roddy White,Atl,WR|W/R/T
16,0.0,The Boldin Beautiful,Starter,Hakeem Nicks,NYG,WR|W/R/T
16,1.4,The Boldin Beautiful,Starter,Arian Foster,Mia,RB|W/R/T
16,27.25,The Boldin Beautiful,Starter,Jamaal Charles,Jax,RB|W/R/T
16,4.3,The Boldin Beautiful,Starter,Dallas Clark,Bal,TE|W/R/T
16,5.55,The Boldin Beautiful,Starter,Darren McFadden,Dal,RB|W/R/T
16,2.8,The Boldin Beautiful,Non-Starter,Marcel Reece,Sea,RB|W/R/T
16,11.05,The Boldin Beautiful,Non-Starter,Anquan Boldin,Det,WR|W/R/T
16,3.9,The Boldin Beautiful,Non-Starter,Jonathan Dwyer,Ari,RB|W/R/T
16,0.95,The Boldin Beautiful,Non-Starter,Josh Gordon,Ten,WR|W/R/T
16,2.15,The Boldin Beautiful,Non-Starter,Ben Tate,Min,RB|W/R/T
16,4.4,The Boldin Beautiful,Non-Starter,Bilal Powell,NYJ,RB|W/R/T
16,3.4,The Boldin Beautiful,Non-Starter,LaMichael James,Mia,RB|W/R/T
16,28.0,The Boldin Beautiful,Starter,Los Angeles Rams,LAR,DEF
1,16.92,Sproletariat Victory,Starter,Jay Cutler,Mia,QB
1,12.6,Sproletariat Victory,Starter,Calvin Johnson,Det,WR|W/R/T
1,20.15,Sproletariat Victory,Starter,Brandon Marshall,Sea,WR|W/R/T
1,12.75,Sproletariat Victory,Starter,Darren Sproles,Phi,RB|W/R/T
1,10.8,Sproletariat Victory,Starter,Donald Brown,LAC,RB|W/R/T
1,11.55,Sproletariat Victory,Starter,Jacob Tamme,Atl,TE|W/R/T
1,11.9,Sproletariat Victory,Starter,Percy Harvin,Buf,WR|W/R/T
1,3.2,Sproletariat Victory,Non-Starter,Isaac Redman,Pit,RB|W/R/T
1,8.8,Sproletariat Victory,Non-Starter,Antonio Brown,TB,WR|W/R/T
1,6.65,Sproletariat Victory,Non-Starter,Eric Decker,Ten,WR|W/R/T
1,1.1,Sproletariat Victory,Non-Starter,Ryan Williams,Ari,RB|W/R/T
1,0.0,Sproletariat Victory,Non-Starter,Greg Little,Cin,WR|W/R/T
1,4.35,Sproletariat Victory,Non-Starter,Ronnie Brown,Hou,RB|W/R/T
1,21.6,Sproletariat Victory,Non-Starter,Alfred Morris,NYG,RB|W/R/T
1,18.5,Sproletariat Victory,Starter,Philadelphia Eagles,Phi,DEF
2,2.24,Sproletariat Victory,Starter,Jay Cutler,Mia,QB
2,11.4,Sproletariat Victory,Starter,Calvin Johnson,Det,WR|W/R/T
2,2.9,Sproletariat Victory,Starter,Brandon Marshall,Sea,WR|W/R/T
2,16.05,Sproletariat Victory,Starter,Darren Sproles,Phi,RB|W/R/T
2,4.5,Sproletariat Victory,Starter,Donald Brown,LAC,RB|W/R/T
2,1.8,Sproletariat Victory,Starter,Jacob Tamme,Atl,TE|W/R/T
2,14.7,Sproletariat Victory,Starter,Percy Harvin,Buf,WR|W/R/T
2,10.15,Sproletariat Victory,Non-Starter,Isaac Redman,Pit,RB|W/R/T
2,10.55,Sproletariat Victory,Non-Starter,Antonio Brown,TB,WR|W/R/T
2,6.3,Sproletariat Victory,Non-Starter,Eric Decker,Ten,WR|W/R/T
2,0.8,Sproletariat Victory,Non-Starter,Ryan Williams,Ari,RB|W/R/T
2,12.95,Sproletariat Victory,Non-Starter,Greg Little,Cin,WR|W/R/T
2,4.4,Sproletariat Victory,Non-Starter,Ronnie Brown,Hou,RB|W/R/T
2,8.9,Sproletariat Victory,Non-Starter,Alfred Morris,NYG,RB|W/R/T
2,10.0,Sproletariat Victory,Starter,Philadelphia Eagles,Phi,DEF
3,7.12,Sproletariat Victory,Starter,Jay Cutler,Mia,QB
3,24.9,Sproletariat Victory,Starter,Calvin Johnson,Det,WR|W/R/T
3,8.35,Sproletariat Victory,Starter,Brandon Marshall,Sea,WR|W/R/T
3,6.2,Sproletariat Victory,Starter,Darren Sproles,Phi,RB|W/R/T
3,13.8,Sproletariat Victory,Starter,Alfred Morris,NYG,RB|W/R/T
3,3.85,Sproletariat Victory,Starter,Jacob Tamme,Atl,TE|W/R/T
3,12.05,Sproletariat Victory,Starter,Percy Harvin,Buf,WR|W/R/T
3,10.35,Sproletariat Victory,Non-Starter,Donald Brown,LAC,RB|W/R/T
3,5.85,Sproletariat Victory,Non-Starter,Isaac Redman,Pit,RB|W/R/T
3,14.45,Sproletariat Victory,Non-Starter,Antonio Brown,TB,WR|W/R/T
3,15.6,Sproletariat Victory,Non-Starter,Eric Decker,Ten,WR|W/R/T
3,9.75,Sproletariat Victory,Non-Starter,Ryan Williams,Ari,RB|W/R/T
3,2.2,Sproletariat Victory,Non-Starter,Greg Little,Cin,WR|W/R/T
3,0.0,Sproletariat Victory,Non-Starter,Ronnie Brown,Hou,RB|W/R/T
3,9.0,Sproletariat Victory,Starter,Philadelphia Eagles,Phi,DEF
4,23.4,Sproletariat Victory,Starter,Ryan Fitzpatrick,Was,QB
4,6.65,Sproletariat Victory,Starter,Calvin Johnson,Det,WR|W/R/T
4,21.55,Sproletariat Victory,Starter,Brandon Marshall,Sea,WR|W/R/T
4,13.65,Sproletariat Victory,Starter,Darren Sproles,Phi,RB|W/R/T
4,17.15,Sproletariat Victory,Starter,Alfred Morris,NYG,RB|W/R/T
4,16.4,Sproletariat Victory,Starter,Greg Olsen,Sea,TE|W/R/T
4,10.15,Sproletariat Victory,Starter,Percy Harvin,Buf,WR|W/R/T
4,5.05,Sproletariat Victory,Non-Starter,Jacob Tamme,Atl,TE|W/R/T
4,17.0,Sproletariat Victory,Non-Starter,Jay Cutler,Mia,QB
4,0.0,Sproletariat Victory,Non-Starter,Donald Brown,LAC,RB|W/R/T
4,0.0,Sproletariat Victory,Non-Starter,Isaac Redman,Pit,RB|W/R/T
4,0.0,Sproletariat Victory,Non-Starter,Antonio Brown,TB,WR|W/R/T
4,15.65,Sproletariat Victory,Non-Starter,Eric Decker,Ten,WR|W/R/T
4,2.85,Sproletariat Victory,Non-Starter,Ryan Williams,Ari,RB|W/R/T
4,4.5,Sproletariat Victory,Starter,Philadelphia Eagles,Phi,DEF
5,19.88,Sproletariat Victory,Starter,Jay Cutler,Mia,QB
5,23.4,Sproletariat Victory,Starter,Brandon Marshall,Sea,WR|W/R/T
5,9.1,Sproletariat Victory,Starter,Eric Decker,Ten,WR|W/R/T
5,4.95,Sproletariat Victory,Starter,Darren Sproles,Phi,RB|W/R/T
5,13.75,Sproletariat Victory,Starter,Alfred Morris,NYG,RB|W/R/T
5,4.2,Sproletariat Victory,Starter,Greg Olsen,Sea,TE|W/R/T
5,25.6,Sproletariat Victory,Starter,Percy Harvin,Buf,WR|W/R/T
5,3.14,Sproletariat Victory,Non-Starter,Ryan Fitzpatrick,Was,QB
5,0.0,Sproletariat Victory,Non-Starter,Calvin Johnson,Det,WR|W/R/T
5,6.5,Sproletariat Victory,Non-Starter,Jacob Tamme,Atl,TE|W/R/T
5,11.7,Sproletariat Victory,Non-Starter,Donald Brown,LAC,RB|W/R/T
5,4.1,Sproletariat Victory,Non-Starter,Isaac Redman,Pit,RB|W/R/T
5,10.35,Sproletariat Victory,Non-Starter,Antonio Brown,TB,WR|W/R/T
5,4.05,Sproletariat Victory,Non-Starter,Ryan Williams,Ari,RB|W/R/T
5,2.5,Sproletariat Victory,Starter,Philadelphia Eagles,Phi,DEF
6,17.38,Sproletariat Victory,Starter,Christian Ponder,SF,QB
6,15.0,Sproletariat Victory,Starter,Calvin Johnson,Det,WR|W/R/T
6,3.0,Sproletariat Victory,Starter,Antonio Brown,TB,WR|W/R/T
6,11.85,Sproletariat Victory,Starter,Alfred Morris,NYG,RB|W/R/T
6,2.2,Sproletariat Victory,Starter,LaRod Stephens-Howling,Pit,RB|W/R/T
6,3.2,Sproletariat Victory,Starter,Jacob Tamme,Atl,TE|W/R/T
6,16.15,Sproletariat Victory,Starter,Percy Harvin,Buf,WR|W/R/T
6,12.9,Sproletariat Victory,Non-Starter,Isaac Redman,Pit,RB|W/R/T
6,0.0,Sproletariat Victory,Non-Starter,Donald Brown,LAC,RB|W/R/T
6,17.3,Sproletariat Victory,Non-Starter,Eric Decker,Ten,WR|W/R/T
6,0.0,Sproletariat Victory,Non-Starter,Jay Cutler,Mia,QB
6,0.0,Sproletariat Victory,Non-Starter,Brandon Marshall,Sea,WR|W/R/T
6,0.0,Sproletariat Victory,Non-Starter,Darren Sproles,Phi,RB|W/R/T
6,0.0,Sproletariat Victory,Non-Starter,Greg Olsen,Sea,TE|W/R/T
6,20.0,Sproletariat Victory,Starter,Atlanta Falcons,Atl,DEF
7,13.4,Sproletariat Victory,Starter,Jay Cutler,Mia,QB
7,4.15,Sproletariat Victory,Starter,Calvin Johnson,Det,WR|W/R/T
7,15.6,Sproletariat Victory,Starter,Brandon Marshall,Sea,WR|W/R/T
7,11.5,Sproletariat Victory,Starter,Alfred Morris,NYG,RB|W/R/T
7,12.9,Sproletariat Victory,Starter,Darren Sproles,Phi,RB|W/R/T
7,4.1,Sproletariat Victory,Starter,Greg Olsen,Sea,TE|W/R/T
7,11.7,Sproletariat Victory,Starter,Percy Harvin,Buf,WR|W/R/T
7,0.0,Sproletariat Victory,Non-Starter,Isaac Redman,Pit,RB|W/R/T
7,2.52,Sproletariat Victory,Non-Starter,Christian Ponder,SF,QB
7,12.65,Sproletariat Victory,Non-Starter,Antonio Brown,TB,WR|W/R/T
7,0.0,Sproletariat Victory,Non-Starter,Jacob Tamme,Atl,TE|W/R/T
7,0.0,Sproletariat Victory,Non-Starter,Donald Brown,LAC,RB|W/R/T
7,0.0,Sproletariat Victory,Non-Starter,Eric Decker,Ten,WR|W/R/T
7,9.5,Sproletariat Victory,Starter,Cleveland Browns,Cle,DEF
7,0.0,Sproletariat Victory,Non-Starter,Atlanta Falcons,Atl,DEF
8,5.84,Sproletariat Victory,Starter,Jay Cutler,Mia,QB
8,5.35,Sproletariat Victory,Starter,Calvin Johnson,Det,WR|W/R/T
8,12.05,Sproletariat Victory,Starter,Brandon Marshall,Sea,WR|W/R/T
8,5.9,Sproletariat Victory,Starter,Alfred Morris,NYG,RB|W/R/T
8,13.25,Sproletariat Victory,Starter,Darren Sproles,Phi,RB|W/R/T
8,4.05,Sproletariat Victory,Starter,Jacob Tamme,Atl,TE|W/R/T
8,16.65,Sproletariat Victory,Starter,Percy Harvin,Buf,WR|W/R/T
8,3.05,Sproletariat Victory,Non-Starter,Greg Olsen,Sea,TE|W/R/T
8,0.0,Sproletariat Victory,Non-Starter,Isaac Redman,Pit,RB|W/R/T
8,13.24,Sproletariat Victory,Non-Starter,Christian Ponder,SF,QB
8,4.8,Sproletariat Victory,Non-Starter,Antonio Brown,TB,WR|W/R/T
8,8.0,Sproletariat Victory,Non-Starter,Donald Brown,LAC,RB|W/R/T
8,17.3,Sproletariat Victory,Non-Starter,Eric Decker,Ten,WR|W/R/T
8,9.0,Sproletariat Victory,Starter,Atlanta Falcons,Atl,DEF
8,14.0,Sproletariat Victory,Non-Starter,Cleveland Browns,Cle,DEF
9,20.36,Sproletariat Victory,Starter,Jay Cutler,Mia,QB
9,14.65,Sproletariat Victory,Starter,Calvin Johnson,Det,WR|W/R/T
9,32.45,Sproletariat Victory,Starter,Brandon Marshall,Sea,WR|W/R/T
9,7.6,Sproletariat Victory,Starter,Alfred Morris,NYG,RB|W/R/T
9,21.6,Sproletariat Victory,Starter,Isaac Redman,Pit,RB|W/R/T
9,6.05,Sproletariat Victory,Starter,Greg Olsen,Sea,TE|W/R/T
9,1.9,Sproletariat Victory,Starter,Percy Harvin,Buf,WR|W/R/T
9,0.0,Sproletariat Victory,Non-Starter,Phillip Tanner,SF,RB|W/R/T
9,0.0,Sproletariat Victory,Non-Starter,Darren Sproles,Phi,RB|W/R/T
9,2.55,Sproletariat Victory,Non-Starter,Jacob Tamme,Atl,TE|W/R/T
9,2.82,Sproletariat Victory,Non-Starter,Christian Ponder,SF,QB
9,2.4,Sproletariat Victory,Non-Starter,Antonio Brown,TB,WR|W/R/T
9,0.95,Sproletariat Victory,Non-Starter,Donald Brown,LAC,RB|W/R/T
9,23.9,Sproletariat Victory,Non-Starter,Eric Decker,Ten,WR|W/R/T
9,6.5,Sproletariat Victory,Starter,Atlanta Falcons,Atl,DEF
10,18.72,Sproletariat Victory,Starter,Carson Palmer,Ari,QB
10,27.7,Sproletariat Victory,Starter,Calvin Johnson,Det,WR|W/R/T
10,12.7,Sproletariat Victory,Starter,Brandon Marshall,Sea,WR|W/R/T
10,2.4,Sproletariat Victory,Starter,Isaac Redman,Pit,RB|W/R/T
10,19.1,Sproletariat Victory,Starter,Danny Woodhead,Bal,RB|W/R/T
10,24.45,Sproletariat Victory,Starter,Greg Olsen,Sea,TE|W/R/T
10,2.0,Sproletariat Victory,Starter,Eric Decker,Ten,WR|W/R/T
10,1.3,Sproletariat Victory,Non-Starter,Jay Cutler,Mia,QB
10,4.2,Sproletariat Victory,Non-Starter,Donald Brown,LAC,RB|W/R/T
10,0.0,Sproletariat Victory,Non-Starter,Percy Harvin,Buf,WR|W/R/T
10,0.0,Sproletariat Victory,Non-Starter,Alfred Morris,NYG,RB|W/R/T
10,0.0,Sproletariat Victory,Non-Starter,Darren Sproles,Phi,RB|W/R/T
10,0.0,Sproletariat Victory,Non-Starter,Antonio Brown,TB,WR|W/R/T
10,1.55,Sproletariat Victory,Non-Starter,Taiwan Jones,NYG,RB|W/R/T
10,4.5,Sproletariat Victory,Starter,Atlanta Falcons,Atl,DEF
11,14.68,Sproletariat Victory,Starter,Carson Palmer,Ari,QB
11,19.55,Sproletariat Victory,Starter,Calvin Johnson,Det,WR|W/R/T
11,8.6,Sproletariat Victory,Starter,Brandon Marshall,Sea,WR|W/R/T
11,8.55,Sproletariat Victory,Starter,Alfred Morris,NYG,RB|W/R/T
11,13.05,Sproletariat Victory,Starter,Mark Ingram II,NO,RB|W/R/T
11,4.7,Sproletariat Victory,Starter,Greg Olsen,Sea,TE|W/R/T
11,8.8,Sproletariat Victory,Starter,Eric Decker,Ten,WR|W/R/T
11,0.0,Sproletariat Victory,Non-Starter,Darren Sproles,Phi,RB|W/R/T
11,0.5,Sproletariat Victory,Non-Starter,Isaac Redman,Pit,RB|W/R/T
11,0.0,Sproletariat Victory,Non-Starter,Danny Woodhead,Bal,RB|W/R/T
11,2.8,Sproletariat Victory,Non-Starter,Donald Brown,LAC,RB|W/R/T
11,0.0,Sproletariat Victory,Non-Starter,Percy Harvin,Buf,WR|W/R/T
11,0.0,Sproletariat Victory,Non-Starter,Antonio Brown,TB,WR|W/R/T
11,6.46,Sproletariat Victory,Non-Starter,Joe Flacco,Cle,QB
11,19.5,Sproletariat Victory,Starter,Atlanta Falcons,Atl,DEF
12,5.84,Sproletariat Victory,Starter,Carson Palmer,Ari,QB
12,22.0,Sproletariat Victory,Starter,Calvin Johnson,Det,WR|W/R/T
12,12.2,Sproletariat Victory,Starter,Brandon Marshall,Sea,WR|W/R/T
12,17.3,Sproletariat Victory,Starter,Alfred Morris,NYG,RB|W/R/T
12,27.9,Sproletariat Victory,Starter,Bryce Brown,Buf,RB|W/R/T
12,6.0,Sproletariat Victory,Starter,Greg Olsen,Sea,TE|W/R/T
12,7.4,Sproletariat Victory,Starter,Eric Decker,Ten,WR|W/R/T
12,2.7,Sproletariat Victory,Non-Starter,Mark Ingram II,NO,RB|W/R/T
12,8.25,Sproletariat Victory,Non-Starter,Darren Sproles,Phi,RB|W/R/T
12,5.15,Sproletariat Victory,Non-Starter,Donald Brown,LAC,RB|W/R/T
12,0.0,Sproletariat Victory,Non-Starter,Percy Harvin,Buf,WR|W/R/T
12,0.0,Sproletariat Victory,Non-Starter,Antonio Brown,TB,WR|W/R/T
12,17.8,Sproletariat Victory,Non-Starter,Joe Flacco,Cle,QB
12,16.8,Sproletariat Victory,Non-Starter,Beanie Wells,Ari,RB|W/R/T
12,6.5,Sproletariat Victory,Starter,Atlanta Falcons,Atl,DEF
13,20.34,Sproletariat Victory,Starter,Carson Palmer,Ari,QB
13,26.35,Sproletariat Victory,Starter,Calvin Johnson,Det,WR|W/R/T
13,19.0,Sproletariat Victory,Starter,Brandon Marshall,Sea,WR|W/R/T
13,10.4,Sproletariat Victory,Starter,Alfred Morris,NYG,RB|W/R/T
13,29.3,Sproletariat Victory,Starter,Bryce Brown,Buf,RB|W/R/T
13,10.95,Sproletariat Victory,Starter,Greg Olsen,Sea,TE|W/R/T
13,2.2,Sproletariat Victory,Starter,Eric Decker,Ten,WR|W/R/T
13,5.95,Sproletariat Victory,Non-Starter,Darren Sproles,Phi,RB|W/R/T
13,2.8,Sproletariat Victory,Non-Starter,Donald Brown,LAC,RB|W/R/T
13,0.0,Sproletariat Victory,Non-Starter,Percy Harvin,Buf,WR|W/R/T
13,5.45,Sproletariat Victory,Non-Starter,Antonio Brown,TB,WR|W/R/T
13,7.42,Sproletariat Victory,Non-Starter,Joe Flacco,Cle,QB
13,2.2,Sproletariat Victory,Non-Starter,Beanie Wells,Ari,RB|W/R/T
13,9.3,Sproletariat Victory,Non-Starter,Knowshon Moreno,Mia,RB|W/R/T
13,15.5,Sproletariat Victory,Starter,Cincinnati Bengals,Cin,DEF
14,9.12,Sproletariat Victory,Starter,Russell Wilson,NYG,QB
14,14.3,Sproletariat Victory,Starter,Calvin Johnson,Det,WR|W/R/T
14,24.5,Sproletariat Victory,Starter,Brandon Marshall,Sea,WR|W/R/T
14,16.6,Sproletariat Victory,Starter,Alfred Morris,NYG,RB|W/R/T
14,1.7,Sproletariat Victory,Starter,Bryce Brown,Buf,RB|W/R/T
14,12.5,Sproletariat Victory,Starter,Greg Olsen,Sea,TE|W/R/T
14,23.7,Sproletariat Victory,Starter,Knowshon Moreno,Mia,RB|W/R/T
14,10.8,Sproletariat Victory,Non-Starter,Eric Decker,Ten,WR|W/R/T
14,14.82,Sproletariat Victory,Non-Starter,Carson Palmer,Ari,QB
14,21.4,Sproletariat Victory,Non-Starter,Darren Sproles,Phi,RB|W/R/T
14,0.0,Sproletariat Victory,Non-Starter,Donald Brown,LAC,RB|W/R/T
14,10.5,Sproletariat Victory,Non-Starter,Antonio Brown,TB,WR|W/R/T
14,1.8,Sproletariat Victory,Non-Starter,Beanie Wells,Ari,RB|W/R/T
14,2.35,Sproletariat Victory,Non-Starter,Justin Forsett,Det,RB|W/R/T
14,9.5,Sproletariat Victory,Starter,Cincinnati Bengals,Cin,DEF
15,7.68,Sproletariat Victory,Starter,Carson Palmer,Ari,QB
15,14.6,Sproletariat Victory,Starter,Calvin Johnson,Det,WR|W/R/T
15,13.1,Sproletariat Victory,Starter,Brandon Marshall,Sea,WR|W/R/T
15,21.8,Sproletariat Victory,Starter,Alfred Morris,NYG,RB|W/R/T
15,4.75,Sproletariat Victory,Starter,Bryce Brown,Buf,RB|W/R/T
15,6.85,Sproletariat Victory,Starter,Greg Olsen,Sea,TE|W/R/T
15,19.1,Sproletariat Victory,Starter,Knowshon Moreno,Mia,RB|W/R/T
15,39.4,Sproletariat Victory,Non-Starter,Russell Wilson,NYG,QB
15,21.3,Sproletariat Victory,Non-Starter,Eric Decker,Ten,WR|W/R/T
15,11.55,Sproletariat Victory,Non-Starter,Darren Sproles,Phi,RB|W/R/T
15,13.6,Sproletariat Victory,Non-Starter,Antonio Brown,TB,WR|W/R/T
15,24.7,Sproletariat Victory,Non-Starter,Beanie Wells,Ari,RB|W/R/T
15,0.0,Sproletariat Victory,Non-Starter,Justin Forsett,Det,RB|W/R/T
15,5.24,Sproletariat Victory,Non-Starter,Philip Rivers,Ind,QB
15,28.0,Sproletariat Victory,Starter,Cincinnati Bengals,Cin,DEF
16,23.74,Sproletariat Victory,Starter,Russell Wilson,NYG,QB
16,23.25,Sproletariat Victory,Starter,Calvin Johnson,Det,WR|W/R/T
16,14.3,Sproletariat Victory,Starter,Brandon Marshall,Sea,WR|W/R/T
16,17.05,Sproletariat Victory,Starter,Alfred Morris,NYG,RB|W/R/T
16,13.95,Sproletariat Victory,Starter,Knowshon Moreno,Mia,RB|W/R/T
16,6.8,Sproletariat Victory,Starter,Greg Olsen,Sea,TE|W/R/T
16,16.95,Sproletariat Victory,Starter,Darren Sproles,Phi,RB|W/R/T
16,20.0,Sproletariat Victory,Non-Starter,Eric Decker,Ten,WR|W/R/T
16,1.24,Sproletariat Victory,Non-Starter,Carson Palmer,Ari,QB
16,1.8,Sproletariat Victory,Non-Starter,Bryce Brown,Buf,RB|W/R/T
16,16.95,Sproletariat Victory,Non-Starter,Antonio Brown,TB,WR|W/R/T
16,-1.7,Sproletariat Victory,Non-Starter,Beanie Wells,Ari,RB|W/R/T
16,0.4,Sproletariat Victory,Non-Starter,Justin Forsett,Det,RB|W/R/T
16,15.0,Sproletariat Victory,Non-Starter,Philip Rivers,Ind,QB
16,26.5,Sproletariat Victory,Starter,Cincinnati Bengals,Cin,DEF
1,21.56,AirBudGoldenReceiver,Starter,Drew Brees,NO,QB
1,2.15,AirBudGoldenReceiver,Starter,Wes Welker,LAR,WR|W/R/T
1,17.9,AirBudGoldenReceiver,Starter,Pierre Garcon,SF,WR|W/R/T
1,17.55,AirBudGoldenReceiver,Starter,Frank Gore,NYJ,RB|W/R/T
1,22.1,AirBudGoldenReceiver,Starter,Kevin Smith,Det,RB|W/R/T
1,3.75,AirBudGoldenReceiver,Starter,Jermaine Gresham,Ari,TE|W/R/T
1,12.35,AirBudGoldenReceiver,Starter,Steve Smith,Bal,WR|W/R/T
1,23.9,AirBudGoldenReceiver,Non-Starter,C.J. Spiller,KC,RB|W/R/T
1,14.44,AirBudGoldenReceiver,Non-Starter,Matt Schaub,Atl,QB
1,1.0,AirBudGoldenReceiver,Non-Starter,Evan Royster,Was,RB|W/R/T
1,0.0,AirBudGoldenReceiver,Non-Starter,Austin Collie,NE,WR|W/R/T
1,0.0,AirBudGoldenReceiver,Non-Starter,Leonard Hankerson,Buf,WR|W/R/T
1,12.0,AirBudGoldenReceiver,Non-Starter,Heath Miller,Pit,TE|W/R/T
1,0.0,AirBudGoldenReceiver,Non-Starter,Jonathan Stewart,NYG,RB|W/R/T
1,12.0,AirBudGoldenReceiver,Starter,Green Bay Packers,GB,DEF
2,17.0,AirBudGoldenReceiver,Starter,Drew Brees,NO,QB
2,10.75,AirBudGoldenReceiver,Starter,Wes Welker,LAR,WR|W/R/T
2,11.15,AirBudGoldenReceiver,Starter,Steve Smith,Bal,WR|W/R/T
2,17.0,AirBudGoldenReceiver,Starter,Frank Gore,NYJ,RB|W/R/T
2,7.5,AirBudGoldenReceiver,Starter,Kevin Smith,Det,RB|W/R/T
2,4.7,AirBudGoldenReceiver,Starter,Jermaine Gresham,Ari,TE|W/R/T
2,29.75,AirBudGoldenReceiver,Starter,C.J. Spiller,KC,RB|W/R/T
2,0.0,AirBudGoldenReceiver,Non-Starter,Pierre Garcon,SF,WR|W/R/T
2,7.5,AirBudGoldenReceiver,Non-Starter,Matt Schaub,Atl,QB
2,1.6,AirBudGoldenReceiver,Non-Starter,Evan Royster,Was,RB|W/R/T
2,8.65,AirBudGoldenReceiver,Non-Starter,Heath Miller,Pit,TE|W/R/T
2,13.05,AirBudGoldenReceiver,Non-Starter,Jonathan Stewart,NYG,RB|W/R/T
2,12.1,AirBudGoldenReceiver,Non-Starter,Andrew Hawkins,Cle,WR|W/R/T
2,2.15,AirBudGoldenReceiver,Non-Starter,Santana Moss,Was,WR|W/R/T
2,25.0,AirBudGoldenReceiver,Starter,Green Bay Packers,GB,DEF
3,19.5,AirBudGoldenReceiver,Starter,Drew Brees,NO,QB
3,9.6,AirBudGoldenReceiver,Starter,Steve Smith,Bal,WR|W/R/T
3,16.2,AirBudGoldenReceiver,Starter,Wes Welker,LAR,WR|W/R/T
3,5.45,AirBudGoldenReceiver,Starter,Frank Gore,NYJ,RB|W/R/T
3,0.0,AirBudGoldenReceiver,Starter,Kevin Smith,Det,RB|W/R/T
3,13.65,AirBudGoldenReceiver,Starter,Jermaine Gresham,Ari,TE|W/R/T
3,12.3,AirBudGoldenReceiver,Starter,C.J. Spiller,KC,RB|W/R/T
3,0.0,AirBudGoldenReceiver,Non-Starter,Pierre Garcon,SF,WR|W/R/T
3,25.6,AirBudGoldenReceiver,Non-Starter,Matt Schaub,Atl,QB
3,3.9,AirBudGoldenReceiver,Non-Starter,Evan Royster,Was,RB|W/R/T
3,20.0,AirBudGoldenReceiver,Non-Starter,Heath Miller,Pit,TE|W/R/T
3,0.0,AirBudGoldenReceiver,Non-Starter,Jonathan Stewart,NYG,RB|W/R/T
3,14.7,AirBudGoldenReceiver,Non-Starter,Andrew Hawkins,Cle,WR|W/R/T
3,6.55,AirBudGoldenReceiver,Non-Starter,Santana Moss,Was,WR|W/R/T
3,5.5,AirBudGoldenReceiver,Starter,Green Bay Packers,GB,DEF
4,29.84,AirBudGoldenReceiver,Starter,Drew Brees,NO,QB
4,4.95,AirBudGoldenReceiver,Starter,Steve Smith,Bal,WR|W/R/T
4,13.15,AirBudGoldenReceiver,Starter,Wes Welker,LAR,WR|W/R/T
4,14.0,AirBudGoldenReceiver,Starter,Frank Gore,NYJ,RB|W/R/T
4,5.05,AirBudGoldenReceiver,Starter,Jonathan Stewart,NYG,RB|W/R/T
4,5.95,AirBudGoldenReceiver,Starter,Jermaine Gresham,Ari,TE|W/R/T
4,2.3,AirBudGoldenReceiver,Starter,C.J. Spiller,KC,RB|W/R/T
4,4.65,AirBudGoldenReceiver,Non-Starter,Andrew Hawkins,Cle,WR|W/R/T
4,0.0,AirBudGoldenReceiver,Non-Starter,Kevin Smith,Det,RB|W/R/T
4,8.25,AirBudGoldenReceiver,Non-Starter,Pierre Garcon,SF,WR|W/R/T
4,15.88,AirBudGoldenReceiver,Non-Starter,Matt Schaub,Atl,QB
4,2.65,AirBudGoldenReceiver,Non-Starter,Evan Royster,Was,RB|W/R/T
4,0.0,AirBudGoldenReceiver,Non-Starter,Heath Miller,Pit,TE|W/R/T
4,8.9,AirBudGoldenReceiver,Non-Starter,Joique Bell,Det,RB|W/R/T
4,5.0,AirBudGoldenReceiver,Starter,Green Bay Packers,GB,DEF
5,28.6,AirBudGoldenReceiver,Starter,Drew Brees,NO,QB
5,5.0,AirBudGoldenReceiver,Starter,Steve Smith,Bal,WR|W/R/T
5,19.65,AirBudGoldenReceiver,Starter,Wes Welker,LAR,WR|W/R/T
5,16.6,AirBudGoldenReceiver,Starter,Frank Gore,NYJ,RB|W/R/T
5,2.4,AirBudGoldenReceiver,Starter,C.J. Spiller,KC,RB|W/R/T
5,7.25,AirBudGoldenReceiver,Starter,Jermaine Gresham,Ari,TE|W/R/T
5,3.15,AirBudGoldenReceiver,Starter,Pierre Garcon,SF,WR|W/R/T
5,3.6,AirBudGoldenReceiver,Non-Starter,Jonathan Stewart,NYG,RB|W/R/T
5,6.45,AirBudGoldenReceiver,Non-Starter,Andrew Hawkins,Cle,WR|W/R/T
5,0.0,AirBudGoldenReceiver,Non-Starter,Kevin Smith,Det,RB|W/R/T
5,10.36,AirBudGoldenReceiver,Non-Starter,Matt Schaub,Atl,QB
5,0.95,AirBudGoldenReceiver,Non-Starter,Evan Royster,Was,RB|W/R/T
5,5.1,AirBudGoldenReceiver,Non-Starter,Heath Miller,Pit,TE|W/R/T
5,0.0,AirBudGoldenReceiver,Non-Starter,Joique Bell,Det,RB|W/R/T
5,8.0,AirBudGoldenReceiver,Starter,Green Bay Packers,GB,DEF
6,5.28,AirBudGoldenReceiver,Starter,Matt Schaub,Atl,QB
6,22.3,AirBudGoldenReceiver,Starter,Wes Welker,LAR,WR|W/R/T
6,5.6,AirBudGoldenReceiver,Starter,Santana Moss,Was,WR|W/R/T
6,6.6,AirBudGoldenReceiver,Starter,Frank Gore,NYJ,RB|W/R/T
6,18.0,AirBudGoldenReceiver,Starter,C.J. Spiller,KC,RB|W/R/T
6,8.2,AirBudGoldenReceiver,Starter,Heath Miller,Pit,TE|W/R/T
6,13.55,AirBudGoldenReceiver,Starter,Jermaine Gresham,Ari,TE|W/R/T
6,0.0,AirBudGoldenReceiver,Non-Starter,Pierre Garcon,SF,WR|W/R/T
6,4.95,AirBudGoldenReceiver,Non-Starter,Andrew Hawkins,Cle,WR|W/R/T
6,0.0,AirBudGoldenReceiver,Non-Starter,Drew Brees,NO,QB
6,0.0,AirBudGoldenReceiver,Non-Starter,Steve Smith,Bal,WR|W/R/T
6,0.0,AirBudGoldenReceiver,Non-Starter,Jonathan Stewart,NYG,RB|W/R/T
6,4.35,AirBudGoldenReceiver,Non-Starter,Joique Bell,Det,RB|W/R/T
6,1.1,AirBudGoldenReceiver,Non-Starter,James Starks,GB,RB|W/R/T
6,13.0,AirBudGoldenReceiver,Starter,Green Bay Packers,GB,DEF
7,29.18,AirBudGoldenReceiver,Starter,Drew Brees,NO,QB
7,8.1,AirBudGoldenReceiver,Starter,Wes Welker,LAR,WR|W/R/T
7,10.05,AirBudGoldenReceiver,Starter,Steve Smith,Bal,WR|W/R/T
7,19.45,AirBudGoldenReceiver,Starter,Frank Gore,NYJ,RB|W/R/T
7,11.7,AirBudGoldenReceiver,Starter,C.J. Spiller,KC,RB|W/R/T
7,14.8,AirBudGoldenReceiver,Starter,Heath Miller,Pit,TE|W/R/T
7,5.35,AirBudGoldenReceiver,Starter,Jonathan Stewart,NYG,RB|W/R/T
7,18.04,AirBudGoldenReceiver,Non-Starter,Matt Schaub,Atl,QB
7,17.45,AirBudGoldenReceiver,Non-Starter,Santana Moss,Was,WR|W/R/T
7,2.65,AirBudGoldenReceiver,Non-Starter,Jermaine Gresham,Ari,TE|W/R/T
7,0.0,AirBudGoldenReceiver,Non-Starter,Pierre Garcon,SF,WR|W/R/T
7,2.2,AirBudGoldenReceiver,Non-Starter,Andrew Hawkins,Cle,WR|W/R/T
7,1.65,AirBudGoldenReceiver,Non-Starter,Joique Bell,Det,RB|W/R/T
7,0.0,AirBudGoldenReceiver,Non-Starter,James Starks,GB,RB|W/R/T
7,7.5,AirBudGoldenReceiver,Starter,Green Bay Packers,GB,DEF
8,14.72,AirBudGoldenReceiver,Starter,Drew Brees,NO,QB
8,6.3,AirBudGoldenReceiver,Starter,Wes Welker,LAR,WR|W/R/T
8,13.55,AirBudGoldenReceiver,Starter,Steve Smith,Bal,WR|W/R/T
8,6.85,AirBudGoldenReceiver,Starter,Frank Gore,NYJ,RB|W/R/T
8,9.0,AirBudGoldenReceiver,Starter,Jonathan Stewart,NYG,RB|W/R/T
8,11.6,AirBudGoldenReceiver,Starter,Heath Miller,Pit,TE|W/R/T
8,9.1,AirBudGoldenReceiver,Starter,Santana Moss,Was,WR|W/R/T
8,0.0,AirBudGoldenReceiver,Non-Starter,C.J. Spiller,KC,RB|W/R/T
8,0.0,AirBudGoldenReceiver,Non-Starter,Matt Schaub,Atl,QB
8,0.0,AirBudGoldenReceiver,Non-Starter,Jermaine Gresham,Ari,TE|W/R/T
8,0.0,AirBudGoldenReceiver,Non-Starter,Pierre Garcon,SF,WR|W/R/T
8,0.0,AirBudGoldenReceiver,Non-Starter,Andrew Hawkins,Cle,WR|W/R/T
8,6.8,AirBudGoldenReceiver,Non-Starter,Joique Bell,Det,RB|W/R/T
8,1.95,AirBudGoldenReceiver,Non-Starter,James Starks,GB,RB|W/R/T
8,16.5,AirBudGoldenReceiver,Starter,Green Bay Packers,GB,DEF
9,15.46,AirBudGoldenReceiver,Starter,Drew Brees,NO,QB
9,10.85,AirBudGoldenReceiver,Starter,Steve Smith,Bal,WR|W/R/T
9,0.45,AirBudGoldenReceiver,Starter,Santana Moss,Was,WR|W/R/T
9,5.95,AirBudGoldenReceiver,Starter,Jonathan Stewart,NYG,RB|W/R/T
9,11.45,AirBudGoldenReceiver,Starter,C.J. Spiller,KC,RB|W/R/T
9,5.8,AirBudGoldenReceiver,Starter,Heath Miller,Pit,TE|W/R/T
9,12.3,AirBudGoldenReceiver,Starter,Jermaine Gresham,Ari,TE|W/R/T
9,0.0,AirBudGoldenReceiver,Non-Starter,Wes Welker,LAR,WR|W/R/T
9,0.0,AirBudGoldenReceiver,Non-Starter,Frank Gore,NYJ,RB|W/R/T
9,18.62,AirBudGoldenReceiver,Non-Starter,Matt Schaub,Atl,QB
9,0.0,AirBudGoldenReceiver,Non-Starter,Pierre Garcon,SF,WR|W/R/T
9,4.0,AirBudGoldenReceiver,Non-Starter,Andrew Hawkins,Cle,WR|W/R/T
9,17.65,AirBudGoldenReceiver,Non-Starter,Joique Bell,Det,RB|W/R/T
9,6.1,AirBudGoldenReceiver,Non-Starter,James Starks,GB,RB|W/R/T
9,12.0,AirBudGoldenReceiver,Starter,Green Bay Packers,GB,DEF
10,21.82,AirBudGoldenReceiver,Starter,Drew Brees,NO,QB
10,2.35,AirBudGoldenReceiver,Starter,Steve Smith,Bal,WR|W/R/T
10,8.9,AirBudGoldenReceiver,Starter,Wes Welker,LAR,WR|W/R/T
10,5.9,AirBudGoldenReceiver,Starter,Jonathan Stewart,NYG,RB|W/R/T
10,14.1,AirBudGoldenReceiver,Starter,C.J. Spiller,KC,RB|W/R/T
10,5.7,AirBudGoldenReceiver,Starter,Heath Miller,Pit,TE|W/R/T
10,18.25,AirBudGoldenReceiver,Starter,Frank Gore,NYJ,RB|W/R/T
10,8.25,AirBudGoldenReceiver,Non-Starter,Jermaine Gresham,Ari,TE|W/R/T
10,3.6,AirBudGoldenReceiver,Non-Starter,Matt Schaub,Atl,QB
10,0.0,AirBudGoldenReceiver,Non-Starter,Pierre Garcon,SF,WR|W/R/T
10,8.35,AirBudGoldenReceiver,Non-Starter,Andrew Hawkins,Cle,WR|W/R/T
10,6.55,AirBudGoldenReceiver,Non-Starter,Joique Bell,Det,RB|W/R/T
10,0.0,AirBudGoldenReceiver,Non-Starter,James Starks,GB,RB|W/R/T
10,10.5,AirBudGoldenReceiver,Starter,Minnesota Vikings,Min,DEF
10,0.0,AirBudGoldenReceiver,Non-Starter,Green Bay Packers,GB,DEF
11,20.76,AirBudGoldenReceiver,Starter,Drew Brees,NO,QB
11,7.35,AirBudGoldenReceiver,Starter,Steve Smith,Bal,WR|W/R/T
11,9.75,AirBudGoldenReceiver,Starter,Wes Welker,LAR,WR|W/R/T
11,13.55,AirBudGoldenReceiver,Starter,Jonathan Stewart,NYG,RB|W/R/T
11,13.75,AirBudGoldenReceiver,Starter,C.J. Spiller,KC,RB|W/R/T
11,2.7,AirBudGoldenReceiver,Starter,Heath Miller,Pit,TE|W/R/T
11,7.8,AirBudGoldenReceiver,Starter,Frank Gore,NYJ,RB|W/R/T
11,8.4,AirBudGoldenReceiver,Non-Starter,Jermaine Gresham,Ari,TE|W/R/T
11,37.08,AirBudGoldenReceiver,Non-Starter,Matt Schaub,Atl,QB
11,1.25,AirBudGoldenReceiver,Non-Starter,Pierre Garcon,SF,WR|W/R/T
11,0.0,AirBudGoldenReceiver,Non-Starter,Andrew Hawkins,Cle,WR|W/R/T
11,1.15,AirBudGoldenReceiver,Non-Starter,Joique Bell,Det,RB|W/R/T
11,8.25,AirBudGoldenReceiver,Non-Starter,James Starks,GB,RB|W/R/T
11,6.05,AirBudGoldenReceiver,Non-Starter,Greg Little,Cin,WR|W/R/T
11,24.0,AirBudGoldenReceiver,Starter,Green Bay Packers,GB,DEF
12,14.48,AirBudGoldenReceiver,Starter,Drew Brees,NO,QB
12,7.0,AirBudGoldenReceiver,Starter,Steve Smith,Bal,WR|W/R/T
12,14.85,AirBudGoldenReceiver,Starter,Wes Welker,LAR,WR|W/R/T
12,4.1,AirBudGoldenReceiver,Starter,Jonathan Stewart,NYG,RB|W/R/T
12,10.55,AirBudGoldenReceiver,Starter,C.J. Spiller,KC,RB|W/R/T
12,11.1,AirBudGoldenReceiver,Starter,Jermaine Gresham,Ari,TE|W/R/T
12,16.6,AirBudGoldenReceiver,Starter,Frank Gore,NYJ,RB|W/R/T
12,7.8,AirBudGoldenReceiver,Non-Starter,Heath Miller,Pit,TE|W/R/T
12,14.5,AirBudGoldenReceiver,Non-Starter,Matt Schaub,Atl,QB
12,16.3,AirBudGoldenReceiver,Non-Starter,Pierre Garcon,SF,WR|W/R/T
12,0.0,AirBudGoldenReceiver,Non-Starter,Andrew Hawkins,Cle,WR|W/R/T
12,10.7,AirBudGoldenReceiver,Non-Starter,Joique Bell,Det,RB|W/R/T
12,3.5,AirBudGoldenReceiver,Non-Starter,James Starks,GB,RB|W/R/T
12,0.85,AirBudGoldenReceiver,Non-Starter,Greg Little,Cin,WR|W/R/T
12,-0.5,AirBudGoldenReceiver,Starter,Green Bay Packers,GB,DEF
13,3.64,AirBudGoldenReceiver,Starter,Drew Brees,NO,QB
13,19.25,AirBudGoldenReceiver,Starter,Steve Smith,Bal,WR|W/R/T
13,19.3,AirBudGoldenReceiver,Starter,Wes Welker,LAR,WR|W/R/T
13,14.65,AirBudGoldenReceiver,Starter,C.J. Spiller,KC,RB|W/R/T
13,11.8,AirBudGoldenReceiver,Starter,Frank Gore,NYJ,RB|W/R/T
13,8.5,AirBudGoldenReceiver,Starter,Jermaine Gresham,Ari,TE|W/R/T
13,18.6,AirBudGoldenReceiver,Starter,Pierre Garcon,SF,WR|W/R/T
13,0.0,AirBudGoldenReceiver,Non-Starter,Jonathan Stewart,NYG,RB|W/R/T
13,16.95,AirBudGoldenReceiver,Non-Starter,Heath Miller,Pit,TE|W/R/T
13,16.43,AirBudGoldenReceiver,Non-Starter,Matt Schaub,Atl,QB
13,5.95,AirBudGoldenReceiver,Non-Starter,Andrew Hawkins,Cle,WR|W/R/T
13,10.95,AirBudGoldenReceiver,Non-Starter,Joique Bell,Det,RB|W/R/T
13,14.7,AirBudGoldenReceiver,Non-Starter,James Starks,GB,RB|W/R/T
13,5.8,AirBudGoldenReceiver,Non-Starter,Greg Little,Cin,WR|W/R/T
13,8.5,AirBudGoldenReceiver,Starter,Green Bay Packers,GB,DEF
14,14.06,AirBudGoldenReceiver,Starter,Drew Brees,NO,QB
14,5.95,AirBudGoldenReceiver,Starter,Wes Welker,LAR,WR|W/R/T
14,15.75,AirBudGoldenReceiver,Starter,Pierre Garcon,SF,WR|W/R/T
14,5.45,AirBudGoldenReceiver,Starter,C.J. Spiller,KC,RB|W/R/T
14,15.0,AirBudGoldenReceiver,Starter,Frank Gore,NYJ,RB|W/R/T
14,7.85,AirBudGoldenReceiver,Starter,Heath Miller,Pit,TE|W/R/T
14,12.65,AirBudGoldenReceiver,Starter,Steve Smith,Bal,WR|W/R/T
14,5.3,AirBudGoldenReceiver,Non-Starter,Jermaine Gresham,Ari,TE|W/R/T
14,0.0,AirBudGoldenReceiver,Non-Starter,Jonathan Stewart,NYG,RB|W/R/T
14,7.28,AirBudGoldenReceiver,Non-Starter,Matt Schaub,Atl,QB
14,11.9,AirBudGoldenReceiver,Non-Starter,Andrew Hawkins,Cle,WR|W/R/T
14,10.85,AirBudGoldenReceiver,Non-Starter,Joique Bell,Det,RB|W/R/T
14,0.0,AirBudGoldenReceiver,Non-Starter,James Starks,GB,RB|W/R/T
14,9.6,AirBudGoldenReceiver,Non-Starter,Greg Little,Cin,WR|W/R/T
14,12.5,AirBudGoldenReceiver,Starter,Green Bay Packers,GB,DEF
15,29.38,AirBudGoldenReceiver,Starter,Drew Brees,NO,QB
15,14.7,AirBudGoldenReceiver,Starter,Steve Smith,Bal,WR|W/R/T
15,6.85,AirBudGoldenReceiver,Starter,Wes Welker,LAR,WR|W/R/T
15,16.85,AirBudGoldenReceiver,Starter,C.J. Spiller,KC,RB|W/R/T
15,18.2,AirBudGoldenReceiver,Starter,Frank Gore,NYJ,RB|W/R/T
15,16.95,AirBudGoldenReceiver,Starter,Heath Miller,Pit,TE|W/R/T
15,8.0,AirBudGoldenReceiver,Starter,Pierre Garcon,SF,WR|W/R/T
15,7.8,AirBudGoldenReceiver,Non-Starter,Jermaine Gresham,Ari,TE|W/R/T
15,0.0,AirBudGoldenReceiver,Non-Starter,Jonathan Stewart,NYG,RB|W/R/T
15,14.44,AirBudGoldenReceiver,Non-Starter,Matt Schaub,Atl,QB
15,0.9,AirBudGoldenReceiver,Non-Starter,Andrew Hawkins,Cle,WR|W/R/T
15,4.2,AirBudGoldenReceiver,Non-Starter,Joique Bell,Det,RB|W/R/T
15,0.0,AirBudGoldenReceiver,Non-Starter,James Starks,GB,RB|W/R/T
15,8.65,AirBudGoldenReceiver,Non-Starter,Greg Little,Cin,WR|W/R/T
15,15.0,AirBudGoldenReceiver,Starter,Green Bay Packers,GB,DEF
1,12.52,Panda Warlords,Starter,Eli Manning,NYG,QB
1,10.2,Panda Warlords,Starter,Roddy White,Atl,WR|W/R/T
1,9.5,Panda Warlords,Starter,Dez Bryant,Bal,WR|W/R/T
1,21.7,Panda Warlords,Starter,Stevan Ridley,Pit,RB|W/R/T
1,16.2,Panda Warlords,Starter,Michael Bush,Ari,RB|W/R/T
1,12.45,Panda Warlords,Starter,Jermichael Finley,GB,TE|W/R/T
1,19.5,Panda Warlords,Starter,Lance Moore,Det,WR|W/R/T
1,10.25,Panda Warlords,Non-Starter,Maurice Jones-Drew,LV,RB|W/R/T
1,20.42,Panda Warlords,Non-Starter,Peyton Manning,Den,QB
1,7.8,Panda Warlords,Non-Starter,Santonio Holmes,Chi,WR|W/R/T
1,3.55,Panda Warlords,Non-Starter,Ben Tate,Min,RB|W/R/T
1,3.0,Panda Warlords,Non-Starter,Le'Ron McClain,LAC,RB|W/R/T
1,0.0,Panda Warlords,Non-Starter,Shane Vereen,NYG,RB|W/R/T
1,9.0,Panda Warlords,Non-Starter,Nate Burleson,Det,WR|W/R/T
1,17.5,Panda Warlords,Starter,Chicago Bears,Chi,DEF
2,24.2,Panda Warlords,Starter,Eli Manning,NYG,QB
2,18.2,Panda Warlords,Starter,Roddy White,Atl,WR|W/R/T
2,2.45,Panda Warlords,Starter,Dez Bryant,Bal,WR|W/R/T
2,10.25,Panda Warlords,Starter,Stevan Ridley,Pit,RB|W/R/T
2,5.4,Panda Warlords,Starter,Michael Bush,Ari,RB|W/R/T
2,1.6,Panda Warlords,Starter,Jermichael Finley,GB,TE|W/R/T
2,13.45,Panda Warlords,Starter,Maurice Jones-Drew,LV,RB|W/R/T
2,3.5,Panda Warlords,Non-Starter,Lance Moore,Det,WR|W/R/T
2,7.54,Panda Warlords,Non-Starter,Peyton Manning,Den,QB
2,9.55,Panda Warlords,Non-Starter,Santonio Holmes,Chi,WR|W/R/T
2,22.7,Panda Warlords,Non-Starter,Ben Tate,Min,RB|W/R/T
2,1.9,Panda Warlords,Non-Starter,Le'Ron McClain,LAC,RB|W/R/T
2,0.0,Panda Warlords,Non-Starter,Shane Vereen,NYG,RB|W/R/T
2,1.85,Panda Warlords,Non-Starter,Nate Burleson,Det,WR|W/R/T
2,13.0,Panda Warlords,Starter,Chicago Bears,Chi,DEF
3,16.02,Panda Warlords,Starter,Eli Manning,NYG,QB
3,6.75,Panda Warlords,Starter,Roddy White,Atl,WR|W/R/T
3,7.7,Panda Warlords,Starter,Dez Bryant,Bal,WR|W/R/T
3,3.7,Panda Warlords,Starter,Stevan Ridley,Pit,RB|W/R/T
3,13.8,Panda Warlords,Starter,Michael Bush,Ari,RB|W/R/T
3,7.0,Panda Warlords,Starter,Jermichael Finley,GB,TE|W/R/T
3,25.8,Panda Warlords,Starter,Maurice Jones-Drew,LV,RB|W/R/T
3,14.0,Panda Warlords,Non-Starter,Lance Moore,Det,WR|W/R/T
3,21.2,Panda Warlords,Non-Starter,Peyton Manning,Den,QB
3,16.95,Panda Warlords,Non-Starter,Santonio Holmes,Chi,WR|W/R/T
3,0.6,Panda Warlords,Non-Starter,Ben Tate,Min,RB|W/R/T
3,0.0,Panda Warlords,Non-Starter,Le'Ron McClain,LAC,RB|W/R/T
3,0.0,Panda Warlords,Non-Starter,Shane Vereen,NYG,RB|W/R/T
3,18.1,Panda Warlords,Non-Starter,Nate Burleson,Det,WR|W/R/T
3,28.5,Panda Warlords,Starter,Chicago Bears,Chi,DEF
4,18.36,Panda Warlords,Starter,Eli Manning,NYG,QB
4,30.9,Panda Warlords,Starter,Roddy White,Atl,WR|W/R/T
4,14.5,Panda Warlords,Starter,Dez Bryant,Bal,WR|W/R/T
4,3.95,Panda Warlords,Starter,Michael Bush,Ari,RB|W/R/T
4,1.9,Panda Warlords,Starter,Ben Tate,Min,RB|W/R/T
4,6.4,Panda Warlords,Starter,Jermichael Finley,GB,TE|W/R/T
4,9.25,Panda Warlords,Starter,Maurice Jones-Drew,LV,RB|W/R/T
4,22.6,Panda Warlords,Non-Starter,Stevan Ridley,Pit,RB|W/R/T
4,8.45,Panda Warlords,Non-Starter,Lance Moore,Det,WR|W/R/T
4,25.42,Panda Warlords,Non-Starter,Peyton Manning,Den,QB
4,1.9,Panda Warlords,Non-Starter,Santonio Holmes,Chi,WR|W/R/T
4,0.45,Panda Warlords,Non-Starter,Le'Ron McClain,LAC,RB|W/R/T
4,0.75,Panda Warlords,Non-Starter,Shane Vereen,NYG,RB|W/R/T
4,7.15,Panda Warlords,Non-Starter,Nate Burleson,Det,WR|W/R/T
4,27.0,Panda Warlords,Starter,Chicago Bears,Chi,DEF
5,20.26,Panda Warlords,Starter,Eli Manning,NYG,QB
5,7.8,Panda Warlords,Starter,Roddy White,Atl,WR|W/R/T
5,5.4,Panda Warlords,Starter,Davone Bess,Cle,WR|W/R/T
5,5.7,Panda Warlords,Starter,Michael Bush,Ari,RB|W/R/T
5,19.1,Panda Warlords,Starter,Stevan Ridley,Pit,RB|W/R/T
5,1.85,Panda Warlords,Starter,Jermichael Finley,GB,TE|W/R/T
5,6.15,Panda Warlords,Starter,Maurice Jones-Drew,LV,RB|W/R/T
5,0.0,Panda Warlords,Non-Starter,Lance Moore,Det,WR|W/R/T
5,0.0,Panda Warlords,Non-Starter,Ben Tate,Min,RB|W/R/T
5,0.0,Panda Warlords,Non-Starter,Dez Bryant,Bal,WR|W/R/T
5,24.38,Panda Warlords,Non-Starter,Peyton Manning,Den,QB
5,0.0,Panda Warlords,Non-Starter,Le'Ron McClain,LAC,RB|W/R/T
5,6.1,Panda Warlords,Non-Starter,Shane Vereen,NYG,RB|W/R/T
5,0.0,Panda Warlords,Non-Starter,Nate Burleson,Det,WR|W/R/T
5,33.0,Panda Warlords,Starter,Chicago Bears,Chi,DEF
6,20.16,Panda Warlords,Starter,Peyton Manning,Den,QB
6,14.7,Panda Warlords,Starter,Roddy White,Atl,WR|W/R/T
6,5.7,Panda Warlords,Starter,Davone Bess,Cle,WR|W/R/T
6,3.65,Panda Warlords,Starter,Stevan Ridley,Pit,RB|W/R/T
6,1.4,Panda Warlords,Starter,Ben Tate,Min,RB|W/R/T
6,1.7,Panda Warlords,Starter,Jermichael Finley,GB,TE|W/R/T
6,24.75,Panda Warlords,Starter,Dez Bryant,Bal,WR|W/R/T
6,11.52,Panda Warlords,Non-Starter,Eli Manning,NYG,QB
6,0.0,Panda Warlords,Non-Starter,Michael Bush,Ari,RB|W/R/T
6,0.0,Panda Warlords,Non-Starter,Maurice Jones-Drew,LV,RB|W/R/T
6,0.0,Panda Warlords,Non-Starter,Lance Moore,Det,WR|W/R/T
6,0.0,Panda Warlords,Non-Starter,Le'Ron McClain,LAC,RB|W/R/T
6,11.6,Panda Warlords,Non-Starter,Nate Burleson,Det,WR|W/R/T
6,18.0,Panda Warlords,Starter,Buffalo Bills,Buf,DEF
6,0.0,Panda Warlords,Non-Starter,Chicago Bears,Chi,DEF
7,13.88,Panda Warlords,Starter,Eli Manning,NYG,QB
7,1.9,Panda Warlords,Starter,Dez Bryant,Bal,WR|W/R/T
7,14.35,Panda Warlords,Starter,Lance Moore,Det,WR|W/R/T
7,6.5,Panda Warlords,Starter,Stevan Ridley,Pit,RB|W/R/T
7,3.55,Panda Warlords,Starter,Michael Bush,Ari,RB|W/R/T
7,3.6,Panda Warlords,Starter,Jermichael Finley,GB,TE|W/R/T
7,0.6,Panda Warlords,Starter,Maurice Jones-Drew,LV,RB|W/R/T
7,0.0,Panda Warlords,Non-Starter,Peyton Manning,Den,QB
7,0.0,Panda Warlords,Non-Starter,Roddy White,Atl,WR|W/R/T
7,0.0,Panda Warlords,Non-Starter,Davone Bess,Cle,WR|W/R/T
7,4.7,Panda Warlords,Non-Starter,Ben Tate,Min,RB|W/R/T
7,0.0,Panda Warlords,Non-Starter,Le'Ron McClain,LAC,RB|W/R/T
7,1.85,Panda Warlords,Non-Starter,Nate Burleson,Det,WR|W/R/T
7,20.0,Panda Warlords,Starter,Chicago Bears,Chi,DEF
7,7.0,Panda Warlords,Non-Starter,Buffalo Bills,Buf,DEF
8,24.6,Panda Warlords,Starter,Peyton Manning,Den,QB
8,10.25,Panda Warlords,Starter,Dez Bryant,Bal,WR|W/R/T
8,3.25,Panda Warlords,Starter,Lance Moore,Det,WR|W/R/T
8,18.7,Panda Warlords,Starter,Stevan Ridley,Pit,RB|W/R/T
8,0.5,Panda Warlords,Starter,Michael Bush,Ari,RB|W/R/T
8,2.9,Panda Warlords,Starter,Jermichael Finley,GB,TE|W/R/T
8,4.55,Panda Warlords,Starter,Roddy White,Atl,WR|W/R/T
8,5.98,Panda Warlords,Non-Starter,Eli Manning,NYG,QB
8,0.0,Panda Warlords,Non-Starter,Maurice Jones-Drew,LV,RB|W/R/T
8,3.8,Panda Warlords,Non-Starter,Davone Bess,Cle,WR|W/R/T
8,0.0,Panda Warlords,Non-Starter,Ben Tate,Min,RB|W/R/T
8,0.5,Panda Warlords,Non-Starter,Le'Ron McClain,LAC,RB|W/R/T
8,0.0,Panda Warlords,Non-Starter,Nate Burleson,Det,WR|W/R/T
8,16.0,Panda Warlords,Starter,Chicago Bears,Chi,DEF
8,0.0,Panda Warlords,Non-Starter,Buffalo Bills,Buf,DEF
9,19.44,Panda Warlords,Starter,Peyton Manning,Den,QB
9,1.75,Panda Warlords,Starter,Dez Bryant,Bal,WR|W/R/T
9,6.6,Panda Warlords,Starter,Lance Moore,Det,WR|W/R/T
9,3.55,Panda Warlords,Starter,Michael Bush,Ari,RB|W/R/T
9,7.95,Panda Warlords,Starter,Rashad Jennings,NYG,RB|W/R/T
9,0.85,Panda Warlords,Starter,Jermichael Finley,GB,TE|W/R/T
9,7.9,Panda Warlords,Starter,Dwayne Bowe,Cle,WR|W/R/T
9,0.0,Panda Warlords,Non-Starter,Stevan Ridley,Pit,RB|W/R/T
9,3.0,Panda Warlords,Non-Starter,Eli Manning,NYG,QB
9,0.0,Panda Warlords,Non-Starter,Maurice Jones-Drew,LV,RB|W/R/T
9,8.2,Panda Warlords,Non-Starter,Davone Bess,Cle,WR|W/R/T
9,0.0,Panda Warlords,Non-Starter,Le'Ron McClain,LAC,RB|W/R/T
9,0.0,Panda Warlords,Non-Starter,Nate Burleson,Det,WR|W/R/T
9,31.0,Panda Warlords,Starter,Chicago Bears,Chi,DEF
9,8.0,Panda Warlords,Non-Starter,Buffalo Bills,Buf,DEF
10,14.44,Panda Warlords,Starter,Peyton Manning,Den,QB
10,15.45,Panda Warlords,Starter,Dez Bryant,Bal,WR|W/R/T
10,10.85,Panda Warlords,Starter,Lance Moore,Det,WR|W/R/T
10,2.7,Panda Warlords,Starter,Rashad Jennings,NYG,RB|W/R/T
10,15.8,Panda Warlords,Starter,Stevan Ridley,Pit,RB|W/R/T
10,3.85,Panda Warlords,Starter,Brent Celek,Phi,TE|W/R/T
10,6.5,Panda Warlords,Starter,Dwayne Bowe,Cle,WR|W/R/T
10,1.4,Panda Warlords,Non-Starter,Michael Bush,Ari,RB|W/R/T
10,0.0,Panda Warlords,Non-Starter,Jermichael Finley,GB,TE|W/R/T
10,2.7,Panda Warlords,Non-Starter,Eli Manning,NYG,QB
10,0.0,Panda Warlords,Non-Starter,Maurice Jones-Drew,LV,RB|W/R/T
10,6.3,Panda Warlords,Non-Starter,Davone Bess,Cle,WR|W/R/T
10,0.5,Panda Warlords,Non-Starter,Le'Ron McClain,LAC,RB|W/R/T
10,16.0,Panda Warlords,Starter,Chicago Bears,Chi,DEF
10,-1.0,Panda Warlords,Non-Starter,Buffalo Bills,Buf,DEF
11,18.8,Panda Warlords,Starter,Peyton Manning,Den,QB
11,23.5,Panda Warlords,Starter,Dez Bryant,Bal,WR|W/R/T
11,17.8,Panda Warlords,Starter,Lance Moore,Det,WR|W/R/T
11,-0.1,Panda Warlords,Starter,Rashad Jennings,NYG,RB|W/R/T
11,8.8,Panda Warlords,Starter,Stevan Ridley,Pit,RB|W/R/T
11,13.35,Panda Warlords,Starter,Jermichael Finley,GB,TE|W/R/T
11,0.0,Panda Warlords,Starter,Dwayne Bowe,Cle,WR|W/R/T
11,5.45,Panda Warlords,Non-Starter,Brent Celek,Phi,TE|W/R/T
11,2.95,Panda Warlords,Non-Starter,Michael Bush,Ari,RB|W/R/T
11,0.0,Panda Warlords,Non-Starter,Eli Manning,NYG,QB
11,0.0,Panda Warlords,Non-Starter,Maurice Jones-Drew,LV,RB|W/R/T
11,12.5,Panda Warlords,Non-Starter,Davone Bess,Cle,WR|W/R/T
11,0.0,Panda Warlords,Non-Starter,Le'Ron McClain,LAC,RB|W/R/T
11,4.5,Panda Warlords,Starter,Chicago Bears,Chi,DEF
11,21.0,Panda Warlords,Non-Starter,Buffalo Bills,Buf,DEF
12,17.5,Panda Warlords,Starter,Peyton Manning,Den,QB
12,27.1,Panda Warlords,Starter,Dez Bryant,Bal,WR|W/R/T
12,6.85,Panda Warlords,Starter,Lance Moore,Det,WR|W/R/T
12,15.7,Panda Warlords,Starter,Stevan Ridley,Pit,RB|W/R/T
12,18.15,Panda Warlords,Starter,Michael Bush,Ari,RB|W/R/T
12,5.85,Panda Warlords,Starter,Jermichael Finley,GB,TE|W/R/T
12,5.1,Panda Warlords,Starter,Dwayne Bowe,Cle,WR|W/R/T
12,10.75,Panda Warlords,Non-Starter,Rashad Jennings,NYG,RB|W/R/T
12,2.4,Panda Warlords,Non-Starter,Brent Celek,Phi,TE|W/R/T
12,23.16,Panda Warlords,Non-Starter,Eli Manning,NYG,QB
12,0.0,Panda Warlords,Non-Starter,Maurice Jones-Drew,LV,RB|W/R/T
12,14.65,Panda Warlords,Non-Starter,Davone Bess,Cle,WR|W/R/T
12,0.0,Panda Warlords,Non-Starter,Le'Ron McClain,LAC,RB|W/R/T
12,16.5,Panda Warlords,Starter,Chicago Bears,Chi,DEF
12,13.0,Panda Warlords,Non-Starter,Buffalo Bills,Buf,DEF
13,19.18,Panda Warlords,Starter,Peyton Manning,Den,QB
13,23.3,Panda Warlords,Starter,Dez Bryant,Bal,WR|W/R/T
13,1.55,Panda Warlords,Starter,Davone Bess,Cle,WR|W/R/T
13,13.1,Panda Warlords,Starter,Stevan Ridley,Pit,RB|W/R/T
13,3.9,Panda Warlords,Starter,Michael Bush,Ari,RB|W/R/T
13,7.5,Panda Warlords,Starter,Jermichael Finley,GB,TE|W/R/T
13,7.4,Panda Warlords,Starter,Dwayne Bowe,Cle,WR|W/R/T
13,14.05,Panda Warlords,Non-Starter,Lance Moore,Det,WR|W/R/T
13,2.0,Panda Warlords,Non-Starter,Rashad Jennings,NYG,RB|W/R/T
13,9.05,Panda Warlords,Non-Starter,Brent Celek,Phi,TE|W/R/T
13,15.7,Panda Warlords,Non-Starter,Eli Manning,NYG,QB
13,0.0,Panda Warlords,Non-Starter,Maurice Jones-Drew,LV,RB|W/R/T
13,2.35,Panda Warlords,Non-Starter,Le'Ron McClain,LAC,RB|W/R/T
13,6.5,Panda Warlords,Starter,Chicago Bears,Chi,DEF
13,11.5,Panda Warlords,Non-Starter,Buffalo Bills,Buf,DEF
14,14.1,Panda Warlords,Starter,Peyton Manning,Den,QB
14,10.9,Panda Warlords,Starter,Dez Bryant,Bal,WR|W/R/T
14,2.85,Panda Warlords,Starter,Lance Moore,Det,WR|W/R/T
14,13.2,Panda Warlords,Starter,Stevan Ridley,Pit,RB|W/R/T
14,0.6,Panda Warlords,Starter,Michael Bush,Ari,RB|W/R/T
14,2.1,Panda Warlords,Starter,Jermichael Finley,GB,TE|W/R/T
14,7.5,Panda Warlords,Starter,Dwayne Bowe,Cle,WR|W/R/T
14,6.25,Panda Warlords,Non-Starter,Davone Bess,Cle,WR|W/R/T
14,0.0,Panda Warlords,Non-Starter,Rashad Jennings,NYG,RB|W/R/T
14,0.35,Panda Warlords,Non-Starter,Brent Celek,Phi,TE|W/R/T
14,20.06,Panda Warlords,Non-Starter,Eli Manning,NYG,QB
14,0.0,Panda Warlords,Non-Starter,Maurice Jones-Drew,LV,RB|W/R/T
14,0.4,Panda Warlords,Non-Starter,Le'Ron McClain,LAC,RB|W/R/T
14,8.0,Panda Warlords,Starter,Chicago Bears,Chi,DEF
14,8.0,Panda Warlords,Non-Starter,Buffalo Bills,Buf,DEF
15,12.16,Panda Warlords,Starter,Peyton Manning,Den,QB
15,12.9,Panda Warlords,Starter,Dez Bryant,Bal,WR|W/R/T
15,11.2,Panda Warlords,Starter,Lance Moore,Det,WR|W/R/T
15,0.3,Panda Warlords,Starter,Stevan Ridley,Pit,RB|W/R/T
15,0.0,Panda Warlords,Starter,Michael Bush,Ari,RB|W/R/T
15,7.35,Panda Warlords,Starter,Jermichael Finley,GB,TE|W/R/T
15,0.0,Panda Warlords,Starter,Dwayne Bowe,Cle,WR|W/R/T
15,0.0,Panda Warlords,Non-Starter,Davone Bess,Cle,WR|W/R/T
15,0.0,Panda Warlords,Non-Starter,Rashad Jennings,NYG,RB|W/R/T
15,0.0,Panda Warlords,Non-Starter,Brent Celek,Phi,TE|W/R/T
15,2.44,Panda Warlords,Non-Starter,Eli Manning,NYG,QB
15,0.0,Panda Warlords,Non-Starter,Maurice Jones-Drew,LV,RB|W/R/T
15,0.0,Panda Warlords,Non-Starter,Le'Ron McClain,LAC,RB|W/R/T
15,10.0,Panda Warlords,Starter,Chicago Bears,Chi,DEF
15,2.0,Panda Warlords,Non-Starter,Buffalo Bills,Buf,DEF
16,23.56,Panda Warlords,Starter,Peyton Manning,Den,QB
16,36.65,Panda Warlords,Starter,Dez Bryant,Bal,WR|W/R/T
16,10.0,Panda Warlords,Starter,Lance Moore,Det,WR|W/R/T
16,8.4,Panda Warlords,Starter,Stevan Ridley,Pit,RB|W/R/T
16,0.0,Panda Warlords,Starter,Michael Bush,Ari,RB|W/R/T
16,8.25,Panda Warlords,Starter,Jermichael Finley,GB,TE|W/R/T
16,0.0,Panda Warlords,Starter,Dwayne Bowe,Cle,WR|W/R/T
16,0.0,Panda Warlords,Non-Starter,Davone Bess,Cle,WR|W/R/T
16,0.0,Panda Warlords,Non-Starter,Rashad Jennings,NYG,RB|W/R/T
16,4.65,Panda Warlords,Non-Starter,Brent Celek,Phi,TE|W/R/T
16,10.8,Panda Warlords,Non-Starter,Eli Manning,NYG,QB
16,0.0,Panda Warlords,Non-Starter,Maurice Jones-Drew,LV,RB|W/R/T
16,0.0,Panda Warlords,Non-Starter,Le'Ron McClain,LAC,RB|W/R/T
16,29.5,Panda Warlords,Starter,Chicago Bears,Chi,DEF
16,7.0,Panda Warlords,Non-Starter,Buffalo Bills,Buf,DEF
1,13.88,King of Chardonnay,Starter,Michael Vick,Pit,QB
1,9.2,King of Chardonnay,Starter,DeSean Jackson,Bal,WR|W/R/T
1,7.5,King of Chardonnay,Starter,Torrey Smith,Car,WR|W/R/T
1,18.75,King of Chardonnay,Starter,Matt Forte,NYJ,RB|W/R/T
1,13.0,King of Chardonnay,Starter,Reggie Bush,Buf,RB|W/R/T
1,11.05,King of Chardonnay,Starter,Vernon Davis,Was,TE|W/R/T
1,13.6,King of Chardonnay,Starter,Malcom Floyd,LAC,WR|W/R/T
1,10.6,King of Chardonnay,Non-Starter,Sidney Rice,Sea,WR|W/R/T
1,3.94,King of Chardonnay,Non-Starter,Andy Dalton,Car,QB
1,4.95,King of Chardonnay,Non-Starter,Kendall Wright,Ari,WR|W/R/T
1,2.55,King of Chardonnay,Non-Starter,Daniel Thomas,Mia,RB|W/R/T
1,0.0,King of Chardonnay,Non-Starter,Nick Foles,Ind,QB
1,7.1,King of Chardonnay,Non-Starter,Greg Olsen,Sea,TE|W/R/T
1,7.05,King of Chardonnay,Non-Starter,Louis Murphy,SF,WR|W/R/T
1,8.5,King of Chardonnay,Starter,Seattle Seahawks,Sea,DEF
2,22.24,King of Chardonnay,Starter,Michael Vick,Pit,QB
2,13.15,King of Chardonnay,Starter,DeSean Jackson,Bal,WR|W/R/T
2,5.6,King of Chardonnay,Starter,Torrey Smith,Car,WR|W/R/T
2,9.0,King of Chardonnay,Starter,Matt Forte,NYJ,RB|W/R/T
2,32.45,King of Chardonnay,Starter,Reggie Bush,Buf,RB|W/R/T
2,20.55,King of Chardonnay,Starter,Vernon Davis,Was,TE|W/R/T
2,12.4,King of Chardonnay,Starter,Malcom Floyd,LAC,WR|W/R/T
2,4.05,King of Chardonnay,Non-Starter,Sidney Rice,Sea,WR|W/R/T
2,23.12,King of Chardonnay,Non-Starter,Andy Dalton,Car,QB
2,8.9,King of Chardonnay,Non-Starter,Kendall Wright,Ari,WR|W/R/T
2,0.0,King of Chardonnay,Non-Starter,Daniel Thomas,Mia,RB|W/R/T
2,0.0,King of Chardonnay,Non-Starter,Nick Foles,Ind,QB
2,1.55,King of Chardonnay,Non-Starter,Greg Olsen,Sea,TE|W/R/T
2,0.0,King of Chardonnay,Non-Starter,Louis Murphy,SF,WR|W/R/T
2,19.5,King of Chardonnay,Starter,Seattle Seahawks,Sea,DEF
3,6.18,King of Chardonnay,Starter,Michael Vick,Pit,QB
3,5.05,King of Chardonnay,Starter,DeSean Jackson,Bal,WR|W/R/T
3,26.2,King of Chardonnay,Starter,Torrey Smith,Car,WR|W/R/T
3,6.45,King of Chardonnay,Starter,Reggie Bush,Buf,RB|W/R/T
3,25.75,King of Chardonnay,Starter,Andre Brown,NYG,RB|W/R/T
3,12.55,King of Chardonnay,Starter,Vernon Davis,Was,TE|W/R/T
3,5.95,King of Chardonnay,Starter,Malcom Floyd,LAC,WR|W/R/T
3,0.0,King of Chardonnay,Non-Starter,Matt Forte,NYJ,RB|W/R/T
3,2.45,King of Chardonnay,Non-Starter,Sidney Rice,Sea,WR|W/R/T
3,22.72,King of Chardonnay,Non-Starter,Andy Dalton,Car,QB
3,3.85,King of Chardonnay,Non-Starter,Kendall Wright,Ari,WR|W/R/T
3,12.25,King of Chardonnay,Non-Starter,Daniel Thomas,Mia,RB|W/R/T
3,0.0,King of Chardonnay,Non-Starter,Nick Foles,Ind,QB
3,0.95,King of Chardonnay,Non-Starter,Louis Murphy,SF,WR|W/R/T
3,18.0,King of Chardonnay,Starter,Seattle Seahawks,Sea,DEF
4,18.54,King of Chardonnay,Starter,Michael Vick,Pit,QB
4,17.4,King of Chardonnay,Starter,DeSean Jackson,Bal,WR|W/R/T
4,17.2,King of Chardonnay,Starter,Torrey Smith,Car,WR|W/R/T
4,6.7,King of Chardonnay,Starter,Reggie Bush,Buf,RB|W/R/T
4,2.05,King of Chardonnay,Starter,Andre Brown,NYG,RB|W/R/T
4,3.3,King of Chardonnay,Starter,Vernon Davis,Was,TE|W/R/T
4,2.8,King of Chardonnay,Starter,Malcom Floyd,LAC,WR|W/R/T
4,5.15,King of Chardonnay,Non-Starter,Matt Forte,NYJ,RB|W/R/T
4,5.1,King of Chardonnay,Non-Starter,Sidney Rice,Sea,WR|W/R/T
4,22.26,King of Chardonnay,Non-Starter,Andy Dalton,Car,QB
4,11.6,King of Chardonnay,Non-Starter,Kendall Wright,Ari,WR|W/R/T
4,1.25,King of Chardonnay,Non-Starter,Daniel Thomas,Mia,RB|W/R/T
4,0.0,King of Chardonnay,Non-Starter,Nick Foles,Ind,QB
4,1.05,King of Chardonnay,Non-Starter,Louis Murphy,SF,WR|W/R/T
4,11.5,King of Chardonnay,Starter,Seattle Seahawks,Sea,DEF
5,12.6,King of Chardonnay,Starter,Michael Vick,Pit,QB
5,4.55,King of Chardonnay,Starter,Torrey Smith,Car,WR|W/R/T
5,12.05,King of Chardonnay,Starter,Malcom Floyd,LAC,WR|W/R/T
5,13.7,King of Chardonnay,Starter,Reggie Bush,Buf,RB|W/R/T
5,13.2,King of Chardonnay,Starter,Matt Forte,NYJ,RB|W/R/T
5,11.85,King of Chardonnay,Starter,Vernon Davis,Was,TE|W/R/T
5,6.8,King of Chardonnay,Starter,DeSean Jackson,Bal,WR|W/R/T
5,11.46,King of Chardonnay,Non-Starter,Andy Dalton,Car,QB
5,0.0,King of Chardonnay,Non-Starter,Andre Brown,NYG,RB|W/R/T
5,7.95,King of Chardonnay,Non-Starter,Sidney Rice,Sea,WR|W/R/T
5,8.85,King of Chardonnay,Non-Starter,Kendall Wright,Ari,WR|W/R/T
5,9.95,King of Chardonnay,Non-Starter,Daniel Thomas,Mia,RB|W/R/T
5,1.05,King of Chardonnay,Non-Starter,Louis Murphy,SF,WR|W/R/T
5,17.6,King of Chardonnay,Non-Starter,James Jones,GB,WR|W/R/T
5,18.5,King of Chardonnay,Starter,Seattle Seahawks,Sea,DEF
6,22.34,King of Chardonnay,Starter,Michael Vick,Pit,QB
6,8.9,King of Chardonnay,Starter,Torrey Smith,Car,WR|W/R/T
6,7.25,King of Chardonnay,Starter,Malcom Floyd,LAC,WR|W/R/T
6,7.35,King of Chardonnay,Starter,Reggie Bush,Buf,RB|W/R/T
6,8.35,King of Chardonnay,Starter,Danny Woodhead,Bal,RB|W/R/T
6,4.45,King of Chardonnay,Starter,Vernon Davis,Was,TE|W/R/T
6,7.25,King of Chardonnay,Starter,DeSean Jackson,Bal,WR|W/R/T
6,0.0,King of Chardonnay,Non-Starter,Daniel Thomas,Mia,RB|W/R/T
6,0.0,King of Chardonnay,Non-Starter,Matt Forte,NYJ,RB|W/R/T
6,17.74,King of Chardonnay,Non-Starter,Andy Dalton,Car,QB
6,0.0,King of Chardonnay,Non-Starter,Andre Brown,NYG,RB|W/R/T
6,14.85,King of Chardonnay,Non-Starter,Sidney Rice,Sea,WR|W/R/T
6,8.6,King of Chardonnay,Non-Starter,Kendall Wright,Ari,WR|W/R/T
6,16.05,King of Chardonnay,Non-Starter,James Jones,GB,WR|W/R/T
6,7.0,King of Chardonnay,Starter,Seattle Seahawks,Sea,DEF
7,6.1,King of Chardonnay,Starter,Andy Dalton,Car,QB
7,5.1,King of Chardonnay,Starter,Torrey Smith,Car,WR|W/R/T
7,2.65,King of Chardonnay,Starter,Kendall Wright,Ari,WR|W/R/T
7,10.75,King of Chardonnay,Starter,Matt Forte,NYJ,RB|W/R/T
7,5.6,King of Chardonnay,Starter,Danny Woodhead,Bal,RB|W/R/T
7,0.0,King of Chardonnay,Starter,Vernon Davis,Was,TE|W/R/T
7,6.8,King of Chardonnay,Starter,James Jones,GB,WR|W/R/T
7,0.4,King of Chardonnay,Non-Starter,Baron Batch,Pit,RB|W/R/T
7,0.0,King of Chardonnay,Non-Starter,Michael Vick,Pit,QB
7,0.0,King of Chardonnay,Non-Starter,Malcom Floyd,LAC,WR|W/R/T
7,0.0,King of Chardonnay,Non-Starter,Reggie Bush,Buf,RB|W/R/T
7,0.0,King of Chardonnay,Non-Starter,DeSean Jackson,Bal,WR|W/R/T
7,9.65,King of Chardonnay,Non-Starter,Andre Brown,NYG,RB|W/R/T
7,3.7,King of Chardonnay,Non-Starter,Sidney Rice,Sea,WR|W/R/T
7,12.0,King of Chardonnay,Starter,Seattle Seahawks,Sea,DEF
8,15.84,King of Chardonnay,Starter,Michael Vick,Pit,QB
8,5.3,King of Chardonnay,Starter,Malcom Floyd,LAC,WR|W/R/T
8,7.15,King of Chardonnay,Starter,DeSean Jackson,Bal,WR|W/R/T
8,16.65,King of Chardonnay,Starter,Matt Forte,NYJ,RB|W/R/T
8,4.75,King of Chardonnay,Starter,Reggie Bush,Buf,RB|W/R/T
8,3.9,King of Chardonnay,Starter,Vernon Davis,Was,TE|W/R/T
8,9.55,King of Chardonnay,Starter,James Jones,GB,WR|W/R/T
8,0.0,King of Chardonnay,Non-Starter,Andy Dalton,Car,QB
8,0.0,King of Chardonnay,Non-Starter,Torrey Smith,Car,WR|W/R/T
8,11.7,King of Chardonnay,Non-Starter,Kendall Wright,Ari,WR|W/R/T
8,7.15,King of Chardonnay,Non-Starter,Danny Woodhead,Bal,RB|W/R/T
8,8.1,King of Chardonnay,Non-Starter,Andre Brown,NYG,RB|W/R/T
8,13.3,King of Chardonnay,Non-Starter,Sidney Rice,Sea,WR|W/R/T
8,5.35,King of Chardonnay,Non-Starter,Brandon Gibson,Mia,WR|W/R/T
8,5.5,King of Chardonnay,Starter,Seattle Seahawks,Sea,DEF
9,16.18,King of Chardonnay,Starter,Michael Vick,Pit,QB
9,16.75,King of Chardonnay,Starter,DeSean Jackson,Bal,WR|W/R/T
9,11.6,King of Chardonnay,Starter,Torrey Smith,Car,WR|W/R/T
9,21.3,King of Chardonnay,Starter,Matt Forte,NYJ,RB|W/R/T
9,13.1,King of Chardonnay,Starter,Reggie Bush,Buf,RB|W/R/T
9,4.75,King of Chardonnay,Starter,Martellus Bennett,GB,TE|W/R/T
9,13.1,King of Chardonnay,Starter,James Jones,GB,WR|W/R/T
9,0.0,King of Chardonnay,Non-Starter,Vernon Davis,Was,TE|W/R/T
9,11.8,King of Chardonnay,Non-Starter,Malcom Floyd,LAC,WR|W/R/T
9,15.56,King of Chardonnay,Non-Starter,Andy Dalton,Car,QB
9,3.5,King of Chardonnay,Non-Starter,Kendall Wright,Ari,WR|W/R/T
9,8.0,King of Chardonnay,Non-Starter,Andre Brown,NYG,RB|W/R/T
9,13.4,King of Chardonnay,Non-Starter,Sidney Rice,Sea,WR|W/R/T
9,0.0,King of Chardonnay,Non-Starter,Brandon Gibson,Mia,WR|W/R/T
9,11.0,King of Chardonnay,Starter,Seattle Seahawks,Sea,DEF
10,7.5,King of Chardonnay,Starter,Michael Vick,Pit,QB
10,7.45,King of Chardonnay,Starter,DeSean Jackson,Bal,WR|W/R/T
10,19.2,King of Chardonnay,Starter,Torrey Smith,Car,WR|W/R/T
10,4.1,King of Chardonnay,Starter,Matt Forte,NYJ,RB|W/R/T
10,1.15,King of Chardonnay,Starter,Reggie Bush,Buf,RB|W/R/T
10,4.0,King of Chardonnay,Starter,Vernon Davis,Was,TE|W/R/T
10,17.9,King of Chardonnay,Starter,Sidney Rice,Sea,WR|W/R/T
10,4.7,King of Chardonnay,Non-Starter,Martellus Bennett,GB,TE|W/R/T
10,0.0,King of Chardonnay,Non-Starter,James Jones,GB,WR|W/R/T
10,13.8,King of Chardonnay,Non-Starter,Malcom Floyd,LAC,WR|W/R/T
10,23.76,King of Chardonnay,Non-Starter,Andy Dalton,Car,QB
10,7.15,King of Chardonnay,Non-Starter,Kendall Wright,Ari,WR|W/R/T
10,16.65,King of Chardonnay,Non-Starter,Andre Brown,NYG,RB|W/R/T
10,5.45,King of Chardonnay,Non-Starter,Brandon Gibson,Mia,WR|W/R/T
10,19.5,King of Chardonnay,Starter,Seattle Seahawks,Sea,DEF
11,24.5,King of Chardonnay,Starter,Andy Dalton,Car,QB
11,1.0,King of Chardonnay,Starter,DeSean Jackson,Bal,WR|W/R/T
11,0.95,King of Chardonnay,Starter,Torrey Smith,Car,WR|W/R/T
11,7.45,King of Chardonnay,Starter,Matt Forte,NYJ,RB|W/R/T
11,4.0,King of Chardonnay,Starter,Reggie Bush,Buf,RB|W/R/T
11,15.8,King of Chardonnay,Starter,Vernon Davis,Was,TE|W/R/T
11,3.8,King of Chardonnay,Starter,James Jones,GB,WR|W/R/T
11,0.0,King of Chardonnay,Non-Starter,Sidney Rice,Sea,WR|W/R/T
11,0.0,King of Chardonnay,Non-Starter,Michael Vick,Pit,QB
11,7.7,King of Chardonnay,Non-Starter,Malcom Floyd,LAC,WR|W/R/T
11,0.0,King of Chardonnay,Non-Starter,Kendall Wright,Ari,WR|W/R/T
11,0.0,King of Chardonnay,Non-Starter,Andre Brown,NYG,RB|W/R/T
11,13.65,King of Chardonnay,Non-Starter,Brandon Gibson,Mia,WR|W/R/T
11,11.0,King of Chardonnay,Starter,Tampa Bay Buccaneers,TB,DEF
11,0.0,King of Chardonnay,Non-Starter,Seattle Seahawks,Sea,DEF
12,20.9,King of Chardonnay,Starter,Andy Dalton,Car,QB
12,1.35,King of Chardonnay,Starter,DeSean Jackson,Bal,WR|W/R/T
12,16.15,King of Chardonnay,Starter,Torrey Smith,Car,WR|W/R/T
12,3.1,King of Chardonnay,Starter,Matt Forte,NYJ,RB|W/R/T
12,14.45,King of Chardonnay,Starter,Reggie Bush,Buf,RB|W/R/T
12,0.0,King of Chardonnay,Starter,Vernon Davis,Was,TE|W/R/T
12,0.0,King of Chardonnay,Starter,James Jones,GB,WR|W/R/T
12,5.95,King of Chardonnay,Non-Starter,Sidney Rice,Sea,WR|W/R/T
12,0.0,King of Chardonnay,Non-Starter,Michael Vick,Pit,QB
12,13.5,King of Chardonnay,Non-Starter,Malcom Floyd,LAC,WR|W/R/T
12,6.45,King of Chardonnay,Non-Starter,Kendall Wright,Ari,WR|W/R/T
12,12.4,King of Chardonnay,Non-Starter,Andre Brown,NYG,RB|W/R/T
12,0.0,King of Chardonnay,Non-Starter,Brandon Gibson,Mia,WR|W/R/T
12,11.0,King of Chardonnay,Starter,Seattle Seahawks,Sea,DEF
12,8.5,King of Chardonnay,Non-Starter,Tampa Bay Buccaneers,TB,DEF
13,12.94,King of Chardonnay,Starter,Andy Dalton,Car,QB
13,4.05,King of Chardonnay,Starter,Torrey Smith,Car,WR|W/R/T
13,0.0,King of Chardonnay,Starter,Santana Moss,Was,WR|W/R/T
13,6.4,King of Chardonnay,Starter,Reggie Bush,Buf,RB|W/R/T
13,0.9,King of Chardonnay,Starter,David Wilson,NYG,RB|W/R/T
13,2.0,King of Chardonnay,Starter,Vernon Davis,Was,TE|W/R/T
13,7.1,King of Chardonnay,Starter,Malcom Floyd,LAC,WR|W/R/T
13,16.35,King of Chardonnay,Non-Starter,Matt Forte,NYJ,RB|W/R/T
13,10.5,King of Chardonnay,Non-Starter,James Jones,GB,WR|W/R/T
13,17.4,King of Chardonnay,Non-Starter,Sidney Rice,Sea,WR|W/R/T
13,0.0,King of Chardonnay,Non-Starter,Michael Vick,Pit,QB
13,9.3,King of Chardonnay,Non-Starter,Kendall Wright,Ari,WR|W/R/T
13,1.4,King of Chardonnay,Non-Starter,Shane Vereen,NYG,RB|W/R/T
13,3.0,King of Chardonnay,Starter,Seattle Seahawks,Sea,DEF
13,6.5,King of Chardonnay,Non-Starter,Tampa Bay Buccaneers,TB,DEF
14,10.24,King of Chardonnay,Starter,Andy Dalton,Car,QB
14,2.35,King of Chardonnay,Starter,Torrey Smith,Car,WR|W/R/T
14,7.75,King of Chardonnay,Starter,Malcom Floyd,LAC,WR|W/R/T
14,11.55,King of Chardonnay,Starter,Reggie Bush,Buf,RB|W/R/T
14,13.4,King of Chardonnay,Starter,Matt Forte,NYJ,RB|W/R/T
14,0.65,King of Chardonnay,Starter,Vernon Davis,Was,TE|W/R/T
14,4.0,King of Chardonnay,Starter,Sidney Rice,Sea,WR|W/R/T
14,5.95,King of Chardonnay,Non-Starter,Santana Moss,Was,WR|W/R/T
14,28.0,King of Chardonnay,Non-Starter,David Wilson,NYG,RB|W/R/T
14,3.2,King of Chardonnay,Non-Starter,James Jones,GB,WR|W/R/T
14,0.0,King of Chardonnay,Non-Starter,Michael Vick,Pit,QB
14,5.15,King of Chardonnay,Non-Starter,Kendall Wright,Ari,WR|W/R/T
14,4.0,King of Chardonnay,Non-Starter,Shane Vereen,NYG,RB|W/R/T
14,44.5,King of Chardonnay,Starter,Seattle Seahawks,Sea,DEF
14,15.0,King of Chardonnay,Non-Starter,Tampa Bay Buccaneers,TB,DEF
15,12.88,King of Chardonnay,Starter,Andy Dalton,Car,QB
15,1.65,King of Chardonnay,Starter,Torrey Smith,Car,WR|W/R/T
15,4.4,King of Chardonnay,Starter,Malcom Floyd,LAC,WR|W/R/T
15,10.4,King of Chardonnay,Starter,Reggie Bush,Buf,RB|W/R/T
15,14.55,King of Chardonnay,Starter,Matt Forte,NYJ,RB|W/R/T
15,1.25,King of Chardonnay,Starter,Vernon Davis,Was,TE|W/R/T
15,6.85,King of Chardonnay,Starter,David Wilson,NYG,RB|W/R/T
15,8.6,King of Chardonnay,Non-Starter,Sidney Rice,Sea,WR|W/R/T
15,6.95,King of Chardonnay,Non-Starter,Santana Moss,Was,WR|W/R/T
15,25.25,King of Chardonnay,Non-Starter,James Jones,GB,WR|W/R/T
15,0.0,King of Chardonnay,Non-Starter,Michael Vick,Pit,QB
15,3.85,King of Chardonnay,Non-Starter,Kendall Wright,Ari,WR|W/R/T
15,-1.35,King of Chardonnay,Non-Starter,Shane Vereen,NYG,RB|W/R/T
15,19.0,King of Chardonnay,Starter,Seattle Seahawks,Sea,DEF
15,1.5,King of Chardonnay,Non-Starter,Tampa Bay Buccaneers,TB,DEF
16,7.12,King of Chardonnay,Starter,Andy Dalton,Car,QB
16,16.05,King of Chardonnay,Starter,Torrey Smith,Car,WR|W/R/T
16,17.75,King of Chardonnay,Starter,James Jones,GB,WR|W/R/T
16,29.7,King of Chardonnay,Starter,Reggie Bush,Buf,RB|W/R/T
16,15.75,King of Chardonnay,Starter,Matt Forte,NYJ,RB|W/R/T
16,2.95,King of Chardonnay,Starter,Vernon Davis,Was,TE|W/R/T
16,10.3,King of Chardonnay,Starter,Santana Moss,Was,WR|W/R/T
16,7.7,King of Chardonnay,Non-Starter,David Wilson,NYG,RB|W/R/T
16,0.0,King of Chardonnay,Non-Starter,Malcom Floyd,LAC,WR|W/R/T
16,1.65,King of Chardonnay,Non-Starter,Sidney Rice,Sea,WR|W/R/T
16,0.0,King of Chardonnay,Non-Starter,Michael Vick,Pit,QB
16,0.0,King of Chardonnay,Non-Starter,Kendall Wright,Ari,WR|W/R/T
16,0.0,King of Chardonnay,Non-Starter,Shane Vereen,NYG,RB|W/R/T
16,19.0,King of Chardonnay,Starter,Seattle Seahawks,Sea,DEF
16,9.5,King of Chardonnay,Non-Starter,Tampa Bay Buccaneers,TB,DEF
1,12.52,Football Yankees,Starter,Cam Newton,Car,QB
1,6.1,Football Yankees,Starter,Marques Colston,NO,WR|W/R/T
1,17.35,Football Yankees,Starter,Jeremy Maclin,Bal,WR|W/R/T
1,9.4,Football Yankees,Starter,Steven Jackson,NE,RB|W/R/T
1,4.25,Football Yankees,Starter,Rashad Jennings,NYG,RB|W/R/T
1,13.9,Football Yankees,Starter,Aaron Hernandez,NE,TE|W/R/T
1,2.85,Football Yankees,Starter,Toby Gerhart,Jax,RB|W/R/T
1,12.5,Football Yankees,Non-Starter,Steve Johnson,LAC,WR|W/R/T
1,0.0,Football Yankees,Non-Starter,Ryan Mathews,Phi,RB|W/R/T
1,1.5,Football Yankees,Non-Starter,Mark Ingram II,NO,RB|W/R/T
1,11.7,Football Yankees,Non-Starter,Randy Moss,SF,WR|W/R/T
1,15.95,Football Yankees,Non-Starter,Randall Cobb,NYJ,WR|W/R/T
1,0.0,Football Yankees,Non-Starter,Isaiah Pead,Mia,RB|W/R/T
1,13.25,Football Yankees,Non-Starter,Brandon LaFell,LV,WR|W/R/T
1,9.0,Football Yankees,Starter,Detroit Lions,Det,DEF
2,25.22,Football Yankees,Starter,Cam Newton,Car,QB
2,5.65,Football Yankees,Starter,Marques Colston,NO,WR|W/R/T
2,12.1,Football Yankees,Starter,Steve Johnson,LAC,WR|W/R/T
2,5.8,Football Yankees,Starter,Steven Jackson,NE,RB|W/R/T
2,4.2,Football Yankees,Starter,Dexter McCluster,LAC,WR|RB|W/R/T
2,0.0,Football Yankees,Starter,Aaron Hernandez,NE,TE|W/R/T
2,8.55,Football Yankees,Starter,Jeremy Maclin,Bal,WR|W/R/T
2,11.3,Football Yankees,Non-Starter,Mark Ingram II,NO,RB|W/R/T
2,0.0,Football Yankees,Non-Starter,Rashad Jennings,NYG,RB|W/R/T
2,3.7,Football Yankees,Non-Starter,Toby Gerhart,Jax,RB|W/R/T
2,0.0,Football Yankees,Non-Starter,Ryan Mathews,Phi,RB|W/R/T
2,1.65,Football Yankees,Non-Starter,Randy Moss,SF,WR|W/R/T
2,5.05,Football Yankees,Non-Starter,Randall Cobb,NYJ,WR|W/R/T
2,13.0,Football Yankees,Non-Starter,Brandon LaFell,LV,WR|W/R/T
2,10.0,Football Yankees,Starter,New England,NE,DEF
3,10.28,Football Yankees,Starter,Cam Newton,Car,QB
3,4.75,Football Yankees,Starter,Marques Colston,NO,WR|W/R/T
3,13.85,Football Yankees,Starter,Steve Johnson,LAC,WR|W/R/T
3,6.85,Football Yankees,Starter,Ryan Mathews,Phi,RB|W/R/T
3,1.1,Football Yankees,Starter,Mark Ingram II,NO,RB|W/R/T
3,12.25,Football Yankees,Starter,Dennis Pitta,Bal,TE|W/R/T
3,2.95,Football Yankees,Starter,Brandon LaFell,LV,WR|W/R/T
3,3.9,Football Yankees,Non-Starter,Steven Jackson,NE,RB|W/R/T
3,0.0,Football Yankees,Non-Starter,Aaron Hernandez,NE,TE|W/R/T
3,0.0,Football Yankees,Non-Starter,Jeremy Maclin,Bal,WR|W/R/T
3,2.05,Football Yankees,Non-Starter,Dexter McCluster,LAC,WR|RB|W/R/T
3,0.3,Football Yankees,Non-Starter,Toby Gerhart,Jax,RB|W/R/T
3,2.15,Football Yankees,Non-Starter,Randall Cobb,NYJ,WR|W/R/T
3,5.5,Football Yankees,Non-Starter,Jackie Battle,Ten,RB|W/R/T
3,28.0,Football Yankees,Starter,Arizona Cardinals,Ari,DEF
4,31.2,Football Yankees,Starter,Cam Newton,Car,QB
4,23.55,Football Yankees,Starter,Marques Colston,NO,WR|W/R/T
4,2.8,Football Yankees,Starter,Steve Johnson,LAC,WR|W/R/T
4,8.7,Football Yankees,Starter,Ryan Mathews,Phi,RB|W/R/T
4,6.95,Football Yankees,Starter,Steven Jackson,NE,RB|W/R/T
4,0.0,Football Yankees,Starter,Dennis Pitta,Bal,TE|W/R/T
4,0.95,Football Yankees,Starter,Jeremy Maclin,Bal,WR|W/R/T
4,1.25,Football Yankees,Non-Starter,Mark Ingram II,NO,RB|W/R/T
4,0.0,Football Yankees,Non-Starter,Brandon LaFell,LV,WR|W/R/T
4,0.0,Football Yankees,Non-Starter,Aaron Hernandez,NE,TE|W/R/T
4,1.85,Football Yankees,Non-Starter,Toby Gerhart,Jax,RB|W/R/T
4,8.35,Football Yankees,Non-Starter,Randall Cobb,NYJ,WR|W/R/T
4,21.1,Football Yankees,Non-Starter,Jackie Battle,Ten,RB|W/R/T
4,1.1,Football Yankees,Non-Starter,Bilal Powell,NYJ,RB|W/R/T
4,16.0,Football Yankees,Starter,Arizona Cardinals,Ari,DEF
5,7.84,Football Yankees,Starter,Cam Newton,Car,QB
5,33.35,Football Yankees,Starter,Marques Colston,NO,WR|W/R/T
5,5.4,Football Yankees,Starter,Steve Johnson,LAC,WR|W/R/T
5,21.4,Football Yankees,Starter,Ryan Mathews,Phi,RB|W/R/T
5,7.6,Football Yankees,Starter,Steven Jackson,NE,RB|W/R/T
5,2.95,Football Yankees,Starter,Dennis Pitta,Bal,TE|W/R/T
5,2.2,Football Yankees,Starter,Jackie Battle,Ten,RB|W/R/T
5,5.15,Football Yankees,Non-Starter,Jeremy Maclin,Bal,WR|W/R/T
5,5.45,Football Yankees,Non-Starter,Andre Roberts,Car,WR|W/R/T
5,1.6,Football Yankees,Non-Starter,Mark Ingram II,NO,RB|W/R/T
5,0.0,Football Yankees,Non-Starter,Aaron Hernandez,NE,TE|W/R/T
5,4.1,Football Yankees,Non-Starter,Toby Gerhart,Jax,RB|W/R/T
5,15.2,Football Yankees,Non-Starter,Randall Cobb,NYJ,WR|W/R/T
5,1.8,Football Yankees,Non-Starter,Bilal Powell,NYJ,RB|W/R/T
5,9.0,Football Yankees,Starter,Arizona Cardinals,Ari,DEF
6,13.72,Football Yankees,Starter,Kevin Kolb,Ari,QB
6,9.7,Football Yankees,Starter,Steve Johnson,LAC,WR|W/R/T
6,20.5,Football Yankees,Starter,Jeremy Maclin,Bal,WR|W/R/T
6,10.3,Football Yankees,Starter,Ryan Mathews,Phi,RB|W/R/T
6,10.75,Football Yankees,Starter,Steven Jackson,NE,RB|W/R/T
6,10.5,Football Yankees,Starter,Aaron Hernandez,NE,TE|W/R/T
6,4.7,Football Yankees,Starter,Vick Ballard,Ind,RB|W/R/T
6,2.3,Football Yankees,Non-Starter,Andre Roberts,Car,WR|W/R/T
6,0.3,Football Yankees,Non-Starter,Jackie Battle,Ten,RB|W/R/T
6,0.0,Football Yankees,Non-Starter,Cam Newton,Car,QB
6,0.0,Football Yankees,Non-Starter,Marques Colston,NO,WR|W/R/T
6,1.6,Football Yankees,Non-Starter,Toby Gerhart,Jax,RB|W/R/T
6,11.95,Football Yankees,Non-Starter,Randall Cobb,NYJ,WR|W/R/T
6,1.75,Football Yankees,Non-Starter,Bilal Powell,NYJ,RB|W/R/T
6,12.0,Football Yankees,Starter,Arizona Cardinals,Ari,DEF
7,16.32,Football Yankees,Starter,Cam Newton,Car,QB
7,14.35,Football Yankees,Starter,Steve Johnson,LAC,WR|W/R/T
7,15.05,Football Yankees,Starter,Marques Colston,NO,WR|W/R/T
7,11.7,Football Yankees,Starter,Steven Jackson,NE,RB|W/R/T
7,10.55,Football Yankees,Starter,Vick Ballard,Ind,RB|W/R/T
7,6.65,Football Yankees,Starter,Aaron Hernandez,NE,TE|W/R/T
7,24.8,Football Yankees,Starter,Randall Cobb,NYJ,WR|W/R/T
7,0.0,Football Yankees,Non-Starter,Jeremy Maclin,Bal,WR|W/R/T
7,0.0,Football Yankees,Non-Starter,Ryan Mathews,Phi,RB|W/R/T
7,18.05,Football Yankees,Non-Starter,Andre Roberts,Car,WR|W/R/T
7,0.1,Football Yankees,Non-Starter,Toby Gerhart,Jax,RB|W/R/T
7,0.0,Football Yankees,Non-Starter,Ronnie Hillman,LAC,RB|W/R/T
7,0.0,Football Yankees,Non-Starter,Ronnie Brown,Hou,RB|W/R/T
7,6.5,Football Yankees,Non-Starter,Cedric Peerman,Cin,RB|W/R/T
7,12.0,Football Yankees,Starter,Arizona Cardinals,Ari,DEF
8,10.26,Football Yankees,Starter,Cam Newton,Car,QB
8,7.55,Football Yankees,Starter,Marques Colston,NO,WR|W/R/T
8,4.8,Football Yankees,Starter,Jeremy Maclin,Bal,WR|W/R/T
8,8.9,Football Yankees,Starter,Ryan Mathews,Phi,RB|W/R/T
8,5.0,Football Yankees,Starter,Steven Jackson,NE,RB|W/R/T
8,3.95,Football Yankees,Starter,Brent Celek,Phi,TE|W/R/T
8,10.05,Football Yankees,Starter,Randall Cobb,NYJ,WR|W/R/T
8,0.0,Football Yankees,Non-Starter,Aaron Hernandez,NE,TE|W/R/T
8,13.35,Football Yankees,Non-Starter,Vick Ballard,Ind,RB|W/R/T
8,0.0,Football Yankees,Non-Starter,Steve Johnson,LAC,WR|W/R/T
8,8.25,Football Yankees,Non-Starter,Andre Roberts,Car,WR|W/R/T
8,3.1,Football Yankees,Non-Starter,Toby Gerhart,Jax,RB|W/R/T
8,8.45,Football Yankees,Non-Starter,Ronnie Hillman,LAC,RB|W/R/T
8,0.0,Football Yankees,Non-Starter,Cedric Peerman,Cin,RB|W/R/T
8,9.5,Football Yankees,Starter,Arizona Cardinals,Ari,DEF
9,21.74,Football Yankees,Starter,Cam Newton,Car,QB
9,11.6,Football Yankees,Starter,Marques Colston,NO,WR|W/R/T
9,3.3,Football Yankees,Starter,Jeremy Maclin,Bal,WR|W/R/T
9,7.7,Football Yankees,Starter,Ryan Mathews,Phi,RB|W/R/T
9,1.9,Football Yankees,Starter,Dexter McCluster,LAC,WR|RB|W/R/T
9,3.95,Football Yankees,Starter,Brent Celek,Phi,TE|W/R/T
9,19.35,Football Yankees,Starter,Randall Cobb,NYJ,WR|W/R/T
9,10.55,Football Yankees,Non-Starter,Vick Ballard,Ind,RB|W/R/T
9,0.0,Football Yankees,Non-Starter,Steven Jackson,NE,RB|W/R/T
9,0.0,Football Yankees,Non-Starter,Aaron Hernandez,NE,TE|W/R/T
9,3.65,Football Yankees,Non-Starter,Steve Johnson,LAC,WR|W/R/T
9,9.6,Football Yankees,Non-Starter,Andre Roberts,Car,WR|W/R/T
9,1.15,Football Yankees,Non-Starter,Ronnie Hillman,LAC,RB|W/R/T
9,8.0,Football Yankees,Starter,Detroit Lions,Det,DEF
9,4.5,Football Yankees,Non-Starter,Arizona Cardinals,Ari,DEF
10,12.34,Football Yankees,Starter,Cam Newton,Car,QB
10,9.35,Football Yankees,Starter,Marques Colston,NO,WR|W/R/T
10,0.85,Football Yankees,Starter,Ryan Broyles,Det,WR|W/R/T
10,8.85,Football Yankees,Starter,Ryan Mathews,Phi,RB|W/R/T
10,19.2,Football Yankees,Starter,Steven Jackson,NE,RB|W/R/T
10,6.95,Football Yankees,Starter,Brandon Myers,TB,TE|W/R/T
10,6.4,Football Yankees,Starter,Vick Ballard,Ind,RB|W/R/T
10,0.0,Football Yankees,Non-Starter,Aaron Hernandez,NE,TE|W/R/T
10,17.3,Football Yankees,Non-Starter,Jeremy Maclin,Bal,WR|W/R/T
10,0.0,Football Yankees,Non-Starter,Randall Cobb,NYJ,WR|W/R/T
10,10.1,Football Yankees,Non-Starter,Steve Johnson,LAC,WR|W/R/T
10,0.0,Football Yankees,Non-Starter,Andre Roberts,Car,WR|W/R/T
10,7.8,Football Yankees,Non-Starter,Ronnie Hillman,LAC,RB|W/R/T
10,7.5,Football Yankees,Starter,Detroit Lions,Det,DEF
10,0.0,Football Yankees,Non-Starter,Arizona Cardinals,Ari,DEF
11,18.08,Football Yankees,Starter,Cam Newton,Car,QB
11,7.9,Football Yankees,Starter,Marques Colston,NO,WR|W/R/T
11,17.55,Football Yankees,Starter,Randall Cobb,NYJ,WR|W/R/T
11,9.3,Football Yankees,Starter,Ryan Mathews,Phi,RB|W/R/T
11,9.1,Football Yankees,Starter,Steven Jackson,NE,RB|W/R/T
11,13.0,Football Yankees,Starter,Brandon Myers,TB,TE|W/R/T
11,9.4,Football Yankees,Starter,Steve Johnson,LAC,WR|W/R/T
11,0.0,Football Yankees,Non-Starter,Aaron Hernandez,NE,TE|W/R/T
11,0.0,Football Yankees,Non-Starter,Jeremy Maclin,Bal,WR|W/R/T
11,4.0,Football Yankees,Non-Starter,Ryan Broyles,Det,WR|W/R/T
11,8.15,Football Yankees,Non-Starter,Vick Ballard,Ind,RB|W/R/T
11,0.95,Football Yankees,Non-Starter,Andre Roberts,Car,WR|W/R/T
11,6.4,Football Yankees,Non-Starter,Ronnie Hillman,LAC,RB|W/R/T
11,17.0,Football Yankees,Starter,Cincinnati Bengals,Cin,DEF
11,16.5,Football Yankees,Non-Starter,Arizona Cardinals,Ari,DEF
12,37.44,Football Yankees,Starter,Cam Newton,Car,QB
12,10.6,Football Yankees,Starter,Marques Colston,NO,WR|W/R/T
12,6.1,Football Yankees,Starter,Randall Cobb,NYJ,WR|W/R/T
12,9.55,Football Yankees,Starter,Ryan Mathews,Phi,RB|W/R/T
12,13.9,Football Yankees,Starter,Steven Jackson,NE,RB|W/R/T
12,4.95,Football Yankees,Starter,Brandon Myers,TB,TE|W/R/T
12,4.1,Football Yankees,Starter,Vick Ballard,Ind,RB|W/R/T
12,0.9,Football Yankees,Non-Starter,Ronnie Hillman,LAC,RB|W/R/T
12,4.1,Football Yankees,Non-Starter,Aaron Hernandez,NE,TE|W/R/T
12,12.1,Football Yankees,Non-Starter,Steve Johnson,LAC,WR|W/R/T
12,6.75,Football Yankees,Non-Starter,Jeremy Maclin,Bal,WR|W/R/T
12,14.1,Football Yankees,Non-Starter,Ryan Broyles,Det,WR|W/R/T
12,12.75,Football Yankees,Non-Starter,Andre Roberts,Car,WR|W/R/T
12,6.6,Football Yankees,Non-Starter,Golden Tate,Ten,WR|W/R/T
12,8.5,Football Yankees,Starter,Arizona Cardinals,Ari,DEF
13,29.08,Football Yankees,Starter,Cam Newton,Car,QB
13,8.6,Football Yankees,Starter,Marques Colston,NO,WR|W/R/T
13,8.2,Football Yankees,Starter,Randall Cobb,NYJ,WR|W/R/T
13,5.85,Football Yankees,Starter,Ryan Mathews,Phi,RB|W/R/T
13,12.95,Football Yankees,Starter,Steven Jackson,NE,RB|W/R/T
13,11.7,Football Yankees,Starter,Aaron Hernandez,NE,TE|W/R/T
13,8.3,Football Yankees,Starter,Steve Johnson,LAC,WR|W/R/T
13,22.5,Football Yankees,Non-Starter,Brandon Myers,TB,TE|W/R/T
13,12.95,Football Yankees,Non-Starter,Vick Ballard,Ind,RB|W/R/T
13,2.9,Football Yankees,Non-Starter,Ronnie Hillman,LAC,RB|W/R/T
13,4.55,Football Yankees,Non-Starter,Jeremy Maclin,Bal,WR|W/R/T
13,0.55,Football Yankees,Non-Starter,Ryan Broyles,Det,WR|W/R/T
13,0.0,Football Yankees,Non-Starter,Andre Roberts,Car,WR|W/R/T
13,11.5,Football Yankees,Non-Starter,T.Y. Hilton,Dal,WR|W/R/T
13,18.5,Football Yankees,Starter,Arizona Cardinals,Ari,DEF
14,37.08,Football Yankees,Starter,Cam Newton,Car,QB
14,5.1,Football Yankees,Starter,Marques Colston,NO,WR|W/R/T
14,11.95,Football Yankees,Starter,Randall Cobb,NYJ,WR|W/R/T
14,13.55,Football Yankees,Starter,Steven Jackson,NE,RB|W/R/T
14,10.65,Football Yankees,Starter,Vick Ballard,Ind,RB|W/R/T
14,19.8,Football Yankees,Starter,Aaron Hernandez,NE,TE|W/R/T
14,5.3,Football Yankees,Starter,T.Y. Hilton,Dal,WR|W/R/T
14,6.5,Football Yankees,Non-Starter,Ryan Mathews,Phi,RB|W/R/T
14,8.6,Football Yankees,Non-Starter,Steve Johnson,LAC,WR|W/R/T
14,0.95,Football Yankees,Non-Starter,Brandon Myers,TB,TE|W/R/T
14,2.4,Football Yankees,Non-Starter,Ronnie Hillman,LAC,RB|W/R/T
14,18.65,Football Yankees,Non-Starter,Jeremy Maclin,Bal,WR|W/R/T
14,0.0,Football Yankees,Non-Starter,Isaac Redman,Pit,RB|W/R/T
14,16.45,Football Yankees,Non-Starter,Montell Owens,Chi,RB|W/R/T
14,1.5,Football Yankees,Starter,Arizona Cardinals,Ari,DEF
15,17.94,Football Yankees,Starter,Cam Newton,Car,QB
15,6.75,Football Yankees,Starter,Marques Colston,NO,WR|W/R/T
15,11.0,Football Yankees,Starter,Randall Cobb,NYJ,WR|W/R/T
15,16.6,Football Yankees,Starter,Steven Jackson,NE,RB|W/R/T
15,3.75,Football Yankees,Starter,Ryan Mathews,Phi,RB|W/R/T
15,17.7,Football Yankees,Starter,Aaron Hernandez,NE,TE|W/R/T
15,10.5,Football Yankees,Starter,Vick Ballard,Ind,RB|W/R/T
15,19.5,Football Yankees,Non-Starter,Steve Johnson,LAC,WR|W/R/T
15,14.55,Football Yankees,Non-Starter,T.Y. Hilton,Dal,WR|W/R/T
15,2.0,Football Yankees,Non-Starter,Brandon Myers,TB,TE|W/R/T
15,2.9,Football Yankees,Non-Starter,Ronnie Hillman,LAC,RB|W/R/T
15,6.3,Football Yankees,Non-Starter,Jeremy Maclin,Bal,WR|W/R/T
15,5.55,Football Yankees,Non-Starter,Montell Owens,Chi,RB|W/R/T
15,22.5,Football Yankees,Starter,Tennessee Titans,Ten,DEF
15,33.0,Football Yankees,Non-Starter,Arizona Cardinals,Ari,DEF
16,20.8,Football Yankees,Starter,Cam Newton,Car,QB
16,17.8,Football Yankees,Starter,Marques Colston,NO,WR|W/R/T
16,12.95,Football Yankees,Starter,Randall Cobb,NYJ,WR|W/R/T
16,13.95,Football Yankees,Starter,Steven Jackson,NE,RB|W/R/T
16,6.9,Football Yankees,Starter,Vick Ballard,Ind,RB|W/R/T
16,1.55,Football Yankees,Starter,Aaron Hernandez,NE,TE|W/R/T
16,3.4,Football Yankees,Starter,Steve Johnson,LAC,WR|W/R/T
16,0.0,Football Yankees,Non-Starter,Ryan Mathews,Phi,RB|W/R/T
16,3.9,Football Yankees,Non-Starter,T.Y. Hilton,Dal,WR|W/R/T
16,3.5,Football Yankees,Non-Starter,Ronnie Hillman,LAC,RB|W/R/T
16,19.6,Football Yankees,Non-Starter,Jeremy Maclin,Bal,WR|W/R/T
16,12.9,Football Yankees,Non-Starter,Montell Owens,Chi,RB|W/R/T
16,15.5,Football Yankees,Starter,Arizona Cardinals,Ari,DEF
16,7.5,Football Yankees,Non-Starter,Atlanta Falcons,Atl,DEF
16,-1.0,Football Yankees,Non-Starter,Tennessee Titans,Ten,DEF
1,32.46,Pablo Escobutt,Starter,Matt Ryan,Ind,QB
1,18.25,Pablo Escobutt,Starter,Demaryius Thomas,NE,WR|W/R/T
1,15.75,Pablo Escobutt,Starter,Reggie Wayne,Ind,WR|W/R/T
1,22.05,Pablo Escobutt,Starter,Ray Rice,Bal,RB|W/R/T
1,15.8,Pablo Escobutt,Starter,Ahmad Bradshaw,Ind,RB|W/R/T
1,13.5,Pablo Escobutt,Starter,Rob Gronkowski,TB,TE|W/R/T
1,10.7,Pablo Escobutt,Starter,Mike Wallace,Phi,WR|W/R/T
1,11.8,Pablo Escobutt,Non-Starter,Nate Washington,Hou,WR|W/R/T
1,6.4,Pablo Escobutt,Non-Starter,Willis McGahee,Cle,RB|W/R/T
1,3.15,Pablo Escobutt,Non-Starter,Pierre Thomas,SF,RB|W/R/T
1,4.0,Pablo Escobutt,Non-Starter,Jacquizz Rodgers,TB,RB|W/R/T
1,6.5,Pablo Escobutt,Non-Starter,Emmanuel Sanders,Buf,WR|W/R/T
1,22.15,Pablo Escobutt,Non-Starter,Stephen Hill,NYJ,WR|W/R/T
1,0.0,Pablo Escobutt,Non-Starter,Michael Floyd,Was,WR|W/R/T
1,5.0,Pablo Escobutt,Starter,Pittsburgh Steelers,Pit,DEF
2,18.66,Pablo Escobutt,Starter,Matt Ryan,Ind,QB
2,15.8,Pablo Escobutt,Starter,Demaryius Thomas,NE,WR|W/R/T
2,14.6,Pablo Escobutt,Starter,Reggie Wayne,Ind,WR|W/R/T
2,16.7,Pablo Escobutt,Starter,Ray Rice,Bal,RB|W/R/T
2,1.6,Pablo Escobutt,Starter,Ahmad Bradshaw,Ind,RB|W/R/T
2,15.0,Pablo Escobutt,Starter,Rob Gronkowski,TB,TE|W/R/T
2,14.65,Pablo Escobutt,Starter,Mike Wallace,Phi,WR|W/R/T
2,2.5,Pablo Escobutt,Non-Starter,Nate Washington,Hou,WR|W/R/T
2,24.9,Pablo Escobutt,Non-Starter,Willis McGahee,Cle,RB|W/R/T
2,15.3,Pablo Escobutt,Non-Starter,Pierre Thomas,SF,RB|W/R/T
2,0.3,Pablo Escobutt,Non-Starter,Jacquizz Rodgers,TB,RB|W/R/T
2,4.05,Pablo Escobutt,Non-Starter,Emmanuel Sanders,Buf,WR|W/R/T
2,0.0,Pablo Escobutt,Non-Starter,Stephen Hill,NYJ,WR|W/R/T
2,0.0,Pablo Escobutt,Non-Starter,Michael Floyd,Was,WR|W/R/T
2,11.0,Pablo Escobutt,Starter,Pittsburgh Steelers,Pit,DEF
3,21.4,Pablo Escobutt,Starter,Matt Ryan,Ind,QB
3,2.15,Pablo Escobutt,Starter,Demaryius Thomas,NE,WR|W/R/T
3,20.4,Pablo Escobutt,Starter,Mike Wallace,Phi,WR|W/R/T
3,22.25,Pablo Escobutt,Starter,Ray Rice,Bal,RB|W/R/T
3,4.45,Pablo Escobutt,Starter,Willis McGahee,Cle,RB|W/R/T
3,2.6,Pablo Escobutt,Starter,Rob Gronkowski,TB,TE|W/R/T
3,7.6,Pablo Escobutt,Starter,Pierre Thomas,SF,RB|W/R/T
3,10.8,Pablo Escobutt,Non-Starter,Reggie Wayne,Ind,WR|W/R/T
3,0.0,Pablo Escobutt,Non-Starter,Ahmad Bradshaw,Ind,RB|W/R/T
3,17.95,Pablo Escobutt,Non-Starter,Nate Washington,Hou,WR|W/R/T
3,13.95,Pablo Escobutt,Non-Starter,Jacquizz Rodgers,TB,RB|W/R/T
3,0.0,Pablo Escobutt,Non-Starter,Stephen Hill,NYJ,WR|W/R/T
3,7.05,Pablo Escobutt,Non-Starter,Michael Floyd,Was,WR|W/R/T
3,3.3,Pablo Escobutt,Non-Starter,Donnie Avery,KC,WR|W/R/T
3,6.0,Pablo Escobutt,Starter,Pittsburgh Steelers,Pit,DEF
4,24.76,Pablo Escobutt,Starter,Matt Ryan,Ind,QB
4,9.55,Pablo Escobutt,Starter,Demaryius Thomas,NE,WR|W/R/T
4,5.05,Pablo Escobutt,Starter,Nate Washington,Hou,WR|W/R/T
4,11.6,Pablo Escobutt,Starter,Ray Rice,Bal,RB|W/R/T
4,8.45,Pablo Escobutt,Starter,Ahmad Bradshaw,Ind,RB|W/R/T
4,15.65,Pablo Escobutt,Starter,Rob Gronkowski,TB,TE|W/R/T
4,21.0,Pablo Escobutt,Starter,Willis McGahee,Cle,RB|W/R/T
4,1.8,Pablo Escobutt,Non-Starter,Pierre Thomas,SF,RB|W/R/T
4,0.0,Pablo Escobutt,Non-Starter,Mike Wallace,Phi,WR|W/R/T
4,0.0,Pablo Escobutt,Non-Starter,Reggie Wayne,Ind,WR|W/R/T
4,6.8,Pablo Escobutt,Non-Starter,Jacquizz Rodgers,TB,RB|W/R/T
4,0.0,Pablo Escobutt,Non-Starter,Stephen Hill,NYJ,WR|W/R/T
4,0.0,Pablo Escobutt,Non-Starter,Donnie Avery,KC,WR|W/R/T
4,6.0,Pablo Escobutt,Starter,Dallas Cowboys,Dal,DEF
4,0.0,Pablo Escobutt,Non-Starter,Pittsburgh Steelers,Pit,DEF
5,16.2,Pablo Escobutt,Starter,Matt Ryan,Ind,QB
5,18.25,Pablo Escobutt,Starter,Demaryius Thomas,NE,WR|W/R/T
5,2.2,Pablo Escobutt,Starter,Mike Wallace,Phi,WR|W/R/T
5,12.05,Pablo Escobutt,Starter,Ray Rice,Bal,RB|W/R/T
5,27.9,Pablo Escobutt,Starter,Ahmad Bradshaw,Ind,RB|W/R/T
5,4.5,Pablo Escobutt,Starter,Rob Gronkowski,TB,TE|W/R/T
5,30.45,Pablo Escobutt,Starter,Reggie Wayne,Ind,WR|W/R/T
5,9.45,Pablo Escobutt,Non-Starter,Willis McGahee,Cle,RB|W/R/T
5,5.6,Pablo Escobutt,Non-Starter,Nate Washington,Hou,WR|W/R/T
5,7.5,Pablo Escobutt,Non-Starter,Pierre Thomas,SF,RB|W/R/T
5,1.45,Pablo Escobutt,Non-Starter,Jacquizz Rodgers,TB,RB|W/R/T
5,0.0,Pablo Escobutt,Non-Starter,Stephen Hill,NYJ,WR|W/R/T
5,2.95,Pablo Escobutt,Non-Starter,Donnie Avery,KC,WR|W/R/T
5,15.0,Pablo Escobutt,Starter,Miami,Mia,DEF
5,11.5,Pablo Escobutt,Non-Starter,Pittsburgh Steelers,Pit,DEF
6,9.46,Pablo Escobutt,Starter,Matt Ryan,Ind,QB
6,10.2,Pablo Escobutt,Starter,Demaryius Thomas,NE,WR|W/R/T
6,15.9,Pablo Escobutt,Starter,Mike Wallace,Phi,WR|W/R/T
6,22.85,Pablo Escobutt,Starter,Ray Rice,Bal,RB|W/R/T
6,18.25,Pablo Escobutt,Starter,Ahmad Bradshaw,Ind,RB|W/R/T
6,7.6,Pablo Escobutt,Starter,Rob Gronkowski,TB,TE|W/R/T
6,7.95,Pablo Escobutt,Starter,Reggie Wayne,Ind,WR|W/R/T
6,10.8,Pablo Escobutt,Non-Starter,Willis McGahee,Cle,RB|W/R/T
6,6.45,Pablo Escobutt,Non-Starter,Nate Washington,Hou,WR|W/R/T
6,0.0,Pablo Escobutt,Non-Starter,Pierre Thomas,SF,RB|W/R/T
6,2.65,Pablo Escobutt,Non-Starter,Jacquizz Rodgers,TB,RB|W/R/T
6,9.05,Pablo Escobutt,Non-Starter,Stephen Hill,NYJ,WR|W/R/T
6,6.9,Pablo Escobutt,Non-Starter,Donnie Avery,KC,WR|W/R/T
6,9.0,Pablo Escobutt,Starter,Miami,Mia,DEF
6,8.0,Pablo Escobutt,Non-Starter,Pittsburgh Steelers,Pit,DEF
7,19.3,Pablo Escobutt,Starter,Ryan Fitzpatrick,Was,QB
7,7.9,Pablo Escobutt,Starter,Mike Wallace,Phi,WR|W/R/T
7,8.8,Pablo Escobutt,Starter,Reggie Wayne,Ind,WR|W/R/T
7,6.65,Pablo Escobutt,Starter,Ray Rice,Bal,RB|W/R/T
7,13.5,Pablo Escobutt,Starter,Ahmad Bradshaw,Ind,RB|W/R/T
7,21.3,Pablo Escobutt,Starter,Rob Gronkowski,TB,TE|W/R/T
7,9.2,Pablo Escobutt,Starter,Pierre Thomas,SF,RB|W/R/T
7,11.8,Pablo Escobutt,Non-Starter,Nate Washington,Hou,WR|W/R/T
7,0.0,Pablo Escobutt,Non-Starter,Matt Ryan,Ind,QB
7,0.0,Pablo Escobutt,Non-Starter,Demaryius Thomas,NE,WR|W/R/T
7,0.0,Pablo Escobutt,Non-Starter,Willis McGahee,Cle,RB|W/R/T
7,0.0,Pablo Escobutt,Non-Starter,Jacquizz Rodgers,TB,RB|W/R/T
7,5.6,Pablo Escobutt,Non-Starter,Donnie Avery,KC,WR|W/R/T
7,2.0,Pablo Escobutt,Non-Starter,Scott Chandler,NE,TE|W/R/T
7,6.0,Pablo Escobutt,Starter,Pittsburgh Steelers,Pit,DEF
8,24.28,Pablo Escobutt,Starter,Matt Ryan,Ind,QB
8,7.95,Pablo Escobutt,Starter,Mike Wallace,Phi,WR|W/R/T
8,10.85,Pablo Escobutt,Starter,Reggie Wayne,Ind,WR|W/R/T
8,5.8,Pablo Escobutt,Starter,Ahmad Bradshaw,Ind,RB|W/R/T
8,20.0,Pablo Escobutt,Starter,Willis McGahee,Cle,RB|W/R/T
8,28.6,Pablo Escobutt,Starter,Rob Gronkowski,TB,TE|W/R/T
8,21.45,Pablo Escobutt,Starter,Demaryius Thomas,NE,WR|W/R/T
8,0.0,Pablo Escobutt,Non-Starter,Ryan Fitzpatrick,Was,QB
8,0.0,Pablo Escobutt,Non-Starter,Ray Rice,Bal,RB|W/R/T
8,5.4,Pablo Escobutt,Non-Starter,Pierre Thomas,SF,RB|W/R/T
8,8.15,Pablo Escobutt,Non-Starter,Nate Washington,Hou,WR|W/R/T
8,9.25,Pablo Escobutt,Non-Starter,Jacquizz Rodgers,TB,RB|W/R/T
8,5.2,Pablo Escobutt,Non-Starter,Donnie Avery,KC,WR|W/R/T
8,0.0,Pablo Escobutt,Non-Starter,Scott Chandler,NE,TE|W/R/T
8,10.5,Pablo Escobutt,Starter,Pittsburgh Steelers,Pit,DEF
9,14.48,Pablo Escobutt,Starter,Matt Ryan,Ind,QB
9,13.35,Pablo Escobutt,Starter,Mike Wallace,Phi,WR|W/R/T
9,15.55,Pablo Escobutt,Starter,Reggie Wayne,Ind,WR|W/R/T
9,7.25,Pablo Escobutt,Starter,Willis McGahee,Cle,RB|W/R/T
9,16.9,Pablo Escobutt,Starter,Ray Rice,Bal,RB|W/R/T
9,5.85,Pablo Escobutt,Starter,Scott Chandler,NE,TE|W/R/T
9,9.2,Pablo Escobutt,Starter,Demaryius Thomas,NE,WR|W/R/T
9,4.8,Pablo Escobutt,Non-Starter,Ahmad Bradshaw,Ind,RB|W/R/T
9,0.0,Pablo Escobutt,Non-Starter,Rob Gronkowski,TB,TE|W/R/T
9,8.96,Pablo Escobutt,Non-Starter,Ryan Fitzpatrick,Was,QB
9,7.5,Pablo Escobutt,Non-Starter,Pierre Thomas,SF,RB|W/R/T
9,10.0,Pablo Escobutt,Non-Starter,Nate Washington,Hou,WR|W/R/T
9,6.3,Pablo Escobutt,Non-Starter,Jacquizz Rodgers,TB,RB|W/R/T
9,12.05,Pablo Escobutt,Non-Starter,Donnie Avery,KC,WR|W/R/T
9,9.0,Pablo Escobutt,Starter,Pittsburgh Steelers,Pit,DEF
10,26.64,Pablo Escobutt,Starter,Matt Ryan,Ind,QB
10,8.15,Pablo Escobutt,Starter,Mike Wallace,Phi,WR|W/R/T
10,11.6,Pablo Escobutt,Starter,Reggie Wayne,Ind,WR|W/R/T
10,13.8,Pablo Escobutt,Starter,Ray Rice,Bal,RB|W/R/T
10,5.85,Pablo Escobutt,Starter,Ahmad Bradshaw,Ind,RB|W/R/T
10,9.85,Pablo Escobutt,Starter,Rob Gronkowski,TB,TE|W/R/T
10,15.75,Pablo Escobutt,Starter,Demaryius Thomas,NE,WR|W/R/T
10,7.9,Pablo Escobutt,Non-Starter,Willis McGahee,Cle,RB|W/R/T
10,13.75,Pablo Escobutt,Non-Starter,Scott Chandler,NE,TE|W/R/T
10,18.68,Pablo Escobutt,Non-Starter,Ryan Fitzpatrick,Was,QB
10,1.85,Pablo Escobutt,Non-Starter,Pierre Thomas,SF,RB|W/R/T
10,0.75,Pablo Escobutt,Non-Starter,Nate Washington,Hou,WR|W/R/T
10,7.2,Pablo Escobutt,Non-Starter,Jacquizz Rodgers,TB,RB|W/R/T
10,7.5,Pablo Escobutt,Non-Starter,Donnie Avery,KC,WR|W/R/T
10,12.0,Pablo Escobutt,Starter,Pittsburgh Steelers,Pit,DEF
11,1.74,Pablo Escobutt,Starter,Matt Ryan,Ind,QB
11,1.4,Pablo Escobutt,Starter,Mike Wallace,Phi,WR|W/R/T
11,8.95,Pablo Escobutt,Starter,Reggie Wayne,Ind,WR|W/R/T
11,10.55,Pablo Escobutt,Starter,Ray Rice,Bal,RB|W/R/T
11,7.55,Pablo Escobutt,Starter,Willis McGahee,Cle,RB|W/R/T
11,27.45,Pablo Escobutt,Starter,Rob Gronkowski,TB,TE|W/R/T
11,10.95,Pablo Escobutt,Starter,Demaryius Thomas,NE,WR|W/R/T
11,0.0,Pablo Escobutt,Non-Starter,Ahmad Bradshaw,Ind,RB|W/R/T
11,3.5,Pablo Escobutt,Non-Starter,Scott Chandler,NE,TE|W/R/T
11,8.22,Pablo Escobutt,Non-Starter,Ryan Fitzpatrick,Was,QB
11,6.55,Pablo Escobutt,Non-Starter,Pierre Thomas,SF,RB|W/R/T
11,0.0,Pablo Escobutt,Non-Starter,Nate Washington,Hou,WR|W/R/T
11,6.35,Pablo Escobutt,Non-Starter,Jacquizz Rodgers,TB,RB|W/R/T
11,4.15,Pablo Escobutt,Non-Starter,Donnie Avery,KC,WR|W/R/T
11,10.0,Pablo Escobutt,Starter,Pittsburgh Steelers,Pit,DEF
12,15.42,Pablo Escobutt,Starter,Matt Ryan,Ind,QB
12,1.15,Pablo Escobutt,Starter,Mike Wallace,Phi,WR|W/R/T
12,12.2,Pablo Escobutt,Starter,Reggie Wayne,Ind,WR|W/R/T
12,18.4,Pablo Escobutt,Starter,Ray Rice,Bal,RB|W/R/T
12,18.4,Pablo Escobutt,Starter,Ahmad Bradshaw,Ind,RB|W/R/T
12,3.1,Pablo Escobutt,Starter,Scott Chandler,NE,TE|W/R/T
12,15.2,Pablo Escobutt,Starter,Demaryius Thomas,NE,WR|W/R/T
12,0.0,Pablo Escobutt,Non-Starter,Willis McGahee,Cle,RB|W/R/T
12,0.0,Pablo Escobutt,Non-Starter,Rob Gronkowski,TB,TE|W/R/T
12,10.4,Pablo Escobutt,Non-Starter,Ryan Fitzpatrick,Was,QB
12,0.0,Pablo Escobutt,Non-Starter,Pierre Thomas,SF,RB|W/R/T
12,6.4,Pablo Escobutt,Non-Starter,Nate Washington,Hou,WR|W/R/T
12,14.4,Pablo Escobutt,Non-Starter,Jacquizz Rodgers,TB,RB|W/R/T
12,3.85,Pablo Escobutt,Non-Starter,Donnie Avery,KC,WR|W/R/T
12,20.0,Pablo Escobutt,Starter,Pittsburgh Steelers,Pit,DEF
13,10.4,Pablo Escobutt,Starter,Matt Ryan,Ind,QB
13,6.1,Pablo Escobutt,Starter,Reggie Wayne,Ind,WR|W/R/T
13,23.9,Pablo Escobutt,Starter,Demaryius Thomas,NE,WR|W/R/T
13,14.55,Pablo Escobutt,Starter,Ray Rice,Bal,RB|W/R/T
13,12.1,Pablo Escobutt,Starter,Ahmad Bradshaw,Ind,RB|W/R/T
13,15.45,Pablo Escobutt,Starter,Martellus Bennett,GB,TE|W/R/T
13,4.4,Pablo Escobutt,Starter,Jacquizz Rodgers,TB,RB|W/R/T
13,5.65,Pablo Escobutt,Non-Starter,Mike Wallace,Phi,WR|W/R/T
13,0.0,Pablo Escobutt,Non-Starter,Willis McGahee,Cle,RB|W/R/T
13,0.0,Pablo Escobutt,Non-Starter,Rob Gronkowski,TB,TE|W/R/T
13,18.28,Pablo Escobutt,Non-Starter,Ryan Fitzpatrick,Was,QB
13,9.15,Pablo Escobutt,Non-Starter,Pierre Thomas,SF,RB|W/R/T
13,10.35,Pablo Escobutt,Non-Starter,Nate Washington,Hou,WR|W/R/T
13,22.35,Pablo Escobutt,Non-Starter,Donnie Avery,KC,WR|W/R/T
13,10.0,Pablo Escobutt,Starter,Pittsburgh Steelers,Pit,DEF
14,19.68,Pablo Escobutt,Starter,Matt Ryan,Ind,QB
14,13.4,Pablo Escobutt,Starter,Reggie Wayne,Ind,WR|W/R/T
14,9.55,Pablo Escobutt,Starter,Demaryius Thomas,NE,WR|W/R/T
14,20.35,Pablo Escobutt,Starter,Ray Rice,Bal,RB|W/R/T
14,3.3,Pablo Escobutt,Starter,Ahmad Bradshaw,Ind,RB|W/R/T
14,10.45,Pablo Escobutt,Starter,Martellus Bennett,GB,TE|W/R/T
14,7.9,Pablo Escobutt,Starter,Jacquizz Rodgers,TB,RB|W/R/T
14,24.95,Pablo Escobutt,Non-Starter,Mike Wallace,Phi,WR|W/R/T
14,0.0,Pablo Escobutt,Non-Starter,Willis McGahee,Cle,RB|W/R/T
14,0.0,Pablo Escobutt,Non-Starter,Rob Gronkowski,TB,TE|W/R/T
14,12.38,Pablo Escobutt,Non-Starter,Ryan Fitzpatrick,Was,QB
14,9.35,Pablo Escobutt,Non-Starter,Pierre Thomas,SF,RB|W/R/T
14,1.75,Pablo Escobutt,Non-Starter,Nate Washington,Hou,WR|W/R/T
14,4.15,Pablo Escobutt,Non-Starter,Donnie Avery,KC,WR|W/R/T
14,3.0,Pablo Escobutt,Starter,Pittsburgh Steelers,Pit,DEF
15,22.7,Pablo Escobutt,Starter,Matt Ryan,Ind,QB
15,2.15,Pablo Escobutt,Starter,Reggie Wayne,Ind,WR|W/R/T
15,2.3,Pablo Escobutt,Starter,Demaryius Thomas,NE,WR|W/R/T
15,4.85,Pablo Escobutt,Starter,Ray Rice,Bal,RB|W/R/T
15,0.0,Pablo Escobutt,Starter,Ahmad Bradshaw,Ind,RB|W/R/T
15,1.75,Pablo Escobutt,Starter,Martellus Bennett,GB,TE|W/R/T
15,4.15,Pablo Escobutt,Starter,Jacquizz Rodgers,TB,RB|W/R/T
15,10.5,Pablo Escobutt,Non-Starter,Mike Wallace,Phi,WR|W/R/T
15,0.0,Pablo Escobutt,Non-Starter,Willis McGahee,Cle,RB|W/R/T
15,0.0,Pablo Escobutt,Non-Starter,Rob Gronkowski,TB,TE|W/R/T
15,5.48,Pablo Escobutt,Non-Starter,Ryan Fitzpatrick,Was,QB
15,4.65,Pablo Escobutt,Non-Starter,Pierre Thomas,SF,RB|W/R/T
15,7.2,Pablo Escobutt,Non-Starter,Nate Washington,Hou,WR|W/R/T
15,4.45,Pablo Escobutt,Non-Starter,Donnie Avery,KC,WR|W/R/T
15,6.0,Pablo Escobutt,Starter,Pittsburgh Steelers,Pit,DEF
16,29.66,Pablo Escobutt,Starter,Matt Ryan,Ind,QB
16,15.35,Pablo Escobutt,Starter,Reggie Wayne,Ind,WR|W/R/T
16,18.45,Pablo Escobutt,Starter,Demaryius Thomas,NE,WR|W/R/T
16,23.3,Pablo Escobutt,Starter,Ray Rice,Bal,RB|W/R/T
16,4.95,Pablo Escobutt,Starter,Ahmad Bradshaw,Ind,RB|W/R/T
16,3.7,Pablo Escobutt,Starter,Martellus Bennett,GB,TE|W/R/T
16,2.75,Pablo Escobutt,Starter,Jacquizz Rodgers,TB,RB|W/R/T
16,1.45,Pablo Escobutt,Non-Starter,Mike Wallace,Phi,WR|W/R/T
16,0.0,Pablo Escobutt,Non-Starter,Willis McGahee,Cle,RB|W/R/T
16,0.0,Pablo Escobutt,Non-Starter,Rob Gronkowski,TB,TE|W/R/T
16,11.4,Pablo Escobutt,Non-Starter,Ryan Fitzpatrick,Was,QB
16,15.45,Pablo Escobutt,Non-Starter,Pierre Thomas,SF,RB|W/R/T
16,2.0,Pablo Escobutt,Non-Starter,Nate Washington,Hou,WR|W/R/T
16,5.05,Pablo Escobutt,Non-Starter,Donnie Avery,KC,WR|W/R/T
16,20.5,Pablo Escobutt,Starter,Pittsburgh Steelers,Pit,DEF
1,14.2,Kitten Mittons,Starter,Ben Roethlisberger,Pit,QB
1,24.3,Kitten Mittons,Starter,Julio Jones,Phi,WR|W/R/T
1,5.7,Kitten Mittons,Starter,Vincent Jackson,TB,WR|W/R/T
1,13.1,Kitten Mittons,Starter,LeSean McCoy,TB,RB|W/R/T
1,3.2,Kitten Mittons,Starter,Michael Turner,Atl,RB|W/R/T
1,16.0,Kitten Mittons,Starter,Jimmy Graham,NO,TE|W/R/T
1,8.45,Kitten Mittons,Starter,Danny Amendola,Hou,WR|W/R/T
1,0.65,Kitten Mittons,Non-Starter,DeAngelo Williams,Pit,RB|W/R/T
1,2.75,Kitten Mittons,Non-Starter,Titus Young,Det,WR|W/R/T
1,1.25,Kitten Mittons,Non-Starter,LeGarrette Blount,Det,RB|W/R/T
1,7.5,Kitten Mittons,Non-Starter,Brent Celek,Phi,TE|W/R/T
1,17.88,Kitten Mittons,Non-Starter,Carson Palmer,Ari,QB
1,3.9,Kitten Mittons,Non-Starter,Mario Manningham,SF,WR|W/R/T
1,0.0,Kitten Mittons,Non-Starter,LaMichael James,Mia,RB|W/R/T
1,7.0,Kitten Mittons,Starter,San Francisco 49ers,SF,DEF
2,19.0,Kitten Mittons,Starter,Ben Roethlisberger,Pit,QB
2,2.5,Kitten Mittons,Starter,Julio Jones,Phi,WR|W/R/T
2,20.05,Kitten Mittons,Starter,Vincent Jackson,TB,WR|W/R/T
2,13.4,Kitten Mittons,Starter,LeSean McCoy,TB,RB|W/R/T
2,10.45,Kitten Mittons,Starter,Michael Turner,Atl,RB|W/R/T
2,14.85,Kitten Mittons,Starter,Jimmy Graham,NO,TE|W/R/T
2,23.75,Kitten Mittons,Starter,Danny Amendola,Hou,WR|W/R/T
2,12.9,Kitten Mittons,Non-Starter,DeAngelo Williams,Pit,RB|W/R/T
2,1.35,Kitten Mittons,Non-Starter,Titus Young,Det,WR|W/R/T
2,0.0,Kitten Mittons,Non-Starter,LeGarrette Blount,Det,RB|W/R/T
2,17.7,Kitten Mittons,Non-Starter,Brent Celek,Phi,TE|W/R/T
2,17.62,Kitten Mittons,Non-Starter,Carson Palmer,Ari,QB
2,6.45,Kitten Mittons,Non-Starter,Mario Manningham,SF,WR|W/R/T
2,0.0,Kitten Mittons,Non-Starter,LaMichael James,Mia,RB|W/R/T
2,6.0,Kitten Mittons,Starter,San Francisco 49ers,SF,DEF
3,32.16,Kitten Mittons,Starter,Ben Roethlisberger,Pit,QB
3,13.95,Kitten Mittons,Starter,Julio Jones,Phi,WR|W/R/T
3,3.15,Kitten Mittons,Starter,Vincent Jackson,TB,WR|W/R/T
3,8.55,Kitten Mittons,Starter,LeSean McCoy,TB,RB|W/R/T
3,14.6,Kitten Mittons,Starter,Michael Turner,Atl,RB|W/R/T
3,8.6,Kitten Mittons,Starter,Jimmy Graham,NO,TE|W/R/T
3,7.85,Kitten Mittons,Starter,Danny Amendola,Hou,WR|W/R/T
3,7.8,Kitten Mittons,Non-Starter,DeAngelo Williams,Pit,RB|W/R/T
3,15.0,Kitten Mittons,Non-Starter,Titus Young,Det,WR|W/R/T
3,1.9,Kitten Mittons,Non-Starter,LeGarrette Blount,Det,RB|W/R/T
3,4.1,Kitten Mittons,Non-Starter,Brent Celek,Phi,TE|W/R/T
3,18.86,Kitten Mittons,Non-Starter,Carson Palmer,Ari,QB
3,6.85,Kitten Mittons,Non-Starter,Mario Manningham,SF,WR|W/R/T
3,0.0,Kitten Mittons,Non-Starter,LaMichael James,Mia,RB|W/R/T
3,6.5,Kitten Mittons,Starter,San Francisco 49ers,SF,DEF
4,8.08,Kitten Mittons,Starter,Carson Palmer,Ari,QB
4,3.25,Kitten Mittons,Starter,Julio Jones,Phi,WR|W/R/T
4,17.5,Kitten Mittons,Starter,Vincent Jackson,TB,WR|W/R/T
4,14.75,Kitten Mittons,Starter,LeSean McCoy,TB,RB|W/R/T
4,23.85,Kitten Mittons,Starter,Michael Turner,Atl,RB|W/R/T
4,9.35,Kitten Mittons,Starter,Jimmy Graham,NO,TE|W/R/T
4,13.6,Kitten Mittons,Starter,Danny Amendola,Hou,WR|W/R/T
4,0.0,Kitten Mittons,Non-Starter,Ben Roethlisberger,Pit,QB
4,11.35,Kitten Mittons,Non-Starter,DeAngelo Williams,Pit,RB|W/R/T
4,2.45,Kitten Mittons,Non-Starter,Titus Young,Det,WR|W/R/T
4,7.7,Kitten Mittons,Non-Starter,LeGarrette Blount,Det,RB|W/R/T
4,6.7,Kitten Mittons,Non-Starter,Brent Celek,Phi,TE|W/R/T
4,8.25,Kitten Mittons,Non-Starter,Mario Manningham,SF,WR|W/R/T
4,0.0,Kitten Mittons,Non-Starter,LaMichael James,Mia,RB|W/R/T
4,33.5,Kitten Mittons,Starter,San Francisco 49ers,SF,DEF
5,14.2,Kitten Mittons,Starter,Ben Roethlisberger,Pit,QB
5,18.0,Kitten Mittons,Starter,Julio Jones,Phi,WR|W/R/T
5,9.6,Kitten Mittons,Starter,Mario Manningham,SF,WR|W/R/T
5,15.0,Kitten Mittons,Starter,LeSean McCoy,TB,RB|W/R/T
5,13.4,Kitten Mittons,Starter,Michael Turner,Atl,RB|W/R/T
5,0.65,Kitten Mittons,Starter,Jimmy Graham,NO,TE|W/R/T
5,4.65,Kitten Mittons,Starter,Danny Amendola,Hou,WR|W/R/T
5,0.0,Kitten Mittons,Non-Starter,Carson Palmer,Ari,QB
5,0.0,Kitten Mittons,Non-Starter,Vincent Jackson,TB,WR|W/R/T
5,-1.4,Kitten Mittons,Non-Starter,DeAngelo Williams,Pit,RB|W/R/T
5,0.0,Kitten Mittons,Non-Starter,Titus Young,Det,WR|W/R/T
5,0.0,Kitten Mittons,Non-Starter,LeGarrette Blount,Det,RB|W/R/T
5,7.65,Kitten Mittons,Non-Starter,Brent Celek,Phi,TE|W/R/T
5,10.65,Kitten Mittons,Non-Starter,Jeremy Kerley,Buf,WR|W/R/T
5,15.0,Kitten Mittons,Starter,San Francisco 49ers,SF,DEF
6,17.92,Kitten Mittons,Starter,Ben Roethlisberger,Pit,QB
6,7.3,Kitten Mittons,Starter,Julio Jones,Phi,WR|W/R/T
6,19.6,Kitten Mittons,Starter,Vincent Jackson,TB,WR|W/R/T
6,12.55,Kitten Mittons,Starter,LeSean McCoy,TB,RB|W/R/T
6,4.15,Kitten Mittons,Starter,Michael Turner,Atl,RB|W/R/T
6,4.3,Kitten Mittons,Starter,Brent Celek,Phi,TE|W/R/T
6,9.15,Kitten Mittons,Starter,Mario Manningham,SF,WR|W/R/T
6,3.15,Kitten Mittons,Non-Starter,Jeremy Kerley,Buf,WR|W/R/T
6,0.0,Kitten Mittons,Non-Starter,Danny Amendola,Hou,WR|W/R/T
6,0.0,Kitten Mittons,Non-Starter,Jimmy Graham,NO,TE|W/R/T
6,12.12,Kitten Mittons,Non-Starter,Carson Palmer,Ari,QB
6,0.0,Kitten Mittons,Non-Starter,DeAngelo Williams,Pit,RB|W/R/T
6,1.1,Kitten Mittons,Non-Starter,Titus Young,Det,WR|W/R/T
6,11.8,Kitten Mittons,Non-Starter,LeGarrette Blount,Det,RB|W/R/T
6,5.5,Kitten Mittons,Starter,San Francisco 49ers,SF,DEF
7,13.02,Kitten Mittons,Starter,Ben Roethlisberger,Pit,QB
7,29.35,Kitten Mittons,Starter,Vincent Jackson,TB,WR|W/R/T
7,13.95,Kitten Mittons,Starter,Jeremy Kerley,Buf,WR|W/R/T
7,0.4,Kitten Mittons,Starter,DeAngelo Williams,Pit,RB|W/R/T
7,-0.2,Kitten Mittons,Starter,LeGarrette Blount,Det,RB|W/R/T
7,4.55,Kitten Mittons,Starter,Dennis Pitta,Bal,TE|W/R/T
7,9.6,Kitten Mittons,Starter,Titus Young,Det,WR|W/R/T
7,0.0,Kitten Mittons,Non-Starter,Jimmy Graham,NO,TE|W/R/T
7,0.0,Kitten Mittons,Non-Starter,Danny Amendola,Hou,WR|W/R/T
7,0.0,Kitten Mittons,Non-Starter,Julio Jones,Phi,WR|W/R/T
7,0.0,Kitten Mittons,Non-Starter,LeSean McCoy,TB,RB|W/R/T
7,0.0,Kitten Mittons,Non-Starter,Michael Turner,Atl,RB|W/R/T
7,0.0,Kitten Mittons,Non-Starter,Mario Manningham,SF,WR|W/R/T
7,19.32,Kitten Mittons,Non-Starter,Carson Palmer,Ari,QB
7,13.0,Kitten Mittons,Starter,San Francisco 49ers,SF,DEF
8,21.48,Kitten Mittons,Starter,Ben Roethlisberger,Pit,QB
8,4.5,Kitten Mittons,Starter,Vincent Jackson,TB,WR|W/R/T
8,20.45,Kitten Mittons,Starter,Julio Jones,Phi,WR|W/R/T
8,19.45,Kitten Mittons,Starter,LeSean McCoy,TB,RB|W/R/T
8,6.65,Kitten Mittons,Starter,Michael Turner,Atl,RB|W/R/T
8,13.55,Kitten Mittons,Starter,Jimmy Graham,NO,TE|W/R/T
8,24.25,Kitten Mittons,Starter,Titus Young,Det,WR|W/R/T
8,5.55,Kitten Mittons,Non-Starter,Jeremy Kerley,Buf,WR|W/R/T
8,3.3,Kitten Mittons,Non-Starter,DeAngelo Williams,Pit,RB|W/R/T
8,1.6,Kitten Mittons,Non-Starter,LeGarrette Blount,Det,RB|W/R/T
8,0.0,Kitten Mittons,Non-Starter,Dennis Pitta,Bal,TE|W/R/T
8,0.0,Kitten Mittons,Non-Starter,Danny Amendola,Hou,WR|W/R/T
8,3.0,Kitten Mittons,Non-Starter,Mario Manningham,SF,WR|W/R/T
8,14.26,Kitten Mittons,Non-Starter,Carson Palmer,Ari,QB
8,19.0,Kitten Mittons,Starter,San Francisco 49ers,SF,DEF
9,12.54,Kitten Mittons,Starter,Ben Roethlisberger,Pit,QB
9,14.9,Kitten Mittons,Starter,Vincent Jackson,TB,WR|W/R/T
9,14.95,Kitten Mittons,Starter,Julio Jones,Phi,WR|W/R/T
9,13.8,Kitten Mittons,Starter,LeSean McCoy,TB,RB|W/R/T
9,16.2,Kitten Mittons,Starter,Michael Turner,Atl,RB|W/R/T
9,15.2,Kitten Mittons,Starter,Jimmy Graham,NO,TE|W/R/T
9,2.5,Kitten Mittons,Starter,Titus Young,Det,WR|W/R/T
9,0.0,Kitten Mittons,Non-Starter,Jeremy Kerley,Buf,WR|W/R/T
9,9.7,Kitten Mittons,Non-Starter,DeAngelo Williams,Pit,RB|W/R/T
9,0.5,Kitten Mittons,Non-Starter,LeGarrette Blount,Det,RB|W/R/T
9,3.8,Kitten Mittons,Non-Starter,Dennis Pitta,Bal,TE|W/R/T
9,0.0,Kitten Mittons,Non-Starter,Danny Amendola,Hou,WR|W/R/T
9,0.0,Kitten Mittons,Non-Starter,Mario Manningham,SF,WR|W/R/T
9,4.0,Kitten Mittons,Starter,Washington Commanders,Was,DEF
9,0.0,Kitten Mittons,Non-Starter,San Francisco 49ers,SF,DEF
10,8.76,Kitten Mittons,Starter,Ben Roethlisberger,Pit,QB
10,7.15,Kitten Mittons,Starter,Vincent Jackson,TB,WR|W/R/T
10,8.5,Kitten Mittons,Starter,Julio Jones,Phi,WR|W/R/T
10,11.2,Kitten Mittons,Starter,LeSean McCoy,TB,RB|W/R/T
10,1.5,Kitten Mittons,Starter,Michael Turner,Atl,RB|W/R/T
10,28.35,Kitten Mittons,Starter,Jimmy Graham,NO,TE|W/R/T
10,12.95,Kitten Mittons,Starter,Danny Amendola,Hou,WR|W/R/T
10,10.5,Kitten Mittons,Non-Starter,Titus Young,Det,WR|W/R/T
10,5.45,Kitten Mittons,Non-Starter,Jeremy Kerley,Buf,WR|W/R/T
10,2.55,Kitten Mittons,Non-Starter,DeAngelo Williams,Pit,RB|W/R/T
10,0.3,Kitten Mittons,Non-Starter,LeGarrette Blount,Det,RB|W/R/T
10,13.95,Kitten Mittons,Non-Starter,Dennis Pitta,Bal,TE|W/R/T
10,2.25,Kitten Mittons,Non-Starter,Mario Manningham,SF,WR|W/R/T
10,8.5,Kitten Mittons,Starter,San Francisco 49ers,SF,DEF
10,0.0,Kitten Mittons,Non-Starter,Washington Commanders,Was,DEF
11,14.4,Kitten Mittons,Starter,Brandon Weeden,Hou,QB
11,18.9,Kitten Mittons,Starter,Vincent Jackson,TB,WR|W/R/T
11,4.05,Kitten Mittons,Starter,Julio Jones,Phi,WR|W/R/T
11,10.7,Kitten Mittons,Starter,LeSean McCoy,TB,RB|W/R/T
11,10.6,Kitten Mittons,Starter,Michael Turner,Atl,RB|W/R/T
11,10.4,Kitten Mittons,Starter,Jimmy Graham,NO,TE|W/R/T
11,5.85,Kitten Mittons,Starter,Danny Amendola,Hou,WR|W/R/T
11,2.65,Kitten Mittons,Non-Starter,Titus Young,Det,WR|W/R/T
11,4.95,Kitten Mittons,Non-Starter,Jeremy Kerley,Buf,WR|W/R/T
11,1.8,Kitten Mittons,Non-Starter,DeAngelo Williams,Pit,RB|W/R/T
11,0.0,Kitten Mittons,Non-Starter,LeGarrette Blount,Det,RB|W/R/T
11,0.75,Kitten Mittons,Non-Starter,Dennis Pitta,Bal,TE|W/R/T
11,5.0,Kitten Mittons,Non-Starter,Mario Manningham,SF,WR|W/R/T
11,21.5,Kitten Mittons,Starter,San Francisco 49ers,SF,DEF
11,23.5,Kitten Mittons,Non-Starter,Washington Commanders,Was,DEF
12,6.96,Kitten Mittons,Starter,Christian Ponder,SF,QB
12,10.85,Kitten Mittons,Starter,Vincent Jackson,TB,WR|W/R/T
12,22.2,Kitten Mittons,Starter,Julio Jones,Phi,WR|W/R/T
12,9.75,Kitten Mittons,Starter,Michael Turner,Atl,RB|W/R/T
12,2.1,Kitten Mittons,Starter,DeAngelo Williams,Pit,RB|W/R/T
12,4.3,Kitten Mittons,Starter,Jimmy Graham,NO,TE|W/R/T
12,8.15,Kitten Mittons,Starter,Mario Manningham,SF,WR|W/R/T
12,4.05,Kitten Mittons,Non-Starter,Danny Amendola,Hou,WR|W/R/T
12,0.0,Kitten Mittons,Non-Starter,LeSean McCoy,TB,RB|W/R/T
12,0.0,Kitten Mittons,Non-Starter,Titus Young,Det,WR|W/R/T
12,10.35,Kitten Mittons,Non-Starter,Jeremy Kerley,Buf,WR|W/R/T
12,0.0,Kitten Mittons,Non-Starter,Ben Roethlisberger,Pit,QB
12,4.9,Kitten Mittons,Non-Starter,Ronnie Brown,Hou,RB|W/R/T
12,19.94,Kitten Mittons,Non-Starter,Colin Kaepernick,SF,QB
12,24.0,Kitten Mittons,Starter,San Francisco 49ers,SF,DEF
13,14.72,Kitten Mittons,Starter,Colin Kaepernick,SF,QB
13,6.05,Kitten Mittons,Starter,Julio Jones,Phi,WR|W/R/T
13,6.25,Kitten Mittons,Starter,Vincent Jackson,TB,WR|W/R/T
13,13.25,Kitten Mittons,Starter,Michael Turner,Atl,RB|W/R/T
13,7.05,Kitten Mittons,Starter,DeAngelo Williams,Pit,RB|W/R/T
13,6.9,Kitten Mittons,Starter,Jimmy Graham,NO,TE|W/R/T
13,4.95,Kitten Mittons,Starter,Mario Manningham,SF,WR|W/R/T
13,0.0,Kitten Mittons,Non-Starter,Titus Young,Det,WR|W/R/T
13,3.7,Kitten Mittons,Non-Starter,Ronnie Brown,Hou,RB|W/R/T
13,7.56,Kitten Mittons,Non-Starter,Christian Ponder,SF,QB
13,0.0,Kitten Mittons,Non-Starter,Danny Amendola,Hou,WR|W/R/T
13,0.0,Kitten Mittons,Non-Starter,LeSean McCoy,TB,RB|W/R/T
13,4.45,Kitten Mittons,Non-Starter,Jeremy Kerley,Buf,WR|W/R/T
13,0.0,Kitten Mittons,Non-Starter,Ben Roethlisberger,Pit,QB
13,10.5,Kitten Mittons,Starter,San Francisco 49ers,SF,DEF
14,18.7,Kitten Mittons,Starter,Colin Kaepernick,SF,QB
14,13.85,Kitten Mittons,Starter,Julio Jones,Phi,WR|W/R/T
14,20.6,Kitten Mittons,Starter,Vincent Jackson,TB,WR|W/R/T
14,7.4,Kitten Mittons,Starter,Michael Turner,Atl,RB|W/R/T
14,17.7,Kitten Mittons,Starter,DeAngelo Williams,Pit,RB|W/R/T
14,6.85,Kitten Mittons,Starter,Jimmy Graham,NO,TE|W/R/T
14,1.1,Kitten Mittons,Starter,Golden Tate,Ten,WR|W/R/T
14,0.0,Kitten Mittons,Non-Starter,Mario Manningham,SF,WR|W/R/T
14,0.0,Kitten Mittons,Non-Starter,Titus Young,Det,WR|W/R/T
14,2.65,Kitten Mittons,Non-Starter,Ronnie Brown,Hou,RB|W/R/T
14,1.64,Kitten Mittons,Non-Starter,Christian Ponder,SF,QB
14,0.0,Kitten Mittons,Non-Starter,Danny Amendola,Hou,WR|W/R/T
14,0.0,Kitten Mittons,Non-Starter,LeSean McCoy,TB,RB|W/R/T
14,22.5,Kitten Mittons,Non-Starter,Ben Roethlisberger,Pit,QB
14,10.0,Kitten Mittons,Starter,San Francisco 49ers,SF,DEF
15,25.64,Kitten Mittons,Starter,Colin Kaepernick,SF,QB
15,22.7,Kitten Mittons,Starter,Julio Jones,Phi,WR|W/R/T
15,9.6,Kitten Mittons,Starter,Vincent Jackson,TB,WR|W/R/T
15,12.35,Kitten Mittons,Starter,Michael Turner,Atl,RB|W/R/T
15,18.9,Kitten Mittons,Starter,DeAngelo Williams,Pit,RB|W/R/T
15,8.15,Kitten Mittons,Starter,Jimmy Graham,NO,TE|W/R/T
15,7.15,Kitten Mittons,Starter,Golden Tate,Ten,WR|W/R/T
15,0.0,Kitten Mittons,Non-Starter,Mario Manningham,SF,WR|W/R/T
15,0.0,Kitten Mittons,Non-Starter,Titus Young,Det,WR|W/R/T
15,0.0,Kitten Mittons,Non-Starter,Ronnie Brown,Hou,RB|W/R/T
15,11.84,Kitten Mittons,Non-Starter,Christian Ponder,SF,QB
15,15.3,Kitten Mittons,Non-Starter,Danny Amendola,Hou,WR|W/R/T
15,0.0,Kitten Mittons,Non-Starter,LeSean McCoy,TB,RB|W/R/T
15,19.76,Kitten Mittons,Non-Starter,Ben Roethlisberger,Pit,QB
15,14.0,Kitten Mittons,Starter,San Francisco 49ers,SF,DEF
1,23.48,Cock Salad,Starter,Tony Romo,Dal,QB
1,14.3,Cock Salad,Starter,Miles Austin,Phi,WR|W/R/T
1,9.65,Cock Salad,Starter,Jordy Nelson,LV,WR|W/R/T
1,6.6,Cock Salad,Starter,Chris Johnson,Ari,RB|W/R/T
1,1.5,Cock Salad,Starter,Fred Jackson,Sea,RB|W/R/T
1,5.3,Cock Salad,Starter,Antonio Gates,LAC,TE|W/R/T
1,15.4,Cock Salad,Starter,Shonn Greene,Ten,RB|W/R/T
1,9.35,Cock Salad,Non-Starter,Michael Crabtree,Ari,WR|W/R/T
1,1.3,Cock Salad,Non-Starter,Mike Goodson,NYJ,RB|W/R/T
1,10.82,Cock Salad,Non-Starter,Josh Freeman,Ind,QB
1,0.0,Cock Salad,Non-Starter,Brian Quick,Was,WR|W/R/T
1,0.0,Cock Salad,Non-Starter,Rashard Mendenhall,Ari,RB|W/R/T
1,0.0,Cock Salad,Non-Starter,Brandon Jacobs,NYG,RB|W/R/T
1,0.0,Cock Salad,Non-Starter,Chad Johnson,NE,WR|W/R/T
1,17.5,Cock Salad,Starter,Houston Texans,Hou,DEF
2,11.94,Cock Salad,Starter,Tony Romo,Dal,QB
2,13.55,Cock Salad,Starter,Miles Austin,Phi,WR|W/R/T
2,9.9,Cock Salad,Starter,Jordy Nelson,LV,WR|W/R/T
2,3.3,Cock Salad,Starter,Chris Johnson,Ari,RB|W/R/T
2,14.45,Cock Salad,Starter,Mike Goodson,NYJ,RB|W/R/T
2,2.0,Cock Salad,Starter,Fred Davis,Was,TE|W/R/T
2,2.3,Cock Salad,Starter,Shonn Greene,Ten,RB|W/R/T
2,0.0,Cock Salad,Non-Starter,Antonio Gates,LAC,TE|W/R/T
2,0.0,Cock Salad,Non-Starter,Rashard Mendenhall,Ari,RB|W/R/T
2,0.0,Cock Salad,Non-Starter,Fred Jackson,Sea,RB|W/R/T
2,8.2,Cock Salad,Non-Starter,Michael Crabtree,Ari,WR|W/R/T
2,13.72,Cock Salad,Non-Starter,Josh Freeman,Ind,QB
2,0.0,Cock Salad,Non-Starter,Brian Quick,Was,WR|W/R/T
2,0.0,Cock Salad,Non-Starter,Brandon Jacobs,NYG,RB|W/R/T
2,15.0,Cock Salad,Starter,Houston Texans,Hou,DEF
3,5.57,Cock Salad,Starter,Tony Romo,Dal,QB
3,11.95,Cock Salad,Starter,Miles Austin,Phi,WR|W/R/T
3,2.4,Cock Salad,Starter,Jordy Nelson,LV,WR|W/R/T
3,3.15,Cock Salad,Starter,Chris Johnson,Ari,RB|W/R/T
3,0.1,Cock Salad,Starter,Mike Goodson,NYJ,RB|W/R/T
3,2.95,Cock Salad,Starter,Antonio Gates,LAC,TE|W/R/T
3,5.4,Cock Salad,Starter,Shonn Greene,Ten,RB|W/R/T
3,10.75,Cock Salad,Non-Starter,Fred Davis,Was,TE|W/R/T
3,0.0,Cock Salad,Non-Starter,Rashard Mendenhall,Ari,RB|W/R/T
3,0.0,Cock Salad,Non-Starter,Fred Jackson,Sea,RB|W/R/T
3,5.5,Cock Salad,Non-Starter,Michael Crabtree,Ari,WR|W/R/T
3,6.5,Cock Salad,Non-Starter,Josh Freeman,Ind,QB
3,0.0,Cock Salad,Non-Starter,Brian Quick,Was,WR|W/R/T
3,0.0,Cock Salad,Non-Starter,Brandon Jacobs,NYG,RB|W/R/T
3,10.0,Cock Salad,Starter,Houston Texans,Hou,DEF
4,2.28,Cock Salad,Starter,Tony Romo,Dal,QB
4,12.7,Cock Salad,Starter,Miles Austin,Phi,WR|W/R/T
4,17.3,Cock Salad,Starter,Jordy Nelson,LV,WR|W/R/T
4,16.2,Cock Salad,Starter,Chris Johnson,Ari,RB|W/R/T
4,2.45,Cock Salad,Starter,Mike Goodson,NYJ,RB|W/R/T
4,6.65,Cock Salad,Starter,Antonio Gates,LAC,TE|W/R/T
4,3.4,Cock Salad,Starter,Shonn Greene,Ten,RB|W/R/T
4,8.0,Cock Salad,Non-Starter,Fred Davis,Was,TE|W/R/T
4,0.0,Cock Salad,Non-Starter,Rashard Mendenhall,Ari,RB|W/R/T
4,6.65,Cock Salad,Non-Starter,Fred Jackson,Sea,RB|W/R/T
4,2.0,Cock Salad,Non-Starter,Michael Crabtree,Ari,WR|W/R/T
4,14.76,Cock Salad,Non-Starter,Josh Freeman,Ind,QB
4,2.15,Cock Salad,Non-Starter,Brian Quick,Was,WR|W/R/T
4,0.0,Cock Salad,Non-Starter,Brandon Jacobs,NYG,RB|W/R/T
4,26.0,Cock Salad,Starter,Houston Texans,Hou,DEF
5,29.02,Cock Salad,Starter,Alex Smith,Was,QB
5,3.4,Cock Salad,Starter,Jordy Nelson,LV,WR|W/R/T
5,18.8,Cock Salad,Starter,Michael Crabtree,Ari,WR|W/R/T
5,1.15,Cock Salad,Starter,Chris Johnson,Ari,RB|W/R/T
5,3.65,Cock Salad,Starter,Fred Jackson,Sea,RB|W/R/T
5,2.65,Cock Salad,Starter,Antonio Gates,LAC,TE|W/R/T
5,4.75,Cock Salad,Starter,Shonn Greene,Ten,RB|W/R/T
5,0.0,Cock Salad,Non-Starter,Tony Romo,Dal,QB
5,0.0,Cock Salad,Non-Starter,Miles Austin,Phi,WR|W/R/T
5,0.0,Cock Salad,Non-Starter,Mike Goodson,NYJ,RB|W/R/T
5,6.65,Cock Salad,Non-Starter,Fred Davis,Was,TE|W/R/T
5,16.85,Cock Salad,Non-Starter,Rashard Mendenhall,Ari,RB|W/R/T
5,0.0,Cock Salad,Non-Starter,Josh Freeman,Ind,QB
5,0.0,Cock Salad,Non-Starter,Brandon Jacobs,NYG,RB|W/R/T
5,10.5,Cock Salad,Starter,Houston Texans,Hou,DEF
6,2.5,Cock Salad,Starter,Alex Smith,Was,QB
6,32.35,Cock Salad,Starter,Jordy Nelson,LV,WR|W/R/T
6,3.35,Cock Salad,Starter,Michael Crabtree,Ari,WR|W/R/T
6,12.4,Cock Salad,Starter,Chris Johnson,Ari,RB|W/R/T
6,34.1,Cock Salad,Starter,Shonn Greene,Ten,RB|W/R/T
6,5.35,Cock Salad,Starter,Fred Davis,Was,TE|W/R/T
6,3.6,Cock Salad,Starter,Miles Austin,Phi,WR|W/R/T
6,13.55,Cock Salad,Non-Starter,Fred Jackson,Sea,RB|W/R/T
6,21.6,Cock Salad,Non-Starter,Antonio Gates,LAC,TE|W/R/T
6,16.44,Cock Salad,Non-Starter,Tony Romo,Dal,QB
6,9.85,Cock Salad,Non-Starter,Mike Goodson,NYJ,RB|W/R/T
6,1.95,Cock Salad,Non-Starter,Rashard Mendenhall,Ari,RB|W/R/T
6,23.62,Cock Salad,Non-Starter,Josh Freeman,Ind,QB
6,0.0,Cock Salad,Non-Starter,Brandon Jacobs,NYG,RB|W/R/T
6,10.0,Cock Salad,Starter,Houston Texans,Hou,DEF
7,8.7,Cock Salad,Starter,Alex Smith,Was,QB
7,20.2,Cock Salad,Starter,Jordy Nelson,LV,WR|W/R/T
7,4.1,Cock Salad,Starter,Michael Crabtree,Ari,WR|W/R/T
7,32.05,Cock Salad,Starter,Chris Johnson,Ari,RB|W/R/T
7,16.3,Cock Salad,Starter,Shonn Greene,Ten,RB|W/R/T
7,0.0,Cock Salad,Starter,Antonio Gates,LAC,TE|W/R/T
7,14.95,Cock Salad,Starter,Miles Austin,Phi,WR|W/R/T
7,1.55,Cock Salad,Non-Starter,Fred Davis,Was,TE|W/R/T
7,20.0,Cock Salad,Non-Starter,Fred Jackson,Sea,RB|W/R/T
7,14.18,Cock Salad,Non-Starter,Tony Romo,Dal,QB
7,0.85,Cock Salad,Non-Starter,Mike Goodson,NYJ,RB|W/R/T
7,0.0,Cock Salad,Non-Starter,Rashard Mendenhall,Ari,RB|W/R/T
7,30.1,Cock Salad,Non-Starter,Josh Freeman,Ind,QB
7,0.0,Cock Salad,Non-Starter,Brandon Jacobs,NYG,RB|W/R/T
7,25.5,Cock Salad,Starter,Houston Texans,Hou,DEF
8,17.48,Cock Salad,Starter,Tony Romo,Dal,QB
8,0.0,Cock Salad,Starter,Jordy Nelson,LV,WR|W/R/T
8,21.25,Cock Salad,Starter,Michael Crabtree,Ari,WR|W/R/T
8,12.2,Cock Salad,Starter,Chris Johnson,Ari,RB|W/R/T
8,11.1,Cock Salad,Starter,Shonn Greene,Ten,RB|W/R/T
8,1.9,Cock Salad,Starter,Antonio Gates,LAC,TE|W/R/T
8,15.55,Cock Salad,Starter,Miles Austin,Phi,WR|W/R/T
8,21.88,Cock Salad,Non-Starter,Alex Smith,Was,QB
8,0.0,Cock Salad,Non-Starter,Fred Jackson,Sea,RB|W/R/T
8,2.2,Cock Salad,Non-Starter,Mike Goodson,NYJ,RB|W/R/T
8,0.0,Cock Salad,Non-Starter,Rashard Mendenhall,Ari,RB|W/R/T
8,22.38,Cock Salad,Non-Starter,Josh Freeman,Ind,QB
8,0.0,Cock Salad,Non-Starter,Chris Cooley,Was,TE|W/R/T
8,8.5,Cock Salad,Starter,Denver Broncos,Den,DEF
8,0.0,Cock Salad,Non-Starter,Houston Texans,Hou,DEF
9,18.08,Cock Salad,Starter,Josh Freeman,Ind,QB
9,0.0,Cock Salad,Starter,Jordy Nelson,LV,WR|W/R/T
9,9.35,Cock Salad,Starter,Miles Austin,Phi,WR|W/R/T
9,18.1,Cock Salad,Starter,Chris Johnson,Ari,RB|W/R/T
9,0.0,Cock Salad,Starter,Shonn Greene,Ten,RB|W/R/T
9,11.05,Cock Salad,Starter,Antonio Gates,LAC,TE|W/R/T
9,6.7,Cock Salad,Starter,Mike Goodson,NYJ,RB|W/R/T
9,0.0,Cock Salad,Non-Starter,Michael Crabtree,Ari,WR|W/R/T
9,16.84,Cock Salad,Non-Starter,Tony Romo,Dal,QB
9,0.0,Cock Salad,Non-Starter,Alex Smith,Was,QB
9,4.75,Cock Salad,Non-Starter,Fred Jackson,Sea,RB|W/R/T
9,0.0,Cock Salad,Non-Starter,Rashard Mendenhall,Ari,RB|W/R/T
9,0.0,Cock Salad,Non-Starter,Chris Cooley,Was,TE|W/R/T
9,17.0,Cock Salad,Starter,Denver Broncos,Den,DEF
9,15.0,Cock Salad,Non-Starter,Houston Texans,Hou,DEF
10,16.8,Cock Salad,Starter,Josh Freeman,Ind,QB
10,3.7,Cock Salad,Starter,Miles Austin,Phi,WR|W/R/T
10,14.25,Cock Salad,Starter,Michael Crabtree,Ari,WR|W/R/T
10,19.65,Cock Salad,Starter,Chris Johnson,Ari,RB|W/R/T
10,6.55,Cock Salad,Starter,Shonn Greene,Ten,RB|W/R/T
10,12.7,Cock Salad,Starter,Antonio Gates,LAC,TE|W/R/T
10,22.5,Cock Salad,Starter,Fred Jackson,Sea,RB|W/R/T
10,0.0,Cock Salad,Non-Starter,Jordy Nelson,LV,WR|W/R/T
10,0.0,Cock Salad,Non-Starter,Mike Goodson,NYJ,RB|W/R/T
10,16.26,Cock Salad,Non-Starter,Tony Romo,Dal,QB
10,7.38,Cock Salad,Non-Starter,Alex Smith,Was,QB
10,0.0,Cock Salad,Non-Starter,Rashard Mendenhall,Ari,RB|W/R/T
10,0.0,Cock Salad,Non-Starter,Chris Cooley,Was,TE|W/R/T
10,19.0,Cock Salad,Starter,Houston Texans,Hou,DEF
10,34.5,Cock Salad,Non-Starter,Denver Broncos,Den,DEF
11,20.62,Cock Salad,Starter,Josh Freeman,Ind,QB
11,7.3,Cock Salad,Starter,Miles Austin,Phi,WR|W/R/T
11,9.85,Cock Salad,Starter,Michael Crabtree,Ari,WR|W/R/T
11,6.4,Cock Salad,Starter,Shonn Greene,Ten,RB|W/R/T
11,0.0,Cock Salad,Starter,Fred Jackson,Sea,RB|W/R/T
11,2.2,Cock Salad,Starter,Antonio Gates,LAC,TE|W/R/T
11,5.25,Cock Salad,Starter,Jordy Nelson,LV,WR|W/R/T
11,0.0,Cock Salad,Non-Starter,Chris Johnson,Ari,RB|W/R/T
11,0.0,Cock Salad,Non-Starter,Mike Goodson,NYJ,RB|W/R/T
11,15.52,Cock Salad,Non-Starter,Tony Romo,Dal,QB
11,0.0,Cock Salad,Non-Starter,Alex Smith,Was,QB
11,5.75,Cock Salad,Non-Starter,Rashard Mendenhall,Ari,RB|W/R/T
11,0.0,Cock Salad,Non-Starter,Chris Cooley,Was,TE|W/R/T
11,4.5,Cock Salad,Starter,Houston Texans,Hou,DEF
11,20.5,Cock Salad,Non-Starter,Denver Broncos,Den,DEF
12,28.34,Cock Salad,Starter,Tony Romo,Dal,QB
12,0.0,Cock Salad,Starter,Miles Austin,Phi,WR|W/R/T
12,3.35,Cock Salad,Starter,Michael Crabtree,Ari,WR|W/R/T
12,6.25,Cock Salad,Starter,Shonn Greene,Ten,RB|W/R/T
12,11.4,Cock Salad,Starter,Chris Johnson,Ari,RB|W/R/T
12,1.8,Cock Salad,Starter,Antonio Gates,LAC,TE|W/R/T
12,13.6,Cock Salad,Starter,Jordy Nelson,LV,WR|W/R/T
12,10.24,Cock Salad,Non-Starter,Josh Freeman,Ind,QB
12,2.65,Cock Salad,Non-Starter,Fred Jackson,Sea,RB|W/R/T
12,0.0,Cock Salad,Non-Starter,Mike Goodson,NYJ,RB|W/R/T
12,0.0,Cock Salad,Non-Starter,Alex Smith,Was,QB
12,-1.4,Cock Salad,Non-Starter,Rashard Mendenhall,Ari,RB|W/R/T
12,0.0,Cock Salad,Non-Starter,Chris Cooley,Was,TE|W/R/T
12,9.5,Cock Salad,Starter,Houston Texans,Hou,DEF
12,10.5,Cock Salad,Non-Starter,Denver Broncos,Den,DEF
13,25.52,Cock Salad,Starter,Tony Romo,Dal,QB
13,11.85,Cock Salad,Starter,Michael Crabtree,Ari,WR|W/R/T
13,1.25,Cock Salad,Starter,Jordy Nelson,LV,WR|W/R/T
13,10.4,Cock Salad,Starter,Shonn Greene,Ten,RB|W/R/T
13,6.1,Cock Salad,Starter,Chris Johnson,Ari,RB|W/R/T
13,6.4,Cock Salad,Starter,Antonio Gates,LAC,TE|W/R/T
13,12.4,Cock Salad,Starter,Fred Jackson,Sea,RB|W/R/T
13,11.1,Cock Salad,Non-Starter,Miles Austin,Phi,WR|W/R/T
13,14.38,Cock Salad,Non-Starter,Josh Freeman,Ind,QB
13,0.0,Cock Salad,Non-Starter,Mike Goodson,NYJ,RB|W/R/T
13,0.0,Cock Salad,Non-Starter,Alex Smith,Was,QB
13,0.0,Cock Salad,Non-Starter,Rashard Mendenhall,Ari,RB|W/R/T
13,0.0,Cock Salad,Non-Starter,Chris Cooley,Was,TE|W/R/T
13,27.5,Cock Salad,Starter,Houston Texans,Hou,DEF
13,11.0,Cock Salad,Non-Starter,Denver Broncos,Den,DEF
14,12.72,Cock Salad,Starter,Tony Romo,Dal,QB
14,11.55,Cock Salad,Starter,Michael Crabtree,Ari,WR|W/R/T
14,0.0,Cock Salad,Starter,Jordy Nelson,LV,WR|W/R/T
14,13.7,Cock Salad,Starter,Shonn Greene,Ten,RB|W/R/T
14,6.65,Cock Salad,Starter,Chris Johnson,Ari,RB|W/R/T
14,3.85,Cock Salad,Starter,Antonio Gates,LAC,TE|W/R/T
14,2.25,Cock Salad,Starter,Fred Jackson,Sea,RB|W/R/T
14,5.6,Cock Salad,Non-Starter,Miles Austin,Phi,WR|W/R/T
14,16.86,Cock Salad,Non-Starter,Josh Freeman,Ind,QB
14,0.0,Cock Salad,Non-Starter,Mike Goodson,NYJ,RB|W/R/T
14,0.0,Cock Salad,Non-Starter,Alex Smith,Was,QB
14,0.0,Cock Salad,Non-Starter,Rashard Mendenhall,Ari,RB|W/R/T
14,0.0,Cock Salad,Non-Starter,Chris Cooley,Was,TE|W/R/T
14,2.5,Cock Salad,Starter,Houston Texans,Hou,DEF
14,11.5,Cock Salad,Non-Starter,Denver Broncos,Den,DEF
15,21.24,Cock Salad,Starter,Tony Romo,Dal,QB
15,24.45,Cock Salad,Starter,Michael Crabtree,Ari,WR|W/R/T
15,0.0,Cock Salad,Starter,Jordy Nelson,LV,WR|W/R/T
15,7.4,Cock Salad,Starter,Shonn Greene,Ten,RB|W/R/T
15,18.2,Cock Salad,Starter,Chris Johnson,Ari,RB|W/R/T
15,10.1,Cock Salad,Starter,Antonio Gates,LAC,TE|W/R/T
15,0.0,Cock Salad,Starter,Fred Jackson,Sea,RB|W/R/T
15,9.65,Cock Salad,Non-Starter,Miles Austin,Phi,WR|W/R/T
15,1.96,Cock Salad,Non-Starter,Josh Freeman,Ind,QB
15,10.55,Cock Salad,Non-Starter,Mike Goodson,NYJ,RB|W/R/T
15,0.0,Cock Salad,Non-Starter,Alex Smith,Was,QB
15,0.0,Cock Salad,Non-Starter,Rashard Mendenhall,Ari,RB|W/R/T
15,0.0,Cock Salad,Non-Starter,Chris Cooley,Was,TE|W/R/T
15,22.0,Cock Salad,Starter,Houston Texans,Hou,DEF
15,19.5,Cock Salad,Non-Starter,Denver Broncos,Den,DEF
