1,37.18,Rashee Relegation,Starter,Josh Allen,Buf,QB
1,12.6,Rashee Relegation,Starter,Malik Nabers,NYG,WR|W/R/T
1,19.8,Rashee Relegation,Starter,Rashee Rice,KC,WR|W/R/T
1,8.7,Rashee Relegation,Starter,Tyjae Spears,Ten,RB|W/R/T
1,4.3,Rashee Relegation,Starter,Gus Edwards,LAC,RB|W/R/T
1,7.4,Rashee Relegation,Starter,Travis Kelce,KC,TE|W/R/T
1,6.6,Rashee Relegation,Starter,Andrei Iosivas,Cin,WR|W/R/T
1,6.8,Rashee Relegation,Non-Starter,Jaleel McLaughlin,Den,RB|W/R/T
1,0.0,Rashee Relegation,Non-Starter,Blake Corum,LAR,RB|W/R/T
1,10.6,Rashee Relegation,Non-Starter,Bucky Irving,TB,RB|W/R/T
1,6.0,Rashee Relegation,Starter,Cincinnati Bengals,Cin,DEF
2,11.76,Rashee Relegation,Starter,Josh Allen,Buf,QB
2,20.0,Rashee Relegation,Starter,Rashee Rice,KC,WR|W/R/T
2,3.1,Rashee Relegation,Starter,Greg Dortch,Ari,WR|W/R/T
2,6.1,Rashee Relegation,Starter,Tyjae Spears,Ten,RB|W/R/T
2,6.4,Rashee Relegation,Starter,Gus Edwards,LAC,RB|W/R/T
2,1.6,Rashee Relegation,Starter,Travis Kelce,KC,TE|W/R/T
2,32.2,Rashee Relegation,Starter,Malik Nabers,NYG,WR|W/R/T
2,1.1,Rashee Relegation,Non-Starter,Jaleel McLaughlin,Den,RB|W/R/T
2,3.8,Rashee Relegation,Non-Starter,Blake Corum,LAR,RB|W/R/T
2,2.2,Rashee Relegation,Non-Starter,Bucky Irving,TB,RB|W/R/T
2,16.0,Rashee Relegation,Starter,Los Angeles Chargers,LAC,DEF
3,41.42,Rashee Relegation,Starter,Josh Allen,Buf,QB
3,33.1,Rashee Relegation,Starter,Rashee Rice,KC,WR|W/R/T
3,31.2,Rashee Relegation,Starter,Malik Nabers,NYG,WR|W/R/T
3,0.9,Rashee Relegation,Starter,Gus Edwards,LAC,RB|W/R/T
3,13.4,Rashee Relegation,Starter,Bucky Irving,TB,RB|W/R/T
3,8.0,Rashee Relegation,Starter,Travis Kelce,KC,TE|W/R/T
3,50.0,Rashee Relegation,Starter,Jauan Jennings,SF,WR|W/R/T
3,11.1,Rashee Relegation,Non-Starter,Tyjae Spears,Ten,RB|W/R/T
3,0.0,Rashee Relegation,Non-Starter,Blake Corum,LAR,RB|W/R/T
3,10.8,Rashee Relegation,Non-Starter,Braelon Allen,NYJ,RB|W/R/T
3,10.5,Rashee Relegation,Starter,Los Angeles Chargers,LAC,DEF
4,8.3,Rashee Relegation,Starter,Josh Allen,Buf,QB
4,0.0,Rashee Relegation,Starter,Rashee Rice,KC,WR|W/R/T
4,25.6,Rashee Relegation,Starter,Malik Nabers,NYG,WR|W/R/T
4,7.6,Rashee Relegation,Starter,Braelon Allen,NYJ,RB|W/R/T
4,13.4,Rashee Relegation,Starter,Tyjae Spears,Ten,RB|W/R/T
4,16.9,Rashee Relegation,Starter,Travis Kelce,KC,TE|W/R/T
4,13.3,Rashee Relegation,Starter,Jauan Jennings,SF,WR|W/R/T
4,14.0,Rashee Relegation,Non-Starter,Bucky Irving,TB,RB|W/R/T
4,0.0,Rashee Relegation,Non-Starter,Blake Corum,LAR,RB|W/R/T
4,2.8,Rashee Relegation,Non-Starter,Quentin Johnston,LAC,WR|W/R/T
4,7.5,Rashee Relegation,Starter,Dallas Cowboys,Dal,DEF
5,18.14,Rashee Relegation,Starter,Josh Allen,Buf,QB
5,2.8,Rashee Relegation,Starter,Jauan Jennings,SF,WR|W/R/T
5,18.4,Rashee Relegation,Starter,Josh Downs,Ind,WR|W/R/T
5,4.3,Rashee Relegation,Starter,Braelon Allen,NYJ,RB|W/R/T
5,7.1,Rashee Relegation,Starter,Bucky Irving,TB,RB|W/R/T
5,18.0,Rashee Relegation,Starter,Travis Kelce,KC,TE|W/R/T
5,20.8,Rashee Relegation,Starter,Trey Sermon,Pit,RB|W/R/T
5,0.0,Rashee Relegation,Non-Starter,Malik Nabers,NYG,WR|W/R/T
5,0.0,Rashee Relegation,Non-Starter,Rashee Rice,KC,WR|W/R/T
5,0.0,Rashee Relegation,Non-Starter,Tyjae Spears,Ten,RB|W/R/T
5,11.0,Rashee Relegation,Starter,Miami Dolphins,Mia,DEF
6,29.9,Rashee Relegation,Starter,Josh Allen,Buf,QB
6,21.5,Rashee Relegation,Starter,Josh Downs,Ind,WR|W/R/T
6,8.3,Rashee Relegation,Starter,Darnell Mooney,Atl,WR|W/R/T
6,21.0,Rashee Relegation,Starter,Bucky Irving,TB,RB|W/R/T
6,3.2,Rashee Relegation,Starter,Tyjae Spears,Ten,RB|W/R/T
6,17.1,Rashee Relegation,Starter,Mark Andrews,Bal,TE|W/R/T
6,4.4,Rashee Relegation,Starter,Trey Sermon,Pit,RB|W/R/T
6,0.0,Rashee Relegation,Non-Starter,Malik Nabers,NYG,WR|W/R/T
6,1.3,Rashee Relegation,Non-Starter,Braelon Allen,NYJ,RB|W/R/T
6,0.0,Rashee Relegation,Non-Starter,Travis Kelce,KC,TE|W/R/T
6,5.5,Rashee Relegation,Starter,Indianapolis Colts,Ind,DEF
7,25.02,Rashee Relegation,Starter,Josh Allen,Buf,QB
7,1.3,Rashee Relegation,Starter,Josh Downs,Ind,WR|W/R/T
7,10.1,Rashee Relegation,Starter,Malik Nabers,NYG,WR|W/R/T
7,19.2,Rashee Relegation,Starter,Bucky Irving,TB,RB|W/R/T
7,1.6,Rashee Relegation,Starter,Braelon Allen,NYJ,RB|W/R/T
7,6.7,Rashee Relegation,Starter,Travis Kelce,KC,TE|W/R/T
7,11.6,Rashee Relegation,Starter,Darnell Mooney,Atl,WR|W/R/T
7,21.6,Rashee Relegation,Non-Starter,Mark Andrews,Bal,TE|W/R/T
7,3.4,Rashee Relegation,Non-Starter,Kimani Vidal,LAC,RB|W/R/T
7,12.7,Rashee Relegation,Non-Starter,Ray Davis,Buf,RB|W/R/T
7,14.0,Rashee Relegation,Starter,Indianapolis Colts,Ind,DEF
8,23.82,Rashee Relegation,Starter,Josh Allen,Buf,QB
8,16.1,Rashee Relegation,Starter,Malik Nabers,NYG,WR|W/R/T
8,20.6,Rashee Relegation,Starter,Darnell Mooney,Atl,WR|W/R/T
8,17.9,Rashee Relegation,Starter,Bucky Irving,TB,RB|W/R/T
8,3.9,Rashee Relegation,Starter,Ray Davis,Buf,RB|W/R/T
8,28.0,Rashee Relegation,Starter,Travis Kelce,KC,TE|W/R/T
8,15.6,Rashee Relegation,Starter,Mark Andrews,Bal,TE|W/R/T
8,11.2,Rashee Relegation,Non-Starter,Braelon Allen,NYJ,RB|W/R/T
8,23.7,Rashee Relegation,Non-Starter,Josh Downs,Ind,WR|W/R/T
8,1.6,Rashee Relegation,Non-Starter,Kimani Vidal,LAC,RB|W/R/T
8,7.0,Rashee Relegation,Starter,Baltimore Ravens,Bal,DEF
9,26.6,Rashee Relegation,Starter,Josh Allen,Buf,QB
9,16.9,Rashee Relegation,Starter,Malik Nabers,NYG,WR|W/R/T
9,21.8,Rashee Relegation,Starter,Darnell Mooney,Atl,WR|W/R/T
9,6.9,Rashee Relegation,Starter,Bucky Irving,TB,RB|W/R/T
9,1.4,Rashee Relegation,Starter,Braelon Allen,NYJ,RB|W/R/T
9,25.0,Rashee Relegation,Starter,Travis Kelce,KC,TE|W/R/T
9,14.0,Rashee Relegation,Starter,Josh Downs,Ind,WR|W/R/T
9,18.0,Rashee Relegation,Non-Starter,Ray Davis,Buf,RB|W/R/T
9,5.6,Rashee Relegation,Non-Starter,Mark Andrews,Bal,TE|W/R/T
9,0.0,Rashee Relegation,Non-Starter,Jordan Mason,Min,RB|W/R/T
9,13.5,Rashee Relegation,Starter,Baltimore Ravens,Bal,DEF
10,16.7,Rashee Relegation,Starter,Josh Allen,Buf,QB
10,12.3,Rashee Relegation,Starter,Malik Nabers,NYG,WR|W/R/T
10,16.1,Rashee Relegation,Starter,Darnell Mooney,Atl,WR|W/R/T
10,20.2,Rashee Relegation,Starter,Bucky Irving,TB,RB|W/R/T
10,0.6,Rashee Relegation,Starter,Ray Davis,Buf,RB|W/R/T
10,22.9,Rashee Relegation,Starter,Travis Kelce,KC,TE|W/R/T
10,15.7,Rashee Relegation,Starter,Josh Downs,Ind,WR|W/R/T
10,20.8,Rashee Relegation,Non-Starter,Mark Andrews,Bal,TE|W/R/T
10,0.5,Rashee Relegation,Non-Starter,Jordan Mason,Min,RB|W/R/T
10,0.0,Rashee Relegation,Non-Starter,Isiah Pacheco,KC,RB|W/R/T
10,6.0,Rashee Relegation,Starter,Baltimore Ravens,Bal,DEF
11,25.98,Rashee Relegation,Starter,Josh Allen,Buf,QB
11,5.2,Rashee Relegation,Starter,Darnell Mooney,Atl,WR|W/R/T
11,21.9,Rashee Relegation,Starter,Josh Downs,Ind,WR|W/R/T
11,0.0,Rashee Relegation,Starter,Keaton Mitchell,Bal,RB|W/R/T
11,1.6,Rashee Relegation,Starter,Ray Davis,Buf,RB|W/R/T
11,4.7,Rashee Relegation,Starter,Mark Andrews,Bal,TE|W/R/T
11,2.8,Rashee Relegation,Starter,Travis Kelce,KC,TE|W/R/T
11,0.0,Rashee Relegation,Non-Starter,Bucky Irving,TB,RB|W/R/T
11,0.0,Rashee Relegation,Non-Starter,Malik Nabers,NYG,WR|W/R/T
11,0.0,Rashee Relegation,Non-Starter,Isiah Pacheco,KC,RB|W/R/T
11,12.5,Rashee Relegation,Starter,Baltimore Ravens,Bal,DEF
12,13.48,Rashee Relegation,Starter,Drake Maye,NE,QB
12,6.2,Rashee Relegation,Starter,Josh Downs,Ind,WR|W/R/T
12,13.9,Rashee Relegation,Starter,Malik Nabers,NYG,WR|W/R/T
12,29.2,Rashee Relegation,Starter,Bucky Irving,TB,RB|W/R/T
12,9.7,Rashee Relegation,Starter,Roschon Johnson,Chi,RB|W/R/T
12,17.6,Rashee Relegation,Starter,Mark Andrews,Bal,TE|W/R/T
12,13.2,Rashee Relegation,Starter,Travis Kelce,KC,TE|W/R/T
12,0.0,Rashee Relegation,Non-Starter,Isiah Pacheco,KC,RB|W/R/T
12,0.0,Rashee Relegation,Non-Starter,Josh Allen,Buf,QB
12,0.0,Rashee Relegation,Non-Starter,Darnell Mooney,Atl,WR|W/R/T
12,7.5,Rashee Relegation,Starter,Baltimore Ravens,Bal,DEF
13,33.92,Rashee Relegation,Starter,Josh Allen,Buf,QB
13,16.8,Rashee Relegation,Starter,Malik Nabers,NYG,WR|W/R/T
13,6.0,Rashee Relegation,Starter,Darnell Mooney,Atl,WR|W/R/T
13,32.0,Rashee Relegation,Starter,Bucky Irving,TB,RB|W/R/T
13,6.9,Rashee Relegation,Starter,Isiah Pacheco,KC,RB|W/R/T
13,16.3,Rashee Relegation,Starter,Travis Kelce,KC,TE|W/R/T
13,5.3,Rashee Relegation,Starter,Gus Edwards,LAC,RB|W/R/T
13,20.9,Rashee Relegation,Non-Starter,Mark Andrews,Bal,TE|W/R/T
13,0.0,Rashee Relegation,Non-Starter,Josh Downs,Ind,WR|W/R/T
13,6.5,Rashee Relegation,Non-Starter,DeMario Douglas,NE,WR|W/R/T
13,6.5,Rashee Relegation,Starter,Baltimore Ravens,Bal,DEF
14,60.88,Rashee Relegation,Starter,Josh Allen,Buf,QB
14,16.4,Rashee Relegation,Starter,Malik Nabers,NYG,WR|W/R/T
14,23.2,Rashee Relegation,Starter,Darnell Mooney,Atl,WR|W/R/T
14,3.3,Rashee Relegation,Starter,Bucky Irving,TB,RB|W/R/T
14,10.1,Rashee Relegation,Starter,Isiah Pacheco,KC,RB|W/R/T
14,11.0,Rashee Relegation,Starter,Travis Kelce,KC,TE|W/R/T
14,6.7,Rashee Relegation,Starter,Jake Ferguson,Dal,TE|W/R/T
14,0.0,Rashee Relegation,Non-Starter,Mark Andrews,Bal,TE|W/R/T
14,5.2,Rashee Relegation,Non-Starter,Sean Tucker,TB,RB|W/R/T
14,5.7,Rashee Relegation,Non-Starter,Darius Slayton,NYG,WR|W/R/T
14,6.5,Rashee Relegation,Starter,Miami Dolphins,Mia,DEF
1,13.96,The Mucky Duck (Plaintiff),Starter,Dak Prescott,Dal,QB
1,35.5,The Mucky Duck (Plaintiff),Starter,Cooper Kupp,Sea,WR|W/R/T
1,5.8,The Mucky Duck (Plaintiff),Starter,Brandon Aiyuk,SF,WR|W/R/T
1,20.3,The Mucky Duck (Plaintiff),Starter,Breece Hall,NYJ,RB|W/R/T
1,5.1,The Mucky Duck (Plaintiff),Starter,Zamir White,LV,RB|W/R/T
1,4.5,The Mucky Duck (Plaintiff),Starter,Jake Ferguson,Dal,TE|W/R/T
1,16.2,The Mucky Duck (Plaintiff),Starter,Brian Thomas Jr.,Jax,WR|W/R/T
1,14.2,The Mucky Duck (Plaintiff),Non-Starter,Khalil Shakir,Buf,WR|W/R/T
1,26.7,The Mucky Duck (Plaintiff),Non-Starter,Jordan Mason,Min,RB|W/R/T
1,0.0,The Mucky Duck (Plaintiff),Non-Starter,Jaylen Wright,Mia,RB|W/R/T
1,5.5,The Mucky Duck (Plaintiff),Starter,Kansas City Chiefs,KC,DEF
2,11.42,The Mucky Duck (Plaintiff),Starter,Dak Prescott,Dal,QB
2,8.2,The Mucky Duck (Plaintiff),Starter,Cooper Kupp,Sea,WR|W/R/T
2,9.3,The Mucky Duck (Plaintiff),Starter,Brandon Aiyuk,SF,WR|W/R/T
2,26.4,The Mucky Duck (Plaintiff),Starter,Breece Hall,NYJ,RB|W/R/T
2,19.9,The Mucky Duck (Plaintiff),Starter,Jordan Mason,Min,RB|W/R/T
2,2.5,The Mucky Duck (Plaintiff),Starter,Jordan Akins,Cle,TE|W/R/T
2,12.4,The Mucky Duck (Plaintiff),Starter,Brian Thomas Jr.,Jax,WR|W/R/T
2,7.3,The Mucky Duck (Plaintiff),Non-Starter,Zamir White,LV,RB|W/R/T
2,12.1,The Mucky Duck (Plaintiff),Non-Starter,Khalil Shakir,Buf,WR|W/R/T
2,0.4,The Mucky Duck (Plaintiff),Non-Starter,Jaylen Wright,Mia,RB|W/R/T
2,13.5,The Mucky Duck (Plaintiff),Starter,Kansas City Chiefs,KC,DEF
3,34.36,The Mucky Duck (Plaintiff),Starter,Dak Prescott,Dal,QB
3,11.8,The Mucky Duck (Plaintiff),Starter,Brandon Aiyuk,SF,WR|W/R/T
3,21.7,The Mucky Duck (Plaintiff),Starter,Khalil Shakir,Buf,WR|W/R/T
3,20.8,The Mucky Duck (Plaintiff),Starter,Breece Hall,NYJ,RB|W/R/T
3,13.3,The Mucky Duck (Plaintiff),Starter,Jordan Mason,Min,RB|W/R/T
3,17.5,The Mucky Duck (Plaintiff),Starter,Jake Ferguson,Dal,TE|W/R/T
3,3.9,The Mucky Duck (Plaintiff),Starter,Zamir White,LV,RB|W/R/T
3,11.3,The Mucky Duck (Plaintiff),Non-Starter,Brian Thomas Jr.,Jax,WR|W/R/T
3,0.0,The Mucky Duck (Plaintiff),Non-Starter,Cooper Kupp,Sea,WR|W/R/T
3,7.5,The Mucky Duck (Plaintiff),Non-Starter,Samaje Perine,Cin,RB|W/R/T
3,10.0,The Mucky Duck (Plaintiff),Starter,Kansas City Chiefs,KC,DEF
4,20.74,The Mucky Duck (Plaintiff),Starter,Dak Prescott,Dal,QB
4,7.8,The Mucky Duck (Plaintiff),Starter,Brandon Aiyuk,SF,WR|W/R/T
4,10.7,The Mucky Duck (Plaintiff),Starter,Khalil Shakir,Buf,WR|W/R/T
4,3.8,The Mucky Duck (Plaintiff),Starter,Breece Hall,NYJ,RB|W/R/T
4,27.0,The Mucky Duck (Plaintiff),Starter,Jordan Mason,Min,RB|W/R/T
4,12.9,The Mucky Duck (Plaintiff),Starter,Jake Ferguson,Dal,TE|W/R/T
4,24.9,The Mucky Duck (Plaintiff),Starter,Brian Thomas Jr.,Jax,WR|W/R/T
4,3.5,The Mucky Duck (Plaintiff),Non-Starter,Zamir White,LV,RB|W/R/T
4,0.0,The Mucky Duck (Plaintiff),Non-Starter,Cooper Kupp,Sea,WR|W/R/T
4,8.9,The Mucky Duck (Plaintiff),Non-Starter,Samaje Perine,Cin,RB|W/R/T
4,10.5,The Mucky Duck (Plaintiff),Starter,Kansas City Chiefs,KC,DEF
5,16.38,The Mucky Duck (Plaintiff),Starter,Dak Prescott,Dal,QB
5,25.7,The Mucky Duck (Plaintiff),Starter,Brandon Aiyuk,SF,WR|W/R/T
5,24.7,The Mucky Duck (Plaintiff),Starter,Brian Thomas Jr.,Jax,WR|W/R/T
5,7.7,The Mucky Duck (Plaintiff),Starter,Breece Hall,NYJ,RB|W/R/T
5,11.3,The Mucky Duck (Plaintiff),Starter,Jordan Mason,Min,RB|W/R/T
5,14.5,The Mucky Duck (Plaintiff),Starter,Jake Ferguson,Dal,TE|W/R/T
5,12.3,The Mucky Duck (Plaintiff),Starter,Trey McBride,Ari,TE|W/R/T
5,0.0,The Mucky Duck (Plaintiff),Non-Starter,Khalil Shakir,Buf,WR|W/R/T
5,0.0,The Mucky Duck (Plaintiff),Non-Starter,Zamir White,LV,RB|W/R/T
5,0.0,The Mucky Duck (Plaintiff),Non-Starter,Cooper Kupp,Sea,WR|W/R/T
5,10.0,The Mucky Duck (Plaintiff),Starter,Kansas City Chiefs,KC,DEF
6,-0.78,The Mucky Duck (Plaintiff),Starter,Dak Prescott,Dal,QB
6,6.7,The Mucky Duck (Plaintiff),Starter,Brandon Aiyuk,SF,WR|W/R/T
6,6.2,The Mucky Duck (Plaintiff),Starter,Brian Thomas Jr.,Jax,WR|W/R/T
6,24.9,The Mucky Duck (Plaintiff),Starter,Breece Hall,NYJ,RB|W/R/T
6,10.2,The Mucky Duck (Plaintiff),Starter,Jordan Mason,Min,RB|W/R/T
6,4.1,The Mucky Duck (Plaintiff),Starter,Jake Ferguson,Dal,TE|W/R/T
6,20.1,The Mucky Duck (Plaintiff),Starter,Trey McBride,Ari,TE|W/R/T
6,4.4,The Mucky Duck (Plaintiff),Non-Starter,Khalil Shakir,Buf,WR|W/R/T
6,0.0,The Mucky Duck (Plaintiff),Non-Starter,Zamir White,LV,RB|W/R/T
6,0.0,The Mucky Duck (Plaintiff),Non-Starter,Cooper Kupp,Sea,WR|W/R/T
6,8.0,The Mucky Duck (Plaintiff),Starter,Atlanta Falcons,Atl,DEF
7,18.02,The Mucky Duck (Plaintiff),Starter,Trevor Lawrence,Jax,QB
7,4.8,The Mucky Duck (Plaintiff),Starter,Brandon Aiyuk,SF,WR|W/R/T
7,24.1,The Mucky Duck (Plaintiff),Starter,Brian Thomas Jr.,Jax,WR|W/R/T
7,28.6,The Mucky Duck (Plaintiff),Starter,Breece Hall,NYJ,RB|W/R/T
7,10.4,The Mucky Duck (Plaintiff),Starter,Jordan Mason,Min,RB|W/R/T
7,12.1,The Mucky Duck (Plaintiff),Starter,Trey McBride,Ari,TE|W/R/T
7,14.5,The Mucky Duck (Plaintiff),Starter,Khalil Shakir,Buf,WR|W/R/T
7,0.0,The Mucky Duck (Plaintiff),Non-Starter,Cooper Kupp,Sea,WR|W/R/T
7,0.0,The Mucky Duck (Plaintiff),Non-Starter,Dak Prescott,Dal,QB
7,0.0,The Mucky Duck (Plaintiff),Non-Starter,Jake Ferguson,Dal,TE|W/R/T
7,9.0,The Mucky Duck (Plaintiff),Starter,Detroit Lions,Det,DEF
8,13.62,The Mucky Duck (Plaintiff),Starter,Dak Prescott,Dal,QB
8,16.5,The Mucky Duck (Plaintiff),Starter,Brian Thomas Jr.,Jax,WR|W/R/T
8,17.1,The Mucky Duck (Plaintiff),Starter,Cooper Kupp,Sea,WR|W/R/T
8,10.9,The Mucky Duck (Plaintiff),Starter,Breece Hall,NYJ,RB|W/R/T
8,1.8,The Mucky Duck (Plaintiff),Starter,Jordan Mason,Min,RB|W/R/T
8,24.4,The Mucky Duck (Plaintiff),Starter,Trey McBride,Ari,TE|W/R/T
8,8.8,The Mucky Duck (Plaintiff),Starter,Jake Ferguson,Dal,TE|W/R/T
8,20.9,The Mucky Duck (Plaintiff),Non-Starter,Khalil Shakir,Buf,WR|W/R/T
8,8.9,The Mucky Duck (Plaintiff),Non-Starter,Jaylen Warren,Pit,RB|W/R/T
8,0.0,The Mucky Duck (Plaintiff),Non-Starter,Tyjae Spears,Ten,RB|W/R/T
8,19.0,The Mucky Duck (Plaintiff),Starter,Detroit Lions,Det,DEF
9,15.32,The Mucky Duck (Plaintiff),Starter,Dak Prescott,Dal,QB
9,23.4,The Mucky Duck (Plaintiff),Starter,Cooper Kupp,Sea,WR|W/R/T
9,13.0,The Mucky Duck (Plaintiff),Starter,Khalil Shakir,Buf,WR|W/R/T
9,12.5,The Mucky Duck (Plaintiff),Starter,Breece Hall,NYJ,RB|W/R/T
9,2.5,The Mucky Duck (Plaintiff),Starter,Jeremy McNichols,Was,RB|W/R/T
9,14.2,The Mucky Duck (Plaintiff),Starter,Trey McBride,Ari,TE|W/R/T
9,15.6,The Mucky Duck (Plaintiff),Starter,Jake Ferguson,Dal,TE|W/R/T
9,0.0,The Mucky Duck (Plaintiff),Non-Starter,Jonathon Brooks,Car,RB|W/R/T
9,6.7,The Mucky Duck (Plaintiff),Non-Starter,Brian Thomas Jr.,Jax,WR|W/R/T
9,0.0,The Mucky Duck (Plaintiff),Non-Starter,Jaylen Warren,Pit,RB|W/R/T
9,10.0,The Mucky Duck (Plaintiff),Starter,Detroit Lions,Det,DEF
10,23.76,The Mucky Duck (Plaintiff),Starter,Justin Herbert,LAC,QB
10,17.0,The Mucky Duck (Plaintiff),Starter,Cooper Kupp,Sea,WR|W/R/T
10,12.8,The Mucky Duck (Plaintiff),Starter,Khalil Shakir,Buf,WR|W/R/T
10,13.8,The Mucky Duck (Plaintiff),Starter,Breece Hall,NYJ,RB|W/R/T
10,12.0,The Mucky Duck (Plaintiff),Starter,Jaylen Warren,Pit,RB|W/R/T
10,13.1,The Mucky Duck (Plaintiff),Starter,Trey McBride,Ari,TE|W/R/T
10,4.9,The Mucky Duck (Plaintiff),Starter,Jake Ferguson,Dal,TE|W/R/T
10,3.7,The Mucky Duck (Plaintiff),Non-Starter,Brian Thomas Jr.,Jax,WR|W/R/T
10,0.0,The Mucky Duck (Plaintiff),Non-Starter,Jonathon Brooks,Car,RB|W/R/T
10,0.0,The Mucky Duck (Plaintiff),Non-Starter,Jerry Jeudy,Cle,WR|W/R/T
10,14.0,The Mucky Duck (Plaintiff),Starter,Detroit Lions,Det,DEF
11,29.88,The Mucky Duck (Plaintiff),Starter,Justin Herbert,LAC,QB
11,30.1,The Mucky Duck (Plaintiff),Starter,Cooper Kupp,Sea,WR|W/R/T
11,17.0,The Mucky Duck (Plaintiff),Starter,Khalil Shakir,Buf,WR|W/R/T
11,33.1,The Mucky Duck (Plaintiff),Starter,Breece Hall,NYJ,RB|W/R/T
11,12.8,The Mucky Duck (Plaintiff),Starter,Jaylen Warren,Pit,RB|W/R/T
11,2.6,The Mucky Duck (Plaintiff),Starter,Jake Ferguson,Dal,TE|W/R/T
11,28.2,The Mucky Duck (Plaintiff),Starter,Jerry Jeudy,Cle,WR|W/R/T
11,15.6,The Mucky Duck (Plaintiff),Non-Starter,Brian Thomas Jr.,Jax,WR|W/R/T
11,0.0,The Mucky Duck (Plaintiff),Non-Starter,Trey McBride,Ari,TE|W/R/T
11,0.0,The Mucky Duck (Plaintiff),Non-Starter,Jonathon Brooks,Car,RB|W/R/T
11,13.5,The Mucky Duck (Plaintiff),Starter,Detroit Lions,Det,DEF
12,18.62,The Mucky Duck (Plaintiff),Starter,Justin Herbert,LAC,QB
12,20.5,The Mucky Duck (Plaintiff),Starter,Cooper Kupp,Sea,WR|W/R/T
12,17.0,The Mucky Duck (Plaintiff),Starter,Jerry Jeudy,Cle,WR|W/R/T
12,17.4,The Mucky Duck (Plaintiff),Starter,Jaylen Warren,Pit,RB|W/R/T
12,0.7,The Mucky Duck (Plaintiff),Starter,Jonathon Brooks,Car,RB|W/R/T
12,29.3,The Mucky Duck (Plaintiff),Starter,Trey McBride,Ari,TE|W/R/T
12,0.0,The Mucky Duck (Plaintiff),Starter,Quentin Johnston,LAC,WR|W/R/T
12,0.0,The Mucky Duck (Plaintiff),Non-Starter,Breece Hall,NYJ,RB|W/R/T
12,0.0,The Mucky Duck (Plaintiff),Non-Starter,Brian Thomas Jr.,Jax,WR|W/R/T
12,0.0,The Mucky Duck (Plaintiff),Non-Starter,Khalil Shakir,Buf,WR|W/R/T
12,8.5,The Mucky Duck (Plaintiff),Starter,Detroit Lions,Det,DEF
13,8.98,The Mucky Duck (Plaintiff),Starter,Justin Herbert,LAC,QB
13,4.7,The Mucky Duck (Plaintiff),Starter,Cooper Kupp,Sea,WR|W/R/T
13,20.7,The Mucky Duck (Plaintiff),Starter,Brian Thomas Jr.,Jax,WR|W/R/T
13,12.4,The Mucky Duck (Plaintiff),Starter,Jaylen Warren,Pit,RB|W/R/T
13,6.5,The Mucky Duck (Plaintiff),Starter,Breece Hall,NYJ,RB|W/R/T
13,25.1,The Mucky Duck (Plaintiff),Starter,Trey McBride,Ari,TE|W/R/T
13,45.0,The Mucky Duck (Plaintiff),Starter,Jerry Jeudy,Cle,WR|W/R/T
13,7.5,The Mucky Duck (Plaintiff),Non-Starter,Khalil Shakir,Buf,WR|W/R/T
13,3.7,The Mucky Duck (Plaintiff),Non-Starter,Quentin Johnston,LAC,WR|W/R/T
13,2.5,The Mucky Duck (Plaintiff),Non-Starter,Kimani Vidal,LAC,RB|W/R/T
13,11.5,The Mucky Duck (Plaintiff),Starter,Detroit Lions,Det,DEF
14,44.58,The Mucky Duck (Plaintiff),Starter,Sam Darnold,Sea,QB
14,22.2,The Mucky Duck (Plaintiff),Starter,Cooper Kupp,Sea,WR|W/R/T
14,23.1,The Mucky Duck (Plaintiff),Starter,Khalil Shakir,Buf,WR|W/R/T
14,10.7,The Mucky Duck (Plaintiff),Starter,Jaylen Warren,Pit,RB|W/R/T
14,12.9,The Mucky Duck (Plaintiff),Starter,Sincere McCormick,LV,RB|W/R/T
14,16.0,The Mucky Duck (Plaintiff),Starter,Trey McBride,Ari,TE|W/R/T
14,18.4,The Mucky Duck (Plaintiff),Starter,Jerry Jeudy,Cle,WR|W/R/T
14,0.0,The Mucky Duck (Plaintiff),Non-Starter,Breece Hall,NYJ,RB|W/R/T
14,16.72,The Mucky Duck (Plaintiff),Non-Starter,Justin Herbert,LAC,QB
14,18.6,The Mucky Duck (Plaintiff),Non-Starter,Brian Thomas Jr.,Jax,WR|W/R/T
14,4.0,The Mucky Duck (Plaintiff),Starter,Detroit Lions,Det,DEF
15,11.24,The Mucky Duck (Plaintiff),Starter,Sam Darnold,Sea,QB
15,0.0,The Mucky Duck (Plaintiff),Starter,Cooper Kupp,Sea,WR|W/R/T
15,17.4,The Mucky Duck (Plaintiff),Starter,Khalil Shakir,Buf,WR|W/R/T
15,2.5,The Mucky Duck (Plaintiff),Starter,Jaylen Warren,Pit,RB|W/R/T
15,14.6,The Mucky Duck (Plaintiff),Starter,Breece Hall,NYJ,RB|W/R/T
15,19.2,The Mucky Duck (Plaintiff),Starter,Trey McBride,Ari,TE|W/R/T
15,24.8,The Mucky Duck (Plaintiff),Starter,Jerry Jeudy,Cle,WR|W/R/T
15,5.5,The Mucky Duck (Plaintiff),Non-Starter,Sincere McCormick,LV,RB|W/R/T
15,35.0,The Mucky Duck (Plaintiff),Non-Starter,Brian Thomas Jr.,Jax,WR|W/R/T
15,0.0,The Mucky Duck (Plaintiff),Non-Starter,Patrick Taylor,SF,RB|W/R/T
15,9.0,The Mucky Duck (Plaintiff),Starter,Baltimore Ravens,Bal,DEF
16,29.44,The Mucky Duck (Plaintiff),Starter,Sam Darnold,Sea,QB
16,4.7,The Mucky Duck (Plaintiff),Starter,Khalil Shakir,Buf,WR|W/R/T
16,6.4,The Mucky Duck (Plaintiff),Starter,Cooper Kupp,Sea,WR|W/R/T
16,16.0,The Mucky Duck (Plaintiff),Starter,Breece Hall,NYJ,RB|W/R/T
16,3.5,The Mucky Duck (Plaintiff),Starter,Patrick Taylor,SF,RB|W/R/T
16,6.0,The Mucky Duck (Plaintiff),Starter,Trey McBride,Ari,TE|W/R/T
16,30.2,The Mucky Duck (Plaintiff),Starter,Brian Thomas Jr.,Jax,WR|W/R/T
16,17.7,The Mucky Duck (Plaintiff),Non-Starter,Jaylen Warren,Pit,RB|W/R/T
16,4.5,The Mucky Duck (Plaintiff),Non-Starter,Jerry Jeudy,Cle,WR|W/R/T
16,21.5,The Mucky Duck (Plaintiff),Non-Starter,Ameer Abdullah,SF,RB|W/R/T
16,18.0,The Mucky Duck (Plaintiff),Starter,Baltimore Ravens,Bal,DEF
17,28.78,The Mucky Duck (Plaintiff),Starter,Sam Darnold,Sea,QB
17,6.0,The Mucky Duck (Plaintiff),Starter,Khalil Shakir,Buf,WR|W/R/T
17,4.4,The Mucky Duck (Plaintiff),Starter,Cooper Kupp,Sea,WR|W/R/T
17,8.3,The Mucky Duck (Plaintiff),Starter,Breece Hall,NYJ,RB|W/R/T
17,19.7,The Mucky Duck (Plaintiff),Starter,Jaylen Warren,Pit,RB|W/R/T
17,33.3,The Mucky Duck (Plaintiff),Starter,Trey McBride,Ari,TE|W/R/T
17,26.4,The Mucky Duck (Plaintiff),Starter,Brian Thomas Jr.,Jax,WR|W/R/T
17,0.0,The Mucky Duck (Plaintiff),Non-Starter,Patrick Taylor,SF,RB|W/R/T
17,23.9,The Mucky Duck (Plaintiff),Non-Starter,Jerry Jeudy,Cle,WR|W/R/T
17,21.2,The Mucky Duck (Plaintiff),Non-Starter,Ameer Abdullah,SF,RB|W/R/T
17,21.0,The Mucky Duck (Plaintiff),Starter,Baltimore Ravens,Bal,DEF
1,32.16,AirBudGoldenReceiver,Starter,Jayden Daniels,Was,QB
1,13.7,AirBudGoldenReceiver,Starter,Ja'Marr Chase,Cin,WR|W/R/T
1,18.2,AirBudGoldenReceiver,Starter,Jaylen Waddle,Mia,WR|W/R/T
1,14.9,AirBudGoldenReceiver,Starter,Josh Jacobs,GB,RB|W/R/T
1,5.5,AirBudGoldenReceiver,Starter,D'Andre Swift,Chi,RB|W/R/T
1,7.6,AirBudGoldenReceiver,Starter,Dallas Goedert,Phi,TE|W/R/T
1,4.6,AirBudGoldenReceiver,Starter,Amari Cooper,Buf,WR|W/R/T
1,2.6,AirBudGoldenReceiver,Non-Starter,Tyler Allgeier,Atl,RB|W/R/T
1,8.9,AirBudGoldenReceiver,Non-Starter,Adam Thielen,Car,WR|W/R/T
1,3.7,AirBudGoldenReceiver,Non-Starter,DeMario Douglas,NE,WR|W/R/T
1,7.5,AirBudGoldenReceiver,Starter,Cleveland Browns,Cle,DEF
2,14.44,AirBudGoldenReceiver,Starter,Jayden Daniels,Was,QB
2,8.5,AirBudGoldenReceiver,Starter,Ja'Marr Chase,Cin,WR|W/R/T
2,9.5,AirBudGoldenReceiver,Starter,Jaylen Waddle,Mia,WR|W/R/T
2,17.1,AirBudGoldenReceiver,Starter,Josh Jacobs,GB,RB|W/R/T
2,8.2,AirBudGoldenReceiver,Starter,D'Andre Swift,Chi,RB|W/R/T
2,7.3,AirBudGoldenReceiver,Starter,Dallas Goedert,Phi,TE|W/R/T
2,4.1,AirBudGoldenReceiver,Starter,Amari Cooper,Buf,WR|W/R/T
2,10.0,AirBudGoldenReceiver,Non-Starter,Tyler Allgeier,Atl,RB|W/R/T
2,4.5,AirBudGoldenReceiver,Non-Starter,Adam Thielen,Car,WR|W/R/T
2,0.0,AirBudGoldenReceiver,Non-Starter,DeMario Douglas,NE,WR|W/R/T
2,15.5,AirBudGoldenReceiver,Starter,Cleveland Browns,Cle,DEF
3,34.56,AirBudGoldenReceiver,Starter,Jayden Daniels,Was,QB
3,31.8,AirBudGoldenReceiver,Starter,Ja'Marr Chase,Cin,WR|W/R/T
3,7.1,AirBudGoldenReceiver,Starter,Jaylen Waddle,Mia,WR|W/R/T
3,6.3,AirBudGoldenReceiver,Starter,Josh Jacobs,GB,RB|W/R/T
3,6.7,AirBudGoldenReceiver,Starter,D'Andre Swift,Chi,RB|W/R/T
3,29.5,AirBudGoldenReceiver,Starter,Dallas Goedert,Phi,TE|W/R/T
3,29.6,AirBudGoldenReceiver,Starter,Amari Cooper,Buf,WR|W/R/T
3,3.7,AirBudGoldenReceiver,Non-Starter,Tyler Allgeier,Atl,RB|W/R/T
3,14.0,AirBudGoldenReceiver,Non-Starter,Adam Thielen,Car,WR|W/R/T
3,11.4,AirBudGoldenReceiver,Non-Starter,Carson Steele,KC,RB|W/R/T
3,10.0,AirBudGoldenReceiver,Starter,Cleveland Browns,Cle,DEF
4,25.52,AirBudGoldenReceiver,Starter,Jayden Daniels,Was,QB
4,19.0,AirBudGoldenReceiver,Starter,Ja'Marr Chase,Cin,WR|W/R/T
4,8.5,AirBudGoldenReceiver,Starter,Amari Cooper,Buf,WR|W/R/T
4,12.8,AirBudGoldenReceiver,Starter,Josh Jacobs,GB,RB|W/R/T
4,32.0,AirBudGoldenReceiver,Starter,D'Andre Swift,Chi,RB|W/R/T
4,13.7,AirBudGoldenReceiver,Starter,Dallas Goedert,Phi,TE|W/R/T
4,8.6,AirBudGoldenReceiver,Starter,Jaylen Waddle,Mia,WR|W/R/T
4,12.0,AirBudGoldenReceiver,Non-Starter,Tyler Allgeier,Atl,RB|W/R/T
4,-0.4,AirBudGoldenReceiver,Non-Starter,Carson Steele,KC,RB|W/R/T
4,19.1,AirBudGoldenReceiver,Non-Starter,Wan'Dale Robinson,NYG,WR|W/R/T
4,14.0,AirBudGoldenReceiver,Starter,Cleveland Browns,Cle,DEF
5,21.72,AirBudGoldenReceiver,Starter,Jayden Daniels,Was,QB
5,45.3,AirBudGoldenReceiver,Starter,Ja'Marr Chase,Cin,WR|W/R/T
5,11.0,AirBudGoldenReceiver,Starter,Amari Cooper,Buf,WR|W/R/T
5,19.9,AirBudGoldenReceiver,Starter,Josh Jacobs,GB,RB|W/R/T
5,23.0,AirBudGoldenReceiver,Starter,D'Andre Swift,Chi,RB|W/R/T
5,2.9,AirBudGoldenReceiver,Starter,David Njoku,Cle,TE|W/R/T
5,17.5,AirBudGoldenReceiver,Starter,Wan'Dale Robinson,NYG,WR|W/R/T
5,0.0,AirBudGoldenReceiver,Non-Starter,Dallas Goedert,Phi,TE|W/R/T
5,9.6,AirBudGoldenReceiver,Non-Starter,Jaylen Waddle,Mia,WR|W/R/T
5,6.0,AirBudGoldenReceiver,Non-Starter,Tyler Allgeier,Atl,RB|W/R/T
5,13.0,AirBudGoldenReceiver,Starter,New England Patriots,NE,DEF
6,25.46,AirBudGoldenReceiver,Starter,Jayden Daniels,Was,QB
6,13.7,AirBudGoldenReceiver,Starter,Ja'Marr Chase,Cin,WR|W/R/T
6,8.7,AirBudGoldenReceiver,Starter,Amari Cooper,Buf,WR|W/R/T
6,14.0,AirBudGoldenReceiver,Starter,Josh Jacobs,GB,RB|W/R/T
6,24.9,AirBudGoldenReceiver,Starter,D'Andre Swift,Chi,RB|W/R/T
6,0.0,AirBudGoldenReceiver,Starter,Dallas Goedert,Phi,TE|W/R/T
6,11.0,AirBudGoldenReceiver,Starter,Wan'Dale Robinson,NYG,WR|W/R/T
6,0.0,AirBudGoldenReceiver,Non-Starter,Jaylen Waddle,Mia,WR|W/R/T
6,23.8,AirBudGoldenReceiver,Non-Starter,Tyler Allgeier,Atl,RB|W/R/T
6,21.4,AirBudGoldenReceiver,Non-Starter,Romeo Doubs,GB,WR|W/R/T
6,12.5,AirBudGoldenReceiver,Starter,Philadelphia Eagles,Phi,DEF
7,5.74,AirBudGoldenReceiver,Starter,Jayden Daniels,Was,QB
7,19.1,AirBudGoldenReceiver,Starter,Ja'Marr Chase,Cin,WR|W/R/T
7,18.6,AirBudGoldenReceiver,Starter,Amari Cooper,Buf,WR|W/R/T
7,22.2,AirBudGoldenReceiver,Starter,Josh Jacobs,GB,RB|W/R/T
7,6.5,AirBudGoldenReceiver,Starter,Tyler Allgeier,Atl,RB|W/R/T
7,5.7,AirBudGoldenReceiver,Starter,Colby Parkinson,LAR,TE|W/R/T
7,8.3,AirBudGoldenReceiver,Starter,Wan'Dale Robinson,NYG,WR|W/R/T
7,0.0,AirBudGoldenReceiver,Non-Starter,Dallas Goedert,Phi,TE|W/R/T
7,0.0,AirBudGoldenReceiver,Non-Starter,D'Andre Swift,Chi,RB|W/R/T
7,2.1,AirBudGoldenReceiver,Non-Starter,Jaylen Waddle,Mia,WR|W/R/T
7,23.0,AirBudGoldenReceiver,Starter,Philadelphia Eagles,Phi,DEF
8,25.24,AirBudGoldenReceiver,Starter,Jayden Daniels,Was,QB
8,22.9,AirBudGoldenReceiver,Starter,Ja'Marr Chase,Cin,WR|W/R/T
8,1.3,AirBudGoldenReceiver,Starter,Amari Cooper,Buf,WR|W/R/T
8,28.0,AirBudGoldenReceiver,Starter,Josh Jacobs,GB,RB|W/R/T
8,20.9,AirBudGoldenReceiver,Starter,D'Andre Swift,Chi,RB|W/R/T
8,11.0,AirBudGoldenReceiver,Starter,Hunter Henry,NE,TE|W/R/T
8,10.0,AirBudGoldenReceiver,Starter,Jaylen Waddle,Mia,WR|W/R/T
8,36.76,AirBudGoldenReceiver,Non-Starter,Bo Nix,Den,QB
8,8.5,AirBudGoldenReceiver,Non-Starter,Wan'Dale Robinson,NYG,WR|W/R/T
8,0.0,AirBudGoldenReceiver,Non-Starter,Dallas Goedert,Phi,TE|W/R/T
8,12.5,AirBudGoldenReceiver,Starter,Kansas City Chiefs,KC,DEF
9,25.36,AirBudGoldenReceiver,Starter,Jayden Daniels,Was,QB
9,12.8,AirBudGoldenReceiver,Starter,Ja'Marr Chase,Cin,WR|W/R/T
9,4.5,AirBudGoldenReceiver,Starter,Wan'Dale Robinson,NYG,WR|W/R/T
9,15.3,AirBudGoldenReceiver,Starter,Josh Jacobs,GB,RB|W/R/T
9,17.2,AirBudGoldenReceiver,Starter,D'Andre Swift,Chi,RB|W/R/T
9,14.1,AirBudGoldenReceiver,Starter,Hunter Henry,NE,TE|W/R/T
9,8.6,AirBudGoldenReceiver,Starter,Jaylen Waddle,Mia,WR|W/R/T
9,0.0,AirBudGoldenReceiver,Non-Starter,Amari Cooper,Buf,WR|W/R/T
9,17.72,AirBudGoldenReceiver,Non-Starter,Bo Nix,Den,QB
9,0.0,AirBudGoldenReceiver,Non-Starter,Dallas Goedert,Phi,TE|W/R/T
9,5.5,AirBudGoldenReceiver,Starter,Kansas City Chiefs,KC,DEF
10,8.58,AirBudGoldenReceiver,Starter,Jayden Daniels,Was,QB
10,60.9,AirBudGoldenReceiver,Starter,Ja'Marr Chase,Cin,WR|W/R/T
10,9.6,AirBudGoldenReceiver,Starter,Jaylen Waddle,Mia,WR|W/R/T
10,8.5,AirBudGoldenReceiver,Starter,D'Andre Swift,Chi,RB|W/R/T
10,7.2,AirBudGoldenReceiver,Starter,Cam Akers,NO,RB|W/R/T
10,11.5,AirBudGoldenReceiver,Starter,Dallas Goedert,Phi,TE|W/R/T
10,2.9,AirBudGoldenReceiver,Starter,Hunter Henry,NE,TE|W/R/T
10,0.0,AirBudGoldenReceiver,Non-Starter,Amari Cooper,Buf,WR|W/R/T
10,12.1,AirBudGoldenReceiver,Non-Starter,Wan'Dale Robinson,NYG,WR|W/R/T
10,0.0,AirBudGoldenReceiver,Non-Starter,Josh Jacobs,GB,RB|W/R/T
10,9.0,AirBudGoldenReceiver,Starter,Kansas City Chiefs,KC,DEF
11,13.94,AirBudGoldenReceiver,Starter,Jayden Daniels,Was,QB
11,28.0,AirBudGoldenReceiver,Starter,Ja'Marr Chase,Cin,WR|W/R/T
11,6.7,AirBudGoldenReceiver,Starter,Jaylen Waddle,Mia,WR|W/R/T
11,17.4,AirBudGoldenReceiver,Starter,D'Andre Swift,Chi,RB|W/R/T
11,26.9,AirBudGoldenReceiver,Starter,Josh Jacobs,GB,RB|W/R/T
11,12.1,AirBudGoldenReceiver,Starter,Dallas Goedert,Phi,TE|W/R/T
11,8.5,AirBudGoldenReceiver,Starter,Amari Cooper,Buf,WR|W/R/T
11,14.3,AirBudGoldenReceiver,Non-Starter,Hunter Henry,NE,TE|W/R/T
11,12.6,AirBudGoldenReceiver,Non-Starter,Cam Akers,NO,RB|W/R/T
11,0.0,AirBudGoldenReceiver,Non-Starter,Wan'Dale Robinson,NYG,WR|W/R/T
11,3.5,AirBudGoldenReceiver,Starter,Cleveland Browns,Cle,DEF
12,32.4,AirBudGoldenReceiver,Starter,Jayden Daniels,Was,QB
12,31.9,AirBudGoldenReceiver,Starter,Jaylen Waddle,Mia,WR|W/R/T
12,10.7,AirBudGoldenReceiver,Starter,Wan'Dale Robinson,NYG,WR|W/R/T
12,10.0,AirBudGoldenReceiver,Starter,D'Andre Swift,Chi,RB|W/R/T
12,32.6,AirBudGoldenReceiver,Starter,Josh Jacobs,GB,RB|W/R/T
12,6.4,AirBudGoldenReceiver,Starter,Dallas Goedert,Phi,TE|W/R/T
12,9.9,AirBudGoldenReceiver,Starter,Hunter Henry,NE,TE|W/R/T
12,0.0,AirBudGoldenReceiver,Non-Starter,Amari Cooper,Buf,WR|W/R/T
12,0.0,AirBudGoldenReceiver,Non-Starter,Ja'Marr Chase,Cin,WR|W/R/T
12,4.0,AirBudGoldenReceiver,Non-Starter,Cam Akers,NO,RB|W/R/T
12,9.0,AirBudGoldenReceiver,Starter,Washington Commanders,Was,DEF
13,32.64,AirBudGoldenReceiver,Starter,Jayden Daniels,Was,QB
13,12.8,AirBudGoldenReceiver,Starter,Jaylen Waddle,Mia,WR|W/R/T
13,21.6,AirBudGoldenReceiver,Starter,Ja'Marr Chase,Cin,WR|W/R/T
13,10.9,AirBudGoldenReceiver,Starter,D'Andre Swift,Chi,RB|W/R/T
13,24.2,AirBudGoldenReceiver,Starter,Josh Jacobs,GB,RB|W/R/T
13,14.0,AirBudGoldenReceiver,Starter,Dallas Goedert,Phi,TE|W/R/T
13,4.7,AirBudGoldenReceiver,Starter,Amari Cooper,Buf,WR|W/R/T
13,17.0,AirBudGoldenReceiver,Non-Starter,Hunter Henry,NE,TE|W/R/T
13,2.6,AirBudGoldenReceiver,Non-Starter,Wan'Dale Robinson,NYG,WR|W/R/T
13,2.7,AirBudGoldenReceiver,Non-Starter,Cam Akers,NO,RB|W/R/T
13,10.0,AirBudGoldenReceiver,Starter,Washington Commanders,Was,DEF
14,15.32,AirBudGoldenReceiver,Starter,Geno Smith,LV,QB
14,23.9,AirBudGoldenReceiver,Starter,Jaylen Waddle,Mia,WR|W/R/T
14,50.1,AirBudGoldenReceiver,Starter,Ja'Marr Chase,Cin,WR|W/R/T
14,6.5,AirBudGoldenReceiver,Starter,D'Andre Swift,Chi,RB|W/R/T
14,27.1,AirBudGoldenReceiver,Starter,Josh Jacobs,GB,RB|W/R/T
14,16.5,AirBudGoldenReceiver,Starter,Juwan Johnson,NO,TE|W/R/T
14,18.0,AirBudGoldenReceiver,Starter,Amari Cooper,Buf,WR|W/R/T
14,0.0,AirBudGoldenReceiver,Non-Starter,Jayden Daniels,Was,QB
14,0.0,AirBudGoldenReceiver,Non-Starter,Hunter Henry,NE,TE|W/R/T
14,13.0,AirBudGoldenReceiver,Starter,Tennessee Titans,Ten,DEF
14,0.0,AirBudGoldenReceiver,Non-Starter,Washington Commanders,Was,DEF
15,30.64,AirBudGoldenReceiver,Starter,Jayden Daniels,Was,QB
15,19.9,AirBudGoldenReceiver,Starter,Ja'Marr Chase,Cin,WR|W/R/T
15,0.0,AirBudGoldenReceiver,Starter,Amari Cooper,Buf,WR|W/R/T
15,12.9,AirBudGoldenReceiver,Starter,D'Andre Swift,Chi,RB|W/R/T
15,25.1,AirBudGoldenReceiver,Starter,Josh Jacobs,GB,RB|W/R/T
15,7.0,AirBudGoldenReceiver,Starter,Hunter Henry,NE,TE|W/R/T
15,0.0,AirBudGoldenReceiver,Starter,Jaylen Waddle,Mia,WR|W/R/T
15,3.2,AirBudGoldenReceiver,Non-Starter,Juwan Johnson,NO,TE|W/R/T
15,5.3,AirBudGoldenReceiver,Non-Starter,Tyler Allgeier,Atl,RB|W/R/T
15,6.7,AirBudGoldenReceiver,Non-Starter,Josh Downs,Ind,WR|W/R/T
15,10.5,AirBudGoldenReceiver,Starter,Washington Commanders,Was,DEF
16,42.42,AirBudGoldenReceiver,Starter,Jayden Daniels,Was,QB
16,25.4,AirBudGoldenReceiver,Starter,Ja'Marr Chase,Cin,WR|W/R/T
16,2.5,AirBudGoldenReceiver,Starter,Amari Cooper,Buf,WR|W/R/T
16,8.8,AirBudGoldenReceiver,Starter,D'Andre Swift,Chi,RB|W/R/T
16,24.2,AirBudGoldenReceiver,Starter,Josh Jacobs,GB,RB|W/R/T
16,15.9,AirBudGoldenReceiver,Starter,Hunter Henry,NE,TE|W/R/T
16,16.1,AirBudGoldenReceiver,Starter,Josh Downs,Ind,WR|W/R/T
16,0.0,AirBudGoldenReceiver,Non-Starter,Jaylen Waddle,Mia,WR|W/R/T
16,5.7,AirBudGoldenReceiver,Non-Starter,Juwan Johnson,NO,TE|W/R/T
16,5.6,AirBudGoldenReceiver,Non-Starter,Tyler Allgeier,Atl,RB|W/R/T
16,12.5,AirBudGoldenReceiver,Starter,Washington Commanders,Was,DEF
17,39.28,AirBudGoldenReceiver,Starter,Jayden Daniels,Was,QB
17,21.2,AirBudGoldenReceiver,Starter,Ja'Marr Chase,Cin,WR|W/R/T
17,5.7,AirBudGoldenReceiver,Starter,Josh Downs,Ind,WR|W/R/T
17,14.1,AirBudGoldenReceiver,Starter,D'Andre Swift,Chi,RB|W/R/T
17,12.4,AirBudGoldenReceiver,Starter,Josh Jacobs,GB,RB|W/R/T
17,0.0,AirBudGoldenReceiver,Starter,Hunter Henry,NE,TE|W/R/T
17,15.1,AirBudGoldenReceiver,Starter,Amari Cooper,Buf,WR|W/R/T
17,0.0,AirBudGoldenReceiver,Non-Starter,Jaylen Waddle,Mia,WR|W/R/T
17,14.1,AirBudGoldenReceiver,Non-Starter,Juwan Johnson,NO,TE|W/R/T
17,2.4,AirBudGoldenReceiver,Non-Starter,Tyler Allgeier,Atl,RB|W/R/T
17,6.5,AirBudGoldenReceiver,Starter,Washington Commanders,Was,DEF
1,21.12,Raheem Moistert,Starter,Tua Tagovailoa,Mia,QB
1,15.6,Raheem Moistert,Starter,CeeDee Lamb,Dal,WR|W/R/T
1,1.4,Raheem Moistert,Starter,Marvin Harrison Jr.,Ari,WR|W/R/T
1,31.8,Raheem Moistert,Starter,Joe Mixon,Hou,RB|W/R/T
1,21.3,Raheem Moistert,Starter,James Conner,Ari,RB|W/R/T
1,3.9,Raheem Moistert,Starter,Mark Andrews,Bal,TE|W/R/T
1,19.9,Raheem Moistert,Starter,Jerome Ford,Cle,RB|W/R/T
1,7.9,Raheem Moistert,Non-Starter,Keenan Allen,LAC,WR|W/R/T
1,10.1,Raheem Moistert,Non-Starter,Keon Coleman,Buf,WR|W/R/T
1,3.3,Raheem Moistert,Non-Starter,Trey Benson,Ari,RB|W/R/T
1,30.5,Raheem Moistert,Starter,Chicago Bears,Chi,DEF
2,0.5,Raheem Moistert,Starter,Tua Tagovailoa,Mia,QB
2,20.5,Raheem Moistert,Starter,CeeDee Lamb,Dal,WR|W/R/T
2,31.0,Raheem Moistert,Starter,Marvin Harrison Jr.,Ari,WR|W/R/T
2,9.0,Raheem Moistert,Starter,Joe Mixon,Hou,RB|W/R/T
2,24.4,Raheem Moistert,Starter,James Conner,Ari,RB|W/R/T
2,11.1,Raheem Moistert,Starter,Mark Andrews,Bal,TE|W/R/T
2,8.9,Raheem Moistert,Starter,Jerome Ford,Cle,RB|W/R/T
2,0.0,Raheem Moistert,Non-Starter,Keenan Allen,LAC,WR|W/R/T
2,0.0,Raheem Moistert,Non-Starter,Keon Coleman,Buf,WR|W/R/T
2,3.2,Raheem Moistert,Non-Starter,Trey Benson,Ari,RB|W/R/T
2,11.0,Raheem Moistert,Starter,Chicago Bears,Chi,DEF
3,9.36,Raheem Moistert,Starter,Geno Smith,LV,QB
3,10.2,Raheem Moistert,Starter,CeeDee Lamb,Dal,WR|W/R/T
3,19.9,Raheem Moistert,Starter,Marvin Harrison Jr.,Ari,WR|W/R/T
3,3.5,Raheem Moistert,Starter,James Conner,Ari,RB|W/R/T
3,13.0,Raheem Moistert,Starter,Jerome Ford,Cle,RB|W/R/T
3,0.0,Raheem Moistert,Starter,Mark Andrews,Bal,TE|W/R/T
3,9.9,Raheem Moistert,Starter,Keon Coleman,Buf,WR|W/R/T
3,0.0,Raheem Moistert,Non-Starter,Joe Mixon,Hou,RB|W/R/T
3,0.0,Raheem Moistert,Non-Starter,Keenan Allen,LAC,WR|W/R/T
3,0.8,Raheem Moistert,Non-Starter,Trey Benson,Ari,RB|W/R/T
3,7.5,Raheem Moistert,Starter,Chicago Bears,Chi,DEF
4,23.6,Raheem Moistert,Starter,Geno Smith,LV,QB
4,25.1,Raheem Moistert,Starter,CeeDee Lamb,Dal,WR|W/R/T
4,17.0,Raheem Moistert,Starter,Marvin Harrison Jr.,Ari,WR|W/R/T
4,22.3,Raheem Moistert,Starter,James Conner,Ari,RB|W/R/T
4,17.5,Raheem Moistert,Starter,Jerome Ford,Cle,RB|W/R/T
4,0.0,Raheem Moistert,Starter,Mark Andrews,Bal,TE|W/R/T
4,5.4,Raheem Moistert,Starter,Keenan Allen,LAC,WR|W/R/T
4,0.0,Raheem Moistert,Non-Starter,Joe Mixon,Hou,RB|W/R/T
4,9.1,Raheem Moistert,Non-Starter,Keon Coleman,Buf,WR|W/R/T
4,6.5,Raheem Moistert,Non-Starter,Trey Benson,Ari,RB|W/R/T
4,12.0,Raheem Moistert,Starter,Chicago Bears,Chi,DEF
5,25.56,Raheem Moistert,Starter,Geno Smith,LV,QB
5,12.4,Raheem Moistert,Starter,CeeDee Lamb,Dal,WR|W/R/T
5,6.6,Raheem Moistert,Starter,Marvin Harrison Jr.,Ari,WR|W/R/T
5,17.5,Raheem Moistert,Starter,James Conner,Ari,RB|W/R/T
5,9.4,Raheem Moistert,Starter,Jerome Ford,Cle,RB|W/R/T
5,8.4,Raheem Moistert,Starter,Cade Otton,TB,TE|W/R/T
5,6.8,Raheem Moistert,Starter,Keenan Allen,LAC,WR|W/R/T
5,0.0,Raheem Moistert,Non-Starter,Joe Mixon,Hou,RB|W/R/T
5,12.4,Raheem Moistert,Non-Starter,Keon Coleman,Buf,WR|W/R/T
5,0.0,Raheem Moistert,Non-Starter,Trey Benson,Ari,RB|W/R/T
5,16.5,Raheem Moistert,Starter,Chicago Bears,Chi,DEF
6,10.48,Raheem Moistert,Starter,Geno Smith,LV,QB
6,17.6,Raheem Moistert,Starter,CeeDee Lamb,Dal,WR|W/R/T
6,0.0,Raheem Moistert,Starter,Marvin Harrison Jr.,Ari,WR|W/R/T
6,7.1,Raheem Moistert,Starter,James Conner,Ari,RB|W/R/T
6,1.9,Raheem Moistert,Starter,Jerome Ford,Cle,RB|W/R/T
6,10.5,Raheem Moistert,Starter,Cade Otton,TB,TE|W/R/T
6,23.6,Raheem Moistert,Starter,Keenan Allen,LAC,WR|W/R/T
6,29.7,Raheem Moistert,Non-Starter,Joe Mixon,Hou,RB|W/R/T
6,6.6,Raheem Moistert,Non-Starter,Keon Coleman,Buf,WR|W/R/T
6,3.1,Raheem Moistert,Non-Starter,Trey Benson,Ari,RB|W/R/T
6,12.5,Raheem Moistert,Starter,Chicago Bears,Chi,DEF
7,21.78,Raheem Moistert,Starter,Geno Smith,LV,QB
7,6.1,Raheem Moistert,Starter,Marvin Harrison Jr.,Ari,WR|W/R/T
7,18.5,Raheem Moistert,Starter,Keon Coleman,Buf,WR|W/R/T
7,21.7,Raheem Moistert,Starter,James Conner,Ari,RB|W/R/T
7,29.9,Raheem Moistert,Starter,Joe Mixon,Hou,RB|W/R/T
7,20.0,Raheem Moistert,Starter,Cade Otton,TB,TE|W/R/T
7,8.4,Raheem Moistert,Starter,Trey Sermon,Pit,RB|W/R/T
7,0.0,Raheem Moistert,Non-Starter,Keenan Allen,LAC,WR|W/R/T
7,0.0,Raheem Moistert,Non-Starter,Jerome Ford,Cle,RB|W/R/T
7,0.0,Raheem Moistert,Non-Starter,CeeDee Lamb,Dal,WR|W/R/T
7,10.5,Raheem Moistert,Starter,New York Giants,NYG,DEF
8,17.16,Raheem Moistert,Starter,Tua Tagovailoa,Mia,QB
8,25.6,Raheem Moistert,Starter,Marvin Harrison Jr.,Ari,WR|W/R/T
8,44.1,Raheem Moistert,Starter,CeeDee Lamb,Dal,WR|W/R/T
8,17.4,Raheem Moistert,Starter,James Conner,Ari,RB|W/R/T
8,25.9,Raheem Moistert,Starter,Joe Mixon,Hou,RB|W/R/T
8,31.6,Raheem Moistert,Starter,Cade Otton,TB,TE|W/R/T
8,6.9,Raheem Moistert,Starter,Keenan Allen,LAC,WR|W/R/T
8,6.58,Raheem Moistert,Non-Starter,Geno Smith,LV,QB
8,19.5,Raheem Moistert,Non-Starter,Keon Coleman,Buf,WR|W/R/T
8,0.0,Raheem Moistert,Non-Starter,Jerome Ford,Cle,RB|W/R/T
8,7.0,Raheem Moistert,Starter,Chicago Bears,Chi,DEF
9,22.04,Raheem Moistert,Starter,Tua Tagovailoa,Mia,QB
9,3.4,Raheem Moistert,Starter,Marvin Harrison Jr.,Ari,WR|W/R/T
9,17.7,Raheem Moistert,Starter,CeeDee Lamb,Dal,WR|W/R/T
9,17.4,Raheem Moistert,Starter,James Conner,Ari,RB|W/R/T
9,19.6,Raheem Moistert,Starter,Joe Mixon,Hou,RB|W/R/T
9,23.2,Raheem Moistert,Starter,Cade Otton,TB,TE|W/R/T
9,5.6,Raheem Moistert,Starter,Keon Coleman,Buf,WR|W/R/T
9,9.1,Raheem Moistert,Non-Starter,Keenan Allen,LAC,WR|W/R/T
9,20.62,Raheem Moistert,Non-Starter,Geno Smith,LV,QB
9,1.7,Raheem Moistert,Non-Starter,Jerome Ford,Cle,RB|W/R/T
9,10.5,Raheem Moistert,Starter,Chicago Bears,Chi,DEF
10,8.18,Raheem Moistert,Starter,Tua Tagovailoa,Mia,QB
10,17.9,Raheem Moistert,Starter,Marvin Harrison Jr.,Ari,WR|W/R/T
10,9.9,Raheem Moistert,Starter,CeeDee Lamb,Dal,WR|W/R/T
10,25.3,Raheem Moistert,Starter,James Conner,Ari,RB|W/R/T
10,19.0,Raheem Moistert,Starter,Joe Mixon,Hou,RB|W/R/T
10,10.0,Raheem Moistert,Starter,Cade Otton,TB,TE|W/R/T
10,10.4,Raheem Moistert,Starter,Keenan Allen,LAC,WR|W/R/T
10,0.0,Raheem Moistert,Non-Starter,Keon Coleman,Buf,WR|W/R/T
10,0.0,Raheem Moistert,Non-Starter,Jerome Ford,Cle,RB|W/R/T
10,13.2,Raheem Moistert,Non-Starter,Trey Benson,Ari,RB|W/R/T
10,6.0,Raheem Moistert,Starter,Chicago Bears,Chi,DEF
11,29.52,Raheem Moistert,Starter,Tua Tagovailoa,Mia,QB
11,21.1,Raheem Moistert,Starter,CeeDee Lamb,Dal,WR|W/R/T
11,9.1,Raheem Moistert,Starter,Keenan Allen,LAC,WR|W/R/T
11,38.8,Raheem Moistert,Starter,Joe Mixon,Hou,RB|W/R/T
11,8.9,Raheem Moistert,Starter,Jerome Ford,Cle,RB|W/R/T
11,0.0,Raheem Moistert,Starter,Cade Otton,TB,TE|W/R/T
11,17.7,Raheem Moistert,Starter,Marquez Valdes-Scantling,Sea,WR|W/R/T
11,0.0,Raheem Moistert,Non-Starter,Marvin Harrison Jr.,Ari,WR|W/R/T
11,0.0,Raheem Moistert,Non-Starter,James Conner,Ari,RB|W/R/T
11,0.0,Raheem Moistert,Non-Starter,Keon Coleman,Buf,WR|W/R/T
11,6.5,Raheem Moistert,Starter,Chicago Bears,Chi,DEF
12,36.48,Raheem Moistert,Starter,Tua Tagovailoa,Mia,QB
12,18.8,Raheem Moistert,Starter,CeeDee Lamb,Dal,WR|W/R/T
12,25.6,Raheem Moistert,Starter,Keenan Allen,LAC,WR|W/R/T
12,10.0,Raheem Moistert,Starter,Joe Mixon,Hou,RB|W/R/T
12,10.9,Raheem Moistert,Starter,James Conner,Ari,RB|W/R/T
12,4.5,Raheem Moistert,Starter,Cade Otton,TB,TE|W/R/T
12,9.2,Raheem Moistert,Starter,Marvin Harrison Jr.,Ari,WR|W/R/T
12,0.0,Raheem Moistert,Non-Starter,Marquez Valdes-Scantling,Sea,WR|W/R/T
12,0.0,Raheem Moistert,Non-Starter,Keon Coleman,Buf,WR|W/R/T
12,1.8,Raheem Moistert,Non-Starter,Trey Benson,Ari,RB|W/R/T
12,8.0,Raheem Moistert,Starter,Chicago Bears,Chi,DEF
13,29.2,Raheem Moistert,Starter,Tua Tagovailoa,Mia,QB
13,6.9,Raheem Moistert,Starter,CeeDee Lamb,Dal,WR|W/R/T
13,25.8,Raheem Moistert,Starter,Keenan Allen,LAC,WR|W/R/T
13,26.4,Raheem Moistert,Starter,Joe Mixon,Hou,RB|W/R/T
13,14.1,Raheem Moistert,Starter,James Conner,Ari,RB|W/R/T
13,6.5,Raheem Moistert,Starter,Cade Otton,TB,TE|W/R/T
13,18.5,Raheem Moistert,Starter,Marvin Harrison Jr.,Ari,WR|W/R/T
13,12.6,Raheem Moistert,Non-Starter,Marquez Valdes-Scantling,Sea,WR|W/R/T
13,0.0,Raheem Moistert,Non-Starter,Keon Coleman,Buf,WR|W/R/T
13,2.5,Raheem Moistert,Non-Starter,Trey Benson,Ari,RB|W/R/T
13,5.5,Raheem Moistert,Starter,Chicago Bears,Chi,DEF
14,27.54,Raheem Moistert,Starter,Tua Tagovailoa,Mia,QB
14,23.4,Raheem Moistert,Starter,CeeDee Lamb,Dal,WR|W/R/T
14,7.5,Raheem Moistert,Starter,Keenan Allen,LAC,WR|W/R/T
14,26.2,Raheem Moistert,Starter,James Conner,Ari,RB|W/R/T
14,29.3,Raheem Moistert,Starter,Isaac Guerendo,SF,RB|W/R/T
14,11.0,Raheem Moistert,Starter,Cade Otton,TB,TE|W/R/T
14,10.4,Raheem Moistert,Starter,Marvin Harrison Jr.,Ari,WR|W/R/T
14,0.0,Raheem Moistert,Non-Starter,Joe Mixon,Hou,RB|W/R/T
14,10.1,Raheem Moistert,Non-Starter,Marquez Valdes-Scantling,Sea,WR|W/R/T
14,0.0,Raheem Moistert,Non-Starter,Keon Coleman,Buf,WR|W/R/T
14,1.5,Raheem Moistert,Starter,Chicago Bears,Chi,DEF
15,-0.16,Raheem Moistert,Starter,Tua Tagovailoa,Mia,QB
15,29.6,Raheem Moistert,Starter,CeeDee Lamb,Dal,WR|W/R/T
15,5.7,Raheem Moistert,Starter,Marvin Harrison Jr.,Ari,WR|W/R/T
15,33.8,Raheem Moistert,Starter,James Conner,Ari,RB|W/R/T
15,11.1,Raheem Moistert,Starter,Joe Mixon,Hou,RB|W/R/T
15,5.4,Raheem Moistert,Starter,Cade Otton,TB,TE|W/R/T
15,13.5,Raheem Moistert,Starter,Isaac Guerendo,SF,RB|W/R/T
15,22.2,Raheem Moistert,Non-Starter,Keenan Allen,LAC,WR|W/R/T
15,9.8,Raheem Moistert,Non-Starter,Marquez Valdes-Scantling,Sea,WR|W/R/T
15,7.9,Raheem Moistert,Non-Starter,Keon Coleman,Buf,WR|W/R/T
15,10.0,Raheem Moistert,Starter,Chicago Bears,Chi,DEF
16,14.5,Raheem Moistert,Starter,Tua Tagovailoa,Mia,QB
16,19.5,Raheem Moistert,Starter,CeeDee Lamb,Dal,WR|W/R/T
16,8.9,Raheem Moistert,Starter,Marvin Harrison Jr.,Ari,WR|W/R/T
16,29.6,Raheem Moistert,Starter,James Conner,Ari,RB|W/R/T
16,10.6,Raheem Moistert,Starter,Joe Mixon,Hou,RB|W/R/T
16,0.0,Raheem Moistert,Starter,Cade Otton,TB,TE|W/R/T
16,32.6,Raheem Moistert,Starter,Keenan Allen,LAC,WR|W/R/T
16,0.0,Raheem Moistert,Non-Starter,Isaac Guerendo,SF,RB|W/R/T
16,0.0,Raheem Moistert,Non-Starter,Marquez Valdes-Scantling,Sea,WR|W/R/T
16,3.2,Raheem Moistert,Non-Starter,Keon Coleman,Buf,WR|W/R/T
16,2.0,Raheem Moistert,Starter,Chicago Bears,Chi,DEF
17,15.3,Raheem Moistert,Starter,Joe Flacco,Cle,QB
17,17.6,Raheem Moistert,Starter,Marvin Harrison Jr.,Ari,WR|W/R/T
17,8.5,Raheem Moistert,Starter,Keenan Allen,LAC,WR|W/R/T
17,3.3,Raheem Moistert,Starter,James Conner,Ari,RB|W/R/T
17,5.9,Raheem Moistert,Starter,Joe Mixon,Hou,RB|W/R/T
17,12.4,Raheem Moistert,Starter,Chig Okonkwo,Ten,TE|W/R/T
17,16.4,Raheem Moistert,Starter,Isaac Guerendo,SF,RB|W/R/T
17,12.7,Raheem Moistert,Non-Starter,Keon Coleman,Buf,WR|W/R/T
17,0.0,Raheem Moistert,Non-Starter,CeeDee Lamb,Dal,WR|W/R/T
17,0.0,Raheem Moistert,Non-Starter,Marquez Valdes-Scantling,Sea,WR|W/R/T
17,16.0,Raheem Moistert,Starter,Chicago Bears,Chi,DEF
1,18.4,Chili Con Cussion,Starter,Jordan Love,GB,QB
1,20.7,Chili Con Cussion,Starter,Nico Collins,Hou,WR|W/R/T
1,23.4,Chili Con Cussion,Starter,Stefon Diggs,NE,WR|W/R/T
1,12.8,Chili Con Cussion,Starter,Jonathan Taylor,Ind,RB|W/R/T
1,16.9,Chili Con Cussion,Starter,Kyren Williams,LAR,RB|W/R/T
1,2.6,Chili Con Cussion,Starter,Dalton Kincaid,Buf,TE|W/R/T
1,2.6,Chili Con Cussion,Starter,Rome Odunze,Chi,WR|W/R/T
1,24.9,Chili Con Cussion,Non-Starter,J.K. Dobbins,Den,RB|W/R/T
1,0.0,Chili Con Cussion,Non-Starter,Mike Williams,Pit,WR|W/R/T
1,2.2,Chili Con Cussion,Non-Starter,Miles Sanders,Dal,RB|W/R/T
1,4.0,Chili Con Cussion,Starter,New York Jets,NYJ,DEF
2,14.3,Chili Con Cussion,Starter,Trevor Lawrence,Jax,QB
2,30.5,Chili Con Cussion,Starter,Nico Collins,Hou,WR|W/R/T
2,8.2,Chili Con Cussion,Starter,Stefon Diggs,NE,WR|W/R/T
2,19.5,Chili Con Cussion,Starter,Jonathan Taylor,Ind,RB|W/R/T
2,16.7,Chili Con Cussion,Starter,Kyren Williams,LAR,RB|W/R/T
2,7.3,Chili Con Cussion,Starter,Dalton Kincaid,Buf,TE|W/R/T
2,23.6,Chili Con Cussion,Starter,J.K. Dobbins,Den,RB|W/R/T
2,5.8,Chili Con Cussion,Non-Starter,Rome Odunze,Chi,WR|W/R/T
2,0.0,Chili Con Cussion,Non-Starter,Jordan Love,GB,QB
2,3.4,Chili Con Cussion,Non-Starter,Mike Williams,Pit,WR|W/R/T
2,16.5,Chili Con Cussion,Starter,New York Jets,NYJ,DEF
3,9.92,Chili Con Cussion,Starter,Trevor Lawrence,Jax,QB
3,14.6,Chili Con Cussion,Starter,Nico Collins,Hou,WR|W/R/T
3,22.92,Chili Con Cussion,Starter,Stefon Diggs,NE,WR|W/R/T
3,30.0,Chili Con Cussion,Starter,Jonathan Taylor,Ind,RB|W/R/T
3,35.6,Chili Con Cussion,Starter,Kyren Williams,LAR,RB|W/R/T
3,14.1,Chili Con Cussion,Starter,Dalton Kincaid,Buf,TE|W/R/T
3,9.4,Chili Con Cussion,Starter,J.K. Dobbins,Den,RB|W/R/T
3,25.9,Chili Con Cussion,Non-Starter,Rome Odunze,Chi,WR|W/R/T
3,0.0,Chili Con Cussion,Non-Starter,Jordan Love,GB,QB
3,7.4,Chili Con Cussion,Non-Starter,Mike Williams,Pit,WR|W/R/T
3,19.5,Chili Con Cussion,Starter,New York Jets,NYJ,DEF
4,30.66,Chili Con Cussion,Starter,Jordan Love,GB,QB
4,37.6,Chili Con Cussion,Starter,Nico Collins,Hou,WR|W/R/T
4,21.0,Chili Con Cussion,Starter,Stefon Diggs,NE,WR|W/R/T
4,22.3,Chili Con Cussion,Starter,Jonathan Taylor,Ind,RB|W/R/T
4,23.4,Chili Con Cussion,Starter,Kyren Williams,LAR,RB|W/R/T
4,11.2,Chili Con Cussion,Starter,Dalton Kincaid,Buf,TE|W/R/T
4,2.0,Chili Con Cussion,Starter,Rome Odunze,Chi,WR|W/R/T
4,18.76,Chili Con Cussion,Non-Starter,Trevor Lawrence,Jax,QB
4,10.7,Chili Con Cussion,Non-Starter,J.K. Dobbins,Den,RB|W/R/T
4,12.2,Chili Con Cussion,Non-Starter,Mike Williams,Pit,WR|W/R/T
4,12.0,Chili Con Cussion,Starter,New York Jets,NYJ,DEF
5,16.46,Chili Con Cussion,Starter,Jordan Love,GB,QB
5,16.8,Chili Con Cussion,Starter,Nico Collins,Hou,WR|W/R/T
5,16.7,Chili Con Cussion,Starter,Stefon Diggs,NE,WR|W/R/T
5,20.0,Chili Con Cussion,Starter,Kyren Williams,LAR,RB|W/R/T
5,5.0,Chili Con Cussion,Starter,Justice Hill,Bal,RB|W/R/T
5,5.9,Chili Con Cussion,Starter,Dalton Kincaid,Buf,TE|W/R/T
5,10.5,Chili Con Cussion,Starter,Rome Odunze,Chi,WR|W/R/T
5,0.0,Chili Con Cussion,Non-Starter,Jonathan Taylor,Ind,RB|W/R/T
5,24.24,Chili Con Cussion,Non-Starter,Trevor Lawrence,Jax,QB
5,0.0,Chili Con Cussion,Non-Starter,J.K. Dobbins,Den,RB|W/R/T
5,13.0,Chili Con Cussion,Starter,New York Jets,NYJ,DEF
6,32.62,Chili Con Cussion,Starter,Jordan Love,GB,QB
6,22.2,Chili Con Cussion,Starter,Stefon Diggs,NE,WR|W/R/T
6,7.0,Chili Con Cussion,Starter,Rome Odunze,Chi,WR|W/R/T
6,1.4,Chili Con Cussion,Starter,Justice Hill,Bal,RB|W/R/T
6,21.2,Chili Con Cussion,Starter,J.K. Dobbins,Den,RB|W/R/T
6,12.6,Chili Con Cussion,Starter,Dalton Kincaid,Buf,TE|W/R/T
6,5.3,Chili Con Cussion,Starter,Ray-Ray McCloud,Atl,WR|W/R/T
6,0.0,Chili Con Cussion,Non-Starter,Jonathan Taylor,Ind,RB|W/R/T
6,0.0,Chili Con Cussion,Non-Starter,Nico Collins,Hou,WR|W/R/T
6,0.0,Chili Con Cussion,Non-Starter,Kyren Williams,LAR,RB|W/R/T
6,4.5,Chili Con Cussion,Starter,New York Jets,NYJ,DEF
7,18.8,Chili Con Cussion,Starter,Jordan Love,GB,QB
7,8.8,Chili Con Cussion,Starter,Stefon Diggs,NE,WR|W/R/T
7,2.9,Chili Con Cussion,Starter,Ray-Ray McCloud,Atl,WR|W/R/T
7,11.6,Chili Con Cussion,Starter,J.K. Dobbins,Den,RB|W/R/T
7,22.1,Chili Con Cussion,Starter,Kyren Williams,LAR,RB|W/R/T
7,9.7,Chili Con Cussion,Starter,Dalton Kincaid,Buf,TE|W/R/T
7,14.3,Chili Con Cussion,Starter,Justice Hill,Bal,RB|W/R/T
7,0.0,Chili Con Cussion,Non-Starter,Rome Odunze,Chi,WR|W/R/T
7,0.0,Chili Con Cussion,Non-Starter,Jonathan Taylor,Ind,RB|W/R/T
7,0.0,Chili Con Cussion,Non-Starter,Nico Collins,Hou,WR|W/R/T
7,0.5,Chili Con Cussion,Starter,New York Jets,NYJ,DEF
8,3.74,Chili Con Cussion,Starter,Jordan Love,GB,QB
8,14.7,Chili Con Cussion,Starter,Stefon Diggs,NE,WR|W/R/T
8,9.9,Chili Con Cussion,Starter,Rome Odunze,Chi,WR|W/R/T
8,19.8,Chili Con Cussion,Starter,J.K. Dobbins,Den,RB|W/R/T
8,25.6,Chili Con Cussion,Starter,Kyren Williams,LAR,RB|W/R/T
8,14.6,Chili Con Cussion,Starter,Dalton Kincaid,Buf,TE|W/R/T
8,22.2,Chili Con Cussion,Starter,Jonathan Taylor,Ind,RB|W/R/T
8,3.9,Chili Con Cussion,Non-Starter,Justice Hill,Bal,RB|W/R/T
8,6.1,Chili Con Cussion,Non-Starter,Ray-Ray McCloud,Atl,WR|W/R/T
8,0.0,Chili Con Cussion,Non-Starter,Nico Collins,Hou,WR|W/R/T
8,6.0,Chili Con Cussion,Starter,New York Jets,NYJ,DEF
9,6.92,Chili Con Cussion,Starter,Jordan Love,GB,QB
9,17.4,Chili Con Cussion,Starter,Rome Odunze,Chi,WR|W/R/T
9,13.5,Chili Con Cussion,Starter,Ray-Ray McCloud,Atl,WR|W/R/T
9,26.5,Chili Con Cussion,Starter,J.K. Dobbins,Den,RB|W/R/T
9,13.0,Chili Con Cussion,Starter,Kyren Williams,LAR,RB|W/R/T
9,7.7,Chili Con Cussion,Starter,Dalton Kincaid,Buf,TE|W/R/T
9,10.4,Chili Con Cussion,Starter,Jonathan Taylor,Ind,RB|W/R/T
9,0.0,Chili Con Cussion,Non-Starter,Stefon Diggs,NE,WR|W/R/T
9,0.0,Chili Con Cussion,Non-Starter,Nico Collins,Hou,WR|W/R/T
9,19.92,Chili Con Cussion,Non-Starter,Matthew Stafford,LAR,QB
9,20.0,Chili Con Cussion,Starter,New York Jets,NYJ,DEF
10,7.72,Chili Con Cussion,Starter,Matthew Stafford,LAR,QB
10,6.3,Chili Con Cussion,Starter,Rome Odunze,Chi,WR|W/R/T
10,7.6,Chili Con Cussion,Starter,Ray-Ray McCloud,Atl,WR|W/R/T
10,10.5,Chili Con Cussion,Starter,J.K. Dobbins,Den,RB|W/R/T
10,14.2,Chili Con Cussion,Starter,Kyren Williams,LAR,RB|W/R/T
10,4.9,Chili Con Cussion,Starter,Dalton Kincaid,Buf,TE|W/R/T
10,16.2,Chili Con Cussion,Starter,Jonathan Taylor,Ind,RB|W/R/T
10,0.0,Chili Con Cussion,Non-Starter,Jordan Love,GB,QB
10,0.0,Chili Con Cussion,Non-Starter,Stefon Diggs,NE,WR|W/R/T
10,0.0,Chili Con Cussion,Non-Starter,Nico Collins,Hou,WR|W/R/T
10,1.5,Chili Con Cussion,Starter,New York Jets,NYJ,DEF
11,21.24,Chili Con Cussion,Starter,Jordan Love,GB,QB
11,14.0,Chili Con Cussion,Starter,Rome Odunze,Chi,WR|W/R/T
11,10.4,Chili Con Cussion,Starter,Nico Collins,Hou,WR|W/R/T
11,20.4,Chili Con Cussion,Starter,J.K. Dobbins,Den,RB|W/R/T
11,10.1,Chili Con Cussion,Starter,Kyren Williams,LAR,RB|W/R/T
11,9.0,Chili Con Cussion,Starter,Dawson Knox,Buf,TE|W/R/T
11,8.0,Chili Con Cussion,Starter,Jonathan Taylor,Ind,RB|W/R/T
11,11.6,Chili Con Cussion,Non-Starter,Ray-Ray McCloud,Atl,WR|W/R/T
11,36.3,Chili Con Cussion,Non-Starter,Matthew Stafford,LAR,QB
11,0.0,Chili Con Cussion,Non-Starter,Stefon Diggs,NE,WR|W/R/T
11,8.5,Chili Con Cussion,Starter,New York Jets,NYJ,DEF
12,19.22,Chili Con Cussion,Starter,Jordan Love,GB,QB
12,9.9,Chili Con Cussion,Starter,Rome Odunze,Chi,WR|W/R/T
12,21.7,Chili Con Cussion,Starter,Nico Collins,Hou,WR|W/R/T
12,9.9,Chili Con Cussion,Starter,J.K. Dobbins,Den,RB|W/R/T
12,14.2,Chili Con Cussion,Starter,Kyren Williams,LAR,RB|W/R/T
12,14.4,Chili Con Cussion,Starter,Cole Kmet,Chi,TE|W/R/T
12,3.5,Chili Con Cussion,Starter,Jonathan Taylor,Ind,RB|W/R/T
12,0.0,Chili Con Cussion,Non-Starter,Ray-Ray McCloud,Atl,WR|W/R/T
12,23.72,Chili Con Cussion,Non-Starter,Matthew Stafford,LAR,QB
12,0.0,Chili Con Cussion,Non-Starter,Stefon Diggs,NE,WR|W/R/T
12,3.5,Chili Con Cussion,Starter,Kansas City Chiefs,KC,DEF
13,22.96,Chili Con Cussion,Starter,Jordan Love,GB,QB
13,5.5,Chili Con Cussion,Starter,Rome Odunze,Chi,WR|W/R/T
13,22.4,Chili Con Cussion,Starter,Nico Collins,Hou,WR|W/R/T
13,22.3,Chili Con Cussion,Starter,Kyren Williams,LAR,RB|W/R/T
13,21.8,Chili Con Cussion,Starter,Jonathan Taylor,Ind,RB|W/R/T
13,6.6,Chili Con Cussion,Starter,Cole Kmet,Chi,TE|W/R/T
13,14.8,Chili Con Cussion,Starter,Ray-Ray McCloud,Atl,WR|W/R/T
13,0.0,Chili Con Cussion,Non-Starter,J.K. Dobbins,Den,RB|W/R/T
13,20.62,Chili Con Cussion,Non-Starter,Matthew Stafford,LAR,QB
13,0.0,Chili Con Cussion,Non-Starter,Stefon Diggs,NE,WR|W/R/T
13,9.0,Chili Con Cussion,Starter,Kansas City Chiefs,KC,DEF
14,17.04,Chili Con Cussion,Starter,Jordan Love,GB,QB
14,21.7,Chili Con Cussion,Starter,Rome Odunze,Chi,WR|W/R/T
14,7.9,Chili Con Cussion,Starter,Elijah Moore,Buf,WR|W/R/T
14,26.7,Chili Con Cussion,Starter,Kyren Williams,LAR,RB|W/R/T
14,3.3,Chili Con Cussion,Starter,Tyjae Spears,Ten,RB|W/R/T
14,0.0,Chili Con Cussion,Starter,Cole Kmet,Chi,TE|W/R/T
14,17.6,Chili Con Cussion,Starter,Ray-Ray McCloud,Atl,WR|W/R/T
14,0.0,Chili Con Cussion,Non-Starter,Nico Collins,Hou,WR|W/R/T
14,0.0,Chili Con Cussion,Non-Starter,Jonathan Taylor,Ind,RB|W/R/T
14,0.0,Chili Con Cussion,Non-Starter,J.K. Dobbins,Den,RB|W/R/T
14,8.5,Chili Con Cussion,Starter,Kansas City Chiefs,KC,DEF
1,22.66,Color Me Ladd,Starter,C.J. Stroud,Hou,QB
1,8.7,Color Me Ladd,Starter,Puka Nacua,LAR,WR|W/R/T
1,6.9,Color Me Ladd,Starter,DK Metcalf,Pit,WR|W/R/T
1,13.1,Color Me Ladd,Starter,Derrick Henry,Bal,RB|W/R/T
1,10.2,Color Me Ladd,Starter,Devin Singletary,NYG,RB|W/R/T
1,3.1,Color Me Ladd,Starter,Noah Fant,Cin,TE|W/R/T
1,10.8,Color Me Ladd,Starter,Christian Watson,GB,WR|W/R/T
1,4.5,Color Me Ladd,Non-Starter,Jaylen Warren,Pit,RB|W/R/T
1,15.9,Color Me Ladd,Non-Starter,Ladd McConkey,LAC,WR|W/R/T
1,4.7,Color Me Ladd,Non-Starter,Ray Davis,Buf,RB|W/R/T
1,17.5,Color Me Ladd,Starter,New Orleans Saints,NO,DEF
2,16.3,Color Me Ladd,Starter,C.J. Stroud,Hou,QB
2,30.4,Color Me Ladd,Starter,DK Metcalf,Pit,WR|W/R/T
2,5.6,Color Me Ladd,Starter,Ladd McConkey,LAC,WR|W/R/T
2,18.6,Color Me Ladd,Starter,Derrick Henry,Bal,RB|W/R/T
2,16.5,Color Me Ladd,Starter,Devin Singletary,NYG,RB|W/R/T
2,2.9,Color Me Ladd,Starter,Noah Fant,Cin,TE|W/R/T
2,0.0,Color Me Ladd,Starter,Christian Watson,GB,WR|W/R/T
2,0.0,Color Me Ladd,Non-Starter,Puka Nacua,LAR,WR|W/R/T
2,9.1,Color Me Ladd,Non-Starter,Jaylen Warren,Pit,RB|W/R/T
2,4.8,Color Me Ladd,Non-Starter,Ray Davis,Buf,RB|W/R/T
2,11.5,Color Me Ladd,Starter,Seattle Seahawks,Sea,DEF
3,7.8,Color Me Ladd,Starter,C.J. Stroud,Hou,QB
3,21.4,Color Me Ladd,Starter,DK Metcalf,Pit,WR|W/R/T
3,8.9,Color Me Ladd,Starter,Ladd McConkey,LAC,WR|W/R/T
3,34.9,Color Me Ladd,Starter,Derrick Henry,Bal,RB|W/R/T
3,21.3,Color Me Ladd,Starter,Devin Singletary,NYG,RB|W/R/T
3,9.7,Color Me Ladd,Starter,Brenton Strange,Jax,TE|W/R/T
3,9.7,Color Me Ladd,Starter,Christian Watson,GB,WR|W/R/T
3,0.0,Color Me Ladd,Non-Starter,Puka Nacua,LAR,WR|W/R/T
3,1.6,Color Me Ladd,Non-Starter,Jaylen Warren,Pit,RB|W/R/T
3,9.8,Color Me Ladd,Non-Starter,Ray Davis,Buf,RB|W/R/T
3,18.5,Color Me Ladd,Starter,Seattle Seahawks,Sea,DEF
4,28.5,Color Me Ladd,Starter,C.J. Stroud,Hou,QB
4,17.4,Color Me Ladd,Starter,DK Metcalf,Pit,WR|W/R/T
4,19.2,Color Me Ladd,Starter,Ladd McConkey,LAC,WR|W/R/T
4,40.4,Color Me Ladd,Starter,Derrick Henry,Bal,RB|W/R/T
4,6.8,Color Me Ladd,Starter,Devin Singletary,NYG,RB|W/R/T
4,3.7,Color Me Ladd,Starter,Hunter Henry,NE,TE|W/R/T
4,0.0,Color Me Ladd,Starter,Christian Watson,GB,WR|W/R/T
4,0.0,Color Me Ladd,Non-Starter,Puka Nacua,LAR,WR|W/R/T
4,0.0,Color Me Ladd,Non-Starter,Jaylen Warren,Pit,RB|W/R/T
4,1.6,Color Me Ladd,Non-Starter,Ray Davis,Buf,RB|W/R/T
4,6.0,Color Me Ladd,Starter,Los Angeles Rams,LAR,DEF
5,16.94,Color Me Ladd,Starter,C.J. Stroud,Hou,QB
5,8.5,Color Me Ladd,Starter,DK Metcalf,Pit,WR|W/R/T
5,4.5,Color Me Ladd,Starter,Dontayvion Wicks,GB,WR|W/R/T
5,19.6,Color Me Ladd,Starter,Derrick Henry,Bal,RB|W/R/T
5,16.5,Color Me Ladd,Starter,Tyrone Tracy,NYG,RB|W/R/T
5,5.7,Color Me Ladd,Starter,Hunter Henry,NE,TE|W/R/T
5,17.9,Color Me Ladd,Starter,Jordan Whittington,LAR,WR|W/R/T
5,0.0,Color Me Ladd,Non-Starter,Devin Singletary,NYG,RB|W/R/T
5,0.0,Color Me Ladd,Non-Starter,Ladd McConkey,LAC,WR|W/R/T
5,0.0,Color Me Ladd,Non-Starter,Puka Nacua,LAR,WR|W/R/T
5,-0.5,Color Me Ladd,Starter,Carolina Panthers,Car,DEF
6,22.88,Color Me Ladd,Starter,C.J. Stroud,Hou,QB
6,9.3,Color Me Ladd,Starter,DK Metcalf,Pit,WR|W/R/T
6,9.3,Color Me Ladd,Starter,Ladd McConkey,LAC,WR|W/R/T
6,28.2,Color Me Ladd,Starter,Derrick Henry,Bal,RB|W/R/T
6,26.7,Color Me Ladd,Starter,Tyrone Tracy,NYG,RB|W/R/T
6,7.2,Color Me Ladd,Starter,Dalton Schultz,Hou,TE|W/R/T
6,2.4,Color Me Ladd,Starter,Dontayvion Wicks,GB,WR|W/R/T
6,0.0,Color Me Ladd,Non-Starter,Devin Singletary,NYG,RB|W/R/T
6,0.0,Color Me Ladd,Non-Starter,Jordan Whittington,LAR,WR|W/R/T
6,0.0,Color Me Ladd,Non-Starter,Puka Nacua,LAR,WR|W/R/T
6,13.5,Color Me Ladd,Starter,Cleveland Browns,Cle,DEF
7,6.34,Color Me Ladd,Starter,C.J. Stroud,Hou,QB
7,21.4,Color Me Ladd,Starter,DK Metcalf,Pit,WR|W/R/T
7,10.6,Color Me Ladd,Starter,Ladd McConkey,LAC,WR|W/R/T
7,27.2,Color Me Ladd,Starter,Derrick Henry,Bal,RB|W/R/T
7,3.1,Color Me Ladd,Starter,Devin Singletary,NYG,RB|W/R/T
7,4.3,Color Me Ladd,Starter,Dalton Schultz,Hou,TE|W/R/T
7,0.0,Color Me Ladd,Starter,Jordan Whittington,LAR,WR|W/R/T
7,7.2,Color Me Ladd,Non-Starter,Tyrone Tracy,NYG,RB|W/R/T
7,14.8,Color Me Ladd,Non-Starter,Dontayvion Wicks,GB,WR|W/R/T
7,0.0,Color Me Ladd,Non-Starter,Puka Nacua,LAR,WR|W/R/T
7,7.5,Color Me Ladd,Starter,Cleveland Browns,Cle,DEF
8,14.4,Color Me Ladd,Starter,C.J. Stroud,Hou,QB
8,31.6,Color Me Ladd,Starter,Ladd McConkey,LAC,WR|W/R/T
8,9.4,Color Me Ladd,Starter,Christian Watson,GB,WR|W/R/T
8,15.7,Color Me Ladd,Starter,Derrick Henry,Bal,RB|W/R/T
8,4.3,Color Me Ladd,Starter,Devin Singletary,NYG,RB|W/R/T
8,10.7,Color Me Ladd,Starter,Dalton Schultz,Hou,TE|W/R/T
8,3.6,Color Me Ladd,Starter,Dontayvion Wicks,GB,WR|W/R/T
8,0.0,Color Me Ladd,Non-Starter,DK Metcalf,Pit,WR|W/R/T
8,25.5,Color Me Ladd,Non-Starter,Tyrone Tracy,NYG,RB|W/R/T
8,21.1,Color Me Ladd,Non-Starter,Puka Nacua,LAR,WR|W/R/T
8,-2.0,Color Me Ladd,Starter,Cincinnati Bengals,Cin,DEF
9,13.04,Color Me Ladd,Starter,C.J. Stroud,Hou,QB
9,13.4,Color Me Ladd,Starter,Ladd McConkey,LAC,WR|W/R/T
9,2.6,Color Me Ladd,Starter,Puka Nacua,LAR,WR|W/R/T
9,29.3,Color Me Ladd,Starter,Derrick Henry,Bal,RB|W/R/T
9,8.9,Color Me Ladd,Starter,Tyrone Tracy,NYG,RB|W/R/T
9,5.1,Color Me Ladd,Starter,Dalton Schultz,Hou,TE|W/R/T
9,9.7,Color Me Ladd,Starter,Christian Watson,GB,WR|W/R/T
9,0.0,Color Me Ladd,Non-Starter,DK Metcalf,Pit,WR|W/R/T
9,4.8,Color Me Ladd,Non-Starter,Devin Singletary,NYG,RB|W/R/T
9,0.0,Color Me Ladd,Non-Starter,Dontayvion Wicks,GB,WR|W/R/T
9,15.0,Color Me Ladd,Starter,Cincinnati Bengals,Cin,DEF
10,7.78,Color Me Ladd,Starter,C.J. Stroud,Hou,QB
10,8.2,Color Me Ladd,Starter,Ladd McConkey,LAC,WR|W/R/T
10,21.3,Color Me Ladd,Starter,Puka Nacua,LAR,WR|W/R/T
10,15.6,Color Me Ladd,Starter,Derrick Henry,Bal,RB|W/R/T
10,17.9,Color Me Ladd,Starter,Tyrone Tracy,NYG,RB|W/R/T
10,11.1,Color Me Ladd,Starter,Dalton Schultz,Hou,TE|W/R/T
10,18.8,Color Me Ladd,Starter,Ricky Pearsall,SF,WR|W/R/T
10,0.0,Color Me Ladd,Non-Starter,DK Metcalf,Pit,WR|W/R/T
10,6.5,Color Me Ladd,Non-Starter,Devin Singletary,NYG,RB|W/R/T
10,0.0,Color Me Ladd,Non-Starter,Dontayvion Wicks,GB,WR|W/R/T
10,0.0,Color Me Ladd,Starter,Cincinnati Bengals,Cin,DEF
11,9.38,Color Me Ladd,Starter,C.J. Stroud,Hou,QB
11,21.3,Color Me Ladd,Starter,Ladd McConkey,LAC,WR|W/R/T
11,28.8,Color Me Ladd,Starter,Puka Nacua,LAR,WR|W/R/T
11,12.0,Color Me Ladd,Starter,Derrick Henry,Bal,RB|W/R/T
11,3.2,Color Me Ladd,Starter,Gus Edwards,LAC,RB|W/R/T
11,9.3,Color Me Ladd,Starter,Dalton Schultz,Hou,TE|W/R/T
11,15.5,Color Me Ladd,Starter,DK Metcalf,Pit,WR|W/R/T
11,0.0,Color Me Ladd,Non-Starter,Dontayvion Wicks,GB,WR|W/R/T
11,0.0,Color Me Ladd,Non-Starter,Tyrone Tracy,NYG,RB|W/R/T
11,0.0,Color Me Ladd,Non-Starter,Devin Singletary,NYG,RB|W/R/T
11,0.5,Color Me Ladd,Starter,Atlanta Falcons,Atl,DEF
12,15.68,Color Me Ladd,Starter,C.J. Stroud,Hou,QB
12,23.2,Color Me Ladd,Starter,Puka Nacua,LAR,WR|W/R/T
12,10.9,Color Me Ladd,Starter,DK Metcalf,Pit,WR|W/R/T
12,18.5,Color Me Ladd,Starter,Derrick Henry,Bal,RB|W/R/T
12,11.5,Color Me Ladd,Starter,Tyrone Tracy,NYG,RB|W/R/T
12,4.5,Color Me Ladd,Starter,Dalton Schultz,Hou,TE|W/R/T
12,16.3,Color Me Ladd,Starter,Ladd McConkey,LAC,WR|W/R/T
12,15.1,Color Me Ladd,Non-Starter,Noah Brown,Was,WR|W/R/T
12,10.0,Color Me Ladd,Non-Starter,Devin Singletary,NYG,RB|W/R/T
12,8.3,Color Me Ladd,Non-Starter,Joshua Palmer,Buf,WR|W/R/T
12,3.0,Color Me Ladd,Starter,New York Giants,NYG,DEF
13,16.38,Color Me Ladd,Starter,C.J. Stroud,Hou,QB
13,19.3,Color Me Ladd,Starter,Puka Nacua,LAR,WR|W/R/T
13,22.2,Color Me Ladd,Starter,Ladd McConkey,LAC,WR|W/R/T
13,17.1,Color Me Ladd,Starter,Derrick Henry,Bal,RB|W/R/T
13,16.5,Color Me Ladd,Starter,Tyrone Tracy,NYG,RB|W/R/T
13,19.1,Color Me Ladd,Starter,Dalton Schultz,Hou,TE|W/R/T
13,11.6,Color Me Ladd,Starter,DK Metcalf,Pit,WR|W/R/T
13,6.2,Color Me Ladd,Non-Starter,Noah Brown,Was,WR|W/R/T
13,3.3,Color Me Ladd,Non-Starter,Devin Singletary,NYG,RB|W/R/T
13,4.6,Color Me Ladd,Non-Starter,Joshua Palmer,Buf,WR|W/R/T
13,9.0,Color Me Ladd,Starter,Indianapolis Colts,Ind,DEF
14,5.76,Color Me Ladd,Starter,Kirk Cousins,Atl,QB
14,46.8,Color Me Ladd,Starter,Puka Nacua,LAR,WR|W/R/T
14,15.8,Color Me Ladd,Starter,Joshua Palmer,Buf,WR|W/R/T
14,20.8,Color Me Ladd,Starter,Tyrone Tracy,NYG,RB|W/R/T
14,17.7,Color Me Ladd,Starter,Isaiah Davis,NYJ,RB|W/R/T
14,0.0,Color Me Ladd,Starter,Dalton Kincaid,Buf,TE|W/R/T
14,9.9,Color Me Ladd,Starter,DK Metcalf,Pit,WR|W/R/T
14,0.0,Color Me Ladd,Non-Starter,Ladd McConkey,LAC,WR|W/R/T
14,0.0,Color Me Ladd,Non-Starter,Derrick Henry,Bal,RB|W/R/T
14,0.0,Color Me Ladd,Non-Starter,C.J. Stroud,Hou,QB
14,4.5,Color Me Ladd,Starter,Atlanta Falcons,Atl,DEF
1,7.72,Hells Wells,Starter,Caleb Williams,Chi,QB
1,12.4,Hells Wells,Starter,Davante Adams,LAR,WR|W/R/T
1,3.6,Hells Wells,Starter,Chris Olave,NO,WR|W/R/T
1,20.1,Hells Wells,Starter,Bijan Robinson,Atl,RB|W/R/T
1,19.9,Hells Wells,Starter,Brian Robinson,SF,RB|W/R/T
1,6.6,Hells Wells,Starter,Taysom Hill,NO,QB|TE|W/R/T
1,11.6,Hells Wells,Starter,Zay Flowers,Bal,WR|W/R/T
1,5.3,Hells Wells,Non-Starter,Chase Brown,Cin,RB|W/R/T
1,14.4,Hells Wells,Non-Starter,Ezekiel Elliott,Dal,RB|W/R/T
1,8.2,Hells Wells,Non-Starter,Ty Chandler,Min,RB|W/R/T
1,11.0,Hells Wells,Starter,Miami Dolphins,Mia,DEF
2,6.64,Hells Wells,Starter,Matthew Stafford,LAR,QB
2,28.5,Hells Wells,Starter,Davante Adams,LAR,WR|W/R/T
2,15.3,Hells Wells,Starter,Chris Olave,NO,WR|W/R/T
2,19.2,Hells Wells,Starter,Bijan Robinson,Atl,RB|W/R/T
2,17.6,Hells Wells,Starter,Brian Robinson,SF,RB|W/R/T
2,3.4,Hells Wells,Starter,Taysom Hill,NO,QB|TE|W/R/T
2,24.1,Hells Wells,Starter,Zay Flowers,Bal,WR|W/R/T
2,3.6,Hells Wells,Non-Starter,Chase Brown,Cin,RB|W/R/T
2,6.2,Hells Wells,Non-Starter,Ezekiel Elliott,Dal,RB|W/R/T
2,4.5,Hells Wells,Non-Starter,Tyler Johnson,NYJ,WR|W/R/T
2,2.5,Hells Wells,Starter,Miami Dolphins,Mia,DEF
3,8.52,Hells Wells,Starter,Baker Mayfield,TB,QB
3,9.0,Hells Wells,Starter,Davante Adams,LAR,WR|W/R/T
3,23.1,Hells Wells,Starter,Chris Olave,NO,WR|W/R/T
3,14.7,Hells Wells,Starter,Bijan Robinson,Atl,RB|W/R/T
3,11.7,Hells Wells,Starter,Brian Robinson,SF,RB|W/R/T
3,9.8,Hells Wells,Starter,Zach Ertz,Was,TE|W/R/T
3,5.8,Hells Wells,Starter,Zay Flowers,Bal,WR|W/R/T
3,10.9,Hells Wells,Non-Starter,Chase Brown,Cin,RB|W/R/T
3,6.1,Hells Wells,Non-Starter,Josh Reynolds,NYJ,WR|W/R/T
3,7.7,Hells Wells,Non-Starter,Antonio Gibson,NE,RB|W/R/T
3,18.5,Hells Wells,Starter,Minnesota Vikings,Min,DEF
4,33.88,Hells Wells,Starter,Baker Mayfield,TB,QB
4,19.2,Hells Wells,Starter,Chris Olave,NO,WR|W/R/T
4,2.5,Hells Wells,Starter,Zay Flowers,Bal,WR|W/R/T
4,12.9,Hells Wells,Starter,Bijan Robinson,Atl,RB|W/R/T
4,23.3,Hells Wells,Starter,Brian Robinson,SF,RB|W/R/T
4,7.7,Hells Wells,Starter,Zach Ertz,Was,TE|W/R/T
4,25.7,Hells Wells,Starter,Chase Brown,Cin,RB|W/R/T
4,0.0,Hells Wells,Non-Starter,Davante Adams,LAR,WR|W/R/T
4,0.0,Hells Wells,Non-Starter,Josh Reynolds,NYJ,WR|W/R/T
4,11.9,Hells Wells,Non-Starter,Antonio Gibson,NE,RB|W/R/T
4,11.0,Hells Wells,Starter,Minnesota Vikings,Min,DEF
5,30.4,Hells Wells,Starter,Baker Mayfield,TB,QB
5,3.5,Hells Wells,Starter,Chris Olave,NO,WR|W/R/T
5,5.1,Hells Wells,Starter,Tre Tucker,LV,WR|W/R/T
5,11.7,Hells Wells,Starter,Bijan Robinson,Atl,RB|W/R/T
5,18.4,Hells Wells,Starter,Chase Brown,Cin,RB|W/R/T
5,3.0,Hells Wells,Starter,Zach Ertz,Was,TE|W/R/T
5,14.8,Hells Wells,Starter,Brian Robinson,SF,RB|W/R/T
5,22.0,Hells Wells,Non-Starter,Zay Flowers,Bal,WR|W/R/T
5,0.0,Hells Wells,Non-Starter,Davante Adams,LAR,WR|W/R/T
5,7.6,Hells Wells,Non-Starter,Antonio Gibson,NE,RB|W/R/T
5,20.5,Hells Wells,Starter,Minnesota Vikings,Min,DEF
6,28.4,Hells Wells,Starter,Baker Mayfield,TB,QB
6,-0.5,Hells Wells,Starter,Chris Olave,NO,WR|W/R/T
6,25.9,Hells Wells,Starter,Zay Flowers,Bal,WR|W/R/T
6,28.0,Hells Wells,Starter,Bijan Robinson,Atl,RB|W/R/T
6,15.4,Hells Wells,Starter,Chase Brown,Cin,RB|W/R/T
6,12.8,Hells Wells,Starter,Zach Ertz,Was,TE|W/R/T
6,9.3,Hells Wells,Starter,Jalen Tolbert,Dal,WR|W/R/T
6,0.0,Hells Wells,Non-Starter,Brian Robinson,SF,RB|W/R/T
6,0.0,Hells Wells,Non-Starter,Davante Adams,LAR,WR|W/R/T
6,21.5,Hells Wells,Starter,Tampa Bay Buccaneers,TB,DEF
6,0.0,Hells Wells,Non-Starter,Minnesota Vikings,Min,DEF
7,29.5,Hells Wells,Starter,Baker Mayfield,TB,QB
7,5.0,Hells Wells,Starter,Zay Flowers,Bal,WR|W/R/T
7,6.5,Hells Wells,Starter,Davante Adams,LAR,WR|W/R/T
7,26.3,Hells Wells,Starter,Bijan Robinson,Atl,RB|W/R/T
7,8.3,Hells Wells,Starter,Chase Brown,Cin,RB|W/R/T
7,15.0,Hells Wells,Starter,Zach Ertz,Was,TE|W/R/T
7,15.6,Hells Wells,Starter,Brian Robinson,SF,RB|W/R/T
7,5.8,Hells Wells,Non-Starter,Sean Tucker,TB,RB|W/R/T
7,0.0,Hells Wells,Non-Starter,Jalen Tolbert,Dal,WR|W/R/T
7,0.0,Hells Wells,Non-Starter,Chris Olave,NO,WR|W/R/T
7,15.0,Hells Wells,Starter,Minnesota Vikings,Min,DEF
8,25.3,Hells Wells,Starter,Baker Mayfield,TB,QB
8,21.0,Hells Wells,Starter,Zay Flowers,Bal,WR|W/R/T
8,10.9,Hells Wells,Starter,Davante Adams,LAR,WR|W/R/T
8,26.1,Hells Wells,Starter,Bijan Robinson,Atl,RB|W/R/T
8,12.4,Hells Wells,Starter,Chase Brown,Cin,RB|W/R/T
8,17.7,Hells Wells,Starter,Zach Ertz,Was,TE|W/R/T
8,10.6,Hells Wells,Starter,Brian Robinson,SF,RB|W/R/T
8,3.0,Hells Wells,Non-Starter,Sean Tucker,TB,RB|W/R/T
8,7.9,Hells Wells,Non-Starter,Jalen Tolbert,Dal,WR|W/R/T
8,21.2,Hells Wells,Non-Starter,Chris Olave,NO,WR|W/R/T
8,4.0,Hells Wells,Starter,Minnesota Vikings,Min,DEF
9,22.5,Hells Wells,Starter,Baker Mayfield,TB,QB
9,31.7,Hells Wells,Starter,Zay Flowers,Bal,WR|W/R/T
9,2.8,Hells Wells,Starter,Chris Olave,NO,WR|W/R/T
9,25.5,Hells Wells,Starter,Bijan Robinson,Atl,RB|W/R/T
9,30.2,Hells Wells,Starter,Chase Brown,Cin,RB|W/R/T
9,1.5,Hells Wells,Starter,Zach Ertz,Was,TE|W/R/T
9,0.0,Hells Wells,Starter,Brian Robinson,SF,RB|W/R/T
9,24.1,Hells Wells,Non-Starter,Davante Adams,LAR,WR|W/R/T
9,3.2,Hells Wells,Non-Starter,Sean Tucker,TB,RB|W/R/T
9,22.0,Hells Wells,Non-Starter,Cedric Tillman,Cle,WR|W/R/T
9,13.5,Hells Wells,Starter,Minnesota Vikings,Min,DEF
10,10.94,Hells Wells,Starter,Baker Mayfield,TB,QB
10,8.4,Hells Wells,Starter,Zay Flowers,Bal,WR|W/R/T
10,9.6,Hells Wells,Starter,Davante Adams,LAR,WR|W/R/T
10,32.4,Hells Wells,Starter,Bijan Robinson,Atl,RB|W/R/T
10,24.4,Hells Wells,Starter,Chase Brown,Cin,RB|W/R/T
10,7.1,Hells Wells,Starter,Zach Ertz,Was,TE|W/R/T
10,1.1,Hells Wells,Starter,Roschon Johnson,Chi,RB|W/R/T
10,0.0,Hells Wells,Non-Starter,Brian Robinson,SF,RB|W/R/T
10,0.0,Hells Wells,Non-Starter,Chris Olave,NO,WR|W/R/T
10,0.0,Hells Wells,Non-Starter,Cedric Tillman,Cle,WR|W/R/T
10,18.5,Hells Wells,Starter,Minnesota Vikings,Min,DEF
11,36.78,Hells Wells,Starter,Bo Nix,Den,QB
11,12.9,Hells Wells,Starter,Zay Flowers,Bal,WR|W/R/T
11,14.7,Hells Wells,Starter,Davante Adams,LAR,WR|W/R/T
11,11.8,Hells Wells,Starter,Bijan Robinson,Atl,RB|W/R/T
11,22.3,Hells Wells,Starter,Chase Brown,Cin,RB|W/R/T
11,21.2,Hells Wells,Starter,Zach Ertz,Was,TE|W/R/T
11,16.2,Hells Wells,Starter,Brian Robinson,SF,RB|W/R/T
11,8.7,Hells Wells,Non-Starter,Cedric Tillman,Cle,WR|W/R/T
11,0.0,Hells Wells,Non-Starter,Baker Mayfield,TB,QB
11,0.0,Hells Wells,Non-Starter,Chris Olave,NO,WR|W/R/T
11,17.0,Hells Wells,Starter,Minnesota Vikings,Min,DEF
12,23.42,Hells Wells,Starter,Bo Nix,Den,QB
12,12.2,Hells Wells,Starter,Zay Flowers,Bal,WR|W/R/T
12,2.8,Hells Wells,Starter,Cedric Tillman,Cle,WR|W/R/T
12,0.0,Hells Wells,Starter,Chase Brown,Cin,RB|W/R/T
12,4.4,Hells Wells,Starter,Brian Robinson,SF,RB|W/R/T
12,17.3,Hells Wells,Starter,Zach Ertz,Was,TE|W/R/T
12,9.7,Hells Wells,Starter,Adam Thielen,Car,WR|W/R/T
12,0.0,Hells Wells,Non-Starter,Bijan Robinson,Atl,RB|W/R/T
12,0.0,Hells Wells,Non-Starter,Davante Adams,LAR,WR|W/R/T
12,20.16,Hells Wells,Non-Starter,Baker Mayfield,TB,QB
12,13.5,Hells Wells,Starter,Minnesota Vikings,Min,DEF
13,8.7,Hells Wells,Starter,Baker Mayfield,TB,QB
13,11.6,Hells Wells,Starter,Zay Flowers,Bal,WR|W/R/T
13,20.1,Hells Wells,Starter,Davante Adams,LAR,WR|W/R/T
13,28.5,Hells Wells,Starter,Bijan Robinson,Atl,RB|W/R/T
13,22.0,Hells Wells,Starter,Chase Brown,Cin,RB|W/R/T
13,13.5,Hells Wells,Starter,Zach Ertz,Was,TE|W/R/T
13,19.9,Hells Wells,Starter,Brian Robinson,SF,RB|W/R/T
13,25.9,Hells Wells,Non-Starter,Adam Thielen,Car,WR|W/R/T
13,10.16,Hells Wells,Non-Starter,Bo Nix,Den,QB
13,0.0,Hells Wells,Non-Starter,Cedric Tillman,Cle,WR|W/R/T
13,7.5,Hells Wells,Starter,Minnesota Vikings,Min,DEF
14,21.0,Hells Wells,Starter,Baker Mayfield,TB,QB
14,28.9,Hells Wells,Starter,Davante Adams,LAR,WR|W/R/T
14,0.0,Hells Wells,Starter,Cedric Tillman,Cle,WR|W/R/T
14,22.6,Hells Wells,Starter,Bijan Robinson,Atl,RB|W/R/T
14,27.8,Hells Wells,Starter,Chase Brown,Cin,RB|W/R/T
14,7.1,Hells Wells,Starter,Noah Gray,KC,TE|W/R/T
14,22.7,Hells Wells,Starter,Adam Thielen,Car,WR|W/R/T
14,0.0,Hells Wells,Non-Starter,Zay Flowers,Bal,WR|W/R/T
14,0.0,Hells Wells,Non-Starter,Brian Robinson,SF,RB|W/R/T
14,0.0,Hells Wells,Non-Starter,Bo Nix,Den,QB
14,9.0,Hells Wells,Starter,Minnesota Vikings,Min,DEF
15,34.52,Hells Wells,Starter,Baker Mayfield,TB,QB
15,45.8,Hells Wells,Starter,Davante Adams,LAR,WR|W/R/T
15,12.3,Hells Wells,Starter,Zay Flowers,Bal,WR|W/R/T
15,17.5,Hells Wells,Starter,Bijan Robinson,Atl,RB|W/R/T
15,31.3,Hells Wells,Starter,Chase Brown,Cin,RB|W/R/T
15,5.0,Hells Wells,Starter,Zach Ertz,Was,TE|W/R/T
15,14.2,Hells Wells,Starter,Brian Robinson,SF,RB|W/R/T
15,10.6,Hells Wells,Non-Starter,Adam Thielen,Car,WR|W/R/T
15,0.0,Hells Wells,Non-Starter,Cedric Tillman,Cle,WR|W/R/T
15,15.5,Hells Wells,Non-Starter,Bo Nix,Den,QB
15,9.5,Hells Wells,Starter,Minnesota Vikings,Min,DEF
16,25.82,Hells Wells,Starter,Baker Mayfield,TB,QB
16,22.3,Hells Wells,Starter,Davante Adams,LAR,WR|W/R/T
16,17.8,Hells Wells,Starter,Zay Flowers,Bal,WR|W/R/T
16,28.8,Hells Wells,Starter,Bijan Robinson,Atl,RB|W/R/T
16,17.4,Hells Wells,Starter,Chase Brown,Cin,RB|W/R/T
16,2.0,Hells Wells,Starter,Noah Gray,KC,TE|W/R/T
16,3.6,Hells Wells,Starter,Brian Robinson,SF,RB|W/R/T
16,2.7,Hells Wells,Non-Starter,Zach Ertz,Was,TE|W/R/T
16,17.3,Hells Wells,Non-Starter,Adam Thielen,Car,WR|W/R/T
16,0.0,Hells Wells,Non-Starter,Cedric Tillman,Cle,WR|W/R/T
16,10.5,Hells Wells,Starter,Minnesota Vikings,Min,DEF
17,44.56,Hells Wells,Starter,Baker Mayfield,TB,QB
17,10.2,Hells Wells,Starter,Davante Adams,LAR,WR|W/R/T
17,5.6,Hells Wells,Starter,Zay Flowers,Bal,WR|W/R/T
17,27.8,Hells Wells,Starter,Bijan Robinson,Atl,RB|W/R/T
17,15.6,Hells Wells,Starter,Chase Brown,Cin,RB|W/R/T
17,1.6,Hells Wells,Starter,Noah Gray,KC,TE|W/R/T
17,10.9,Hells Wells,Starter,Brian Robinson,SF,RB|W/R/T
17,27.2,Hells Wells,Non-Starter,Zach Ertz,Was,TE|W/R/T
17,30.0,Hells Wells,Non-Starter,Adam Thielen,Car,WR|W/R/T
17,0.0,Hells Wells,Non-Starter,Cedric Tillman,Cle,WR|W/R/T
17,7.5,Hells Wells,Starter,Minnesota Vikings,Min,DEF
1,11.88,imdrunkrightnow,Starter,Jared Goff,Det,QB
1,25.4,imdrunkrightnow,Starter,A.J. Brown,Phi,WR|W/R/T
1,25.8,imdrunkrightnow,Starter,Chris Godwin,TB,WR|W/R/T
1,13.9,imdrunkrightnow,Starter,Travis Etienne,Jax,RB|W/R/T
1,3.8,imdrunkrightnow,Starter,Javonte Williams,Dal,RB|W/R/T
1,9.0,imdrunkrightnow,Starter,Trey McBride,Ari,TE|W/R/T
1,22.3,imdrunkrightnow,Starter,Xavier Worthy,KC,WR|W/R/T
1,20.9,imdrunkrightnow,Non-Starter,Tony Pollard,Ten,RB|W/R/T
1,17.3,imdrunkrightnow,Non-Starter,Rashid Shaheed,NO,WR|W/R/T
1,3.0,imdrunkrightnow,Non-Starter,Darnell Mooney,Atl,WR|W/R/T
1,5.5,imdrunkrightnow,Starter,Tampa Bay Buccaneers,TB,DEF
2,5.28,imdrunkrightnow,Starter,Jared Goff,Det,QB
2,27.2,imdrunkrightnow,Starter,Chris Godwin,TB,WR|W/R/T
2,22.9,imdrunkrightnow,Starter,Rashid Shaheed,NO,WR|W/R/T
2,17.3,imdrunkrightnow,Starter,Travis Etienne,Jax,RB|W/R/T
2,17.7,imdrunkrightnow,Starter,Tony Pollard,Ten,RB|W/R/T
2,19.7,imdrunkrightnow,Starter,Trey McBride,Ari,TE|W/R/T
2,4.7,imdrunkrightnow,Starter,Xavier Worthy,KC,WR|W/R/T
2,0.0,imdrunkrightnow,Non-Starter,A.J. Brown,Phi,WR|W/R/T
2,13.0,imdrunkrightnow,Non-Starter,Javonte Williams,Dal,RB|W/R/T
2,19.3,imdrunkrightnow,Non-Starter,Darnell Mooney,Atl,WR|W/R/T
2,7.0,imdrunkrightnow,Starter,Indianapolis Colts,Ind,DEF
3,17.06,imdrunkrightnow,Starter,Jared Goff,Det,QB
3,19.8,imdrunkrightnow,Starter,Chris Godwin,TB,WR|W/R/T
3,0.0,imdrunkrightnow,Starter,Rashid Shaheed,NO,WR|W/R/T
3,14.5,imdrunkrightnow,Starter,Travis Etienne,Jax,RB|W/R/T
3,6.4,imdrunkrightnow,Starter,Tony Pollard,Ten,RB|W/R/T
3,5.5,imdrunkrightnow,Starter,Trey McBride,Ari,TE|W/R/T
3,5.5,imdrunkrightnow,Starter,Xavier Worthy,KC,WR|W/R/T
3,0.0,imdrunkrightnow,Non-Starter,A.J. Brown,Phi,WR|W/R/T
3,6.1,imdrunkrightnow,Non-Starter,Javonte Williams,Dal,RB|W/R/T
3,16.1,imdrunkrightnow,Non-Starter,Darnell Mooney,Atl,WR|W/R/T
3,-1.5,imdrunkrightnow,Starter,Cincinnati Bengals,Cin,DEF
4,31.68,imdrunkrightnow,Starter,Jared Goff,Det,QB
4,14.9,imdrunkrightnow,Starter,Chris Godwin,TB,WR|W/R/T
4,17.7,imdrunkrightnow,Starter,Rashid Shaheed,NO,WR|W/R/T
4,8.5,imdrunkrightnow,Starter,Travis Etienne,Jax,RB|W/R/T
4,20.8,imdrunkrightnow,Starter,Tony Pollard,Ten,RB|W/R/T
4,8.3,imdrunkrightnow,Starter,Colby Parkinson,LAR,TE|W/R/T
4,9.6,imdrunkrightnow,Starter,Darnell Mooney,Atl,WR|W/R/T
4,17.8,imdrunkrightnow,Non-Starter,Xavier Worthy,KC,WR|W/R/T
4,0.0,imdrunkrightnow,Non-Starter,A.J. Brown,Phi,WR|W/R/T
4,13.5,imdrunkrightnow,Non-Starter,Javonte Williams,Dal,RB|W/R/T
4,12.0,imdrunkrightnow,Starter,Las Vegas Raiders,LV,DEF
5,40.36,imdrunkrightnow,Starter,Kirk Cousins,Atl,QB
5,14.1,imdrunkrightnow,Starter,Chris Godwin,TB,WR|W/R/T
5,20.1,imdrunkrightnow,Starter,Rashid Shaheed,NO,WR|W/R/T
5,14.0,imdrunkrightnow,Starter,Travis Etienne,Jax,RB|W/R/T
5,18.1,imdrunkrightnow,Starter,Javonte Williams,Dal,RB|W/R/T
5,26.3,imdrunkrightnow,Starter,Tucker Kraft,GB,TE|W/R/T
5,12.8,imdrunkrightnow,Starter,Xavier Worthy,KC,WR|W/R/T
5,0.0,imdrunkrightnow,Non-Starter,Tony Pollard,Ten,RB|W/R/T
5,0.0,imdrunkrightnow,Non-Starter,Jared Goff,Det,QB
5,0.0,imdrunkrightnow,Non-Starter,A.J. Brown,Phi,WR|W/R/T
5,7.5,imdrunkrightnow,Starter,Las Vegas Raiders,LV,DEF
6,14.5,imdrunkrightnow,Starter,Kirk Cousins,Atl,QB
6,38.0,imdrunkrightnow,Starter,Chris Godwin,TB,WR|W/R/T
6,8.8,imdrunkrightnow,Starter,Rashid Shaheed,NO,WR|W/R/T
6,-0.1,imdrunkrightnow,Starter,Travis Etienne,Jax,RB|W/R/T
6,20.3,imdrunkrightnow,Starter,Tony Pollard,Ten,RB|W/R/T
6,4.5,imdrunkrightnow,Starter,Tucker Kraft,GB,TE|W/R/T
6,26.1,imdrunkrightnow,Starter,A.J. Brown,Phi,WR|W/R/T
6,0.0,imdrunkrightnow,Non-Starter,Xavier Worthy,KC,WR|W/R/T
6,5.6,imdrunkrightnow,Non-Starter,Javonte Williams,Dal,RB|W/R/T
6,31.1,imdrunkrightnow,Non-Starter,Jared Goff,Det,QB
6,6.5,imdrunkrightnow,Starter,Las Vegas Raiders,LV,DEF
7,5.18,imdrunkrightnow,Starter,Kirk Cousins,Atl,QB
7,15.0,imdrunkrightnow,Starter,Chris Godwin,TB,WR|W/R/T
7,22.4,imdrunkrightnow,Starter,A.J. Brown,Phi,WR|W/R/T
7,9.0,imdrunkrightnow,Starter,Tony Pollard,Ten,RB|W/R/T
7,29.6,imdrunkrightnow,Starter,Javonte Williams,Dal,RB|W/R/T
7,13.3,imdrunkrightnow,Starter,Tucker Kraft,GB,TE|W/R/T
7,6.4,imdrunkrightnow,Starter,Xavier Worthy,KC,WR|W/R/T
7,0.0,imdrunkrightnow,Non-Starter,Rashid Shaheed,NO,WR|W/R/T
7,0.0,imdrunkrightnow,Non-Starter,Travis Etienne,Jax,RB|W/R/T
7,22.8,imdrunkrightnow,Non-Starter,Jared Goff,Det,QB
7,19.5,imdrunkrightnow,Starter,Los Angeles Rams,LAR,DEF
8,21.5,imdrunkrightnow,Starter,Jared Goff,Det,QB
8,14.9,imdrunkrightnow,Starter,A.J. Brown,Phi,WR|W/R/T
8,15.2,imdrunkrightnow,Starter,Xavier Worthy,KC,WR|W/R/T
8,18.2,imdrunkrightnow,Starter,Tony Pollard,Ten,RB|W/R/T
8,9.7,imdrunkrightnow,Starter,Javonte Williams,Dal,RB|W/R/T
8,18.3,imdrunkrightnow,Starter,Tucker Kraft,GB,TE|W/R/T
8,4.8,imdrunkrightnow,Starter,Sterling Shepard,TB,WR|W/R/T
8,0.0,imdrunkrightnow,Non-Starter,Travis Etienne,Jax,RB|W/R/T
8,37.14,imdrunkrightnow,Non-Starter,Kirk Cousins,Atl,QB
8,0.0,imdrunkrightnow,Non-Starter,Jauan Jennings,SF,WR|W/R/T
8,10.5,imdrunkrightnow,Starter,Washington Commanders,Was,DEF
9,23.78,imdrunkrightnow,Starter,Kirk Cousins,Atl,QB
9,6.1,imdrunkrightnow,Starter,A.J. Brown,Phi,WR|W/R/T
9,-1.0,imdrunkrightnow,Starter,Xavier Worthy,KC,WR|W/R/T
9,21.4,imdrunkrightnow,Starter,Tony Pollard,Ten,RB|W/R/T
9,12.4,imdrunkrightnow,Starter,Javonte Williams,Dal,RB|W/R/T
9,8.6,imdrunkrightnow,Starter,Tucker Kraft,GB,TE|W/R/T
9,10.5,imdrunkrightnow,Starter,Darius Slayton,NYG,WR|W/R/T
9,11.6,imdrunkrightnow,Non-Starter,Jared Goff,Det,QB
9,5.5,imdrunkrightnow,Non-Starter,Travis Etienne,Jax,RB|W/R/T
9,0.0,imdrunkrightnow,Non-Starter,Jauan Jennings,SF,WR|W/R/T
9,7.0,imdrunkrightnow,Starter,Washington Commanders,Was,DEF
10,2.3,imdrunkrightnow,Starter,Jared Goff,Det,QB
10,17.9,imdrunkrightnow,Starter,A.J. Brown,Phi,WR|W/R/T
10,2.6,imdrunkrightnow,Starter,Xavier Worthy,KC,WR|W/R/T
10,11.8,imdrunkrightnow,Starter,Tony Pollard,Ten,RB|W/R/T
10,2.7,imdrunkrightnow,Starter,Javonte Williams,Dal,RB|W/R/T
10,8.0,imdrunkrightnow,Starter,Taysom Hill,NO,QB|TE|W/R/T
10,18.8,imdrunkrightnow,Starter,Jauan Jennings,SF,WR|W/R/T
10,0.0,imdrunkrightnow,Non-Starter,Tucker Kraft,GB,TE|W/R/T
10,8.24,imdrunkrightnow,Non-Starter,Kirk Cousins,Atl,QB
10,6.3,imdrunkrightnow,Non-Starter,Travis Etienne,Jax,RB|W/R/T
10,8.5,imdrunkrightnow,Starter,New York Giants,NYG,DEF
11,43.58,imdrunkrightnow,Starter,Jared Goff,Det,QB
11,13.5,imdrunkrightnow,Starter,A.J. Brown,Phi,WR|W/R/T
11,28.6,imdrunkrightnow,Starter,Jauan Jennings,SF,WR|W/R/T
11,5.9,imdrunkrightnow,Starter,Tony Pollard,Ten,RB|W/R/T
11,6.8,imdrunkrightnow,Starter,Travis Etienne,Jax,RB|W/R/T
11,0.0,imdrunkrightnow,Starter,Tucker Kraft,GB,TE|W/R/T
11,11.4,imdrunkrightnow,Starter,DeMario Douglas,NE,WR|W/R/T
11,18.3,imdrunkrightnow,Non-Starter,Xavier Worthy,KC,WR|W/R/T
11,21.7,imdrunkrightnow,Non-Starter,Javonte Williams,Dal,RB|W/R/T
11,2.92,imdrunkrightnow,Non-Starter,Kirk Cousins,Atl,QB
11,7.0,imdrunkrightnow,Starter,New Orleans Saints,NO,DEF
12,10.76,imdrunkrightnow,Starter,Jared Goff,Det,QB
12,25.9,imdrunkrightnow,Starter,A.J. Brown,Phi,WR|W/R/T
12,9.5,imdrunkrightnow,Starter,Jauan Jennings,SF,WR|W/R/T
12,24.4,imdrunkrightnow,Starter,Tony Pollard,Ten,RB|W/R/T
12,2.4,imdrunkrightnow,Starter,Javonte Williams,Dal,RB|W/R/T
12,11.6,imdrunkrightnow,Starter,Tucker Kraft,GB,TE|W/R/T
12,12.3,imdrunkrightnow,Starter,DeMario Douglas,NE,WR|W/R/T
12,0.0,imdrunkrightnow,Non-Starter,Travis Etienne,Jax,RB|W/R/T
12,10.6,imdrunkrightnow,Non-Starter,Xavier Worthy,KC,WR|W/R/T
12,0.4,imdrunkrightnow,Non-Starter,Christian Watson,GB,WR|W/R/T
12,14.0,imdrunkrightnow,Starter,Tampa Bay Buccaneers,TB,DEF
13,21.44,imdrunkrightnow,Starter,Jared Goff,Det,QB
13,13.6,imdrunkrightnow,Starter,A.J. Brown,Phi,WR|W/R/T
13,10.1,imdrunkrightnow,Starter,Jauan Jennings,SF,WR|W/R/T
13,9.8,imdrunkrightnow,Starter,Tony Pollard,Ten,RB|W/R/T
13,7.9,imdrunkrightnow,Starter,Javonte Williams,Dal,RB|W/R/T
13,11.2,imdrunkrightnow,Starter,Taysom Hill,NO,QB|TE|W/R/T
13,10.6,imdrunkrightnow,Starter,Alec Pierce,Ind,WR|W/R/T
13,15.8,imdrunkrightnow,Non-Starter,Tucker Kraft,GB,TE|W/R/T
13,9.8,imdrunkrightnow,Non-Starter,Travis Etienne,Jax,RB|W/R/T
13,11.9,imdrunkrightnow,Non-Starter,Xavier Worthy,KC,WR|W/R/T
13,17.0,imdrunkrightnow,Starter,Seattle Seahawks,Sea,DEF
14,26.52,imdrunkrightnow,Starter,Jared Goff,Det,QB
14,10.3,imdrunkrightnow,Starter,A.J. Brown,Phi,WR|W/R/T
14,30.0,imdrunkrightnow,Starter,Jauan Jennings,SF,WR|W/R/T
14,18.4,imdrunkrightnow,Starter,Tony Pollard,Ten,RB|W/R/T
14,12.5,imdrunkrightnow,Starter,Travis Etienne,Jax,RB|W/R/T
14,14.1,imdrunkrightnow,Starter,Tucker Kraft,GB,TE|W/R/T
14,10.6,imdrunkrightnow,Starter,Xavier Worthy,KC,WR|W/R/T
14,0.0,imdrunkrightnow,Non-Starter,Taysom Hill,NO,QB|TE|W/R/T
14,0.0,imdrunkrightnow,Non-Starter,Javonte Williams,Dal,RB|W/R/T
14,0.0,imdrunkrightnow,Non-Starter,Alec Pierce,Ind,WR|W/R/T
14,11.5,imdrunkrightnow,Starter,Jacksonville Jaguars,Jax,DEF
1,30.62,Lamartyrs’ Brigade,Starter,Lamar Jackson,Bal,QB
1,4.3,Lamartyrs’ Brigade,Starter,Amon-Ra St. Brown,Det,WR|W/R/T
1,4.2,Lamartyrs’ Brigade,Starter,Terry McLaurin,Was,WR|W/R/T
1,19.3,Lamartyrs’ Brigade,Starter,David Montgomery,Det,RB|W/R/T
1,11.7,Lamartyrs’ Brigade,Starter,Austin Ekeler,Was,RB|W/R/T
1,4.6,Lamartyrs’ Brigade,Starter,Dalton Schultz,Hou,TE|W/R/T
1,10.4,Lamartyrs’ Brigade,Starter,Tank Dell,Hou,WR|W/R/T
1,13.3,Lamartyrs’ Brigade,Non-Starter,Brock Bowers,LV,TE|W/R/T
1,0.0,Lamartyrs’ Brigade,Non-Starter,Marquise Brown,KC,WR|W/R/T
1,0.9,Lamartyrs’ Brigade,Non-Starter,Khalil Herbert,Ind,RB|W/R/T
1,8.0,Lamartyrs’ Brigade,Starter,San Francisco 49ers,SF,DEF
2,16.88,Lamartyrs’ Brigade,Starter,Lamar Jackson,Bal,QB
2,26.4,Lamartyrs’ Brigade,Starter,Amon-Ra St. Brown,Det,WR|W/R/T
2,8.7,Lamartyrs’ Brigade,Starter,Terry McLaurin,Was,WR|W/R/T
2,18.5,Lamartyrs’ Brigade,Starter,David Montgomery,Det,RB|W/R/T
2,13.0,Lamartyrs’ Brigade,Starter,Austin Ekeler,Was,RB|W/R/T
2,21.3,Lamartyrs’ Brigade,Starter,Brock Bowers,LV,TE|W/R/T
2,2.8,Lamartyrs’ Brigade,Starter,Tank Dell,Hou,WR|W/R/T
2,4.6,Lamartyrs’ Brigade,Non-Starter,Dalton Schultz,Hou,TE|W/R/T
2,0.0,Lamartyrs’ Brigade,Non-Starter,Marquise Brown,KC,WR|W/R/T
2,9.7,Lamartyrs’ Brigade,Non-Starter,Khalil Herbert,Ind,RB|W/R/T
2,11.0,Lamartyrs’ Brigade,Starter,San Francisco 49ers,SF,DEF
3,30.98,Lamartyrs’ Brigade,Starter,Lamar Jackson,Bal,QB
3,23.5,Lamartyrs’ Brigade,Starter,Amon-Ra St. Brown,Det,WR|W/R/T
3,22.0,Lamartyrs’ Brigade,Starter,Terry McLaurin,Was,WR|W/R/T
3,24.7,Lamartyrs’ Brigade,Starter,David Montgomery,Det,RB|W/R/T
3,15.2,Lamartyrs’ Brigade,Starter,Austin Ekeler,Was,RB|W/R/T
3,8.1,Lamartyrs’ Brigade,Starter,Brock Bowers,LV,TE|W/R/T
3,12.7,Lamartyrs’ Brigade,Starter,Tank Dell,Hou,WR|W/R/T
3,3.6,Lamartyrs’ Brigade,Non-Starter,Dalton Schultz,Hou,TE|W/R/T
3,0.0,Lamartyrs’ Brigade,Non-Starter,Marquise Brown,KC,WR|W/R/T
3,0.9,Lamartyrs’ Brigade,Non-Starter,Khalil Herbert,Ind,RB|W/R/T
3,6.0,Lamartyrs’ Brigade,Starter,San Francisco 49ers,SF,DEF
4,28.64,Lamartyrs’ Brigade,Starter,Lamar Jackson,Bal,QB
4,23.78,Lamartyrs’ Brigade,Starter,Amon-Ra St. Brown,Det,WR|W/R/T
4,20.2,Lamartyrs’ Brigade,Starter,Terry McLaurin,Was,WR|W/R/T
4,17.0,Lamartyrs’ Brigade,Starter,David Montgomery,Det,RB|W/R/T
4,3.4,Lamartyrs’ Brigade,Starter,Ezekiel Elliott,Dal,RB|W/R/T
4,6.1,Lamartyrs’ Brigade,Starter,Brock Bowers,LV,TE|W/R/T
4,12.3,Lamartyrs’ Brigade,Starter,Allen Lazard,NYJ,WR|W/R/T
4,7.4,Lamartyrs’ Brigade,Non-Starter,Dalton Schultz,Hou,TE|W/R/T
4,0.0,Lamartyrs’ Brigade,Non-Starter,Austin Ekeler,Was,RB|W/R/T
4,0.0,Lamartyrs’ Brigade,Non-Starter,Tank Dell,Hou,WR|W/R/T
4,26.5,Lamartyrs’ Brigade,Starter,San Francisco 49ers,SF,DEF
5,41.92,Lamartyrs’ Brigade,Starter,Lamar Jackson,Bal,QB
5,15.4,Lamartyrs’ Brigade,Starter,Terry McLaurin,Was,WR|W/R/T
5,14.4,Lamartyrs’ Brigade,Starter,Allen Lazard,NYJ,WR|W/R/T
5,13.2,Lamartyrs’ Brigade,Starter,Austin Ekeler,Was,RB|W/R/T
5,16.0,Lamartyrs’ Brigade,Starter,Roschon Johnson,Chi,RB|W/R/T
5,25.7,Lamartyrs’ Brigade,Starter,Brock Bowers,LV,TE|W/R/T
5,7.8,Lamartyrs’ Brigade,Starter,Tank Dell,Hou,WR|W/R/T
5,0.0,Lamartyrs’ Brigade,Non-Starter,Amon-Ra St. Brown,Det,WR|W/R/T
5,0.0,Lamartyrs’ Brigade,Non-Starter,David Montgomery,Det,RB|W/R/T
5,8.4,Lamartyrs’ Brigade,Non-Starter,Dalton Schultz,Hou,TE|W/R/T
5,14.0,Lamartyrs’ Brigade,Starter,San Francisco 49ers,SF,DEF
6,20.42,Lamartyrs’ Brigade,Starter,Lamar Jackson,Bal,QB
6,25.8,Lamartyrs’ Brigade,Starter,Terry McLaurin,Was,WR|W/R/T
6,21.2,Lamartyrs’ Brigade,Starter,Tank Dell,Hou,WR|W/R/T
6,11.8,Lamartyrs’ Brigade,Starter,Austin Ekeler,Was,RB|W/R/T
6,23.5,Lamartyrs’ Brigade,Starter,David Montgomery,Det,RB|W/R/T
6,17.1,Lamartyrs’ Brigade,Starter,Brock Bowers,LV,TE|W/R/T
6,15.7,Lamartyrs’ Brigade,Starter,Amon-Ra St. Brown,Det,WR|W/R/T
6,25.4,Lamartyrs’ Brigade,Non-Starter,Allen Lazard,NYJ,WR|W/R/T
6,6.3,Lamartyrs’ Brigade,Non-Starter,Roschon Johnson,Chi,RB|W/R/T
6,0.0,Lamartyrs’ Brigade,Non-Starter,JuJu Smith-Schuster,KC,WR|W/R/T
6,9.5,Lamartyrs’ Brigade,Starter,San Francisco 49ers,SF,DEF
7,45.94,Lamartyrs’ Brigade,Starter,Lamar Jackson,Bal,QB
7,18.3,Lamartyrs’ Brigade,Starter,Terry McLaurin,Was,WR|W/R/T
7,0.0,Lamartyrs’ Brigade,Starter,Tank Dell,Hou,WR|W/R/T
7,4.0,Lamartyrs’ Brigade,Starter,Austin Ekeler,Was,RB|W/R/T
7,8.5,Lamartyrs’ Brigade,Starter,David Montgomery,Det,RB|W/R/T
7,22.3,Lamartyrs’ Brigade,Starter,Brock Bowers,LV,TE|W/R/T
7,28.7,Lamartyrs’ Brigade,Starter,Amon-Ra St. Brown,Det,WR|W/R/T
7,11.8,Lamartyrs’ Brigade,Non-Starter,Allen Lazard,NYJ,WR|W/R/T
7,0.0,Lamartyrs’ Brigade,Non-Starter,Roschon Johnson,Chi,RB|W/R/T
7,0.0,Lamartyrs’ Brigade,Non-Starter,JuJu Smith-Schuster,KC,WR|W/R/T
7,6.5,Lamartyrs’ Brigade,Starter,San Francisco 49ers,SF,DEF
8,29.16,Lamartyrs’ Brigade,Starter,Lamar Jackson,Bal,QB
8,20.0,Lamartyrs’ Brigade,Starter,Terry McLaurin,Was,WR|W/R/T
8,14.5,Lamartyrs’ Brigade,Starter,Tank Dell,Hou,WR|W/R/T
8,8.3,Lamartyrs’ Brigade,Starter,Austin Ekeler,Was,RB|W/R/T
8,18.42,Lamartyrs’ Brigade,Starter,David Montgomery,Det,RB|W/R/T
8,12.3,Lamartyrs’ Brigade,Starter,Brock Bowers,LV,TE|W/R/T
8,9.2,Lamartyrs’ Brigade,Starter,Amon-Ra St. Brown,Det,WR|W/R/T
8,0.0,Lamartyrs’ Brigade,Non-Starter,Allen Lazard,NYJ,WR|W/R/T
8,7.1,Lamartyrs’ Brigade,Non-Starter,Roschon Johnson,Chi,RB|W/R/T
8,0.0,Lamartyrs’ Brigade,Non-Starter,JuJu Smith-Schuster,KC,WR|W/R/T
8,9.0,Lamartyrs’ Brigade,Starter,San Francisco 49ers,SF,DEF
9,30.1,Lamartyrs’ Brigade,Starter,Lamar Jackson,Bal,QB
9,16.9,Lamartyrs’ Brigade,Starter,Terry McLaurin,Was,WR|W/R/T
9,20.6,Lamartyrs’ Brigade,Starter,Tank Dell,Hou,WR|W/R/T
9,19.8,Lamartyrs’ Brigade,Starter,Austin Ekeler,Was,RB|W/R/T
9,16.1,Lamartyrs’ Brigade,Starter,David Montgomery,Det,RB|W/R/T
9,16.5,Lamartyrs’ Brigade,Starter,Brock Bowers,LV,TE|W/R/T
9,20.6,Lamartyrs’ Brigade,Starter,Amon-Ra St. Brown,Det,WR|W/R/T
9,0.0,Lamartyrs’ Brigade,Non-Starter,JuJu Smith-Schuster,KC,WR|W/R/T
9,0.0,Lamartyrs’ Brigade,Non-Starter,Isaac Guerendo,SF,RB|W/R/T
9,6.0,Lamartyrs’ Brigade,Starter,Atlanta Falcons,Atl,DEF
9,0.0,Lamartyrs’ Brigade,Non-Starter,San Francisco 49ers,SF,DEF
10,41.9,Lamartyrs’ Brigade,Starter,Lamar Jackson,Bal,QB
10,18.3,Lamartyrs’ Brigade,Starter,Terry McLaurin,Was,WR|W/R/T
10,20.0,Lamartyrs’ Brigade,Starter,Amon-Ra St. Brown,Det,WR|W/R/T
10,21.6,Lamartyrs’ Brigade,Starter,Austin Ekeler,Was,RB|W/R/T
10,14.6,Lamartyrs’ Brigade,Starter,David Montgomery,Det,RB|W/R/T
10,8.5,Lamartyrs’ Brigade,Starter,Jonnu Smith,Pit,TE|W/R/T
10,9.8,Lamartyrs’ Brigade,Starter,Tank Dell,Hou,WR|W/R/T
10,0.0,Lamartyrs’ Brigade,Non-Starter,Brock Bowers,LV,TE|W/R/T
10,0.0,Lamartyrs’ Brigade,Non-Starter,JuJu Smith-Schuster,KC,WR|W/R/T
10,0.0,Lamartyrs’ Brigade,Non-Starter,Parker Washington,Jax,WR|W/R/T
10,7.5,Lamartyrs’ Brigade,Starter,San Francisco 49ers,SF,DEF
11,15.88,Lamartyrs’ Brigade,Starter,Lamar Jackson,Bal,QB
11,2.5,Lamartyrs’ Brigade,Starter,Terry McLaurin,Was,WR|W/R/T
11,43.7,Lamartyrs’ Brigade,Starter,Amon-Ra St. Brown,Det,WR|W/R/T
11,19.1,Lamartyrs’ Brigade,Starter,Austin Ekeler,Was,RB|W/R/T
11,28.5,Lamartyrs’ Brigade,Starter,David Montgomery,Det,RB|W/R/T
11,36.3,Lamartyrs’ Brigade,Starter,Brock Bowers,LV,TE|W/R/T
11,11.3,Lamartyrs’ Brigade,Starter,Tank Dell,Hou,WR|W/R/T
11,31.1,Lamartyrs’ Brigade,Non-Starter,Jonnu Smith,Pit,TE|W/R/T
11,2.3,Lamartyrs’ Brigade,Non-Starter,JuJu Smith-Schuster,KC,WR|W/R/T
11,2.0,Lamartyrs’ Brigade,Non-Starter,Parker Washington,Jax,WR|W/R/T
11,9.0,Lamartyrs’ Brigade,Starter,San Francisco 49ers,SF,DEF
12,27.08,Lamartyrs’ Brigade,Starter,Lamar Jackson,Bal,QB
12,21.7,Lamartyrs’ Brigade,Starter,Terry McLaurin,Was,WR|W/R/T
12,14.2,Lamartyrs’ Brigade,Starter,Amon-Ra St. Brown,Det,WR|W/R/T
12,4.9,Lamartyrs’ Brigade,Starter,Austin Ekeler,Was,RB|W/R/T
12,18.3,Lamartyrs’ Brigade,Starter,David Montgomery,Det,RB|W/R/T
12,7.8,Lamartyrs’ Brigade,Starter,Brock Bowers,LV,TE|W/R/T
12,11.7,Lamartyrs’ Brigade,Starter,Tank Dell,Hou,WR|W/R/T
12,26.7,Lamartyrs’ Brigade,Non-Starter,Jonnu Smith,Pit,TE|W/R/T
12,1.6,Lamartyrs’ Brigade,Non-Starter,JuJu Smith-Schuster,KC,WR|W/R/T
12,0.0,Lamartyrs’ Brigade,Non-Starter,Parker Washington,Jax,WR|W/R/T
12,2.0,Lamartyrs’ Brigade,Starter,San Francisco 49ers,SF,DEF
13,31.88,Lamartyrs’ Brigade,Starter,Lamar Jackson,Bal,QB
13,30.3,Lamartyrs’ Brigade,Starter,Terry McLaurin,Was,WR|W/R/T
13,13.3,Lamartyrs’ Brigade,Starter,Amon-Ra St. Brown,Det,WR|W/R/T
13,18.9,Lamartyrs’ Brigade,Starter,David Montgomery,Det,RB|W/R/T
13,3.7,Lamartyrs’ Brigade,Starter,Tyler Allgeier,Atl,RB|W/R/T
13,33.2,Lamartyrs’ Brigade,Starter,Brock Bowers,LV,TE|W/R/T
13,3.8,Lamartyrs’ Brigade,Starter,Tank Dell,Hou,WR|W/R/T
13,0.0,Lamartyrs’ Brigade,Non-Starter,Austin Ekeler,Was,RB|W/R/T
13,24.8,Lamartyrs’ Brigade,Non-Starter,Jonnu Smith,Pit,TE|W/R/T
13,2.5,Lamartyrs’ Brigade,Non-Starter,JuJu Smith-Schuster,KC,WR|W/R/T
13,-1.0,Lamartyrs’ Brigade,Starter,San Francisco 49ers,SF,DEF
14,18.56,Lamartyrs’ Brigade,Starter,Caleb Williams,Chi,QB
14,11.8,Lamartyrs’ Brigade,Starter,Amon-Ra St. Brown,Det,WR|W/R/T
14,14.4,Lamartyrs’ Brigade,Starter,Christian Watson,GB,WR|W/R/T
14,21.9,Lamartyrs’ Brigade,Starter,David Montgomery,Det,RB|W/R/T
14,10.6,Lamartyrs’ Brigade,Starter,Gus Edwards,LAC,RB|W/R/T
14,9.7,Lamartyrs’ Brigade,Starter,Brock Bowers,LV,TE|W/R/T
14,14.9,Lamartyrs’ Brigade,Starter,Jonnu Smith,Pit,TE|W/R/T
14,0.0,Lamartyrs’ Brigade,Non-Starter,Terry McLaurin,Was,WR|W/R/T
14,0.0,Lamartyrs’ Brigade,Non-Starter,Tank Dell,Hou,WR|W/R/T
14,0.0,Lamartyrs’ Brigade,Non-Starter,Lamar Jackson,Bal,QB
14,19.0,Lamartyrs’ Brigade,Starter,San Francisco 49ers,SF,DEF
15,48.1,Lamartyrs’ Brigade,Starter,Lamar Jackson,Bal,QB
15,40.8,Lamartyrs’ Brigade,Starter,Amon-Ra St. Brown,Det,WR|W/R/T
15,28.8,Lamartyrs’ Brigade,Starter,Terry McLaurin,Was,WR|W/R/T
15,8.5,Lamartyrs’ Brigade,Starter,David Montgomery,Det,RB|W/R/T
15,2.8,Lamartyrs’ Brigade,Starter,Gus Edwards,LAC,RB|W/R/T
15,7.0,Lamartyrs’ Brigade,Starter,Brock Bowers,LV,TE|W/R/T
15,21.3,Lamartyrs’ Brigade,Starter,Jonnu Smith,Pit,TE|W/R/T
15,9.6,Lamartyrs’ Brigade,Non-Starter,Christian Watson,GB,WR|W/R/T
15,11.94,Lamartyrs’ Brigade,Non-Starter,Caleb Williams,Chi,QB
15,7.6,Lamartyrs’ Brigade,Non-Starter,Tank Dell,Hou,WR|W/R/T
15,7.0,Lamartyrs’ Brigade,Starter,San Francisco 49ers,SF,DEF
16,24.98,Lamartyrs’ Brigade,Starter,Lamar Jackson,Bal,QB
16,21.0,Lamartyrs’ Brigade,Starter,Amon-Ra St. Brown,Det,WR|W/R/T
16,19.0,Lamartyrs’ Brigade,Starter,Terry McLaurin,Was,WR|W/R/T
16,0.0,Lamartyrs’ Brigade,Starter,David Montgomery,Det,RB|W/R/T
16,21.6,Lamartyrs’ Brigade,Starter,Gus Edwards,LAC,RB|W/R/T
16,23.9,Lamartyrs’ Brigade,Starter,Brock Bowers,LV,TE|W/R/T
16,13.7,Lamartyrs’ Brigade,Starter,Jonnu Smith,Pit,TE|W/R/T
16,2.8,Lamartyrs’ Brigade,Non-Starter,Christian Watson,GB,WR|W/R/T
16,27.26,Lamartyrs’ Brigade,Non-Starter,Caleb Williams,Chi,QB
16,24.8,Lamartyrs’ Brigade,Non-Starter,Tank Dell,Hou,WR|W/R/T
16,0.5,Lamartyrs’ Brigade,Starter,San Francisco 49ers,SF,DEF
17,34.92,Lamartyrs’ Brigade,Starter,Lamar Jackson,Bal,QB
17,22.5,Lamartyrs’ Brigade,Starter,Amon-Ra St. Brown,Det,WR|W/R/T
17,1.5,Lamartyrs’ Brigade,Starter,Terry McLaurin,Was,WR|W/R/T
17,0.0,Lamartyrs’ Brigade,Starter,David Montgomery,Det,RB|W/R/T
17,0.0,Lamartyrs’ Brigade,Starter,Gus Edwards,LAC,RB|W/R/T
17,17.1,Lamartyrs’ Brigade,Starter,Brock Bowers,LV,TE|W/R/T
17,12.6,Lamartyrs’ Brigade,Starter,Jonnu Smith,Pit,TE|W/R/T
17,0.0,Lamartyrs’ Brigade,Non-Starter,Christian Watson,GB,WR|W/R/T
17,5.08,Lamartyrs’ Brigade,Non-Starter,Caleb Williams,Chi,QB
17,0.0,Lamartyrs’ Brigade,Non-Starter,Tank Dell,Hou,WR|W/R/T
17,3.5,Lamartyrs’ Brigade,Starter,San Francisco 49ers,SF,DEF
1,15.64,Tatt’s Terrific Team,Starter,Patrick Mahomes,KC,QB
1,35.1,Tatt’s Terrific Team,Starter,Jayden Reed,GB,WR|W/R/T
1,8.8,Tatt’s Terrific Team,Starter,Courtland Sutton,Den,WR|W/R/T
1,24.5,Tatt’s Terrific Team,Starter,De'Von Achane,Mia,RB|W/R/T
1,21.9,Tatt’s Terrific Team,Starter,Aaron Jones,Min,RB|W/R/T
1,8.5,Tatt’s Terrific Team,Starter,George Kittle,SF,TE|W/R/T
1,10.4,Tatt’s Terrific Team,Starter,Najee Harris,LAC,RB|W/R/T
1,12.5,Tatt’s Terrific Team,Non-Starter,Jerry Jeudy,Cle,WR|W/R/T
1,10.4,Tatt’s Terrific Team,Non-Starter,Jakobi Meyers,LV,WR|W/R/T
1,8.3,Tatt’s Terrific Team,Non-Starter,Tank Bigsby,Jax,RB|W/R/T
1,5.0,Tatt’s Terrific Team,Starter,Philadelphia Eagles,Phi,DEF
2,13.44,Tatt’s Terrific Team,Starter,Patrick Mahomes,KC,QB
2,7.6,Tatt’s Terrific Team,Starter,Jayden Reed,GB,WR|W/R/T
2,4.1,Tatt’s Terrific Team,Starter,Courtland Sutton,Den,WR|W/R/T
2,10.8,Tatt’s Terrific Team,Starter,Aaron Jones,Min,RB|W/R/T
2,9.4,Tatt’s Terrific Team,Starter,Najee Harris,LAC,RB|W/R/T
2,22.6,Tatt’s Terrific Team,Starter,George Kittle,SF,TE|W/R/T
2,34.0,Tatt’s Terrific Team,Starter,De'Von Achane,Mia,RB|W/R/T
2,13.8,Tatt’s Terrific Team,Non-Starter,Jerry Jeudy,Cle,WR|W/R/T
2,7.9,Tatt’s Terrific Team,Non-Starter,Jakobi Meyers,LV,WR|W/R/T
2,0.0,Tatt’s Terrific Team,Non-Starter,Tank Bigsby,Jax,RB|W/R/T
2,2.5,Tatt’s Terrific Team,Starter,Philadelphia Eagles,Phi,DEF
3,18.88,Tatt’s Terrific Team,Starter,Patrick Mahomes,KC,QB
3,11.9,Tatt’s Terrific Team,Starter,Jayden Reed,GB,WR|W/R/T
3,9.2,Tatt’s Terrific Team,Starter,Jerry Jeudy,Cle,WR|W/R/T
3,28.8,Tatt’s Terrific Team,Starter,Aaron Jones,Min,RB|W/R/T
3,15.1,Tatt’s Terrific Team,Starter,Najee Harris,LAC,RB|W/R/T
3,4.3,Tatt’s Terrific Team,Starter,Jonnu Smith,Pit,TE|W/R/T
3,10.3,Tatt’s Terrific Team,Starter,De'Von Achane,Mia,RB|W/R/T
3,0.0,Tatt’s Terrific Team,Non-Starter,George Kittle,SF,TE|W/R/T
3,23.2,Tatt’s Terrific Team,Non-Starter,Jakobi Meyers,LV,WR|W/R/T
3,1.4,Tatt’s Terrific Team,Non-Starter,Tank Bigsby,Jax,RB|W/R/T
3,11.0,Tatt’s Terrific Team,Starter,Philadelphia Eagles,Phi,DEF
4,13.5,Tatt’s Terrific Team,Starter,Patrick Mahomes,KC,QB
4,30.1,Tatt’s Terrific Team,Starter,Jayden Reed,GB,WR|W/R/T
4,11.4,Tatt’s Terrific Team,Starter,Jakobi Meyers,LV,WR|W/R/T
4,21.4,Tatt’s Terrific Team,Starter,Aaron Jones,Min,RB|W/R/T
4,12.3,Tatt’s Terrific Team,Starter,Najee Harris,LAC,RB|W/R/T
4,16.0,Tatt’s Terrific Team,Starter,George Kittle,SF,TE|W/R/T
4,5.9,Tatt’s Terrific Team,Starter,De'Von Achane,Mia,RB|W/R/T
4,15.2,Tatt’s Terrific Team,Non-Starter,Jerry Jeudy,Cle,WR|W/R/T
4,10.0,Tatt’s Terrific Team,Non-Starter,Tank Bigsby,Jax,RB|W/R/T
4,5.6,Tatt’s Terrific Team,Non-Starter,Noah Fant,Cin,TE|W/R/T
4,7.0,Tatt’s Terrific Team,Starter,Philadelphia Eagles,Phi,DEF
5,12.94,Tatt’s Terrific Team,Starter,Patrick Mahomes,KC,QB
5,15.2,Tatt’s Terrific Team,Starter,Jayden Reed,GB,WR|W/R/T
5,15.2,Tatt’s Terrific Team,Starter,Jakobi Meyers,LV,WR|W/R/T
5,6.8,Tatt’s Terrific Team,Starter,Aaron Jones,Min,RB|W/R/T
5,12.7,Tatt’s Terrific Team,Starter,Najee Harris,LAC,RB|W/R/T
5,22.9,Tatt’s Terrific Team,Starter,George Kittle,SF,TE|W/R/T
5,3.2,Tatt’s Terrific Team,Starter,De'Von Achane,Mia,RB|W/R/T
5,3.1,Tatt’s Terrific Team,Non-Starter,Jerry Jeudy,Cle,WR|W/R/T
5,27.9,Tatt’s Terrific Team,Non-Starter,Tank Bigsby,Jax,RB|W/R/T
5,5.9,Tatt’s Terrific Team,Non-Starter,Noah Fant,Cin,TE|W/R/T
5,13.5,Tatt’s Terrific Team,Starter,Seattle Seahawks,Sea,DEF
6,36.14,Tatt’s Terrific Team,Starter,Caleb Williams,Chi,QB
6,15.8,Tatt’s Terrific Team,Starter,Jayden Reed,GB,WR|W/R/T
6,0.0,Tatt’s Terrific Team,Starter,Jakobi Meyers,LV,WR|W/R/T
6,22.7,Tatt’s Terrific Team,Starter,Najee Harris,LAC,RB|W/R/T
6,2.9,Tatt’s Terrific Team,Starter,Tank Bigsby,Jax,RB|W/R/T
6,24.3,Tatt’s Terrific Team,Starter,George Kittle,SF,TE|W/R/T
6,5.0,Tatt’s Terrific Team,Starter,Jerry Jeudy,Cle,WR|W/R/T
6,0.0,Tatt’s Terrific Team,Non-Starter,Patrick Mahomes,KC,QB
6,0.0,Tatt’s Terrific Team,Non-Starter,De'Von Achane,Mia,RB|W/R/T
6,0.0,Tatt’s Terrific Team,Non-Starter,Aaron Jones,Min,RB|W/R/T
6,9.5,Tatt’s Terrific Team,Starter,Los Angeles Chargers,LAC,DEF
7,9.56,Tatt’s Terrific Team,Starter,Patrick Mahomes,KC,QB
7,3.0,Tatt’s Terrific Team,Starter,Jayden Reed,GB,WR|W/R/T
7,3.3,Tatt’s Terrific Team,Starter,Jerry Jeudy,Cle,WR|W/R/T
7,18.2,Tatt’s Terrific Team,Starter,Najee Harris,LAC,RB|W/R/T
7,23.1,Tatt’s Terrific Team,Starter,Aaron Jones,Min,RB|W/R/T
7,16.7,Tatt’s Terrific Team,Starter,George Kittle,SF,TE|W/R/T
7,12.0,Tatt’s Terrific Team,Starter,De'Von Achane,Mia,RB|W/R/T
7,0.0,Tatt’s Terrific Team,Non-Starter,Jakobi Meyers,LV,WR|W/R/T
7,27.8,Tatt’s Terrific Team,Non-Starter,Tank Bigsby,Jax,RB|W/R/T
7,0.0,Tatt’s Terrific Team,Non-Starter,Caleb Williams,Chi,QB
7,4.0,Tatt’s Terrific Team,Starter,Los Angeles Chargers,LAC,DEF
8,10.94,Tatt’s Terrific Team,Starter,Caleb Williams,Chi,QB
8,8.0,Tatt’s Terrific Team,Starter,Jayden Reed,GB,WR|W/R/T
8,14.9,Tatt’s Terrific Team,Starter,Jerry Jeudy,Cle,WR|W/R/T
8,13.5,Tatt’s Terrific Team,Starter,Aaron Jones,Min,RB|W/R/T
8,12.1,Tatt’s Terrific Team,Starter,Tank Bigsby,Jax,RB|W/R/T
8,27.3,Tatt’s Terrific Team,Starter,George Kittle,SF,TE|W/R/T
8,29.2,Tatt’s Terrific Team,Starter,De'Von Achane,Mia,RB|W/R/T
8,21.18,Tatt’s Terrific Team,Non-Starter,Patrick Mahomes,KC,QB
8,18.6,Tatt’s Terrific Team,Non-Starter,Najee Harris,LAC,RB|W/R/T
8,19.2,Tatt’s Terrific Team,Non-Starter,Jakobi Meyers,LV,WR|W/R/T
8,16.5,Tatt’s Terrific Team,Starter,Los Angeles Chargers,LAC,DEF
9,31.04,Tatt’s Terrific Team,Starter,Patrick Mahomes,KC,QB
9,21.5,Tatt’s Terrific Team,Starter,Jakobi Meyers,LV,WR|W/R/T
9,18.3,Tatt’s Terrific Team,Starter,Jayden Reed,GB,WR|W/R/T
9,14.7,Tatt’s Terrific Team,Starter,Aaron Jones,Min,RB|W/R/T
9,2.7,Tatt’s Terrific Team,Starter,Tank Bigsby,Jax,RB|W/R/T
9,6.2,Tatt’s Terrific Team,Starter,T.J. Hockenson,Min,TE|W/R/T
9,36.6,Tatt’s Terrific Team,Starter,De'Von Achane,Mia,RB|W/R/T
9,0.0,Tatt’s Terrific Team,Non-Starter,George Kittle,SF,TE|W/R/T
9,16.8,Tatt’s Terrific Team,Non-Starter,Jerry Jeudy,Cle,WR|W/R/T
9,0.0,Tatt’s Terrific Team,Non-Starter,Najee Harris,LAC,RB|W/R/T
9,24.0,Tatt’s Terrific Team,Starter,Los Angeles Chargers,LAC,DEF
10,19.04,Tatt’s Terrific Team,Starter,Patrick Mahomes,KC,QB
10,10.9,Tatt’s Terrific Team,Starter,Quentin Johnston,LAC,WR|W/R/T
10,3.8,Tatt’s Terrific Team,Starter,Demarcus Robinson,SF,WR|W/R/T
10,13.6,Tatt’s Terrific Team,Starter,Aaron Jones,Min,RB|W/R/T
10,11.7,Tatt’s Terrific Team,Starter,De'Von Achane,Mia,RB|W/R/T
10,16.2,Tatt’s Terrific Team,Starter,George Kittle,SF,TE|W/R/T
10,13.3,Tatt’s Terrific Team,Starter,Najee Harris,LAC,RB|W/R/T
10,0.0,Tatt’s Terrific Team,Non-Starter,Jayden Reed,GB,WR|W/R/T
10,0.0,Tatt’s Terrific Team,Non-Starter,Jakobi Meyers,LV,WR|W/R/T
10,0.4,Tatt’s Terrific Team,Non-Starter,Tank Bigsby,Jax,RB|W/R/T
10,13.0,Tatt’s Terrific Team,Starter,Los Angeles Chargers,LAC,DEF
11,17.84,Tatt’s Terrific Team,Starter,Patrick Mahomes,KC,QB
11,10.8,Tatt’s Terrific Team,Starter,Jayden Reed,GB,WR|W/R/T
11,9.8,Tatt’s Terrific Team,Starter,Jakobi Meyers,LV,WR|W/R/T
11,5.3,Tatt’s Terrific Team,Starter,Aaron Jones,Min,RB|W/R/T
11,23.0,Tatt’s Terrific Team,Starter,De'Von Achane,Mia,RB|W/R/T
11,19.5,Tatt’s Terrific Team,Starter,Will Dissly,LAC,TE|W/R/T
11,16.3,Tatt’s Terrific Team,Starter,Najee Harris,LAC,RB|W/R/T
11,0.0,Tatt’s Terrific Team,Non-Starter,George Kittle,SF,TE|W/R/T
11,4.4,Tatt’s Terrific Team,Non-Starter,Demarcus Robinson,SF,WR|W/R/T
11,0.0,Tatt’s Terrific Team,Non-Starter,Tank Bigsby,Jax,RB|W/R/T
11,8.0,Tatt’s Terrific Team,Starter,Miami Dolphins,Mia,DEF
12,36.26,Tatt’s Terrific Team,Starter,Patrick Mahomes,KC,QB
12,6.1,Tatt’s Terrific Team,Starter,Jayden Reed,GB,WR|W/R/T
12,25.1,Tatt’s Terrific Team,Starter,Jakobi Meyers,LV,WR|W/R/T
12,22.9,Tatt’s Terrific Team,Starter,Aaron Jones,Min,RB|W/R/T
12,21.6,Tatt’s Terrific Team,Starter,De'Von Achane,Mia,RB|W/R/T
12,9.2,Tatt’s Terrific Team,Starter,Will Dissly,LAC,TE|W/R/T
12,8.4,Tatt’s Terrific Team,Starter,Najee Harris,LAC,RB|W/R/T
12,22.2,Tatt’s Terrific Team,Non-Starter,George Kittle,SF,TE|W/R/T
12,10.5,Tatt’s Terrific Team,Non-Starter,Demarcus Robinson,SF,WR|W/R/T
12,0.0,Tatt’s Terrific Team,Non-Starter,Tank Bigsby,Jax,RB|W/R/T
12,17.0,Tatt’s Terrific Team,Starter,Miami Dolphins,Mia,DEF
13,18.64,Tatt’s Terrific Team,Starter,Patrick Mahomes,KC,QB
13,21.2,Tatt’s Terrific Team,Starter,Jayden Reed,GB,WR|W/R/T
13,17.7,Tatt’s Terrific Team,Starter,Jakobi Meyers,LV,WR|W/R/T
13,10.8,Tatt’s Terrific Team,Starter,Aaron Jones,Min,RB|W/R/T
13,23.0,Tatt’s Terrific Team,Starter,De'Von Achane,Mia,RB|W/R/T
13,1.7,Tatt’s Terrific Team,Starter,George Kittle,SF,TE|W/R/T
13,27.4,Tatt’s Terrific Team,Starter,Najee Harris,LAC,RB|W/R/T
13,0.0,Tatt’s Terrific Team,Non-Starter,Will Dissly,LAC,TE|W/R/T
13,13.9,Tatt’s Terrific Team,Non-Starter,Demarcus Robinson,SF,WR|W/R/T
13,5.5,Tatt’s Terrific Team,Non-Starter,Tank Bigsby,Jax,RB|W/R/T
13,10.5,Tatt’s Terrific Team,Starter,Cincinnati Bengals,Cin,DEF
14,17.1,Tatt’s Terrific Team,Starter,Patrick Mahomes,KC,QB
14,0.0,Tatt’s Terrific Team,Starter,Jayden Reed,GB,WR|W/R/T
14,15.2,Tatt’s Terrific Team,Starter,Jakobi Meyers,LV,WR|W/R/T
14,17.9,Tatt’s Terrific Team,Starter,Aaron Jones,Min,RB|W/R/T
14,20.9,Tatt’s Terrific Team,Starter,De'Von Achane,Mia,RB|W/R/T
14,24.1,Tatt’s Terrific Team,Starter,George Kittle,SF,TE|W/R/T
14,12.8,Tatt’s Terrific Team,Starter,Najee Harris,LAC,RB|W/R/T
14,4.4,Tatt’s Terrific Team,Non-Starter,Will Dissly,LAC,TE|W/R/T
14,0.0,Tatt’s Terrific Team,Non-Starter,Demarcus Robinson,SF,WR|W/R/T
14,15.2,Tatt’s Terrific Team,Non-Starter,Tank Bigsby,Jax,RB|W/R/T
14,11.5,Tatt’s Terrific Team,Starter,Cincinnati Bengals,Cin,DEF
15,20.26,Tatt’s Terrific Team,Starter,Patrick Mahomes,KC,QB
15,12.1,Tatt’s Terrific Team,Starter,Jayden Reed,GB,WR|W/R/T
15,12.4,Tatt’s Terrific Team,Starter,Jakobi Meyers,LV,WR|W/R/T
15,21.6,Tatt’s Terrific Team,Starter,Aaron Jones,Min,RB|W/R/T
15,16.6,Tatt’s Terrific Team,Starter,De'Von Achane,Mia,RB|W/R/T
15,11.6,Tatt’s Terrific Team,Starter,George Kittle,SF,TE|W/R/T
15,3.6,Tatt’s Terrific Team,Starter,Najee Harris,LAC,RB|W/R/T
15,0.0,Tatt’s Terrific Team,Non-Starter,Demarcus Robinson,SF,WR|W/R/T
15,5.7,Tatt’s Terrific Team,Non-Starter,Tank Bigsby,Jax,RB|W/R/T
15,17.0,Tatt’s Terrific Team,Non-Starter,Quentin Johnston,LAC,WR|W/R/T
15,23.0,Tatt’s Terrific Team,Starter,Cincinnati Bengals,Cin,DEF
16,26.2,Tatt’s Terrific Team,Starter,Patrick Mahomes,KC,QB
16,12.1,Tatt’s Terrific Team,Starter,Jayden Reed,GB,WR|W/R/T
16,7.1,Tatt’s Terrific Team,Starter,Jakobi Meyers,LV,WR|W/R/T
16,14.8,Tatt’s Terrific Team,Starter,Aaron Jones,Min,RB|W/R/T
16,34.5,Tatt’s Terrific Team,Starter,De'Von Achane,Mia,RB|W/R/T
16,20.6,Tatt’s Terrific Team,Starter,George Kittle,SF,TE|W/R/T
16,18.7,Tatt’s Terrific Team,Starter,Jalen McMillan,TB,WR|W/R/T
16,4.7,Tatt’s Terrific Team,Non-Starter,Najee Harris,LAC,RB|W/R/T
16,12.1,Tatt’s Terrific Team,Non-Starter,Tank Bigsby,Jax,RB|W/R/T
16,5.3,Tatt’s Terrific Team,Non-Starter,Quentin Johnston,LAC,WR|W/R/T
16,23.5,Tatt’s Terrific Team,Starter,Cincinnati Bengals,Cin,DEF
17,32.5,Tatt’s Terrific Team,Starter,Patrick Mahomes,KC,QB
17,1.6,Tatt’s Terrific Team,Starter,Jayden Reed,GB,WR|W/R/T
17,19.1,Tatt’s Terrific Team,Starter,Jakobi Meyers,LV,WR|W/R/T
17,14.2,Tatt’s Terrific Team,Starter,Aaron Jones,Min,RB|W/R/T
17,6.3,Tatt’s Terrific Team,Starter,De'Von Achane,Mia,RB|W/R/T
17,21.7,Tatt’s Terrific Team,Starter,George Kittle,SF,TE|W/R/T
17,25.0,Tatt’s Terrific Team,Starter,Jalen McMillan,TB,WR|W/R/T
17,11.6,Tatt’s Terrific Team,Non-Starter,Najee Harris,LAC,RB|W/R/T
17,4.3,Tatt’s Terrific Team,Non-Starter,Tank Bigsby,Jax,RB|W/R/T
17,10.1,Tatt’s Terrific Team,Non-Starter,Marquise Brown,KC,WR|W/R/T
17,22.5,Tatt’s Terrific Team,Starter,Seattle Seahawks,Sea,DEF
1,10.84,Hawk Tua,Starter,Brock Purdy,SF,QB
1,16.9,Hawk Tua,Starter,Justin Jefferson,Min,WR|W/R/T
1,25.1,Hawk Tua,Starter,Mike Evans,TB,WR|W/R/T
1,15.3,Hawk Tua,Starter,James Cook,Buf,RB|W/R/T
1,25.6,Hawk Tua,Starter,Rhamondre Stevenson,NE,RB|W/R/T
1,1.6,Hawk Tua,Starter,Tyler Conklin,LAC,TE|W/R/T
1,15.5,Hawk Tua,Starter,George Pickens,Dal,WR|W/R/T
1,12.6,Hawk Tua,Non-Starter,Zach Charbonnet,Sea,RB|W/R/T
1,16.2,Hawk Tua,Non-Starter,Tyler Lockett,Ten,WR|W/R/T
1,1.6,Hawk Tua,Non-Starter,Ja'Lynn Polk,NE,WR|W/R/T
1,14.5,Hawk Tua,Starter,Pittsburgh Steelers,Pit,DEF
2,14.46,Hawk Tua,Starter,Brock Purdy,SF,QB
2,24.3,Hawk Tua,Starter,Justin Jefferson,Min,WR|W/R/T
2,8.7,Hawk Tua,Starter,Mike Evans,TB,WR|W/R/T
2,31.5,Hawk Tua,Starter,James Cook,Buf,RB|W/R/T
2,18.5,Hawk Tua,Starter,Rhamondre Stevenson,NE,RB|W/R/T
2,5.6,Hawk Tua,Starter,Isaiah Likely,Bal,TE|W/R/T
2,5.9,Hawk Tua,Starter,George Pickens,Dal,WR|W/R/T
2,19.4,Hawk Tua,Non-Starter,Zach Charbonnet,Sea,RB|W/R/T
2,4.0,Hawk Tua,Non-Starter,Tyler Lockett,Ten,WR|W/R/T
2,9.7,Hawk Tua,Non-Starter,Ja'Lynn Polk,NE,WR|W/R/T
2,18.5,Hawk Tua,Starter,Pittsburgh Steelers,Pit,DEF
3,33.78,Hawk Tua,Starter,Brock Purdy,SF,QB
3,23.1,Hawk Tua,Starter,Justin Jefferson,Min,WR|W/R/T
3,3.7,Hawk Tua,Starter,Mike Evans,TB,WR|W/R/T
3,21.2,Hawk Tua,Starter,James Cook,Buf,RB|W/R/T
3,0.3,Hawk Tua,Starter,Rhamondre Stevenson,NE,RB|W/R/T
3,1.4,Hawk Tua,Starter,Isaiah Likely,Bal,TE|W/R/T
3,12.2,Hawk Tua,Starter,George Pickens,Dal,WR|W/R/T
3,28.7,Hawk Tua,Non-Starter,Zach Charbonnet,Sea,RB|W/R/T
3,11.6,Hawk Tua,Non-Starter,Tyler Lockett,Ten,WR|W/R/T
3,3.3,Hawk Tua,Non-Starter,Ja'Lynn Polk,NE,WR|W/R/T
3,15.0,Hawk Tua,Starter,Pittsburgh Steelers,Pit,DEF
4,15.62,Hawk Tua,Starter,Brock Purdy,SF,QB
4,22.5,Hawk Tua,Starter,Justin Jefferson,Min,WR|W/R/T
4,26.4,Hawk Tua,Starter,Mike Evans,TB,WR|W/R/T
4,6.3,Hawk Tua,Starter,James Cook,Buf,RB|W/R/T
4,9.2,Hawk Tua,Starter,Rhamondre Stevenson,NE,RB|W/R/T
4,4.1,Hawk Tua,Starter,Isaiah Likely,Bal,TE|W/R/T
4,17.8,Hawk Tua,Starter,George Pickens,Dal,WR|W/R/T
4,10.9,Hawk Tua,Non-Starter,Zach Charbonnet,Sea,RB|W/R/T
4,13.1,Hawk Tua,Non-Starter,Tyler Lockett,Ten,WR|W/R/T
4,6.5,Hawk Tua,Non-Starter,Ja'Lynn Polk,NE,WR|W/R/T
4,5.0,Hawk Tua,Starter,Pittsburgh Steelers,Pit,DEF
5,12.56,Hawk Tua,Starter,Brock Purdy,SF,QB
5,17.2,Hawk Tua,Starter,Justin Jefferson,Min,WR|W/R/T
5,25.7,Hawk Tua,Starter,Mike Evans,TB,WR|W/R/T
5,20.9,Hawk Tua,Starter,James Cook,Buf,RB|W/R/T
5,6.5,Hawk Tua,Starter,Zach Charbonnet,Sea,RB|W/R/T
5,17.3,Hawk Tua,Starter,Isaiah Likely,Bal,TE|W/R/T
5,6.1,Hawk Tua,Starter,George Pickens,Dal,WR|W/R/T
5,21.2,Hawk Tua,Non-Starter,Rhamondre Stevenson,NE,RB|W/R/T
5,13.0,Hawk Tua,Non-Starter,Tyler Lockett,Ten,WR|W/R/T
5,2.8,Hawk Tua,Non-Starter,Ja'Lynn Polk,NE,WR|W/R/T
5,13.0,Hawk Tua,Starter,Pittsburgh Steelers,Pit,DEF
6,31.1,Hawk Tua,Starter,Brock Purdy,SF,QB
6,6.4,Hawk Tua,Starter,Mike Evans,TB,WR|W/R/T
6,11.1,Hawk Tua,Starter,Michael Wilson,Ari,WR|W/R/T
6,0.0,Hawk Tua,Starter,James Cook,Buf,RB|W/R/T
6,5.0,Hawk Tua,Starter,Zach Charbonnet,Sea,RB|W/R/T
6,5.2,Hawk Tua,Starter,Isaiah Likely,Bal,TE|W/R/T
6,9.3,Hawk Tua,Starter,George Pickens,Dal,WR|W/R/T
6,0.0,Hawk Tua,Non-Starter,Justin Jefferson,Min,WR|W/R/T
6,0.0,Hawk Tua,Non-Starter,Rhamondre Stevenson,NE,RB|W/R/T
6,18.5,Hawk Tua,Non-Starter,Tyler Lockett,Ten,WR|W/R/T
6,18.0,Hawk Tua,Starter,Pittsburgh Steelers,Pit,DEF
7,13.18,Hawk Tua,Starter,Brock Purdy,SF,QB
7,10.0,Hawk Tua,Starter,Mike Evans,TB,WR|W/R/T
7,23.4,Hawk Tua,Starter,Justin Jefferson,Min,WR|W/R/T
7,9.7,Hawk Tua,Starter,James Cook,Buf,RB|W/R/T
7,5.0,Hawk Tua,Starter,Rhamondre Stevenson,NE,RB|W/R/T
7,4.7,Hawk Tua,Starter,Isaiah Likely,Bal,TE|W/R/T
7,10.5,Hawk Tua,Starter,Tyler Lockett,Ten,WR|W/R/T
7,2.4,Hawk Tua,Non-Starter,Zach Charbonnet,Sea,RB|W/R/T
7,24.1,Hawk Tua,Non-Starter,George Pickens,Dal,WR|W/R/T
7,3.0,Hawk Tua,Non-Starter,Michael Wilson,Ari,WR|W/R/T
7,12.0,Hawk Tua,Starter,Pittsburgh Steelers,Pit,DEF
8,30.5,Hawk Tua,Starter,Brock Purdy,SF,QB
8,22.5,Hawk Tua,Starter,Justin Jefferson,Min,WR|W/R/T
8,12.9,Hawk Tua,Starter,George Pickens,Dal,WR|W/R/T
8,33.3,Hawk Tua,Starter,James Cook,Buf,RB|W/R/T
8,26.0,Hawk Tua,Starter,Rhamondre Stevenson,NE,RB|W/R/T
8,9.7,Hawk Tua,Starter,Isaiah Likely,Bal,TE|W/R/T
8,1.9,Hawk Tua,Starter,Tyler Lockett,Ten,WR|W/R/T
8,0.0,Hawk Tua,Non-Starter,Mike Evans,TB,WR|W/R/T
8,12.4,Hawk Tua,Non-Starter,Zach Charbonnet,Sea,RB|W/R/T
8,14.6,Hawk Tua,Non-Starter,Michael Wilson,Ari,WR|W/R/T
8,19.5,Hawk Tua,Starter,Pittsburgh Steelers,Pit,DEF
9,0.0,Hawk Tua,Starter,Brock Purdy,SF,QB
9,24.08,Hawk Tua,Starter,Justin Jefferson,Min,WR|W/R/T
9,0.0,Hawk Tua,Starter,George Pickens,Dal,WR|W/R/T
9,13.4,Hawk Tua,Starter,James Cook,Buf,RB|W/R/T
9,24.4,Hawk Tua,Starter,Rhamondre Stevenson,NE,RB|W/R/T
9,0.0,Hawk Tua,Starter,Isaiah Likely,Bal,TE|W/R/T
9,16.8,Hawk Tua,Starter,Tyler Lockett,Ten,WR|W/R/T
9,0.0,Hawk Tua,Non-Starter,Mike Evans,TB,WR|W/R/T
9,5.8,Hawk Tua,Non-Starter,Zach Charbonnet,Sea,RB|W/R/T
9,0.0,Hawk Tua,Non-Starter,Michael Wilson,Ari,WR|W/R/T
9,0.0,Hawk Tua,Starter,Pittsburgh Steelers,Pit,DEF
10,28.32,Hawk Tua,Starter,Brock Purdy,SF,QB
10,11.8,Hawk Tua,Starter,Justin Jefferson,Min,WR|W/R/T
10,22.5,Hawk Tua,Starter,George Pickens,Dal,WR|W/R/T
10,17.5,Hawk Tua,Starter,James Cook,Buf,RB|W/R/T
10,10.2,Hawk Tua,Starter,Rhamondre Stevenson,NE,RB|W/R/T
10,18.2,Hawk Tua,Starter,T.J. Hockenson,Min,TE|W/R/T
10,6.4,Hawk Tua,Starter,Michael Wilson,Ari,WR|W/R/T
10,0.0,Hawk Tua,Non-Starter,Tyler Lockett,Ten,WR|W/R/T
10,0.0,Hawk Tua,Non-Starter,Mike Evans,TB,WR|W/R/T
10,0.0,Hawk Tua,Non-Starter,Zach Charbonnet,Sea,RB|W/R/T
10,11.5,Hawk Tua,Starter,Pittsburgh Steelers,Pit,DEF
11,19.86,Hawk Tua,Starter,Brock Purdy,SF,QB
11,15.6,Hawk Tua,Starter,Justin Jefferson,Min,WR|W/R/T
11,18.9,Hawk Tua,Starter,George Pickens,Dal,WR|W/R/T
11,20.7,Hawk Tua,Starter,James Cook,Buf,RB|W/R/T
11,14.4,Hawk Tua,Starter,Rhamondre Stevenson,NE,RB|W/R/T
11,4.3,Hawk Tua,Starter,T.J. Hockenson,Min,TE|W/R/T
11,4.4,Hawk Tua,Starter,Tyler Lockett,Ten,WR|W/R/T
11,0.0,Hawk Tua,Non-Starter,Michael Wilson,Ari,WR|W/R/T
11,0.0,Hawk Tua,Non-Starter,Mike Evans,TB,WR|W/R/T
11,3.0,Hawk Tua,Non-Starter,Zach Charbonnet,Sea,RB|W/R/T
11,12.0,Hawk Tua,Starter,Pittsburgh Steelers,Pit,DEF
12,0.0,Hawk Tua,Starter,Brock Purdy,SF,QB
12,5.2,Hawk Tua,Starter,Justin Jefferson,Min,WR|W/R/T
12,9.8,Hawk Tua,Starter,George Pickens,Dal,WR|W/R/T
12,3.8,Hawk Tua,Starter,Rhamondre Stevenson,NE,RB|W/R/T
12,3.2,Hawk Tua,Starter,Zach Charbonnet,Sea,RB|W/R/T
12,20.4,Hawk Tua,Starter,T.J. Hockenson,Min,TE|W/R/T
12,13.3,Hawk Tua,Starter,Mike Evans,TB,WR|W/R/T
12,4.5,Hawk Tua,Non-Starter,Tyler Lockett,Ten,WR|W/R/T
12,0.0,Hawk Tua,Non-Starter,James Cook,Buf,RB|W/R/T
12,8.4,Hawk Tua,Non-Starter,Michael Wilson,Ari,WR|W/R/T
12,9.0,Hawk Tua,Starter,Pittsburgh Steelers,Pit,DEF
13,2.16,Hawk Tua,Starter,Brock Purdy,SF,QB
13,18.9,Hawk Tua,Starter,Justin Jefferson,Min,WR|W/R/T
13,17.9,Hawk Tua,Starter,George Pickens,Dal,WR|W/R/T
13,14.4,Hawk Tua,Starter,Rhamondre Stevenson,NE,RB|W/R/T
13,21.0,Hawk Tua,Starter,James Cook,Buf,RB|W/R/T
13,7.3,Hawk Tua,Starter,T.J. Hockenson,Min,TE|W/R/T
13,29.8,Hawk Tua,Starter,Mike Evans,TB,WR|W/R/T
13,13.6,Hawk Tua,Non-Starter,Zach Charbonnet,Sea,RB|W/R/T
13,5.1,Hawk Tua,Non-Starter,Tyler Lockett,Ten,WR|W/R/T
13,11.5,Hawk Tua,Non-Starter,Michael Wilson,Ari,WR|W/R/T
13,19.0,Hawk Tua,Starter,Pittsburgh Steelers,Pit,DEF
14,27.1,Hawk Tua,Starter,Brock Purdy,SF,QB
14,34.7,Hawk Tua,Starter,Justin Jefferson,Min,WR|W/R/T
14,0.0,Hawk Tua,Starter,Tyler Lockett,Ten,WR|W/R/T
14,4.9,Hawk Tua,Starter,James Cook,Buf,RB|W/R/T
14,41.3,Hawk Tua,Starter,Zach Charbonnet,Sea,RB|W/R/T
14,10.0,Hawk Tua,Starter,T.J. Hockenson,Min,TE|W/R/T
14,11.9,Hawk Tua,Starter,Mike Evans,TB,WR|W/R/T
14,0.0,Hawk Tua,Non-Starter,George Pickens,Dal,WR|W/R/T
14,0.0,Hawk Tua,Non-Starter,Rhamondre Stevenson,NE,RB|W/R/T
14,14.7,Hawk Tua,Non-Starter,Michael Wilson,Ari,WR|W/R/T
14,15.0,Hawk Tua,Starter,Pittsburgh Steelers,Pit,DEF
1,4.2,KC Masterpiece,Starter,Kirk Cousins,Atl,QB
1,11.5,KC Masterpiece,Starter,D.J. Moore,Chi,WR|W/R/T
1,9.0,KC Masterpiece,Starter,Calvin Ridley,Ten,WR|W/R/T
1,36.7,KC Masterpiece,Starter,Saquon Barkley,Phi,RB|W/R/T
1,17.8,KC Masterpiece,Starter,Isiah Pacheco,KC,RB|W/R/T
1,1.5,KC Masterpiece,Starter,Evan Engram,Den,TE|W/R/T
1,4.0,KC Masterpiece,Starter,Joshua Palmer,Buf,WR|W/R/T
1,0.0,KC Masterpiece,Non-Starter,Nick Chubb,Hou,RB|W/R/T
1,9.7,KC Masterpiece,Non-Starter,Demarcus Robinson,SF,WR|W/R/T
1,0.0,KC Masterpiece,Non-Starter,Dalvin Cook,Dal,RB|W/R/T
1,23.0,KC Masterpiece,Starter,Dallas Cowboys,Dal,DEF
2,20.3,KC Masterpiece,Starter,Baker Mayfield,TB,QB
2,12.8,KC Masterpiece,Starter,D.J. Moore,Chi,WR|W/R/T
2,26.7,KC Masterpiece,Starter,Calvin Ridley,Ten,WR|W/R/T
2,20.6,KC Masterpiece,Starter,Saquon Barkley,Phi,RB|W/R/T
2,18.6,KC Masterpiece,Starter,Isiah Pacheco,KC,RB|W/R/T
2,22.4,KC Masterpiece,Starter,Hunter Henry,NE,TE|W/R/T
2,7.5,KC Masterpiece,Starter,Demarcus Robinson,SF,WR|W/R/T
2,0.0,KC Masterpiece,Non-Starter,Evan Engram,Den,TE|W/R/T
2,4.4,KC Masterpiece,Non-Starter,Joshua Palmer,Buf,WR|W/R/T
2,0.0,KC Masterpiece,Non-Starter,Nick Chubb,Hou,RB|W/R/T
2,2.0,KC Masterpiece,Starter,Dallas Cowboys,Dal,DEF
3,7.98,KC Masterpiece,Starter,Derek Carr,NO,QB
3,16.7,KC Masterpiece,Starter,D.J. Moore,Chi,WR|W/R/T
3,1.9,KC Masterpiece,Starter,Calvin Ridley,Ten,WR|W/R/T
3,37.1,KC Masterpiece,Starter,Saquon Barkley,Phi,RB|W/R/T
3,10.4,KC Masterpiece,Starter,Cam Akers,NO,RB|W/R/T
3,3.4,KC Masterpiece,Starter,Hunter Henry,NE,TE|W/R/T
3,4.7,KC Masterpiece,Starter,Demarcus Robinson,SF,WR|W/R/T
3,0.0,KC Masterpiece,Non-Starter,Isiah Pacheco,KC,RB|W/R/T
3,0.0,KC Masterpiece,Non-Starter,Evan Engram,Den,TE|W/R/T
3,0.0,KC Masterpiece,Non-Starter,Nick Chubb,Hou,RB|W/R/T
3,4.0,KC Masterpiece,Starter,Tampa Bay Buccaneers,TB,DEF
4,25.5,KC Masterpiece,Starter,Sam Darnold,Sea,QB
4,11.7,KC Masterpiece,Starter,D.J. Moore,Chi,WR|W/R/T
4,3.0,KC Masterpiece,Starter,Calvin Ridley,Ten,WR|W/R/T
4,15.1,KC Masterpiece,Starter,Saquon Barkley,Phi,RB|W/R/T
4,5.8,KC Masterpiece,Starter,Cam Akers,NO,RB|W/R/T
4,7.4,KC Masterpiece,Starter,Cole Kmet,Chi,TE|W/R/T
4,16.5,KC Masterpiece,Starter,Courtland Sutton,Den,WR|W/R/T
4,0.0,KC Masterpiece,Non-Starter,Evan Engram,Den,TE|W/R/T
4,0.0,KC Masterpiece,Non-Starter,Isiah Pacheco,KC,RB|W/R/T
4,0.0,KC Masterpiece,Non-Starter,Nick Chubb,Hou,RB|W/R/T
4,16.0,KC Masterpiece,Starter,Tennessee Titans,Ten,DEF
5,3.26,KC Masterpiece,Starter,Sam Darnold,Sea,QB
5,29.5,KC Masterpiece,Starter,D.J. Moore,Chi,WR|W/R/T
5,6.2,KC Masterpiece,Starter,Courtland Sutton,Den,WR|W/R/T
5,21.7,KC Masterpiece,Starter,Kareem Hunt,KC,RB|W/R/T
5,13.7,KC Masterpiece,Starter,Cam Akers,NO,RB|W/R/T
5,13.5,KC Masterpiece,Starter,Tutu Atwell,LAR,WR|W/R/T
5,0.0,KC Masterpiece,Non-Starter,Evan Engram,Den,TE|W/R/T
5,0.0,KC Masterpiece,Non-Starter,Nick Chubb,Hou,RB|W/R/T
5,0.0,KC Masterpiece,Non-Starter,Calvin Ridley,Ten,WR|W/R/T
5,0.0,KC Masterpiece,Non-Starter,Saquon Barkley,Phi,RB|W/R/T
5,19.0,KC Masterpiece,Starter,Washington Commanders,Was,DEF
6,12.8,KC Masterpiece,Starter,Daniel Jones,Ind,QB
6,6.0,KC Masterpiece,Starter,D.J. Moore,Chi,WR|W/R/T
6,16.8,KC Masterpiece,Starter,Courtland Sutton,Den,WR|W/R/T
6,7.9,KC Masterpiece,Starter,Saquon Barkley,Phi,RB|W/R/T
6,8.8,KC Masterpiece,Starter,Antonio Gibson,NE,RB|W/R/T
6,20.2,KC Masterpiece,Starter,Evan Engram,Den,TE|W/R/T
6,0.9,KC Masterpiece,Starter,Calvin Ridley,Ten,WR|W/R/T
6,0.0,KC Masterpiece,Non-Starter,Nick Chubb,Hou,RB|W/R/T
6,0.0,KC Masterpiece,Non-Starter,Sam Darnold,Sea,QB
6,0.0,KC Masterpiece,Non-Starter,Kareem Hunt,KC,RB|W/R/T
6,12.5,KC Masterpiece,Starter,Green Bay Packers,GB,DEF
7,16.76,KC Masterpiece,Starter,Sam Darnold,Sea,QB
7,0.0,KC Masterpiece,Starter,Courtland Sutton,Den,WR|W/R/T
7,3.9,KC Masterpiece,Starter,DeMario Douglas,NE,WR|W/R/T
7,29.7,KC Masterpiece,Starter,Saquon Barkley,Phi,RB|W/R/T
7,25.3,KC Masterpiece,Starter,Kareem Hunt,KC,RB|W/R/T
7,9.5,KC Masterpiece,Starter,Evan Engram,Den,TE|W/R/T
7,11.2,KC Masterpiece,Starter,Nick Chubb,Hou,RB|W/R/T
7,7.7,KC Masterpiece,Non-Starter,Calvin Ridley,Ten,WR|W/R/T
7,2.3,KC Masterpiece,Non-Starter,Antonio Gibson,NE,RB|W/R/T
7,0.0,KC Masterpiece,Non-Starter,D.J. Moore,Chi,WR|W/R/T
7,11.0,KC Masterpiece,Starter,Green Bay Packers,GB,DEF
8,22.7,KC Masterpiece,Starter,Sam Darnold,Sea,QB
8,19.12,KC Masterpiece,Starter,Courtland Sutton,Den,WR|W/R/T
8,5.9,KC Masterpiece,Starter,D.J. Moore,Chi,WR|W/R/T
8,14.6,KC Masterpiece,Starter,Saquon Barkley,Phi,RB|W/R/T
8,15.3,KC Masterpiece,Starter,Kareem Hunt,KC,RB|W/R/T
8,14.6,KC Masterpiece,Starter,Evan Engram,Den,TE|W/R/T
8,6.2,KC Masterpiece,Starter,Nick Chubb,Hou,RB|W/R/T
8,3.2,KC Masterpiece,Non-Starter,DeMario Douglas,NE,WR|W/R/T
8,25.6,KC Masterpiece,Non-Starter,Calvin Ridley,Ten,WR|W/R/T
8,10.7,KC Masterpiece,Non-Starter,Jalen McMillan,TB,WR|W/R/T
8,9.0,KC Masterpiece,Starter,Green Bay Packers,GB,DEF
9,22.5,KC Masterpiece,Starter,Sam Darnold,Sea,QB
9,27.78,KC Masterpiece,Starter,Courtland Sutton,Den,WR|W/R/T
9,8.3,KC Masterpiece,Starter,D.J. Moore,Chi,WR|W/R/T
9,36.9,KC Masterpiece,Starter,Saquon Barkley,Phi,RB|W/R/T
9,22.7,KC Masterpiece,Starter,Kareem Hunt,KC,RB|W/R/T
9,12.5,KC Masterpiece,Starter,Evan Engram,Den,TE|W/R/T
9,14.3,KC Masterpiece,Starter,Calvin Ridley,Ten,WR|W/R/T
9,5.5,KC Masterpiece,Non-Starter,Nick Chubb,Hou,RB|W/R/T
9,12.0,KC Masterpiece,Non-Starter,DeMario Douglas,NE,WR|W/R/T
9,0.0,KC Masterpiece,Non-Starter,Jalen McMillan,TB,WR|W/R/T
9,6.5,KC Masterpiece,Starter,New Orleans Saints,NO,DEF
10,1.94,KC Masterpiece,Starter,Sam Darnold,Sea,QB
10,21.0,KC Masterpiece,Starter,Courtland Sutton,Den,WR|W/R/T
10,6.2,KC Masterpiece,Starter,D.J. Moore,Chi,WR|W/R/T
10,11.3,KC Masterpiece,Starter,Saquon Barkley,Phi,RB|W/R/T
10,19.5,KC Masterpiece,Starter,Kareem Hunt,KC,RB|W/R/T
10,11.0,KC Masterpiece,Starter,Evan Engram,Den,TE|W/R/T
10,27.4,KC Masterpiece,Starter,Calvin Ridley,Ten,WR|W/R/T
10,0.0,KC Masterpiece,Non-Starter,Nick Chubb,Hou,RB|W/R/T
10,10.0,KC Masterpiece,Non-Starter,DeMario Douglas,NE,WR|W/R/T
10,0.0,KC Masterpiece,Non-Starter,Jalen McMillan,TB,WR|W/R/T
10,25.0,KC Masterpiece,Starter,Philadelphia Eagles,Phi,DEF
11,4.3,KC Masterpiece,Starter,Russell Wilson,NYG,QB
11,16.3,KC Masterpiece,Starter,Courtland Sutton,Den,WR|W/R/T
11,11.3,KC Masterpiece,Starter,Calvin Ridley,Ten,WR|W/R/T
11,37.8,KC Masterpiece,Starter,Saquon Barkley,Phi,RB|W/R/T
11,7.0,KC Masterpiece,Starter,Kareem Hunt,KC,RB|W/R/T
11,8.8,KC Masterpiece,Starter,Evan Engram,Den,TE|W/R/T
11,6.5,KC Masterpiece,Starter,Nick Chubb,Hou,RB|W/R/T
11,15.7,KC Masterpiece,Non-Starter,D.J. Moore,Chi,WR|W/R/T
11,8.0,KC Masterpiece,Starter,Green Bay Packers,GB,DEF
11,11.5,KC Masterpiece,Non-Starter,Philadelphia Eagles,Phi,DEF
11,12.0,KC Masterpiece,Non-Starter,Los Angeles Rams,LAR,DEF
12,15.8,KC Masterpiece,Starter,Russell Wilson,NYG,QB
12,32.7,KC Masterpiece,Starter,Courtland Sutton,Den,WR|W/R/T
12,15.8,KC Masterpiece,Starter,Calvin Ridley,Ten,WR|W/R/T
12,50.7,KC Masterpiece,Starter,Saquon Barkley,Phi,RB|W/R/T
12,14.2,KC Masterpiece,Starter,Kareem Hunt,KC,RB|W/R/T
12,5.4,KC Masterpiece,Starter,AJ Barner,Sea,TE|W/R/T
12,29.4,KC Masterpiece,Starter,D.J. Moore,Chi,WR|W/R/T
12,0.0,KC Masterpiece,Non-Starter,Evan Engram,Den,TE|W/R/T
12,21.5,KC Masterpiece,Non-Starter,Nick Chubb,Hou,RB|W/R/T
12,13.5,KC Masterpiece,Starter,Philadelphia Eagles,Phi,DEF
12,-1.0,KC Masterpiece,Non-Starter,Los Angeles Rams,LAR,DEF
13,28.86,KC Masterpiece,Starter,Russell Wilson,NYG,QB
13,19.2,KC Masterpiece,Starter,Courtland Sutton,Den,WR|W/R/T
13,25.2,KC Masterpiece,Starter,D.J. Moore,Chi,WR|W/R/T
13,22.2,KC Masterpiece,Starter,Saquon Barkley,Phi,RB|W/R/T
13,3.5,KC Masterpiece,Starter,Kareem Hunt,KC,RB|W/R/T
13,12.1,KC Masterpiece,Starter,Evan Engram,Den,TE|W/R/T
13,7.5,KC Masterpiece,Starter,Calvin Ridley,Ten,WR|W/R/T
13,14.0,KC Masterpiece,Non-Starter,Nick Chubb,Hou,RB|W/R/T
13,21.5,KC Masterpiece,Starter,Dallas Cowboys,Dal,DEF
13,8.0,KC Masterpiece,Non-Starter,Philadelphia Eagles,Phi,DEF
13,3.0,KC Masterpiece,Non-Starter,Los Angeles Rams,LAR,DEF
14,21.52,KC Masterpiece,Starter,Russell Wilson,NYG,QB
14,12.4,KC Masterpiece,Starter,D.J. Moore,Chi,WR|W/R/T
14,13.4,KC Masterpiece,Starter,Calvin Ridley,Ten,WR|W/R/T
14,17.4,KC Masterpiece,Starter,Saquon Barkley,Phi,RB|W/R/T
14,5.8,KC Masterpiece,Starter,Nick Chubb,Hou,RB|W/R/T
14,7.8,KC Masterpiece,Starter,Evan Engram,Den,TE|W/R/T
14,3.4,KC Masterpiece,Starter,Nick Westbrook-Ikhine,Mia,WR|W/R/T
14,4.4,KC Masterpiece,Non-Starter,Kareem Hunt,KC,RB|W/R/T
14,0.0,KC Masterpiece,Non-Starter,Courtland Sutton,Den,WR|W/R/T
14,7.0,KC Masterpiece,Starter,Philadelphia Eagles,Phi,DEF
14,5.5,KC Masterpiece,Non-Starter,Dallas Cowboys,Dal,DEF
1,17.68,Cock Gastrique,Starter,Kyler Murray,Ari,QB
1,28.0,Cock Gastrique,Starter,Tyreek Hill,Mia,WR|W/R/T
1,4.9,Cock Gastrique,Starter,Diontae Johnson,Cle,WR|W/R/T
1,18.1,Cock Gastrique,Starter,Rachaad White,TB,RB|W/R/T
1,1.8,Cock Gastrique,Starter,Antonio Gibson,NE,RB|W/R/T
1,9.5,Cock Gastrique,Starter,Sam LaPorta,Det,TE|W/R/T
1,7.5,Cock Gastrique,Starter,Jordan Addison,Min,WR|W/R/T
1,0.0,Cock Gastrique,Non-Starter,Jonathon Brooks,Car,RB|W/R/T
1,15.5,Cock Gastrique,Non-Starter,Brandin Cooks,NO,WR|W/R/T
1,8.3,Cock Gastrique,Non-Starter,Rashod Bateman,Bal,WR|W/R/T
1,8.0,Cock Gastrique,Starter,Buffalo Bills,Buf,DEF
2,35.54,Cock Gastrique,Starter,Kyler Murray,Ari,QB
2,8.1,Cock Gastrique,Starter,Tyreek Hill,Mia,WR|W/R/T
2,5.0,Cock Gastrique,Starter,Diontae Johnson,Cle,WR|W/R/T
2,3.3,Cock Gastrique,Starter,Rachaad White,TB,RB|W/R/T
2,6.0,Cock Gastrique,Starter,Miles Sanders,Dal,RB|W/R/T
2,3.8,Cock Gastrique,Starter,Sam LaPorta,Det,TE|W/R/T
2,4.6,Cock Gastrique,Starter,Brandin Cooks,NO,WR|W/R/T
2,0.0,Cock Gastrique,Non-Starter,Jordan Addison,Min,WR|W/R/T
2,0.0,Cock Gastrique,Non-Starter,Jonathon Brooks,Car,RB|W/R/T
2,8.0,Cock Gastrique,Non-Starter,Rashod Bateman,Bal,WR|W/R/T
2,23.5,Cock Gastrique,Starter,Buffalo Bills,Buf,DEF
3,15.78,Cock Gastrique,Starter,Kyler Murray,Ari,QB
3,8.0,Cock Gastrique,Starter,Tyreek Hill,Mia,WR|W/R/T
3,29.2,Cock Gastrique,Starter,Diontae Johnson,Cle,WR|W/R/T
3,11.5,Cock Gastrique,Starter,Miles Sanders,Dal,RB|W/R/T
3,9.0,Cock Gastrique,Starter,Rachaad White,TB,RB|W/R/T
3,6.6,Cock Gastrique,Starter,Sam LaPorta,Det,TE|W/R/T
3,0.0,Cock Gastrique,Starter,Jordan Addison,Min,WR|W/R/T
3,4.1,Cock Gastrique,Non-Starter,Brandin Cooks,NO,WR|W/R/T
3,0.0,Cock Gastrique,Non-Starter,Jonathon Brooks,Car,RB|W/R/T
3,12.8,Cock Gastrique,Non-Starter,Rashod Bateman,Bal,WR|W/R/T
3,16.5,Cock Gastrique,Starter,Buffalo Bills,Buf,DEF
4,11.98,Cock Gastrique,Starter,Kyler Murray,Ari,QB
4,9.2,Cock Gastrique,Starter,Tyreek Hill,Mia,WR|W/R/T
4,23.3,Cock Gastrique,Starter,Diontae Johnson,Cle,WR|W/R/T
4,9.1,Cock Gastrique,Starter,Miles Sanders,Dal,RB|W/R/T
4,13.4,Cock Gastrique,Starter,Rachaad White,TB,RB|W/R/T
4,10.8,Cock Gastrique,Starter,Sam LaPorta,Det,TE|W/R/T
4,24.9,Cock Gastrique,Starter,Jordan Addison,Min,WR|W/R/T
4,3.1,Cock Gastrique,Non-Starter,Brandin Cooks,NO,WR|W/R/T
4,0.0,Cock Gastrique,Non-Starter,Jonathon Brooks,Car,RB|W/R/T
4,3.8,Cock Gastrique,Non-Starter,Rashod Bateman,Bal,WR|W/R/T
4,3.5,Cock Gastrique,Starter,Buffalo Bills,Buf,DEF
5,25.6,Cock Gastrique,Starter,Kyler Murray,Ari,QB
5,14.4,Cock Gastrique,Starter,Tyreek Hill,Mia,WR|W/R/T
5,6.9,Cock Gastrique,Starter,Diontae Johnson,Cle,WR|W/R/T
5,10.6,Cock Gastrique,Starter,Rachaad White,TB,RB|W/R/T
5,3.4,Cock Gastrique,Starter,Samaje Perine,Cin,RB|W/R/T
5,9.7,Cock Gastrique,Starter,Cole Kmet,Chi,TE|W/R/T
5,7.1,Cock Gastrique,Starter,Jordan Addison,Min,WR|W/R/T
5,0.0,Cock Gastrique,Non-Starter,Sam LaPorta,Det,TE|W/R/T
5,0.0,Cock Gastrique,Non-Starter,Jonathon Brooks,Car,RB|W/R/T
5,17.3,Cock Gastrique,Non-Starter,Rashod Bateman,Bal,WR|W/R/T
5,10.0,Cock Gastrique,Starter,Buffalo Bills,Buf,DEF
6,13.96,Cock Gastrique,Starter,Kyler Murray,Ari,QB
6,22.3,Cock Gastrique,Starter,Diontae Johnson,Cle,WR|W/R/T
6,13.1,Cock Gastrique,Starter,Rashod Bateman,Bal,WR|W/R/T
6,0.0,Cock Gastrique,Starter,Rachaad White,TB,RB|W/R/T
6,0.0,Cock Gastrique,Starter,Jonathon Brooks,Car,RB|W/R/T
6,25.5,Cock Gastrique,Starter,Cole Kmet,Chi,TE|W/R/T
6,12.7,Cock Gastrique,Starter,Sam LaPorta,Det,TE|W/R/T
6,0.0,Cock Gastrique,Non-Starter,Jordan Addison,Min,WR|W/R/T
6,0.0,Cock Gastrique,Non-Starter,Samaje Perine,Cin,RB|W/R/T
6,0.0,Cock Gastrique,Non-Starter,Tyreek Hill,Mia,WR|W/R/T
6,8.5,Cock Gastrique,Starter,Buffalo Bills,Buf,DEF
7,21.2,Cock Gastrique,Starter,Kyler Murray,Ari,QB
7,3.2,Cock Gastrique,Starter,Diontae Johnson,Cle,WR|W/R/T
7,10.1,Cock Gastrique,Starter,Jordan Addison,Min,WR|W/R/T
7,32.1,Cock Gastrique,Starter,Rachaad White,TB,RB|W/R/T
7,4.3,Cock Gastrique,Starter,Samaje Perine,Cin,RB|W/R/T
7,4.0,Cock Gastrique,Starter,Sam LaPorta,Det,TE|W/R/T
7,2.3,Cock Gastrique,Starter,Tyreek Hill,Mia,WR|W/R/T
7,23.6,Cock Gastrique,Non-Starter,Rashod Bateman,Bal,WR|W/R/T
7,0.0,Cock Gastrique,Non-Starter,Cole Kmet,Chi,TE|W/R/T
7,0.0,Cock Gastrique,Non-Starter,Jonathon Brooks,Car,RB|W/R/T
7,15.5,Cock Gastrique,Starter,Buffalo Bills,Buf,DEF
8,26.68,Cock Gastrique,Starter,Kyler Murray,Ari,QB
8,5.2,Cock Gastrique,Starter,Jordan Addison,Min,WR|W/R/T
8,4.3,Cock Gastrique,Starter,Rashod Bateman,Bal,WR|W/R/T
8,16.7,Cock Gastrique,Starter,Rachaad White,TB,RB|W/R/T
8,4.8,Cock Gastrique,Starter,Tyler Allgeier,Atl,RB|W/R/T
8,18.8,Cock Gastrique,Starter,Sam LaPorta,Det,TE|W/R/T
8,14.7,Cock Gastrique,Starter,Tyreek Hill,Mia,WR|W/R/T
8,6.0,Cock Gastrique,Non-Starter,Samaje Perine,Cin,RB|W/R/T
8,0.0,Cock Gastrique,Non-Starter,Diontae Johnson,Cle,WR|W/R/T
8,4.9,Cock Gastrique,Non-Starter,Cole Kmet,Chi,TE|W/R/T
8,13.0,Cock Gastrique,Starter,Buffalo Bills,Buf,DEF
9,5.26,Cock Gastrique,Starter,Kyler Murray,Ari,QB
9,18.1,Cock Gastrique,Starter,Jordan Addison,Min,WR|W/R/T
9,6.0,Cock Gastrique,Starter,Rashod Bateman,Bal,WR|W/R/T
9,14.0,Cock Gastrique,Starter,Rachaad White,TB,RB|W/R/T
9,8.3,Cock Gastrique,Starter,Tyler Allgeier,Atl,RB|W/R/T
9,5.3,Cock Gastrique,Starter,Sam LaPorta,Det,TE|W/R/T
9,14.0,Cock Gastrique,Starter,Tyreek Hill,Mia,WR|W/R/T
9,15.0,Cock Gastrique,Non-Starter,Samaje Perine,Cin,RB|W/R/T
9,0.0,Cock Gastrique,Non-Starter,Diontae Johnson,Cle,WR|W/R/T
9,0.0,Cock Gastrique,Non-Starter,Cole Kmet,Chi,TE|W/R/T
9,5.5,Cock Gastrique,Starter,Buffalo Bills,Buf,DEF
10,32.24,Cock Gastrique,Starter,Kyler Murray,Ari,QB
10,5.4,Cock Gastrique,Starter,Jordan Addison,Min,WR|W/R/T
10,19.4,Cock Gastrique,Starter,Rashod Bateman,Bal,WR|W/R/T
10,21.5,Cock Gastrique,Starter,Rachaad White,TB,RB|W/R/T
10,7.4,Cock Gastrique,Starter,Tyler Allgeier,Atl,RB|W/R/T
10,16.6,Cock Gastrique,Starter,Sam LaPorta,Det,TE|W/R/T
10,12.7,Cock Gastrique,Starter,Tyreek Hill,Mia,WR|W/R/T
10,6.2,Cock Gastrique,Non-Starter,Samaje Perine,Cin,RB|W/R/T
10,1.6,Cock Gastrique,Non-Starter,Diontae Johnson,Cle,WR|W/R/T
10,3.8,Cock Gastrique,Non-Starter,Cole Kmet,Chi,TE|W/R/T
10,23.0,Cock Gastrique,Starter,Buffalo Bills,Buf,DEF
11,29.64,Cock Gastrique,Starter,Sam Darnold,Sea,QB
11,16.1,Cock Gastrique,Starter,Jordan Addison,Min,WR|W/R/T
11,6.0,Cock Gastrique,Starter,Rashod Bateman,Bal,WR|W/R/T
11,0.9,Cock Gastrique,Starter,Tyler Allgeier,Atl,RB|W/R/T
11,0.6,Cock Gastrique,Starter,Braelon Allen,NYJ,RB|W/R/T
11,0.0,Cock Gastrique,Starter,Sam LaPorta,Det,TE|W/R/T
11,22.1,Cock Gastrique,Starter,Tyreek Hill,Mia,WR|W/R/T
11,0.0,Cock Gastrique,Non-Starter,Rachaad White,TB,RB|W/R/T
11,0.0,Cock Gastrique,Non-Starter,Kyler Murray,Ari,QB
11,0.0,Cock Gastrique,Non-Starter,Diontae Johnson,Cle,WR|W/R/T
11,9.0,Cock Gastrique,Starter,Buffalo Bills,Buf,DEF
12,6.3,Cock Gastrique,Starter,Kyler Murray,Ari,QB
12,33.2,Cock Gastrique,Starter,Jordan Addison,Min,WR|W/R/T
12,12.8,Cock Gastrique,Starter,Rashod Bateman,Bal,WR|W/R/T
12,13.7,Cock Gastrique,Starter,Rachaad White,TB,RB|W/R/T
12,2.0,Cock Gastrique,Starter,Audric Estime,Den,RB|W/R/T
12,4.9,Cock Gastrique,Starter,Sam LaPorta,Det,TE|W/R/T
12,11.3,Cock Gastrique,Starter,Tyreek Hill,Mia,WR|W/R/T
12,0.0,Cock Gastrique,Non-Starter,Braelon Allen,NYJ,RB|W/R/T
12,0.0,Cock Gastrique,Non-Starter,Diontae Johnson,Cle,WR|W/R/T
12,15.0,Cock Gastrique,Starter,Green Bay Packers,GB,DEF
12,0.0,Cock Gastrique,Non-Starter,Buffalo Bills,Buf,DEF
13,14.2,Cock Gastrique,Starter,Kyler Murray,Ari,QB
13,10.4,Cock Gastrique,Starter,Jordan Addison,Min,WR|W/R/T
13,0.0,Cock Gastrique,Starter,Rashod Bateman,Bal,WR|W/R/T
13,10.3,Cock Gastrique,Starter,Rachaad White,TB,RB|W/R/T
13,1.2,Cock Gastrique,Starter,Audric Estime,Den,RB|W/R/T
13,16.6,Cock Gastrique,Starter,Sam LaPorta,Det,TE|W/R/T
13,22.3,Cock Gastrique,Starter,Tyreek Hill,Mia,WR|W/R/T
13,5.2,Cock Gastrique,Non-Starter,Braelon Allen,NYJ,RB|W/R/T
13,0.0,Cock Gastrique,Non-Starter,Diontae Johnson,Cle,WR|W/R/T
13,13.0,Cock Gastrique,Starter,Green Bay Packers,GB,DEF
13,15.5,Cock Gastrique,Non-Starter,Buffalo Bills,Buf,DEF
14,18.46,Cock Gastrique,Starter,Kyler Murray,Ari,QB
14,32.1,Cock Gastrique,Starter,Tyreek Hill,Mia,WR|W/R/T
14,42.3,Cock Gastrique,Starter,Jordan Addison,Min,WR|W/R/T
14,28.9,Cock Gastrique,Starter,Rachaad White,TB,RB|W/R/T
14,12.4,Cock Gastrique,Starter,Sam LaPorta,Det,TE|W/R/T
14,14.1,Cock Gastrique,Starter,Braelon Allen,NYJ,RB|W/R/T
14,0.0,Cock Gastrique,Non-Starter,Audric Estime,Den,RB|W/R/T
14,0.0,Cock Gastrique,Non-Starter,Rashod Bateman,Bal,WR|W/R/T
14,0.0,Cock Gastrique,Non-Starter,Diontae Johnson,Cle,WR|W/R/T
14,-1.0,Cock Gastrique,Starter,Buffalo Bills,Buf,DEF
14,4.5,Cock Gastrique,Non-Starter,Green Bay Packers,GB,DEF
1,30.58,Where Da Gold At?,Starter,Anthony Richardson,Ind,QB
1,4.5,Where Da Gold At?,Starter,Christian Kirk,Hou,WR|W/R/T
1,13.5,Where Da Gold At?,Starter,Garrett Wilson,NYJ,WR|W/R/T
1,21.4,Where Da Gold At?,Starter,Kenneth Walker III,Sea,RB|W/R/T
1,19.9,Where Da Gold At?,Starter,Jahmyr Gibbs,Det,RB|W/R/T
1,7.7,Where Da Gold At?,Starter,Pat Freiermuth,Pit,TE|W/R/T
1,1.5,Where Da Gold At?,Starter,Cade Otton,TB,TE|W/R/T
1,4.4,Where Da Gold At?,Non-Starter,Raheem Mostert,LV,RB|W/R/T
1,1.8,Where Da Gold At?,Non-Starter,DeAndre Hopkins,Bal,WR|W/R/T
1,10.0,Where Da Gold At?,Non-Starter,Romeo Doubs,GB,WR|W/R/T
1,9.5,Where Da Gold At?,Starter,Detroit Lions,Det,DEF
2,6.86,Where Da Gold At?,Starter,Anthony Richardson,Ind,QB
2,0.9,Where Da Gold At?,Starter,Christian Kirk,Hou,WR|W/R/T
2,12.2,Where Da Gold At?,Starter,Garrett Wilson,NYJ,WR|W/R/T
2,20.1,Where Da Gold At?,Starter,Jahmyr Gibbs,Det,RB|W/R/T
2,10.7,Where Da Gold At?,Starter,Ty Chandler,Min,RB|W/R/T
2,8.9,Where Da Gold At?,Starter,Pat Freiermuth,Pit,TE|W/R/T
2,1.9,Where Da Gold At?,Starter,DeAndre Hopkins,Bal,WR|W/R/T
2,0.0,Where Da Gold At?,Non-Starter,Kenneth Walker III,Sea,RB|W/R/T
2,0.0,Where Da Gold At?,Non-Starter,Raheem Mostert,LV,RB|W/R/T
2,10.7,Where Da Gold At?,Non-Starter,Romeo Doubs,GB,WR|W/R/T
2,12.5,Where Da Gold At?,Starter,Detroit Lions,Det,DEF
3,1.58,Where Da Gold At?,Starter,Anthony Richardson,Ind,QB
3,18.4,Where Da Gold At?,Starter,Christian Kirk,Hou,WR|W/R/T
3,15.8,Where Da Gold At?,Starter,Garrett Wilson,NYJ,WR|W/R/T
3,18.3,Where Da Gold At?,Starter,Jahmyr Gibbs,Det,RB|W/R/T
3,1.3,Where Da Gold At?,Starter,Ty Chandler,Min,RB|W/R/T
3,8.3,Where Da Gold At?,Starter,Pat Freiermuth,Pit,TE|W/R/T
3,3.3,Where Da Gold At?,Starter,Romeo Doubs,GB,WR|W/R/T
3,21.8,Where Da Gold At?,Non-Starter,DeAndre Hopkins,Bal,WR|W/R/T
3,0.0,Where Da Gold At?,Non-Starter,Kenneth Walker III,Sea,RB|W/R/T
3,0.0,Where Da Gold At?,Non-Starter,Raheem Mostert,LV,RB|W/R/T
3,10.0,Where Da Gold At?,Starter,Detroit Lions,Det,DEF
4,6.24,Where Da Gold At?,Starter,Anthony Richardson,Ind,QB
4,21.1,Where Da Gold At?,Starter,Christian Kirk,Hou,WR|W/R/T
4,8.1,Where Da Gold At?,Starter,Garrett Wilson,NYJ,WR|W/R/T
4,22.3,Where Da Gold At?,Starter,Jahmyr Gibbs,Det,RB|W/R/T
4,37.1,Where Da Gold At?,Starter,Kenneth Walker III,Sea,RB|W/R/T
4,17.7,Where Da Gold At?,Starter,Pat Freiermuth,Pit,TE|W/R/T
4,9.4,Where Da Gold At?,Starter,Romeo Doubs,GB,WR|W/R/T
4,2.3,Where Da Gold At?,Non-Starter,Ty Chandler,Min,RB|W/R/T
4,5.6,Where Da Gold At?,Non-Starter,DeAndre Hopkins,Bal,WR|W/R/T
4,0.0,Where Da Gold At?,Non-Starter,Raheem Mostert,LV,RB|W/R/T
4,9.5,Where Da Gold At?,Starter,Detroit Lions,Det,DEF
5,7.76,Where Da Gold At?,Starter,Aaron Rodgers,Pit,QB
5,13.8,Where Da Gold At?,Starter,Christian Kirk,Hou,WR|W/R/T
5,32.6,Where Da Gold At?,Starter,Garrett Wilson,NYJ,WR|W/R/T
5,17.1,Where Da Gold At?,Starter,Kenneth Walker III,Sea,RB|W/R/T
5,6.4,Where Da Gold At?,Starter,Ty Chandler,Min,RB|W/R/T
5,10.2,Where Da Gold At?,Starter,Pat Freiermuth,Pit,TE|W/R/T
5,13.8,Where Da Gold At?,Starter,Raheem Mostert,LV,RB|W/R/T
5,0.0,Where Da Gold At?,Non-Starter,Anthony Richardson,Ind,QB
5,0.0,Where Da Gold At?,Non-Starter,Jahmyr Gibbs,Det,RB|W/R/T
5,0.0,Where Da Gold At?,Non-Starter,DeAndre Hopkins,Bal,WR|W/R/T
5,8.5,Where Da Gold At?,Starter,Jacksonville Jaguars,Jax,DEF
6,19.76,Where Da Gold At?,Starter,Aaron Rodgers,Pit,QB
6,8.4,Where Da Gold At?,Starter,Christian Kirk,Hou,WR|W/R/T
6,27.7,Where Da Gold At?,Starter,Garrett Wilson,NYJ,WR|W/R/T
6,22.9,Where Da Gold At?,Starter,Kenneth Walker III,Sea,RB|W/R/T
6,15.1,Where Da Gold At?,Starter,Jahmyr Gibbs,Det,RB|W/R/T
6,3.6,Where Da Gold At?,Starter,Pat Freiermuth,Pit,TE|W/R/T
6,10.9,Where Da Gold At?,Starter,DeAndre Hopkins,Bal,WR|W/R/T
6,0.0,Where Da Gold At?,Non-Starter,Anthony Richardson,Ind,QB
6,0.0,Where Da Gold At?,Non-Starter,Raheem Mostert,LV,RB|W/R/T
6,0.0,Where Da Gold At?,Non-Starter,Ty Chandler,Min,RB|W/R/T
6,5.5,Where Da Gold At?,Starter,Jacksonville Jaguars,Jax,DEF
7,11.04,Where Da Gold At?,Starter,Aaron Rodgers,Pit,QB
7,3.9,Where Da Gold At?,Starter,Christian Kirk,Hou,WR|W/R/T
7,14.6,Where Da Gold At?,Starter,Garrett Wilson,NYJ,WR|W/R/T
7,26.3,Where Da Gold At?,Starter,Kenneth Walker III,Sea,RB|W/R/T
7,35.0,Where Da Gold At?,Starter,Jahmyr Gibbs,Det,RB|W/R/T
7,8.1,Where Da Gold At?,Starter,Pat Freiermuth,Pit,TE|W/R/T
7,1.3,Where Da Gold At?,Starter,DeAndre Hopkins,Bal,WR|W/R/T
7,10.26,Where Da Gold At?,Non-Starter,Anthony Richardson,Ind,QB
7,4.0,Where Da Gold At?,Non-Starter,Raheem Mostert,LV,RB|W/R/T
7,0.4,Where Da Gold At?,Non-Starter,Ty Chandler,Min,RB|W/R/T
7,12.5,Where Da Gold At?,Starter,Jacksonville Jaguars,Jax,DEF
8,13.5,Where Da Gold At?,Starter,Anthony Richardson,Ind,QB
8,8.9,Where Da Gold At?,Starter,Christian Kirk,Hou,WR|W/R/T
8,18.3,Where Da Gold At?,Starter,Garrett Wilson,NYJ,WR|W/R/T
8,21.8,Where Da Gold At?,Starter,Jahmyr Gibbs,Det,RB|W/R/T
8,18.0,Where Da Gold At?,Starter,Raheem Mostert,LV,RB|W/R/T
8,4.4,Where Da Gold At?,Starter,Pat Freiermuth,Pit,TE|W/R/T
8,5.9,Where Da Gold At?,Starter,DeAndre Hopkins,Bal,WR|W/R/T
8,9.5,Where Da Gold At?,Non-Starter,Kenneth Walker III,Sea,RB|W/R/T
8,21.32,Where Da Gold At?,Non-Starter,Aaron Rodgers,Pit,QB
8,0.0,Where Da Gold At?,Non-Starter,Ty Chandler,Min,RB|W/R/T
8,5.5,Where Da Gold At?,Starter,Jacksonville Jaguars,Jax,DEF
9,0.0,Where Da Gold At?,Starter,Anthony Richardson,Ind,QB
9,32.0,Where Da Gold At?,Starter,Garrett Wilson,NYJ,WR|W/R/T
9,31.1,Where Da Gold At?,Starter,DeAndre Hopkins,Bal,WR|W/R/T
9,16.1,Where Da Gold At?,Starter,Jahmyr Gibbs,Det,RB|W/R/T
9,11.3,Where Da Gold At?,Starter,Raheem Mostert,LV,RB|W/R/T
9,0.0,Where Da Gold At?,Starter,Pat Freiermuth,Pit,TE|W/R/T
9,15.7,Where Da Gold At?,Starter,Kenneth Walker III,Sea,RB|W/R/T
9,0.0,Where Da Gold At?,Non-Starter,Christian Kirk,Hou,WR|W/R/T
9,26.34,Where Da Gold At?,Non-Starter,Aaron Rodgers,Pit,QB
9,0.0,Where Da Gold At?,Non-Starter,Ty Chandler,Min,RB|W/R/T
9,14.0,Where Da Gold At?,Starter,Jacksonville Jaguars,Jax,DEF
10,4.04,Where Da Gold At?,Starter,Aaron Rodgers,Pit,QB
10,11.6,Where Da Gold At?,Starter,Garrett Wilson,NYJ,WR|W/R/T
10,11.1,Where Da Gold At?,Starter,DeAndre Hopkins,Bal,WR|W/R/T
10,14.8,Where Da Gold At?,Starter,Jahmyr Gibbs,Det,RB|W/R/T
10,6.4,Where Da Gold At?,Starter,Raheem Mostert,LV,RB|W/R/T
10,12.2,Where Da Gold At?,Starter,Pat Freiermuth,Pit,TE|W/R/T
10,1.2,Where Da Gold At?,Starter,Jaleel McLaughlin,Den,RB|W/R/T
10,0.0,Where Da Gold At?,Non-Starter,Anthony Richardson,Ind,QB
10,0.0,Where Da Gold At?,Non-Starter,Kenneth Walker III,Sea,RB|W/R/T
10,0.0,Where Da Gold At?,Non-Starter,Christian Kirk,Hou,WR|W/R/T
10,14.0,Where Da Gold At?,Starter,Jacksonville Jaguars,Jax,DEF
11,20.06,Where Da Gold At?,Starter,Aaron Rodgers,Pit,QB
11,5.8,Where Da Gold At?,Starter,Garrett Wilson,NYJ,WR|W/R/T
11,6.9,Where Da Gold At?,Starter,DeAndre Hopkins,Bal,WR|W/R/T
11,21.3,Where Da Gold At?,Starter,Jahmyr Gibbs,Det,RB|W/R/T
11,-0.2,Where Da Gold At?,Starter,Raheem Mostert,LV,RB|W/R/T
11,3.4,Where Da Gold At?,Starter,Pat Freiermuth,Pit,TE|W/R/T
11,2.4,Where Da Gold At?,Starter,Jaleel McLaughlin,Den,RB|W/R/T
11,31.58,Where Da Gold At?,Non-Starter,Anthony Richardson,Ind,QB
11,15.9,Where Da Gold At?,Non-Starter,Kenneth Walker III,Sea,RB|W/R/T
11,0.0,Where Da Gold At?,Non-Starter,Christian Kirk,Hou,WR|W/R/T
11,-2.5,Where Da Gold At?,Starter,Jacksonville Jaguars,Jax,DEF
12,14.48,Where Da Gold At?,Starter,Anthony Richardson,Ind,QB
12,16.5,Where Da Gold At?,Starter,DeAndre Hopkins,Bal,WR|W/R/T
12,1.6,Where Da Gold At?,Starter,Kayshon Boutte,NE,WR|W/R/T
12,28.9,Where Da Gold At?,Starter,Jahmyr Gibbs,Det,RB|W/R/T
12,15.8,Where Da Gold At?,Starter,Kenneth Walker III,Sea,RB|W/R/T
12,11.4,Where Da Gold At?,Starter,Pat Freiermuth,Pit,TE|W/R/T
12,0.0,Where Da Gold At?,Starter,Ricky Pearsall,SF,WR|W/R/T
12,0.0,Where Da Gold At?,Non-Starter,Garrett Wilson,NYJ,WR|W/R/T
12,1.2,Where Da Gold At?,Non-Starter,Raheem Mostert,LV,RB|W/R/T
12,0.0,Where Da Gold At?,Non-Starter,Aaron Rodgers,Pit,QB
12,15.5,Where Da Gold At?,Starter,Arizona Cardinals,Ari,DEF
13,23.66,Where Da Gold At?,Starter,Anthony Richardson,Ind,QB
13,14.0,Where Da Gold At?,Starter,DeAndre Hopkins,Bal,WR|W/R/T
13,9.6,Where Da Gold At?,Starter,Kayshon Boutte,NE,WR|W/R/T
13,12.4,Where Da Gold At?,Starter,Jahmyr Gibbs,Det,RB|W/R/T
13,7.6,Where Da Gold At?,Starter,Kenneth Walker III,Sea,RB|W/R/T
13,19.8,Where Da Gold At?,Starter,Pat Freiermuth,Pit,TE|W/R/T
13,10.6,Where Da Gold At?,Starter,Garrett Wilson,NYJ,WR|W/R/T
13,0.0,Where Da Gold At?,Non-Starter,Ricky Pearsall,SF,WR|W/R/T
13,5.9,Where Da Gold At?,Non-Starter,Raheem Mostert,LV,RB|W/R/T
13,14.5,Where Da Gold At?,Non-Starter,Aaron Rodgers,Pit,QB
13,11.0,Where Da Gold At?,Starter,Arizona Cardinals,Ari,DEF
14,19.56,Where Da Gold At?,Starter,Aaron Rodgers,Pit,QB
14,13.7,Where Da Gold At?,Starter,DeAndre Hopkins,Bal,WR|W/R/T
14,1.5,Where Da Gold At?,Starter,Ricky Pearsall,SF,WR|W/R/T
14,21.3,Where Da Gold At?,Starter,Jahmyr Gibbs,Det,RB|W/R/T
14,4.4,Where Da Gold At?,Starter,Kimani Vidal,LAC,RB|W/R/T
14,14.8,Where Da Gold At?,Starter,Pat Freiermuth,Pit,TE|W/R/T
14,20.4,Where Da Gold At?,Starter,Garrett Wilson,NYJ,WR|W/R/T
14,0.0,Where Da Gold At?,Non-Starter,Kenneth Walker III,Sea,RB|W/R/T
14,0.0,Where Da Gold At?,Non-Starter,Raheem Mostert,LV,RB|W/R/T
14,0.0,Where Da Gold At?,Non-Starter,Anthony Richardson,Ind,QB
14,2.5,Where Da Gold At?,Starter,Arizona Cardinals,Ari,DEF
1,17.42,Make it Hurts so good,Starter,Jalen Hurts,Phi,QB
1,4.0,Make it Hurts so good,Starter,Drake London,Atl,WR|W/R/T
1,20.7,Make it Hurts so good,Starter,Deebo Samuel,Was,WR|W/R/T
1,16.6,Make it Hurts so good,Starter,Zack Moss,Cin,RB|W/R/T
1,5.2,Make it Hurts so good,Starter,Rico Dowdle,Car,RB|W/R/T
1,12.1,Make it Hurts so good,Starter,Kyle Pitts,Atl,TE|W/R/T
1,17.9,Make it Hurts so good,Starter,DeVonta Smith,Phi,WR|W/R/T
1,26.4,Make it Hurts so good,Non-Starter,Jameson Williams,Det,WR|W/R/T
1,0.0,Make it Hurts so good,Non-Starter,Dontayvion Wicks,GB,WR|W/R/T
1,2.5,Make it Hurts so good,Non-Starter,Samaje Perine,Cin,RB|W/R/T
1,7.5,Make it Hurts so good,Starter,Houston Texans,Hou,DEF
2,27.32,Make it Hurts so good,Starter,Jalen Hurts,Phi,QB
2,22.6,Make it Hurts so good,Starter,DeVonta Smith,Phi,WR|W/R/T
2,21.0,Make it Hurts so good,Starter,Deebo Samuel,Was,WR|W/R/T
2,7.2,Make it Hurts so good,Starter,Zack Moss,Cin,RB|W/R/T
2,6.6,Make it Hurts so good,Starter,Alexander Mattison,Mia,RB|W/R/T
2,5.5,Make it Hurts so good,Starter,Kyle Pitts,Atl,TE|W/R/T
2,15.9,Make it Hurts so good,Starter,Jameson Williams,Det,WR|W/R/T
2,18.4,Make it Hurts so good,Non-Starter,Drake London,Atl,WR|W/R/T
2,11.4,Make it Hurts so good,Non-Starter,Rico Dowdle,Car,RB|W/R/T
2,5.7,Make it Hurts so good,Non-Starter,Justice Hill,Bal,RB|W/R/T
2,21.0,Make it Hurts so good,Starter,Houston Texans,Hou,DEF
3,9.44,Make it Hurts so good,Starter,Jalen Hurts,Phi,QB
3,16.9,Make it Hurts so good,Starter,DeVonta Smith,Phi,WR|W/R/T
3,20.7,Make it Hurts so good,Starter,Drake London,Atl,WR|W/R/T
3,24.7,Make it Hurts so good,Starter,Zack Moss,Cin,RB|W/R/T
3,9.1,Make it Hurts so good,Starter,Rico Dowdle,Car,RB|W/R/T
3,8.9,Make it Hurts so good,Starter,Kyle Pitts,Atl,TE|W/R/T
3,1.7,Make it Hurts so good,Starter,Jameson Williams,Det,WR|W/R/T
3,14.9,Make it Hurts so good,Non-Starter,Alexander Mattison,Mia,RB|W/R/T
3,0.0,Make it Hurts so good,Non-Starter,Deebo Samuel,Was,WR|W/R/T
3,9.4,Make it Hurts so good,Non-Starter,Justice Hill,Bal,RB|W/R/T
3,7.0,Make it Hurts so good,Starter,Houston Texans,Hou,DEF
4,21.32,Make it Hurts so good,Starter,Jalen Hurts,Phi,QB
4,13.4,Make it Hurts so good,Starter,Drake London,Atl,WR|W/R/T
4,17.0,Make it Hurts so good,Starter,Jameson Williams,Det,WR|W/R/T
4,19.3,Make it Hurts so good,Starter,Zack Moss,Cin,RB|W/R/T
4,15.1,Make it Hurts so good,Starter,Rico Dowdle,Car,RB|W/R/T
4,0.0,Make it Hurts so good,Starter,Kyle Pitts,Atl,TE|W/R/T
4,10.7,Make it Hurts so good,Starter,Deebo Samuel,Was,WR|W/R/T
4,7.5,Make it Hurts so good,Non-Starter,Alexander Mattison,Mia,RB|W/R/T
4,0.0,Make it Hurts so good,Non-Starter,DeVonta Smith,Phi,WR|W/R/T
4,24.1,Make it Hurts so good,Non-Starter,Justice Hill,Bal,RB|W/R/T
4,4.5,Make it Hurts so good,Starter,Houston Texans,Hou,DEF
5,20.94,Make it Hurts so good,Starter,Justin Fields,NYJ,QB
5,37.9,Make it Hurts so good,Starter,Drake London,Atl,WR|W/R/T
5,3.5,Make it Hurts so good,Starter,Deebo Samuel,Was,WR|W/R/T
5,8.7,Make it Hurts so good,Starter,Zack Moss,Cin,RB|W/R/T
5,23.4,Make it Hurts so good,Starter,Rico Dowdle,Car,RB|W/R/T
5,17.8,Make it Hurts so good,Starter,Kyle Pitts,Atl,TE|W/R/T
5,11.6,Make it Hurts so good,Starter,Alexander Mattison,Mia,RB|W/R/T
5,0.0,Make it Hurts so good,Non-Starter,Jalen Hurts,Phi,QB
5,0.0,Make it Hurts so good,Non-Starter,Jameson Williams,Det,WR|W/R/T
5,0.0,Make it Hurts so good,Non-Starter,DeVonta Smith,Phi,WR|W/R/T
5,7.5,Make it Hurts so good,Starter,Houston Texans,Hou,DEF
6,28.36,Make it Hurts so good,Starter,Jalen Hurts,Phi,QB
6,21.4,Make it Hurts so good,Starter,Drake London,Atl,WR|W/R/T
6,16.4,Make it Hurts so good,Starter,DeVonta Smith,Phi,WR|W/R/T
6,0.5,Make it Hurts so good,Starter,Zack Moss,Cin,RB|W/R/T
6,12.0,Make it Hurts so good,Starter,Rico Dowdle,Car,RB|W/R/T
6,11.0,Make it Hurts so good,Starter,Kyle Pitts,Atl,TE|W/R/T
6,21.7,Make it Hurts so good,Starter,Deebo Samuel,Was,WR|W/R/T
6,19.7,Make it Hurts so good,Non-Starter,Jameson Williams,Det,WR|W/R/T
6,20.5,Make it Hurts so good,Non-Starter,Alexander Mattison,Mia,RB|W/R/T
6,0.0,Make it Hurts so good,Non-Starter,Isiah Pacheco,KC,RB|W/R/T
6,17.0,Make it Hurts so good,Starter,Houston Texans,Hou,DEF
7,26.76,Make it Hurts so good,Starter,Jalen Hurts,Phi,QB
7,20.8,Make it Hurts so good,Starter,Drake London,Atl,WR|W/R/T
7,0.8,Make it Hurts so good,Starter,DeVonta Smith,Phi,WR|W/R/T
7,8.0,Make it Hurts so good,Starter,Zack Moss,Cin,RB|W/R/T
7,18.3,Make it Hurts so good,Starter,Alexander Mattison,Mia,RB|W/R/T
7,14.5,Make it Hurts so good,Starter,Kyle Pitts,Atl,TE|W/R/T
7,0.0,Make it Hurts so good,Starter,Deebo Samuel,Was,WR|W/R/T
7,0.0,Make it Hurts so good,Non-Starter,Rico Dowdle,Car,RB|W/R/T
7,0.6,Make it Hurts so good,Non-Starter,Jameson Williams,Det,WR|W/R/T
7,0.0,Make it Hurts so good,Non-Starter,Isiah Pacheco,KC,RB|W/R/T
7,15.5,Make it Hurts so good,Starter,Houston Texans,Hou,DEF
8,40.64,Make it Hurts so good,Starter,Jalen Hurts,Phi,QB
8,7.9,Make it Hurts so good,Starter,Drake London,Atl,WR|W/R/T
8,22.5,Make it Hurts so good,Starter,DeVonta Smith,Phi,WR|W/R/T
8,8.9,Make it Hurts so good,Starter,Zack Moss,Cin,RB|W/R/T
8,3.7,Make it Hurts so good,Starter,Dalvin Cook,Dal,RB|W/R/T
8,26.6,Make it Hurts so good,Starter,Kyle Pitts,Atl,TE|W/R/T
8,13.6,Make it Hurts so good,Starter,Deebo Samuel,Was,WR|W/R/T
8,0.0,Make it Hurts so good,Non-Starter,Rico Dowdle,Car,RB|W/R/T
8,10.4,Make it Hurts so good,Non-Starter,Alexander Mattison,Mia,RB|W/R/T
8,0.0,Make it Hurts so good,Non-Starter,Jameson Williams,Det,WR|W/R/T
8,15.0,Make it Hurts so good,Starter,Houston Texans,Hou,DEF
9,35.9,Make it Hurts so good,Starter,Jalen Hurts,Phi,QB
9,11.7,Make it Hurts so good,Starter,Drake London,Atl,WR|W/R/T
9,20.7,Make it Hurts so good,Starter,DeVonta Smith,Phi,WR|W/R/T
9,4.6,Make it Hurts so good,Starter,Alexander Mattison,Mia,RB|W/R/T
9,25.2,Make it Hurts so good,Starter,Rico Dowdle,Car,RB|W/R/T
9,2.1,Make it Hurts so good,Starter,Kyle Pitts,Atl,TE|W/R/T
9,6.6,Make it Hurts so good,Starter,Jalen Coker,Car,WR|W/R/T
9,0.0,Make it Hurts so good,Non-Starter,Zack Moss,Cin,RB|W/R/T
9,0.0,Make it Hurts so good,Non-Starter,Deebo Samuel,Was,WR|W/R/T
9,0.0,Make it Hurts so good,Non-Starter,Jameson Williams,Det,WR|W/R/T
9,7.0,Make it Hurts so good,Starter,Houston Texans,Hou,DEF
10,33.68,Make it Hurts so good,Starter,Jalen Hurts,Phi,QB
10,20.7,Make it Hurts so good,Starter,Drake London,Atl,WR|W/R/T
10,3.4,Make it Hurts so good,Starter,DeVonta Smith,Phi,WR|W/R/T
10,9.6,Make it Hurts so good,Starter,Rico Dowdle,Car,RB|W/R/T
10,9.6,Make it Hurts so good,Starter,Tyjae Spears,Ten,RB|W/R/T
10,10.0,Make it Hurts so good,Starter,Kyle Pitts,Atl,TE|W/R/T
10,14.6,Make it Hurts so good,Starter,Deebo Samuel,Was,WR|W/R/T
10,9.8,Make it Hurts so good,Non-Starter,Jameson Williams,Det,WR|W/R/T
10,0.0,Make it Hurts so good,Non-Starter,Alexander Mattison,Mia,RB|W/R/T
10,0.0,Make it Hurts so good,Non-Starter,Khalil Herbert,Ind,RB|W/R/T
10,13.0,Make it Hurts so good,Starter,Houston Texans,Hou,DEF
11,20.74,Make it Hurts so good,Starter,Jalen Hurts,Phi,QB
11,10.6,Make it Hurts so good,Starter,Drake London,Atl,WR|W/R/T
11,7.9,Make it Hurts so good,Starter,DeVonta Smith,Phi,WR|W/R/T
11,6.4,Make it Hurts so good,Starter,Rico Dowdle,Car,RB|W/R/T
11,10.9,Make it Hurts so good,Starter,Alexander Mattison,Mia,RB|W/R/T
11,1.9,Make it Hurts so good,Starter,Kyle Pitts,Atl,TE|W/R/T
11,7.1,Make it Hurts so good,Starter,Deebo Samuel,Was,WR|W/R/T
11,6.0,Make it Hurts so good,Non-Starter,Audric Estime,Den,RB|W/R/T
11,2.8,Make it Hurts so good,Non-Starter,Tyjae Spears,Ten,RB|W/R/T
11,24.6,Make it Hurts so good,Non-Starter,Jameson Williams,Det,WR|W/R/T
11,22.5,Make it Hurts so good,Starter,Houston Texans,Hou,DEF
12,19.06,Make it Hurts so good,Starter,Jalen Hurts,Phi,QB
12,13.8,Make it Hurts so good,Starter,Jameson Williams,Det,WR|W/R/T
12,3.6,Make it Hurts so good,Starter,Deebo Samuel,Was,WR|W/R/T
12,12.8,Make it Hurts so good,Starter,Rico Dowdle,Car,RB|W/R/T
12,19.5,Make it Hurts so good,Starter,Ameer Abdullah,SF,RB|W/R/T
12,0.0,Make it Hurts so good,Starter,Isaiah Likely,Bal,TE|W/R/T
12,13.3,Make it Hurts so good,Starter,Nick Westbrook-Ikhine,Mia,WR|W/R/T
12,0.0,Make it Hurts so good,Non-Starter,DeVonta Smith,Phi,WR|W/R/T
12,0.0,Make it Hurts so good,Non-Starter,Kyle Pitts,Atl,TE|W/R/T
12,0.0,Make it Hurts so good,Non-Starter,Drake London,Atl,WR|W/R/T
12,27.0,Make it Hurts so good,Starter,Houston Texans,Hou,DEF
13,21.62,Make it Hurts so good,Starter,Jalen Hurts,Phi,QB
13,11.1,Make it Hurts so good,Starter,Jameson Williams,Det,WR|W/R/T
13,20.3,Make it Hurts so good,Starter,Drake London,Atl,WR|W/R/T
13,24.3,Make it Hurts so good,Starter,Rico Dowdle,Car,RB|W/R/T
13,8.8,Make it Hurts so good,Starter,Ameer Abdullah,SF,RB|W/R/T
13,0.0,Make it Hurts so good,Starter,Kyle Pitts,Atl,TE|W/R/T
13,3.1,Make it Hurts so good,Starter,Devaughn Vele,NO,WR|W/R/T
13,0.0,Make it Hurts so good,Non-Starter,DeVonta Smith,Phi,WR|W/R/T
13,0.0,Make it Hurts so good,Non-Starter,Alexander Mattison,Mia,RB|W/R/T
13,4.0,Make it Hurts so good,Non-Starter,Deebo Samuel,Was,WR|W/R/T
13,6.0,Make it Hurts so good,Starter,Houston Texans,Hou,DEF
14,30.22,Make it Hurts so good,Starter,Jalen Hurts,Phi,QB
14,14.0,Make it Hurts so good,Starter,Drake London,Atl,WR|W/R/T
14,14.7,Make it Hurts so good,Starter,DeVonta Smith,Phi,WR|W/R/T
14,18.1,Make it Hurts so good,Starter,Rico Dowdle,Car,RB|W/R/T
14,0.8,Make it Hurts so good,Starter,Ameer Abdullah,SF,RB|W/R/T
14,2.9,Make it Hurts so good,Starter,Kyle Pitts,Atl,TE|W/R/T
14,14.5,Make it Hurts so good,Starter,Jameson Williams,Det,WR|W/R/T
14,8.7,Make it Hurts so good,Non-Starter,Jerome Ford,Cle,RB|W/R/T
14,6.5,Make it Hurts so good,Non-Starter,Deebo Samuel,Was,WR|W/R/T
14,14.0,Make it Hurts so good,Starter,New Orleans Saints,NO,DEF
14,5.5,Make it Hurts so good,Non-Starter,Los Angeles Chargers,LAC,DEF
15,34.6,Make it Hurts so good,Starter,Jalen Hurts,Phi,QB
15,15.8,Make it Hurts so good,Starter,Drake London,Atl,WR|W/R/T
15,31.0,Make it Hurts so good,Starter,DeVonta Smith,Phi,WR|W/R/T
15,18.4,Make it Hurts so good,Starter,Rico Dowdle,Car,RB|W/R/T
15,6.9,Make it Hurts so good,Starter,Jaleel McLaughlin,Den,RB|W/R/T
15,7.3,Make it Hurts so good,Starter,Austin Hooper,NE,TE|W/R/T
15,14.2,Make it Hurts so good,Starter,Jameson Williams,Det,WR|W/R/T
15,19.9,Make it Hurts so good,Non-Starter,Jerome Ford,Cle,RB|W/R/T
15,7.3,Make it Hurts so good,Non-Starter,Kyle Pitts,Atl,TE|W/R/T
15,4.9,Make it Hurts so good,Non-Starter,Deebo Samuel,Was,WR|W/R/T
15,3.0,Make it Hurts so good,Starter,Los Angeles Chargers,LAC,DEF
16,5.04,Make it Hurts so good,Starter,Jalen Hurts,Phi,QB
16,12.4,Make it Hurts so good,Starter,Drake London,Atl,WR|W/R/T
16,13.6,Make it Hurts so good,Starter,DeVonta Smith,Phi,WR|W/R/T
16,8.1,Make it Hurts so good,Starter,Rico Dowdle,Car,RB|W/R/T
16,27.1,Make it Hurts so good,Starter,Jerome Ford,Cle,RB|W/R/T
16,2.7,Make it Hurts so good,Starter,Brenton Strange,Jax,TE|W/R/T
16,28.5,Make it Hurts so good,Starter,Jameson Williams,Det,WR|W/R/T
16,1.7,Make it Hurts so good,Non-Starter,Kyle Pitts,Atl,TE|W/R/T
16,28.1,Make it Hurts so good,Non-Starter,Deebo Samuel,Was,WR|W/R/T
16,6.6,Make it Hurts so good,Non-Starter,Kendre Miller,NO,RB|W/R/T
16,9.5,Make it Hurts so good,Starter,Indianapolis Colts,Ind,DEF
17,0.0,Make it Hurts so good,Starter,Jalen Hurts,Phi,QB
17,20.1,Make it Hurts so good,Starter,Drake London,Atl,WR|W/R/T
17,32.0,Make it Hurts so good,Starter,DeVonta Smith,Phi,WR|W/R/T
17,12.8,Make it Hurts so good,Starter,Rico Dowdle,Car,RB|W/R/T
17,2.7,Make it Hurts so good,Starter,Jerome Ford,Cle,RB|W/R/T
17,0.0,Make it Hurts so good,Starter,Brenton Strange,Jax,TE|W/R/T
17,26.5,Make it Hurts so good,Starter,Jameson Williams,Det,WR|W/R/T
17,15.4,Make it Hurts so good,Non-Starter,Kyle Pitts,Atl,TE|W/R/T
17,10.1,Make it Hurts so good,Non-Starter,Deebo Samuel,Was,WR|W/R/T
17,3.4,Make it Hurts so good,Non-Starter,Kendre Miller,NO,RB|W/R/T
17,0.5,Make it Hurts so good,Starter,Indianapolis Colts,Ind,DEF
1,8.56,Eat A DCK McCaffrey,Starter,Joe Burrow,Cin,QB
1,7.6,Eat A DCK McCaffrey,Starter,Michael Pittman,Ind,WR|W/R/T
1,4.9,Eat A DCK McCaffrey,Starter,Jaxon Smith-Njigba,Sea,WR|W/R/T
1,0.0,Eat A DCK McCaffrey,Starter,Christian McCaffrey,SF,RB|W/R/T
1,24.5,Eat A DCK McCaffrey,Starter,Alvin Kamara,NO,RB|W/R/T
1,8.9,Eat A DCK McCaffrey,Starter,David Njoku,Cle,TE|W/R/T
1,3.5,Eat A DCK McCaffrey,Starter,Curtis Samuel,Buf,WR|W/R/T
1,0.0,Eat A DCK McCaffrey,Non-Starter,Tee Higgins,Cin,WR|W/R/T
1,1.9,Eat A DCK McCaffrey,Non-Starter,Chuba Hubbard,Car,RB|W/R/T
1,1.4,Eat A DCK McCaffrey,Non-Starter,Cole Kmet,Chi,TE|W/R/T
1,5.0,Eat A DCK McCaffrey,Starter,Baltimore Ravens,Bal,DEF
2,22.72,Eat A DCK McCaffrey,Starter,Joe Burrow,Cin,QB
2,5.6,Eat A DCK McCaffrey,Starter,Michael Pittman,Ind,WR|W/R/T
2,26.2,Eat A DCK McCaffrey,Starter,Jaxon Smith-Njigba,Sea,WR|W/R/T
2,48.5,Eat A DCK McCaffrey,Starter,Alvin Kamara,NO,RB|W/R/T
2,13.1,Eat A DCK McCaffrey,Starter,Chuba Hubbard,Car,RB|W/R/T
2,2.7,Eat A DCK McCaffrey,Starter,Colby Parkinson,LAR,TE|W/R/T
2,8.3,Eat A DCK McCaffrey,Starter,Gabriel Davis,Jax,WR|W/R/T
2,0.0,Eat A DCK McCaffrey,Non-Starter,Tee Higgins,Cin,WR|W/R/T
2,0.0,Eat A DCK McCaffrey,Non-Starter,Christian McCaffrey,SF,RB|W/R/T
2,1.3,Eat A DCK McCaffrey,Non-Starter,Curtis Samuel,Buf,WR|W/R/T
2,12.5,Eat A DCK McCaffrey,Starter,Baltimore Ravens,Bal,DEF
3,31.86,Eat A DCK McCaffrey,Starter,Joe Burrow,Cin,QB
3,8.1,Eat A DCK McCaffrey,Starter,Michael Pittman,Ind,WR|W/R/T
3,7.9,Eat A DCK McCaffrey,Starter,Jaxon Smith-Njigba,Sea,WR|W/R/T
3,18.7,Eat A DCK McCaffrey,Starter,Alvin Kamara,NO,RB|W/R/T
3,33.4,Eat A DCK McCaffrey,Starter,Chuba Hubbard,Car,RB|W/R/T
3,10.7,Eat A DCK McCaffrey,Starter,Mike Gesicki,Cin,TE|W/R/T
3,7.9,Eat A DCK McCaffrey,Starter,Tee Higgins,Cin,WR|W/R/T
3,4.3,Eat A DCK McCaffrey,Non-Starter,Gabriel Davis,Jax,WR|W/R/T
3,0.0,Eat A DCK McCaffrey,Non-Starter,Christian McCaffrey,SF,RB|W/R/T
3,5.9,Eat A DCK McCaffrey,Non-Starter,Alec Pierce,Ind,WR|W/R/T
3,6.5,Eat A DCK McCaffrey,Starter,Baltimore Ravens,Bal,DEF
4,18.78,Eat A DCK McCaffrey,Starter,Joe Burrow,Cin,QB
4,19.8,Eat A DCK McCaffrey,Starter,Michael Pittman,Ind,WR|W/R/T
4,15.1,Eat A DCK McCaffrey,Starter,Jaxon Smith-Njigba,Sea,WR|W/R/T
4,29.4,Eat A DCK McCaffrey,Starter,Alvin Kamara,NO,RB|W/R/T
4,25.6,Eat A DCK McCaffrey,Starter,Chuba Hubbard,Car,RB|W/R/T
4,0.1,Eat A DCK McCaffrey,Starter,Mike Gesicki,Cin,TE|W/R/T
4,14.5,Eat A DCK McCaffrey,Starter,Tee Higgins,Cin,WR|W/R/T
4,0.0,Eat A DCK McCaffrey,Non-Starter,Christian McCaffrey,SF,RB|W/R/T
4,1.9,Eat A DCK McCaffrey,Non-Starter,Alec Pierce,Ind,WR|W/R/T
4,7.5,Eat A DCK McCaffrey,Starter,Miami Dolphins,Mia,DEF
4,13.5,Eat A DCK McCaffrey,Non-Starter,Baltimore Ravens,Bal,DEF
5,41.78,Eat A DCK McCaffrey,Starter,Joe Burrow,Cin,QB
5,15.7,Eat A DCK McCaffrey,Starter,Michael Pittman,Ind,WR|W/R/T
5,14.1,Eat A DCK McCaffrey,Starter,Jaxon Smith-Njigba,Sea,WR|W/R/T
5,14.6,Eat A DCK McCaffrey,Starter,Alvin Kamara,NO,RB|W/R/T
5,19.0,Eat A DCK McCaffrey,Starter,Chuba Hubbard,Car,RB|W/R/T
5,6.1,Eat A DCK McCaffrey,Starter,Mike Gesicki,Cin,TE|W/R/T
5,32.3,Eat A DCK McCaffrey,Starter,Tee Higgins,Cin,WR|W/R/T
5,0.0,Eat A DCK McCaffrey,Non-Starter,Christian McCaffrey,SF,RB|W/R/T
5,23.9,Eat A DCK McCaffrey,Non-Starter,Alec Pierce,Ind,WR|W/R/T
5,20.5,Eat A DCK McCaffrey,Starter,Denver Broncos,Den,DEF
5,5.5,Eat A DCK McCaffrey,Non-Starter,Baltimore Ravens,Bal,DEF
6,20.82,Eat A DCK McCaffrey,Starter,Joe Burrow,Cin,QB
6,11.8,Eat A DCK McCaffrey,Starter,Jaxon Smith-Njigba,Sea,WR|W/R/T
6,13.7,Eat A DCK McCaffrey,Starter,Darius Slayton,NYG,WR|W/R/T
6,18.9,Eat A DCK McCaffrey,Starter,Alvin Kamara,NO,RB|W/R/T
6,18.8,Eat A DCK McCaffrey,Starter,Chuba Hubbard,Car,RB|W/R/T
6,0.0,Eat A DCK McCaffrey,Starter,Mike Gesicki,Cin,TE|W/R/T
6,16.7,Eat A DCK McCaffrey,Starter,Tee Higgins,Cin,WR|W/R/T
6,13.5,Eat A DCK McCaffrey,Non-Starter,Michael Pittman,Ind,WR|W/R/T
6,0.0,Eat A DCK McCaffrey,Non-Starter,Alec Pierce,Ind,WR|W/R/T
6,0.0,Eat A DCK McCaffrey,Non-Starter,Christian McCaffrey,SF,RB|W/R/T
6,6.5,Eat A DCK McCaffrey,Starter,Denver Broncos,Den,DEF
7,18.94,Eat A DCK McCaffrey,Starter,Joe Burrow,Cin,QB
7,5.3,Eat A DCK McCaffrey,Starter,Jaxon Smith-Njigba,Sea,WR|W/R/T
7,20.4,Eat A DCK McCaffrey,Starter,Romeo Doubs,GB,WR|W/R/T
7,8.9,Eat A DCK McCaffrey,Starter,Alvin Kamara,NO,RB|W/R/T
7,12.2,Eat A DCK McCaffrey,Starter,Chuba Hubbard,Car,RB|W/R/T
7,25.6,Eat A DCK McCaffrey,Starter,David Njoku,Cle,TE|W/R/T
7,20.2,Eat A DCK McCaffrey,Starter,Tee Higgins,Cin,WR|W/R/T
7,10.3,Eat A DCK McCaffrey,Non-Starter,Michael Pittman,Ind,WR|W/R/T
7,1.2,Eat A DCK McCaffrey,Non-Starter,Mike Gesicki,Cin,TE|W/R/T
7,0.0,Eat A DCK McCaffrey,Non-Starter,Christian McCaffrey,SF,RB|W/R/T
7,24.0,Eat A DCK McCaffrey,Starter,Denver Broncos,Den,DEF
8,13.36,Eat A DCK McCaffrey,Starter,Joe Burrow,Cin,QB
8,15.4,Eat A DCK McCaffrey,Starter,Jaxon Smith-Njigba,Sea,WR|W/R/T
8,11.7,Eat A DCK McCaffrey,Starter,Romeo Doubs,GB,WR|W/R/T
8,20.2,Eat A DCK McCaffrey,Starter,Alvin Kamara,NO,RB|W/R/T
8,10.1,Eat A DCK McCaffrey,Starter,Chuba Hubbard,Car,RB|W/R/T
8,18.1,Eat A DCK McCaffrey,Starter,David Njoku,Cle,TE|W/R/T
8,0.0,Eat A DCK McCaffrey,Starter,Tee Higgins,Cin,WR|W/R/T
8,3.1,Eat A DCK McCaffrey,Non-Starter,Michael Pittman,Ind,WR|W/R/T
8,0.0,Eat A DCK McCaffrey,Non-Starter,Christian McCaffrey,SF,RB|W/R/T
8,15.1,Eat A DCK McCaffrey,Non-Starter,Jaleel McLaughlin,Den,RB|W/R/T
8,12.0,Eat A DCK McCaffrey,Starter,Denver Broncos,Den,DEF
9,36.14,Eat A DCK McCaffrey,Starter,Joe Burrow,Cin,QB
9,39.5,Eat A DCK McCaffrey,Starter,Jaxon Smith-Njigba,Sea,WR|W/R/T
9,6.8,Eat A DCK McCaffrey,Starter,Romeo Doubs,GB,WR|W/R/T
9,32.5,Eat A DCK McCaffrey,Starter,Alvin Kamara,NO,RB|W/R/T
9,22.7,Eat A DCK McCaffrey,Starter,Chuba Hubbard,Car,RB|W/R/T
9,8.4,Eat A DCK McCaffrey,Starter,David Njoku,Cle,TE|W/R/T
9,2.4,Eat A DCK McCaffrey,Starter,Michael Pittman,Ind,WR|W/R/T
9,0.0,Eat A DCK McCaffrey,Non-Starter,Tee Higgins,Cin,WR|W/R/T
9,0.0,Eat A DCK McCaffrey,Non-Starter,Christian McCaffrey,SF,RB|W/R/T
9,5.0,Eat A DCK McCaffrey,Non-Starter,Jaleel McLaughlin,Den,RB|W/R/T
9,0.0,Eat A DCK McCaffrey,Starter,Denver Broncos,Den,DEF
10,41.72,Eat A DCK McCaffrey,Starter,Joe Burrow,Cin,QB
10,8.0,Eat A DCK McCaffrey,Starter,Xavier Legette,Car,WR|W/R/T
10,4.4,Eat A DCK McCaffrey,Starter,Jalen Tolbert,Dal,WR|W/R/T
10,17.9,Eat A DCK McCaffrey,Starter,Alvin Kamara,NO,RB|W/R/T
10,28.9,Eat A DCK McCaffrey,Starter,Chuba Hubbard,Car,RB|W/R/T
10,7.5,Eat A DCK McCaffrey,Starter,Mike Gesicki,Cin,TE|W/R/T
10,18.7,Eat A DCK McCaffrey,Starter,Christian McCaffrey,SF,RB|W/R/T
10,0.0,Eat A DCK McCaffrey,Non-Starter,Michael Pittman,Ind,WR|W/R/T
10,0.0,Eat A DCK McCaffrey,Non-Starter,Tee Higgins,Cin,WR|W/R/T
10,0.0,Eat A DCK McCaffrey,Non-Starter,Jaxon Smith-Njigba,Sea,WR|W/R/T
10,8.5,Eat A DCK McCaffrey,Starter,Denver Broncos,Den,DEF
11,36.04,Eat A DCK McCaffrey,Starter,Joe Burrow,Cin,QB
11,32.8,Eat A DCK McCaffrey,Starter,Tee Higgins,Cin,WR|W/R/T
11,3.2,Eat A DCK McCaffrey,Starter,Romeo Doubs,GB,WR|W/R/T
11,14.9,Eat A DCK McCaffrey,Starter,Alvin Kamara,NO,RB|W/R/T
11,17.6,Eat A DCK McCaffrey,Starter,Christian McCaffrey,SF,RB|W/R/T
11,21.1,Eat A DCK McCaffrey,Starter,David Njoku,Cle,TE|W/R/T
11,25.3,Eat A DCK McCaffrey,Starter,Jaxon Smith-Njigba,Sea,WR|W/R/T
11,10.6,Eat A DCK McCaffrey,Non-Starter,Michael Pittman,Ind,WR|W/R/T
11,0.0,Eat A DCK McCaffrey,Non-Starter,Chuba Hubbard,Car,RB|W/R/T
11,18.0,Eat A DCK McCaffrey,Starter,Denver Broncos,Den,DEF
12,12.36,Eat A DCK McCaffrey,Starter,Geno Smith,LV,QB
12,9.9,Eat A DCK McCaffrey,Starter,Romeo Doubs,GB,WR|W/R/T
12,17.6,Eat A DCK McCaffrey,Starter,Michael Pittman,Ind,WR|W/R/T
12,9.3,Eat A DCK McCaffrey,Starter,Christian McCaffrey,SF,RB|W/R/T
12,17.5,Eat A DCK McCaffrey,Starter,Chuba Hubbard,Car,RB|W/R/T
12,3.9,Eat A DCK McCaffrey,Starter,David Njoku,Cle,TE|W/R/T
12,21.7,Eat A DCK McCaffrey,Starter,Jaxon Smith-Njigba,Sea,WR|W/R/T
12,0.0,Eat A DCK McCaffrey,Non-Starter,Alvin Kamara,NO,RB|W/R/T
12,0.0,Eat A DCK McCaffrey,Non-Starter,Tee Higgins,Cin,WR|W/R/T
12,0.0,Eat A DCK McCaffrey,Non-Starter,Joe Burrow,Cin,QB
12,13.0,Eat A DCK McCaffrey,Starter,Denver Broncos,Den,DEF
13,23.26,Eat A DCK McCaffrey,Starter,Joe Burrow,Cin,QB
13,13.4,Eat A DCK McCaffrey,Starter,Jaxon Smith-Njigba,Sea,WR|W/R/T
13,19.9,Eat A DCK McCaffrey,Starter,Tee Higgins,Cin,WR|W/R/T
13,11.2,Eat A DCK McCaffrey,Starter,Christian McCaffrey,SF,RB|W/R/T
13,3.3,Eat A DCK McCaffrey,Starter,Chuba Hubbard,Car,RB|W/R/T
13,27.7,Eat A DCK McCaffrey,Starter,David Njoku,Cle,TE|W/R/T
13,18.4,Eat A DCK McCaffrey,Starter,Alvin Kamara,NO,RB|W/R/T
13,9.2,Eat A DCK McCaffrey,Non-Starter,Michael Pittman,Ind,WR|W/R/T
13,10.8,Eat A DCK McCaffrey,Non-Starter,Xavier Legette,Car,WR|W/R/T
13,22.0,Eat A DCK McCaffrey,Starter,Denver Broncos,Den,DEF
14,28.56,Eat A DCK McCaffrey,Starter,Joe Burrow,Cin,QB
14,21.6,Eat A DCK McCaffrey,Starter,Jaxon Smith-Njigba,Sea,WR|W/R/T
14,4.8,Eat A DCK McCaffrey,Starter,Tee Higgins,Cin,WR|W/R/T
14,23.2,Eat A DCK McCaffrey,Starter,Chuba Hubbard,Car,RB|W/R/T
14,14.9,Eat A DCK McCaffrey,Starter,Alvin Kamara,NO,RB|W/R/T
14,18.2,Eat A DCK McCaffrey,Starter,David Njoku,Cle,TE|W/R/T
14,6.4,Eat A DCK McCaffrey,Starter,Xavier Legette,Car,WR|W/R/T
14,0.0,Eat A DCK McCaffrey,Non-Starter,Michael Pittman,Ind,WR|W/R/T
14,0.0,Eat A DCK McCaffrey,Non-Starter,Alexander Mattison,Mia,RB|W/R/T
14,12.5,Eat A DCK McCaffrey,Starter,Tampa Bay Buccaneers,TB,DEF
14,0.0,Eat A DCK McCaffrey,Non-Starter,Denver Broncos,Den,DEF
15,18.84,Eat A DCK McCaffrey,Starter,Joe Burrow,Cin,QB
15,20.3,Eat A DCK McCaffrey,Starter,Jaxon Smith-Njigba,Sea,WR|W/R/T
15,21.3,Eat A DCK McCaffrey,Starter,Tee Higgins,Cin,WR|W/R/T
15,11.4,Eat A DCK McCaffrey,Starter,Chuba Hubbard,Car,RB|W/R/T
15,18.0,Eat A DCK McCaffrey,Starter,Alvin Kamara,NO,RB|W/R/T
15,3.8,Eat A DCK McCaffrey,Starter,Dalton Schultz,Hou,TE|W/R/T
15,11.3,Eat A DCK McCaffrey,Starter,Michael Pittman,Ind,WR|W/R/T
15,0.0,Eat A DCK McCaffrey,Non-Starter,David Njoku,Cle,TE|W/R/T
15,2.9,Eat A DCK McCaffrey,Non-Starter,Xavier Legette,Car,WR|W/R/T
15,3.4,Eat A DCK McCaffrey,Non-Starter,Alexander Mattison,Mia,RB|W/R/T
15,25.0,Eat A DCK McCaffrey,Starter,Denver Broncos,Den,DEF
16,28.48,Eat A DCK McCaffrey,Starter,Joe Burrow,Cin,QB
16,26.5,Eat A DCK McCaffrey,Starter,Jaxon Smith-Njigba,Sea,WR|W/R/T
16,20.8,Eat A DCK McCaffrey,Starter,Tee Higgins,Cin,WR|W/R/T
16,36.5,Eat A DCK McCaffrey,Starter,Chuba Hubbard,Car,RB|W/R/T
16,16.6,Eat A DCK McCaffrey,Starter,Alexander Mattison,Mia,RB|W/R/T
16,16.1,Eat A DCK McCaffrey,Starter,David Njoku,Cle,TE|W/R/T
16,4.5,Eat A DCK McCaffrey,Starter,Romeo Doubs,GB,WR|W/R/T
16,0.0,Eat A DCK McCaffrey,Non-Starter,Alvin Kamara,NO,RB|W/R/T
16,4.9,Eat A DCK McCaffrey,Non-Starter,Michael Pittman,Ind,WR|W/R/T
16,16.5,Eat A DCK McCaffrey,Non-Starter,Dalton Schultz,Hou,TE|W/R/T
16,6.5,Eat A DCK McCaffrey,Starter,Denver Broncos,Den,DEF
17,43.98,Eat A DCK McCaffrey,Starter,Joe Burrow,Cin,QB
17,7.2,Eat A DCK McCaffrey,Starter,Jaxon Smith-Njigba,Sea,WR|W/R/T
17,44.1,Eat A DCK McCaffrey,Starter,Tee Higgins,Cin,WR|W/R/T
17,5.3,Eat A DCK McCaffrey,Starter,Alexander Mattison,Mia,RB|W/R/T
17,2.0,Eat A DCK McCaffrey,Starter,Raheem Blackshear,Car,RB|W/R/T
17,4.6,Eat A DCK McCaffrey,Starter,Dalton Schultz,Hou,TE|W/R/T
17,17.3,Eat A DCK McCaffrey,Starter,Romeo Doubs,GB,WR|W/R/T
17,0.0,Eat A DCK McCaffrey,Non-Starter,Chuba Hubbard,Car,RB|W/R/T
17,0.0,Eat A DCK McCaffrey,Non-Starter,Alvin Kamara,NO,RB|W/R/T
17,31.44,Eat A DCK McCaffrey,Non-Starter,Justin Herbert,LAC,QB
17,15.5,Eat A DCK McCaffrey,Starter,Los Angeles Chargers,LAC,DEF
