1,18.28,imdrunkrightnow,Starter,Eli Manning,NYG,QB
1,8.3,imdrunkrightnow,Starter,Odell Beckham,Mia,WR|W/R/T
1,13.6,imdrunkrightnow,Starter,Julio Jones,Phi,WR|W/R/T
1,5.75,imdrunkrightnow,Starter,Duke Johnson,Buf,RB|W/R/T
1,6.85,imdrunkrightnow,Starter,Shane Vereen,NYG,RB|W/R/T
1,8.85,imdrunkrightnow,Starter,Jason Witten,LV,TE|W/R/T
1,12.45,imdrunkrightnow,Starter,Michael Crabtree,Ari,WR|W/R/T
1,6.55,imdrunkrightnow,Non-Starter,Thomas Rawls,Cin,RB|W/R/T
1,12.95,imdrunkrightnow,Non-Starter,Tevin Coleman,SF,RB|W/R/T
1,17.25,imdrunkrightnow,Non-Starter,Mohamed Sanu,SF,WR|W/R/T
1,12.7,imdrunkrightnow,Non-Starter,Nelson Agholor,Bal,WR|W/R/T
1,0.2,imdrunkrightnow,Non-Starter,Chris Johnson,Ari,RB|W/R/T
1,6.5,imdrunkrightnow,Starter,New England Patriots,NE,DEF
2,12.32,imdrunkrightnow,Starter,Eli Manning,NYG,QB
2,10.6,imdrunkrightnow,Starter,Odell Beckham,Mia,WR|W/R/T
2,17.85,imdrunkrightnow,Starter,Julio Jones,Phi,WR|W/R/T
2,6.6,imdrunkrightnow,Starter,Duke Johnson,Buf,RB|W/R/T
2,5.35,imdrunkrightnow,Starter,Shane Vereen,NYG,RB|W/R/T
2,5.85,imdrunkrightnow,Starter,Jason Witten,LV,TE|W/R/T
2,10.1,imdrunkrightnow,Starter,Michael Crabtree,Ari,WR|W/R/T
2,1.55,imdrunkrightnow,Non-Starter,Thomas Rawls,Cin,RB|W/R/T
2,13.6,imdrunkrightnow,Non-Starter,Tevin Coleman,SF,RB|W/R/T
2,2.65,imdrunkrightnow,Non-Starter,Mohamed Sanu,SF,WR|W/R/T
2,5.2,imdrunkrightnow,Non-Starter,Nelson Agholor,Bal,WR|W/R/T
2,11.4,imdrunkrightnow,Non-Starter,Chris Johnson,Ari,RB|W/R/T
2,9.5,imdrunkrightnow,Starter,New England Patriots,NE,DEF
3,14.0,imdrunkrightnow,Starter,Eli Manning,NYG,QB
3,13.85,imdrunkrightnow,Starter,Odell Beckham,Mia,WR|W/R/T
3,1.85,imdrunkrightnow,Starter,Julio Jones,Phi,WR|W/R/T
3,14.0,imdrunkrightnow,Starter,Shane Vereen,NYG,RB|W/R/T
3,27.65,imdrunkrightnow,Starter,Tevin Coleman,SF,RB|W/R/T
3,3.0,imdrunkrightnow,Starter,Jason Witten,LV,TE|W/R/T
3,12.2,imdrunkrightnow,Starter,Michael Crabtree,Ari,WR|W/R/T
3,9.35,imdrunkrightnow,Non-Starter,Duke Johnson,Buf,RB|W/R/T
3,0.0,imdrunkrightnow,Non-Starter,Thomas Rawls,Cin,RB|W/R/T
3,3.85,imdrunkrightnow,Non-Starter,Mohamed Sanu,SF,WR|W/R/T
3,2.85,imdrunkrightnow,Non-Starter,Nelson Agholor,Bal,WR|W/R/T
3,0.5,imdrunkrightnow,Non-Starter,Chris Johnson,Ari,RB|W/R/T
3,20.5,imdrunkrightnow,Starter,New England Patriots,NE,DEF
4,8.44,imdrunkrightnow,Starter,Eli Manning,NYG,QB
4,3.05,imdrunkrightnow,Starter,Odell Beckham,Mia,WR|W/R/T
4,39.0,imdrunkrightnow,Starter,Julio Jones,Phi,WR|W/R/T
4,4.05,imdrunkrightnow,Starter,Tevin Coleman,SF,RB|W/R/T
4,7.1,imdrunkrightnow,Starter,Duke Johnson,Buf,RB|W/R/T
4,6.45,imdrunkrightnow,Starter,Jason Witten,LV,TE|W/R/T
4,28.55,imdrunkrightnow,Starter,Michael Crabtree,Ari,WR|W/R/T
4,0.0,imdrunkrightnow,Non-Starter,Thomas Rawls,Cin,RB|W/R/T
4,2.7,imdrunkrightnow,Non-Starter,Mohamed Sanu,SF,WR|W/R/T
4,0.0,imdrunkrightnow,Non-Starter,Nelson Agholor,Bal,WR|W/R/T
4,3.4,imdrunkrightnow,Non-Starter,Chris Johnson,Ari,RB|W/R/T
4,0.0,imdrunkrightnow,Non-Starter,Wendell Smallwood,Jax,RB|W/R/T
4,5.0,imdrunkrightnow,Starter,New England Patriots,NE,DEF
5,10.06,imdrunkrightnow,Starter,Eli Manning,NYG,QB
5,12.85,imdrunkrightnow,Starter,Odell Beckham,Mia,WR|W/R/T
5,3.4,imdrunkrightnow,Starter,Julio Jones,Phi,WR|W/R/T
5,23.3,imdrunkrightnow,Starter,Tevin Coleman,SF,RB|W/R/T
5,2.7,imdrunkrightnow,Starter,Duke Johnson,Buf,RB|W/R/T
5,5.05,imdrunkrightnow,Starter,Jason Witten,LV,TE|W/R/T
5,11.45,imdrunkrightnow,Starter,Michael Crabtree,Ari,WR|W/R/T
5,0.0,imdrunkrightnow,Non-Starter,Thomas Rawls,Cin,RB|W/R/T
5,3.05,imdrunkrightnow,Non-Starter,Mohamed Sanu,SF,WR|W/R/T
5,3.7,imdrunkrightnow,Non-Starter,Nelson Agholor,Bal,WR|W/R/T
5,0.0,imdrunkrightnow,Non-Starter,Wendell Smallwood,Jax,RB|W/R/T
5,5.5,imdrunkrightnow,Non-Starter,Chris Thompson,SF,RB|W/R/T
5,15.0,imdrunkrightnow,Starter,New England Patriots,NE,DEF
6,24.12,imdrunkrightnow,Starter,Eli Manning,NYG,QB
6,34.2,imdrunkrightnow,Starter,Odell Beckham,Mia,WR|W/R/T
6,21.65,imdrunkrightnow,Starter,Julio Jones,Phi,WR|W/R/T
6,1.95,imdrunkrightnow,Starter,Tevin Coleman,SF,RB|W/R/T
6,14.4,imdrunkrightnow,Starter,Duke Johnson,Buf,RB|W/R/T
6,5.2,imdrunkrightnow,Starter,Jason Witten,LV,TE|W/R/T
6,1.5,imdrunkrightnow,Starter,Michael Crabtree,Ari,WR|W/R/T
6,0.0,imdrunkrightnow,Non-Starter,Thomas Rawls,Cin,RB|W/R/T
6,11.95,imdrunkrightnow,Non-Starter,Mohamed Sanu,SF,WR|W/R/T
6,4.15,imdrunkrightnow,Non-Starter,Nelson Agholor,Bal,WR|W/R/T
6,8.25,imdrunkrightnow,Non-Starter,Wendell Smallwood,Jax,RB|W/R/T
6,7.35,imdrunkrightnow,Non-Starter,Chris Thompson,SF,RB|W/R/T
6,7.5,imdrunkrightnow,Starter,New England Patriots,NE,DEF
7,7.64,imdrunkrightnow,Starter,Eli Manning,NYG,QB
7,19.65,imdrunkrightnow,Starter,Julio Jones,Phi,WR|W/R/T
7,17.6,imdrunkrightnow,Starter,Michael Crabtree,Ari,WR|W/R/T
7,13.65,imdrunkrightnow,Starter,Tevin Coleman,SF,RB|W/R/T
7,4.3,imdrunkrightnow,Starter,Duke Johnson,Buf,RB|W/R/T
7,5.0,imdrunkrightnow,Starter,Dennis Pitta,Bal,TE|W/R/T
7,6.15,imdrunkrightnow,Starter,Odell Beckham,Mia,WR|W/R/T
7,0.0,imdrunkrightnow,Non-Starter,Jason Witten,LV,TE|W/R/T
7,0.0,imdrunkrightnow,Non-Starter,Thomas Rawls,Cin,RB|W/R/T
7,2.1,imdrunkrightnow,Non-Starter,Mohamed Sanu,SF,WR|W/R/T
7,1.3,imdrunkrightnow,Non-Starter,Wendell Smallwood,Jax,RB|W/R/T
7,13.05,imdrunkrightnow,Non-Starter,Chris Thompson,SF,RB|W/R/T
7,5.5,imdrunkrightnow,Starter,New England Patriots,NE,DEF
8,27.28,imdrunkrightnow,Starter,Dak Prescott,Dal,QB
8,3.65,imdrunkrightnow,Starter,Julio Jones,Phi,WR|W/R/T
8,12.8,imdrunkrightnow,Starter,Michael Crabtree,Ari,WR|W/R/T
8,13.1,imdrunkrightnow,Starter,Duke Johnson,Buf,RB|W/R/T
8,5.35,imdrunkrightnow,Starter,Chris Thompson,SF,RB|W/R/T
8,8.95,imdrunkrightnow,Starter,Cameron Brate,TB,TE|W/R/T
8,16.65,imdrunkrightnow,Starter,Mohamed Sanu,SF,WR|W/R/T
8,8.1,imdrunkrightnow,Non-Starter,Jason Witten,LV,TE|W/R/T
8,0.0,imdrunkrightnow,Non-Starter,Eli Manning,NYG,QB
8,0.0,imdrunkrightnow,Non-Starter,Tevin Coleman,SF,RB|W/R/T
8,0.0,imdrunkrightnow,Non-Starter,Odell Beckham,Mia,WR|W/R/T
8,0.0,imdrunkrightnow,Non-Starter,Thomas Rawls,Cin,RB|W/R/T
8,4.5,imdrunkrightnow,Starter,New England Patriots,NE,DEF
9,23.88,imdrunkrightnow,Starter,Dak Prescott,Dal,QB
9,19.1,imdrunkrightnow,Starter,Julio Jones,Phi,WR|W/R/T
9,17.6,imdrunkrightnow,Starter,Odell Beckham,Mia,WR|W/R/T
9,5.1,imdrunkrightnow,Starter,Duke Johnson,Buf,RB|W/R/T
9,3.0,imdrunkrightnow,Starter,Terron Ward,Atl,RB|W/R/T
9,11.55,imdrunkrightnow,Starter,Cameron Brate,TB,TE|W/R/T
9,3.2,imdrunkrightnow,Starter,Michael Crabtree,Ari,WR|W/R/T
9,0.0,imdrunkrightnow,Non-Starter,Chris Thompson,SF,RB|W/R/T
9,8.65,imdrunkrightnow,Non-Starter,Mohamed Sanu,SF,WR|W/R/T
9,21.88,imdrunkrightnow,Non-Starter,Eli Manning,NYG,QB
9,0.0,imdrunkrightnow,Non-Starter,Tevin Coleman,SF,RB|W/R/T
9,0.0,imdrunkrightnow,Non-Starter,Thomas Rawls,Cin,RB|W/R/T
9,12.0,imdrunkrightnow,Starter,Dallas Cowboys,Dal,DEF
10,18.0,imdrunkrightnow,Starter,Eli Manning,NYG,QB
10,16.0,imdrunkrightnow,Starter,Julio Jones,Phi,WR|W/R/T
10,18.2,imdrunkrightnow,Starter,Odell Beckham,Mia,WR|W/R/T
10,3.85,imdrunkrightnow,Starter,Duke Johnson,Buf,RB|W/R/T
10,2.35,imdrunkrightnow,Starter,Chris Thompson,SF,RB|W/R/T
10,16.15,imdrunkrightnow,Starter,Cameron Brate,TB,TE|W/R/T
10,1.9,imdrunkrightnow,Starter,Mohamed Sanu,SF,WR|W/R/T
10,0.0,imdrunkrightnow,Non-Starter,Tevin Coleman,SF,RB|W/R/T
10,18.76,imdrunkrightnow,Non-Starter,Dak Prescott,Dal,QB
10,-0.1,imdrunkrightnow,Non-Starter,Terron Ward,Atl,RB|W/R/T
10,0.0,imdrunkrightnow,Non-Starter,Michael Crabtree,Ari,WR|W/R/T
10,0.0,imdrunkrightnow,Non-Starter,Thomas Rawls,Cin,RB|W/R/T
10,3.5,imdrunkrightnow,Starter,Dallas Cowboys,Dal,DEF
11,17.18,imdrunkrightnow,Starter,Eli Manning,NYG,QB
11,5.85,imdrunkrightnow,Starter,Odell Beckham,Mia,WR|W/R/T
11,1.25,imdrunkrightnow,Starter,Michael Crabtree,Ari,WR|W/R/T
11,6.35,imdrunkrightnow,Starter,Duke Johnson,Buf,RB|W/R/T
11,2.15,imdrunkrightnow,Starter,Chris Thompson,SF,RB|W/R/T
11,2.3,imdrunkrightnow,Starter,Cameron Brate,TB,TE|W/R/T
11,9.55,imdrunkrightnow,Starter,Thomas Rawls,Cin,RB|W/R/T
11,0.0,imdrunkrightnow,Non-Starter,Mohamed Sanu,SF,WR|W/R/T
11,0.0,imdrunkrightnow,Non-Starter,Julio Jones,Phi,WR|W/R/T
11,0.0,imdrunkrightnow,Non-Starter,Tevin Coleman,SF,RB|W/R/T
11,25.64,imdrunkrightnow,Non-Starter,Dak Prescott,Dal,QB
11,0.0,imdrunkrightnow,Non-Starter,Terron Ward,Atl,RB|W/R/T
11,4.0,imdrunkrightnow,Starter,Dallas Cowboys,Dal,DEF
12,19.56,imdrunkrightnow,Starter,Eli Manning,NYG,QB
12,23.1,imdrunkrightnow,Starter,Odell Beckham,Mia,WR|W/R/T
12,13.0,imdrunkrightnow,Starter,Michael Crabtree,Ari,WR|W/R/T
12,4.75,imdrunkrightnow,Starter,Duke Johnson,Buf,RB|W/R/T
12,3.8,imdrunkrightnow,Starter,Thomas Rawls,Cin,RB|W/R/T
12,5.9,imdrunkrightnow,Starter,Cameron Brate,TB,TE|W/R/T
12,4.5,imdrunkrightnow,Starter,Julio Jones,Phi,WR|W/R/T
12,4.65,imdrunkrightnow,Non-Starter,Chris Thompson,SF,RB|W/R/T
12,9.0,imdrunkrightnow,Non-Starter,Mohamed Sanu,SF,WR|W/R/T
12,7.8,imdrunkrightnow,Non-Starter,Tevin Coleman,SF,RB|W/R/T
12,21.7,imdrunkrightnow,Non-Starter,Dak Prescott,Dal,QB
12,0.0,imdrunkrightnow,Non-Starter,Terron Ward,Atl,RB|W/R/T
12,2.0,imdrunkrightnow,Starter,Dallas Cowboys,Dal,DEF
13,11.7,imdrunkrightnow,Starter,Eli Manning,NYG,QB
13,12.5,imdrunkrightnow,Starter,Odell Beckham,Mia,WR|W/R/T
13,15.15,imdrunkrightnow,Starter,Michael Crabtree,Ari,WR|W/R/T
13,24.05,imdrunkrightnow,Starter,Thomas Rawls,Cin,RB|W/R/T
13,4.9,imdrunkrightnow,Starter,Tevin Coleman,SF,RB|W/R/T
13,16.1,imdrunkrightnow,Starter,Cameron Brate,TB,TE|W/R/T
13,13.05,imdrunkrightnow,Starter,Julio Jones,Phi,WR|W/R/T
13,0.0,imdrunkrightnow,Non-Starter,Duke Johnson,Buf,RB|W/R/T
13,4.75,imdrunkrightnow,Non-Starter,Chris Thompson,SF,RB|W/R/T
13,3.1,imdrunkrightnow,Non-Starter,Mohamed Sanu,SF,WR|W/R/T
13,11.26,imdrunkrightnow,Non-Starter,Dak Prescott,Dal,QB
13,0.0,imdrunkrightnow,Non-Starter,Terron Ward,Atl,RB|W/R/T
13,9.5,imdrunkrightnow,Starter,Dallas Cowboys,Dal,DEF
14,5.52,imdrunkrightnow,Starter,Eli Manning,NYG,QB
14,16.4,imdrunkrightnow,Starter,Odell Beckham,Mia,WR|W/R/T
14,3.1,imdrunkrightnow,Starter,Michael Crabtree,Ari,WR|W/R/T
14,7.65,imdrunkrightnow,Starter,Thomas Rawls,Cin,RB|W/R/T
14,18.0,imdrunkrightnow,Starter,Tevin Coleman,SF,RB|W/R/T
14,5.7,imdrunkrightnow,Starter,Cameron Brate,TB,TE|W/R/T
14,10.65,imdrunkrightnow,Starter,Tavon Austin,Buf,WR|W/R/T
14,0.0,imdrunkrightnow,Non-Starter,Julio Jones,Phi,WR|W/R/T
14,4.75,imdrunkrightnow,Non-Starter,Duke Johnson,Buf,RB|W/R/T
14,9.8,imdrunkrightnow,Non-Starter,Chris Thompson,SF,RB|W/R/T
14,0.0,imdrunkrightnow,Non-Starter,Mohamed Sanu,SF,WR|W/R/T
14,1.85,imdrunkrightnow,Non-Starter,Jeremy Maclin,Bal,WR|W/R/T
14,18.5,imdrunkrightnow,Starter,Dallas Cowboys,Dal,DEF
15,16.04,imdrunkrightnow,Starter,Eli Manning,NYG,QB
15,14.8,imdrunkrightnow,Starter,Odell Beckham,Mia,WR|W/R/T
15,13.5,imdrunkrightnow,Starter,Michael Crabtree,Ari,WR|W/R/T
15,4.4,imdrunkrightnow,Starter,Thomas Rawls,Cin,RB|W/R/T
15,7.1,imdrunkrightnow,Starter,Tevin Coleman,SF,RB|W/R/T
15,14.55,imdrunkrightnow,Starter,Cameron Brate,TB,TE|W/R/T
15,9.7,imdrunkrightnow,Starter,Jeremy Maclin,Bal,WR|W/R/T
15,0.0,imdrunkrightnow,Non-Starter,Julio Jones,Phi,WR|W/R/T
15,3.45,imdrunkrightnow,Non-Starter,Tavon Austin,Buf,WR|W/R/T
15,10.55,imdrunkrightnow,Non-Starter,Duke Johnson,Buf,RB|W/R/T
15,4.85,imdrunkrightnow,Non-Starter,Chris Thompson,SF,RB|W/R/T
15,5.15,imdrunkrightnow,Non-Starter,Mohamed Sanu,SF,WR|W/R/T
15,17.5,imdrunkrightnow,Starter,Dallas Cowboys,Dal,DEF
1,5.54,Football Yankees,Starter,Tyrod Taylor,NYJ,QB
1,11.5,Football Yankees,Starter,Alshon Jeffery,Phi,WR|W/R/T
1,9.4,Football Yankees,Starter,T.Y. Hilton,Dal,WR|W/R/T
1,13.7,Football Yankees,Starter,Ryan Mathews,Phi,RB|W/R/T
1,18.95,Football Yankees,Starter,DeMarco Murray,Ten,RB|W/R/T
1,2.15,Football Yankees,Starter,Zach Miller,Chi,TE|W/R/T
1,10.7,Football Yankees,Starter,Jordy Nelson,LV,WR|W/R/T
1,21.8,Football Yankees,Non-Starter,Carlos Hyde,Jax,RB|W/R/T
1,4.3,Football Yankees,Non-Starter,Terrance West,Bal,RB|W/R/T
1,0.0,Football Yankees,Non-Starter,Jay Ajayi,Phi,RB|W/R/T
1,4.1,Football Yankees,Non-Starter,Darren Sproles,Phi,RB|W/R/T
1,0.0,Football Yankees,Non-Starter,Tyler Eifert,Jax,TE|W/R/T
1,25.5,Football Yankees,Starter,Minnesota Vikings,Min,DEF
2,27.84,Football Yankees,Starter,Matt Ryan,Ind,QB
2,10.85,Football Yankees,Starter,Alshon Jeffery,Phi,WR|W/R/T
2,14.55,Football Yankees,Starter,Jordy Nelson,LV,WR|W/R/T
2,15.75,Football Yankees,Starter,Ryan Mathews,Phi,RB|W/R/T
2,16.25,Football Yankees,Starter,DeMarco Murray,Ten,RB|W/R/T
2,5.35,Football Yankees,Starter,Virgil Green,LAC,TE|W/R/T
2,3.95,Football Yankees,Starter,Carlos Hyde,Jax,RB|W/R/T
2,5.1,Football Yankees,Non-Starter,T.Y. Hilton,Dal,WR|W/R/T
2,5.95,Football Yankees,Non-Starter,Terrance West,Bal,RB|W/R/T
2,3.5,Football Yankees,Non-Starter,Jay Ajayi,Phi,RB|W/R/T
2,5.3,Football Yankees,Non-Starter,Darren Sproles,Phi,RB|W/R/T
2,0.0,Football Yankees,Non-Starter,Tyler Eifert,Jax,TE|W/R/T
2,17.0,Football Yankees,Starter,Minnesota Vikings,Min,DEF
3,19.9,Football Yankees,Starter,Matt Ryan,Ind,QB
3,8.25,Football Yankees,Starter,Alshon Jeffery,Phi,WR|W/R/T
3,23.6,Football Yankees,Starter,Jordy Nelson,LV,WR|W/R/T
3,-0.5,Football Yankees,Starter,Ryan Mathews,Phi,RB|W/R/T
3,22.75,Football Yankees,Starter,DeMarco Murray,Ten,RB|W/R/T
3,5.7,Football Yankees,Starter,Dennis Pitta,Bal,TE|W/R/T
3,25.4,Football Yankees,Starter,T.Y. Hilton,Dal,WR|W/R/T
3,24.75,Football Yankees,Non-Starter,Carlos Hyde,Jax,RB|W/R/T
3,20.2,Football Yankees,Non-Starter,Darren Sproles,Phi,RB|W/R/T
3,0.0,Football Yankees,Non-Starter,Tyler Eifert,Jax,TE|W/R/T
3,3.75,Football Yankees,Non-Starter,Dwayne Washington,Den,RB|W/R/T
3,5.3,Football Yankees,Non-Starter,Kenyan Drake,Bal,RB|W/R/T
3,30.5,Football Yankees,Starter,Minnesota Vikings,Min,DEF
4,33.52,Football Yankees,Starter,Matt Ryan,Ind,QB
4,5.35,Football Yankees,Starter,Alshon Jeffery,Phi,WR|W/R/T
4,11.95,Football Yankees,Starter,T.Y. Hilton,Dal,WR|W/R/T
4,24.4,Football Yankees,Starter,DeMarco Murray,Ten,RB|W/R/T
4,14.15,Football Yankees,Starter,Carlos Hyde,Jax,RB|W/R/T
4,2.45,Football Yankees,Starter,Dennis Pitta,Bal,TE|W/R/T
4,1.65,Football Yankees,Starter,Dwayne Washington,Den,RB|W/R/T
4,0.0,Football Yankees,Non-Starter,Jordy Nelson,LV,WR|W/R/T
4,0.0,Football Yankees,Non-Starter,Ryan Mathews,Phi,RB|W/R/T
4,0.0,Football Yankees,Non-Starter,Darren Sproles,Phi,RB|W/R/T
4,0.0,Football Yankees,Non-Starter,Tyler Eifert,Jax,TE|W/R/T
4,1.5,Football Yankees,Non-Starter,Kenyan Drake,Bal,RB|W/R/T
4,9.5,Football Yankees,Starter,Minnesota Vikings,Min,DEF
5,14.98,Football Yankees,Starter,Matt Ryan,Ind,QB
5,8.95,Football Yankees,Starter,Alshon Jeffery,Phi,WR|W/R/T
5,25.6,Football Yankees,Starter,T.Y. Hilton,Dal,WR|W/R/T
5,14.95,Football Yankees,Starter,DeMarco Murray,Ten,RB|W/R/T
5,18.9,Football Yankees,Starter,Carlos Hyde,Jax,RB|W/R/T
5,7.65,Football Yankees,Starter,Dennis Pitta,Bal,TE|W/R/T
5,10.8,Football Yankees,Starter,Jordy Nelson,LV,WR|W/R/T
5,0.0,Football Yankees,Non-Starter,Tyler Eifert,Jax,TE|W/R/T
5,12.75,Football Yankees,Non-Starter,Ryan Mathews,Phi,RB|W/R/T
5,7.8,Football Yankees,Non-Starter,Darren Sproles,Phi,RB|W/R/T
5,6.9,Football Yankees,Non-Starter,Devontae Booker,NYG,RB|W/R/T
5,0.75,Football Yankees,Non-Starter,Kenneth Dixon,NYJ,RB|W/R/T
5,20.0,Football Yankees,Starter,Minnesota Vikings,Min,DEF
6,21.6,Football Yankees,Starter,Matt Ryan,Ind,QB
6,11.05,Football Yankees,Starter,Alshon Jeffery,Phi,WR|W/R/T
6,5.65,Football Yankees,Starter,T.Y. Hilton,Dal,WR|W/R/T
6,12.5,Football Yankees,Starter,DeMarco Murray,Ten,RB|W/R/T
6,5.2,Football Yankees,Starter,Carlos Hyde,Jax,RB|W/R/T
6,5.1,Football Yankees,Starter,Dennis Pitta,Bal,TE|W/R/T
6,6.05,Football Yankees,Starter,Jordy Nelson,LV,WR|W/R/T
6,0.0,Football Yankees,Non-Starter,Tyler Eifert,Jax,TE|W/R/T
6,6.0,Football Yankees,Non-Starter,Ryan Mathews,Phi,RB|W/R/T
6,2.65,Football Yankees,Non-Starter,Darren Sproles,Phi,RB|W/R/T
6,5.8,Football Yankees,Non-Starter,Devontae Booker,NYG,RB|W/R/T
6,5.5,Football Yankees,Starter,Detroit Lions,Det,DEF
6,0.0,Football Yankees,Non-Starter,Minnesota Vikings,Min,DEF
7,13.72,Football Yankees,Starter,Matt Ryan,Ind,QB
7,4.05,Football Yankees,Starter,Alshon Jeffery,Phi,WR|W/R/T
7,21.05,Football Yankees,Starter,T.Y. Hilton,Dal,WR|W/R/T
7,19.45,Football Yankees,Starter,DeMarco Murray,Ten,RB|W/R/T
7,14.95,Football Yankees,Starter,Devontae Booker,NYG,RB|W/R/T
7,3.65,Football Yankees,Starter,Cameron Brate,TB,TE|W/R/T
7,1.15,Football Yankees,Starter,Jordy Nelson,LV,WR|W/R/T
7,0.0,Football Yankees,Non-Starter,Carlos Hyde,Jax,RB|W/R/T
7,1.15,Football Yankees,Non-Starter,Tyler Eifert,Jax,TE|W/R/T
7,6.55,Football Yankees,Non-Starter,Ryan Mathews,Phi,RB|W/R/T
7,5.4,Football Yankees,Non-Starter,Darren Sproles,Phi,RB|W/R/T
7,0.0,Football Yankees,Non-Starter,Dion Lewis,NYG,RB|W/R/T
7,10.5,Football Yankees,Starter,Minnesota Vikings,Min,DEF
8,24.42,Football Yankees,Starter,Matt Ryan,Ind,QB
8,13.3,Football Yankees,Starter,Alshon Jeffery,Phi,WR|W/R/T
8,2.25,Football Yankees,Starter,T.Y. Hilton,Dal,WR|W/R/T
8,19.05,Football Yankees,Starter,DeMarco Murray,Ten,RB|W/R/T
8,13.65,Football Yankees,Starter,Devontae Booker,NYG,RB|W/R/T
8,18.45,Football Yankees,Starter,Tyler Eifert,Jax,TE|W/R/T
8,16.4,Football Yankees,Starter,Jordy Nelson,LV,WR|W/R/T
8,0.0,Football Yankees,Non-Starter,Carlos Hyde,Jax,RB|W/R/T
8,0.0,Football Yankees,Non-Starter,Dion Lewis,NYG,RB|W/R/T
8,0.0,Football Yankees,Non-Starter,Kenneth Dixon,NYJ,RB|W/R/T
8,14.7,Football Yankees,Non-Starter,Rob Kelley,Was,RB|W/R/T
8,0.0,Football Yankees,Non-Starter,Dennis Pitta,Bal,TE|W/R/T
8,4.5,Football Yankees,Starter,Minnesota Vikings,Min,DEF
9,27.76,Football Yankees,Starter,Matt Ryan,Ind,QB
9,9.7,Football Yankees,Starter,T.Y. Hilton,Dal,WR|W/R/T
9,17.15,Football Yankees,Starter,Jordy Nelson,LV,WR|W/R/T
9,15.75,Football Yankees,Starter,DeMarco Murray,Ten,RB|W/R/T
9,3.25,Football Yankees,Starter,Devontae Booker,NYG,RB|W/R/T
9,1.9,Football Yankees,Starter,Dennis Pitta,Bal,TE|W/R/T
9,1.8,Football Yankees,Starter,Kenneth Dixon,NYJ,RB|W/R/T
9,0.0,Football Yankees,Non-Starter,Carlos Hyde,Jax,RB|W/R/T
9,0.0,Football Yankees,Non-Starter,Alshon Jeffery,Phi,WR|W/R/T
9,0.0,Football Yankees,Non-Starter,Tyler Eifert,Jax,TE|W/R/T
9,0.0,Football Yankees,Non-Starter,Dion Lewis,NYG,RB|W/R/T
9,0.0,Football Yankees,Non-Starter,Rob Kelley,Was,RB|W/R/T
9,6.5,Football Yankees,Starter,Minnesota Vikings,Min,DEF
10,12.68,Football Yankees,Starter,Matt Ryan,Ind,QB
10,21.6,Football Yankees,Starter,Jordy Nelson,LV,WR|W/R/T
10,5.7,Football Yankees,Starter,Alshon Jeffery,Phi,WR|W/R/T
10,26.5,Football Yankees,Starter,DeMarco Murray,Ten,RB|W/R/T
10,9.3,Football Yankees,Starter,Devontae Booker,NYG,RB|W/R/T
10,10.35,Football Yankees,Starter,Tyler Eifert,Jax,TE|W/R/T
10,9.75,Football Yankees,Starter,Rob Kelley,Was,RB|W/R/T
10,1.4,Football Yankees,Non-Starter,Carlos Hyde,Jax,RB|W/R/T
10,0.0,Football Yankees,Non-Starter,T.Y. Hilton,Dal,WR|W/R/T
10,0.0,Football Yankees,Non-Starter,Dion Lewis,NYG,RB|W/R/T
10,9.25,Football Yankees,Non-Starter,Kenneth Dixon,NYJ,RB|W/R/T
10,0.0,Football Yankees,Non-Starter,Tyrod Taylor,NYJ,QB
10,5.0,Football Yankees,Starter,Minnesota Vikings,Min,DEF
11,8.54,Football Yankees,Starter,Tyrod Taylor,NYJ,QB
11,9.55,Football Yankees,Starter,Jordy Nelson,LV,WR|W/R/T
11,16.95,Football Yankees,Starter,T.Y. Hilton,Dal,WR|W/R/T
11,14.65,Football Yankees,Starter,DeMarco Murray,Ten,RB|W/R/T
11,31.7,Football Yankees,Starter,Rob Kelley,Was,RB|W/R/T
11,4.45,Football Yankees,Starter,Tyler Eifert,Jax,TE|W/R/T
11,1.65,Football Yankees,Starter,Martellus Bennett,GB,TE|W/R/T
11,11.75,Football Yankees,Non-Starter,Carlos Hyde,Jax,RB|W/R/T
11,0.0,Football Yankees,Non-Starter,Devontae Booker,NYG,RB|W/R/T
11,0.0,Football Yankees,Non-Starter,Matt Ryan,Ind,QB
11,5.65,Football Yankees,Non-Starter,Dion Lewis,NYG,RB|W/R/T
11,4.0,Football Yankees,Non-Starter,Kenneth Dixon,NYJ,RB|W/R/T
11,25.0,Football Yankees,Starter,Minnesota Vikings,Min,DEF
12,18.26,Football Yankees,Starter,Matt Ryan,Ind,QB
12,11.1,Football Yankees,Starter,Jordy Nelson,LV,WR|W/R/T
12,6.15,Football Yankees,Starter,T.Y. Hilton,Dal,WR|W/R/T
12,9.65,Football Yankees,Starter,DeMarco Murray,Ten,RB|W/R/T
12,4.7,Football Yankees,Starter,Rob Kelley,Was,RB|W/R/T
12,14.05,Football Yankees,Starter,Tyler Eifert,Jax,TE|W/R/T
12,16.75,Football Yankees,Starter,Carlos Hyde,Jax,RB|W/R/T
12,10.35,Football Yankees,Non-Starter,Devontae Booker,NYG,RB|W/R/T
12,6.8,Football Yankees,Non-Starter,Dion Lewis,NYG,RB|W/R/T
12,9.0,Football Yankees,Non-Starter,Kenneth Dixon,NYJ,RB|W/R/T
12,0.0,Football Yankees,Non-Starter,Jeremy Maclin,Bal,WR|W/R/T
12,0.0,Football Yankees,Non-Starter,Adrian Peterson,Sea,RB|W/R/T
12,4.5,Football Yankees,Starter,Minnesota Vikings,Min,DEF
13,14.18,Football Yankees,Starter,Matt Ryan,Ind,QB
13,19.8,Football Yankees,Starter,Jordy Nelson,LV,WR|W/R/T
13,16.85,Football Yankees,Starter,T.Y. Hilton,Dal,WR|W/R/T
13,6.3,Football Yankees,Starter,Rob Kelley,Was,RB|W/R/T
13,9.95,Football Yankees,Starter,Devontae Booker,NYG,RB|W/R/T
13,9.0,Football Yankees,Starter,Tyler Eifert,Jax,TE|W/R/T
13,10.05,Football Yankees,Starter,Carlos Hyde,Jax,RB|W/R/T
13,0.0,Football Yankees,Non-Starter,DeMarco Murray,Ten,RB|W/R/T
13,4.8,Football Yankees,Non-Starter,Dion Lewis,NYG,RB|W/R/T
13,8.7,Football Yankees,Non-Starter,Kenneth Dixon,NYJ,RB|W/R/T
13,1.25,Football Yankees,Non-Starter,Quincy Enunwa,NYJ,WR|W/R/T
13,0.9,Football Yankees,Non-Starter,Martellus Bennett,GB,TE|W/R/T
13,12.0,Football Yankees,Starter,Minnesota Vikings,Min,DEF
14,21.48,Football Yankees,Starter,Matt Ryan,Ind,QB
14,17.6,Football Yankees,Starter,Jordy Nelson,LV,WR|W/R/T
14,19.75,Football Yankees,Starter,T.Y. Hilton,Dal,WR|W/R/T
14,15.3,Football Yankees,Starter,Rob Kelley,Was,RB|W/R/T
14,15.2,Football Yankees,Starter,DeMarco Murray,Ten,RB|W/R/T
14,18.05,Football Yankees,Starter,Tyler Eifert,Jax,TE|W/R/T
14,26.25,Football Yankees,Starter,Carlos Hyde,Jax,RB|W/R/T
14,1.6,Football Yankees,Non-Starter,Devontae Booker,NYG,RB|W/R/T
14,2.15,Football Yankees,Non-Starter,Dion Lewis,NYG,RB|W/R/T
14,16.1,Football Yankees,Non-Starter,Kenneth Dixon,NYJ,RB|W/R/T
14,11.1,Football Yankees,Non-Starter,Malcolm Mitchell,NE,WR|W/R/T
14,0.0,Football Yankees,Non-Starter,DeAngelo Williams,Pit,RB|W/R/T
14,11.5,Football Yankees,Starter,Minnesota Vikings,Min,DEF
15,19.34,Football Yankees,Starter,Matt Ryan,Ind,QB
15,14.15,Football Yankees,Starter,Jordy Nelson,LV,WR|W/R/T
15,5.25,Football Yankees,Starter,T.Y. Hilton,Dal,WR|W/R/T
15,12.5,Football Yankees,Starter,Rob Kelley,Was,RB|W/R/T
15,15.35,Football Yankees,Starter,DeMarco Murray,Ten,RB|W/R/T
15,1.15,Football Yankees,Starter,Tyler Eifert,Jax,TE|W/R/T
15,5.95,Football Yankees,Starter,Carlos Hyde,Jax,RB|W/R/T
15,3.8,Football Yankees,Non-Starter,Devontae Booker,NYG,RB|W/R/T
15,9.6,Football Yankees,Non-Starter,Kenneth Dixon,NYJ,RB|W/R/T
15,1.65,Football Yankees,Non-Starter,Malcolm Mitchell,NE,WR|W/R/T
15,4.0,Football Yankees,Non-Starter,Martellus Bennett,GB,TE|W/R/T
15,0.0,Football Yankees,Starter,Minnesota Vikings,Min,DEF
15,15.5,Football Yankees,Non-Starter,New York,NYG,DEF
16,19.98,Football Yankees,Starter,Matt Ryan,Ind,QB
16,29.65,Football Yankees,Starter,Jordy Nelson,LV,WR|W/R/T
16,13.5,Football Yankees,Starter,T.Y. Hilton,Dal,WR|W/R/T
16,8.7,Football Yankees,Starter,Rob Kelley,Was,RB|W/R/T
16,6.5,Football Yankees,Starter,DeMarco Murray,Ten,RB|W/R/T
16,8.4,Football Yankees,Starter,Martellus Bennett,GB,TE|W/R/T
16,10.95,Football Yankees,Starter,Carlos Hyde,Jax,RB|W/R/T
16,0.0,Football Yankees,Non-Starter,Tyler Eifert,Jax,TE|W/R/T
16,6.6,Football Yankees,Non-Starter,Devontae Booker,NYG,RB|W/R/T
16,6.05,Football Yankees,Non-Starter,Kenneth Dixon,NYJ,RB|W/R/T
16,3.65,Football Yankees,Non-Starter,Malcolm Mitchell,NE,WR|W/R/T
16,5.0,Football Yankees,Starter,Minnesota Vikings,Min,DEF
16,8.0,Football Yankees,Non-Starter,New York,NYG,DEF
1,25.54,Jobber To The Stars,Starter,Jameis Winston,NYG,QB
1,26.6,Jobber To The Stars,Starter,Antonio Brown,TB,WR|W/R/T
1,12.65,Jobber To The Stars,Starter,DeAndre Hopkins,Bal,WR|W/R/T
1,3.5,Jobber To The Stars,Starter,Giovani Bernard,TB,RB|W/R/T
1,19.25,Jobber To The Stars,Starter,Ameer Abdullah,SF,RB|W/R/T
1,13.65,Jobber To The Stars,Starter,Julius Thomas,Mia,TE|W/R/T
1,1.05,Jobber To The Stars,Starter,John Brown,Buf,WR|W/R/T
1,2.75,Jobber To The Stars,Non-Starter,Ted Ginn,Chi,WR|W/R/T
1,17.95,Jobber To The Stars,Non-Starter,Will Fuller V,Mia,WR|W/R/T
1,0.0,Jobber To The Stars,Non-Starter,Kenneth Dixon,NYJ,RB|W/R/T
1,6.1,Jobber To The Stars,Non-Starter,Sammie Coates,Hou,WR|W/R/T
1,10.85,Jobber To The Stars,Non-Starter,Charles Sims,TB,RB|W/R/T
1,10.5,Jobber To The Stars,Starter,Green Bay Packers,GB,DEF
2,2.62,Jobber To The Stars,Starter,Jameis Winston,NYG,QB
2,4.9,Jobber To The Stars,Starter,Antonio Brown,TB,WR|W/R/T
2,19.05,Jobber To The Stars,Starter,DeAndre Hopkins,Bal,WR|W/R/T
2,17.95,Jobber To The Stars,Starter,Giovani Bernard,TB,RB|W/R/T
2,3.8,Jobber To The Stars,Starter,Ameer Abdullah,SF,RB|W/R/T
2,8.1,Jobber To The Stars,Starter,Julius Thomas,Mia,TE|W/R/T
2,1.65,Jobber To The Stars,Starter,John Brown,Buf,WR|W/R/T
2,4.1,Jobber To The Stars,Non-Starter,Ted Ginn,Chi,WR|W/R/T
2,11.4,Jobber To The Stars,Non-Starter,Will Fuller V,Mia,WR|W/R/T
2,0.0,Jobber To The Stars,Non-Starter,Kenneth Dixon,NYJ,RB|W/R/T
2,10.8,Jobber To The Stars,Non-Starter,Sammie Coates,Hou,WR|W/R/T
2,3.55,Jobber To The Stars,Non-Starter,Charles Sims,TB,RB|W/R/T
2,13.0,Jobber To The Stars,Starter,Green Bay Packers,GB,DEF
3,25.5,Jobber To The Stars,Starter,Jameis Winston,NYG,QB
3,17.0,Jobber To The Stars,Starter,Antonio Brown,TB,WR|W/R/T
3,6.6,Jobber To The Stars,Starter,DeAndre Hopkins,Bal,WR|W/R/T
3,5.65,Jobber To The Stars,Starter,Giovani Bernard,TB,RB|W/R/T
3,19.9,Jobber To The Stars,Starter,Charles Sims,TB,RB|W/R/T
3,1.8,Jobber To The Stars,Starter,Julius Thomas,Mia,TE|W/R/T
3,3.85,Jobber To The Stars,Starter,Will Fuller V,Mia,WR|W/R/T
3,8.5,Jobber To The Stars,Non-Starter,John Brown,Buf,WR|W/R/T
3,0.0,Jobber To The Stars,Non-Starter,Ameer Abdullah,SF,RB|W/R/T
3,7.45,Jobber To The Stars,Non-Starter,Ted Ginn,Chi,WR|W/R/T
3,0.0,Jobber To The Stars,Non-Starter,Kenneth Dixon,NYJ,RB|W/R/T
3,5.75,Jobber To The Stars,Non-Starter,Sammie Coates,Hou,WR|W/R/T
3,10.0,Jobber To The Stars,Starter,Green Bay Packers,GB,DEF
4,11.06,Jobber To The Stars,Starter,Jameis Winston,NYG,QB
4,19.4,Jobber To The Stars,Starter,Antonio Brown,TB,WR|W/R/T
4,0.65,Jobber To The Stars,Starter,DeAndre Hopkins,Bal,WR|W/R/T
4,4.95,Jobber To The Stars,Starter,Giovani Bernard,TB,RB|W/R/T
4,2.0,Jobber To The Stars,Starter,Charles Sims,TB,RB|W/R/T
4,0.0,Jobber To The Stars,Starter,Julius Thomas,Mia,TE|W/R/T
4,21.85,Jobber To The Stars,Starter,Will Fuller V,Mia,WR|W/R/T
4,16.9,Jobber To The Stars,Non-Starter,John Brown,Buf,WR|W/R/T
4,0.0,Jobber To The Stars,Non-Starter,Ameer Abdullah,SF,RB|W/R/T
4,1.9,Jobber To The Stars,Non-Starter,Ted Ginn,Chi,WR|W/R/T
4,0.0,Jobber To The Stars,Non-Starter,Kenneth Dixon,NYJ,RB|W/R/T
4,9.3,Jobber To The Stars,Non-Starter,Sammie Coates,Hou,WR|W/R/T
4,13.5,Jobber To The Stars,Starter,Pittsburgh Steelers,Pit,DEF
5,15.36,Jobber To The Stars,Starter,Jameis Winston,NYG,QB
5,16.05,Jobber To The Stars,Starter,Antonio Brown,TB,WR|W/R/T
5,12.85,Jobber To The Stars,Starter,DeAndre Hopkins,Bal,WR|W/R/T
5,11.1,Jobber To The Stars,Starter,Giovani Bernard,TB,RB|W/R/T
5,0.0,Jobber To The Stars,Starter,Charles Sims,TB,RB|W/R/T
5,1.3,Jobber To The Stars,Starter,Jack Doyle,Ind,TE|W/R/T
5,0.65,Jobber To The Stars,Starter,Will Fuller V,Mia,WR|W/R/T
5,0.0,Jobber To The Stars,Non-Starter,Julius Thomas,Mia,TE|W/R/T
5,1.35,Jobber To The Stars,Non-Starter,John Brown,Buf,WR|W/R/T
5,0.0,Jobber To The Stars,Non-Starter,Ameer Abdullah,SF,RB|W/R/T
5,-1.25,Jobber To The Stars,Non-Starter,Ted Ginn,Chi,WR|W/R/T
5,27.4,Jobber To The Stars,Non-Starter,Sammie Coates,Hou,WR|W/R/T
5,11.0,Jobber To The Stars,Starter,Pittsburgh Steelers,Pit,DEF
6,8.86,Jobber To The Stars,Starter,Alex Smith,Was,QB
6,5.5,Jobber To The Stars,Starter,Antonio Brown,TB,WR|W/R/T
6,9.35,Jobber To The Stars,Starter,DeAndre Hopkins,Bal,WR|W/R/T
6,10.4,Jobber To The Stars,Starter,Giovani Bernard,TB,RB|W/R/T
6,0.0,Jobber To The Stars,Starter,Dwayne Washington,Den,RB|W/R/T
6,3.3,Jobber To The Stars,Starter,Julius Thomas,Mia,TE|W/R/T
6,6.65,Jobber To The Stars,Starter,John Brown,Buf,WR|W/R/T
6,12.3,Jobber To The Stars,Non-Starter,Jack Doyle,Ind,TE|W/R/T
6,0.0,Jobber To The Stars,Non-Starter,Jameis Winston,NYG,QB
6,0.0,Jobber To The Stars,Non-Starter,Charles Sims,TB,RB|W/R/T
6,0.0,Jobber To The Stars,Non-Starter,Will Fuller V,Mia,WR|W/R/T
6,0.0,Jobber To The Stars,Non-Starter,Sammie Coates,Hou,WR|W/R/T
6,3.0,Jobber To The Stars,Starter,Pittsburgh Steelers,Pit,DEF
7,17.26,Jobber To The Stars,Starter,Alex Smith,Was,QB
7,13.65,Jobber To The Stars,Starter,Antonio Brown,TB,WR|W/R/T
7,4.85,Jobber To The Stars,Starter,DeAndre Hopkins,Bal,WR|W/R/T
7,14.95,Jobber To The Stars,Starter,Giovani Bernard,TB,RB|W/R/T
7,0.0,Jobber To The Stars,Starter,Dwayne Washington,Den,RB|W/R/T
7,8.75,Jobber To The Stars,Starter,Julius Thomas,Mia,TE|W/R/T
7,3.2,Jobber To The Stars,Starter,Will Fuller V,Mia,WR|W/R/T
7,0.0,Jobber To The Stars,Non-Starter,John Brown,Buf,WR|W/R/T
7,16.05,Jobber To The Stars,Non-Starter,Jack Doyle,Ind,TE|W/R/T
7,20.66,Jobber To The Stars,Non-Starter,Jameis Winston,NYG,QB
7,0.0,Jobber To The Stars,Non-Starter,Charles Sims,TB,RB|W/R/T
7,0.65,Jobber To The Stars,Non-Starter,Sammie Coates,Hou,WR|W/R/T
7,7.0,Jobber To The Stars,Starter,Pittsburgh Steelers,Pit,DEF
8,18.8,Jobber To The Stars,Starter,Jameis Winston,NYG,QB
8,5.4,Jobber To The Stars,Starter,DeAndre Hopkins,Bal,WR|W/R/T
8,11.9,Jobber To The Stars,Starter,John Brown,Buf,WR|W/R/T
8,12.85,Jobber To The Stars,Starter,Giovani Bernard,TB,RB|W/R/T
8,3.2,Jobber To The Stars,Starter,DeAndre Washington,Mia,RB|W/R/T
8,9.55,Jobber To The Stars,Starter,Julius Thomas,Mia,TE|W/R/T
8,2.55,Jobber To The Stars,Starter,Will Fuller V,Mia,WR|W/R/T
8,0.0,Jobber To The Stars,Non-Starter,Dwayne Washington,Den,RB|W/R/T
8,9.98,Jobber To The Stars,Non-Starter,Alex Smith,Was,QB
8,0.0,Jobber To The Stars,Non-Starter,Antonio Brown,TB,WR|W/R/T
8,4.1,Jobber To The Stars,Non-Starter,Jack Doyle,Ind,TE|W/R/T
8,0.0,Jobber To The Stars,Non-Starter,Sammie Coates,Hou,WR|W/R/T
8,11.0,Jobber To The Stars,Starter,Detroit Lions,Det,DEF
9,21.54,Jobber To The Stars,Starter,Jameis Winston,NYG,QB
9,16.25,Jobber To The Stars,Starter,Antonio Brown,TB,WR|W/R/T
9,0.0,Jobber To The Stars,Starter,Sammie Coates,Hou,WR|W/R/T
9,3.75,Jobber To The Stars,Starter,DeAndre Washington,Mia,RB|W/R/T
9,0.0,Jobber To The Stars,Starter,Bobby Rainey,Bal,RB|W/R/T
9,2.6,Jobber To The Stars,Starter,Julius Thomas,Mia,TE|W/R/T
9,7.35,Jobber To The Stars,Starter,Jack Doyle,Ind,TE|W/R/T
9,0.0,Jobber To The Stars,Non-Starter,Giovani Bernard,TB,RB|W/R/T
9,0.0,Jobber To The Stars,Non-Starter,Will Fuller V,Mia,WR|W/R/T
9,0.0,Jobber To The Stars,Non-Starter,John Brown,Buf,WR|W/R/T
9,0.0,Jobber To The Stars,Non-Starter,DeAndre Hopkins,Bal,WR|W/R/T
9,0.0,Jobber To The Stars,Non-Starter,Alex Smith,Was,QB
9,7.5,Jobber To The Stars,Starter,Detroit Lions,Det,DEF
10,18.48,Jobber To The Stars,Starter,Jameis Winston,NYG,QB
10,23.9,Jobber To The Stars,Starter,Antonio Brown,TB,WR|W/R/T
10,6.05,Jobber To The Stars,Starter,DeAndre Hopkins,Bal,WR|W/R/T
10,0.0,Jobber To The Stars,Starter,Bobby Rainey,Bal,RB|W/R/T
10,4.35,Jobber To The Stars,Starter,Giovani Bernard,TB,RB|W/R/T
10,9.9,Jobber To The Stars,Starter,Julius Thomas,Mia,TE|W/R/T
10,4.5,Jobber To The Stars,Starter,John Brown,Buf,WR|W/R/T
10,8.42,Jobber To The Stars,Non-Starter,Alex Smith,Was,QB
10,0.0,Jobber To The Stars,Non-Starter,Jack Doyle,Ind,TE|W/R/T
10,0.0,Jobber To The Stars,Non-Starter,Sammie Coates,Hou,WR|W/R/T
10,0.0,Jobber To The Stars,Non-Starter,DeAndre Washington,Mia,RB|W/R/T
10,0.0,Jobber To The Stars,Non-Starter,Will Fuller V,Mia,WR|W/R/T
10,12.5,Jobber To The Stars,Starter,New York Jets,NYJ,DEF
11,19.44,Jobber To The Stars,Starter,Alex Smith,Was,QB
11,9.6,Jobber To The Stars,Starter,Antonio Brown,TB,WR|W/R/T
11,7.05,Jobber To The Stars,Starter,DeAndre Hopkins,Bal,WR|W/R/T
11,7.35,Jobber To The Stars,Starter,Giovani Bernard,TB,RB|W/R/T
11,0.0,Jobber To The Stars,Starter,DeAndre Washington,Mia,RB|W/R/T
11,1.95,Jobber To The Stars,Starter,Julius Thomas,Mia,TE|W/R/T
11,1.95,Jobber To The Stars,Starter,Will Fuller V,Mia,WR|W/R/T
11,0.0,Jobber To The Stars,Non-Starter,John Brown,Buf,WR|W/R/T
11,17.44,Jobber To The Stars,Non-Starter,Jameis Winston,NYG,QB
11,0.0,Jobber To The Stars,Non-Starter,Bobby Rainey,Bal,RB|W/R/T
11,0.95,Jobber To The Stars,Non-Starter,Jack Doyle,Ind,TE|W/R/T
11,0.0,Jobber To The Stars,Non-Starter,Sammie Coates,Hou,WR|W/R/T
11,22.5,Jobber To The Stars,Starter,Detroit Lions,Det,DEF
12,15.0,Jobber To The Stars,Starter,Alex Smith,Was,QB
12,28.35,Jobber To The Stars,Starter,Antonio Brown,TB,WR|W/R/T
12,8.25,Jobber To The Stars,Starter,DeAndre Hopkins,Bal,WR|W/R/T
12,0.0,Jobber To The Stars,Starter,DeAndre Washington,Mia,RB|W/R/T
12,0.0,Jobber To The Stars,Starter,Julius Thomas,Mia,TE|W/R/T
12,7.0,Jobber To The Stars,Starter,Will Fuller V,Mia,WR|W/R/T
12,2.15,Jobber To The Stars,Non-Starter,John Brown,Buf,WR|W/R/T
12,16.0,Jobber To The Stars,Non-Starter,Jameis Winston,NYG,QB
12,-2.0,Jobber To The Stars,Non-Starter,Bobby Rainey,Bal,RB|W/R/T
12,3.0,Jobber To The Stars,Non-Starter,Jack Doyle,Ind,TE|W/R/T
12,0.0,Jobber To The Stars,Non-Starter,Sammie Coates,Hou,WR|W/R/T
12,8.35,Jobber To The Stars,Non-Starter,Jerick McKinnon,KC,RB|W/R/T
12,8.0,Jobber To The Stars,Starter,Detroit Lions,Det,DEF
13,12.5,Jobber To The Stars,Starter,Alex Smith,Was,QB
13,12.9,Jobber To The Stars,Starter,Antonio Brown,TB,WR|W/R/T
13,12.55,Jobber To The Stars,Starter,DeAndre Hopkins,Bal,WR|W/R/T
13,12.75,Jobber To The Stars,Starter,Jerick McKinnon,KC,RB|W/R/T
13,3.8,Jobber To The Stars,Starter,Paul Perkins,Det,RB|W/R/T
13,2.0,Jobber To The Stars,Starter,Jack Doyle,Ind,TE|W/R/T
13,0.0,Jobber To The Stars,Starter,John Brown,Buf,WR|W/R/T
13,0.0,Jobber To The Stars,Non-Starter,Julius Thomas,Mia,TE|W/R/T
13,0.0,Jobber To The Stars,Non-Starter,DeAndre Washington,Mia,RB|W/R/T
13,7.15,Jobber To The Stars,Non-Starter,Will Fuller V,Mia,WR|W/R/T
13,15.3,Jobber To The Stars,Non-Starter,Jameis Winston,NYG,QB
13,0.0,Jobber To The Stars,Non-Starter,Sammie Coates,Hou,WR|W/R/T
13,4.5,Jobber To The Stars,Starter,New Orleans Saints,NO,DEF
1,23.56,AirBudGoldenReceiver,Starter,Aaron Rodgers,Pit,QB
1,3.95,AirBudGoldenReceiver,Starter,Brandon Marshall,Sea,WR|W/R/T
1,17.2,AirBudGoldenReceiver,Starter,Amari Cooper,Buf,WR|W/R/T
1,10.85,AirBudGoldenReceiver,Starter,Doug Martin,LV,RB|W/R/T
1,3.55,AirBudGoldenReceiver,Starter,Matt Jones,Ind,RB|W/R/T
1,4.5,AirBudGoldenReceiver,Starter,Charles Clay,Ari,TE|W/R/T
1,7.7,AirBudGoldenReceiver,Starter,Kenny Britt,NE,WR|W/R/T
1,0.0,AirBudGoldenReceiver,Non-Starter,Chris Ivory,Buf,RB|W/R/T
1,9.25,AirBudGoldenReceiver,Non-Starter,Austin Seferian-Jenkins,Jax,TE|W/R/T
1,0.0,AirBudGoldenReceiver,Non-Starter,C.J. Spiller,KC,RB|W/R/T
1,1.15,AirBudGoldenReceiver,Non-Starter,Devin Funchess,Det,WR|W/R/T
1,14.62,AirBudGoldenReceiver,Non-Starter,Philip Rivers,Ind,QB
1,1.5,AirBudGoldenReceiver,Starter,Washington Commanders,Was,DEF
2,17.42,AirBudGoldenReceiver,Starter,Aaron Rodgers,Pit,QB
2,11.6,AirBudGoldenReceiver,Starter,Brandon Marshall,Sea,WR|W/R/T
2,8.35,AirBudGoldenReceiver,Starter,Amari Cooper,Buf,WR|W/R/T
2,2.3,AirBudGoldenReceiver,Starter,Doug Martin,LV,RB|W/R/T
2,12.75,AirBudGoldenReceiver,Starter,Matt Jones,Ind,RB|W/R/T
2,3.95,AirBudGoldenReceiver,Starter,Charles Clay,Ari,TE|W/R/T
2,10.9,AirBudGoldenReceiver,Starter,Kenny Britt,NE,WR|W/R/T
2,0.0,AirBudGoldenReceiver,Non-Starter,Chris Ivory,Buf,RB|W/R/T
2,1.9,AirBudGoldenReceiver,Non-Starter,Austin Seferian-Jenkins,Jax,TE|W/R/T
2,8.4,AirBudGoldenReceiver,Non-Starter,Devin Funchess,Det,WR|W/R/T
2,23.8,AirBudGoldenReceiver,Non-Starter,Philip Rivers,Ind,QB
2,6.55,AirBudGoldenReceiver,Non-Starter,Chris Thompson,SF,RB|W/R/T
2,10.5,AirBudGoldenReceiver,Starter,Washington Commanders,Was,DEF
3,26.4,AirBudGoldenReceiver,Starter,Aaron Rodgers,Pit,QB
3,7.2,AirBudGoldenReceiver,Starter,Amari Cooper,Buf,WR|W/R/T
3,9.05,AirBudGoldenReceiver,Starter,Cole Beasley,NYG,WR|W/R/T
3,8.4,AirBudGoldenReceiver,Starter,Matt Jones,Ind,RB|W/R/T
3,6.05,AirBudGoldenReceiver,Starter,Cameron Artis-Payne,Car,RB|W/R/T
3,14.75,AirBudGoldenReceiver,Starter,Kyle Rudolph,TB,TE|W/R/T
3,2.55,AirBudGoldenReceiver,Starter,Chris Ivory,Buf,RB|W/R/T
3,3.45,AirBudGoldenReceiver,Non-Starter,Brandon Marshall,Sea,WR|W/R/T
3,2.8,AirBudGoldenReceiver,Non-Starter,Kenny Britt,NE,WR|W/R/T
3,0.0,AirBudGoldenReceiver,Non-Starter,Charles Clay,Ari,TE|W/R/T
3,0.0,AirBudGoldenReceiver,Non-Starter,Doug Martin,LV,RB|W/R/T
3,11.24,AirBudGoldenReceiver,Non-Starter,Philip Rivers,Ind,QB
3,13.0,AirBudGoldenReceiver,Starter,Las Vegas Raiders,LV,DEF
4,18.84,AirBudGoldenReceiver,Starter,Philip Rivers,Ind,QB
4,6.05,AirBudGoldenReceiver,Starter,Amari Cooper,Buf,WR|W/R/T
4,15.9,AirBudGoldenReceiver,Starter,Brandon Marshall,Sea,WR|W/R/T
4,20.3,AirBudGoldenReceiver,Starter,Matt Jones,Ind,RB|W/R/T
4,1.2,AirBudGoldenReceiver,Starter,Cameron Artis-Payne,Car,RB|W/R/T
4,12.75,AirBudGoldenReceiver,Starter,Kyle Rudolph,TB,TE|W/R/T
4,2.9,AirBudGoldenReceiver,Starter,Chris Ivory,Buf,RB|W/R/T
4,8.05,AirBudGoldenReceiver,Non-Starter,Cole Beasley,NYG,WR|W/R/T
4,0.0,AirBudGoldenReceiver,Non-Starter,Aaron Rodgers,Pit,QB
4,9.2,AirBudGoldenReceiver,Non-Starter,Kenny Britt,NE,WR|W/R/T
4,0.0,AirBudGoldenReceiver,Non-Starter,Doug Martin,LV,RB|W/R/T
4,7.95,AirBudGoldenReceiver,Non-Starter,Cameron Brate,TB,TE|W/R/T
4,6.0,AirBudGoldenReceiver,Starter,Las Vegas Raiders,LV,DEF
5,15.86,AirBudGoldenReceiver,Starter,Aaron Rodgers,Pit,QB
5,23.3,AirBudGoldenReceiver,Starter,Amari Cooper,Buf,WR|W/R/T
5,19.4,AirBudGoldenReceiver,Starter,Brandon Marshall,Sea,WR|W/R/T
5,4.1,AirBudGoldenReceiver,Starter,Matt Jones,Ind,RB|W/R/T
5,14.15,AirBudGoldenReceiver,Starter,Jacquizz Rodgers,TB,RB|W/R/T
5,2.0,AirBudGoldenReceiver,Starter,Kyle Rudolph,TB,TE|W/R/T
5,12.3,AirBudGoldenReceiver,Starter,Cole Beasley,NYG,WR|W/R/T
5,26.36,AirBudGoldenReceiver,Non-Starter,Philip Rivers,Ind,QB
5,0.0,AirBudGoldenReceiver,Non-Starter,Chris Ivory,Buf,RB|W/R/T
5,8.75,AirBudGoldenReceiver,Non-Starter,Kenny Britt,NE,WR|W/R/T
5,0.0,AirBudGoldenReceiver,Non-Starter,Doug Martin,LV,RB|W/R/T
5,4.05,AirBudGoldenReceiver,Non-Starter,Cameron Brate,TB,TE|W/R/T
5,11.5,AirBudGoldenReceiver,Starter,Las Vegas Raiders,LV,DEF
6,12.46,AirBudGoldenReceiver,Starter,Aaron Rodgers,Pit,QB
6,15.4,AirBudGoldenReceiver,Starter,Amari Cooper,Buf,WR|W/R/T
6,7.75,AirBudGoldenReceiver,Starter,Brandon Marshall,Sea,WR|W/R/T
6,19.5,AirBudGoldenReceiver,Starter,Matt Jones,Ind,RB|W/R/T
6,1.7,AirBudGoldenReceiver,Starter,Jalen Richard,LV,RB|W/R/T
6,6.45,AirBudGoldenReceiver,Starter,Charles Clay,Ari,TE|W/R/T
6,19.3,AirBudGoldenReceiver,Starter,Cole Beasley,NYG,WR|W/R/T
6,10.0,AirBudGoldenReceiver,Non-Starter,Chris Ivory,Buf,RB|W/R/T
6,0.0,AirBudGoldenReceiver,Non-Starter,Kyle Rudolph,TB,TE|W/R/T
6,0.0,AirBudGoldenReceiver,Non-Starter,Jacquizz Rodgers,TB,RB|W/R/T
6,11.12,AirBudGoldenReceiver,Non-Starter,Philip Rivers,Ind,QB
6,0.0,AirBudGoldenReceiver,Non-Starter,Doug Martin,LV,RB|W/R/T
6,3.0,AirBudGoldenReceiver,Starter,Las Vegas Raiders,LV,DEF
7,23.74,AirBudGoldenReceiver,Starter,Aaron Rodgers,Pit,QB
7,3.9,AirBudGoldenReceiver,Starter,Amari Cooper,Buf,WR|W/R/T
7,4.65,AirBudGoldenReceiver,Starter,Brandon Marshall,Sea,WR|W/R/T
7,0.7,AirBudGoldenReceiver,Starter,Matt Jones,Ind,RB|W/R/T
7,16.55,AirBudGoldenReceiver,Starter,Jacquizz Rodgers,TB,RB|W/R/T
7,6.75,AirBudGoldenReceiver,Starter,Kyle Rudolph,TB,TE|W/R/T
7,5.6,AirBudGoldenReceiver,Starter,Chris Ivory,Buf,RB|W/R/T
7,0.0,AirBudGoldenReceiver,Non-Starter,Doug Martin,LV,RB|W/R/T
7,3.4,AirBudGoldenReceiver,Non-Starter,Charles Clay,Ari,TE|W/R/T
7,0.0,AirBudGoldenReceiver,Non-Starter,Cole Beasley,NYG,WR|W/R/T
7,0.35,AirBudGoldenReceiver,Non-Starter,Jalen Richard,LV,RB|W/R/T
7,14.64,AirBudGoldenReceiver,Non-Starter,Philip Rivers,Ind,QB
7,11.0,AirBudGoldenReceiver,Starter,Las Vegas Raiders,LV,DEF
8,33.84,AirBudGoldenReceiver,Starter,Aaron Rodgers,Pit,QB
8,26.3,AirBudGoldenReceiver,Starter,Amari Cooper,Buf,WR|W/R/T
8,7.8,AirBudGoldenReceiver,Starter,Brandon Marshall,Sea,WR|W/R/T
8,14.05,AirBudGoldenReceiver,Starter,Jacquizz Rodgers,TB,RB|W/R/T
8,1.0,AirBudGoldenReceiver,Starter,Don Jackson,GB,RB|W/R/T
8,4.35,AirBudGoldenReceiver,Starter,Kyle Rudolph,TB,TE|W/R/T
8,1.45,AirBudGoldenReceiver,Starter,Chris Ivory,Buf,RB|W/R/T
8,0.0,AirBudGoldenReceiver,Non-Starter,Matt Jones,Ind,RB|W/R/T
8,0.0,AirBudGoldenReceiver,Non-Starter,Doug Martin,LV,RB|W/R/T
8,1.1,AirBudGoldenReceiver,Non-Starter,Charles Clay,Ari,TE|W/R/T
8,6.3,AirBudGoldenReceiver,Non-Starter,Cole Beasley,NYG,WR|W/R/T
8,10.68,AirBudGoldenReceiver,Non-Starter,Philip Rivers,Ind,QB
8,8.0,AirBudGoldenReceiver,Starter,Las Vegas Raiders,LV,DEF
9,26.18,AirBudGoldenReceiver,Starter,Aaron Rodgers,Pit,QB
9,7.1,AirBudGoldenReceiver,Starter,Amari Cooper,Buf,WR|W/R/T
9,5.85,AirBudGoldenReceiver,Starter,Brandon Marshall,Sea,WR|W/R/T
9,8.95,AirBudGoldenReceiver,Starter,Chris Ivory,Buf,RB|W/R/T
9,16.45,AirBudGoldenReceiver,Starter,Tim Hightower,NO,RB|W/R/T
9,6.35,AirBudGoldenReceiver,Starter,Kyle Rudolph,TB,TE|W/R/T
9,13.1,AirBudGoldenReceiver,Starter,Cole Beasley,NYG,WR|W/R/T
9,0.0,AirBudGoldenReceiver,Non-Starter,Doug Martin,LV,RB|W/R/T
9,0.0,AirBudGoldenReceiver,Non-Starter,Jacquizz Rodgers,TB,RB|W/R/T
9,0.0,AirBudGoldenReceiver,Non-Starter,Matt Jones,Ind,RB|W/R/T
9,1.65,AirBudGoldenReceiver,Non-Starter,Charles Clay,Ari,TE|W/R/T
9,18.7,AirBudGoldenReceiver,Non-Starter,Philip Rivers,Ind,QB
9,11.0,AirBudGoldenReceiver,Starter,Las Vegas Raiders,LV,DEF
10,27.54,AirBudGoldenReceiver,Starter,Aaron Rodgers,Pit,QB
10,2.5,AirBudGoldenReceiver,Starter,Brandon Marshall,Sea,WR|W/R/T
10,4.55,AirBudGoldenReceiver,Starter,Cole Beasley,NYG,WR|W/R/T
10,4.6,AirBudGoldenReceiver,Starter,Chris Ivory,Buf,RB|W/R/T
10,6.0,AirBudGoldenReceiver,Starter,Tim Hightower,NO,RB|W/R/T
10,14.15,AirBudGoldenReceiver,Starter,Kyle Rudolph,TB,TE|W/R/T
10,10.85,AirBudGoldenReceiver,Starter,Doug Martin,LV,RB|W/R/T
10,0.0,AirBudGoldenReceiver,Non-Starter,Matt Jones,Ind,RB|W/R/T
10,0.0,AirBudGoldenReceiver,Non-Starter,Amari Cooper,Buf,WR|W/R/T
10,0.0,AirBudGoldenReceiver,Non-Starter,Jacquizz Rodgers,TB,RB|W/R/T
10,0.0,AirBudGoldenReceiver,Non-Starter,Charles Clay,Ari,TE|W/R/T
10,15.04,AirBudGoldenReceiver,Non-Starter,Philip Rivers,Ind,QB
10,16.0,AirBudGoldenReceiver,Starter,Houston Texans,Hou,DEF
11,29.34,AirBudGoldenReceiver,Starter,Aaron Rodgers,Pit,QB
11,13.15,AirBudGoldenReceiver,Starter,Cole Beasley,NYG,WR|W/R/T
11,12.7,AirBudGoldenReceiver,Starter,Amari Cooper,Buf,WR|W/R/T
11,10.9,AirBudGoldenReceiver,Starter,Chris Ivory,Buf,RB|W/R/T
11,14.6,AirBudGoldenReceiver,Starter,Tim Hightower,NO,RB|W/R/T
11,1.7,AirBudGoldenReceiver,Starter,Kyle Rudolph,TB,TE|W/R/T
11,11.25,AirBudGoldenReceiver,Starter,Doug Martin,LV,RB|W/R/T
11,0.0,AirBudGoldenReceiver,Non-Starter,Brandon Marshall,Sea,WR|W/R/T
11,0.0,AirBudGoldenReceiver,Non-Starter,Matt Jones,Ind,RB|W/R/T
11,0.0,AirBudGoldenReceiver,Non-Starter,Jacquizz Rodgers,TB,RB|W/R/T
11,3.55,AirBudGoldenReceiver,Non-Starter,Charles Clay,Ari,TE|W/R/T
11,0.0,AirBudGoldenReceiver,Non-Starter,Philip Rivers,Ind,QB
11,5.5,AirBudGoldenReceiver,Starter,Houston Texans,Hou,DEF
12,23.12,AirBudGoldenReceiver,Starter,Aaron Rodgers,Pit,QB
12,3.2,AirBudGoldenReceiver,Starter,Amari Cooper,Buf,WR|W/R/T
12,14.2,AirBudGoldenReceiver,Starter,Brandon Marshall,Sea,WR|W/R/T
12,17.0,AirBudGoldenReceiver,Starter,Tim Hightower,NO,RB|W/R/T
12,7.5,AirBudGoldenReceiver,Starter,Doug Martin,LV,RB|W/R/T
12,8.65,AirBudGoldenReceiver,Starter,Kyle Rudolph,TB,TE|W/R/T
12,11.75,AirBudGoldenReceiver,Starter,Chris Ivory,Buf,RB|W/R/T
12,6.85,AirBudGoldenReceiver,Non-Starter,Cole Beasley,NYG,WR|W/R/T
12,0.0,AirBudGoldenReceiver,Non-Starter,Matt Jones,Ind,RB|W/R/T
12,0.0,AirBudGoldenReceiver,Non-Starter,Jacquizz Rodgers,TB,RB|W/R/T
12,2.2,AirBudGoldenReceiver,Non-Starter,Charles Clay,Ari,TE|W/R/T
12,19.68,AirBudGoldenReceiver,Non-Starter,Philip Rivers,Ind,QB
12,6.5,AirBudGoldenReceiver,Starter,Houston Texans,Hou,DEF
13,15.96,AirBudGoldenReceiver,Starter,Aaron Rodgers,Pit,QB
13,12.4,AirBudGoldenReceiver,Starter,Amari Cooper,Buf,WR|W/R/T
13,5.3,AirBudGoldenReceiver,Starter,Brandon Marshall,Sea,WR|W/R/T
13,1.15,AirBudGoldenReceiver,Starter,Tim Hightower,NO,RB|W/R/T
13,13.05,AirBudGoldenReceiver,Starter,Doug Martin,LV,RB|W/R/T
13,6.0,AirBudGoldenReceiver,Starter,Kyle Rudolph,TB,TE|W/R/T
13,2.8,AirBudGoldenReceiver,Starter,Cole Beasley,NYG,WR|W/R/T
13,0.0,AirBudGoldenReceiver,Non-Starter,Chris Ivory,Buf,RB|W/R/T
13,0.0,AirBudGoldenReceiver,Non-Starter,Matt Jones,Ind,RB|W/R/T
13,5.25,AirBudGoldenReceiver,Non-Starter,Jacquizz Rodgers,TB,RB|W/R/T
13,0.0,AirBudGoldenReceiver,Non-Starter,Charles Clay,Ari,TE|W/R/T
13,12.8,AirBudGoldenReceiver,Non-Starter,Philip Rivers,Ind,QB
13,7.5,AirBudGoldenReceiver,Starter,Houston Texans,Hou,DEF
14,21.24,AirBudGoldenReceiver,Starter,Aaron Rodgers,Pit,QB
14,4.15,AirBudGoldenReceiver,Starter,Amari Cooper,Buf,WR|W/R/T
14,4.05,AirBudGoldenReceiver,Starter,Brandon Marshall,Sea,WR|W/R/T
14,4.15,AirBudGoldenReceiver,Starter,Tim Hightower,NO,RB|W/R/T
14,15.0,AirBudGoldenReceiver,Starter,Doug Martin,LV,RB|W/R/T
14,13.0,AirBudGoldenReceiver,Starter,Kyle Rudolph,TB,TE|W/R/T
14,5.1,AirBudGoldenReceiver,Starter,Cole Beasley,NYG,WR|W/R/T
14,0.0,AirBudGoldenReceiver,Non-Starter,Chris Ivory,Buf,RB|W/R/T
14,0.0,AirBudGoldenReceiver,Non-Starter,Matt Jones,Ind,RB|W/R/T
14,0.0,AirBudGoldenReceiver,Non-Starter,Jacquizz Rodgers,TB,RB|W/R/T
14,11.95,AirBudGoldenReceiver,Non-Starter,Charles Clay,Ari,TE|W/R/T
14,7.44,AirBudGoldenReceiver,Non-Starter,Philip Rivers,Ind,QB
14,8.5,AirBudGoldenReceiver,Starter,Houston Texans,Hou,DEF
15,11.98,AirBudGoldenReceiver,Starter,Aaron Rodgers,Pit,QB
15,3.05,AirBudGoldenReceiver,Starter,Amari Cooper,Buf,WR|W/R/T
15,1.85,AirBudGoldenReceiver,Starter,Brandon Marshall,Sea,WR|W/R/T
15,4.2,AirBudGoldenReceiver,Starter,Doug Martin,LV,RB|W/R/T
15,4.4,AirBudGoldenReceiver,Starter,Chris Ivory,Buf,RB|W/R/T
15,11.7,AirBudGoldenReceiver,Starter,Kyle Rudolph,TB,TE|W/R/T
15,17.55,AirBudGoldenReceiver,Starter,Tim Hightower,NO,RB|W/R/T
15,5.8,AirBudGoldenReceiver,Non-Starter,Cole Beasley,NYG,WR|W/R/T
15,0.0,AirBudGoldenReceiver,Non-Starter,Matt Jones,Ind,RB|W/R/T
15,0.0,AirBudGoldenReceiver,Non-Starter,Jacquizz Rodgers,TB,RB|W/R/T
15,14.95,AirBudGoldenReceiver,Non-Starter,Charles Clay,Ari,TE|W/R/T
15,14.24,AirBudGoldenReceiver,Non-Starter,Philip Rivers,Ind,QB
15,11.0,AirBudGoldenReceiver,Starter,Houston Texans,Hou,DEF
16,37.18,AirBudGoldenReceiver,Starter,Aaron Rodgers,Pit,QB
16,8.85,AirBudGoldenReceiver,Starter,Amari Cooper,Buf,WR|W/R/T
16,3.3,AirBudGoldenReceiver,Starter,Brandon Marshall,Sea,WR|W/R/T
16,0.0,AirBudGoldenReceiver,Starter,Doug Martin,LV,RB|W/R/T
16,16.4,AirBudGoldenReceiver,Starter,Chris Ivory,Buf,RB|W/R/T
16,6.8,AirBudGoldenReceiver,Starter,Kyle Rudolph,TB,TE|W/R/T
16,4.25,AirBudGoldenReceiver,Starter,Tim Hightower,NO,RB|W/R/T
16,3.5,AirBudGoldenReceiver,Non-Starter,Cole Beasley,NYG,WR|W/R/T
16,0.0,AirBudGoldenReceiver,Non-Starter,Matt Jones,Ind,RB|W/R/T
16,14.3,AirBudGoldenReceiver,Non-Starter,Jacquizz Rodgers,TB,RB|W/R/T
16,22.5,AirBudGoldenReceiver,Non-Starter,Charles Clay,Ari,TE|W/R/T
16,18.88,AirBudGoldenReceiver,Non-Starter,Philip Rivers,Ind,QB
16,14.0,AirBudGoldenReceiver,Starter,Houston Texans,Hou,DEF
1,15.0,GoreSomeSugarOnMe!,Starter,Blake Bortles,GB,QB
1,7.65,GoreSomeSugarOnMe!,Starter,Jarvis Landry,NO,WR|W/R/T
1,5.8,GoreSomeSugarOnMe!,Starter,Demaryius Thomas,NE,WR|W/R/T
1,16.75,GoreSomeSugarOnMe!,Starter,Matt Forte,NYJ,RB|W/R/T
1,20.2,GoreSomeSugarOnMe!,Starter,David Johnson,NO,RB|W/R/T
1,0.0,GoreSomeSugarOnMe!,Starter,Gary Barnidge,Cle,TE|W/R/T
1,8.8,GoreSomeSugarOnMe!,Starter,Frank Gore,NYJ,RB|W/R/T
1,6.1,GoreSomeSugarOnMe!,Non-Starter,Justin Forsett,Det,RB|W/R/T
1,4.95,GoreSomeSugarOnMe!,Non-Starter,Delanie Walker,Ten,TE|W/R/T
1,0.0,GoreSomeSugarOnMe!,Non-Starter,Tom Brady,TB,QB
1,8.5,GoreSomeSugarOnMe!,Non-Starter,Allen Hurns,Mia,WR|W/R/T
1,10.4,GoreSomeSugarOnMe!,Non-Starter,Phillip Dorsett,LV,WR|W/R/T
1,4.5,GoreSomeSugarOnMe!,Starter,Jacksonville Jaguars,Jax,DEF
2,18.56,GoreSomeSugarOnMe!,Starter,Blake Bortles,GB,QB
2,14.0,GoreSomeSugarOnMe!,Starter,Jarvis Landry,NO,WR|W/R/T
2,7.65,GoreSomeSugarOnMe!,Starter,Allen Hurns,Mia,WR|W/R/T
2,29.4,GoreSomeSugarOnMe!,Starter,Matt Forte,NYJ,RB|W/R/T
2,15.05,GoreSomeSugarOnMe!,Starter,David Johnson,NO,RB|W/R/T
2,4.7,GoreSomeSugarOnMe!,Starter,Gary Barnidge,Cle,TE|W/R/T
2,5.35,GoreSomeSugarOnMe!,Starter,Justin Forsett,Det,RB|W/R/T
2,12.25,GoreSomeSugarOnMe!,Non-Starter,Demaryius Thomas,NE,WR|W/R/T
2,13.05,GoreSomeSugarOnMe!,Non-Starter,Frank Gore,NYJ,RB|W/R/T
2,15.8,GoreSomeSugarOnMe!,Non-Starter,Delanie Walker,Ten,TE|W/R/T
2,0.0,GoreSomeSugarOnMe!,Non-Starter,Tom Brady,TB,QB
2,3.25,GoreSomeSugarOnMe!,Non-Starter,Phillip Dorsett,LV,WR|W/R/T
2,5.5,GoreSomeSugarOnMe!,Starter,Jacksonville Jaguars,Jax,DEF
3,11.46,GoreSomeSugarOnMe!,Starter,Blake Bortles,GB,QB
3,21.35,GoreSomeSugarOnMe!,Starter,Jarvis Landry,NO,WR|W/R/T
3,15.5,GoreSomeSugarOnMe!,Starter,Demaryius Thomas,NE,WR|W/R/T
3,6.9,GoreSomeSugarOnMe!,Starter,Matt Forte,NYJ,RB|W/R/T
3,23.85,GoreSomeSugarOnMe!,Starter,David Johnson,NO,RB|W/R/T
3,9.85,GoreSomeSugarOnMe!,Starter,Gary Barnidge,Cle,TE|W/R/T
3,14.55,GoreSomeSugarOnMe!,Starter,Frank Gore,NYJ,RB|W/R/T
3,4.7,GoreSomeSugarOnMe!,Non-Starter,Justin Forsett,Det,RB|W/R/T
3,5.0,GoreSomeSugarOnMe!,Non-Starter,Allen Hurns,Mia,WR|W/R/T
3,0.0,GoreSomeSugarOnMe!,Non-Starter,Delanie Walker,Ten,TE|W/R/T
3,0.0,GoreSomeSugarOnMe!,Non-Starter,Tom Brady,TB,QB
3,3.45,GoreSomeSugarOnMe!,Non-Starter,Phillip Dorsett,LV,WR|W/R/T
3,12.0,GoreSomeSugarOnMe!,Starter,Jacksonville Jaguars,Jax,DEF
4,18.1,GoreSomeSugarOnMe!,Starter,Dak Prescott,Dal,QB
4,7.85,GoreSomeSugarOnMe!,Starter,Jarvis Landry,NO,WR|W/R/T
4,16.9,GoreSomeSugarOnMe!,Starter,Demaryius Thomas,NE,WR|W/R/T
4,4.8,GoreSomeSugarOnMe!,Starter,Matt Forte,NYJ,RB|W/R/T
4,11.4,GoreSomeSugarOnMe!,Starter,David Johnson,NO,RB|W/R/T
4,7.45,GoreSomeSugarOnMe!,Starter,Gary Barnidge,Cle,TE|W/R/T
4,16.75,GoreSomeSugarOnMe!,Starter,Frank Gore,NYJ,RB|W/R/T
4,0.0,GoreSomeSugarOnMe!,Non-Starter,Justin Forsett,Det,RB|W/R/T
4,11.2,GoreSomeSugarOnMe!,Non-Starter,Allen Hurns,Mia,WR|W/R/T
4,3.9,GoreSomeSugarOnMe!,Non-Starter,Delanie Walker,Ten,TE|W/R/T
4,0.0,GoreSomeSugarOnMe!,Non-Starter,Tom Brady,TB,QB
4,12.95,GoreSomeSugarOnMe!,Non-Starter,Phillip Dorsett,LV,WR|W/R/T
4,13.5,GoreSomeSugarOnMe!,Starter,Jacksonville Jaguars,Jax,DEF
5,29.64,GoreSomeSugarOnMe!,Starter,Tom Brady,TB,QB
5,3.75,GoreSomeSugarOnMe!,Starter,Jarvis Landry,NO,WR|W/R/T
5,12.15,GoreSomeSugarOnMe!,Starter,Demaryius Thomas,NE,WR|W/R/T
5,6.5,GoreSomeSugarOnMe!,Starter,Matt Forte,NYJ,RB|W/R/T
5,31.25,GoreSomeSugarOnMe!,Starter,David Johnson,NO,RB|W/R/T
5,13.85,GoreSomeSugarOnMe!,Starter,Delanie Walker,Ten,TE|W/R/T
5,8.15,GoreSomeSugarOnMe!,Starter,Frank Gore,NYJ,RB|W/R/T
5,8.85,GoreSomeSugarOnMe!,Non-Starter,Gary Barnidge,Cle,TE|W/R/T
5,0.0,GoreSomeSugarOnMe!,Non-Starter,Allen Hurns,Mia,WR|W/R/T
5,3.1,GoreSomeSugarOnMe!,Non-Starter,Phillip Dorsett,LV,WR|W/R/T
5,10.2,GoreSomeSugarOnMe!,Non-Starter,Jay Ajayi,Phi,RB|W/R/T
5,6.1,GoreSomeSugarOnMe!,Non-Starter,Quincy Enunwa,NYJ,WR|W/R/T
5,12.5,GoreSomeSugarOnMe!,Starter,Philadelphia Eagles,Phi,DEF
6,27.24,GoreSomeSugarOnMe!,Starter,Tom Brady,TB,QB
6,10.85,GoreSomeSugarOnMe!,Starter,Jarvis Landry,NO,WR|W/R/T
6,2.75,GoreSomeSugarOnMe!,Starter,Demaryius Thomas,NE,WR|W/R/T
6,2.45,GoreSomeSugarOnMe!,Starter,Matt Forte,NYJ,RB|W/R/T
6,32.55,GoreSomeSugarOnMe!,Starter,David Johnson,NO,RB|W/R/T
6,2.35,GoreSomeSugarOnMe!,Starter,Delanie Walker,Ten,TE|W/R/T
6,11.05,GoreSomeSugarOnMe!,Starter,Frank Gore,NYJ,RB|W/R/T
6,6.65,GoreSomeSugarOnMe!,Non-Starter,Gary Barnidge,Cle,TE|W/R/T
6,8.65,GoreSomeSugarOnMe!,Non-Starter,Allen Hurns,Mia,WR|W/R/T
6,1.7,GoreSomeSugarOnMe!,Non-Starter,Phillip Dorsett,LV,WR|W/R/T
6,32.95,GoreSomeSugarOnMe!,Non-Starter,Jay Ajayi,Phi,RB|W/R/T
6,4.95,GoreSomeSugarOnMe!,Non-Starter,Quincy Enunwa,NYJ,WR|W/R/T
6,17.0,GoreSomeSugarOnMe!,Starter,Philadelphia Eagles,Phi,DEF
7,18.18,GoreSomeSugarOnMe!,Starter,Tom Brady,TB,QB
7,11.05,GoreSomeSugarOnMe!,Starter,Jarvis Landry,NO,WR|W/R/T
7,11.5,GoreSomeSugarOnMe!,Starter,Demaryius Thomas,NE,WR|W/R/T
7,26.4,GoreSomeSugarOnMe!,Starter,Matt Forte,NYJ,RB|W/R/T
7,19.1,GoreSomeSugarOnMe!,Starter,David Johnson,NO,RB|W/R/T
7,16.15,GoreSomeSugarOnMe!,Starter,Delanie Walker,Ten,TE|W/R/T
7,15.55,GoreSomeSugarOnMe!,Starter,Frank Gore,NYJ,RB|W/R/T
7,8.1,GoreSomeSugarOnMe!,Non-Starter,Gary Barnidge,Cle,TE|W/R/T
7,5.5,GoreSomeSugarOnMe!,Non-Starter,Allen Hurns,Mia,WR|W/R/T
7,0.0,GoreSomeSugarOnMe!,Non-Starter,Phillip Dorsett,LV,WR|W/R/T
7,27.85,GoreSomeSugarOnMe!,Non-Starter,Jay Ajayi,Phi,RB|W/R/T
7,13.8,GoreSomeSugarOnMe!,Non-Starter,Quincy Enunwa,NYJ,WR|W/R/T
7,27.5,GoreSomeSugarOnMe!,Starter,Philadelphia Eagles,Phi,DEF
8,30.1,GoreSomeSugarOnMe!,Starter,Tom Brady,TB,QB
8,9.15,GoreSomeSugarOnMe!,Starter,Demaryius Thomas,NE,WR|W/R/T
8,16.3,GoreSomeSugarOnMe!,Starter,Quincy Enunwa,NYJ,WR|W/R/T
8,22.3,GoreSomeSugarOnMe!,Starter,Matt Forte,NYJ,RB|W/R/T
8,12.55,GoreSomeSugarOnMe!,Starter,David Johnson,NO,RB|W/R/T
8,8.8,GoreSomeSugarOnMe!,Starter,Delanie Walker,Ten,TE|W/R/T
8,12.7,GoreSomeSugarOnMe!,Starter,Frank Gore,NYJ,RB|W/R/T
8,0.0,GoreSomeSugarOnMe!,Non-Starter,Jarvis Landry,NO,WR|W/R/T
8,4.95,GoreSomeSugarOnMe!,Non-Starter,Gary Barnidge,Cle,TE|W/R/T
8,17.55,GoreSomeSugarOnMe!,Non-Starter,Allen Hurns,Mia,WR|W/R/T
8,4.55,GoreSomeSugarOnMe!,Non-Starter,Phillip Dorsett,LV,WR|W/R/T
8,0.0,GoreSomeSugarOnMe!,Non-Starter,Jay Ajayi,Phi,RB|W/R/T
8,8.0,GoreSomeSugarOnMe!,Starter,Philadelphia Eagles,Phi,DEF
9,14.84,GoreSomeSugarOnMe!,Starter,Joe Flacco,Cle,QB
9,6.85,GoreSomeSugarOnMe!,Starter,Demaryius Thomas,NE,WR|W/R/T
9,4.05,GoreSomeSugarOnMe!,Starter,Jarvis Landry,NO,WR|W/R/T
9,15.95,GoreSomeSugarOnMe!,Starter,Matt Forte,NYJ,RB|W/R/T
9,19.75,GoreSomeSugarOnMe!,Starter,Jay Ajayi,Phi,RB|W/R/T
9,11.45,GoreSomeSugarOnMe!,Starter,Delanie Walker,Ten,TE|W/R/T
9,19.6,GoreSomeSugarOnMe!,Starter,Frank Gore,NYJ,RB|W/R/T
9,0.0,GoreSomeSugarOnMe!,Non-Starter,Tom Brady,TB,QB
9,2.75,GoreSomeSugarOnMe!,Non-Starter,Quincy Enunwa,NYJ,WR|W/R/T
9,0.0,GoreSomeSugarOnMe!,Non-Starter,David Johnson,NO,RB|W/R/T
9,3.05,GoreSomeSugarOnMe!,Non-Starter,Gary Barnidge,Cle,TE|W/R/T
9,0.0,GoreSomeSugarOnMe!,Non-Starter,Allen Hurns,Mia,WR|W/R/T
9,9.5,GoreSomeSugarOnMe!,Starter,Philadelphia Eagles,Phi,DEF
10,11.34,GoreSomeSugarOnMe!,Starter,Tom Brady,TB,QB
10,16.7,GoreSomeSugarOnMe!,Starter,Demaryius Thomas,NE,WR|W/R/T
10,6.8,GoreSomeSugarOnMe!,Starter,Jarvis Landry,NO,WR|W/R/T
10,11.4,GoreSomeSugarOnMe!,Starter,Matt Forte,NYJ,RB|W/R/T
10,8.25,GoreSomeSugarOnMe!,Starter,Jay Ajayi,Phi,RB|W/R/T
10,20.65,GoreSomeSugarOnMe!,Starter,Delanie Walker,Ten,TE|W/R/T
10,23.35,GoreSomeSugarOnMe!,Starter,David Johnson,NO,RB|W/R/T
10,0.0,GoreSomeSugarOnMe!,Non-Starter,Frank Gore,NYJ,RB|W/R/T
10,0.95,GoreSomeSugarOnMe!,Non-Starter,Quincy Enunwa,NYJ,WR|W/R/T
10,1.05,GoreSomeSugarOnMe!,Non-Starter,Gary Barnidge,Cle,TE|W/R/T
10,1.8,GoreSomeSugarOnMe!,Non-Starter,Allen Hurns,Mia,WR|W/R/T
10,1.4,GoreSomeSugarOnMe!,Non-Starter,J.J. Nelson,Ind,WR|W/R/T
10,9.0,GoreSomeSugarOnMe!,Starter,Philadelphia Eagles,Phi,DEF
11,28.4,GoreSomeSugarOnMe!,Starter,Tom Brady,TB,QB
11,5.9,GoreSomeSugarOnMe!,Starter,Cameron Meredith,NO,WR|W/R/T
11,1.15,GoreSomeSugarOnMe!,Starter,Allen Hurns,Mia,WR|W/R/T
11,9.15,GoreSomeSugarOnMe!,Starter,Jay Ajayi,Phi,RB|W/R/T
11,29.75,GoreSomeSugarOnMe!,Starter,David Johnson,NO,RB|W/R/T
11,4.6,GoreSomeSugarOnMe!,Starter,Delanie Walker,Ten,TE|W/R/T
11,13.1,GoreSomeSugarOnMe!,Starter,Frank Gore,NYJ,RB|W/R/T
11,10.05,GoreSomeSugarOnMe!,Non-Starter,Jarvis Landry,NO,WR|W/R/T
11,0.25,GoreSomeSugarOnMe!,Non-Starter,J.J. Nelson,Ind,WR|W/R/T
11,0.0,GoreSomeSugarOnMe!,Non-Starter,Matt Forte,NYJ,RB|W/R/T
11,0.0,GoreSomeSugarOnMe!,Non-Starter,Demaryius Thomas,NE,WR|W/R/T
11,8.8,GoreSomeSugarOnMe!,Non-Starter,Gary Barnidge,Cle,TE|W/R/T
11,6.0,GoreSomeSugarOnMe!,Starter,Philadelphia Eagles,Phi,DEF
12,19.04,GoreSomeSugarOnMe!,Starter,Tom Brady,TB,QB
12,7.25,GoreSomeSugarOnMe!,Starter,Demaryius Thomas,NE,WR|W/R/T
12,5.7,GoreSomeSugarOnMe!,Starter,Jarvis Landry,NO,WR|W/R/T
12,11.85,GoreSomeSugarOnMe!,Starter,Jay Ajayi,Phi,RB|W/R/T
12,24.1,GoreSomeSugarOnMe!,Starter,David Johnson,NO,RB|W/R/T
12,11.75,GoreSomeSugarOnMe!,Starter,Delanie Walker,Ten,TE|W/R/T
12,3.35,GoreSomeSugarOnMe!,Starter,Frank Gore,NYJ,RB|W/R/T
12,7.45,GoreSomeSugarOnMe!,Non-Starter,Allen Hurns,Mia,WR|W/R/T
12,2.4,GoreSomeSugarOnMe!,Non-Starter,Cameron Meredith,NO,WR|W/R/T
12,5.75,GoreSomeSugarOnMe!,Non-Starter,Matt Forte,NYJ,RB|W/R/T
12,1.35,GoreSomeSugarOnMe!,Non-Starter,Gary Barnidge,Cle,TE|W/R/T
12,7.45,GoreSomeSugarOnMe!,Non-Starter,Tyler Boyd,Ten,WR|W/R/T
12,1.5,GoreSomeSugarOnMe!,Starter,Philadelphia Eagles,Phi,DEF
13,14.86,GoreSomeSugarOnMe!,Starter,Tom Brady,TB,QB
13,7.6,GoreSomeSugarOnMe!,Starter,Demaryius Thomas,NE,WR|W/R/T
13,7.6,GoreSomeSugarOnMe!,Starter,Tyler Boyd,Ten,WR|W/R/T
13,10.2,GoreSomeSugarOnMe!,Starter,Jay Ajayi,Phi,RB|W/R/T
13,31.75,GoreSomeSugarOnMe!,Starter,David Johnson,NO,RB|W/R/T
13,5.95,GoreSomeSugarOnMe!,Starter,Vernon Davis,Was,TE|W/R/T
13,8.65,GoreSomeSugarOnMe!,Starter,Matt Forte,NYJ,RB|W/R/T
13,0.0,GoreSomeSugarOnMe!,Non-Starter,Delanie Walker,Ten,TE|W/R/T
13,7.9,GoreSomeSugarOnMe!,Non-Starter,Frank Gore,NYJ,RB|W/R/T
13,11.35,GoreSomeSugarOnMe!,Non-Starter,Jarvis Landry,NO,WR|W/R/T
13,0.0,GoreSomeSugarOnMe!,Non-Starter,Allen Hurns,Mia,WR|W/R/T
13,5.0,GoreSomeSugarOnMe!,Non-Starter,Anquan Boldin,Det,WR|W/R/T
13,5.0,GoreSomeSugarOnMe!,Starter,Philadelphia Eagles,Phi,DEF
14,26.14,GoreSomeSugarOnMe!,Starter,Tom Brady,TB,QB
14,15.1,GoreSomeSugarOnMe!,Starter,Demaryius Thomas,NE,WR|W/R/T
14,10.4,GoreSomeSugarOnMe!,Starter,Tyler Boyd,Ten,WR|W/R/T
14,6.55,GoreSomeSugarOnMe!,Starter,Jay Ajayi,Phi,RB|W/R/T
14,13.35,GoreSomeSugarOnMe!,Starter,David Johnson,NO,RB|W/R/T
14,4.3,GoreSomeSugarOnMe!,Starter,Delanie Walker,Ten,TE|W/R/T
14,0.8,GoreSomeSugarOnMe!,Starter,Matt Forte,NYJ,RB|W/R/T
14,13.9,GoreSomeSugarOnMe!,Non-Starter,Frank Gore,NYJ,RB|W/R/T
14,9.3,GoreSomeSugarOnMe!,Non-Starter,Jarvis Landry,NO,WR|W/R/T
14,0.0,GoreSomeSugarOnMe!,Non-Starter,Allen Hurns,Mia,WR|W/R/T
14,11.65,GoreSomeSugarOnMe!,Non-Starter,Anquan Boldin,Det,WR|W/R/T
14,3.0,GoreSomeSugarOnMe!,Non-Starter,Ladarius Green,Pit,TE|W/R/T
14,12.5,GoreSomeSugarOnMe!,Starter,Philadelphia Eagles,Phi,DEF
15,7.42,GoreSomeSugarOnMe!,Starter,Tom Brady,TB,QB
15,10.85,GoreSomeSugarOnMe!,Starter,Demaryius Thomas,NE,WR|W/R/T
15,17.55,GoreSomeSugarOnMe!,Starter,Jarvis Landry,NO,WR|W/R/T
15,5.1,GoreSomeSugarOnMe!,Starter,Jay Ajayi,Phi,RB|W/R/T
15,23.8,GoreSomeSugarOnMe!,Starter,David Johnson,NO,RB|W/R/T
15,7.0,GoreSomeSugarOnMe!,Starter,Delanie Walker,Ten,TE|W/R/T
15,12.5,GoreSomeSugarOnMe!,Starter,Frank Gore,NYJ,RB|W/R/T
15,3.05,GoreSomeSugarOnMe!,Non-Starter,Matt Forte,NYJ,RB|W/R/T
15,1.8,GoreSomeSugarOnMe!,Non-Starter,Tyler Boyd,Ten,WR|W/R/T
15,2.05,GoreSomeSugarOnMe!,Non-Starter,Anquan Boldin,Det,WR|W/R/T
15,8.45,GoreSomeSugarOnMe!,Non-Starter,Ladarius Green,Pit,TE|W/R/T
15,3.8,GoreSomeSugarOnMe!,Non-Starter,Kenneth Farrow,NE,RB|W/R/T
15,11.5,GoreSomeSugarOnMe!,Starter,Philadelphia Eagles,Phi,DEF
16,20.56,GoreSomeSugarOnMe!,Starter,Tom Brady,TB,QB
16,2.75,GoreSomeSugarOnMe!,Starter,Demaryius Thomas,NE,WR|W/R/T
16,3.65,GoreSomeSugarOnMe!,Starter,Jarvis Landry,NO,WR|W/R/T
16,27.15,GoreSomeSugarOnMe!,Starter,Jay Ajayi,Phi,RB|W/R/T
16,30.6,GoreSomeSugarOnMe!,Starter,David Johnson,NO,RB|W/R/T
16,9.05,GoreSomeSugarOnMe!,Starter,Delanie Walker,Ten,TE|W/R/T
16,6.65,GoreSomeSugarOnMe!,Starter,Frank Gore,NYJ,RB|W/R/T
16,0.0,GoreSomeSugarOnMe!,Non-Starter,Matt Forte,NYJ,RB|W/R/T
16,4.55,GoreSomeSugarOnMe!,Non-Starter,Anquan Boldin,Det,WR|W/R/T
16,0.0,GoreSomeSugarOnMe!,Non-Starter,Ladarius Green,Pit,TE|W/R/T
16,5.95,GoreSomeSugarOnMe!,Non-Starter,Dion Lewis,NYG,RB|W/R/T
16,2.6,GoreSomeSugarOnMe!,Non-Starter,Willie Snead IV,Mia,WR|W/R/T
16,16.0,GoreSomeSugarOnMe!,Starter,Philadelphia Eagles,Phi,DEF
1,22.36,EugeneMonRoe v.Wade,Starter,Derek Carr,NO,QB
1,6.05,EugeneMonRoe v.Wade,Starter,Golden Tate,Ten,WR|W/R/T
1,22.1,EugeneMonRoe v.Wade,Starter,Larry Fitzgerald,Ari,WR|W/R/T
1,9.2,EugeneMonRoe v.Wade,Starter,Mark Ingram II,NO,RB|W/R/T
1,7.6,EugeneMonRoe v.Wade,Starter,Christine Michael,Ind,RB|W/R/T
1,9.05,EugeneMonRoe v.Wade,Starter,Greg Olsen,Sea,TE|W/R/T
1,9.95,EugeneMonRoe v.Wade,Starter,Julian Edelman,NE,WR|W/R/T
1,24.05,EugeneMonRoe v.Wade,Non-Starter,Theo Riddick,LV,RB|W/R/T
1,0.0,EugeneMonRoe v.Wade,Non-Starter,Dion Lewis,NYG,RB|W/R/T
1,1.35,EugeneMonRoe v.Wade,Non-Starter,Jimmy Graham,NO,TE|W/R/T
1,0.0,EugeneMonRoe v.Wade,Non-Starter,DeVante Parker,NE,WR|W/R/T
1,3.8,EugeneMonRoe v.Wade,Non-Starter,Charcandrick West,KC,RB|W/R/T
1,9.5,EugeneMonRoe v.Wade,Starter,Arizona Cardinals,Ari,DEF
2,24.96,EugeneMonRoe v.Wade,Starter,Derek Carr,NO,QB
2,1.8,EugeneMonRoe v.Wade,Starter,Golden Tate,Ten,WR|W/R/T
2,15.35,EugeneMonRoe v.Wade,Starter,Larry Fitzgerald,Ari,WR|W/R/T
2,5.7,EugeneMonRoe v.Wade,Starter,Mark Ingram II,NO,RB|W/R/T
2,7.5,EugeneMonRoe v.Wade,Starter,Theo Riddick,LV,RB|W/R/T
2,19.45,EugeneMonRoe v.Wade,Starter,Greg Olsen,Sea,TE|W/R/T
2,9.35,EugeneMonRoe v.Wade,Starter,Julian Edelman,NE,WR|W/R/T
2,7.35,EugeneMonRoe v.Wade,Non-Starter,Christine Michael,Ind,RB|W/R/T
2,0.0,EugeneMonRoe v.Wade,Non-Starter,Dion Lewis,NYG,RB|W/R/T
2,4.95,EugeneMonRoe v.Wade,Non-Starter,Jimmy Graham,NO,TE|W/R/T
2,12.6,EugeneMonRoe v.Wade,Non-Starter,DeVante Parker,NE,WR|W/R/T
2,6.55,EugeneMonRoe v.Wade,Non-Starter,Charcandrick West,KC,RB|W/R/T
2,26.0,EugeneMonRoe v.Wade,Starter,Arizona Cardinals,Ari,DEF
3,11.86,EugeneMonRoe v.Wade,Starter,Derek Carr,NO,QB
3,7.75,EugeneMonRoe v.Wade,Starter,Larry Fitzgerald,Ari,WR|W/R/T
3,7.2,EugeneMonRoe v.Wade,Starter,Travis Benjamin,SF,WR|W/R/T
3,19.7,EugeneMonRoe v.Wade,Starter,Mark Ingram II,NO,RB|W/R/T
3,6.55,EugeneMonRoe v.Wade,Starter,Theo Riddick,LV,RB|W/R/T
3,7.9,EugeneMonRoe v.Wade,Starter,Greg Olsen,Sea,TE|W/R/T
3,6.2,EugeneMonRoe v.Wade,Starter,Julian Edelman,NE,WR|W/R/T
3,4.2,EugeneMonRoe v.Wade,Non-Starter,Golden Tate,Ten,WR|W/R/T
3,23.6,EugeneMonRoe v.Wade,Non-Starter,Christine Michael,Ind,RB|W/R/T
3,15.5,EugeneMonRoe v.Wade,Non-Starter,Jimmy Graham,NO,TE|W/R/T
3,11.85,EugeneMonRoe v.Wade,Non-Starter,DeVante Parker,NE,WR|W/R/T
3,1.85,EugeneMonRoe v.Wade,Non-Starter,Charcandrick West,KC,RB|W/R/T
3,13.0,EugeneMonRoe v.Wade,Starter,Arizona Cardinals,Ari,DEF
4,23.76,EugeneMonRoe v.Wade,Starter,Derek Carr,NO,QB
4,7.55,EugeneMonRoe v.Wade,Starter,Larry Fitzgerald,Ari,WR|W/R/T
4,3.8,EugeneMonRoe v.Wade,Starter,Travis Benjamin,SF,WR|W/R/T
4,18.0,EugeneMonRoe v.Wade,Starter,Mark Ingram II,NO,RB|W/R/T
4,6.8,EugeneMonRoe v.Wade,Starter,Theo Riddick,LV,RB|W/R/T
4,17.1,EugeneMonRoe v.Wade,Starter,Greg Olsen,Sea,TE|W/R/T
4,1.95,EugeneMonRoe v.Wade,Starter,Julian Edelman,NE,WR|W/R/T
4,2.35,EugeneMonRoe v.Wade,Non-Starter,Golden Tate,Ten,WR|W/R/T
4,16.25,EugeneMonRoe v.Wade,Non-Starter,Christine Michael,Ind,RB|W/R/T
4,12.8,EugeneMonRoe v.Wade,Non-Starter,Jimmy Graham,NO,TE|W/R/T
4,2.5,EugeneMonRoe v.Wade,Non-Starter,DeVante Parker,NE,WR|W/R/T
4,0.0,EugeneMonRoe v.Wade,Non-Starter,Charcandrick West,KC,RB|W/R/T
4,10.0,EugeneMonRoe v.Wade,Starter,Arizona Cardinals,Ari,DEF
5,21.98,EugeneMonRoe v.Wade,Starter,Derek Carr,NO,QB
5,21.6,EugeneMonRoe v.Wade,Starter,Larry Fitzgerald,Ari,WR|W/R/T
5,7.5,EugeneMonRoe v.Wade,Starter,DeVante Parker,NE,WR|W/R/T
5,21.7,EugeneMonRoe v.Wade,Starter,Theo Riddick,LV,RB|W/R/T
5,1.9,EugeneMonRoe v.Wade,Starter,Andre Ellington,Hou,RB|W/R/T
5,20.35,EugeneMonRoe v.Wade,Starter,Greg Olsen,Sea,TE|W/R/T
5,4.75,EugeneMonRoe v.Wade,Starter,Julian Edelman,NE,WR|W/R/T
5,13.45,EugeneMonRoe v.Wade,Non-Starter,Travis Benjamin,SF,WR|W/R/T
5,5.25,EugeneMonRoe v.Wade,Non-Starter,Golden Tate,Ten,WR|W/R/T
5,0.0,EugeneMonRoe v.Wade,Non-Starter,Mark Ingram II,NO,RB|W/R/T
5,0.0,EugeneMonRoe v.Wade,Non-Starter,Christine Michael,Ind,RB|W/R/T
5,0.0,EugeneMonRoe v.Wade,Non-Starter,Jimmy Graham,NO,TE|W/R/T
5,19.5,EugeneMonRoe v.Wade,Starter,Arizona Cardinals,Ari,DEF
6,9.8,EugeneMonRoe v.Wade,Starter,Derek Carr,NO,QB
6,6.4,EugeneMonRoe v.Wade,Starter,Larry Fitzgerald,Ari,WR|W/R/T
6,4.8,EugeneMonRoe v.Wade,Starter,Julian Edelman,NE,WR|W/R/T
6,6.5,EugeneMonRoe v.Wade,Starter,Mark Ingram II,NO,RB|W/R/T
6,21.05,EugeneMonRoe v.Wade,Starter,Christine Michael,Ind,RB|W/R/T
6,10.9,EugeneMonRoe v.Wade,Starter,Greg Olsen,Sea,TE|W/R/T
6,24.8,EugeneMonRoe v.Wade,Starter,Golden Tate,Ten,WR|W/R/T
6,10.4,EugeneMonRoe v.Wade,Non-Starter,Jimmy Graham,NO,TE|W/R/T
6,0.0,EugeneMonRoe v.Wade,Non-Starter,Theo Riddick,LV,RB|W/R/T
6,4.05,EugeneMonRoe v.Wade,Non-Starter,DeVante Parker,NE,WR|W/R/T
6,0.45,EugeneMonRoe v.Wade,Non-Starter,Travis Benjamin,SF,WR|W/R/T
6,0.0,EugeneMonRoe v.Wade,Non-Starter,Cameron Artis-Payne,Car,RB|W/R/T
6,16.0,EugeneMonRoe v.Wade,Starter,Arizona Cardinals,Ari,DEF
7,12.4,EugeneMonRoe v.Wade,Starter,Derek Carr,NO,QB
7,9.25,EugeneMonRoe v.Wade,Starter,Larry Fitzgerald,Ari,WR|W/R/T
7,6.25,EugeneMonRoe v.Wade,Starter,Julian Edelman,NE,WR|W/R/T
7,13.2,EugeneMonRoe v.Wade,Starter,Mark Ingram II,NO,RB|W/R/T
7,6.25,EugeneMonRoe v.Wade,Starter,Christine Michael,Ind,RB|W/R/T
7,6.55,EugeneMonRoe v.Wade,Starter,Jimmy Graham,NO,TE|W/R/T
7,10.8,EugeneMonRoe v.Wade,Starter,Golden Tate,Ten,WR|W/R/T
7,0.0,EugeneMonRoe v.Wade,Non-Starter,Greg Olsen,Sea,TE|W/R/T
7,0.0,EugeneMonRoe v.Wade,Non-Starter,Theo Riddick,LV,RB|W/R/T
7,2.75,EugeneMonRoe v.Wade,Non-Starter,DeVante Parker,NE,WR|W/R/T
7,6.4,EugeneMonRoe v.Wade,Non-Starter,Travis Benjamin,SF,WR|W/R/T
7,0.0,EugeneMonRoe v.Wade,Non-Starter,Cameron Artis-Payne,Car,RB|W/R/T
7,13.5,EugeneMonRoe v.Wade,Starter,Arizona Cardinals,Ari,DEF
8,35.82,EugeneMonRoe v.Wade,Starter,Derek Carr,NO,QB
8,9.9,EugeneMonRoe v.Wade,Starter,Larry Fitzgerald,Ari,WR|W/R/T
8,10.7,EugeneMonRoe v.Wade,Starter,Julian Edelman,NE,WR|W/R/T
8,-1.5,EugeneMonRoe v.Wade,Starter,Mark Ingram II,NO,RB|W/R/T
8,10.45,EugeneMonRoe v.Wade,Starter,Christine Michael,Ind,RB|W/R/T
8,1.35,EugeneMonRoe v.Wade,Starter,Greg Olsen,Sea,TE|W/R/T
8,21.3,EugeneMonRoe v.Wade,Starter,Theo Riddick,LV,RB|W/R/T
8,5.95,EugeneMonRoe v.Wade,Non-Starter,Golden Tate,Ten,WR|W/R/T
8,4.15,EugeneMonRoe v.Wade,Non-Starter,Jimmy Graham,NO,TE|W/R/T
8,0.0,EugeneMonRoe v.Wade,Non-Starter,DeVante Parker,NE,WR|W/R/T
8,11.15,EugeneMonRoe v.Wade,Non-Starter,Travis Benjamin,SF,WR|W/R/T
8,0.0,EugeneMonRoe v.Wade,Non-Starter,Cameron Artis-Payne,Car,RB|W/R/T
8,6.0,EugeneMonRoe v.Wade,Starter,Arizona Cardinals,Ari,DEF
9,7.66,EugeneMonRoe v.Wade,Starter,Derek Carr,NO,QB
9,1.3,EugeneMonRoe v.Wade,Starter,DeVante Parker,NE,WR|W/R/T
9,16.75,EugeneMonRoe v.Wade,Starter,Golden Tate,Ten,WR|W/R/T
9,29.6,EugeneMonRoe v.Wade,Starter,Mark Ingram II,NO,RB|W/R/T
9,6.1,EugeneMonRoe v.Wade,Starter,Christine Michael,Ind,RB|W/R/T
9,12.45,EugeneMonRoe v.Wade,Starter,Greg Olsen,Sea,TE|W/R/T
9,7.85,EugeneMonRoe v.Wade,Starter,Theo Riddick,LV,RB|W/R/T
9,0.0,EugeneMonRoe v.Wade,Non-Starter,Julian Edelman,NE,WR|W/R/T
9,0.0,EugeneMonRoe v.Wade,Non-Starter,Larry Fitzgerald,Ari,WR|W/R/T
9,24.3,EugeneMonRoe v.Wade,Non-Starter,Jimmy Graham,NO,TE|W/R/T
9,0.75,EugeneMonRoe v.Wade,Non-Starter,Travis Benjamin,SF,WR|W/R/T
9,12.0,EugeneMonRoe v.Wade,Starter,Pittsburgh Steelers,Pit,DEF
9,0.0,EugeneMonRoe v.Wade,Non-Starter,Arizona Cardinals,Ari,DEF
10,14.82,EugeneMonRoe v.Wade,Starter,Trevor Siemian,Ten,QB
10,11.55,EugeneMonRoe v.Wade,Starter,DeVante Parker,NE,WR|W/R/T
10,16.2,EugeneMonRoe v.Wade,Starter,Larry Fitzgerald,Ari,WR|W/R/T
10,6.8,EugeneMonRoe v.Wade,Starter,Mark Ingram II,NO,RB|W/R/T
10,2.85,EugeneMonRoe v.Wade,Starter,Christine Michael,Ind,RB|W/R/T
10,5.15,EugeneMonRoe v.Wade,Starter,Greg Olsen,Sea,TE|W/R/T
10,9.65,EugeneMonRoe v.Wade,Starter,Julian Edelman,NE,WR|W/R/T
10,0.0,EugeneMonRoe v.Wade,Non-Starter,Derek Carr,NO,QB
10,0.0,EugeneMonRoe v.Wade,Non-Starter,Golden Tate,Ten,WR|W/R/T
10,0.0,EugeneMonRoe v.Wade,Non-Starter,Theo Riddick,LV,RB|W/R/T
10,5.8,EugeneMonRoe v.Wade,Non-Starter,Jimmy Graham,NO,TE|W/R/T
10,0.0,EugeneMonRoe v.Wade,Non-Starter,Travis Benjamin,SF,WR|W/R/T
10,12.5,EugeneMonRoe v.Wade,Starter,Arizona Cardinals,Ari,DEF
11,21.6,EugeneMonRoe v.Wade,Starter,Derek Carr,NO,QB
11,7.8,EugeneMonRoe v.Wade,Starter,Larry Fitzgerald,Ari,WR|W/R/T
11,0.85,EugeneMonRoe v.Wade,Starter,Golden Tate,Ten,WR|W/R/T
11,8.25,EugeneMonRoe v.Wade,Starter,Mark Ingram II,NO,RB|W/R/T
11,10.3,EugeneMonRoe v.Wade,Starter,Theo Riddick,LV,RB|W/R/T
11,4.3,EugeneMonRoe v.Wade,Starter,Greg Olsen,Sea,TE|W/R/T
11,16.9,EugeneMonRoe v.Wade,Starter,Julian Edelman,NE,WR|W/R/T
11,15.9,EugeneMonRoe v.Wade,Non-Starter,DeVante Parker,NE,WR|W/R/T
11,0.0,EugeneMonRoe v.Wade,Non-Starter,Christine Michael,Ind,RB|W/R/T
11,0.0,EugeneMonRoe v.Wade,Non-Starter,Trevor Siemian,Ten,QB
11,11.35,EugeneMonRoe v.Wade,Non-Starter,Jimmy Graham,NO,TE|W/R/T
11,0.0,EugeneMonRoe v.Wade,Non-Starter,Travis Benjamin,SF,WR|W/R/T
11,11.0,EugeneMonRoe v.Wade,Starter,Arizona Cardinals,Ari,DEF
12,17.4,EugeneMonRoe v.Wade,Starter,Derek Carr,NO,QB
12,6.3,EugeneMonRoe v.Wade,Starter,Larry Fitzgerald,Ari,WR|W/R/T
12,8.95,EugeneMonRoe v.Wade,Starter,Golden Tate,Ten,WR|W/R/T
12,28.95,EugeneMonRoe v.Wade,Starter,Mark Ingram II,NO,RB|W/R/T
12,7.05,EugeneMonRoe v.Wade,Starter,Theo Riddick,LV,RB|W/R/T
12,5.5,EugeneMonRoe v.Wade,Starter,Greg Olsen,Sea,TE|W/R/T
12,10.3,EugeneMonRoe v.Wade,Starter,Julian Edelman,NE,WR|W/R/T
12,7.15,EugeneMonRoe v.Wade,Non-Starter,DeVante Parker,NE,WR|W/R/T
12,0.4,EugeneMonRoe v.Wade,Non-Starter,Christine Michael,Ind,RB|W/R/T
12,29.02,EugeneMonRoe v.Wade,Non-Starter,Trevor Siemian,Ten,QB
12,6.2,EugeneMonRoe v.Wade,Non-Starter,Jimmy Graham,NO,TE|W/R/T
12,1.05,EugeneMonRoe v.Wade,Non-Starter,Travis Benjamin,SF,WR|W/R/T
12,6.0,EugeneMonRoe v.Wade,Starter,Arizona Cardinals,Ari,DEF
13,20.8,EugeneMonRoe v.Wade,Starter,Derek Carr,NO,QB
13,10.3,EugeneMonRoe v.Wade,Starter,Larry Fitzgerald,Ari,WR|W/R/T
13,22.5,EugeneMonRoe v.Wade,Starter,Golden Tate,Ten,WR|W/R/T
13,6.55,EugeneMonRoe v.Wade,Starter,Mark Ingram II,NO,RB|W/R/T
13,8.95,EugeneMonRoe v.Wade,Starter,Theo Riddick,LV,RB|W/R/T
13,3.75,EugeneMonRoe v.Wade,Starter,Greg Olsen,Sea,TE|W/R/T
13,12.1,EugeneMonRoe v.Wade,Starter,Julian Edelman,NE,WR|W/R/T
13,10.15,EugeneMonRoe v.Wade,Non-Starter,DeVante Parker,NE,WR|W/R/T
13,1.9,EugeneMonRoe v.Wade,Non-Starter,Christine Michael,Ind,RB|W/R/T
13,0.0,EugeneMonRoe v.Wade,Non-Starter,Trevor Siemian,Ten,QB
13,13.8,EugeneMonRoe v.Wade,Non-Starter,Jimmy Graham,NO,TE|W/R/T
13,2.9,EugeneMonRoe v.Wade,Non-Starter,Travis Benjamin,SF,WR|W/R/T
13,8.0,EugeneMonRoe v.Wade,Starter,Arizona Cardinals,Ari,DEF
14,4.98,EugeneMonRoe v.Wade,Starter,Derek Carr,NO,QB
14,1.95,EugeneMonRoe v.Wade,Starter,Larry Fitzgerald,Ari,WR|W/R/T
14,7.2,EugeneMonRoe v.Wade,Starter,Golden Tate,Ten,WR|W/R/T
14,2.55,EugeneMonRoe v.Wade,Starter,Mark Ingram II,NO,RB|W/R/T
14,0.0,EugeneMonRoe v.Wade,Starter,Theo Riddick,LV,RB|W/R/T
14,9.7,EugeneMonRoe v.Wade,Starter,Greg Olsen,Sea,TE|W/R/T
14,9.05,EugeneMonRoe v.Wade,Starter,Julian Edelman,NE,WR|W/R/T
14,1.9,EugeneMonRoe v.Wade,Non-Starter,DeVante Parker,NE,WR|W/R/T
14,3.6,EugeneMonRoe v.Wade,Non-Starter,Christine Michael,Ind,RB|W/R/T
14,17.36,EugeneMonRoe v.Wade,Non-Starter,Trevor Siemian,Ten,QB
14,1.85,EugeneMonRoe v.Wade,Non-Starter,Jimmy Graham,NO,TE|W/R/T
14,-0.2,EugeneMonRoe v.Wade,Non-Starter,Travis Benjamin,SF,WR|W/R/T
14,13.5,EugeneMonRoe v.Wade,Starter,Arizona Cardinals,Ari,DEF
15,11.02,EugeneMonRoe v.Wade,Starter,Derek Carr,NO,QB
15,5.45,EugeneMonRoe v.Wade,Starter,Larry Fitzgerald,Ari,WR|W/R/T
15,14.2,EugeneMonRoe v.Wade,Starter,Golden Tate,Ten,WR|W/R/T
15,9.7,EugeneMonRoe v.Wade,Starter,Mark Ingram II,NO,RB|W/R/T
15,0.0,EugeneMonRoe v.Wade,Starter,Theo Riddick,LV,RB|W/R/T
15,10.0,EugeneMonRoe v.Wade,Starter,Greg Olsen,Sea,TE|W/R/T
15,9.0,EugeneMonRoe v.Wade,Starter,Julian Edelman,NE,WR|W/R/T
15,1.95,EugeneMonRoe v.Wade,Non-Starter,DeVante Parker,NE,WR|W/R/T
15,10.5,EugeneMonRoe v.Wade,Non-Starter,Christine Michael,Ind,RB|W/R/T
15,9.68,EugeneMonRoe v.Wade,Non-Starter,Trevor Siemian,Ten,QB
15,3.35,EugeneMonRoe v.Wade,Non-Starter,Jimmy Graham,NO,TE|W/R/T
15,12.1,EugeneMonRoe v.Wade,Non-Starter,Travis Benjamin,SF,WR|W/R/T
15,10.0,EugeneMonRoe v.Wade,Starter,Arizona Cardinals,Ari,DEF
1,21.8,Josh Gordon Bombay,Starter,Ben Roethlisberger,Pit,QB
1,17.15,Josh Gordon Bombay,Starter,Mike Evans,TB,WR|W/R/T
1,19.15,Josh Gordon Bombay,Starter,Jordan Matthews,Car,WR|W/R/T
1,8.05,Josh Gordon Bombay,Starter,Eddie Lacy,Sea,RB|W/R/T
1,10.75,Josh Gordon Bombay,Starter,Arian Foster,Mia,RB|W/R/T
1,14.3,Josh Gordon Bombay,Starter,Dwayne Allen,NE,TE|W/R/T
1,30.6,Josh Gordon Bombay,Starter,DeAngelo Williams,Pit,RB|W/R/T
1,17.7,Josh Gordon Bombay,Non-Starter,Melvin Gordon,Bal,RB|W/R/T
1,0.0,Josh Gordon Bombay,Non-Starter,Josh Gordon,Ten,WR|W/R/T
1,6.4,Josh Gordon Bombay,Non-Starter,Jonathan Stewart,NYG,RB|W/R/T
1,14.3,Josh Gordon Bombay,Non-Starter,Isaiah Crowell,LV,RB|W/R/T
1,0.0,Josh Gordon Bombay,Non-Starter,Marshawn Lynch,Sea,RB|W/R/T
1,15.5,Josh Gordon Bombay,Starter,Philadelphia Eagles,Phi,DEF
2,19.76,Josh Gordon Bombay,Starter,Ben Roethlisberger,Pit,QB
2,14.5,Josh Gordon Bombay,Starter,Mike Evans,TB,WR|W/R/T
2,8.6,Josh Gordon Bombay,Starter,Jordan Matthews,Car,WR|W/R/T
2,5.0,Josh Gordon Bombay,Starter,Eddie Lacy,Sea,RB|W/R/T
2,0.9,Josh Gordon Bombay,Starter,Arian Foster,Mia,RB|W/R/T
2,3.0,Josh Gordon Bombay,Starter,Dwayne Allen,NE,TE|W/R/T
2,20.2,Josh Gordon Bombay,Starter,DeAngelo Williams,Pit,RB|W/R/T
2,18.75,Josh Gordon Bombay,Non-Starter,Melvin Gordon,Bal,RB|W/R/T
2,0.0,Josh Gordon Bombay,Non-Starter,Josh Gordon,Ten,WR|W/R/T
2,2.1,Josh Gordon Bombay,Non-Starter,Jonathan Stewart,NYG,RB|W/R/T
2,21.05,Josh Gordon Bombay,Non-Starter,Isaiah Crowell,LV,RB|W/R/T
2,0.0,Josh Gordon Bombay,Non-Starter,Marshawn Lynch,Sea,RB|W/R/T
2,5.0,Josh Gordon Bombay,Starter,New York Jets,NYJ,DEF
3,6.98,Josh Gordon Bombay,Starter,Ben Roethlisberger,Pit,QB
3,21.7,Josh Gordon Bombay,Starter,Mike Evans,TB,WR|W/R/T
3,8.4,Josh Gordon Bombay,Starter,Jordan Matthews,Car,WR|W/R/T
3,10.75,Josh Gordon Bombay,Starter,Eddie Lacy,Sea,RB|W/R/T
3,5.4,Josh Gordon Bombay,Starter,DeAngelo Williams,Pit,RB|W/R/T
3,4.25,Josh Gordon Bombay,Starter,Dwayne Allen,NE,TE|W/R/T
3,14.8,Josh Gordon Bombay,Starter,Melvin Gordon,Bal,RB|W/R/T
3,0.0,Josh Gordon Bombay,Non-Starter,Arian Foster,Mia,RB|W/R/T
3,0.0,Josh Gordon Bombay,Non-Starter,Josh Gordon,Ten,WR|W/R/T
3,0.0,Josh Gordon Bombay,Non-Starter,Jonathan Stewart,NYG,RB|W/R/T
3,7.9,Josh Gordon Bombay,Non-Starter,Isaiah Crowell,LV,RB|W/R/T
3,0.0,Josh Gordon Bombay,Non-Starter,Marshawn Lynch,Sea,RB|W/R/T
3,14.0,Josh Gordon Bombay,Starter,Los Angeles Rams,LAR,DEF
4,33.9,Josh Gordon Bombay,Starter,Ben Roethlisberger,Pit,QB
4,7.15,Josh Gordon Bombay,Starter,Mike Evans,TB,WR|W/R/T
4,11.25,Josh Gordon Bombay,Starter,Terrelle Pryor,NYJ,WR|W/R/T
4,20.95,Josh Gordon Bombay,Starter,Isaiah Crowell,LV,RB|W/R/T
4,10.8,Josh Gordon Bombay,Starter,Orleans Darkwa,NYG,RB|W/R/T
4,2.5,Josh Gordon Bombay,Starter,Dwayne Allen,NE,TE|W/R/T
4,19.4,Josh Gordon Bombay,Starter,Melvin Gordon,Bal,RB|W/R/T
4,7.15,Josh Gordon Bombay,Non-Starter,DeAngelo Williams,Pit,RB|W/R/T
4,0.0,Josh Gordon Bombay,Non-Starter,Jordan Matthews,Car,WR|W/R/T
4,0.0,Josh Gordon Bombay,Non-Starter,Eddie Lacy,Sea,RB|W/R/T
4,0.0,Josh Gordon Bombay,Non-Starter,Arian Foster,Mia,RB|W/R/T
4,0.0,Josh Gordon Bombay,Non-Starter,Jonathan Stewart,NYG,RB|W/R/T
4,7.0,Josh Gordon Bombay,Starter,New York Jets,NYJ,DEF
5,29.2,Josh Gordon Bombay,Starter,Ben Roethlisberger,Pit,QB
5,16.4,Josh Gordon Bombay,Starter,Mike Evans,TB,WR|W/R/T
5,7.5,Josh Gordon Bombay,Starter,Jordan Matthews,Car,WR|W/R/T
5,12.95,Josh Gordon Bombay,Starter,Melvin Gordon,Bal,RB|W/R/T
5,8.65,Josh Gordon Bombay,Starter,Eddie Lacy,Sea,RB|W/R/T
5,12.5,Josh Gordon Bombay,Starter,Dwayne Allen,NE,TE|W/R/T
5,4.25,Josh Gordon Bombay,Starter,Isaiah Crowell,LV,RB|W/R/T
5,1.1,Josh Gordon Bombay,Non-Starter,Orleans Darkwa,NYG,RB|W/R/T
5,6.55,Josh Gordon Bombay,Non-Starter,Terrelle Pryor,NYJ,WR|W/R/T
5,0.0,Josh Gordon Bombay,Non-Starter,DeAngelo Williams,Pit,RB|W/R/T
5,0.0,Josh Gordon Bombay,Non-Starter,Arian Foster,Mia,RB|W/R/T
5,0.0,Josh Gordon Bombay,Non-Starter,Jonathan Stewart,NYG,RB|W/R/T
5,9.0,Josh Gordon Bombay,Starter,Los Angeles Rams,LAR,DEF
6,9.56,Josh Gordon Bombay,Starter,Ben Roethlisberger,Pit,QB
6,8.25,Josh Gordon Bombay,Starter,Jordan Matthews,Car,WR|W/R/T
6,22.09,Josh Gordon Bombay,Starter,Terrelle Pryor,NYJ,WR|W/R/T
6,9.4,Josh Gordon Bombay,Starter,Melvin Gordon,Bal,RB|W/R/T
6,7.35,Josh Gordon Bombay,Starter,Eddie Lacy,Sea,RB|W/R/T
6,1.15,Josh Gordon Bombay,Starter,Dwayne Allen,NE,TE|W/R/T
6,4.1,Josh Gordon Bombay,Starter,Isaiah Crowell,LV,RB|W/R/T
6,0.0,Josh Gordon Bombay,Non-Starter,Mike Evans,TB,WR|W/R/T
6,1.0,Josh Gordon Bombay,Non-Starter,DeAngelo Williams,Pit,RB|W/R/T
6,2.0,Josh Gordon Bombay,Non-Starter,Arian Foster,Mia,RB|W/R/T
6,20.5,Josh Gordon Bombay,Non-Starter,Jonathan Stewart,NYG,RB|W/R/T
6,22.8,Josh Gordon Bombay,Non-Starter,Spencer Ware,KC,RB|W/R/T
6,3.5,Josh Gordon Bombay,Starter,Los Angeles Rams,LAR,DEF
7,13.14,Josh Gordon Bombay,Starter,Blake Bortles,GB,QB
7,23.6,Josh Gordon Bombay,Starter,Mike Evans,TB,WR|W/R/T
7,10.95,Josh Gordon Bombay,Starter,Willie Snead IV,Mia,WR|W/R/T
7,31.6,Josh Gordon Bombay,Starter,Melvin Gordon,Bal,RB|W/R/T
7,10.7,Josh Gordon Bombay,Starter,Todd Gurley,Atl,RB|W/R/T
7,1.85,Josh Gordon Bombay,Starter,Hunter Henry,NE,TE|W/R/T
7,19.6,Josh Gordon Bombay,Starter,Spencer Ware,KC,RB|W/R/T
7,1.75,Josh Gordon Bombay,Non-Starter,Jordan Matthews,Car,WR|W/R/T
7,0.0,Josh Gordon Bombay,Non-Starter,Ben Roethlisberger,Pit,QB
7,0.0,Josh Gordon Bombay,Non-Starter,DeAngelo Williams,Pit,RB|W/R/T
7,1.15,Josh Gordon Bombay,Non-Starter,Arian Foster,Mia,RB|W/R/T
7,9.5,Josh Gordon Bombay,Starter,Los Angeles Rams,LAR,DEF
7,6.0,Josh Gordon Bombay,Non-Starter,Cleveland,Cle,DEF
8,18.12,Josh Gordon Bombay,Starter,Tyrod Taylor,NYJ,QB
8,8.0,Josh Gordon Bombay,Starter,Mike Evans,TB,WR|W/R/T
8,7.1,Josh Gordon Bombay,Starter,Willie Snead IV,Mia,WR|W/R/T
8,16.5,Josh Gordon Bombay,Starter,Melvin Gordon,Bal,RB|W/R/T
8,5.2,Josh Gordon Bombay,Starter,Spencer Ware,KC,RB|W/R/T
8,1.9,Josh Gordon Bombay,Starter,Hunter Henry,NE,TE|W/R/T
8,15.25,Josh Gordon Bombay,Starter,Jordan Matthews,Car,WR|W/R/T
8,0.0,Josh Gordon Bombay,Non-Starter,Todd Gurley,Atl,RB|W/R/T
8,0.0,Josh Gordon Bombay,Non-Starter,Ben Roethlisberger,Pit,QB
8,0.0,Josh Gordon Bombay,Non-Starter,DeAngelo Williams,Pit,RB|W/R/T
8,0.1,Josh Gordon Bombay,Non-Starter,Kenneth Barber,LV,RB|W/R/T
8,7.0,Josh Gordon Bombay,Starter,New York Jets,NYJ,DEF
8,0.0,Josh Gordon Bombay,Non-Starter,Los Angeles Rams,LAR,DEF
9,18.86,Josh Gordon Bombay,Starter,Ben Roethlisberger,Pit,QB
9,29.75,Josh Gordon Bombay,Starter,Mike Evans,TB,WR|W/R/T
9,10.3,Josh Gordon Bombay,Starter,Jordan Matthews,Car,WR|W/R/T
9,33.1,Josh Gordon Bombay,Starter,Melvin Gordon,Bal,RB|W/R/T
9,8.4,Josh Gordon Bombay,Starter,Todd Gurley,Atl,RB|W/R/T
9,21.4,Josh Gordon Bombay,Starter,Jason Witten,LV,TE|W/R/T
9,8.15,Josh Gordon Bombay,Starter,Charcandrick West,KC,RB|W/R/T
9,0.0,Josh Gordon Bombay,Non-Starter,Spencer Ware,KC,RB|W/R/T
9,4.35,Josh Gordon Bombay,Non-Starter,Willie Snead IV,Mia,WR|W/R/T
9,0.1,Josh Gordon Bombay,Non-Starter,DeAngelo Williams,Pit,RB|W/R/T
9,6.5,Josh Gordon Bombay,Non-Starter,Kenneth Barber,LV,RB|W/R/T
9,19.45,Josh Gordon Bombay,Non-Starter,DuJuan Harris,SF,RB|W/R/T
9,15.0,Josh Gordon Bombay,Starter,Los Angeles Rams,LAR,DEF
10,28.42,Josh Gordon Bombay,Starter,Ben Roethlisberger,Pit,QB
10,7.6,Josh Gordon Bombay,Starter,Mike Evans,TB,WR|W/R/T
10,8.8,Josh Gordon Bombay,Starter,Jordan Matthews,Car,WR|W/R/T
10,14.45,Josh Gordon Bombay,Starter,Melvin Gordon,Bal,RB|W/R/T
10,7.45,Josh Gordon Bombay,Starter,Todd Gurley,Atl,RB|W/R/T
10,7.4,Josh Gordon Bombay,Starter,Jason Witten,LV,TE|W/R/T
10,7.95,Josh Gordon Bombay,Starter,Spencer Ware,KC,RB|W/R/T
10,1.75,Josh Gordon Bombay,Non-Starter,Charcandrick West,KC,RB|W/R/T
10,17.95,Josh Gordon Bombay,Non-Starter,Willie Snead IV,Mia,WR|W/R/T
10,3.8,Josh Gordon Bombay,Non-Starter,Kenneth Barber,LV,RB|W/R/T
10,1.4,Josh Gordon Bombay,Non-Starter,DuJuan Harris,SF,RB|W/R/T
10,0.2,Josh Gordon Bombay,Non-Starter,Ronnie Hillman,LAC,RB|W/R/T
10,14.0,Josh Gordon Bombay,Starter,Los Angeles Rams,LAR,DEF
11,8.68,Josh Gordon Bombay,Starter,Ben Roethlisberger,Pit,QB
11,12.0,Josh Gordon Bombay,Starter,Mike Evans,TB,WR|W/R/T
11,4.3,Josh Gordon Bombay,Starter,Willie Snead IV,Mia,WR|W/R/T
11,13.6,Josh Gordon Bombay,Starter,Todd Gurley,Atl,RB|W/R/T
11,9.0,Josh Gordon Bombay,Starter,Spencer Ware,KC,RB|W/R/T
11,4.95,Josh Gordon Bombay,Starter,Jason Witten,LV,TE|W/R/T
11,7.15,Josh Gordon Bombay,Starter,Jordan Matthews,Car,WR|W/R/T
11,0.0,Josh Gordon Bombay,Non-Starter,Melvin Gordon,Bal,RB|W/R/T
11,2.2,Josh Gordon Bombay,Non-Starter,Kenneth Barber,LV,RB|W/R/T
11,7.2,Josh Gordon Bombay,Non-Starter,Mike Gillislee,NO,RB|W/R/T
11,0.0,Josh Gordon Bombay,Non-Starter,Ladarius Green,Pit,TE|W/R/T
11,13.0,Josh Gordon Bombay,Starter,New York,NYG,DEF
11,15.0,Josh Gordon Bombay,Non-Starter,Los Angeles Rams,LAR,DEF
12,20.84,Josh Gordon Bombay,Starter,Ben Roethlisberger,Pit,QB
12,24.4,Josh Gordon Bombay,Starter,Mike Evans,TB,WR|W/R/T
12,5.7,Josh Gordon Bombay,Starter,Jordan Matthews,Car,WR|W/R/T
12,9.9,Josh Gordon Bombay,Starter,Todd Gurley,Atl,RB|W/R/T
12,10.1,Josh Gordon Bombay,Starter,Spencer Ware,KC,RB|W/R/T
12,4.05,Josh Gordon Bombay,Starter,Jason Witten,LV,TE|W/R/T
12,9.9,Josh Gordon Bombay,Starter,Melvin Gordon,Bal,RB|W/R/T
12,11.05,Josh Gordon Bombay,Non-Starter,Willie Snead IV,Mia,WR|W/R/T
12,2.25,Josh Gordon Bombay,Non-Starter,Kenneth Barber,LV,RB|W/R/T
12,0.0,Josh Gordon Bombay,Non-Starter,Mike Gillislee,NO,RB|W/R/T
12,29.5,Josh Gordon Bombay,Starter,New York,NYG,DEF
12,4.5,Josh Gordon Bombay,Non-Starter,Los Angeles Rams,LAR,DEF
12,5.0,Josh Gordon Bombay,Non-Starter,Buffalo,Buf,DEF
13,17.56,Josh Gordon Bombay,Starter,Ben Roethlisberger,Pit,QB
13,6.55,Josh Gordon Bombay,Starter,Mike Evans,TB,WR|W/R/T
13,4.3,Josh Gordon Bombay,Starter,Willie Snead IV,Mia,WR|W/R/T
13,5.2,Josh Gordon Bombay,Starter,Todd Gurley,Atl,RB|W/R/T
13,17.95,Josh Gordon Bombay,Starter,Spencer Ware,KC,RB|W/R/T
13,0.0,Josh Gordon Bombay,Starter,Jason Witten,LV,TE|W/R/T
13,20.8,Josh Gordon Bombay,Starter,Melvin Gordon,Bal,RB|W/R/T
13,0.0,Josh Gordon Bombay,Non-Starter,Jordan Matthews,Car,WR|W/R/T
13,16.9,Josh Gordon Bombay,Non-Starter,Mike Gillislee,NO,RB|W/R/T
13,0.0,Josh Gordon Bombay,Non-Starter,Alshon Jeffery,Phi,WR|W/R/T
13,19.0,Josh Gordon Bombay,Starter,Baltimore Ravens,Bal,DEF
13,5.5,Josh Gordon Bombay,Non-Starter,Los Angeles,LAC,DEF
13,-3.5,Josh Gordon Bombay,Non-Starter,Buffalo,Buf,DEF
14,2.6,Josh Gordon Bombay,Starter,Ben Roethlisberger,Pit,QB
14,5.2,Josh Gordon Bombay,Starter,Mike Evans,TB,WR|W/R/T
14,9.9,Josh Gordon Bombay,Starter,Jordan Matthews,Car,WR|W/R/T
14,15.05,Josh Gordon Bombay,Starter,Todd Gurley,Atl,RB|W/R/T
14,6.55,Josh Gordon Bombay,Starter,Spencer Ware,KC,RB|W/R/T
14,3.6,Josh Gordon Bombay,Starter,Jason Witten,LV,TE|W/R/T
14,0.5,Josh Gordon Bombay,Starter,Melvin Gordon,Bal,RB|W/R/T
14,10.0,Josh Gordon Bombay,Non-Starter,Willie Snead IV,Mia,WR|W/R/T
14,3.4,Josh Gordon Bombay,Non-Starter,Mike Gillislee,NO,RB|W/R/T
14,0.0,Josh Gordon Bombay,Non-Starter,Alshon Jeffery,Phi,WR|W/R/T
14,9.0,Josh Gordon Bombay,Starter,Los Angeles,LAC,DEF
14,9.5,Josh Gordon Bombay,Non-Starter,Baltimore Ravens,Bal,DEF
14,7.0,Josh Gordon Bombay,Non-Starter,Buffalo,Buf,DEF
15,14.94,Josh Gordon Bombay,Starter,Ben Roethlisberger,Pit,QB
15,6.9,Josh Gordon Bombay,Starter,Mike Evans,TB,WR|W/R/T
15,4.2,Josh Gordon Bombay,Starter,Jordan Matthews,Car,WR|W/R/T
15,3.85,Josh Gordon Bombay,Starter,Todd Gurley,Atl,RB|W/R/T
15,10.15,Josh Gordon Bombay,Starter,Spencer Ware,KC,RB|W/R/T
15,5.6,Josh Gordon Bombay,Starter,Jason Witten,LV,TE|W/R/T
15,16.4,Josh Gordon Bombay,Starter,Alshon Jeffery,Phi,WR|W/R/T
15,0.0,Josh Gordon Bombay,Non-Starter,Melvin Gordon,Bal,RB|W/R/T
15,4.5,Josh Gordon Bombay,Non-Starter,Dwayne Washington,Den,RB|W/R/T
15,4.95,Josh Gordon Bombay,Non-Starter,Jermaine Gresham,Ari,TE|W/R/T
15,0.55,Josh Gordon Bombay,Non-Starter,Adrian Peterson,Sea,RB|W/R/T
15,16.0,Josh Gordon Bombay,Starter,Buffalo,Buf,DEF
15,10.0,Josh Gordon Bombay,Non-Starter,Los Angeles,LAC,DEF
16,19.06,Josh Gordon Bombay,Starter,Ben Roethlisberger,Pit,QB
16,17.45,Josh Gordon Bombay,Starter,Mike Evans,TB,WR|W/R/T
16,1.7,Josh Gordon Bombay,Starter,Jordan Matthews,Car,WR|W/R/T
16,15.45,Josh Gordon Bombay,Starter,Todd Gurley,Atl,RB|W/R/T
16,8.7,Josh Gordon Bombay,Starter,Spencer Ware,KC,RB|W/R/T
16,9.8,Josh Gordon Bombay,Starter,Jason Witten,LV,TE|W/R/T
16,10.45,Josh Gordon Bombay,Starter,Alshon Jeffery,Phi,WR|W/R/T
16,0.0,Josh Gordon Bombay,Non-Starter,Melvin Gordon,Bal,RB|W/R/T
16,2.85,Josh Gordon Bombay,Non-Starter,Dwayne Washington,Den,RB|W/R/T
16,4.5,Josh Gordon Bombay,Non-Starter,Jermaine Gresham,Ari,TE|W/R/T
16,0.0,Josh Gordon Bombay,Non-Starter,Adrian Peterson,Sea,RB|W/R/T
16,3.5,Josh Gordon Bombay,Starter,Buffalo,Buf,DEF
16,18.0,Josh Gordon Bombay,Non-Starter,Los Angeles,LAC,DEF
1,26.1,Reserve/PUP List,Starter,Matthew Stafford,LAR,QB
1,7.8,Reserve/PUP List,Starter,Keenan Allen,LAC,WR|W/R/T
1,17.45,Reserve/PUP List,Starter,Doug Baldwin,Sea,WR|W/R/T
1,8.05,Reserve/PUP List,Starter,Rashad Jennings,NYG,RB|W/R/T
1,27.65,Reserve/PUP List,Starter,Spencer Ware,KC,RB|W/R/T
1,8.15,Reserve/PUP List,Starter,Jordan Reed,SF,TE|W/R/T
1,10.2,Reserve/PUP List,Starter,Eric Decker,Ten,WR|W/R/T
1,0.0,Reserve/PUP List,Non-Starter,Jamaal Charles,Jax,RB|W/R/T
1,19.25,Reserve/PUP List,Non-Starter,Danny Woodhead,Bal,RB|W/R/T
1,11.95,Reserve/PUP List,Non-Starter,Stefon Diggs,NE,WR|W/R/T
1,2.75,Reserve/PUP List,Non-Starter,Antonio Gates,LAC,TE|W/R/T
1,2.5,Reserve/PUP List,Non-Starter,Tavon Austin,Buf,WR|W/R/T
1,5.5,Reserve/PUP List,Starter,Pittsburgh Steelers,Pit,DEF
2,15.5,Reserve/PUP List,Starter,Matthew Stafford,LAR,QB
2,2.75,Reserve/PUP List,Starter,Doug Baldwin,Sea,WR|W/R/T
2,20.1,Reserve/PUP List,Starter,Eric Decker,Ten,WR|W/R/T
2,4.5,Reserve/PUP List,Starter,Rashad Jennings,NYG,RB|W/R/T
2,9.0,Reserve/PUP List,Starter,Spencer Ware,KC,RB|W/R/T
2,8.25,Reserve/PUP List,Starter,Jordan Reed,SF,TE|W/R/T
2,26.45,Reserve/PUP List,Starter,Stefon Diggs,NE,WR|W/R/T
2,0.0,Reserve/PUP List,Non-Starter,Jamaal Charles,Jax,RB|W/R/T
2,3.35,Reserve/PUP List,Non-Starter,Danny Woodhead,Bal,RB|W/R/T
2,8.25,Reserve/PUP List,Non-Starter,Antonio Gates,LAC,TE|W/R/T
2,6.85,Reserve/PUP List,Non-Starter,Tavon Austin,Buf,WR|W/R/T
2,1.35,Reserve/PUP List,Non-Starter,Davante Adams,LAR,WR|W/R/T
2,13.0,Reserve/PUP List,Starter,Philadelphia Eagles,Phi,DEF
3,26.5,Reserve/PUP List,Starter,Matthew Stafford,LAR,QB
3,3.35,Reserve/PUP List,Starter,Eric Decker,Ten,WR|W/R/T
3,5.0,Reserve/PUP List,Starter,Stefon Diggs,NE,WR|W/R/T
3,6.55,Reserve/PUP List,Starter,Spencer Ware,KC,RB|W/R/T
3,6.95,Reserve/PUP List,Starter,Jerick McKinnon,KC,RB|W/R/T
3,6.6,Reserve/PUP List,Starter,Jordan Reed,SF,TE|W/R/T
3,24.0,Reserve/PUP List,Starter,Doug Baldwin,Sea,WR|W/R/T
3,0.0,Reserve/PUP List,Non-Starter,Rashad Jennings,NYG,RB|W/R/T
3,0.0,Reserve/PUP List,Non-Starter,Jamaal Charles,Jax,RB|W/R/T
3,0.0,Reserve/PUP List,Non-Starter,Antonio Gates,LAC,TE|W/R/T
3,17.65,Reserve/PUP List,Non-Starter,Tavon Austin,Buf,WR|W/R/T
3,2.15,Reserve/PUP List,Non-Starter,Matt Asiata,Min,RB|W/R/T
3,11.0,Reserve/PUP List,Starter,Miami Dolphins,Mia,DEF
4,8.22,Reserve/PUP List,Starter,Matthew Stafford,LAR,QB
4,6.4,Reserve/PUP List,Starter,Doug Baldwin,Sea,WR|W/R/T
4,1.3,Reserve/PUP List,Starter,Tavon Austin,Buf,WR|W/R/T
4,16.25,Reserve/PUP List,Starter,Jerick McKinnon,KC,RB|W/R/T
4,0.7,Reserve/PUP List,Starter,Jamaal Charles,Jax,RB|W/R/T
4,21.55,Reserve/PUP List,Starter,Jordan Reed,SF,TE|W/R/T
4,5.85,Reserve/PUP List,Starter,Stefon Diggs,NE,WR|W/R/T
4,0.0,Reserve/PUP List,Non-Starter,Eric Decker,Ten,WR|W/R/T
4,7.85,Reserve/PUP List,Non-Starter,Spencer Ware,KC,RB|W/R/T
4,0.0,Reserve/PUP List,Non-Starter,Rashad Jennings,NYG,RB|W/R/T
4,0.0,Reserve/PUP List,Non-Starter,Antonio Gates,LAC,TE|W/R/T
4,8.3,Reserve/PUP List,Non-Starter,Matt Asiata,Min,RB|W/R/T
4,19.0,Reserve/PUP List,Starter,Buffalo,Buf,DEF
5,18.8,Reserve/PUP List,Starter,Matthew Stafford,LAR,QB
5,10.25,Reserve/PUP List,Starter,Tavon Austin,Buf,WR|W/R/T
5,3.1,Reserve/PUP List,Starter,Robert Woods,Pit,WR|W/R/T
5,4.85,Reserve/PUP List,Starter,Jerick McKinnon,KC,RB|W/R/T
5,6.45,Reserve/PUP List,Starter,DeAndre Washington,Mia,RB|W/R/T
5,7.3,Reserve/PUP List,Starter,Jordan Reed,SF,TE|W/R/T
5,8.0,Reserve/PUP List,Starter,Antonio Gates,LAC,TE|W/R/T
5,0.0,Reserve/PUP List,Non-Starter,Rashad Jennings,NYG,RB|W/R/T
5,0.0,Reserve/PUP List,Non-Starter,Stefon Diggs,NE,WR|W/R/T
5,0.0,Reserve/PUP List,Non-Starter,Doug Baldwin,Sea,WR|W/R/T
5,0.0,Reserve/PUP List,Non-Starter,Jamaal Charles,Jax,RB|W/R/T
5,0.0,Reserve/PUP List,Non-Starter,Eric Decker,Ten,WR|W/R/T
5,20.5,Reserve/PUP List,Starter,Buffalo,Buf,DEF
6,28.2,Reserve/PUP List,Starter,Matthew Stafford,LAR,QB
6,3.35,Reserve/PUP List,Starter,Tavon Austin,Buf,WR|W/R/T
6,4.1,Reserve/PUP List,Starter,Doug Baldwin,Sea,WR|W/R/T
6,4.9,Reserve/PUP List,Starter,DeAndre Washington,Mia,RB|W/R/T
6,11.2,Reserve/PUP List,Starter,Jamaal Charles,Jax,RB|W/R/T
6,16.0,Reserve/PUP List,Starter,C.J. Fiedorowicz,Hou,TE|W/R/T
6,3.9,Reserve/PUP List,Starter,Davante Adams,LAR,WR|W/R/T
6,0.0,Reserve/PUP List,Non-Starter,Jordan Reed,SF,TE|W/R/T
6,2.1,Reserve/PUP List,Non-Starter,Antonio Gates,LAC,TE|W/R/T
6,0.0,Reserve/PUP List,Non-Starter,Jerick McKinnon,KC,RB|W/R/T
6,4.5,Reserve/PUP List,Non-Starter,Rashad Jennings,NYG,RB|W/R/T
6,0.0,Reserve/PUP List,Non-Starter,Stefon Diggs,NE,WR|W/R/T
6,10.5,Reserve/PUP List,Starter,Buffalo,Buf,DEF
7,17.84,Reserve/PUP List,Starter,Matthew Stafford,LAR,QB
7,8.4,Reserve/PUP List,Starter,Doug Baldwin,Sea,WR|W/R/T
7,15.1,Reserve/PUP List,Starter,Ty Montgomery II,NE,WR|RB|W/R/T
7,0.0,Reserve/PUP List,Starter,Jamaal Charles,Jax,RB|W/R/T
7,5.05,Reserve/PUP List,Starter,Jerick McKinnon,KC,RB|W/R/T
7,4.75,Reserve/PUP List,Starter,C.J. Fiedorowicz,Hou,TE|W/R/T
7,2.3,Reserve/PUP List,Starter,Stefon Diggs,NE,WR|W/R/T
7,0.0,Reserve/PUP List,Non-Starter,Jordan Reed,SF,TE|W/R/T
7,15.2,Reserve/PUP List,Non-Starter,Tavon Austin,Buf,WR|W/R/T
7,5.05,Reserve/PUP List,Non-Starter,Antonio Gates,LAC,TE|W/R/T
7,11.4,Reserve/PUP List,Non-Starter,Rashad Jennings,NYG,RB|W/R/T
7,0.1,Reserve/PUP List,Non-Starter,Knile Davis,GB,RB|W/R/T
7,3.0,Reserve/PUP List,Starter,Buffalo,Buf,DEF
8,13.6,Reserve/PUP List,Starter,Matthew Stafford,LAR,QB
8,6.1,Reserve/PUP List,Starter,Doug Baldwin,Sea,WR|W/R/T
8,15.6,Reserve/PUP List,Starter,Stefon Diggs,NE,WR|W/R/T
8,11.55,Reserve/PUP List,Starter,Darren Sproles,Phi,RB|W/R/T
8,4.1,Reserve/PUP List,Starter,Alfred Blue,Hou,RB|W/R/T
8,18.15,Reserve/PUP List,Starter,Jordan Reed,SF,TE|W/R/T
8,0.0,Reserve/PUP List,Starter,Ty Montgomery II,NE,WR|RB|W/R/T
8,0.0,Reserve/PUP List,Non-Starter,Jerick McKinnon,KC,RB|W/R/T
8,0.0,Reserve/PUP List,Non-Starter,Jamaal Charles,Jax,RB|W/R/T
8,0.0,Reserve/PUP List,Non-Starter,Tavon Austin,Buf,WR|W/R/T
8,0.0,Reserve/PUP List,Non-Starter,Rashad Jennings,NYG,RB|W/R/T
8,1.3,Reserve/PUP List,Non-Starter,Knile Davis,GB,RB|W/R/T
8,7.0,Reserve/PUP List,Starter,Buffalo,Buf,DEF
9,14.76,Reserve/PUP List,Starter,Matthew Stafford,LAR,QB
9,10.4,Reserve/PUP List,Starter,Doug Baldwin,Sea,WR|W/R/T
9,12.45,Reserve/PUP List,Starter,Stefon Diggs,NE,WR|W/R/T
9,7.85,Reserve/PUP List,Starter,Darren Sproles,Phi,RB|W/R/T
9,0.8,Reserve/PUP List,Starter,Jerick McKinnon,KC,RB|W/R/T
9,10.75,Reserve/PUP List,Starter,Lance Kendricks,LAC,TE|W/R/T
9,9.85,Reserve/PUP List,Starter,Ty Montgomery II,NE,WR|RB|W/R/T
9,0.0,Reserve/PUP List,Non-Starter,Jordan Reed,SF,TE|W/R/T
9,2.05,Reserve/PUP List,Non-Starter,Tavon Austin,Buf,WR|W/R/T
9,4.65,Reserve/PUP List,Non-Starter,Rashad Jennings,NYG,RB|W/R/T
9,7.75,Reserve/PUP List,Non-Starter,Ryan Mathews,Phi,RB|W/R/T
9,5.45,Reserve/PUP List,Non-Starter,Paul Perkins,Det,RB|W/R/T
9,8.5,Reserve/PUP List,Starter,Buffalo,Buf,DEF
10,8.24,Reserve/PUP List,Starter,Carson Wentz,Min,QB
10,25.4,Reserve/PUP List,Starter,Doug Baldwin,Sea,WR|W/R/T
10,19.65,Reserve/PUP List,Starter,Stefon Diggs,NE,WR|W/R/T
10,9.6,Reserve/PUP List,Starter,Darren Sproles,Phi,RB|W/R/T
10,11.65,Reserve/PUP List,Starter,Rashad Jennings,NYG,RB|W/R/T
10,4.6,Reserve/PUP List,Starter,Jordan Reed,SF,TE|W/R/T
10,2.5,Reserve/PUP List,Starter,Ty Montgomery II,NE,WR|RB|W/R/T
10,0.0,Reserve/PUP List,Non-Starter,Matthew Stafford,LAR,QB
10,3.4,Reserve/PUP List,Non-Starter,Tavon Austin,Buf,WR|W/R/T
10,28.4,Reserve/PUP List,Non-Starter,Ryan Mathews,Phi,RB|W/R/T
10,3.1,Reserve/PUP List,Non-Starter,Paul Perkins,Det,RB|W/R/T
10,3.35,Reserve/PUP List,Non-Starter,C.J. Fiedorowicz,Hou,TE|W/R/T
10,19.0,Reserve/PUP List,Starter,Baltimore Ravens,Bal,DEF
11,11.12,Reserve/PUP List,Starter,Matthew Stafford,LAR,QB
11,16.0,Reserve/PUP List,Starter,Doug Baldwin,Sea,WR|W/R/T
11,5.2,Reserve/PUP List,Starter,Stefon Diggs,NE,WR|W/R/T
11,20.15,Reserve/PUP List,Starter,Rashad Jennings,NYG,RB|W/R/T
11,3.1,Reserve/PUP List,Starter,Ryan Mathews,Phi,RB|W/R/T
11,9.15,Reserve/PUP List,Starter,Jordan Reed,SF,TE|W/R/T
11,7.1,Reserve/PUP List,Starter,Tyreek Hill,Mia,WR|W/R/T
11,9.7,Reserve/PUP List,Non-Starter,C.J. Fiedorowicz,Hou,TE|W/R/T
11,2.35,Reserve/PUP List,Non-Starter,Darren Sproles,Phi,RB|W/R/T
11,5.15,Reserve/PUP List,Non-Starter,Ty Montgomery II,NE,WR|RB|W/R/T
11,3.15,Reserve/PUP List,Non-Starter,Tavon Austin,Buf,WR|W/R/T
11,4.0,Reserve/PUP List,Non-Starter,Paul Perkins,Det,RB|W/R/T
11,12.0,Reserve/PUP List,Starter,Miami Dolphins,Mia,DEF
12,16.28,Reserve/PUP List,Starter,Matthew Stafford,LAR,QB
12,5.15,Reserve/PUP List,Starter,Doug Baldwin,Sea,WR|W/R/T
12,5.3,Reserve/PUP List,Starter,Pierre Garcon,SF,WR|W/R/T
12,6.4,Reserve/PUP List,Starter,Rashad Jennings,NYG,RB|W/R/T
12,4.95,Reserve/PUP List,Starter,Wendell Smallwood,Jax,RB|W/R/T
12,24.0,Reserve/PUP List,Starter,Jordan Reed,SF,TE|W/R/T
12,5.2,Reserve/PUP List,Starter,C.J. Fiedorowicz,Hou,TE|W/R/T
12,25.75,Reserve/PUP List,Non-Starter,Tyreek Hill,Mia,WR|W/R/T
12,6.65,Reserve/PUP List,Non-Starter,Darren Sproles,Phi,RB|W/R/T
12,0.0,Reserve/PUP List,Non-Starter,Stefon Diggs,NE,WR|W/R/T
12,0.0,Reserve/PUP List,Non-Starter,Ryan Mathews,Phi,RB|W/R/T
12,1.9,Reserve/PUP List,Non-Starter,Ty Montgomery II,NE,WR|RB|W/R/T
12,9.0,Reserve/PUP List,Starter,Miami Dolphins,Mia,DEF
13,23.84,Reserve/PUP List,Starter,Matthew Stafford,LAR,QB
13,8.25,Reserve/PUP List,Starter,Doug Baldwin,Sea,WR|W/R/T
13,7.9,Reserve/PUP List,Starter,Stefon Diggs,NE,WR|W/R/T
13,12.8,Reserve/PUP List,Starter,Rashad Jennings,NYG,RB|W/R/T
13,1.9,Reserve/PUP List,Starter,Wendell Smallwood,Jax,RB|W/R/T
13,5.9,Reserve/PUP List,Starter,C.J. Fiedorowicz,Hou,TE|W/R/T
13,8.45,Reserve/PUP List,Starter,Tyreek Hill,Mia,WR|W/R/T
13,12.4,Reserve/PUP List,Non-Starter,Darren Sproles,Phi,RB|W/R/T
13,9.55,Reserve/PUP List,Non-Starter,Pierre Garcon,SF,WR|W/R/T
13,0.0,Reserve/PUP List,Non-Starter,Jordan Reed,SF,TE|W/R/T
13,0.0,Reserve/PUP List,Non-Starter,Ryan Mathews,Phi,RB|W/R/T
13,6.1,Reserve/PUP List,Non-Starter,Ty Montgomery II,NE,WR|RB|W/R/T
13,1.0,Reserve/PUP List,Starter,Miami Dolphins,Mia,DEF
14,14.42,Reserve/PUP List,Starter,Matthew Stafford,LAR,QB
14,6.1,Reserve/PUP List,Starter,Doug Baldwin,Sea,WR|W/R/T
14,6.25,Reserve/PUP List,Starter,Stefon Diggs,NE,WR|W/R/T
14,6.2,Reserve/PUP List,Starter,Rashad Jennings,NYG,RB|W/R/T
14,6.0,Reserve/PUP List,Starter,Ryan Mathews,Phi,RB|W/R/T
14,1.25,Reserve/PUP List,Starter,Jordan Reed,SF,TE|W/R/T
14,18.3,Reserve/PUP List,Starter,Tyreek Hill,Mia,WR|W/R/T
14,0.3,Reserve/PUP List,Non-Starter,Wendell Smallwood,Jax,RB|W/R/T
14,3.95,Reserve/PUP List,Non-Starter,C.J. Fiedorowicz,Hou,TE|W/R/T
14,10.5,Reserve/PUP List,Non-Starter,Darren Sproles,Phi,RB|W/R/T
14,13.15,Reserve/PUP List,Non-Starter,Pierre Garcon,SF,WR|W/R/T
14,15.35,Reserve/PUP List,Non-Starter,Ty Montgomery II,NE,WR|RB|W/R/T
14,12.5,Reserve/PUP List,Starter,Pittsburgh Steelers,Pit,DEF
15,10.22,Reserve/PUP List,Starter,Matthew Stafford,LAR,QB
15,10.75,Reserve/PUP List,Starter,Doug Baldwin,Sea,WR|W/R/T
15,1.8,Reserve/PUP List,Starter,Stefon Diggs,NE,WR|W/R/T
15,3.8,Reserve/PUP List,Starter,Rashad Jennings,NYG,RB|W/R/T
15,28.8,Reserve/PUP List,Starter,Ty Montgomery II,NE,WR|RB|W/R/T
15,0.85,Reserve/PUP List,Starter,Jordan Reed,SF,TE|W/R/T
15,12.8,Reserve/PUP List,Starter,Tyreek Hill,Mia,WR|W/R/T
15,21.55,Reserve/PUP List,Non-Starter,Ryan Mathews,Phi,RB|W/R/T
15,0.0,Reserve/PUP List,Non-Starter,Wendell Smallwood,Jax,RB|W/R/T
15,0.0,Reserve/PUP List,Non-Starter,C.J. Fiedorowicz,Hou,TE|W/R/T
15,0.0,Reserve/PUP List,Non-Starter,Darren Sproles,Phi,RB|W/R/T
15,9.55,Reserve/PUP List,Non-Starter,Pierre Garcon,SF,WR|W/R/T
15,6.5,Reserve/PUP List,Starter,Pittsburgh Steelers,Pit,DEF
1,31.42,Gurls gone Wild,Starter,Drew Brees,NO,QB
1,13.9,Gurls gone Wild,Starter,Donte Moncrief,Hou,WR|W/R/T
1,2.3,Gurls gone Wild,Starter,Vincent Jackson,TB,WR|W/R/T
1,4.45,Gurls gone Wild,Starter,Todd Gurley,Atl,RB|W/R/T
1,12.7,Gurls gone Wild,Starter,Lamar Miller,NO,RB|W/R/T
1,2.15,Gurls gone Wild,Starter,Martellus Bennett,GB,TE|W/R/T
1,25.45,Gurls gone Wild,Starter,Willie Snead IV,Mia,WR|W/R/T
1,7.3,Gurls gone Wild,Non-Starter,Zach Ertz,Was,TE|W/R/T
1,9.96,Gurls gone Wild,Non-Starter,Kirk Cousins,Atl,QB
1,0.0,Gurls gone Wild,Non-Starter,Laquon Treadwell,Ind,WR|W/R/T
1,7.3,Gurls gone Wild,Non-Starter,Michael Thomas,NO,WR|W/R/T
1,0.0,Gurls gone Wild,Non-Starter,Markus Wheaton,Phi,WR|W/R/T
1,8.0,Gurls gone Wild,Starter,Cincinnati Bengals,Cin,DEF
2,14.52,Gurls gone Wild,Starter,Drew Brees,NO,QB
2,1.15,Gurls gone Wild,Starter,Donte Moncrief,Hou,WR|W/R/T
2,12.65,Gurls gone Wild,Starter,Willie Snead IV,Mia,WR|W/R/T
2,7.25,Gurls gone Wild,Starter,Todd Gurley,Atl,RB|W/R/T
2,10.2,Gurls gone Wild,Starter,Lamar Miller,NO,RB|W/R/T
2,18.65,Gurls gone Wild,Starter,Martellus Bennett,GB,TE|W/R/T
2,0.0,Gurls gone Wild,Starter,Markus Wheaton,Phi,WR|W/R/T
2,5.4,Gurls gone Wild,Non-Starter,Vincent Jackson,TB,WR|W/R/T
2,6.6,Gurls gone Wild,Non-Starter,Michael Thomas,NO,WR|W/R/T
2,0.0,Gurls gone Wild,Non-Starter,Zach Ertz,Was,TE|W/R/T
2,18.56,Gurls gone Wild,Non-Starter,Kirk Cousins,Atl,QB
2,2.95,Gurls gone Wild,Non-Starter,Jalen Richard,LV,RB|W/R/T
2,9.5,Gurls gone Wild,Starter,Cincinnati Bengals,Cin,DEF
3,23.94,Gurls gone Wild,Starter,Drew Brees,NO,QB
3,0.0,Gurls gone Wild,Starter,Willie Snead IV,Mia,WR|W/R/T
3,0.45,Gurls gone Wild,Starter,Markus Wheaton,Phi,WR|W/R/T
3,20.25,Gurls gone Wild,Starter,Todd Gurley,Atl,RB|W/R/T
3,11.7,Gurls gone Wild,Starter,Lamar Miller,NO,RB|W/R/T
3,2.1,Gurls gone Wild,Starter,Martellus Bennett,GB,TE|W/R/T
3,6.85,Gurls gone Wild,Starter,Fozzy Whittaker,Car,RB|W/R/T
3,4.45,Gurls gone Wild,Non-Starter,Vincent Jackson,TB,WR|W/R/T
3,0.0,Gurls gone Wild,Non-Starter,Donte Moncrief,Hou,WR|W/R/T
3,14.85,Gurls gone Wild,Non-Starter,Michael Thomas,NO,WR|W/R/T
3,0.0,Gurls gone Wild,Non-Starter,Zach Ertz,Was,TE|W/R/T
3,19.34,Gurls gone Wild,Non-Starter,Kirk Cousins,Atl,QB
3,9.5,Gurls gone Wild,Starter,Cincinnati Bengals,Cin,DEF
4,17.32,Gurls gone Wild,Starter,Kirk Cousins,Atl,QB
4,2.55,Gurls gone Wild,Starter,Willie Snead IV,Mia,WR|W/R/T
4,11.25,Gurls gone Wild,Starter,Markus Wheaton,Phi,WR|W/R/T
4,9.45,Gurls gone Wild,Starter,Todd Gurley,Atl,RB|W/R/T
4,11.55,Gurls gone Wild,Starter,Lamar Miller,NO,RB|W/R/T
4,12.15,Gurls gone Wild,Starter,Martellus Bennett,GB,TE|W/R/T
4,11.4,Gurls gone Wild,Starter,Michael Thomas,NO,WR|W/R/T
4,11.88,Gurls gone Wild,Non-Starter,Drew Brees,NO,QB
4,11.45,Gurls gone Wild,Non-Starter,Fozzy Whittaker,Car,RB|W/R/T
4,4.55,Gurls gone Wild,Non-Starter,Vincent Jackson,TB,WR|W/R/T
4,0.0,Gurls gone Wild,Non-Starter,Donte Moncrief,Hou,WR|W/R/T
4,0.0,Gurls gone Wild,Non-Starter,Zach Ertz,Was,TE|W/R/T
4,17.0,Gurls gone Wild,Starter,Cincinnati Bengals,Cin,DEF
5,12.3,Gurls gone Wild,Starter,Kirk Cousins,Atl,QB
5,2.4,Gurls gone Wild,Starter,Markus Wheaton,Phi,WR|W/R/T
5,4.35,Gurls gone Wild,Starter,Vincent Jackson,TB,WR|W/R/T
5,15.55,Gurls gone Wild,Starter,Todd Gurley,Atl,RB|W/R/T
5,2.65,Gurls gone Wild,Starter,Lamar Miller,NO,RB|W/R/T
5,26.2,Gurls gone Wild,Starter,Martellus Bennett,GB,TE|W/R/T
5,4.45,Gurls gone Wild,Starter,Zach Ertz,Was,TE|W/R/T
5,5.65,Gurls gone Wild,Non-Starter,Fozzy Whittaker,Car,RB|W/R/T
5,0.0,Gurls gone Wild,Non-Starter,Michael Thomas,NO,WR|W/R/T
5,0.0,Gurls gone Wild,Non-Starter,Willie Snead IV,Mia,WR|W/R/T
5,0.0,Gurls gone Wild,Non-Starter,Drew Brees,NO,QB
5,0.0,Gurls gone Wild,Non-Starter,Donte Moncrief,Hou,WR|W/R/T
5,3.5,Gurls gone Wild,Starter,Cincinnati Bengals,Cin,DEF
6,32.6,Gurls gone Wild,Starter,Drew Brees,NO,QB
6,5.7,Gurls gone Wild,Starter,Willie Snead IV,Mia,WR|W/R/T
6,15.05,Gurls gone Wild,Starter,Michael Thomas,NO,WR|W/R/T
6,10.7,Gurls gone Wild,Starter,Todd Gurley,Atl,RB|W/R/T
6,30.55,Gurls gone Wild,Starter,Lamar Miller,NO,RB|W/R/T
6,6.05,Gurls gone Wild,Starter,Martellus Bennett,GB,TE|W/R/T
6,2.45,Gurls gone Wild,Starter,Zach Ertz,Was,TE|W/R/T
6,0.0,Gurls gone Wild,Non-Starter,Markus Wheaton,Phi,WR|W/R/T
6,0.0,Gurls gone Wild,Non-Starter,Vincent Jackson,TB,WR|W/R/T
6,15.32,Gurls gone Wild,Non-Starter,Kirk Cousins,Atl,QB
6,0.55,Gurls gone Wild,Non-Starter,Fozzy Whittaker,Car,RB|W/R/T
6,0.0,Gurls gone Wild,Non-Starter,Donte Moncrief,Hou,WR|W/R/T
6,5.0,Gurls gone Wild,Starter,Cincinnati Bengals,Cin,DEF
7,22.68,Gurls gone Wild,Starter,Drew Brees,NO,QB
7,15.5,Gurls gone Wild,Starter,Michael Thomas,NO,WR|W/R/T
7,2.3,Gurls gone Wild,Starter,Terrelle Pryor,NYJ,WR|W/R/T
7,7.45,Gurls gone Wild,Starter,Lamar Miller,NO,RB|W/R/T
7,14.65,Gurls gone Wild,Starter,Isaiah Crowell,LV,RB|W/R/T
7,0.75,Gurls gone Wild,Starter,Martellus Bennett,GB,TE|W/R/T
7,1.65,Gurls gone Wild,Starter,Zach Ertz,Was,TE|W/R/T
7,21.54,Gurls gone Wild,Non-Starter,Kirk Cousins,Atl,QB
7,0.0,Gurls gone Wild,Non-Starter,Donte Moncrief,Hou,WR|W/R/T
7,5.05,Gurls gone Wild,Non-Starter,Kenny Britt,NE,WR|W/R/T
7,0.0,Gurls gone Wild,Non-Starter,Jonathan Stewart,NYG,RB|W/R/T
7,2.0,Gurls gone Wild,Non-Starter,Mike Gillislee,NO,RB|W/R/T
7,10.0,Gurls gone Wild,Starter,Cincinnati Bengals,Cin,DEF
8,20.7,Gurls gone Wild,Starter,Drew Brees,NO,QB
8,7.8,Gurls gone Wild,Starter,Michael Thomas,NO,WR|W/R/T
8,13.6,Gurls gone Wild,Starter,Terrelle Pryor,NYJ,WR|W/R/T
8,12.8,Gurls gone Wild,Starter,Lamar Miller,NO,RB|W/R/T
8,12.8,Gurls gone Wild,Starter,Isaiah Crowell,LV,RB|W/R/T
8,4.5,Gurls gone Wild,Starter,Martellus Bennett,GB,TE|W/R/T
8,2.9,Gurls gone Wild,Starter,Zach Ertz,Was,TE|W/R/T
8,24.22,Gurls gone Wild,Non-Starter,Kirk Cousins,Atl,QB
8,11.0,Gurls gone Wild,Non-Starter,Donte Moncrief,Hou,WR|W/R/T
8,0.0,Gurls gone Wild,Non-Starter,Kenny Britt,NE,WR|W/R/T
8,22.25,Gurls gone Wild,Non-Starter,Jonathan Stewart,NYG,RB|W/R/T
8,16.15,Gurls gone Wild,Non-Starter,Mike Gillislee,NO,RB|W/R/T
8,6.0,Gurls gone Wild,Starter,Cincinnati Bengals,Cin,DEF
9,24.72,Gurls gone Wild,Starter,Drew Brees,NO,QB
9,20.55,Gurls gone Wild,Starter,Michael Thomas,NO,WR|W/R/T
9,11.95,Gurls gone Wild,Starter,Terrelle Pryor,NYJ,WR|W/R/T
9,7.7,Gurls gone Wild,Starter,Isaiah Crowell,LV,RB|W/R/T
9,4.2,Gurls gone Wild,Starter,Jonathan Stewart,NYG,RB|W/R/T
9,11.7,Gurls gone Wild,Starter,Zach Ertz,Was,TE|W/R/T
9,12.25,Gurls gone Wild,Starter,Donte Moncrief,Hou,WR|W/R/T
9,0.0,Gurls gone Wild,Non-Starter,Martellus Bennett,GB,TE|W/R/T
9,0.0,Gurls gone Wild,Non-Starter,Lamar Miller,NO,RB|W/R/T
9,0.0,Gurls gone Wild,Non-Starter,Kirk Cousins,Atl,QB
9,11.9,Gurls gone Wild,Non-Starter,Kenny Britt,NE,WR|W/R/T
9,7.5,Gurls gone Wild,Starter,Atlanta Falcons,Atl,DEF
9,0.0,Gurls gone Wild,Non-Starter,Cincinnati Bengals,Cin,DEF
10,21.02,Gurls gone Wild,Starter,Drew Brees,NO,QB
10,1.0,Gurls gone Wild,Starter,Michael Thomas,NO,WR|W/R/T
10,6.05,Gurls gone Wild,Starter,Terrelle Pryor,NYJ,WR|W/R/T
10,6.05,Gurls gone Wild,Starter,Isaiah Crowell,LV,RB|W/R/T
10,3.9,Gurls gone Wild,Starter,Jonathan Stewart,NYG,RB|W/R/T
10,7.0,Gurls gone Wild,Starter,Zach Ertz,Was,TE|W/R/T
10,8.3,Gurls gone Wild,Starter,Lamar Miller,NO,RB|W/R/T
10,0.0,Gurls gone Wild,Non-Starter,Donte Moncrief,Hou,WR|W/R/T
10,18.38,Gurls gone Wild,Non-Starter,Kirk Cousins,Atl,QB
10,12.65,Gurls gone Wild,Non-Starter,Kenny Britt,NE,WR|W/R/T
10,0.0,Gurls gone Wild,Non-Starter,Robert Woods,Pit,WR|W/R/T
10,7.0,Gurls gone Wild,Starter,Atlanta Falcons,Atl,DEF
10,7.0,Gurls gone Wild,Non-Starter,Cincinnati Bengals,Cin,DEF
11,15.4,Gurls gone Wild,Starter,Drew Brees,NO,QB
11,10.7,Gurls gone Wild,Starter,Donte Moncrief,Hou,WR|W/R/T
11,8.05,Gurls gone Wild,Starter,Michael Thomas,NO,WR|W/R/T
11,3.55,Gurls gone Wild,Starter,Isaiah Crowell,LV,RB|W/R/T
11,10.15,Gurls gone Wild,Starter,Jonathan Stewart,NYG,RB|W/R/T
11,0.75,Gurls gone Wild,Starter,Jesse James,LV,TE|W/R/T
11,17.8,Gurls gone Wild,Starter,Lamar Miller,NO,RB|W/R/T
11,11.0,Gurls gone Wild,Non-Starter,Zach Ertz,Was,TE|W/R/T
11,10.95,Gurls gone Wild,Non-Starter,Terrelle Pryor,NYJ,WR|W/R/T
11,27.4,Gurls gone Wild,Non-Starter,Kirk Cousins,Atl,QB
11,5.55,Gurls gone Wild,Non-Starter,Kenny Britt,NE,WR|W/R/T
11,7.5,Gurls gone Wild,Starter,Cincinnati Bengals,Cin,DEF
11,0.0,Gurls gone Wild,Non-Starter,Atlanta Falcons,Atl,DEF
12,32.5,Gurls gone Wild,Starter,Drew Brees,NO,QB
12,12.0,Gurls gone Wild,Starter,Donte Moncrief,Hou,WR|W/R/T
12,25.05,Gurls gone Wild,Starter,Michael Thomas,NO,WR|W/R/T
12,8.6,Gurls gone Wild,Starter,Isaiah Crowell,LV,RB|W/R/T
12,21.6,Gurls gone Wild,Starter,Jonathan Stewart,NYG,RB|W/R/T
12,4.35,Gurls gone Wild,Starter,Zach Ertz,Was,TE|W/R/T
12,6.25,Gurls gone Wild,Starter,Lamar Miller,NO,RB|W/R/T
12,0.0,Gurls gone Wild,Non-Starter,Jesse James,LV,TE|W/R/T
12,14.6,Gurls gone Wild,Non-Starter,Terrelle Pryor,NYJ,WR|W/R/T
12,30.16,Gurls gone Wild,Non-Starter,Kirk Cousins,Atl,QB
12,12.45,Gurls gone Wild,Non-Starter,Kenny Britt,NE,WR|W/R/T
12,8.5,Gurls gone Wild,Starter,Atlanta Falcons,Atl,DEF
12,12.0,Gurls gone Wild,Non-Starter,Cincinnati Bengals,Cin,DEF
13,7.04,Gurls gone Wild,Starter,Drew Brees,NO,QB
13,9.6,Gurls gone Wild,Starter,Donte Moncrief,Hou,WR|W/R/T
13,5.2,Gurls gone Wild,Starter,Michael Thomas,NO,WR|W/R/T
13,3.55,Gurls gone Wild,Starter,Jonathan Stewart,NYG,RB|W/R/T
13,2.05,Gurls gone Wild,Starter,Lamar Miller,NO,RB|W/R/T
13,16.15,Gurls gone Wild,Starter,Zach Ertz,Was,TE|W/R/T
13,13.2,Gurls gone Wild,Starter,Kenny Britt,NE,WR|W/R/T
13,0.0,Gurls gone Wild,Non-Starter,Isaiah Crowell,LV,RB|W/R/T
13,3.95,Gurls gone Wild,Non-Starter,Jesse James,LV,TE|W/R/T
13,0.0,Gurls gone Wild,Non-Starter,Terrelle Pryor,NYJ,WR|W/R/T
13,16.84,Gurls gone Wild,Non-Starter,Kirk Cousins,Atl,QB
13,6.5,Gurls gone Wild,Starter,Atlanta Falcons,Atl,DEF
13,9.0,Gurls gone Wild,Non-Starter,Cincinnati Bengals,Cin,DEF
1,35.5,Chili Con Cussion,Starter,Andrew Luck,Ind,QB
1,8.7,Chili Con Cussion,Starter,Allen Robinson,Det,WR|W/R/T
1,5.3,Chili Con Cussion,Starter,Sammy Watkins,Bal,WR|W/R/T
1,14.0,Chili Con Cussion,Starter,LeSean McCoy,TB,RB|W/R/T
1,13.45,Chili Con Cussion,Starter,Latavius Murray,Buf,RB|W/R/T
1,0.95,Chili Con Cussion,Starter,Jared Cook,LAC,TE|W/R/T
1,7.4,Chili Con Cussion,Starter,Corey Coleman,KC,WR|W/R/T
1,9.5,Chili Con Cussion,Non-Starter,Marvin Jones,Det,WR|W/R/T
1,11.05,Chili Con Cussion,Non-Starter,Sterling Shepard,TB,WR|W/R/T
1,5.3,Chili Con Cussion,Non-Starter,Bilal Powell,NYJ,RB|W/R/T
1,1.55,Chili Con Cussion,Non-Starter,James Starks,GB,RB|W/R/T
1,1.35,Chili Con Cussion,Non-Starter,C.J. Prosise,Hou,RB|W/R/T
1,13.5,Chili Con Cussion,Starter,Houston Texans,Hou,DEF
2,8.08,Chili Con Cussion,Starter,Andrew Luck,Ind,QB
2,6.15,Chili Con Cussion,Starter,Allen Robinson,Det,WR|W/R/T
2,2.5,Chili Con Cussion,Starter,Sammy Watkins,Bal,WR|W/R/T
2,10.0,Chili Con Cussion,Starter,LeSean McCoy,TB,RB|W/R/T
2,17.6,Chili Con Cussion,Starter,Latavius Murray,Buf,RB|W/R/T
2,4.1,Chili Con Cussion,Starter,Jared Cook,LAC,TE|W/R/T
2,13.8,Chili Con Cussion,Starter,Marvin Jones,Det,WR|W/R/T
2,23.65,Chili Con Cussion,Non-Starter,Corey Coleman,KC,WR|W/R/T
2,13.7,Chili Con Cussion,Non-Starter,Sterling Shepard,TB,WR|W/R/T
2,0.55,Chili Con Cussion,Non-Starter,Bilal Powell,NYJ,RB|W/R/T
2,2.15,Chili Con Cussion,Non-Starter,James Starks,GB,RB|W/R/T
2,0.0,Chili Con Cussion,Non-Starter,C.J. Prosise,Hou,RB|W/R/T
2,18.5,Chili Con Cussion,Starter,Houston Texans,Hou,DEF
3,13.24,Chili Con Cussion,Starter,Andrew Luck,Ind,QB
3,19.45,Chili Con Cussion,Starter,Allen Robinson,Det,WR|W/R/T
3,0.0,Chili Con Cussion,Starter,Sammy Watkins,Bal,WR|W/R/T
3,24.35,Chili Con Cussion,Starter,LeSean McCoy,TB,RB|W/R/T
3,10.05,Chili Con Cussion,Starter,Latavius Murray,Buf,RB|W/R/T
3,21.8,Chili Con Cussion,Starter,Zach Miller,Chi,TE|W/R/T
3,34.0,Chili Con Cussion,Starter,Marvin Jones,Det,WR|W/R/T
3,0.0,Chili Con Cussion,Non-Starter,Corey Coleman,KC,WR|W/R/T
3,14.55,Chili Con Cussion,Non-Starter,Sterling Shepard,TB,WR|W/R/T
3,6.6,Chili Con Cussion,Non-Starter,Bilal Powell,NYJ,RB|W/R/T
3,1.05,Chili Con Cussion,Non-Starter,James Starks,GB,RB|W/R/T
3,0.0,Chili Con Cussion,Non-Starter,C.J. Prosise,Hou,RB|W/R/T
3,4.5,Chili Con Cussion,Starter,Houston Texans,Hou,DEF
4,17.66,Chili Con Cussion,Starter,Andrew Luck,Ind,QB
4,4.0,Chili Con Cussion,Starter,Sterling Shepard,TB,WR|W/R/T
4,12.75,Chili Con Cussion,Starter,Allen Robinson,Det,WR|W/R/T
4,18.3,Chili Con Cussion,Starter,LeSean McCoy,TB,RB|W/R/T
4,2.9,Chili Con Cussion,Starter,Latavius Murray,Buf,RB|W/R/T
4,9.85,Chili Con Cussion,Starter,Zach Miller,Chi,TE|W/R/T
4,8.65,Chili Con Cussion,Starter,Marvin Jones,Det,WR|W/R/T
4,0.0,Chili Con Cussion,Non-Starter,Corey Coleman,KC,WR|W/R/T
4,0.0,Chili Con Cussion,Non-Starter,Sammy Watkins,Bal,WR|W/R/T
4,9.5,Chili Con Cussion,Non-Starter,Bilal Powell,NYJ,RB|W/R/T
4,0.0,Chili Con Cussion,Non-Starter,James Starks,GB,RB|W/R/T
4,0.0,Chili Con Cussion,Non-Starter,C.J. Prosise,Hou,RB|W/R/T
4,13.0,Chili Con Cussion,Starter,Houston Texans,Hou,DEF
5,22.18,Chili Con Cussion,Starter,Andrew Luck,Ind,QB
5,1.9,Chili Con Cussion,Starter,Sterling Shepard,TB,WR|W/R/T
5,10.7,Chili Con Cussion,Starter,Marvin Jones,Det,WR|W/R/T
5,16.3,Chili Con Cussion,Starter,LeSean McCoy,TB,RB|W/R/T
5,6.6,Chili Con Cussion,Starter,Bilal Powell,NYJ,RB|W/R/T
5,9.05,Chili Con Cussion,Starter,Zach Miller,Chi,TE|W/R/T
5,5.95,Chili Con Cussion,Starter,James Starks,GB,RB|W/R/T
5,0.0,Chili Con Cussion,Non-Starter,Latavius Murray,Buf,RB|W/R/T
5,0.0,Chili Con Cussion,Non-Starter,Allen Robinson,Det,WR|W/R/T
5,0.0,Chili Con Cussion,Non-Starter,Corey Coleman,KC,WR|W/R/T
5,0.0,Chili Con Cussion,Non-Starter,Sammy Watkins,Bal,WR|W/R/T
5,0.0,Chili Con Cussion,Non-Starter,C.J. Prosise,Hou,RB|W/R/T
5,5.5,Chili Con Cussion,Starter,Houston Texans,Hou,DEF
6,23.38,Chili Con Cussion,Starter,Andrew Luck,Ind,QB
6,3.5,Chili Con Cussion,Starter,Sterling Shepard,TB,WR|W/R/T
6,7.8,Chili Con Cussion,Starter,Marvin Jones,Det,WR|W/R/T
6,32.45,Chili Con Cussion,Starter,LeSean McCoy,TB,RB|W/R/T
6,2.95,Chili Con Cussion,Starter,Bilal Powell,NYJ,RB|W/R/T
6,5.1,Chili Con Cussion,Starter,Zach Miller,Chi,TE|W/R/T
6,5.65,Chili Con Cussion,Starter,Allen Robinson,Det,WR|W/R/T
6,0.0,Chili Con Cussion,Non-Starter,Latavius Murray,Buf,RB|W/R/T
6,0.0,Chili Con Cussion,Non-Starter,James Starks,GB,RB|W/R/T
6,0.0,Chili Con Cussion,Non-Starter,Corey Coleman,KC,WR|W/R/T
6,0.0,Chili Con Cussion,Non-Starter,Sammy Watkins,Bal,WR|W/R/T
6,0.0,Chili Con Cussion,Non-Starter,C.J. Prosise,Hou,RB|W/R/T
6,9.0,Chili Con Cussion,Starter,Houston Texans,Hou,DEF
7,27.82,Chili Con Cussion,Starter,Andrew Luck,Ind,QB
7,4.45,Chili Con Cussion,Starter,Sterling Shepard,TB,WR|W/R/T
7,10.4,Chili Con Cussion,Starter,Marvin Jones,Det,WR|W/R/T
7,18.8,Chili Con Cussion,Starter,Latavius Murray,Buf,RB|W/R/T
7,1.1,Chili Con Cussion,Starter,LeSean McCoy,TB,RB|W/R/T
7,4.5,Chili Con Cussion,Starter,Zach Miller,Chi,TE|W/R/T
7,1.4,Chili Con Cussion,Starter,Allen Robinson,Det,WR|W/R/T
7,1.8,Chili Con Cussion,Non-Starter,Bilal Powell,NYJ,RB|W/R/T
7,0.0,Chili Con Cussion,Non-Starter,James Starks,GB,RB|W/R/T
7,0.0,Chili Con Cussion,Non-Starter,Corey Coleman,KC,WR|W/R/T
7,0.0,Chili Con Cussion,Non-Starter,Sammy Watkins,Bal,WR|W/R/T
7,2.2,Chili Con Cussion,Non-Starter,C.J. Prosise,Hou,RB|W/R/T
7,2.5,Chili Con Cussion,Starter,Houston Texans,Hou,DEF
8,18.4,Chili Con Cussion,Starter,Andrew Luck,Ind,QB
8,4.05,Chili Con Cussion,Starter,Marvin Jones,Det,WR|W/R/T
8,6.55,Chili Con Cussion,Starter,Adam Humphries,Was,WR|W/R/T
8,8.35,Chili Con Cussion,Starter,Latavius Murray,Buf,RB|W/R/T
8,14.15,Chili Con Cussion,Starter,Bilal Powell,NYJ,RB|W/R/T
8,10.55,Chili Con Cussion,Starter,Zach Miller,Chi,TE|W/R/T
8,8.5,Chili Con Cussion,Starter,Allen Robinson,Det,WR|W/R/T
8,0.0,Chili Con Cussion,Non-Starter,LeSean McCoy,TB,RB|W/R/T
8,0.0,Chili Con Cussion,Non-Starter,Sterling Shepard,TB,WR|W/R/T
8,0.0,Chili Con Cussion,Non-Starter,James Starks,GB,RB|W/R/T
8,0.0,Chili Con Cussion,Non-Starter,Corey Coleman,KC,WR|W/R/T
8,0.0,Chili Con Cussion,Non-Starter,Sammy Watkins,Bal,WR|W/R/T
8,7.5,Chili Con Cussion,Starter,Houston Texans,Hou,DEF
9,12.74,Chili Con Cussion,Starter,Andrew Luck,Ind,QB
9,11.85,Chili Con Cussion,Starter,Adam Humphries,Was,WR|W/R/T
9,15.35,Chili Con Cussion,Starter,Allen Robinson,Det,WR|W/R/T
9,30.95,Chili Con Cussion,Starter,Latavius Murray,Buf,RB|W/R/T
9,13.0,Chili Con Cussion,Starter,LeSean McCoy,TB,RB|W/R/T
9,11.35,Chili Con Cussion,Starter,Austin Hooper,NE,TE|W/R/T
9,0.75,Chili Con Cussion,Starter,Marvin Jones,Det,WR|W/R/T
9,0.0,Chili Con Cussion,Non-Starter,Zach Miller,Chi,TE|W/R/T
9,6.1,Chili Con Cussion,Non-Starter,Bilal Powell,NYJ,RB|W/R/T
9,11.75,Chili Con Cussion,Non-Starter,Sterling Shepard,TB,WR|W/R/T
9,4.85,Chili Con Cussion,Non-Starter,Corey Coleman,KC,WR|W/R/T
9,0.0,Chili Con Cussion,Non-Starter,Sammy Watkins,Bal,WR|W/R/T
9,18.0,Chili Con Cussion,Starter,Los Angeles,LAC,DEF
10,3.98,Chili Con Cussion,Starter,Jay Cutler,Mia,QB
10,20.95,Chili Con Cussion,Starter,Allen Robinson,Det,WR|W/R/T
10,2.45,Chili Con Cussion,Starter,Corey Coleman,KC,WR|W/R/T
10,16.65,Chili Con Cussion,Starter,Bilal Powell,NYJ,RB|W/R/T
10,-0.1,Chili Con Cussion,Starter,Andre Ellington,Hou,RB|W/R/T
10,4.2,Chili Con Cussion,Starter,Zach Miller,Chi,TE|W/R/T
10,11.45,Chili Con Cussion,Starter,Sterling Shepard,TB,WR|W/R/T
10,0.0,Chili Con Cussion,Non-Starter,LeSean McCoy,TB,RB|W/R/T
10,0.0,Chili Con Cussion,Non-Starter,Andrew Luck,Ind,QB
10,0.0,Chili Con Cussion,Non-Starter,Latavius Murray,Buf,RB|W/R/T
10,0.0,Chili Con Cussion,Non-Starter,Marvin Jones,Det,WR|W/R/T
10,0.0,Chili Con Cussion,Non-Starter,Sammy Watkins,Bal,WR|W/R/T
10,9.0,Chili Con Cussion,Starter,Los Angeles,LAC,DEF
11,18.68,Chili Con Cussion,Starter,Andrew Luck,Ind,QB
11,8.55,Chili Con Cussion,Starter,Allen Robinson,Det,WR|W/R/T
11,4.9,Chili Con Cussion,Starter,Corey Coleman,KC,WR|W/R/T
11,11.0,Chili Con Cussion,Starter,LeSean McCoy,TB,RB|W/R/T
11,10.45,Chili Con Cussion,Starter,Latavius Murray,Buf,RB|W/R/T
11,12.85,Chili Con Cussion,Starter,Zach Miller,Chi,TE|W/R/T
11,1.75,Chili Con Cussion,Starter,Marvin Jones,Det,WR|W/R/T
11,12.25,Chili Con Cussion,Non-Starter,Sterling Shepard,TB,WR|W/R/T
11,2.55,Chili Con Cussion,Non-Starter,Andre Ellington,Hou,RB|W/R/T
11,0.0,Chili Con Cussion,Non-Starter,Bilal Powell,NYJ,RB|W/R/T
11,12.38,Chili Con Cussion,Non-Starter,Jay Cutler,Mia,QB
11,0.0,Chili Con Cussion,Non-Starter,Sammy Watkins,Bal,WR|W/R/T
11,11.0,Chili Con Cussion,Starter,New England Patriots,NE,DEF
12,17.46,Chili Con Cussion,Starter,Carson Wentz,Min,QB
12,2.9,Chili Con Cussion,Starter,Allen Robinson,Det,WR|W/R/T
12,10.55,Chili Con Cussion,Starter,Corey Coleman,KC,WR|W/R/T
12,27.9,Chili Con Cussion,Starter,LeSean McCoy,TB,RB|W/R/T
12,15.55,Chili Con Cussion,Starter,Latavius Murray,Buf,RB|W/R/T
12,4.15,Chili Con Cussion,Starter,Dennis Pitta,Bal,TE|W/R/T
12,2.2,Chili Con Cussion,Starter,Sterling Shepard,TB,WR|W/R/T
12,6.4,Chili Con Cussion,Non-Starter,Marvin Jones,Det,WR|W/R/T
12,0.0,Chili Con Cussion,Non-Starter,Andrew Luck,Ind,QB
12,2.4,Chili Con Cussion,Non-Starter,Andre Ellington,Hou,RB|W/R/T
12,4.55,Chili Con Cussion,Non-Starter,Bilal Powell,NYJ,RB|W/R/T
12,8.75,Chili Con Cussion,Non-Starter,Sammy Watkins,Bal,WR|W/R/T
12,9.5,Chili Con Cussion,Starter,New England Patriots,NE,DEF
13,29.72,Chili Con Cussion,Starter,Andrew Luck,Ind,QB
13,3.85,Chili Con Cussion,Starter,Allen Robinson,Det,WR|W/R/T
13,4.55,Chili Con Cussion,Starter,Sammy Watkins,Bal,WR|W/R/T
13,20.85,Chili Con Cussion,Starter,LeSean McCoy,TB,RB|W/R/T
13,23.25,Chili Con Cussion,Starter,Latavius Murray,Buf,RB|W/R/T
13,21.25,Chili Con Cussion,Starter,Dennis Pitta,Bal,TE|W/R/T
13,9.1,Chili Con Cussion,Starter,Sterling Shepard,TB,WR|W/R/T
13,0.0,Chili Con Cussion,Non-Starter,Marvin Jones,Det,WR|W/R/T
13,0.0,Chili Con Cussion,Non-Starter,Corey Coleman,KC,WR|W/R/T
13,12.87,Chili Con Cussion,Non-Starter,Carson Wentz,Min,QB
13,1.75,Chili Con Cussion,Non-Starter,Andre Ellington,Hou,RB|W/R/T
13,0.3,Chili Con Cussion,Non-Starter,Bilal Powell,NYJ,RB|W/R/T
13,17.5,Chili Con Cussion,Starter,New England Patriots,NE,DEF
14,16.24,Chili Con Cussion,Starter,Andrew Luck,Ind,QB
14,1.95,Chili Con Cussion,Starter,Allen Robinson,Det,WR|W/R/T
14,12.4,Chili Con Cussion,Starter,Sammy Watkins,Bal,WR|W/R/T
14,18.3,Chili Con Cussion,Starter,LeSean McCoy,TB,RB|W/R/T
14,16.3,Chili Con Cussion,Starter,Latavius Murray,Buf,RB|W/R/T
14,2.8,Chili Con Cussion,Starter,Dennis Pitta,Bal,TE|W/R/T
14,4.65,Chili Con Cussion,Starter,Sterling Shepard,TB,WR|W/R/T
14,7.7,Chili Con Cussion,Non-Starter,Marvin Jones,Det,WR|W/R/T
14,3.45,Chili Con Cussion,Non-Starter,Corey Coleman,KC,WR|W/R/T
14,13.06,Chili Con Cussion,Non-Starter,Carson Wentz,Min,QB
14,0.0,Chili Con Cussion,Non-Starter,Andre Ellington,Hou,RB|W/R/T
14,31.15,Chili Con Cussion,Non-Starter,Bilal Powell,NYJ,RB|W/R/T
14,10.5,Chili Con Cussion,Starter,New England Patriots,NE,DEF
15,18.8,Chili Con Cussion,Starter,Andrew Luck,Ind,QB
15,2.0,Chili Con Cussion,Starter,Allen Robinson,Det,WR|W/R/T
15,1.25,Chili Con Cussion,Starter,Sammy Watkins,Bal,WR|W/R/T
15,29.65,Chili Con Cussion,Starter,LeSean McCoy,TB,RB|W/R/T
15,7.45,Chili Con Cussion,Starter,Latavius Murray,Buf,RB|W/R/T
15,2.1,Chili Con Cussion,Starter,Dennis Pitta,Bal,TE|W/R/T
15,12.6,Chili Con Cussion,Starter,Sterling Shepard,TB,WR|W/R/T
15,4.85,Chili Con Cussion,Non-Starter,Marvin Jones,Det,WR|W/R/T
15,3.15,Chili Con Cussion,Non-Starter,Corey Coleman,KC,WR|W/R/T
15,11.6,Chili Con Cussion,Non-Starter,Carson Wentz,Min,QB
15,1.15,Chili Con Cussion,Non-Starter,Andre Ellington,Hou,RB|W/R/T
15,18.95,Chili Con Cussion,Non-Starter,Bilal Powell,NYJ,RB|W/R/T
15,22.5,Chili Con Cussion,Starter,New England Patriots,NE,DEF
1,18.94,As the Crow Calls,Starter,Carson Palmer,Ari,QB
1,8.3,As the Crow Calls,Starter,Randall Cobb,NYJ,WR|W/R/T
1,13.45,As the Crow Calls,Starter,Jeremy Maclin,Bal,WR|W/R/T
1,11.45,As the Crow Calls,Starter,Ezekiel Elliott,Dal,RB|W/R/T
1,26.9,As the Crow Calls,Starter,C.J. Anderson,Det,RB|W/R/T
1,4.35,As the Crow Calls,Starter,Jesse James,LV,TE|W/R/T
1,6.85,As the Crow Calls,Starter,Michael Floyd,Was,WR|W/R/T
1,1.1,As the Crow Calls,Non-Starter,Jordan Cameron,Mia,TE|W/R/T
1,1.3,As the Crow Calls,Non-Starter,Andre Ellington,Hou,RB|W/R/T
1,3.5,As the Crow Calls,Non-Starter,Alfred Morris,NYG,RB|W/R/T
1,9.35,As the Crow Calls,Non-Starter,Tajae Sharpe,SF,WR|W/R/T
1,0.0,As the Crow Calls,Non-Starter,Rob Kelley,Was,RB|W/R/T
1,8.5,As the Crow Calls,Starter,Denver Broncos,Den,DEF
2,24.16,As the Crow Calls,Starter,Carson Palmer,Ari,QB
2,8.3,As the Crow Calls,Starter,Jeremy Maclin,Bal,WR|W/R/T
2,12.85,As the Crow Calls,Starter,Tyrell Williams,Det,WR|W/R/T
2,13.2,As the Crow Calls,Starter,Ezekiel Elliott,Dal,RB|W/R/T
2,16.05,As the Crow Calls,Starter,C.J. Anderson,Det,RB|W/R/T
2,9.65,As the Crow Calls,Starter,Jesse James,LV,TE|W/R/T
2,7.3,As the Crow Calls,Starter,Michael Floyd,Was,WR|W/R/T
2,5.55,As the Crow Calls,Non-Starter,Randall Cobb,NYJ,WR|W/R/T
2,6.7,As the Crow Calls,Non-Starter,Alfred Morris,NYG,RB|W/R/T
2,4.3,As the Crow Calls,Non-Starter,Tajae Sharpe,SF,WR|W/R/T
2,0.0,As the Crow Calls,Non-Starter,Rob Kelley,Was,RB|W/R/T
2,8.1,As the Crow Calls,Non-Starter,Victor Cruz,NYG,WR|W/R/T
2,24.5,As the Crow Calls,Starter,Denver Broncos,Den,DEF
3,3.48,As the Crow Calls,Starter,Carson Palmer,Ari,QB
3,8.4,As the Crow Calls,Starter,Tyrell Williams,Det,WR|W/R/T
3,7.5,As the Crow Calls,Starter,Michael Floyd,Was,WR|W/R/T
3,16.5,As the Crow Calls,Starter,Ezekiel Elliott,Dal,RB|W/R/T
3,4.35,As the Crow Calls,Starter,C.J. Anderson,Det,RB|W/R/T
3,1.5,As the Crow Calls,Starter,Jesse James,LV,TE|W/R/T
3,7.75,As the Crow Calls,Starter,Victor Cruz,NYG,WR|W/R/T
3,4.5,As the Crow Calls,Non-Starter,Jeremy Maclin,Bal,WR|W/R/T
3,3.55,As the Crow Calls,Non-Starter,Randall Cobb,NYJ,WR|W/R/T
3,8.35,As the Crow Calls,Non-Starter,Alfred Morris,NYG,RB|W/R/T
3,5.55,As the Crow Calls,Non-Starter,Tajae Sharpe,SF,WR|W/R/T
3,1.4,As the Crow Calls,Non-Starter,Dexter McCluster,LAC,RB|W/R/T
3,11.5,As the Crow Calls,Starter,Denver Broncos,Den,DEF
4,11.52,As the Crow Calls,Starter,Carson Palmer,Ari,QB
4,5.25,As the Crow Calls,Starter,Tyrell Williams,Det,WR|W/R/T
4,6.25,As the Crow Calls,Starter,Victor Cruz,NYG,WR|W/R/T
4,21.95,As the Crow Calls,Starter,Ezekiel Elliott,Dal,RB|W/R/T
4,11.45,As the Crow Calls,Starter,C.J. Anderson,Det,RB|W/R/T
4,8.0,As the Crow Calls,Starter,Jesse James,LV,TE|W/R/T
4,9.05,As the Crow Calls,Starter,Jeremy Maclin,Bal,WR|W/R/T
4,2.0,As the Crow Calls,Non-Starter,Tajae Sharpe,SF,WR|W/R/T
4,10.35,As the Crow Calls,Non-Starter,Michael Floyd,Was,WR|W/R/T
4,0.0,As the Crow Calls,Non-Starter,Randall Cobb,NYJ,WR|W/R/T
4,3.4,As the Crow Calls,Non-Starter,Alfred Morris,NYG,RB|W/R/T
4,1.6,As the Crow Calls,Non-Starter,Dexter McCluster,LAC,RB|W/R/T
4,19.0,As the Crow Calls,Starter,Denver Broncos,Den,DEF
5,16.92,As the Crow Calls,Starter,Carson Wentz,Min,QB
5,18.95,As the Crow Calls,Starter,Tyrell Williams,Det,WR|W/R/T
5,0.0,As the Crow Calls,Starter,Victor Cruz,NYG,WR|W/R/T
5,29.85,As the Crow Calls,Starter,Ezekiel Elliott,Dal,RB|W/R/T
5,6.95,As the Crow Calls,Starter,C.J. Anderson,Det,RB|W/R/T
5,11.8,As the Crow Calls,Starter,Jesse James,LV,TE|W/R/T
5,13.05,As the Crow Calls,Starter,Randall Cobb,NYJ,WR|W/R/T
5,6.05,As the Crow Calls,Non-Starter,Eddie Royal,Chi,WR|W/R/T
5,2.2,As the Crow Calls,Non-Starter,Tajae Sharpe,SF,WR|W/R/T
5,0.0,As the Crow Calls,Non-Starter,Carson Palmer,Ari,QB
5,0.0,As the Crow Calls,Non-Starter,Jeremy Maclin,Bal,WR|W/R/T
5,3.3,As the Crow Calls,Non-Starter,Alfred Morris,NYG,RB|W/R/T
5,6.0,As the Crow Calls,Starter,Denver Broncos,Den,DEF
6,12.42,As the Crow Calls,Starter,Carson Palmer,Ari,QB
6,5.65,As the Crow Calls,Starter,Jeremy Maclin,Bal,WR|W/R/T
6,14.05,As the Crow Calls,Starter,Cameron Meredith,NO,WR|W/R/T
6,17.9,As the Crow Calls,Starter,Ezekiel Elliott,Dal,RB|W/R/T
6,8.1,As the Crow Calls,Starter,C.J. Anderson,Det,RB|W/R/T
6,1.8,As the Crow Calls,Starter,Jesse James,LV,TE|W/R/T
6,3.55,As the Crow Calls,Starter,Tyrell Williams,Det,WR|W/R/T
6,7.36,As the Crow Calls,Non-Starter,Carson Wentz,Min,QB
6,0.1,As the Crow Calls,Non-Starter,Tajae Sharpe,SF,WR|W/R/T
6,13.05,As the Crow Calls,Non-Starter,Randall Cobb,NYJ,WR|W/R/T
6,0.2,As the Crow Calls,Non-Starter,Alfred Morris,NYG,RB|W/R/T
6,0.5,As the Crow Calls,Non-Starter,Justin Forsett,Det,RB|W/R/T
6,12.0,As the Crow Calls,Starter,Denver Broncos,Den,DEF
7,14.48,As the Crow Calls,Starter,Carson Palmer,Ari,QB
7,5.0,As the Crow Calls,Starter,Jeremy Maclin,Bal,WR|W/R/T
7,1.45,As the Crow Calls,Starter,Cameron Meredith,NO,WR|W/R/T
7,16.7,As the Crow Calls,Starter,C.J. Anderson,Det,RB|W/R/T
7,5.3,As the Crow Calls,Starter,Justin Forsett,Det,RB|W/R/T
7,2.3,As the Crow Calls,Starter,Jesse James,LV,TE|W/R/T
7,15.75,As the Crow Calls,Starter,Tyrell Williams,Det,WR|W/R/T
7,0.0,As the Crow Calls,Non-Starter,Ezekiel Elliott,Dal,RB|W/R/T
7,6.12,As the Crow Calls,Non-Starter,Carson Wentz,Min,QB
7,6.9,As the Crow Calls,Non-Starter,Tajae Sharpe,SF,WR|W/R/T
7,20.35,As the Crow Calls,Non-Starter,Randall Cobb,NYJ,WR|W/R/T
7,0.0,As the Crow Calls,Non-Starter,Alfred Morris,NYG,RB|W/R/T
7,11.0,As the Crow Calls,Starter,Denver Broncos,Den,DEF
8,22.52,As the Crow Calls,Starter,Carson Palmer,Ari,QB
8,11.05,As the Crow Calls,Starter,Jeremy Maclin,Bal,WR|W/R/T
8,0.0,As the Crow Calls,Starter,Randall Cobb,NYJ,WR|W/R/T
8,15.8,As the Crow Calls,Starter,Ezekiel Elliott,Dal,RB|W/R/T
8,8.3,As the Crow Calls,Starter,Matt Asiata,Min,RB|W/R/T
8,2.4,As the Crow Calls,Starter,Jacob Tamme,Atl,TE|W/R/T
8,0.65,As the Crow Calls,Starter,Tyrell Williams,Det,WR|W/R/T
8,0.0,As the Crow Calls,Non-Starter,C.J. Anderson,Det,RB|W/R/T
8,0.0,As the Crow Calls,Non-Starter,Jesse James,LV,TE|W/R/T
8,2.65,As the Crow Calls,Non-Starter,Cameron Meredith,NO,WR|W/R/T
8,0.0,As the Crow Calls,Non-Starter,Justin Forsett,Det,RB|W/R/T
8,0.6,As the Crow Calls,Non-Starter,Alfred Morris,NYG,RB|W/R/T
8,26.0,As the Crow Calls,Starter,Denver Broncos,Den,DEF
9,21.48,As the Crow Calls,Starter,Blake Bortles,GB,QB
9,1.35,As the Crow Calls,Starter,Kenny Stills,NO,WR|W/R/T
9,6.9,As the Crow Calls,Starter,Kendall Wright,Ari,WR|W/R/T
9,21.95,As the Crow Calls,Starter,Ezekiel Elliott,Dal,RB|W/R/T
9,4.6,As the Crow Calls,Starter,Matt Asiata,Min,RB|W/R/T
9,14.75,As the Crow Calls,Starter,Antonio Gates,LAC,TE|W/R/T
9,14.0,As the Crow Calls,Starter,Tyrell Williams,Det,WR|W/R/T
9,7.9,As the Crow Calls,Non-Starter,Randall Cobb,NYJ,WR|W/R/T
9,0.0,As the Crow Calls,Non-Starter,Jeremy Maclin,Bal,WR|W/R/T
9,0.0,As the Crow Calls,Non-Starter,Carson Palmer,Ari,QB
9,0.0,As the Crow Calls,Non-Starter,Justin Forsett,Det,RB|W/R/T
9,5.6,As the Crow Calls,Non-Starter,Alfred Morris,NYG,RB|W/R/T
9,3.5,As the Crow Calls,Starter,Denver Broncos,Den,DEF
10,14.64,As the Crow Calls,Starter,Carson Palmer,Ari,QB
10,4.1,As the Crow Calls,Starter,Randall Cobb,NYJ,WR|W/R/T
10,19.75,As the Crow Calls,Starter,Tyrell Williams,Det,WR|W/R/T
10,39.4,As the Crow Calls,Starter,Ezekiel Elliott,Dal,RB|W/R/T
10,2.2,As the Crow Calls,Starter,Kapri Bibbs,GB,RB|W/R/T
10,13.3,As the Crow Calls,Starter,Antonio Gates,LAC,TE|W/R/T
10,0.25,As the Crow Calls,Starter,Lance Kendricks,LAC,TE|W/R/T
10,7.3,As the Crow Calls,Non-Starter,Kendall Wright,Ari,WR|W/R/T
10,7.75,As the Crow Calls,Non-Starter,Matt Asiata,Min,RB|W/R/T
10,0.0,As the Crow Calls,Non-Starter,Jeremy Maclin,Bal,WR|W/R/T
10,2.15,As the Crow Calls,Non-Starter,Alfred Morris,NYG,RB|W/R/T
10,11.15,As the Crow Calls,Non-Starter,James Starks,GB,RB|W/R/T
10,15.0,As the Crow Calls,Starter,Denver Broncos,Den,DEF
11,11.02,As the Crow Calls,Starter,Carson Palmer,Ari,QB
11,9.15,As the Crow Calls,Starter,Randall Cobb,NYJ,WR|W/R/T
11,6.2,As the Crow Calls,Starter,Kendall Wright,Ari,WR|W/R/T
11,13.7,As the Crow Calls,Starter,Ezekiel Elliott,Dal,RB|W/R/T
11,14.35,As the Crow Calls,Starter,James Starks,GB,RB|W/R/T
11,0.0,As the Crow Calls,Starter,Vernon Davis,Was,TE|W/R/T
11,8.95,As the Crow Calls,Starter,Matt Asiata,Min,RB|W/R/T
11,0.0,As the Crow Calls,Non-Starter,Tyrell Williams,Det,WR|W/R/T
11,0.0,As the Crow Calls,Non-Starter,Antonio Gates,LAC,TE|W/R/T
11,0.0,As the Crow Calls,Non-Starter,Kapri Bibbs,GB,RB|W/R/T
11,0.3,As the Crow Calls,Non-Starter,Alfred Morris,NYG,RB|W/R/T
11,10.5,As the Crow Calls,Starter,Las Vegas Raiders,LV,DEF
11,0.0,As the Crow Calls,Non-Starter,Denver Broncos,Den,DEF
12,17.56,As the Crow Calls,Starter,Carson Palmer,Ari,QB
12,5.6,As the Crow Calls,Starter,Randall Cobb,NYJ,WR|W/R/T
12,15.0,As the Crow Calls,Starter,Tyrell Williams,Det,WR|W/R/T
12,24.5,As the Crow Calls,Starter,Ezekiel Elliott,Dal,RB|W/R/T
12,8.05,As the Crow Calls,Starter,James Starks,GB,RB|W/R/T
12,0.0,As the Crow Calls,Starter,Antonio Gates,LAC,TE|W/R/T
12,7.3,As the Crow Calls,Starter,Adam Thielen,Car,WR|W/R/T
12,10.85,As the Crow Calls,Non-Starter,Matt Asiata,Min,RB|W/R/T
12,0.0,As the Crow Calls,Non-Starter,Kendall Wright,Ari,WR|W/R/T
12,2.2,As the Crow Calls,Non-Starter,Kapri Bibbs,GB,RB|W/R/T
12,1.2,As the Crow Calls,Non-Starter,Alfred Morris,NYG,RB|W/R/T
12,15.5,As the Crow Calls,Starter,Las Vegas Raiders,LV,DEF
12,12.0,As the Crow Calls,Non-Starter,Denver Broncos,Den,DEF
13,2.16,As the Crow Calls,Starter,Colin Kaepernick,SF,QB
13,8.65,As the Crow Calls,Starter,Randall Cobb,NYJ,WR|W/R/T
13,11.4,As the Crow Calls,Starter,Dontrelle Inman,Was,WR|W/R/T
13,17.5,As the Crow Calls,Starter,Ezekiel Elliott,Dal,RB|W/R/T
13,0.1,As the Crow Calls,Starter,James Starks,GB,RB|W/R/T
13,4.7,As the Crow Calls,Starter,Antonio Gates,LAC,TE|W/R/T
13,5.65,As the Crow Calls,Starter,Taylor Gabriel,Chi,WR|W/R/T
13,11.2,As the Crow Calls,Non-Starter,Tyrell Williams,Det,WR|W/R/T
13,23.9,As the Crow Calls,Non-Starter,Carson Palmer,Ari,QB
13,2.95,As the Crow Calls,Non-Starter,Matt Asiata,Min,RB|W/R/T
13,4.9,As the Crow Calls,Non-Starter,Kapri Bibbs,GB,RB|W/R/T
13,1.1,As the Crow Calls,Non-Starter,Alfred Morris,NYG,RB|W/R/T
13,20.0,As the Crow Calls,Starter,Denver Broncos,Den,DEF
14,10.3,As the Crow Calls,Starter,Carson Palmer,Ari,QB
14,4.05,As the Crow Calls,Starter,Randall Cobb,NYJ,WR|W/R/T
14,14.6,As the Crow Calls,Starter,Dontrelle Inman,Was,WR|W/R/T
14,10.7,As the Crow Calls,Starter,Ezekiel Elliott,Dal,RB|W/R/T
14,0.3,As the Crow Calls,Starter,James Starks,GB,RB|W/R/T
14,7.35,As the Crow Calls,Starter,Antonio Gates,LAC,TE|W/R/T
14,14.95,As the Crow Calls,Starter,Taylor Gabriel,Chi,WR|W/R/T
14,7.3,As the Crow Calls,Non-Starter,Tyrell Williams,Det,WR|W/R/T
14,9.6,As the Crow Calls,Non-Starter,Matt Asiata,Min,RB|W/R/T
14,0.0,As the Crow Calls,Non-Starter,Alfred Morris,NYG,RB|W/R/T
14,2.25,As the Crow Calls,Non-Starter,Justin Forsett,Det,RB|W/R/T
14,5.75,As the Crow Calls,Non-Starter,Charles Sims,TB,RB|W/R/T
14,9.0,As the Crow Calls,Starter,Denver Broncos,Den,DEF
15,20.72,As the Crow Calls,Starter,Carson Palmer,Ari,QB
15,12.75,As the Crow Calls,Starter,Taylor Gabriel,Chi,WR|W/R/T
15,3.0,As the Crow Calls,Starter,Tyrell Williams,Det,WR|W/R/T
15,25.55,As the Crow Calls,Starter,Ezekiel Elliott,Dal,RB|W/R/T
15,2.25,As the Crow Calls,Starter,Matt Asiata,Min,RB|W/R/T
15,1.35,As the Crow Calls,Starter,Antonio Gates,LAC,TE|W/R/T
15,2.65,As the Crow Calls,Starter,Charles Sims,TB,RB|W/R/T
15,8.05,As the Crow Calls,Non-Starter,Dontrelle Inman,Was,WR|W/R/T
15,0.0,As the Crow Calls,Non-Starter,Randall Cobb,NYJ,WR|W/R/T
15,0.0,As the Crow Calls,Non-Starter,James Starks,GB,RB|W/R/T
15,0.0,As the Crow Calls,Non-Starter,Alfred Morris,NYG,RB|W/R/T
15,6.3,As the Crow Calls,Non-Starter,Justin Forsett,Det,RB|W/R/T
15,6.5,As the Crow Calls,Starter,Denver Broncos,Den,DEF
16,15.26,As the Crow Calls,Starter,Carson Palmer,Ari,QB
16,2.25,As the Crow Calls,Starter,Taylor Gabriel,Chi,WR|W/R/T
16,13.4,As the Crow Calls,Starter,Tyrell Williams,Det,WR|W/R/T
16,21.45,As the Crow Calls,Starter,Ezekiel Elliott,Dal,RB|W/R/T
16,7.1,As the Crow Calls,Starter,Justin Forsett,Det,RB|W/R/T
16,17.4,As the Crow Calls,Starter,Antonio Gates,LAC,TE|W/R/T
16,5.15,As the Crow Calls,Starter,Dontrelle Inman,Was,WR|W/R/T
16,5.2,As the Crow Calls,Non-Starter,Charles Sims,TB,RB|W/R/T
16,7.15,As the Crow Calls,Non-Starter,Matt Asiata,Min,RB|W/R/T
16,0.0,As the Crow Calls,Non-Starter,Randall Cobb,NYJ,WR|W/R/T
16,0.0,As the Crow Calls,Non-Starter,James Starks,GB,RB|W/R/T
16,0.0,As the Crow Calls,Non-Starter,Alfred Morris,NYG,RB|W/R/T
16,4.5,As the Crow Calls,Starter,Denver Broncos,Den,DEF
1,11.92,Maybeitrythissober,Starter,Russell Wilson,NYG,QB
1,27.0,Maybeitrythissober,Starter,A.J. Green,Ari,WR|W/R/T
1,16.95,Maybeitrythissober,Starter,Mike Wallace,Phi,WR|W/R/T
1,5.0,Maybeitrythissober,Starter,Devonta Freeman,Bal,RB|W/R/T
1,13.9,Maybeitrythissober,Starter,T.J. Yeldon,Buf,RB|W/R/T
1,8.9,Maybeitrythissober,Starter,Travis Kelce,KC,TE|W/R/T
1,4.9,Maybeitrythissober,Starter,Derrick Henry,Bal,RB|W/R/T
1,6.15,Maybeitrythissober,Non-Starter,Emmanuel Sanders,Buf,WR|W/R/T
1,28.02,Maybeitrythissober,Non-Starter,Alex Smith,Was,QB
1,1.05,Maybeitrythissober,Non-Starter,Benny Cunningham,Chi,RB|W/R/T
1,1.65,Maybeitrythissober,Non-Starter,Cordarrelle Patterson,Pit,WR|W/R/T
1,3.0,Maybeitrythissober,Starter,Kansas City Chiefs,KC,DEF
1,8.0,Maybeitrythissober,Non-Starter,Tennessee,Ten,DEF
2,11.56,Maybeitrythissober,Starter,Russell Wilson,NYG,QB
2,4.3,Maybeitrythissober,Starter,A.J. Green,Ari,WR|W/R/T
2,17.1,Maybeitrythissober,Starter,Mike Wallace,Phi,WR|W/R/T
2,9.3,Maybeitrythissober,Starter,Devonta Freeman,Bal,RB|W/R/T
2,5.8,Maybeitrythissober,Starter,T.J. Yeldon,Buf,RB|W/R/T
2,4.65,Maybeitrythissober,Starter,Travis Kelce,KC,TE|W/R/T
2,5.15,Maybeitrythissober,Starter,Derrick Henry,Bal,RB|W/R/T
2,4.65,Maybeitrythissober,Non-Starter,Emmanuel Sanders,Buf,WR|W/R/T
2,3.64,Maybeitrythissober,Non-Starter,Alex Smith,Was,QB
2,1.15,Maybeitrythissober,Non-Starter,Benny Cunningham,Chi,RB|W/R/T
2,-0.2,Maybeitrythissober,Non-Starter,Cordarrelle Patterson,Pit,WR|W/R/T
2,11.0,Maybeitrythissober,Starter,Kansas City Chiefs,KC,DEF
2,13.5,Maybeitrythissober,Non-Starter,Tennessee,Ten,DEF
3,14.02,Maybeitrythissober,Starter,Russell Wilson,NYG,QB
3,9.7,Maybeitrythissober,Starter,A.J. Green,Ari,WR|W/R/T
3,4.65,Maybeitrythissober,Starter,Mike Wallace,Phi,WR|W/R/T
3,27.95,Maybeitrythissober,Starter,Devonta Freeman,Bal,RB|W/R/T
3,3.3,Maybeitrythissober,Starter,T.J. Yeldon,Buf,RB|W/R/T
3,16.4,Maybeitrythissober,Starter,Travis Kelce,KC,TE|W/R/T
3,4.5,Maybeitrythissober,Starter,Derrick Henry,Bal,RB|W/R/T
3,25.95,Maybeitrythissober,Non-Starter,Emmanuel Sanders,Buf,WR|W/R/T
3,13.18,Maybeitrythissober,Non-Starter,Alex Smith,Was,QB
3,4.15,Maybeitrythissober,Non-Starter,Benny Cunningham,Chi,RB|W/R/T
3,1.05,Maybeitrythissober,Non-Starter,Cordarrelle Patterson,Pit,WR|W/R/T
3,35.5,Maybeitrythissober,Starter,Kansas City Chiefs,KC,DEF
3,4.5,Maybeitrythissober,Non-Starter,Tennessee,Ten,DEF
4,23.86,Maybeitrythissober,Starter,Russell Wilson,NYG,QB
4,25.8,Maybeitrythissober,Starter,A.J. Green,Ari,WR|W/R/T
4,7.7,Maybeitrythissober,Starter,Mike Wallace,Phi,WR|W/R/T
4,12.9,Maybeitrythissober,Starter,Devonta Freeman,Bal,RB|W/R/T
4,12.7,Maybeitrythissober,Starter,T.J. Yeldon,Buf,RB|W/R/T
4,9.55,Maybeitrythissober,Starter,Travis Kelce,KC,TE|W/R/T
4,0.9,Maybeitrythissober,Starter,Derrick Henry,Bal,RB|W/R/T
4,16.8,Maybeitrythissober,Non-Starter,Emmanuel Sanders,Buf,WR|W/R/T
4,17.68,Maybeitrythissober,Non-Starter,Alex Smith,Was,QB
4,0.0,Maybeitrythissober,Non-Starter,Benny Cunningham,Chi,RB|W/R/T
4,5.25,Maybeitrythissober,Non-Starter,Cordarrelle Patterson,Pit,WR|W/R/T
4,0.5,Maybeitrythissober,Starter,Kansas City Chiefs,KC,DEF
4,7.5,Maybeitrythissober,Non-Starter,Tennessee,Ten,DEF
5,15.1,Maybeitrythissober,Starter,Ryan Fitzpatrick,Was,QB
5,6.0,Maybeitrythissober,Starter,A.J. Green,Ari,WR|W/R/T
5,8.05,Maybeitrythissober,Starter,Mike Wallace,Phi,WR|W/R/T
5,19.05,Maybeitrythissober,Starter,Devonta Freeman,Bal,RB|W/R/T
5,5.4,Maybeitrythissober,Starter,Derrick Henry,Bal,RB|W/R/T
5,0.85,Maybeitrythissober,Starter,Richard Rodgers,LAC,TE|W/R/T
5,9.75,Maybeitrythissober,Starter,Emmanuel Sanders,Buf,WR|W/R/T
5,0.0,Maybeitrythissober,Non-Starter,T.J. Yeldon,Buf,RB|W/R/T
5,0.0,Maybeitrythissober,Non-Starter,Travis Kelce,KC,TE|W/R/T
5,0.0,Maybeitrythissober,Non-Starter,Russell Wilson,NYG,QB
5,0.0,Maybeitrythissober,Non-Starter,Kansas City Chiefs,KC,DEF
5,18.0,Maybeitrythissober,Non-Starter,Tennessee,Ten,DEF
6,11.5,Maybeitrythissober,Starter,Russell Wilson,NYG,QB
6,10.3,Maybeitrythissober,Starter,A.J. Green,Ari,WR|W/R/T
6,10.7,Maybeitrythissober,Starter,Mike Wallace,Phi,WR|W/R/T
6,5.75,Maybeitrythissober,Starter,Devonta Freeman,Bal,RB|W/R/T
6,2.85,Maybeitrythissober,Starter,T.J. Yeldon,Buf,RB|W/R/T
6,3.95,Maybeitrythissober,Starter,Travis Kelce,KC,TE|W/R/T
6,5.0,Maybeitrythissober,Starter,Emmanuel Sanders,Buf,WR|W/R/T
6,3.2,Maybeitrythissober,Non-Starter,Derrick Henry,Bal,RB|W/R/T
6,2.0,Maybeitrythissober,Non-Starter,Richard Rodgers,LAC,TE|W/R/T
6,5.16,Maybeitrythissober,Non-Starter,Ryan Fitzpatrick,Was,QB
6,13.5,Maybeitrythissober,Starter,Kansas City Chiefs,KC,DEF
6,12.5,Maybeitrythissober,Non-Starter,Tennessee,Ten,DEF
7,8.95,Maybeitrythissober,Starter,Russell Wilson,NYG,QB
7,24.9,Maybeitrythissober,Starter,A.J. Green,Ari,WR|W/R/T
7,14.5,Maybeitrythissober,Starter,Mike Wallace,Phi,WR|W/R/T
7,11.25,Maybeitrythissober,Starter,Devonta Freeman,Bal,RB|W/R/T
7,3.05,Maybeitrythissober,Starter,T.J. Yeldon,Buf,RB|W/R/T
7,2.9,Maybeitrythissober,Starter,Travis Kelce,KC,TE|W/R/T
7,9.6,Maybeitrythissober,Starter,Emmanuel Sanders,Buf,WR|W/R/T
7,0.3,Maybeitrythissober,Non-Starter,Derrick Henry,Bal,RB|W/R/T
7,0.95,Maybeitrythissober,Non-Starter,Richard Rodgers,LAC,TE|W/R/T
7,8.7,Maybeitrythissober,Non-Starter,Ryan Fitzpatrick,Was,QB
7,12.0,Maybeitrythissober,Starter,Kansas City Chiefs,KC,DEF
7,2.5,Maybeitrythissober,Non-Starter,Tennessee,Ten,DEF
8,9.22,Maybeitrythissober,Starter,Russell Wilson,NYG,QB
8,14.35,Maybeitrythissober,Starter,A.J. Green,Ari,WR|W/R/T
8,7.8,Maybeitrythissober,Starter,Emmanuel Sanders,Buf,WR|W/R/T
8,18.8,Maybeitrythissober,Starter,Devonta Freeman,Bal,RB|W/R/T
8,6.6,Maybeitrythissober,Starter,T.J. Yeldon,Buf,RB|W/R/T
8,17.85,Maybeitrythissober,Starter,Travis Kelce,KC,TE|W/R/T
8,16.7,Maybeitrythissober,Starter,Derrick Henry,Bal,RB|W/R/T
8,0.0,Maybeitrythissober,Non-Starter,Mike Wallace,Phi,WR|W/R/T
8,0.0,Maybeitrythissober,Non-Starter,Richard Rodgers,LAC,TE|W/R/T
8,10.4,Maybeitrythissober,Non-Starter,Davante Adams,LAR,WR|W/R/T
8,0.0,Maybeitrythissober,Non-Starter,Michael Floyd,Was,WR|W/R/T
8,7.5,Maybeitrythissober,Starter,Tennessee,Ten,DEF
8,16.0,Maybeitrythissober,Non-Starter,Kansas City Chiefs,KC,DEF
9,26.28,Maybeitrythissober,Starter,Russell Wilson,NYG,QB
9,5.95,Maybeitrythissober,Starter,Emmanuel Sanders,Buf,WR|W/R/T
9,19.4,Maybeitrythissober,Starter,Mike Wallace,Phi,WR|W/R/T
9,11.0,Maybeitrythissober,Starter,Devonta Freeman,Bal,RB|W/R/T
9,11.75,Maybeitrythissober,Starter,T.J. Yeldon,Buf,RB|W/R/T
9,7.05,Maybeitrythissober,Starter,Travis Kelce,KC,TE|W/R/T
9,0.0,Maybeitrythissober,Starter,Derrick Henry,Bal,RB|W/R/T
9,0.0,Maybeitrythissober,Non-Starter,A.J. Green,Ari,WR|W/R/T
9,7.9,Maybeitrythissober,Non-Starter,Richard Rodgers,LAC,TE|W/R/T
9,11.1,Maybeitrythissober,Non-Starter,Davante Adams,LAR,WR|W/R/T
9,0.0,Maybeitrythissober,Non-Starter,Michael Floyd,Was,WR|W/R/T
9,13.5,Maybeitrythissober,Starter,Kansas City Chiefs,KC,DEF
9,2.0,Maybeitrythissober,Non-Starter,Tennessee,Ten,DEF
10,26.52,Maybeitrythissober,Starter,Russell Wilson,NYG,QB
10,6.65,Maybeitrythissober,Starter,Emmanuel Sanders,Buf,WR|W/R/T
10,14.55,Maybeitrythissober,Starter,A.J. Green,Ari,WR|W/R/T
10,8.85,Maybeitrythissober,Starter,Devonta Freeman,Bal,RB|W/R/T
10,6.65,Maybeitrythissober,Starter,T.J. Yeldon,Buf,RB|W/R/T
10,5.85,Maybeitrythissober,Starter,Travis Kelce,KC,TE|W/R/T
10,3.1,Maybeitrythissober,Starter,Derrick Henry,Bal,RB|W/R/T
10,6.9,Maybeitrythissober,Non-Starter,Mike Wallace,Phi,WR|W/R/T
10,3.7,Maybeitrythissober,Non-Starter,Richard Rodgers,LAC,TE|W/R/T
10,17.1,Maybeitrythissober,Non-Starter,Davante Adams,LAR,WR|W/R/T
10,11.35,Maybeitrythissober,Non-Starter,Michael Floyd,Was,WR|W/R/T
10,16.0,Maybeitrythissober,Starter,Kansas City Chiefs,KC,DEF
10,14.5,Maybeitrythissober,Non-Starter,Tennessee,Ten,DEF
11,24.53,Maybeitrythissober,Starter,Russell Wilson,NYG,QB
11,0.0,Maybeitrythissober,Starter,A.J. Green,Ari,WR|W/R/T
11,4.95,Maybeitrythissober,Starter,Davante Adams,LAR,WR|W/R/T
11,3.7,Maybeitrythissober,Starter,T.J. Yeldon,Buf,RB|W/R/T
11,0.0,Maybeitrythissober,Starter,Derrick Henry,Bal,RB|W/R/T
11,12.05,Maybeitrythissober,Starter,Travis Kelce,KC,TE|W/R/T
11,8.75,Maybeitrythissober,Starter,Mike Wallace,Phi,WR|W/R/T
11,0.0,Maybeitrythissober,Non-Starter,Devonta Freeman,Bal,RB|W/R/T
11,0.0,Maybeitrythissober,Non-Starter,Emmanuel Sanders,Buf,WR|W/R/T
11,3.8,Maybeitrythissober,Non-Starter,Richard Rodgers,LAC,TE|W/R/T
11,2.6,Maybeitrythissober,Non-Starter,Michael Floyd,Was,WR|W/R/T
11,7.0,Maybeitrythissober,Starter,Kansas City Chiefs,KC,DEF
11,5.5,Maybeitrythissober,Non-Starter,Tennessee,Ten,DEF
12,10.04,Maybeitrythissober,Starter,Russell Wilson,NYG,QB
12,23.95,Maybeitrythissober,Starter,Emmanuel Sanders,Buf,WR|W/R/T
12,24.55,Maybeitrythissober,Starter,Davante Adams,LAR,WR|W/R/T
12,12.0,Maybeitrythissober,Starter,Derrick Henry,Bal,RB|W/R/T
12,20.2,Maybeitrythissober,Starter,Devonta Freeman,Bal,RB|W/R/T
12,12.1,Maybeitrythissober,Starter,Travis Kelce,KC,TE|W/R/T
12,6.35,Maybeitrythissober,Starter,Mike Wallace,Phi,WR|W/R/T
12,3.6,Maybeitrythissober,Non-Starter,Michael Floyd,Was,WR|W/R/T
12,2.25,Maybeitrythissober,Non-Starter,T.J. Yeldon,Buf,RB|W/R/T
12,0.0,Maybeitrythissober,Non-Starter,A.J. Green,Ari,WR|W/R/T
12,0.0,Maybeitrythissober,Non-Starter,Richard Rodgers,LAC,TE|W/R/T
12,22.5,Maybeitrythissober,Starter,Kansas City Chiefs,KC,DEF
12,7.0,Maybeitrythissober,Non-Starter,Tennessee,Ten,DEF
13,15.98,Maybeitrythissober,Starter,Russell Wilson,NYG,QB
13,3.95,Maybeitrythissober,Starter,Emmanuel Sanders,Buf,WR|W/R/T
13,1.95,Maybeitrythissober,Starter,Davante Adams,LAR,WR|W/R/T
13,23.5,Maybeitrythissober,Starter,Devonta Freeman,Bal,RB|W/R/T
13,8.95,Maybeitrythissober,Starter,T.J. Yeldon,Buf,RB|W/R/T
13,16.0,Maybeitrythissober,Starter,Travis Kelce,KC,TE|W/R/T
13,7.4,Maybeitrythissober,Starter,Mike Wallace,Phi,WR|W/R/T
13,0.0,Maybeitrythissober,Non-Starter,Derrick Henry,Bal,RB|W/R/T
13,8.55,Maybeitrythissober,Non-Starter,Michael Floyd,Was,WR|W/R/T
13,0.0,Maybeitrythissober,Non-Starter,A.J. Green,Ari,WR|W/R/T
13,2.1,Maybeitrythissober,Non-Starter,Richard Rodgers,LAC,TE|W/R/T
13,13.5,Maybeitrythissober,Starter,Kansas City Chiefs,KC,DEF
13,0.0,Maybeitrythissober,Non-Starter,Tennessee,Ten,DEF
14,5.5,Maybeitrythissober,Starter,Russell Wilson,NYG,QB
14,18.75,Maybeitrythissober,Starter,Emmanuel Sanders,Buf,WR|W/R/T
14,17.4,Maybeitrythissober,Starter,Davante Adams,LAR,WR|W/R/T
14,2.3,Maybeitrythissober,Starter,Devonta Freeman,Bal,RB|W/R/T
14,10.75,Maybeitrythissober,Starter,T.J. Yeldon,Buf,RB|W/R/T
14,11.35,Maybeitrythissober,Starter,Travis Kelce,KC,TE|W/R/T
14,6.45,Maybeitrythissober,Starter,Mike Wallace,Phi,WR|W/R/T
14,4.95,Maybeitrythissober,Non-Starter,Derrick Henry,Bal,RB|W/R/T
14,2.3,Maybeitrythissober,Non-Starter,Michael Floyd,Was,WR|W/R/T
14,0.0,Maybeitrythissober,Non-Starter,A.J. Green,Ari,WR|W/R/T
14,1.05,Maybeitrythissober,Non-Starter,Richard Rodgers,LAC,TE|W/R/T
14,14.5,Maybeitrythissober,Starter,Kansas City Chiefs,KC,DEF
14,14.0,Maybeitrythissober,Non-Starter,Tennessee,Ten,DEF
15,20.36,Maybeitrythissober,Starter,Russell Wilson,NYG,QB
15,5.55,Maybeitrythissober,Starter,Emmanuel Sanders,Buf,WR|W/R/T
15,3.0,Maybeitrythissober,Starter,Davante Adams,LAR,WR|W/R/T
15,32.0,Maybeitrythissober,Starter,Devonta Freeman,Bal,RB|W/R/T
15,7.45,Maybeitrythissober,Starter,T.J. Yeldon,Buf,RB|W/R/T
15,4.85,Maybeitrythissober,Starter,Travis Kelce,KC,TE|W/R/T
15,6.5,Maybeitrythissober,Starter,Mike Wallace,Phi,WR|W/R/T
15,17.8,Maybeitrythissober,Non-Starter,Derrick Henry,Bal,RB|W/R/T
15,0.0,Maybeitrythissober,Non-Starter,Michael Floyd,Was,WR|W/R/T
15,0.0,Maybeitrythissober,Non-Starter,A.J. Green,Ari,WR|W/R/T
15,1.25,Maybeitrythissober,Non-Starter,Richard Rodgers,LAC,TE|W/R/T
15,10.0,Maybeitrythissober,Starter,Kansas City Chiefs,KC,DEF
15,7.0,Maybeitrythissober,Non-Starter,Tennessee,Ten,DEF
16,33.6,Maybeitrythissober,Starter,Russell Wilson,NYG,QB
16,2.85,Maybeitrythissober,Starter,Emmanuel Sanders,Buf,WR|W/R/T
16,11.4,Maybeitrythissober,Starter,Davante Adams,LAR,WR|W/R/T
16,10.8,Maybeitrythissober,Starter,Devonta Freeman,Bal,RB|W/R/T
16,0.5,Maybeitrythissober,Starter,T.J. Yeldon,Buf,RB|W/R/T
16,24.75,Maybeitrythissober,Starter,Travis Kelce,KC,TE|W/R/T
16,3.1,Maybeitrythissober,Starter,Mike Wallace,Phi,WR|W/R/T
16,4.0,Maybeitrythissober,Non-Starter,Derrick Henry,Bal,RB|W/R/T
16,0.85,Maybeitrythissober,Non-Starter,Michael Floyd,Was,WR|W/R/T
16,0.0,Maybeitrythissober,Non-Starter,A.J. Green,Ari,WR|W/R/T
16,8.5,Maybeitrythissober,Non-Starter,Richard Rodgers,LAC,TE|W/R/T
16,13.0,Maybeitrythissober,Starter,Kansas City Chiefs,KC,DEF
16,7.5,Maybeitrythissober,Non-Starter,Tennessee,Ten,DEF
1,17.34,Waiting for Week 4,Starter,Andy Dalton,Car,QB
1,28.9,Waiting for Week 4,Starter,Brandin Cooks,NO,WR|W/R/T
1,16.6,Waiting for Week 4,Starter,Kelvin Benjamin,KC,WR|W/R/T
1,12.8,Waiting for Week 4,Starter,Jeremy Langford,Atl,RB|W/R/T
1,11.0,Waiting for Week 4,Starter,LeGarrette Blount,Det,RB|W/R/T
1,11.85,Waiting for Week 4,Starter,Eric Ebron,Pit,TE|W/R/T
1,2.45,Waiting for Week 4,Starter,Tyler Lockett,Ten,WR|W/R/T
1,0.0,Waiting for Week 4,Non-Starter,Rob Gronkowski,TB,TE|W/R/T
1,15.14,Waiting for Week 4,Non-Starter,Ryan Tannehill,Ten,QB
1,0.0,Waiting for Week 4,Non-Starter,Le'Veon Bell,TB,RB|W/R/T
1,0.0,Waiting for Week 4,Non-Starter,Darren McFadden,Dal,RB|W/R/T
1,5.65,Waiting for Week 4,Non-Starter,James White,NE,RB|W/R/T
1,12.0,Waiting for Week 4,Starter,Carolina Panthers,Car,DEF
2,19.34,Waiting for Week 4,Starter,Andy Dalton,Car,QB
2,8.55,Waiting for Week 4,Starter,Brandin Cooks,NO,WR|W/R/T
2,24.55,Waiting for Week 4,Starter,Kelvin Benjamin,KC,WR|W/R/T
2,7.65,Waiting for Week 4,Starter,Jeremy Langford,Atl,RB|W/R/T
2,18.3,Waiting for Week 4,Starter,LeGarrette Blount,Det,RB|W/R/T
2,6.3,Waiting for Week 4,Starter,Eric Ebron,Pit,TE|W/R/T
2,10.9,Waiting for Week 4,Starter,Tyler Lockett,Ten,WR|W/R/T
2,0.0,Waiting for Week 4,Non-Starter,Rob Gronkowski,TB,TE|W/R/T
2,22.98,Waiting for Week 4,Non-Starter,Ryan Tannehill,Ten,QB
2,0.0,Waiting for Week 4,Non-Starter,Le'Veon Bell,TB,RB|W/R/T
2,0.0,Waiting for Week 4,Non-Starter,Darren McFadden,Dal,RB|W/R/T
2,3.4,Waiting for Week 4,Non-Starter,James White,NE,RB|W/R/T
2,18.5,Waiting for Week 4,Starter,Carolina Panthers,Car,DEF
3,16.96,Waiting for Week 4,Starter,Ryan Tannehill,Ten,QB
3,2.4,Waiting for Week 4,Starter,Brandin Cooks,NO,WR|W/R/T
3,0.0,Waiting for Week 4,Starter,Kelvin Benjamin,KC,WR|W/R/T
3,5.1,Waiting for Week 4,Starter,Jeremy Langford,Atl,RB|W/R/T
3,22.5,Waiting for Week 4,Starter,LeGarrette Blount,Det,RB|W/R/T
3,0.0,Waiting for Week 4,Starter,Rob Gronkowski,TB,TE|W/R/T
3,0.0,Waiting for Week 4,Starter,Tyler Lockett,Ten,WR|W/R/T
3,8.15,Waiting for Week 4,Non-Starter,Eric Ebron,Pit,TE|W/R/T
3,10.24,Waiting for Week 4,Non-Starter,Andy Dalton,Car,QB
3,0.0,Waiting for Week 4,Non-Starter,Le'Veon Bell,TB,RB|W/R/T
3,0.0,Waiting for Week 4,Non-Starter,Darren McFadden,Dal,RB|W/R/T
3,1.65,Waiting for Week 4,Non-Starter,James White,NE,RB|W/R/T
3,8.5,Waiting for Week 4,Starter,Carolina Panthers,Car,DEF
4,14.64,Waiting for Week 4,Starter,Andy Dalton,Car,QB
4,3.85,Waiting for Week 4,Starter,Brandin Cooks,NO,WR|W/R/T
4,10.65,Waiting for Week 4,Starter,Kelvin Benjamin,KC,WR|W/R/T
4,6.55,Waiting for Week 4,Starter,LeGarrette Blount,Det,RB|W/R/T
4,19.05,Waiting for Week 4,Starter,Le'Veon Bell,TB,RB|W/R/T
4,1.35,Waiting for Week 4,Starter,Rob Gronkowski,TB,TE|W/R/T
4,1.55,Waiting for Week 4,Starter,Tyler Lockett,Ten,WR|W/R/T
4,0.0,Waiting for Week 4,Non-Starter,Jeremy Langford,Atl,RB|W/R/T
4,7.56,Waiting for Week 4,Non-Starter,Ryan Tannehill,Ten,QB
4,5.2,Waiting for Week 4,Non-Starter,Eric Ebron,Pit,TE|W/R/T
4,0.0,Waiting for Week 4,Non-Starter,Darren McFadden,Dal,RB|W/R/T
4,7.45,Waiting for Week 4,Non-Starter,James White,NE,RB|W/R/T
4,12.5,Waiting for Week 4,Starter,Carolina Panthers,Car,DEF
5,22.16,Waiting for Week 4,Starter,Andy Dalton,Car,QB
5,8.25,Waiting for Week 4,Starter,Kelvin Benjamin,KC,WR|W/R/T
5,2.5,Waiting for Week 4,Starter,Brice Butler,Mia,WR|W/R/T
5,9.7,Waiting for Week 4,Starter,LeGarrette Blount,Det,RB|W/R/T
5,17.65,Waiting for Week 4,Starter,Le'Veon Bell,TB,RB|W/R/T
5,12.15,Waiting for Week 4,Starter,Rob Gronkowski,TB,TE|W/R/T
5,9.9,Waiting for Week 4,Starter,James White,NE,RB|W/R/T
5,0.0,Waiting for Week 4,Non-Starter,Tyler Lockett,Ten,WR|W/R/T
5,0.0,Waiting for Week 4,Non-Starter,Brandin Cooks,NO,WR|W/R/T
5,0.0,Waiting for Week 4,Non-Starter,Jeremy Langford,Atl,RB|W/R/T
5,3.64,Waiting for Week 4,Non-Starter,Ryan Tannehill,Ten,QB
5,0.0,Waiting for Week 4,Non-Starter,Eric Ebron,Pit,TE|W/R/T
5,6.5,Waiting for Week 4,Starter,Carolina Panthers,Car,DEF
6,21.86,Waiting for Week 4,Starter,Andy Dalton,Car,QB
6,10.6,Waiting for Week 4,Starter,Kelvin Benjamin,KC,WR|W/R/T
6,25.25,Waiting for Week 4,Starter,Brandin Cooks,NO,WR|W/R/T
6,13.5,Waiting for Week 4,Starter,LeGarrette Blount,Det,RB|W/R/T
6,14.3,Waiting for Week 4,Starter,Le'Veon Bell,TB,RB|W/R/T
6,23.95,Waiting for Week 4,Starter,Rob Gronkowski,TB,TE|W/R/T
6,8.25,Waiting for Week 4,Starter,Brice Butler,Mia,WR|W/R/T
6,20.6,Waiting for Week 4,Non-Starter,James White,NE,RB|W/R/T
6,3.25,Waiting for Week 4,Non-Starter,Tyler Lockett,Ten,WR|W/R/T
6,0.0,Waiting for Week 4,Non-Starter,Jeremy Langford,Atl,RB|W/R/T
6,10.38,Waiting for Week 4,Non-Starter,Ryan Tannehill,Ten,QB
6,0.0,Waiting for Week 4,Non-Starter,Eric Ebron,Pit,TE|W/R/T
6,1.5,Waiting for Week 4,Starter,Carolina Panthers,Car,DEF
7,20.32,Waiting for Week 4,Starter,Andy Dalton,Car,QB
7,13.55,Waiting for Week 4,Starter,Brandin Cooks,NO,WR|W/R/T
7,1.8,Waiting for Week 4,Starter,Tyler Lockett,Ten,WR|W/R/T
7,25.65,Waiting for Week 4,Starter,LeGarrette Blount,Det,RB|W/R/T
7,17.4,Waiting for Week 4,Starter,Le'Veon Bell,TB,RB|W/R/T
7,16.3,Waiting for Week 4,Starter,Rob Gronkowski,TB,TE|W/R/T
7,9.7,Waiting for Week 4,Starter,James White,NE,RB|W/R/T
7,0.0,Waiting for Week 4,Non-Starter,Kelvin Benjamin,KC,WR|W/R/T
7,0.0,Waiting for Week 4,Non-Starter,Jeremy Langford,Atl,RB|W/R/T
7,16.26,Waiting for Week 4,Non-Starter,Ryan Tannehill,Ten,QB
7,0.0,Waiting for Week 4,Non-Starter,Eric Ebron,Pit,TE|W/R/T
7,14.5,Waiting for Week 4,Starter,Green Bay Packers,GB,DEF
7,0.0,Waiting for Week 4,Non-Starter,Carolina Panthers,Car,DEF
8,19.46,Waiting for Week 4,Starter,Andy Dalton,Car,QB
8,11.4,Waiting for Week 4,Starter,Brandin Cooks,NO,WR|W/R/T
8,7.8,Waiting for Week 4,Starter,Kelvin Benjamin,KC,WR|W/R/T
8,10.3,Waiting for Week 4,Starter,LeGarrette Blount,Det,RB|W/R/T
8,3.4,Waiting for Week 4,Starter,James White,NE,RB|W/R/T
8,18.15,Waiting for Week 4,Starter,Rob Gronkowski,TB,TE|W/R/T
8,9.65,Waiting for Week 4,Starter,Eric Ebron,Pit,TE|W/R/T
8,4.2,Waiting for Week 4,Non-Starter,Tyler Lockett,Ten,WR|W/R/T
8,0.0,Waiting for Week 4,Non-Starter,Le'Veon Bell,TB,RB|W/R/T
8,1.35,Waiting for Week 4,Non-Starter,Jeremy Langford,Atl,RB|W/R/T
8,0.0,Waiting for Week 4,Non-Starter,Ryan Tannehill,Ten,QB
8,24.5,Waiting for Week 4,Starter,Carolina Panthers,Car,DEF
8,3.5,Waiting for Week 4,Non-Starter,Green Bay Packers,GB,DEF
9,9.66,Waiting for Week 4,Starter,Ryan Tannehill,Ten,QB
9,7.85,Waiting for Week 4,Starter,Brandin Cooks,NO,WR|W/R/T
9,8.85,Waiting for Week 4,Starter,Kelvin Benjamin,KC,WR|W/R/T
9,8.5,Waiting for Week 4,Starter,Le'Veon Bell,TB,RB|W/R/T
9,1.75,Waiting for Week 4,Starter,C.J. Prosise,Hou,RB|W/R/T
9,10.95,Waiting for Week 4,Starter,Eric Ebron,Pit,TE|W/R/T
9,19.8,Waiting for Week 4,Starter,Rishard Matthews,NYJ,WR|W/R/T
9,0.0,Waiting for Week 4,Non-Starter,James White,NE,RB|W/R/T
9,0.0,Waiting for Week 4,Non-Starter,Rob Gronkowski,TB,TE|W/R/T
9,0.0,Waiting for Week 4,Non-Starter,LeGarrette Blount,Det,RB|W/R/T
9,0.0,Waiting for Week 4,Non-Starter,Andy Dalton,Car,QB
9,0.0,Waiting for Week 4,Non-Starter,Jeremy Langford,Atl,RB|W/R/T
9,13.5,Waiting for Week 4,Starter,Carolina Panthers,Car,DEF
10,11.66,Waiting for Week 4,Starter,Andy Dalton,Car,QB
10,16.55,Waiting for Week 4,Starter,Brandin Cooks,NO,WR|W/R/T
10,8.15,Waiting for Week 4,Starter,Kelvin Benjamin,KC,WR|W/R/T
10,27.65,Waiting for Week 4,Starter,Le'Veon Bell,TB,RB|W/R/T
10,24.9,Waiting for Week 4,Starter,LeGarrette Blount,Det,RB|W/R/T
10,6.35,Waiting for Week 4,Starter,Rob Gronkowski,TB,TE|W/R/T
10,13.05,Waiting for Week 4,Starter,Rishard Matthews,NYJ,WR|W/R/T
10,19.2,Waiting for Week 4,Non-Starter,Ryan Tannehill,Ten,QB
10,17.05,Waiting for Week 4,Non-Starter,C.J. Prosise,Hou,RB|W/R/T
10,0.0,Waiting for Week 4,Non-Starter,Eric Ebron,Pit,TE|W/R/T
10,4.7,Waiting for Week 4,Non-Starter,James White,NE,RB|W/R/T
10,3.6,Waiting for Week 4,Non-Starter,Jeremy Langford,Atl,RB|W/R/T
10,8.5,Waiting for Week 4,Starter,Carolina Panthers,Car,DEF
11,15.28,Waiting for Week 4,Starter,Andy Dalton,Car,QB
11,6.65,Waiting for Week 4,Starter,Brandin Cooks,NO,WR|W/R/T
11,6.35,Waiting for Week 4,Starter,Kelvin Benjamin,KC,WR|W/R/T
11,28.1,Waiting for Week 4,Starter,Le'Veon Bell,TB,RB|W/R/T
11,12.4,Waiting for Week 4,Starter,LeGarrette Blount,Det,RB|W/R/T
11,13.85,Waiting for Week 4,Starter,Eric Ebron,Pit,TE|W/R/T
11,14.6,Waiting for Week 4,Starter,C.J. Prosise,Hou,RB|W/R/T
11,14.45,Waiting for Week 4,Non-Starter,Rishard Matthews,NYJ,WR|W/R/T
11,0.0,Waiting for Week 4,Non-Starter,Rob Gronkowski,TB,TE|W/R/T
11,14.78,Waiting for Week 4,Non-Starter,Ryan Tannehill,Ten,QB
11,13.8,Waiting for Week 4,Non-Starter,James White,NE,RB|W/R/T
11,10.55,Waiting for Week 4,Non-Starter,Jeremy Langford,Atl,RB|W/R/T
11,12.5,Waiting for Week 4,Starter,Carolina Panthers,Car,DEF
12,12.72,Waiting for Week 4,Starter,Andy Dalton,Car,QB
12,0.0,Waiting for Week 4,Starter,Brandin Cooks,NO,WR|W/R/T
12,11.8,Waiting for Week 4,Starter,Kelvin Benjamin,KC,WR|W/R/T
12,21.2,Waiting for Week 4,Starter,Le'Veon Bell,TB,RB|W/R/T
12,6.7,Waiting for Week 4,Starter,LeGarrette Blount,Det,RB|W/R/T
12,0.0,Waiting for Week 4,Starter,Rob Gronkowski,TB,TE|W/R/T
12,13.15,Waiting for Week 4,Starter,Rishard Matthews,NYJ,WR|W/R/T
12,0.0,Waiting for Week 4,Non-Starter,C.J. Prosise,Hou,RB|W/R/T
12,0.0,Waiting for Week 4,Non-Starter,Eric Ebron,Pit,TE|W/R/T
12,26.8,Waiting for Week 4,Non-Starter,Ryan Tannehill,Ten,QB
12,3.2,Waiting for Week 4,Non-Starter,James White,NE,RB|W/R/T
12,0.5,Waiting for Week 4,Non-Starter,Jeremy Langford,Atl,RB|W/R/T
12,9.0,Waiting for Week 4,Starter,Carolina Panthers,Car,DEF
13,22.18,Waiting for Week 4,Starter,Andy Dalton,Car,QB
13,9.45,Waiting for Week 4,Starter,Brandin Cooks,NO,WR|W/R/T
13,2.3,Waiting for Week 4,Starter,Kelvin Benjamin,KC,WR|W/R/T
13,17.7,Waiting for Week 4,Starter,Le'Veon Bell,TB,RB|W/R/T
13,14.8,Waiting for Week 4,Starter,LeGarrette Blount,Det,RB|W/R/T
13,4.8,Waiting for Week 4,Starter,Eric Ebron,Pit,TE|W/R/T
13,4.5,Waiting for Week 4,Starter,James White,NE,RB|W/R/T
13,0.2,Waiting for Week 4,Non-Starter,Jeremy Langford,Atl,RB|W/R/T
13,0.0,Waiting for Week 4,Non-Starter,Rishard Matthews,NYJ,WR|W/R/T
13,0.0,Waiting for Week 4,Non-Starter,C.J. Prosise,Hou,RB|W/R/T
13,7.04,Waiting for Week 4,Non-Starter,Ryan Tannehill,Ten,QB
13,-0.1,Waiting for Week 4,Non-Starter,Benny Cunningham,Chi,RB|W/R/T
13,3.5,Waiting for Week 4,Starter,Carolina Panthers,Car,DEF
14,16.9,Waiting for Week 4,Starter,Andy Dalton,Car,QB
14,7.35,Waiting for Week 4,Starter,Brandin Cooks,NO,WR|W/R/T
14,1.35,Waiting for Week 4,Starter,Kelvin Benjamin,KC,WR|W/R/T
14,48.8,Waiting for Week 4,Starter,Le'Veon Bell,TB,RB|W/R/T
14,14.15,Waiting for Week 4,Starter,LeGarrette Blount,Det,RB|W/R/T
14,4.2,Waiting for Week 4,Starter,Eric Ebron,Pit,TE|W/R/T
14,9.15,Waiting for Week 4,Starter,James White,NE,RB|W/R/T
14,0.75,Waiting for Week 4,Non-Starter,Jeremy Langford,Atl,RB|W/R/T
14,2.85,Waiting for Week 4,Non-Starter,Rishard Matthews,NYJ,WR|W/R/T
14,0.0,Waiting for Week 4,Non-Starter,C.J. Prosise,Hou,RB|W/R/T
14,17.8,Waiting for Week 4,Non-Starter,Ryan Tannehill,Ten,QB
14,0.0,Waiting for Week 4,Non-Starter,Benny Cunningham,Chi,RB|W/R/T
14,22.5,Waiting for Week 4,Starter,Carolina Panthers,Car,DEF
15,10.38,Waiting for Week 4,Starter,Andy Dalton,Car,QB
15,32.35,Waiting for Week 4,Starter,Brandin Cooks,NO,WR|W/R/T
15,2.5,Waiting for Week 4,Starter,Kelvin Benjamin,KC,WR|W/R/T
15,14.35,Waiting for Week 4,Starter,Le'Veon Bell,TB,RB|W/R/T
15,9.1,Waiting for Week 4,Starter,LeGarrette Blount,Det,RB|W/R/T
15,4.6,Waiting for Week 4,Starter,Eric Ebron,Pit,TE|W/R/T
15,4.25,Waiting for Week 4,Starter,James White,NE,RB|W/R/T
15,2.45,Waiting for Week 4,Non-Starter,Jeremy Langford,Atl,RB|W/R/T
15,9.5,Waiting for Week 4,Non-Starter,Rishard Matthews,NYJ,WR|W/R/T
15,0.0,Waiting for Week 4,Non-Starter,C.J. Prosise,Hou,RB|W/R/T
15,0.0,Waiting for Week 4,Non-Starter,Ryan Tannehill,Ten,QB
15,0.0,Waiting for Week 4,Non-Starter,Benny Cunningham,Chi,RB|W/R/T
15,11.5,Waiting for Week 4,Starter,Carolina Panthers,Car,DEF
16,12.72,Waiting for Week 4,Starter,Andy Dalton,Car,QB
16,11.05,Waiting for Week 4,Starter,Brandin Cooks,NO,WR|W/R/T
16,13.3,Waiting for Week 4,Starter,Kelvin Benjamin,KC,WR|W/R/T
16,26.45,Waiting for Week 4,Starter,Le'Veon Bell,TB,RB|W/R/T
16,17.0,Waiting for Week 4,Starter,LeGarrette Blount,Det,RB|W/R/T
16,11.3,Waiting for Week 4,Starter,Eric Ebron,Pit,TE|W/R/T
16,11.35,Waiting for Week 4,Starter,James White,NE,RB|W/R/T
16,8.55,Waiting for Week 4,Non-Starter,Jeremy Langford,Atl,RB|W/R/T
16,9.85,Waiting for Week 4,Non-Starter,Rishard Matthews,NYJ,WR|W/R/T
16,0.0,Waiting for Week 4,Non-Starter,C.J. Prosise,Hou,RB|W/R/T
16,0.0,Waiting for Week 4,Non-Starter,Ryan Tannehill,Ten,QB
16,0.0,Waiting for Week 4,Non-Starter,Benny Cunningham,Chi,RB|W/R/T
16,10.0,Waiting for Week 4,Starter,Carolina Panthers,Car,DEF
1,14.74,Big Veiny Dak,Starter,Marcus Mariota,Was,QB
1,1.05,Big Veiny Dak,Starter,Dez Bryant,Bal,WR|W/R/T
1,11.7,Big Veiny Dak,Starter,DeSean Jackson,Bal,WR|W/R/T
1,3.1,Big Veiny Dak,Starter,Adrian Peterson,Sea,RB|W/R/T
1,9.1,Big Veiny Dak,Starter,Jeremy Hill,NE,RB|W/R/T
1,0.85,Big Veiny Dak,Starter,Coby Fleener,NO,TE|W/R/T
1,1.8,Big Veiny Dak,Starter,Torrey Smith,Car,WR|W/R/T
1,1.9,Big Veiny Dak,Non-Starter,Kamar Aiken,Phi,WR|W/R/T
1,2.65,Big Veiny Dak,Non-Starter,DeAndre Washington,Mia,RB|W/R/T
1,0.0,Big Veiny Dak,Non-Starter,Jordan Howard,NO,RB|W/R/T
1,0.0,Big Veiny Dak,Non-Starter,Javorius Allen,NYG,RB|W/R/T
1,21.16,Big Veiny Dak,Non-Starter,Cam Newton,Car,QB
1,16.0,Big Veiny Dak,Starter,Seattle Seahawks,Sea,DEF
2,29.82,Big Veiny Dak,Starter,Cam Newton,Car,QB
2,11.95,Big Veiny Dak,Starter,Dez Bryant,Bal,WR|W/R/T
2,4.75,Big Veiny Dak,Starter,DeSean Jackson,Bal,WR|W/R/T
2,3.1,Big Veiny Dak,Starter,Adrian Peterson,Sea,RB|W/R/T
2,6.65,Big Veiny Dak,Starter,Jeremy Hill,NE,RB|W/R/T
2,3.4,Big Veiny Dak,Starter,Coby Fleener,NO,TE|W/R/T
2,12.25,Big Veiny Dak,Starter,Torrey Smith,Car,WR|W/R/T
2,16.62,Big Veiny Dak,Non-Starter,Marcus Mariota,Was,QB
2,0.0,Big Veiny Dak,Non-Starter,Kamar Aiken,Phi,WR|W/R/T
2,5.45,Big Veiny Dak,Non-Starter,DeAndre Washington,Mia,RB|W/R/T
2,3.6,Big Veiny Dak,Non-Starter,Jordan Howard,NO,RB|W/R/T
2,0.0,Big Veiny Dak,Non-Starter,Javorius Allen,NYG,RB|W/R/T
2,13.0,Big Veiny Dak,Starter,Seattle Seahawks,Sea,DEF
3,13.08,Big Veiny Dak,Starter,Cam Newton,Car,QB
3,10.75,Big Veiny Dak,Starter,Dez Bryant,Bal,WR|W/R/T
3,16.85,Big Veiny Dak,Starter,DeSean Jackson,Bal,WR|W/R/T
3,21.7,Big Veiny Dak,Starter,Jeremy Hill,NE,RB|W/R/T
3,5.55,Big Veiny Dak,Starter,Terrance West,Bal,RB|W/R/T
3,18.65,Big Veiny Dak,Starter,Coby Fleener,NO,TE|W/R/T
3,4.25,Big Veiny Dak,Starter,Torrey Smith,Car,WR|W/R/T
3,10.2,Big Veiny Dak,Non-Starter,Jordan Howard,NO,RB|W/R/T
3,4.76,Big Veiny Dak,Non-Starter,Marcus Mariota,Was,QB
3,0.75,Big Veiny Dak,Non-Starter,Kamar Aiken,Phi,WR|W/R/T
3,6.45,Big Veiny Dak,Non-Starter,DeAndre Washington,Mia,RB|W/R/T
3,0.0,Big Veiny Dak,Non-Starter,Javorius Allen,NYG,RB|W/R/T
3,5.5,Big Veiny Dak,Starter,Seattle Seahawks,Sea,DEF
4,15.6,Big Veiny Dak,Starter,Cam Newton,Car,QB
4,0.75,Big Veiny Dak,Starter,DeSean Jackson,Bal,WR|W/R/T
4,11.4,Big Veiny Dak,Starter,Terrance Williams,Dal,WR|W/R/T
4,7.1,Big Veiny Dak,Starter,Jeremy Hill,NE,RB|W/R/T
4,17.3,Big Veiny Dak,Starter,Terrance West,Bal,RB|W/R/T
4,2.65,Big Veiny Dak,Starter,Coby Fleener,NO,TE|W/R/T
4,0.55,Big Veiny Dak,Starter,Torrey Smith,Car,WR|W/R/T
4,0.0,Big Veiny Dak,Non-Starter,Dez Bryant,Bal,WR|W/R/T
4,13.95,Big Veiny Dak,Non-Starter,Jordan Howard,NO,RB|W/R/T
4,8.08,Big Veiny Dak,Non-Starter,Marcus Mariota,Was,QB
4,3.35,Big Veiny Dak,Non-Starter,DeAndre Washington,Mia,RB|W/R/T
4,19.1,Big Veiny Dak,Non-Starter,Steve Smith,Bal,WR|W/R/T
4,13.5,Big Veiny Dak,Starter,Seattle Seahawks,Sea,DEF
5,0.0,Big Veiny Dak,Starter,Cam Newton,Car,QB
5,4.25,Big Veiny Dak,Starter,DeSean Jackson,Bal,WR|W/R/T
5,3.65,Big Veiny Dak,Starter,Steve Smith,Bal,WR|W/R/T
5,9.4,Big Veiny Dak,Starter,Terrance West,Bal,RB|W/R/T
5,23.05,Big Veiny Dak,Starter,Jordan Howard,NO,RB|W/R/T
5,0.35,Big Veiny Dak,Starter,Jacob Tamme,Atl,TE|W/R/T
5,0.0,Big Veiny Dak,Starter,Torrey Smith,Car,WR|W/R/T
5,0.0,Big Veiny Dak,Non-Starter,Coby Fleener,NO,TE|W/R/T
5,1.2,Big Veiny Dak,Non-Starter,Jeremy Hill,NE,RB|W/R/T
5,0.0,Big Veiny Dak,Non-Starter,Dez Bryant,Bal,WR|W/R/T
5,30.52,Big Veiny Dak,Non-Starter,Marcus Mariota,Was,QB
5,21.0,Big Veiny Dak,Starter,Washington Commanders,Was,DEF
5,0.0,Big Veiny Dak,Non-Starter,Seattle Seahawks,Sea,DEF
6,26.98,Big Veiny Dak,Starter,Cam Newton,Car,QB
6,6.5,Big Veiny Dak,Starter,DeSean Jackson,Bal,WR|W/R/T
6,14.35,Big Veiny Dak,Starter,Torrey Smith,Car,WR|W/R/T
6,25.3,Big Veiny Dak,Starter,Terrance West,Bal,RB|W/R/T
6,10.5,Big Veiny Dak,Starter,Jordan Howard,NO,RB|W/R/T
6,21.1,Big Veiny Dak,Starter,Coby Fleener,NO,TE|W/R/T
6,4.35,Big Veiny Dak,Starter,Jeremy Hill,NE,RB|W/R/T
6,0.0,Big Veiny Dak,Non-Starter,Dez Bryant,Bal,WR|W/R/T
6,2.1,Big Veiny Dak,Non-Starter,Jacob Tamme,Atl,TE|W/R/T
6,0.0,Big Veiny Dak,Non-Starter,Steve Smith,Bal,WR|W/R/T
6,27.76,Big Veiny Dak,Non-Starter,Marcus Mariota,Was,QB
6,10.5,Big Veiny Dak,Starter,Seattle Seahawks,Sea,DEF
6,9.0,Big Veiny Dak,Non-Starter,Washington Commanders,Was,DEF
7,16.68,Big Veiny Dak,Starter,Marcus Mariota,Was,QB
7,4.75,Big Veiny Dak,Starter,DeSean Jackson,Bal,WR|W/R/T
7,1.95,Big Veiny Dak,Starter,Torrey Smith,Car,WR|W/R/T
7,1.0,Big Veiny Dak,Starter,Terrance West,Bal,RB|W/R/T
7,2.2,Big Veiny Dak,Starter,Jordan Howard,NO,RB|W/R/T
7,4.9,Big Veiny Dak,Starter,Coby Fleener,NO,TE|W/R/T
7,25.7,Big Veiny Dak,Starter,Jeremy Hill,NE,RB|W/R/T
7,0.0,Big Veiny Dak,Non-Starter,Cam Newton,Car,QB
7,0.0,Big Veiny Dak,Non-Starter,Dez Bryant,Bal,WR|W/R/T
7,7.95,Big Veiny Dak,Non-Starter,Jacob Tamme,Atl,TE|W/R/T
7,0.0,Big Veiny Dak,Non-Starter,Steve Smith,Bal,WR|W/R/T
7,19.0,Big Veiny Dak,Starter,Seattle Seahawks,Sea,DEF
7,7.0,Big Veiny Dak,Non-Starter,Washington Commanders,Was,DEF
8,12.78,Big Veiny Dak,Starter,Cam Newton,Car,QB
8,5.55,Big Veiny Dak,Starter,DeSean Jackson,Bal,WR|W/R/T
8,18.95,Big Veiny Dak,Starter,Jamison Crowder,Was,WR|W/R/T
8,27.2,Big Veiny Dak,Starter,Jordan Howard,NO,RB|W/R/T
8,13.55,Big Veiny Dak,Starter,Jeremy Hill,NE,RB|W/R/T
8,4.6,Big Veiny Dak,Starter,Coby Fleener,NO,TE|W/R/T
8,18.3,Big Veiny Dak,Starter,Dez Bryant,Bal,WR|W/R/T
8,0.0,Big Veiny Dak,Non-Starter,Terrance West,Bal,RB|W/R/T
8,0.0,Big Veiny Dak,Non-Starter,Torrey Smith,Car,WR|W/R/T
8,19.9,Big Veiny Dak,Non-Starter,Marcus Mariota,Was,QB
8,0.0,Big Veiny Dak,Non-Starter,Steve Smith,Bal,WR|W/R/T
8,12.5,Big Veiny Dak,Starter,Seattle Seahawks,Sea,DEF
8,9.5,Big Veiny Dak,Non-Starter,Washington Commanders,Was,DEF
9,14.6,Big Veiny Dak,Starter,Cam Newton,Car,QB
9,2.3,Big Veiny Dak,Starter,Torrey Smith,Car,WR|W/R/T
9,7.7,Big Veiny Dak,Starter,Steve Smith,Bal,WR|W/R/T
9,2.95,Big Veiny Dak,Starter,Terrance West,Bal,RB|W/R/T
9,4.95,Big Veiny Dak,Starter,Coby Fleener,NO,TE|W/R/T
9,2.15,Big Veiny Dak,Starter,Dez Bryant,Bal,WR|W/R/T
9,0.0,Big Veiny Dak,Non-Starter,Jeremy Hill,NE,RB|W/R/T
9,0.0,Big Veiny Dak,Non-Starter,Jordan Howard,NO,RB|W/R/T
9,0.0,Big Veiny Dak,Non-Starter,Jamison Crowder,Was,WR|W/R/T
9,0.0,Big Veiny Dak,Non-Starter,DeSean Jackson,Bal,WR|W/R/T
9,23.92,Big Veiny Dak,Non-Starter,Marcus Mariota,Was,QB
9,10.5,Big Veiny Dak,Starter,Seattle Seahawks,Sea,DEF
9,0.0,Big Veiny Dak,Non-Starter,Washington Commanders,Was,DEF
10,21.84,Big Veiny Dak,Starter,Cam Newton,Car,QB
10,13.25,Big Veiny Dak,Starter,Steve Smith,Bal,WR|W/R/T
10,11.4,Big Veiny Dak,Starter,Jamison Crowder,Was,WR|W/R/T
10,7.95,Big Veiny Dak,Starter,Terrance West,Bal,RB|W/R/T
10,8.0,Big Veiny Dak,Starter,Jordan Howard,NO,RB|W/R/T
10,3.1,Big Veiny Dak,Starter,Coby Fleener,NO,TE|W/R/T
10,19.1,Big Veiny Dak,Starter,Dez Bryant,Bal,WR|W/R/T
10,0.0,Big Veiny Dak,Non-Starter,DeSean Jackson,Bal,WR|W/R/T
10,3.1,Big Veiny Dak,Non-Starter,Torrey Smith,Car,WR|W/R/T
10,10.6,Big Veiny Dak,Non-Starter,Jeremy Hill,NE,RB|W/R/T
10,27.8,Big Veiny Dak,Non-Starter,Marcus Mariota,Was,QB
10,10.5,Big Veiny Dak,Starter,Washington Commanders,Was,DEF
10,9.0,Big Veiny Dak,Non-Starter,Seattle Seahawks,Sea,DEF
11,12.38,Big Veiny Dak,Starter,Cam Newton,Car,QB
11,17.9,Big Veiny Dak,Starter,Steve Smith,Bal,WR|W/R/T
11,16.95,Big Veiny Dak,Starter,Jamison Crowder,Was,WR|W/R/T
11,10.15,Big Veiny Dak,Starter,Jordan Howard,NO,RB|W/R/T
11,6.8,Big Veiny Dak,Starter,Jeremy Hill,NE,RB|W/R/T
11,8.45,Big Veiny Dak,Starter,Coby Fleener,NO,TE|W/R/T
11,21.5,Big Veiny Dak,Starter,Dez Bryant,Bal,WR|W/R/T
11,11.55,Big Veiny Dak,Non-Starter,Terrance West,Bal,RB|W/R/T
11,12.1,Big Veiny Dak,Non-Starter,DeSean Jackson,Bal,WR|W/R/T
11,0.0,Big Veiny Dak,Non-Starter,Torrey Smith,Car,WR|W/R/T
11,22.5,Big Veiny Dak,Non-Starter,Marcus Mariota,Was,QB
11,10.5,Big Veiny Dak,Starter,Seattle Seahawks,Sea,DEF
11,9.5,Big Veiny Dak,Non-Starter,Washington Commanders,Was,DEF
12,18.44,Big Veiny Dak,Starter,Cam Newton,Car,QB
12,3.0,Big Veiny Dak,Starter,Steve Smith,Bal,WR|W/R/T
12,10.8,Big Veiny Dak,Starter,Jamison Crowder,Was,WR|W/R/T
12,13.45,Big Veiny Dak,Starter,Jordan Howard,NO,RB|W/R/T
12,9.7,Big Veiny Dak,Starter,Jeremy Hill,NE,RB|W/R/T
12,6.9,Big Veiny Dak,Starter,Coby Fleener,NO,TE|W/R/T
12,8.45,Big Veiny Dak,Starter,Dez Bryant,Bal,WR|W/R/T
12,21.64,Big Veiny Dak,Non-Starter,Marcus Mariota,Was,QB
12,7.15,Big Veiny Dak,Non-Starter,Terrance West,Bal,RB|W/R/T
12,18.8,Big Veiny Dak,Non-Starter,DeSean Jackson,Bal,WR|W/R/T
12,9.15,Big Veiny Dak,Non-Starter,Torrey Smith,Car,WR|W/R/T
12,10.5,Big Veiny Dak,Starter,Seattle Seahawks,Sea,DEF
12,2.0,Big Veiny Dak,Non-Starter,Washington Commanders,Was,DEF
13,12.48,Big Veiny Dak,Starter,Cam Newton,Car,QB
13,6.8,Big Veiny Dak,Starter,Steve Smith,Bal,WR|W/R/T
13,10.95,Big Veiny Dak,Starter,Jamison Crowder,Was,WR|W/R/T
13,29.7,Big Veiny Dak,Starter,Jordan Howard,NO,RB|W/R/T
13,11.0,Big Veiny Dak,Starter,Jeremy Hill,NE,RB|W/R/T
13,9.85,Big Veiny Dak,Starter,Coby Fleener,NO,TE|W/R/T
13,15.4,Big Veiny Dak,Starter,Dez Bryant,Bal,WR|W/R/T
13,0.0,Big Veiny Dak,Non-Starter,Marcus Mariota,Was,QB
13,19.55,Big Veiny Dak,Non-Starter,Terrance West,Bal,RB|W/R/T
13,6.15,Big Veiny Dak,Non-Starter,DeSean Jackson,Bal,WR|W/R/T
13,0.0,Big Veiny Dak,Non-Starter,Torrey Smith,Car,WR|W/R/T
13,9.5,Big Veiny Dak,Starter,Seattle Seahawks,Sea,DEF
13,5.5,Big Veiny Dak,Non-Starter,Washington Commanders,Was,DEF
14,11.5,Big Veiny Dak,Starter,Cam Newton,Car,QB
14,4.2,Big Veiny Dak,Starter,Jamison Crowder,Was,WR|W/R/T
14,16.95,Big Veiny Dak,Starter,DeSean Jackson,Bal,WR|W/R/T
14,11.5,Big Veiny Dak,Starter,Jordan Howard,NO,RB|W/R/T
14,20.95,Big Veiny Dak,Starter,Jeremy Hill,NE,RB|W/R/T
14,0.85,Big Veiny Dak,Starter,Coby Fleener,NO,TE|W/R/T
14,-0.75,Big Veiny Dak,Starter,Dez Bryant,Bal,WR|W/R/T
14,6.7,Big Veiny Dak,Non-Starter,Steve Smith,Bal,WR|W/R/T
14,7.32,Big Veiny Dak,Non-Starter,Marcus Mariota,Was,QB
14,3.6,Big Veiny Dak,Non-Starter,Terrance West,Bal,RB|W/R/T
14,0.0,Big Veiny Dak,Non-Starter,Torrey Smith,Car,WR|W/R/T
14,13.5,Big Veiny Dak,Starter,Washington Commanders,Was,DEF
14,0.0,Big Veiny Dak,Non-Starter,Seattle Seahawks,Sea,DEF
15,20.0,Big Veiny Dak,Starter,Cam Newton,Car,QB
15,1.4,Big Veiny Dak,Starter,Jamison Crowder,Was,WR|W/R/T
15,12.85,Big Veiny Dak,Starter,DeSean Jackson,Bal,WR|W/R/T
15,18.3,Big Veiny Dak,Starter,Jordan Howard,NO,RB|W/R/T
15,11.35,Big Veiny Dak,Starter,Jeremy Hill,NE,RB|W/R/T
15,1.5,Big Veiny Dak,Starter,Coby Fleener,NO,TE|W/R/T
15,10.2,Big Veiny Dak,Starter,Dez Bryant,Bal,WR|W/R/T
15,10.5,Big Veiny Dak,Non-Starter,Steve Smith,Bal,WR|W/R/T
15,5.44,Big Veiny Dak,Non-Starter,Marcus Mariota,Was,QB
15,13.2,Big Veiny Dak,Non-Starter,Terrance West,Bal,RB|W/R/T
15,0.0,Big Veiny Dak,Non-Starter,Torrey Smith,Car,WR|W/R/T
15,5.0,Big Veiny Dak,Starter,Washington Commanders,Was,DEF
15,16.5,Big Veiny Dak,Non-Starter,Seattle Seahawks,Sea,DEF
16,11.52,Big Veiny Dak,Starter,Cam Newton,Car,QB
16,0.55,Big Veiny Dak,Starter,Jamison Crowder,Was,WR|W/R/T
16,12.65,Big Veiny Dak,Starter,DeSean Jackson,Bal,WR|W/R/T
16,13.05,Big Veiny Dak,Starter,Jordan Howard,NO,RB|W/R/T
16,0.8,Big Veiny Dak,Starter,Jeremy Hill,NE,RB|W/R/T
16,3.5,Big Veiny Dak,Starter,Coby Fleener,NO,TE|W/R/T
16,24.4,Big Veiny Dak,Starter,Dez Bryant,Bal,WR|W/R/T
16,17.65,Big Veiny Dak,Non-Starter,Steve Smith,Bal,WR|W/R/T
16,8.26,Big Veiny Dak,Non-Starter,Marcus Mariota,Was,QB
16,6.25,Big Veiny Dak,Non-Starter,Terrance West,Bal,RB|W/R/T
16,0.0,Big Veiny Dak,Non-Starter,Torrey Smith,Car,WR|W/R/T
16,15.0,Big Veiny Dak,Starter,Washington Commanders,Was,DEF
16,5.0,Big Veiny Dak,Non-Starter,Seattle Seahawks,Sea,DEF
