1,8.32,Peak Football,Starter,Russell Wilson,NYG,QB
1,7.0,Peak Football,Starter,Doug Baldwin,Sea,WR|W/R/T
1,12.55,Peak Football,Starter,Corey Coleman,KC,WR|W/R/T
1,9.45,Peak Football,Starter,Marshawn Lynch,Sea,RB|W/R/T
1,15.25,Peak Football,Starter,Ezekiel Elliott,Dal,RB|W/R/T
1,2.3,Peak Football,Starter,Greg Olsen,Sea,TE|W/R/T
1,4.85,Peak Football,Starter,Jordan Reed,SF,TE|W/R/T
1,1.15,Peak Football,Non-Starter,Wendell Smallwood,Jax,RB|W/R/T
1,10.2,Peak Football,Non-Starter,Marvin Jones,Det,WR|W/R/T
1,0.0,Peak Football,Non-Starter,Josh Gordon,Ten,WR|W/R/T
1,0.0,Peak Football,Non-Starter,Marqise Lee,Jax,WR|W/R/T
1,0.0,Peak Football,Non-Starter,Thomas Rawls,Cin,RB|W/R/T
1,11.5,Peak Football,Starter,Arizona Cardinals,Ari,DEF
2,15.32,Peak Football,Starter,Russell Wilson,NYG,QB
2,5.9,Peak Football,Starter,Doug Baldwin,Sea,WR|W/R/T
2,1.15,Peak Football,Starter,Corey Coleman,KC,WR|W/R/T
2,11.15,Peak Football,Starter,Marshawn Lynch,Sea,RB|W/R/T
2,3.2,Peak Football,Starter,Ezekiel Elliott,Dal,RB|W/R/T
2,6.3,Peak Football,Starter,Jordan Reed,SF,TE|W/R/T
2,1.25,Peak Football,Starter,Greg Olsen,Sea,TE|W/R/T
2,8.95,Peak Football,Non-Starter,Marvin Jones,Det,WR|W/R/T
2,0.0,Peak Football,Non-Starter,Josh Gordon,Ten,WR|W/R/T
2,9.35,Peak Football,Non-Starter,Marqise Lee,Jax,WR|W/R/T
2,0.4,Peak Football,Non-Starter,Thomas Rawls,Cin,RB|W/R/T
2,11.6,Peak Football,Non-Starter,James White,NE,RB|W/R/T
2,16.5,Peak Football,Starter,Arizona Cardinals,Ari,DEF
3,33.52,Peak Football,Starter,Russell Wilson,NYG,QB
3,19.0,Peak Football,Starter,Doug Baldwin,Sea,WR|W/R/T
3,7.5,Peak Football,Starter,Marqise Lee,Jax,WR|W/R/T
3,2.85,Peak Football,Starter,Marshawn Lynch,Sea,RB|W/R/T
3,16.15,Peak Football,Starter,Ezekiel Elliott,Dal,RB|W/R/T
3,11.3,Peak Football,Starter,Jared Cook,LAC,TE|W/R/T
3,3.05,Peak Football,Starter,James White,NE,RB|W/R/T
3,0.0,Peak Football,Non-Starter,Jordan Reed,SF,TE|W/R/T
3,0.0,Peak Football,Non-Starter,Greg Olsen,Sea,TE|W/R/T
3,3.15,Peak Football,Non-Starter,Marvin Jones,Det,WR|W/R/T
3,0.0,Peak Football,Non-Starter,Thomas Rawls,Cin,RB|W/R/T
3,5.55,Peak Football,Non-Starter,Danny Amendola,Hou,WR|W/R/T
3,5.0,Peak Football,Starter,Arizona Cardinals,Ari,DEF
4,27.6,Peak Football,Starter,Russell Wilson,NYG,QB
4,6.25,Peak Football,Starter,Doug Baldwin,Sea,WR|W/R/T
4,2.3,Peak Football,Starter,Marqise Lee,Jax,WR|W/R/T
4,1.2,Peak Football,Starter,Marshawn Lynch,Sea,RB|W/R/T
4,26.9,Peak Football,Starter,Ezekiel Elliott,Dal,RB|W/R/T
4,2.85,Peak Football,Starter,Jordan Reed,SF,TE|W/R/T
4,7.9,Peak Football,Starter,James White,NE,RB|W/R/T
4,0.0,Peak Football,Non-Starter,Greg Olsen,Sea,TE|W/R/T
4,4.7,Peak Football,Non-Starter,Marvin Jones,Det,WR|W/R/T
4,0.0,Peak Football,Non-Starter,Thomas Rawls,Cin,RB|W/R/T
4,7.25,Peak Football,Non-Starter,Paul Richardson,Was,WR|W/R/T
4,9.4,Peak Football,Non-Starter,Vernon Davis,Was,TE|W/R/T
4,12.0,Peak Football,Starter,Arizona Cardinals,Ari,DEF
5,11.52,Peak Football,Starter,Russell Wilson,NYG,QB
5,4.7,Peak Football,Starter,Doug Baldwin,Sea,WR|W/R/T
5,18.7,Peak Football,Starter,Will Fuller V,Mia,WR|W/R/T
5,11.55,Peak Football,Starter,Marshawn Lynch,Sea,RB|W/R/T
5,13.45,Peak Football,Starter,Ezekiel Elliott,Dal,RB|W/R/T
5,10.4,Peak Football,Starter,Austin Seferian-Jenkins,Jax,TE|W/R/T
5,4.0,Peak Football,Starter,Thomas Rawls,Cin,RB|W/R/T
5,5.4,Peak Football,Non-Starter,Marqise Lee,Jax,WR|W/R/T
5,7.75,Peak Football,Non-Starter,James White,NE,RB|W/R/T
5,0.0,Peak Football,Non-Starter,Jordan Reed,SF,TE|W/R/T
5,4.25,Peak Football,Non-Starter,Paul Richardson,Was,WR|W/R/T
5,1.0,Peak Football,Non-Starter,Alfred Morris,NYG,RB|W/R/T
5,4.5,Peak Football,Starter,Arizona Cardinals,Ari,DEF
6,13.98,Peak Football,Starter,Jacoby Brissett,Ari,QB
6,12.7,Peak Football,Starter,Will Fuller V,Mia,WR|W/R/T
6,13.05,Peak Football,Starter,John Brown,Buf,WR|W/R/T
6,6.3,Peak Football,Starter,Marshawn Lynch,Sea,RB|W/R/T
6,1.8,Peak Football,Starter,Marlon Mack,Ari,RB|W/R/T
6,4.7,Peak Football,Starter,Jordan Reed,SF,TE|W/R/T
6,5.5,Peak Football,Starter,James White,NE,RB|W/R/T
6,0.0,Peak Football,Non-Starter,Russell Wilson,NYG,QB
6,10.6,Peak Football,Non-Starter,Austin Seferian-Jenkins,Jax,TE|W/R/T
6,0.0,Peak Football,Non-Starter,Thomas Rawls,Cin,RB|W/R/T
6,0.0,Peak Football,Non-Starter,Doug Baldwin,Sea,WR|W/R/T
6,0.0,Peak Football,Non-Starter,Ezekiel Elliott,Dal,RB|W/R/T
6,9.0,Peak Football,Starter,Arizona Cardinals,Ari,DEF
7,26.36,Peak Football,Starter,Russell Wilson,NYG,QB
7,0.85,Peak Football,Starter,John Brown,Buf,WR|W/R/T
7,17.45,Peak Football,Starter,Doug Baldwin,Sea,WR|W/R/T
7,0.9,Peak Football,Starter,Marshawn Lynch,Sea,RB|W/R/T
7,11.95,Peak Football,Starter,James White,NE,RB|W/R/T
7,8.85,Peak Football,Starter,Austin Seferian-Jenkins,Jax,TE|W/R/T
7,40.15,Peak Football,Starter,Ezekiel Elliott,Dal,RB|W/R/T
7,7.6,Peak Football,Non-Starter,Marlon Mack,Ari,RB|W/R/T
7,20.4,Peak Football,Non-Starter,Jordan Reed,SF,TE|W/R/T
7,0.0,Peak Football,Non-Starter,Will Fuller V,Mia,WR|W/R/T
7,3.45,Peak Football,Non-Starter,Thomas Rawls,Cin,RB|W/R/T
7,4.65,Peak Football,Non-Starter,Josh Doctson,Ari,WR|W/R/T
7,5.0,Peak Football,Starter,Arizona Cardinals,Ari,DEF
8,35.08,Peak Football,Starter,Russell Wilson,NYG,QB
8,6.9,Peak Football,Starter,Doug Baldwin,Sea,WR|W/R/T
8,25.75,Peak Football,Starter,Will Fuller V,Mia,WR|W/R/T
8,9.95,Peak Football,Starter,James White,NE,RB|W/R/T
8,25.65,Peak Football,Starter,Ezekiel Elliott,Dal,RB|W/R/T
8,4.05,Peak Football,Starter,Austin Seferian-Jenkins,Jax,TE|W/R/T
8,0.75,Peak Football,Starter,Jordan Reed,SF,TE|W/R/T
8,0.0,Peak Football,Non-Starter,Marshawn Lynch,Sea,RB|W/R/T
8,13.05,Peak Football,Non-Starter,Marlon Mack,Ari,RB|W/R/T
8,-0.1,Peak Football,Non-Starter,Thomas Rawls,Cin,RB|W/R/T
8,6.35,Peak Football,Non-Starter,Josh Doctson,Ari,WR|W/R/T
8,9.0,Peak Football,Starter,Detroit Lions,Det,DEF
8,0.0,Peak Football,Non-Starter,Arizona Cardinals,Ari,DEF
9,23.58,Peak Football,Starter,Russell Wilson,NYG,QB
9,18.55,Peak Football,Starter,Doug Baldwin,Sea,WR|W/R/T
9,3.7,Peak Football,Starter,Will Fuller V,Mia,WR|W/R/T
9,2.9,Peak Football,Starter,Marlon Mack,Ari,RB|W/R/T
9,15.3,Peak Football,Starter,Ezekiel Elliott,Dal,RB|W/R/T
9,2.5,Peak Football,Starter,Austin Seferian-Jenkins,Jax,TE|W/R/T
9,18.8,Peak Football,Starter,Marshawn Lynch,Sea,RB|W/R/T
9,11.9,Peak Football,Non-Starter,Kenyan Drake,Bal,RB|W/R/T
9,0.0,Peak Football,Non-Starter,James White,NE,RB|W/R/T
9,0.0,Peak Football,Non-Starter,Jordan Reed,SF,TE|W/R/T
9,3.7,Peak Football,Non-Starter,T.J. Yeldon,Buf,RB|W/R/T
9,18.0,Peak Football,Starter,Arizona Cardinals,Ari,DEF
9,10.5,Peak Football,Non-Starter,Detroit Lions,Det,DEF
10,19.42,Peak Football,Starter,Russell Wilson,NYG,QB
10,10.75,Peak Football,Starter,Doug Baldwin,Sea,WR|W/R/T
10,2.0,Peak Football,Starter,Will Fuller V,Mia,WR|W/R/T
10,8.55,Peak Football,Starter,James White,NE,RB|W/R/T
10,15.7,Peak Football,Starter,Kenyan Drake,Bal,RB|W/R/T
10,8.2,Peak Football,Starter,Austin Seferian-Jenkins,Jax,TE|W/R/T
10,3.1,Peak Football,Starter,Marlon Mack,Ari,RB|W/R/T
10,0.0,Peak Football,Non-Starter,Ezekiel Elliott,Dal,RB|W/R/T
10,0.0,Peak Football,Non-Starter,Marshawn Lynch,Sea,RB|W/R/T
10,0.0,Peak Football,Non-Starter,Jordan Reed,SF,TE|W/R/T
10,3.9,Peak Football,Non-Starter,Rodney Smith,Car,RB|W/R/T
10,19.0,Peak Football,Starter,Detroit Lions,Det,DEF
10,12.5,Peak Football,Non-Starter,Arizona Cardinals,Ari,DEF
11,30.92,Peak Football,Starter,Russell Wilson,NYG,QB
11,10.5,Peak Football,Starter,Doug Baldwin,Sea,WR|W/R/T
11,5.05,Peak Football,Starter,Dontrelle Inman,Was,WR|W/R/T
11,1.3,Peak Football,Starter,James White,NE,RB|W/R/T
11,1.65,Peak Football,Starter,Kenyan Drake,Bal,RB|W/R/T
11,1.25,Peak Football,Starter,Jermaine Gresham,Ari,TE|W/R/T
11,7.95,Peak Football,Starter,Marshawn Lynch,Sea,RB|W/R/T
11,0.0,Peak Football,Non-Starter,Jordan Reed,SF,TE|W/R/T
11,0.0,Peak Football,Non-Starter,Will Fuller V,Mia,WR|W/R/T
11,0.0,Peak Football,Non-Starter,Austin Seferian-Jenkins,Jax,TE|W/R/T
11,0.0,Peak Football,Non-Starter,Ezekiel Elliott,Dal,RB|W/R/T
11,12.0,Peak Football,Starter,Detroit Lions,Det,DEF
11,8.5,Peak Football,Non-Starter,Arizona Cardinals,Ari,DEF
12,23.62,Peak Football,Starter,Russell Wilson,NYG,QB
12,2.5,Peak Football,Starter,Doug Baldwin,Sea,WR|W/R/T
12,6.05,Peak Football,Starter,Mike Wallace,Phi,WR|W/R/T
12,9.45,Peak Football,Starter,Kenyan Drake,Bal,RB|W/R/T
12,17.75,Peak Football,Starter,Marshawn Lynch,Sea,RB|W/R/T
12,3.2,Peak Football,Starter,Austin Seferian-Jenkins,Jax,TE|W/R/T
12,10.05,Peak Football,Starter,Zay Jones,Ari,WR|W/R/T
12,0.0,Peak Football,Non-Starter,Jordan Reed,SF,TE|W/R/T
12,0.0,Peak Football,Non-Starter,Will Fuller V,Mia,WR|W/R/T
12,0.0,Peak Football,Non-Starter,Ezekiel Elliott,Dal,RB|W/R/T
12,5.5,Peak Football,Non-Starter,Danny Woodhead,Bal,RB|W/R/T
12,16.0,Peak Football,Starter,Arizona Cardinals,Ari,DEF
12,9.5,Peak Football,Non-Starter,Detroit Lions,Det,DEF
13,24.18,Peak Football,Starter,Russell Wilson,NYG,QB
13,9.65,Peak Football,Starter,Doug Baldwin,Sea,WR|W/R/T
13,12.85,Peak Football,Starter,Mike Wallace,Phi,WR|W/R/T
13,20.85,Peak Football,Starter,Kenyan Drake,Bal,RB|W/R/T
13,18.6,Peak Football,Starter,Marshawn Lynch,Sea,RB|W/R/T
13,1.2,Peak Football,Starter,Austin Seferian-Jenkins,Jax,TE|W/R/T
13,2.8,Peak Football,Starter,Danny Woodhead,Bal,RB|W/R/T
13,2.7,Peak Football,Non-Starter,Zay Jones,Ari,WR|W/R/T
13,0.0,Peak Football,Non-Starter,Jordan Reed,SF,TE|W/R/T
13,0.0,Peak Football,Non-Starter,Will Fuller V,Mia,WR|W/R/T
13,0.0,Peak Football,Non-Starter,Ezekiel Elliott,Dal,RB|W/R/T
13,16.0,Peak Football,Starter,Los Angeles Chargers,LAC,DEF
13,-2.0,Peak Football,Non-Starter,Detroit Lions,Det,DEF
14,21.84,Peak Football,Starter,Russell Wilson,NYG,QB
14,14.55,Peak Football,Starter,Doug Baldwin,Sea,WR|W/R/T
14,4.8,Peak Football,Starter,Martavis Bryant,Was,WR|W/R/T
14,20.55,Peak Football,Starter,Kenyan Drake,Bal,RB|W/R/T
14,12.65,Peak Football,Starter,Marshawn Lynch,Sea,RB|W/R/T
14,0.35,Peak Football,Starter,Austin Seferian-Jenkins,Jax,TE|W/R/T
14,6.75,Peak Football,Starter,Mike Davis,Bal,RB|W/R/T
14,7.95,Peak Football,Non-Starter,Mike Wallace,Phi,WR|W/R/T
14,4.6,Peak Football,Non-Starter,Danny Woodhead,Bal,RB|W/R/T
14,0.0,Peak Football,Non-Starter,Jordan Reed,SF,TE|W/R/T
14,3.35,Peak Football,Non-Starter,Will Fuller V,Mia,WR|W/R/T
14,0.0,Peak Football,Non-Starter,Ezekiel Elliott,Dal,RB|W/R/T
14,12.0,Peak Football,Starter,Los Angeles Chargers,LAC,DEF
15,11.58,Peak Football,Starter,Russell Wilson,NYG,QB
15,0.85,Peak Football,Starter,Doug Baldwin,Sea,WR|W/R/T
15,10.4,Peak Football,Starter,Mike Wallace,Phi,WR|W/R/T
15,18.8,Peak Football,Starter,Kenyan Drake,Bal,RB|W/R/T
15,9.95,Peak Football,Starter,Marshawn Lynch,Sea,RB|W/R/T
15,1.8,Peak Football,Starter,Austin Seferian-Jenkins,Jax,TE|W/R/T
15,4.4,Peak Football,Starter,Mike Davis,Bal,RB|W/R/T
15,12.9,Peak Football,Non-Starter,Martavis Bryant,Was,WR|W/R/T
15,4.7,Peak Football,Non-Starter,Danny Woodhead,Bal,RB|W/R/T
15,0.0,Peak Football,Non-Starter,Jordan Reed,SF,TE|W/R/T
15,5.65,Peak Football,Non-Starter,Will Fuller V,Mia,WR|W/R/T
15,0.0,Peak Football,Non-Starter,Ezekiel Elliott,Dal,RB|W/R/T
15,2.0,Peak Football,Starter,Los Angeles Chargers,LAC,DEF
1,15.64,imdrunkrightnow,Starter,Drew Brees,NO,QB
1,8.65,imdrunkrightnow,Starter,A.J. Green,Ari,WR|W/R/T
1,21.55,imdrunkrightnow,Starter,Tyreek Hill,Mia,WR|W/R/T
1,8.5,imdrunkrightnow,Starter,David Johnson,NO,RB|W/R/T
1,10.1,imdrunkrightnow,Starter,Theo Riddick,LV,RB|W/R/T
1,12.65,imdrunkrightnow,Starter,Coby Fleener,NO,TE|W/R/T
1,6.75,imdrunkrightnow,Starter,Sterling Shepard,TB,WR|W/R/T
1,0.0,imdrunkrightnow,Non-Starter,Darren McFadden,Dal,RB|W/R/T
1,13.65,imdrunkrightnow,Non-Starter,Jason Witten,LV,TE|W/R/T
1,5.45,imdrunkrightnow,Non-Starter,Frank Gore,NYJ,RB|W/R/T
1,6.2,imdrunkrightnow,Non-Starter,Mohamed Sanu,SF,WR|W/R/T
1,3.05,imdrunkrightnow,Non-Starter,Jalen Richard,LV,RB|W/R/T
1,29.5,imdrunkrightnow,Starter,Baltimore Ravens,Bal,DEF
2,22.24,imdrunkrightnow,Starter,Drew Brees,NO,QB
2,7.95,imdrunkrightnow,Starter,A.J. Green,Ari,WR|W/R/T
2,5.9,imdrunkrightnow,Starter,Tyreek Hill,Mia,WR|W/R/T
2,4.45,imdrunkrightnow,Starter,Theo Riddick,LV,RB|W/R/T
2,2.2,imdrunkrightnow,Starter,Kerwynn Williams,Ari,RB|W/R/T
2,10.05,imdrunkrightnow,Starter,Coby Fleener,NO,TE|W/R/T
2,3.5,imdrunkrightnow,Starter,Sterling Shepard,TB,WR|W/R/T
2,0.0,imdrunkrightnow,Non-Starter,David Johnson,NO,RB|W/R/T
2,0.0,imdrunkrightnow,Non-Starter,Darren McFadden,Dal,RB|W/R/T
2,18.2,imdrunkrightnow,Non-Starter,Jason Witten,LV,TE|W/R/T
2,10.6,imdrunkrightnow,Non-Starter,Frank Gore,NYJ,RB|W/R/T
2,9.75,imdrunkrightnow,Non-Starter,Mohamed Sanu,SF,WR|W/R/T
2,20.5,imdrunkrightnow,Starter,Baltimore Ravens,Bal,DEF
3,20.8,imdrunkrightnow,Starter,Drew Brees,NO,QB
3,19.6,imdrunkrightnow,Starter,A.J. Green,Ari,WR|W/R/T
3,16.25,imdrunkrightnow,Starter,Tyreek Hill,Mia,WR|W/R/T
3,4.8,imdrunkrightnow,Starter,Theo Riddick,LV,RB|W/R/T
3,11.95,imdrunkrightnow,Starter,Frank Gore,NYJ,RB|W/R/T
3,2.35,imdrunkrightnow,Starter,Coby Fleener,NO,TE|W/R/T
3,9.8,imdrunkrightnow,Starter,Mohamed Sanu,SF,WR|W/R/T
3,21.05,imdrunkrightnow,Non-Starter,Sterling Shepard,TB,WR|W/R/T
3,0.3,imdrunkrightnow,Non-Starter,Kerwynn Williams,Ari,RB|W/R/T
3,0.0,imdrunkrightnow,Non-Starter,David Johnson,NO,RB|W/R/T
3,0.55,imdrunkrightnow,Non-Starter,Jason Witten,LV,TE|W/R/T
3,2.35,imdrunkrightnow,Non-Starter,Chris Johnson,Ari,RB|W/R/T
3,-2.0,imdrunkrightnow,Starter,Baltimore Ravens,Bal,DEF
4,19.02,imdrunkrightnow,Starter,Drew Brees,NO,QB
4,13.55,imdrunkrightnow,Starter,A.J. Green,Ari,WR|W/R/T
4,4.75,imdrunkrightnow,Starter,Tyreek Hill,Mia,WR|W/R/T
4,1.45,imdrunkrightnow,Starter,Theo Riddick,LV,RB|W/R/T
4,8.75,imdrunkrightnow,Starter,Frank Gore,NYJ,RB|W/R/T
4,2.6,imdrunkrightnow,Starter,Coby Fleener,NO,TE|W/R/T
4,6.65,imdrunkrightnow,Starter,Sterling Shepard,TB,WR|W/R/T
4,0.95,imdrunkrightnow,Non-Starter,Mohamed Sanu,SF,WR|W/R/T
4,1.15,imdrunkrightnow,Non-Starter,Kerwynn Williams,Ari,RB|W/R/T
4,0.0,imdrunkrightnow,Non-Starter,David Johnson,NO,RB|W/R/T
4,1.15,imdrunkrightnow,Non-Starter,Jason Witten,LV,TE|W/R/T
4,7.05,imdrunkrightnow,Non-Starter,Chris Johnson,Ari,RB|W/R/T
4,7.0,imdrunkrightnow,Starter,Baltimore Ravens,Bal,DEF
5,13.0,imdrunkrightnow,Starter,Eli Manning,NYG,QB
5,24.65,imdrunkrightnow,Starter,A.J. Green,Ari,WR|W/R/T
5,13.8,imdrunkrightnow,Starter,Tyreek Hill,Mia,WR|W/R/T
5,6.3,imdrunkrightnow,Starter,Theo Riddick,LV,RB|W/R/T
5,9.35,imdrunkrightnow,Starter,Frank Gore,NYJ,RB|W/R/T
5,6.1,imdrunkrightnow,Starter,Jason Witten,LV,TE|W/R/T
5,1.15,imdrunkrightnow,Starter,Sterling Shepard,TB,WR|W/R/T
5,0.0,imdrunkrightnow,Non-Starter,Coby Fleener,NO,TE|W/R/T
5,0.0,imdrunkrightnow,Non-Starter,Drew Brees,NO,QB
5,0.0,imdrunkrightnow,Non-Starter,Mohamed Sanu,SF,WR|W/R/T
5,0.0,imdrunkrightnow,Non-Starter,David Johnson,NO,RB|W/R/T
5,3.15,imdrunkrightnow,Non-Starter,Chris Johnson,Ari,RB|W/R/T
5,16.0,imdrunkrightnow,Starter,Baltimore Ravens,Bal,DEF
6,9.54,imdrunkrightnow,Starter,Drew Brees,NO,QB
6,3.75,imdrunkrightnow,Starter,Tyreek Hill,Mia,WR|W/R/T
6,4.9,imdrunkrightnow,Starter,Taylor Gabriel,Chi,WR|W/R/T
6,6.55,imdrunkrightnow,Starter,Theo Riddick,LV,RB|W/R/T
6,7.2,imdrunkrightnow,Starter,Frank Gore,NYJ,RB|W/R/T
6,0.0,imdrunkrightnow,Starter,Coby Fleener,NO,TE|W/R/T
6,3.25,imdrunkrightnow,Starter,Jaron Brown,Sea,WR|W/R/T
6,0.0,imdrunkrightnow,Non-Starter,Sterling Shepard,TB,WR|W/R/T
6,0.0,imdrunkrightnow,Non-Starter,Mohamed Sanu,SF,WR|W/R/T
6,0.0,imdrunkrightnow,Non-Starter,A.J. Green,Ari,WR|W/R/T
6,0.0,imdrunkrightnow,Non-Starter,Jason Witten,LV,TE|W/R/T
6,0.0,imdrunkrightnow,Non-Starter,David Johnson,NO,RB|W/R/T
6,28.0,imdrunkrightnow,Starter,Baltimore Ravens,Bal,DEF
7,19.14,imdrunkrightnow,Starter,Drew Brees,NO,QB
7,20.7,imdrunkrightnow,Starter,Tyreek Hill,Mia,WR|W/R/T
7,4.85,imdrunkrightnow,Starter,A.J. Green,Ari,WR|W/R/T
7,3.4,imdrunkrightnow,Starter,Frank Gore,NYJ,RB|W/R/T
7,1.35,imdrunkrightnow,Starter,Shane Vereen,NYG,RB|W/R/T
7,2.7,imdrunkrightnow,Starter,Coby Fleener,NO,TE|W/R/T
7,8.0,imdrunkrightnow,Starter,Mohamed Sanu,SF,WR|W/R/T
7,4.2,imdrunkrightnow,Non-Starter,Jaron Brown,Sea,WR|W/R/T
7,2.4,imdrunkrightnow,Non-Starter,Taylor Gabriel,Chi,WR|W/R/T
7,0.0,imdrunkrightnow,Non-Starter,Theo Riddick,LV,RB|W/R/T
7,0.0,imdrunkrightnow,Non-Starter,Sterling Shepard,TB,WR|W/R/T
7,0.0,imdrunkrightnow,Non-Starter,David Johnson,NO,RB|W/R/T
7,5.0,imdrunkrightnow,Starter,Baltimore Ravens,Bal,DEF
8,11.76,imdrunkrightnow,Starter,Drew Brees,NO,QB
8,2.3,imdrunkrightnow,Starter,Tyreek Hill,Mia,WR|W/R/T
8,9.45,imdrunkrightnow,Starter,A.J. Green,Ari,WR|W/R/T
8,11.1,imdrunkrightnow,Starter,Frank Gore,NYJ,RB|W/R/T
8,5.0,imdrunkrightnow,Starter,Theo Riddick,LV,RB|W/R/T
8,0.15,imdrunkrightnow,Starter,Coby Fleener,NO,TE|W/R/T
8,14.9,imdrunkrightnow,Starter,Mohamed Sanu,SF,WR|W/R/T
8,0.0,imdrunkrightnow,Non-Starter,Shane Vereen,NYG,RB|W/R/T
8,0.0,imdrunkrightnow,Non-Starter,Jaron Brown,Sea,WR|W/R/T
8,-0.05,imdrunkrightnow,Non-Starter,Taylor Gabriel,Chi,WR|W/R/T
8,0.0,imdrunkrightnow,Non-Starter,Sterling Shepard,TB,WR|W/R/T
8,0.0,imdrunkrightnow,Non-Starter,David Johnson,NO,RB|W/R/T
8,37.5,imdrunkrightnow,Starter,Baltimore Ravens,Bal,DEF
9,18.72,imdrunkrightnow,Starter,Drew Brees,NO,QB
9,13.8,imdrunkrightnow,Starter,Tyreek Hill,Mia,WR|W/R/T
9,0.85,imdrunkrightnow,Starter,A.J. Green,Ari,WR|W/R/T
9,8.45,imdrunkrightnow,Starter,Frank Gore,NYJ,RB|W/R/T
9,8.3,imdrunkrightnow,Starter,Theo Riddick,LV,RB|W/R/T
9,1.35,imdrunkrightnow,Starter,A.J. Derby,Mia,TE|W/R/T
9,8.25,imdrunkrightnow,Starter,Sterling Shepard,TB,WR|W/R/T
9,5.1,imdrunkrightnow,Non-Starter,Coby Fleener,NO,TE|W/R/T
9,9.05,imdrunkrightnow,Non-Starter,Mohamed Sanu,SF,WR|W/R/T
9,2.15,imdrunkrightnow,Non-Starter,Shane Vereen,NYG,RB|W/R/T
9,6.65,imdrunkrightnow,Non-Starter,Taylor Gabriel,Chi,WR|W/R/T
9,0.0,imdrunkrightnow,Non-Starter,David Johnson,NO,RB|W/R/T
9,9.0,imdrunkrightnow,Starter,Baltimore Ravens,Bal,DEF
10,13.96,imdrunkrightnow,Starter,Drew Brees,NO,QB
10,18.75,imdrunkrightnow,Starter,A.J. Green,Ari,WR|W/R/T
10,3.65,imdrunkrightnow,Starter,Mohamed Sanu,SF,WR|W/R/T
10,6.35,imdrunkrightnow,Starter,Frank Gore,NYJ,RB|W/R/T
10,11.45,imdrunkrightnow,Starter,Theo Riddick,LV,RB|W/R/T
10,0.45,imdrunkrightnow,Starter,A.J. Derby,Mia,TE|W/R/T
10,16.95,imdrunkrightnow,Starter,Sterling Shepard,TB,WR|W/R/T
10,0.0,imdrunkrightnow,Non-Starter,Tyreek Hill,Mia,WR|W/R/T
10,0.0,imdrunkrightnow,Non-Starter,Coby Fleener,NO,TE|W/R/T
10,4.8,imdrunkrightnow,Non-Starter,Shane Vereen,NYG,RB|W/R/T
10,8.05,imdrunkrightnow,Non-Starter,Taylor Gabriel,Chi,WR|W/R/T
10,5.5,imdrunkrightnow,Starter,New York Giants,NYG,DEF
10,0.0,imdrunkrightnow,Non-Starter,Baltimore Ravens,Bal,DEF
11,21.6,imdrunkrightnow,Starter,Drew Brees,NO,QB
11,12.0,imdrunkrightnow,Starter,A.J. Green,Ari,WR|W/R/T
11,10.15,imdrunkrightnow,Starter,Tyreek Hill,Mia,WR|W/R/T
11,4.15,imdrunkrightnow,Starter,Theo Riddick,LV,RB|W/R/T
11,10.45,imdrunkrightnow,Starter,Damien Williams,Ari,RB|W/R/T
11,10.35,imdrunkrightnow,Starter,Coby Fleener,NO,TE|W/R/T
11,10.45,imdrunkrightnow,Starter,Mohamed Sanu,SF,WR|W/R/T
11,0.0,imdrunkrightnow,Non-Starter,Sterling Shepard,TB,WR|W/R/T
11,1.55,imdrunkrightnow,Non-Starter,Shane Vereen,NYG,RB|W/R/T
11,0.0,imdrunkrightnow,Non-Starter,A.J. Derby,Mia,TE|W/R/T
11,0.0,imdrunkrightnow,Non-Starter,Frank Gore,NYJ,RB|W/R/T
11,1.2,imdrunkrightnow,Non-Starter,Taylor Gabriel,Chi,WR|W/R/T
11,29.5,imdrunkrightnow,Starter,Baltimore Ravens,Bal,DEF
12,14.34,imdrunkrightnow,Starter,Drew Brees,NO,QB
12,7.85,imdrunkrightnow,Starter,A.J. Green,Ari,WR|W/R/T
12,7.15,imdrunkrightnow,Starter,Tyreek Hill,Mia,WR|W/R/T
12,5.95,imdrunkrightnow,Starter,Damien Williams,Ari,RB|W/R/T
12,14.4,imdrunkrightnow,Starter,Frank Gore,NYJ,RB|W/R/T
12,11.15,imdrunkrightnow,Starter,Jack Doyle,Ind,TE|W/R/T
12,14.44,imdrunkrightnow,Starter,Mohamed Sanu,SF,WR|W/R/T
12,1.05,imdrunkrightnow,Non-Starter,Coby Fleener,NO,TE|W/R/T
12,3.25,imdrunkrightnow,Non-Starter,Theo Riddick,LV,RB|W/R/T
12,0.0,imdrunkrightnow,Non-Starter,Sterling Shepard,TB,WR|W/R/T
12,2.95,imdrunkrightnow,Non-Starter,Shane Vereen,NYG,RB|W/R/T
12,2.35,imdrunkrightnow,Non-Starter,Taylor Gabriel,Chi,WR|W/R/T
12,13.5,imdrunkrightnow,Starter,Baltimore Ravens,Bal,DEF
13,14.46,imdrunkrightnow,Starter,Drew Brees,NO,QB
13,21.45,imdrunkrightnow,Starter,A.J. Green,Ari,WR|W/R/T
13,32.0,imdrunkrightnow,Starter,Tyreek Hill,Mia,WR|W/R/T
13,6.1,imdrunkrightnow,Starter,Frank Gore,NYJ,RB|W/R/T
13,13.45,imdrunkrightnow,Starter,Theo Riddick,LV,RB|W/R/T
13,2.35,imdrunkrightnow,Starter,Jack Doyle,Ind,TE|W/R/T
13,5.05,imdrunkrightnow,Starter,Mohamed Sanu,SF,WR|W/R/T
13,0.0,imdrunkrightnow,Non-Starter,Damien Williams,Ari,RB|W/R/T
13,0.0,imdrunkrightnow,Non-Starter,Coby Fleener,NO,TE|W/R/T
13,6.35,imdrunkrightnow,Non-Starter,Sterling Shepard,TB,WR|W/R/T
13,1.75,imdrunkrightnow,Non-Starter,Shane Vereen,NYG,RB|W/R/T
13,1.35,imdrunkrightnow,Non-Starter,Taylor Gabriel,Chi,WR|W/R/T
13,20.5,imdrunkrightnow,Starter,Baltimore Ravens,Bal,DEF
14,17.04,imdrunkrightnow,Starter,Drew Brees,NO,QB
14,5.65,imdrunkrightnow,Starter,A.J. Green,Ari,WR|W/R/T
14,8.5,imdrunkrightnow,Starter,Tyreek Hill,Mia,WR|W/R/T
14,14.25,imdrunkrightnow,Starter,Frank Gore,NYJ,RB|W/R/T
14,22.8,imdrunkrightnow,Starter,Theo Riddick,LV,RB|W/R/T
14,6.9,imdrunkrightnow,Starter,Jack Doyle,Ind,TE|W/R/T
14,15.8,imdrunkrightnow,Starter,Mohamed Sanu,SF,WR|W/R/T
14,0.0,imdrunkrightnow,Non-Starter,Damien Williams,Ari,RB|W/R/T
14,0.0,imdrunkrightnow,Non-Starter,Coby Fleener,NO,TE|W/R/T
14,1.2,imdrunkrightnow,Non-Starter,Sterling Shepard,TB,WR|W/R/T
14,5.45,imdrunkrightnow,Non-Starter,Shane Vereen,NYG,RB|W/R/T
14,2.15,imdrunkrightnow,Non-Starter,Taylor Gabriel,Chi,WR|W/R/T
14,2.0,imdrunkrightnow,Starter,Baltimore Ravens,Bal,DEF
15,17.14,imdrunkrightnow,Starter,Drew Brees,NO,QB
15,3.5,imdrunkrightnow,Starter,A.J. Green,Ari,WR|W/R/T
15,16.05,imdrunkrightnow,Starter,Tyreek Hill,Mia,WR|W/R/T
15,7.55,imdrunkrightnow,Starter,Frank Gore,NYJ,RB|W/R/T
15,4.85,imdrunkrightnow,Starter,Theo Riddick,LV,RB|W/R/T
15,6.45,imdrunkrightnow,Starter,Jack Doyle,Ind,TE|W/R/T
15,3.1,imdrunkrightnow,Starter,Mohamed Sanu,SF,WR|W/R/T
15,0.0,imdrunkrightnow,Non-Starter,Damien Williams,Ari,RB|W/R/T
15,22.65,imdrunkrightnow,Non-Starter,Sterling Shepard,TB,WR|W/R/T
15,4.25,imdrunkrightnow,Non-Starter,Shane Vereen,NYG,RB|W/R/T
15,2.4,imdrunkrightnow,Non-Starter,Taylor Gabriel,Chi,WR|W/R/T
15,5.55,imdrunkrightnow,Non-Starter,Kenneth Barber,LV,RB|W/R/T
15,25.0,imdrunkrightnow,Starter,Baltimore Ravens,Bal,DEF
16,11.16,imdrunkrightnow,Starter,Drew Brees,NO,QB
16,9.6,imdrunkrightnow,Starter,A.J. Green,Ari,WR|W/R/T
16,12.3,imdrunkrightnow,Starter,Tyreek Hill,Mia,WR|W/R/T
16,15.1,imdrunkrightnow,Starter,Frank Gore,NYJ,RB|W/R/T
16,4.65,imdrunkrightnow,Starter,Theo Riddick,LV,RB|W/R/T
16,5.35,imdrunkrightnow,Starter,Jack Doyle,Ind,TE|W/R/T
16,5.75,imdrunkrightnow,Starter,Sterling Shepard,TB,WR|W/R/T
16,4.1,imdrunkrightnow,Non-Starter,Mohamed Sanu,SF,WR|W/R/T
16,0.0,imdrunkrightnow,Non-Starter,Damien Williams,Ari,RB|W/R/T
16,0.0,imdrunkrightnow,Non-Starter,Shane Vereen,NYG,RB|W/R/T
16,3.45,imdrunkrightnow,Non-Starter,Taylor Gabriel,Chi,WR|W/R/T
16,6.0,imdrunkrightnow,Non-Starter,Kenneth Barber,LV,RB|W/R/T
16,8.5,imdrunkrightnow,Starter,Baltimore Ravens,Bal,DEF
1,15.72,Football Yankees,Starter,Ben Roethlisberger,Pit,QB
1,7.95,Football Yankees,Starter,Demaryius Thomas,NE,WR|W/R/T
1,9.8,Football Yankees,Starter,Michael Crabtree,Ari,WR|W/R/T
1,9.2,Football Yankees,Starter,Carlos Hyde,Jax,RB|W/R/T
1,6.8,Football Yankees,Starter,Tevin Coleman,SF,RB|W/R/T
1,3.8,Football Yankees,Starter,Rob Gronkowski,TB,TE|W/R/T
1,5.45,Football Yankees,Starter,Davante Adams,LAR,WR|W/R/T
1,3.0,Football Yankees,Non-Starter,Paul Perkins,Det,RB|W/R/T
1,3.15,Football Yankees,Non-Starter,Joe Mixon,Hou,RB|W/R/T
1,5.2,Football Yankees,Non-Starter,John Brown,Buf,WR|W/R/T
1,2.55,Football Yankees,Non-Starter,Rex Burkhead,Hou,RB|W/R/T
1,0.9,Football Yankees,Non-Starter,Jamaal Williams,NO,RB|W/R/T
1,12.0,Football Yankees,Starter,Buffalo Bills,Buf,DEF
2,17.52,Football Yankees,Starter,Ben Roethlisberger,Pit,QB
2,8.6,Football Yankees,Starter,Demaryius Thomas,NE,WR|W/R/T
2,27.5,Football Yankees,Starter,Michael Crabtree,Ari,WR|W/R/T
2,15.05,Football Yankees,Starter,Carlos Hyde,Jax,RB|W/R/T
2,11.0,Football Yankees,Starter,Tevin Coleman,SF,RB|W/R/T
2,19.1,Football Yankees,Starter,Rob Gronkowski,TB,TE|W/R/T
2,17.9,Football Yankees,Starter,Davante Adams,LAR,WR|W/R/T
2,2.7,Football Yankees,Non-Starter,Paul Perkins,Det,RB|W/R/T
2,4.35,Football Yankees,Non-Starter,Joe Mixon,Hou,RB|W/R/T
2,11.15,Football Yankees,Non-Starter,Rex Burkhead,Hou,RB|W/R/T
2,1.35,Football Yankees,Non-Starter,Jamaal Williams,NO,RB|W/R/T
2,0.0,Football Yankees,Non-Starter,Alfred Morris,NYG,RB|W/R/T
2,11.5,Football Yankees,Starter,Las Vegas Raiders,LV,DEF
3,12.0,Football Yankees,Starter,Ben Roethlisberger,Pit,QB
3,11.3,Football Yankees,Starter,Demaryius Thomas,NE,WR|W/R/T
3,0.95,Football Yankees,Starter,Michael Crabtree,Ari,WR|W/R/T
3,22.15,Football Yankees,Starter,Carlos Hyde,Jax,RB|W/R/T
3,9.65,Football Yankees,Starter,Tevin Coleman,SF,RB|W/R/T
3,16.9,Football Yankees,Starter,Rob Gronkowski,TB,TE|W/R/T
3,6.75,Football Yankees,Starter,Davante Adams,LAR,WR|W/R/T
3,10.85,Football Yankees,Non-Starter,Joe Mixon,Hou,RB|W/R/T
3,0.0,Football Yankees,Non-Starter,Rex Burkhead,Hou,RB|W/R/T
3,0.6,Football Yankees,Non-Starter,Jamaal Williams,NO,RB|W/R/T
3,0.0,Football Yankees,Non-Starter,Hunter Henry,NE,TE|W/R/T
3,1.05,Football Yankees,Non-Starter,Jalen Richard,LV,RB|W/R/T
3,8.5,Football Yankees,Starter,Miami Dolphins,Mia,DEF
4,10.54,Football Yankees,Starter,Ben Roethlisberger,Pit,QB
4,1.35,Football Yankees,Starter,Demaryius Thomas,NE,WR|W/R/T
4,7.8,Football Yankees,Starter,Davante Adams,LAR,WR|W/R/T
4,10.75,Football Yankees,Starter,Carlos Hyde,Jax,RB|W/R/T
4,5.8,Football Yankees,Starter,Joe Mixon,Hou,RB|W/R/T
4,9.0,Football Yankees,Starter,Rob Gronkowski,TB,TE|W/R/T
4,15.2,Football Yankees,Starter,Tevin Coleman,SF,RB|W/R/T
4,0.0,Football Yankees,Non-Starter,Michael Crabtree,Ari,WR|W/R/T
4,0.0,Football Yankees,Non-Starter,Rex Burkhead,Hou,RB|W/R/T
4,8.1,Football Yankees,Non-Starter,Hunter Henry,NE,TE|W/R/T
4,2.25,Football Yankees,Non-Starter,Matt Breida,SF,RB|W/R/T
4,6.2,Football Yankees,Non-Starter,Alex Collins,Sea,RB|W/R/T
4,19.5,Football Yankees,Starter,Jacksonville Jaguars,Jax,DEF
5,-1.42,Football Yankees,Starter,Ben Roethlisberger,Pit,QB
5,9.7,Football Yankees,Starter,Danny Amendola,Hou,WR|W/R/T
5,20.35,Football Yankees,Starter,Davante Adams,LAR,WR|W/R/T
5,2.05,Football Yankees,Starter,Carlos Hyde,Jax,RB|W/R/T
5,11.1,Football Yankees,Starter,Joe Mixon,Hou,RB|W/R/T
5,10.95,Football Yankees,Starter,Hunter Henry,NE,TE|W/R/T
5,5.5,Football Yankees,Starter,Alex Collins,Sea,RB|W/R/T
5,15.7,Football Yankees,Non-Starter,Michael Crabtree,Ari,WR|W/R/T
5,0.0,Football Yankees,Non-Starter,Rob Gronkowski,TB,TE|W/R/T
5,0.0,Football Yankees,Non-Starter,Tevin Coleman,SF,RB|W/R/T
5,0.0,Football Yankees,Non-Starter,Demaryius Thomas,NE,WR|W/R/T
5,7.85,Football Yankees,Non-Starter,Matt Breida,SF,RB|W/R/T
5,31.0,Football Yankees,Starter,Jacksonville Jaguars,Jax,DEF
6,11.88,Football Yankees,Starter,Ben Roethlisberger,Pit,QB
6,12.65,Football Yankees,Starter,Davante Adams,LAR,WR|W/R/T
6,12.7,Football Yankees,Starter,Michael Crabtree,Ari,WR|W/R/T
6,20.75,Football Yankees,Starter,Carlos Hyde,Jax,RB|W/R/T
6,9.85,Football Yankees,Starter,Tevin Coleman,SF,RB|W/R/T
6,21.8,Football Yankees,Starter,Rob Gronkowski,TB,TE|W/R/T
6,13.8,Football Yankees,Starter,Demaryius Thomas,NE,WR|W/R/T
6,0.0,Football Yankees,Non-Starter,Joe Mixon,Hou,RB|W/R/T
6,10.25,Football Yankees,Non-Starter,Hunter Henry,NE,TE|W/R/T
6,7.4,Football Yankees,Non-Starter,Alex Collins,Sea,RB|W/R/T
6,4.75,Football Yankees,Non-Starter,Danny Amendola,Hou,WR|W/R/T
6,4.1,Football Yankees,Non-Starter,Matt Breida,SF,RB|W/R/T
6,10.5,Football Yankees,Starter,Jacksonville Jaguars,Jax,DEF
7,16.66,Football Yankees,Starter,Ben Roethlisberger,Pit,QB
7,9.15,Football Yankees,Starter,Michael Crabtree,Ari,WR|W/R/T
7,1.4,Football Yankees,Starter,Demaryius Thomas,NE,WR|W/R/T
7,9.8,Football Yankees,Starter,Carlos Hyde,Jax,RB|W/R/T
7,1.6,Football Yankees,Starter,Tevin Coleman,SF,RB|W/R/T
7,5.85,Football Yankees,Starter,Rob Gronkowski,TB,TE|W/R/T
7,7.55,Football Yankees,Starter,Joe Mixon,Hou,RB|W/R/T
7,1.7,Football Yankees,Non-Starter,Davante Adams,LAR,WR|W/R/T
7,8.3,Football Yankees,Non-Starter,Hunter Henry,NE,TE|W/R/T
7,3.0,Football Yankees,Non-Starter,Alex Collins,Sea,RB|W/R/T
7,0.5,Football Yankees,Non-Starter,Matt Breida,SF,RB|W/R/T
7,0.0,Football Yankees,Non-Starter,Marvin Jones,Det,WR|W/R/T
7,25.5,Football Yankees,Starter,Jacksonville Jaguars,Jax,DEF
8,14.48,Football Yankees,Starter,Ben Roethlisberger,Pit,QB
8,9.55,Football Yankees,Starter,Michael Crabtree,Ari,WR|W/R/T
8,7.85,Football Yankees,Starter,Demaryius Thomas,NE,WR|W/R/T
8,5.7,Football Yankees,Starter,Carlos Hyde,Jax,RB|W/R/T
8,10.65,Football Yankees,Starter,Tevin Coleman,SF,RB|W/R/T
8,12.95,Football Yankees,Starter,Rob Gronkowski,TB,TE|W/R/T
8,9.65,Football Yankees,Starter,Joe Mixon,Hou,RB|W/R/T
8,0.0,Football Yankees,Non-Starter,Davante Adams,LAR,WR|W/R/T
8,1.6,Football Yankees,Non-Starter,Hunter Henry,NE,TE|W/R/T
8,14.8,Football Yankees,Non-Starter,Alex Collins,Sea,RB|W/R/T
8,14.3,Football Yankees,Non-Starter,Marvin Jones,Det,WR|W/R/T
8,13.0,Football Yankees,Starter,New Orleans Saints,NO,DEF
8,0.0,Football Yankees,Non-Starter,Jacksonville Jaguars,Jax,DEF
9,19.52,Football Yankees,Starter,Jacoby Brissett,Ari,QB
9,4.75,Football Yankees,Starter,Michael Crabtree,Ari,WR|W/R/T
9,24.45,Football Yankees,Starter,Marvin Jones,Det,WR|W/R/T
9,14.75,Football Yankees,Starter,Carlos Hyde,Jax,RB|W/R/T
9,4.85,Football Yankees,Starter,Alex Collins,Sea,RB|W/R/T
9,0.0,Football Yankees,Starter,Ed Dickson,Sea,TE|W/R/T
9,11.35,Football Yankees,Starter,Joe Mixon,Hou,RB|W/R/T
9,0.0,Football Yankees,Non-Starter,Rob Gronkowski,TB,TE|W/R/T
9,0.0,Football Yankees,Non-Starter,Ben Roethlisberger,Pit,QB
9,15.0,Football Yankees,Non-Starter,Demaryius Thomas,NE,WR|W/R/T
9,8.65,Football Yankees,Non-Starter,Tevin Coleman,SF,RB|W/R/T
9,7.05,Football Yankees,Non-Starter,Davante Adams,LAR,WR|W/R/T
9,16.0,Football Yankees,Starter,Jacksonville Jaguars,Jax,DEF
10,17.94,Football Yankees,Starter,Ben Roethlisberger,Pit,QB
10,2.45,Football Yankees,Starter,Marvin Jones,Det,WR|W/R/T
10,11.65,Football Yankees,Starter,Demaryius Thomas,NE,WR|W/R/T
10,10.9,Football Yankees,Starter,Carlos Hyde,Jax,RB|W/R/T
10,15.05,Football Yankees,Starter,Tevin Coleman,SF,RB|W/R/T
10,8.4,Football Yankees,Starter,Rob Gronkowski,TB,TE|W/R/T
10,10.25,Football Yankees,Starter,Joe Mixon,Hou,RB|W/R/T
10,0.0,Football Yankees,Non-Starter,Alex Collins,Sea,RB|W/R/T
10,0.0,Football Yankees,Non-Starter,Michael Crabtree,Ari,WR|W/R/T
10,16.25,Football Yankees,Non-Starter,Davante Adams,LAR,WR|W/R/T
10,0.0,Football Yankees,Non-Starter,Greg Olsen,Sea,TE|W/R/T
10,0.0,Football Yankees,Non-Starter,Danny Woodhead,Bal,RB|W/R/T
10,10.5,Football Yankees,Starter,Jacksonville Jaguars,Jax,DEF
11,28.96,Football Yankees,Starter,Ben Roethlisberger,Pit,QB
11,13.65,Football Yankees,Starter,Demaryius Thomas,NE,WR|W/R/T
11,8.6,Football Yankees,Starter,Michael Crabtree,Ari,WR|W/R/T
11,12.05,Football Yankees,Starter,Tevin Coleman,SF,RB|W/R/T
11,5.4,Football Yankees,Starter,Joe Mixon,Hou,RB|W/R/T
11,4.45,Football Yankees,Starter,Rob Gronkowski,TB,TE|W/R/T
11,14.1,Football Yankees,Starter,Alex Collins,Sea,RB|W/R/T
11,15.5,Football Yankees,Non-Starter,Marvin Jones,Det,WR|W/R/T
11,0.0,Football Yankees,Non-Starter,Carlos Hyde,Jax,RB|W/R/T
11,14.6,Football Yankees,Non-Starter,Davante Adams,LAR,WR|W/R/T
11,0.0,Football Yankees,Non-Starter,Greg Olsen,Sea,TE|W/R/T
11,0.0,Football Yankees,Non-Starter,David Johnson,NO,RB|W/R/T
11,30.0,Football Yankees,Starter,Jacksonville Jaguars,Jax,DEF
12,30.54,Football Yankees,Starter,Ben Roethlisberger,Pit,QB
12,15.45,Football Yankees,Starter,Davante Adams,LAR,WR|W/R/T
12,0.0,Football Yankees,Starter,Michael Crabtree,Ari,WR|W/R/T
12,23.25,Football Yankees,Starter,Joe Mixon,Hou,RB|W/R/T
12,21.7,Football Yankees,Starter,Tevin Coleman,SF,RB|W/R/T
12,21.45,Football Yankees,Starter,Rob Gronkowski,TB,TE|W/R/T
12,8.55,Football Yankees,Starter,Carlos Hyde,Jax,RB|W/R/T
12,3.05,Football Yankees,Non-Starter,Demaryius Thomas,NE,WR|W/R/T
12,12.2,Football Yankees,Non-Starter,Alex Collins,Sea,RB|W/R/T
12,24.4,Football Yankees,Non-Starter,Marvin Jones,Det,WR|W/R/T
12,1.25,Football Yankees,Non-Starter,Greg Olsen,Sea,TE|W/R/T
12,0.0,Football Yankees,Non-Starter,David Johnson,NO,RB|W/R/T
12,14.0,Football Yankees,Starter,Jacksonville Jaguars,Jax,DEF
13,18.0,Football Yankees,Starter,Ben Roethlisberger,Pit,QB
13,10.0,Football Yankees,Starter,Marvin Jones,Det,WR|W/R/T
13,5.2,Football Yankees,Starter,Davante Adams,LAR,WR|W/R/T
13,22.3,Football Yankees,Starter,Alex Collins,Sea,RB|W/R/T
13,7.35,Football Yankees,Starter,Carlos Hyde,Jax,RB|W/R/T
13,16.95,Football Yankees,Starter,Rob Gronkowski,TB,TE|W/R/T
13,4.45,Football Yankees,Starter,Joe Mixon,Hou,RB|W/R/T
13,3.2,Football Yankees,Non-Starter,Demaryius Thomas,NE,WR|W/R/T
13,5.65,Football Yankees,Non-Starter,Tevin Coleman,SF,RB|W/R/T
13,0.0,Football Yankees,Non-Starter,Michael Crabtree,Ari,WR|W/R/T
13,0.0,Football Yankees,Non-Starter,Greg Olsen,Sea,TE|W/R/T
13,0.0,Football Yankees,Non-Starter,Aaron Rodgers,Pit,QB
13,15.0,Football Yankees,Starter,Jacksonville Jaguars,Jax,DEF
14,28.74,Football Yankees,Starter,Ben Roethlisberger,Pit,QB
14,7.15,Football Yankees,Starter,Marvin Jones,Det,WR|W/R/T
14,22.9,Football Yankees,Starter,Davante Adams,LAR,WR|W/R/T
14,23.1,Football Yankees,Starter,Alex Collins,Sea,RB|W/R/T
14,13.8,Football Yankees,Starter,Carlos Hyde,Jax,RB|W/R/T
14,0.0,Football Yankees,Starter,Greg Olsen,Sea,TE|W/R/T
14,9.75,Football Yankees,Starter,Michael Crabtree,Ari,WR|W/R/T
14,2.1,Football Yankees,Non-Starter,Stephen Anderson,LAC,TE|W/R/T
14,0.0,Football Yankees,Non-Starter,Joe Mixon,Hou,RB|W/R/T
14,0.0,Football Yankees,Non-Starter,Rob Gronkowski,TB,TE|W/R/T
14,3.2,Football Yankees,Non-Starter,Tevin Coleman,SF,RB|W/R/T
14,0.0,Football Yankees,Non-Starter,Aaron Rodgers,Pit,QB
14,12.5,Football Yankees,Starter,Jacksonville Jaguars,Jax,DEF
15,18.24,Football Yankees,Starter,Ben Roethlisberger,Pit,QB
15,9.25,Football Yankees,Starter,Marvin Jones,Det,WR|W/R/T
15,12.95,Football Yankees,Starter,Davante Adams,LAR,WR|W/R/T
15,6.45,Football Yankees,Starter,Alex Collins,Sea,RB|W/R/T
15,4.4,Football Yankees,Starter,Carlos Hyde,Jax,RB|W/R/T
15,21.05,Football Yankees,Starter,Rob Gronkowski,TB,TE|W/R/T
15,17.65,Football Yankees,Starter,Michael Crabtree,Ari,WR|W/R/T
15,0.0,Football Yankees,Non-Starter,Joe Mixon,Hou,RB|W/R/T
15,0.0,Football Yankees,Non-Starter,Tevin Coleman,SF,RB|W/R/T
15,21.9,Football Yankees,Non-Starter,Aaron Rodgers,Pit,QB
15,1.6,Football Yankees,Non-Starter,Matt Breida,SF,RB|W/R/T
15,1.3,Football Yankees,Non-Starter,James Conner,Ari,RB|W/R/T
15,15.5,Football Yankees,Starter,Jacksonville Jaguars,Jax,DEF
16,16.94,Football Yankees,Starter,Ben Roethlisberger,Pit,QB
16,5.75,Football Yankees,Starter,Marvin Jones,Det,WR|W/R/T
16,0.0,Football Yankees,Starter,Michael Crabtree,Ari,WR|W/R/T
16,7.35,Football Yankees,Starter,Alex Collins,Sea,RB|W/R/T
16,14.05,Football Yankees,Starter,Carlos Hyde,Jax,RB|W/R/T
16,13.95,Football Yankees,Starter,Rob Gronkowski,TB,TE|W/R/T
16,3.7,Football Yankees,Starter,Joe Mixon,Hou,RB|W/R/T
16,0.0,Football Yankees,Non-Starter,Davante Adams,LAR,WR|W/R/T
16,12.2,Football Yankees,Non-Starter,Tevin Coleman,SF,RB|W/R/T
16,0.0,Football Yankees,Non-Starter,Aaron Rodgers,Pit,QB
16,14.45,Football Yankees,Non-Starter,Matt Breida,SF,RB|W/R/T
16,0.0,Football Yankees,Non-Starter,James Conner,Ari,RB|W/R/T
16,5.5,Football Yankees,Starter,Jacksonville Jaguars,Jax,DEF
1,18.76,Pickle Rick Pitino,Starter,Tyrod Taylor,NYJ,QB
1,4.8,Pickle Rick Pitino,Starter,Dez Bryant,Bal,WR|W/R/T
1,2.35,Pickle Rick Pitino,Starter,Zay Jones,Ari,WR|W/R/T
1,14.45,Pickle Rick Pitino,Starter,Dalvin Cook,Dal,RB|W/R/T
1,9.05,Pickle Rick Pitino,Starter,C.J. Anderson,Det,RB|W/R/T
1,2.2,Pickle Rick Pitino,Starter,Antonio Gates,LAC,TE|W/R/T
1,8.35,Pickle Rick Pitino,Starter,Rishard Matthews,NYJ,WR|W/R/T
1,0.0,Pickle Rick Pitino,Non-Starter,O.J. Howard,Hou,TE|W/R/T
1,0.0,Pickle Rick Pitino,Non-Starter,Mike Evans,TB,WR|W/R/T
1,0.0,Pickle Rick Pitino,Non-Starter,Jay Cutler,Mia,QB
1,1.8,Pickle Rick Pitino,Non-Starter,Adrian Peterson,Sea,RB|W/R/T
1,1.1,Pickle Rick Pitino,Non-Starter,James Conner,Ari,RB|W/R/T
1,23.0,Pickle Rick Pitino,Starter,Pittsburgh Steelers,Pit,DEF
2,13.1,Pickle Rick Pitino,Starter,Jay Cutler,Mia,QB
2,13.65,Pickle Rick Pitino,Starter,Dez Bryant,Bal,WR|W/R/T
2,17.05,Pickle Rick Pitino,Starter,Mike Evans,TB,WR|W/R/T
2,6.9,Pickle Rick Pitino,Starter,Dalvin Cook,Dal,RB|W/R/T
2,28.15,Pickle Rick Pitino,Starter,C.J. Anderson,Det,RB|W/R/T
2,7.6,Pickle Rick Pitino,Starter,Antonio Gates,LAC,TE|W/R/T
2,5.05,Pickle Rick Pitino,Starter,Rishard Matthews,NYJ,WR|W/R/T
2,10.5,Pickle Rick Pitino,Non-Starter,Tyrod Taylor,NYJ,QB
2,2.3,Pickle Rick Pitino,Non-Starter,Zay Jones,Ari,WR|W/R/T
2,1.95,Pickle Rick Pitino,Non-Starter,O.J. Howard,Hou,TE|W/R/T
2,2.6,Pickle Rick Pitino,Non-Starter,Adrian Peterson,Sea,RB|W/R/T
2,0.9,Pickle Rick Pitino,Non-Starter,James Conner,Ari,RB|W/R/T
2,11.5,Pickle Rick Pitino,Starter,Pittsburgh Steelers,Pit,DEF
3,11.7,Pickle Rick Pitino,Starter,Jay Cutler,Mia,QB
3,7.7,Pickle Rick Pitino,Starter,Dez Bryant,Bal,WR|W/R/T
3,8.45,Pickle Rick Pitino,Starter,Mike Evans,TB,WR|W/R/T
3,24.15,Pickle Rick Pitino,Starter,Dalvin Cook,Dal,RB|W/R/T
3,4.8,Pickle Rick Pitino,Starter,C.J. Anderson,Det,RB|W/R/T
3,5.75,Pickle Rick Pitino,Starter,Evan Engram,Den,TE|W/R/T
3,16.2,Pickle Rick Pitino,Starter,Rishard Matthews,NYJ,WR|W/R/T
3,3.5,Pickle Rick Pitino,Non-Starter,Antonio Gates,LAC,TE|W/R/T
3,17.82,Pickle Rick Pitino,Non-Starter,Tyrod Taylor,NYJ,QB
3,0.0,Pickle Rick Pitino,Non-Starter,Zay Jones,Ari,WR|W/R/T
3,1.45,Pickle Rick Pitino,Non-Starter,O.J. Howard,Hou,TE|W/R/T
3,4.2,Pickle Rick Pitino,Non-Starter,Adrian Peterson,Sea,RB|W/R/T
3,11.0,Pickle Rick Pitino,Starter,Pittsburgh Steelers,Pit,DEF
4,12.48,Pickle Rick Pitino,Starter,Tyrod Taylor,NYJ,QB
4,11.05,Pickle Rick Pitino,Starter,Dez Bryant,Bal,WR|W/R/T
4,13.95,Pickle Rick Pitino,Starter,Mike Evans,TB,WR|W/R/T
4,11.65,Pickle Rick Pitino,Starter,Dalvin Cook,Dal,RB|W/R/T
4,12.2,Pickle Rick Pitino,Starter,C.J. Anderson,Det,RB|W/R/T
4,7.7,Pickle Rick Pitino,Starter,Evan Engram,Den,TE|W/R/T
4,5.65,Pickle Rick Pitino,Starter,Rishard Matthews,NYJ,WR|W/R/T
4,5.06,Pickle Rick Pitino,Non-Starter,Jay Cutler,Mia,QB
4,2.55,Pickle Rick Pitino,Non-Starter,Antonio Gates,LAC,TE|W/R/T
4,2.05,Pickle Rick Pitino,Non-Starter,Zay Jones,Ari,WR|W/R/T
4,12.8,Pickle Rick Pitino,Non-Starter,O.J. Howard,Hou,TE|W/R/T
4,0.4,Pickle Rick Pitino,Non-Starter,Adrian Peterson,Sea,RB|W/R/T
4,13.0,Pickle Rick Pitino,Starter,Cincinnati Bengals,Cin,DEF
5,8.94,Pickle Rick Pitino,Starter,Tyrod Taylor,NYJ,QB
5,12.45,Pickle Rick Pitino,Starter,Dez Bryant,Bal,WR|W/R/T
5,6.15,Pickle Rick Pitino,Starter,Mike Evans,TB,WR|W/R/T
5,22.1,Pickle Rick Pitino,Starter,Jerick McKinnon,KC,RB|W/R/T
5,1.95,Pickle Rick Pitino,Starter,D'Onta Foreman,Cle,RB|W/R/T
5,0.0,Pickle Rick Pitino,Starter,Evan Engram,Den,TE|W/R/T
5,3.85,Pickle Rick Pitino,Starter,Rishard Matthews,NYJ,WR|W/R/T
5,0.0,Pickle Rick Pitino,Non-Starter,C.J. Anderson,Det,RB|W/R/T
5,6.48,Pickle Rick Pitino,Non-Starter,Jay Cutler,Mia,QB
5,2.8,Pickle Rick Pitino,Non-Starter,Antonio Gates,LAC,TE|W/R/T
5,0.0,Pickle Rick Pitino,Non-Starter,O.J. Howard,Hou,TE|W/R/T
5,0.0,Pickle Rick Pitino,Non-Starter,Adrian Peterson,Sea,RB|W/R/T
5,10.0,Pickle Rick Pitino,Starter,Buffalo Bills,Buf,DEF
6,13.94,Pickle Rick Pitino,Starter,Trevor Siemian,Ten,QB
6,16.25,Pickle Rick Pitino,Starter,Mike Evans,TB,WR|W/R/T
6,7.9,Pickle Rick Pitino,Starter,Rishard Matthews,NYJ,WR|W/R/T
6,5.9,Pickle Rick Pitino,Starter,D'Onta Foreman,Cle,RB|W/R/T
6,1.7,Pickle Rick Pitino,Starter,C.J. Anderson,Det,RB|W/R/T
6,15.45,Pickle Rick Pitino,Starter,Evan Engram,Den,TE|W/R/T
6,21.15,Pickle Rick Pitino,Starter,Jerick McKinnon,KC,RB|W/R/T
6,0.0,Pickle Rick Pitino,Non-Starter,Tyrod Taylor,NYJ,QB
6,0.0,Pickle Rick Pitino,Non-Starter,Dez Bryant,Bal,WR|W/R/T
6,1.85,Pickle Rick Pitino,Non-Starter,Antonio Gates,LAC,TE|W/R/T
6,1.75,Pickle Rick Pitino,Non-Starter,O.J. Howard,Hou,TE|W/R/T
6,25.4,Pickle Rick Pitino,Non-Starter,Adrian Peterson,Sea,RB|W/R/T
6,16.5,Pickle Rick Pitino,Starter,New England Patriots,NE,DEF
7,20.02,Pickle Rick Pitino,Starter,Tyrod Taylor,NYJ,QB
7,16.55,Pickle Rick Pitino,Starter,Mike Evans,TB,WR|W/R/T
7,14.05,Pickle Rick Pitino,Starter,Dez Bryant,Bal,WR|W/R/T
7,6.35,Pickle Rick Pitino,Starter,C.J. Anderson,Det,RB|W/R/T
7,3.55,Pickle Rick Pitino,Starter,Adrian Peterson,Sea,RB|W/R/T
7,13.5,Pickle Rick Pitino,Starter,Evan Engram,Den,TE|W/R/T
7,6.45,Pickle Rick Pitino,Starter,Jerick McKinnon,KC,RB|W/R/T
7,4.75,Pickle Rick Pitino,Non-Starter,Rishard Matthews,NYJ,WR|W/R/T
7,0.0,Pickle Rick Pitino,Non-Starter,D'Onta Foreman,Cle,RB|W/R/T
7,5.68,Pickle Rick Pitino,Non-Starter,Trevor Siemian,Ten,QB
7,0.65,Pickle Rick Pitino,Non-Starter,Antonio Gates,LAC,TE|W/R/T
7,23.3,Pickle Rick Pitino,Non-Starter,O.J. Howard,Hou,TE|W/R/T
7,15.0,Pickle Rick Pitino,Starter,Tennessee Titans,Ten,DEF
8,16.7,Pickle Rick Pitino,Starter,Tyrod Taylor,NYJ,QB
8,7.25,Pickle Rick Pitino,Starter,Mike Evans,TB,WR|W/R/T
8,4.9,Pickle Rick Pitino,Starter,Dez Bryant,Bal,WR|W/R/T
8,8.75,Pickle Rick Pitino,Starter,C.J. Anderson,Det,RB|W/R/T
8,0.0,Pickle Rick Pitino,Starter,D'Onta Foreman,Cle,RB|W/R/T
8,2.1,Pickle Rick Pitino,Starter,O.J. Howard,Hou,TE|W/R/T
8,21.7,Pickle Rick Pitino,Starter,Jerick McKinnon,KC,RB|W/R/T
8,0.0,Pickle Rick Pitino,Non-Starter,Adrian Peterson,Sea,RB|W/R/T
8,0.0,Pickle Rick Pitino,Non-Starter,Evan Engram,Den,TE|W/R/T
8,0.0,Pickle Rick Pitino,Non-Starter,Rishard Matthews,NYJ,WR|W/R/T
8,7.92,Pickle Rick Pitino,Non-Starter,Trevor Siemian,Ten,QB
8,3.0,Pickle Rick Pitino,Non-Starter,Antonio Gates,LAC,TE|W/R/T
8,19.5,Pickle Rick Pitino,Starter,Cincinnati Bengals,Cin,DEF
9,26.9,Pickle Rick Pitino,Starter,Tyrod Taylor,NYJ,QB
9,1.55,Pickle Rick Pitino,Starter,Mike Evans,TB,WR|W/R/T
9,8.8,Pickle Rick Pitino,Starter,Dez Bryant,Bal,WR|W/R/T
9,1.3,Pickle Rick Pitino,Starter,C.J. Anderson,Det,RB|W/R/T
9,15.2,Pickle Rick Pitino,Starter,Adrian Peterson,Sea,RB|W/R/T
9,14.0,Pickle Rick Pitino,Starter,Evan Engram,Den,TE|W/R/T
9,14.0,Pickle Rick Pitino,Starter,Rishard Matthews,NYJ,WR|W/R/T
9,3.7,Pickle Rick Pitino,Non-Starter,D'Onta Foreman,Cle,RB|W/R/T
9,-1.15,Pickle Rick Pitino,Non-Starter,O.J. Howard,Hou,TE|W/R/T
9,0.0,Pickle Rick Pitino,Non-Starter,Jerick McKinnon,KC,RB|W/R/T
9,0.0,Pickle Rick Pitino,Non-Starter,Trevor Siemian,Ten,QB
9,0.0,Pickle Rick Pitino,Non-Starter,Antonio Gates,LAC,TE|W/R/T
9,3.0,Pickle Rick Pitino,Starter,Cincinnati Bengals,Cin,DEF
10,2.94,Pickle Rick Pitino,Starter,Tyrod Taylor,NYJ,QB
10,4.9,Pickle Rick Pitino,Starter,Dez Bryant,Bal,WR|W/R/T
10,6.25,Pickle Rick Pitino,Starter,Rishard Matthews,NYJ,WR|W/R/T
10,5.75,Pickle Rick Pitino,Starter,C.J. Anderson,Det,RB|W/R/T
10,2.45,Pickle Rick Pitino,Starter,Adrian Peterson,Sea,RB|W/R/T
10,10.6,Pickle Rick Pitino,Starter,Evan Engram,Den,TE|W/R/T
10,5.2,Pickle Rick Pitino,Starter,Jerick McKinnon,KC,RB|W/R/T
10,0.0,Pickle Rick Pitino,Non-Starter,Mike Evans,TB,WR|W/R/T
10,1.8,Pickle Rick Pitino,Non-Starter,D'Onta Foreman,Cle,RB|W/R/T
10,0.0,Pickle Rick Pitino,Non-Starter,O.J. Howard,Hou,TE|W/R/T
10,0.0,Pickle Rick Pitino,Non-Starter,Trevor Siemian,Ten,QB
10,0.55,Pickle Rick Pitino,Non-Starter,Antonio Gates,LAC,TE|W/R/T
10,9.5,Pickle Rick Pitino,Starter,Tennessee Titans,Ten,DEF
11,1.42,Pickle Rick Pitino,Starter,Jay Cutler,Mia,QB
11,8.3,Pickle Rick Pitino,Starter,Dez Bryant,Bal,WR|W/R/T
11,10.45,Pickle Rick Pitino,Starter,Mike Evans,TB,WR|W/R/T
11,4.15,Pickle Rick Pitino,Starter,Adrian Peterson,Sea,RB|W/R/T
11,7.25,Pickle Rick Pitino,Starter,Jerick McKinnon,KC,RB|W/R/T
11,1.15,Pickle Rick Pitino,Starter,Evan Engram,Den,TE|W/R/T
11,10.1,Pickle Rick Pitino,Starter,C.J. Anderson,Det,RB|W/R/T
11,18.12,Pickle Rick Pitino,Non-Starter,Tyrod Taylor,NYJ,QB
11,18.55,Pickle Rick Pitino,Non-Starter,Rishard Matthews,NYJ,WR|W/R/T
11,20.75,Pickle Rick Pitino,Non-Starter,D'Onta Foreman,Cle,RB|W/R/T
11,11.95,Pickle Rick Pitino,Non-Starter,O.J. Howard,Hou,TE|W/R/T
11,0.0,Pickle Rick Pitino,Non-Starter,Antonio Gates,LAC,TE|W/R/T
11,13.5,Pickle Rick Pitino,Starter,Cincinnati Bengals,Cin,DEF
12,14.02,Pickle Rick Pitino,Starter,Tyrod Taylor,NYJ,QB
12,4.45,Pickle Rick Pitino,Starter,Dez Bryant,Bal,WR|W/R/T
12,9.3,Pickle Rick Pitino,Starter,Mike Evans,TB,WR|W/R/T
12,10.9,Pickle Rick Pitino,Starter,Adrian Peterson,Sea,RB|W/R/T
12,5.65,Pickle Rick Pitino,Starter,Jerick McKinnon,KC,RB|W/R/T
12,2.55,Pickle Rick Pitino,Starter,Evan Engram,Den,TE|W/R/T
12,0.0,Pickle Rick Pitino,Starter,Rishard Matthews,NYJ,WR|W/R/T
12,0.0,Pickle Rick Pitino,Non-Starter,Jay Cutler,Mia,QB
12,1.2,Pickle Rick Pitino,Non-Starter,C.J. Anderson,Det,RB|W/R/T
12,0.0,Pickle Rick Pitino,Non-Starter,D'Onta Foreman,Cle,RB|W/R/T
12,5.95,Pickle Rick Pitino,Non-Starter,O.J. Howard,Hou,TE|W/R/T
12,0.0,Pickle Rick Pitino,Non-Starter,Antonio Gates,LAC,TE|W/R/T
12,9.0,Pickle Rick Pitino,Starter,Cincinnati Bengals,Cin,DEF
13,3.8,Pickle Rick Pitino,Starter,Tyrod Taylor,NYJ,QB
13,13.35,Pickle Rick Pitino,Starter,Dez Bryant,Bal,WR|W/R/T
13,3.8,Pickle Rick Pitino,Starter,Mike Evans,TB,WR|W/R/T
13,0.0,Pickle Rick Pitino,Starter,Adrian Peterson,Sea,RB|W/R/T
13,12.45,Pickle Rick Pitino,Starter,Jerick McKinnon,KC,RB|W/R/T
13,17.65,Pickle Rick Pitino,Starter,Evan Engram,Den,TE|W/R/T
13,12.0,Pickle Rick Pitino,Starter,C.J. Anderson,Det,RB|W/R/T
13,0.0,Pickle Rick Pitino,Non-Starter,Rishard Matthews,NYJ,WR|W/R/T
13,11.5,Pickle Rick Pitino,Non-Starter,Jay Cutler,Mia,QB
13,0.0,Pickle Rick Pitino,Non-Starter,D'Onta Foreman,Cle,RB|W/R/T
13,1.95,Pickle Rick Pitino,Non-Starter,O.J. Howard,Hou,TE|W/R/T
13,3.95,Pickle Rick Pitino,Non-Starter,Antonio Gates,LAC,TE|W/R/T
13,12.0,Pickle Rick Pitino,Starter,Tennessee Titans,Ten,DEF
1,6.84,AirBudGoldenReceiver,Starter,Joe Flacco,Cle,QB
1,7.6,AirBudGoldenReceiver,Starter,Julio Jones,Phi,WR|W/R/T
1,4.45,AirBudGoldenReceiver,Starter,T.Y. Hilton,Dal,WR|W/R/T
1,16.3,AirBudGoldenReceiver,Starter,Ty Montgomery II,NE,RB|W/R/T
1,0.0,AirBudGoldenReceiver,Starter,Samaje Perine,Cin,RB|W/R/T
1,12.3,AirBudGoldenReceiver,Starter,Charles Clay,Ari,TE|W/R/T
1,0.6,AirBudGoldenReceiver,Starter,Latavius Murray,Buf,RB|W/R/T
1,0.0,AirBudGoldenReceiver,Non-Starter,Odell Beckham,Mia,WR|W/R/T
1,0.0,AirBudGoldenReceiver,Non-Starter,Cameron Brate,TB,TE|W/R/T
1,0.0,AirBudGoldenReceiver,Non-Starter,T.J. Yeldon,Buf,RB|W/R/T
1,16.88,AirBudGoldenReceiver,Non-Starter,Carson Wentz,Min,QB
1,2.5,AirBudGoldenReceiver,Non-Starter,Devin Funchess,Det,WR|W/R/T
1,14.5,AirBudGoldenReceiver,Starter,Washington Commanders,Was,DEF
2,24.82,AirBudGoldenReceiver,Starter,Carson Wentz,Min,QB
2,12.05,AirBudGoldenReceiver,Starter,Julio Jones,Phi,WR|W/R/T
2,5.9,AirBudGoldenReceiver,Starter,T.Y. Hilton,Dal,WR|W/R/T
2,24.5,AirBudGoldenReceiver,Starter,Ty Montgomery II,NE,RB|W/R/T
2,6.3,AirBudGoldenReceiver,Starter,Darren Sproles,Phi,RB|W/R/T
2,3.05,AirBudGoldenReceiver,Starter,Charles Clay,Ari,TE|W/R/T
2,4.6,AirBudGoldenReceiver,Starter,Odell Beckham,Mia,WR|W/R/T
2,6.95,AirBudGoldenReceiver,Non-Starter,Samaje Perine,Cin,RB|W/R/T
2,14.58,AirBudGoldenReceiver,Non-Starter,Joe Flacco,Cle,QB
2,2.9,AirBudGoldenReceiver,Non-Starter,Cameron Brate,TB,TE|W/R/T
2,0.0,AirBudGoldenReceiver,Non-Starter,T.J. Yeldon,Buf,RB|W/R/T
2,7.8,AirBudGoldenReceiver,Non-Starter,Devin Funchess,Det,WR|W/R/T
2,10.0,AirBudGoldenReceiver,Starter,Washington Commanders,Was,DEF
3,13.24,AirBudGoldenReceiver,Starter,Carson Wentz,Min,QB
3,10.85,AirBudGoldenReceiver,Starter,Julio Jones,Phi,WR|W/R/T
3,22.15,AirBudGoldenReceiver,Starter,Odell Beckham,Mia,WR|W/R/T
3,7.0,AirBudGoldenReceiver,Starter,Ty Montgomery II,NE,RB|W/R/T
3,1.1,AirBudGoldenReceiver,Starter,Darren Sproles,Phi,RB|W/R/T
3,11.4,AirBudGoldenReceiver,Starter,Charles Clay,Ari,TE|W/R/T
3,3.75,AirBudGoldenReceiver,Starter,Samaje Perine,Cin,RB|W/R/T
3,23.05,AirBudGoldenReceiver,Non-Starter,T.Y. Hilton,Dal,WR|W/R/T
3,-2.88,AirBudGoldenReceiver,Non-Starter,Joe Flacco,Cle,QB
3,10.3,AirBudGoldenReceiver,Non-Starter,Cameron Brate,TB,TE|W/R/T
3,6.8,AirBudGoldenReceiver,Non-Starter,Devin Funchess,Det,WR|W/R/T
3,11.5,AirBudGoldenReceiver,Starter,Green Bay Packers,GB,DEF
3,19.5,AirBudGoldenReceiver,Non-Starter,Washington Commanders,Was,DEF
4,15.08,AirBudGoldenReceiver,Starter,Carson Wentz,Min,QB
4,3.75,AirBudGoldenReceiver,Starter,Julio Jones,Phi,WR|W/R/T
4,10.75,AirBudGoldenReceiver,Starter,Odell Beckham,Mia,WR|W/R/T
4,2.8,AirBudGoldenReceiver,Starter,Ty Montgomery II,NE,RB|W/R/T
4,14.9,AirBudGoldenReceiver,Starter,Wendell Smallwood,Jax,RB|W/R/T
4,12.45,AirBudGoldenReceiver,Starter,Charles Clay,Ari,TE|W/R/T
4,3.75,AirBudGoldenReceiver,Starter,T.Y. Hilton,Dal,WR|W/R/T
4,2.7,AirBudGoldenReceiver,Non-Starter,Samaje Perine,Cin,RB|W/R/T
4,9.4,AirBudGoldenReceiver,Non-Starter,Joe Flacco,Cle,QB
4,15.0,AirBudGoldenReceiver,Non-Starter,Cameron Brate,TB,TE|W/R/T
4,20.75,AirBudGoldenReceiver,Non-Starter,Devin Funchess,Det,WR|W/R/T
4,13.0,AirBudGoldenReceiver,Starter,Green Bay Packers,GB,DEF
4,7.0,AirBudGoldenReceiver,Non-Starter,Washington Commanders,Was,DEF
5,27.26,AirBudGoldenReceiver,Starter,Carson Wentz,Min,QB
5,17.75,AirBudGoldenReceiver,Starter,Odell Beckham,Mia,WR|W/R/T
5,19.45,AirBudGoldenReceiver,Starter,T.Y. Hilton,Dal,WR|W/R/T
5,19.65,AirBudGoldenReceiver,Starter,Aaron Jones,Min,RB|W/R/T
5,0.1,AirBudGoldenReceiver,Starter,Jamaal Williams,NO,RB|W/R/T
5,3.6,AirBudGoldenReceiver,Starter,Charles Clay,Ari,TE|W/R/T
5,13.05,AirBudGoldenReceiver,Starter,Devin Funchess,Det,WR|W/R/T
5,0.0,AirBudGoldenReceiver,Non-Starter,Wendell Smallwood,Jax,RB|W/R/T
5,0.0,AirBudGoldenReceiver,Non-Starter,Ty Montgomery II,NE,RB|W/R/T
5,0.0,AirBudGoldenReceiver,Non-Starter,Julio Jones,Phi,WR|W/R/T
5,14.05,AirBudGoldenReceiver,Non-Starter,Cameron Brate,TB,TE|W/R/T
5,10.5,AirBudGoldenReceiver,Starter,New York Jets,NYJ,DEF
5,0.0,AirBudGoldenReceiver,Non-Starter,Washington Commanders,Was,DEF
6,21.38,AirBudGoldenReceiver,Starter,Carson Wentz,Min,QB
6,2.15,AirBudGoldenReceiver,Starter,T.Y. Hilton,Dal,WR|W/R/T
6,8.7,AirBudGoldenReceiver,Starter,Julio Jones,Phi,WR|W/R/T
6,4.45,AirBudGoldenReceiver,Starter,Aaron Jones,Min,RB|W/R/T
6,3.35,AirBudGoldenReceiver,Starter,Ty Montgomery II,NE,RB|W/R/T
6,15.1,AirBudGoldenReceiver,Starter,Cameron Brate,TB,TE|W/R/T
6,4.35,AirBudGoldenReceiver,Starter,Devin Funchess,Det,WR|W/R/T
6,13.25,AirBudGoldenReceiver,Non-Starter,Orleans Darkwa,NYG,RB|W/R/T
6,0.0,AirBudGoldenReceiver,Non-Starter,Charles Clay,Ari,TE|W/R/T
6,0.0,AirBudGoldenReceiver,Non-Starter,Wendell Smallwood,Jax,RB|W/R/T
6,12.5,AirBudGoldenReceiver,Non-Starter,Nelson Agholor,Bal,WR|W/R/T
6,3.35,AirBudGoldenReceiver,Non-Starter,Jalen Richard,LV,RB|W/R/T
6,8.0,AirBudGoldenReceiver,Starter,Washington Commanders,Was,DEF
7,31.02,AirBudGoldenReceiver,Starter,Carson Wentz,Min,QB
7,3.2,AirBudGoldenReceiver,Starter,T.Y. Hilton,Dal,WR|W/R/T
7,18.15,AirBudGoldenReceiver,Starter,Julio Jones,Phi,WR|W/R/T
7,20.55,AirBudGoldenReceiver,Starter,Aaron Jones,Min,RB|W/R/T
7,1.75,AirBudGoldenReceiver,Starter,Ty Montgomery II,NE,RB|W/R/T
7,7.5,AirBudGoldenReceiver,Starter,Cameron Brate,TB,TE|W/R/T
7,5.55,AirBudGoldenReceiver,Starter,Orleans Darkwa,NYG,RB|W/R/T
7,5.1,AirBudGoldenReceiver,Non-Starter,Devin Funchess,Det,WR|W/R/T
7,0.0,AirBudGoldenReceiver,Non-Starter,Charles Clay,Ari,TE|W/R/T
7,4.4,AirBudGoldenReceiver,Non-Starter,Wendell Smallwood,Jax,RB|W/R/T
7,11.5,AirBudGoldenReceiver,Non-Starter,Nelson Agholor,Bal,WR|W/R/T
7,8.6,AirBudGoldenReceiver,Non-Starter,Jalen Richard,LV,RB|W/R/T
7,8.5,AirBudGoldenReceiver,Starter,Washington Commanders,Was,DEF
8,17.14,AirBudGoldenReceiver,Starter,Carson Wentz,Min,QB
8,2.0,AirBudGoldenReceiver,Starter,T.Y. Hilton,Dal,WR|W/R/T
8,8.15,AirBudGoldenReceiver,Starter,Julio Jones,Phi,WR|W/R/T
8,1.65,AirBudGoldenReceiver,Starter,Wendell Smallwood,Jax,RB|W/R/T
8,4.85,AirBudGoldenReceiver,Starter,Jalen Richard,LV,RB|W/R/T
8,7.4,AirBudGoldenReceiver,Starter,Cameron Brate,TB,TE|W/R/T
8,3.35,AirBudGoldenReceiver,Starter,Nelson Agholor,Bal,WR|W/R/T
8,0.0,AirBudGoldenReceiver,Non-Starter,Orleans Darkwa,NYG,RB|W/R/T
8,0.0,AirBudGoldenReceiver,Non-Starter,Ty Montgomery II,NE,RB|W/R/T
8,0.0,AirBudGoldenReceiver,Non-Starter,Aaron Jones,Min,RB|W/R/T
8,1.6,AirBudGoldenReceiver,Non-Starter,Devin Funchess,Det,WR|W/R/T
8,0.0,AirBudGoldenReceiver,Non-Starter,Charles Clay,Ari,TE|W/R/T
8,7.0,AirBudGoldenReceiver,Starter,Washington Commanders,Was,DEF
9,24.76,AirBudGoldenReceiver,Starter,Carson Wentz,Min,QB
9,30.75,AirBudGoldenReceiver,Starter,T.Y. Hilton,Dal,WR|W/R/T
9,13.3,AirBudGoldenReceiver,Starter,Julio Jones,Phi,WR|W/R/T
9,1.6,AirBudGoldenReceiver,Starter,Aaron Jones,Min,RB|W/R/T
9,8.4,AirBudGoldenReceiver,Starter,Orleans Darkwa,NYG,RB|W/R/T
9,1.15,AirBudGoldenReceiver,Starter,Cameron Brate,TB,TE|W/R/T
9,4.1,AirBudGoldenReceiver,Starter,Nelson Agholor,Bal,WR|W/R/T
9,1.4,AirBudGoldenReceiver,Non-Starter,Jalen Richard,LV,RB|W/R/T
9,2.5,AirBudGoldenReceiver,Non-Starter,Wendell Smallwood,Jax,RB|W/R/T
9,5.35,AirBudGoldenReceiver,Non-Starter,Ty Montgomery II,NE,RB|W/R/T
9,9.85,AirBudGoldenReceiver,Non-Starter,Devin Funchess,Det,WR|W/R/T
9,0.0,AirBudGoldenReceiver,Non-Starter,Charles Clay,Ari,TE|W/R/T
9,13.5,AirBudGoldenReceiver,Starter,Washington Commanders,Was,DEF
10,16.92,AirBudGoldenReceiver,Starter,Eli Manning,NYG,QB
10,2.8,AirBudGoldenReceiver,Starter,T.Y. Hilton,Dal,WR|W/R/T
10,7.2,AirBudGoldenReceiver,Starter,Julio Jones,Phi,WR|W/R/T
10,1.45,AirBudGoldenReceiver,Starter,Aaron Jones,Min,RB|W/R/T
10,11.3,AirBudGoldenReceiver,Starter,Orleans Darkwa,NYG,RB|W/R/T
10,1.25,AirBudGoldenReceiver,Starter,Cameron Brate,TB,TE|W/R/T
10,13.3,AirBudGoldenReceiver,Starter,Ty Montgomery II,NE,RB|W/R/T
10,0.0,AirBudGoldenReceiver,Non-Starter,Carson Wentz,Min,QB
10,0.0,AirBudGoldenReceiver,Non-Starter,Nelson Agholor,Bal,WR|W/R/T
10,0.0,AirBudGoldenReceiver,Non-Starter,Jalen Richard,LV,RB|W/R/T
10,22.45,AirBudGoldenReceiver,Non-Starter,Devin Funchess,Det,WR|W/R/T
10,1.8,AirBudGoldenReceiver,Non-Starter,Charles Clay,Ari,TE|W/R/T
10,2.5,AirBudGoldenReceiver,Starter,Washington Commanders,Was,DEF
11,20.02,AirBudGoldenReceiver,Starter,Carson Wentz,Min,QB
11,8.35,AirBudGoldenReceiver,Starter,Julio Jones,Phi,WR|W/R/T
11,0.05,AirBudGoldenReceiver,Starter,Nelson Agholor,Bal,WR|W/R/T
11,15.5,AirBudGoldenReceiver,Starter,Orleans Darkwa,NYG,RB|W/R/T
11,18.85,AirBudGoldenReceiver,Starter,Samaje Perine,Cin,RB|W/R/T
11,1.45,AirBudGoldenReceiver,Starter,Cameron Brate,TB,TE|W/R/T
11,2.25,AirBudGoldenReceiver,Starter,T.J. Yeldon,Buf,RB|W/R/T
11,3.45,AirBudGoldenReceiver,Non-Starter,Charles Clay,Ari,TE|W/R/T
11,0.0,AirBudGoldenReceiver,Non-Starter,Ty Montgomery II,NE,RB|W/R/T
11,0.0,AirBudGoldenReceiver,Non-Starter,Aaron Jones,Min,RB|W/R/T
11,0.0,AirBudGoldenReceiver,Non-Starter,T.Y. Hilton,Dal,WR|W/R/T
11,0.0,AirBudGoldenReceiver,Non-Starter,Devin Funchess,Det,WR|W/R/T
11,5.5,AirBudGoldenReceiver,Starter,Washington Commanders,Was,DEF
12,23.98,AirBudGoldenReceiver,Starter,Carson Wentz,Min,QB
12,41.8,AirBudGoldenReceiver,Starter,Julio Jones,Phi,WR|W/R/T
12,2.0,AirBudGoldenReceiver,Starter,T.Y. Hilton,Dal,WR|W/R/T
12,4.15,AirBudGoldenReceiver,Starter,Orleans Darkwa,NYG,RB|W/R/T
12,13.75,AirBudGoldenReceiver,Starter,Samaje Perine,Cin,RB|W/R/T
12,7.0,AirBudGoldenReceiver,Starter,Charles Clay,Ari,TE|W/R/T
12,12.55,AirBudGoldenReceiver,Starter,Devin Funchess,Det,WR|W/R/T
12,0.85,AirBudGoldenReceiver,Non-Starter,Cameron Brate,TB,TE|W/R/T
12,0.0,AirBudGoldenReceiver,Non-Starter,Ty Montgomery II,NE,RB|W/R/T
12,6.45,AirBudGoldenReceiver,Non-Starter,T.J. Yeldon,Buf,RB|W/R/T
12,15.95,AirBudGoldenReceiver,Non-Starter,Nelson Agholor,Bal,WR|W/R/T
12,0.0,AirBudGoldenReceiver,Non-Starter,Aaron Jones,Min,RB|W/R/T
12,18.0,AirBudGoldenReceiver,Starter,Washington Commanders,Was,DEF
13,16.92,AirBudGoldenReceiver,Starter,Carson Wentz,Min,QB
13,2.9,AirBudGoldenReceiver,Starter,Julio Jones,Phi,WR|W/R/T
13,13.0,AirBudGoldenReceiver,Starter,Devin Funchess,Det,WR|W/R/T
13,7.65,AirBudGoldenReceiver,Starter,Samaje Perine,Cin,RB|W/R/T
13,2.5,AirBudGoldenReceiver,Starter,Jacquizz Rodgers,TB,RB|W/R/T
13,2.75,AirBudGoldenReceiver,Starter,Charles Clay,Ari,TE|W/R/T
13,11.85,AirBudGoldenReceiver,Starter,T.Y. Hilton,Dal,WR|W/R/T
13,9.35,AirBudGoldenReceiver,Non-Starter,Orleans Darkwa,NYG,RB|W/R/T
13,16.4,AirBudGoldenReceiver,Non-Starter,Cameron Brate,TB,TE|W/R/T
13,3.0,AirBudGoldenReceiver,Non-Starter,T.J. Yeldon,Buf,RB|W/R/T
13,21.85,AirBudGoldenReceiver,Non-Starter,Nelson Agholor,Bal,WR|W/R/T
13,8.0,AirBudGoldenReceiver,Non-Starter,Aaron Jones,Min,RB|W/R/T
13,0.5,AirBudGoldenReceiver,Starter,Washington Commanders,Was,DEF
14,27.24,AirBudGoldenReceiver,Starter,Carson Wentz,Min,QB
14,11.05,AirBudGoldenReceiver,Starter,Julio Jones,Phi,WR|W/R/T
14,2.5,AirBudGoldenReceiver,Starter,T.Y. Hilton,Dal,WR|W/R/T
14,6.2,AirBudGoldenReceiver,Starter,Samaje Perine,Cin,RB|W/R/T
14,-0.2,AirBudGoldenReceiver,Starter,Aaron Jones,Min,RB|W/R/T
14,1.6,AirBudGoldenReceiver,Starter,Charles Clay,Ari,TE|W/R/T
14,12.65,AirBudGoldenReceiver,Starter,Devin Funchess,Det,WR|W/R/T
14,4.9,AirBudGoldenReceiver,Non-Starter,Orleans Darkwa,NYG,RB|W/R/T
14,1.35,AirBudGoldenReceiver,Non-Starter,Cameron Brate,TB,TE|W/R/T
14,8.4,AirBudGoldenReceiver,Non-Starter,Nelson Agholor,Bal,WR|W/R/T
14,16.76,AirBudGoldenReceiver,Non-Starter,Joe Flacco,Cle,QB
14,9.0,AirBudGoldenReceiver,Starter,Buffalo Bills,Buf,DEF
14,11.5,AirBudGoldenReceiver,Non-Starter,Washington Commanders,Was,DEF
15,21.82,AirBudGoldenReceiver,Starter,Joe Flacco,Cle,QB
15,6.15,AirBudGoldenReceiver,Starter,Julio Jones,Phi,WR|W/R/T
15,5.35,AirBudGoldenReceiver,Starter,T.Y. Hilton,Dal,WR|W/R/T
15,7.1,AirBudGoldenReceiver,Starter,Samaje Perine,Cin,RB|W/R/T
15,6.1,AirBudGoldenReceiver,Starter,Kerwynn Williams,Ari,RB|W/R/T
15,8.05,AirBudGoldenReceiver,Starter,Charles Clay,Ari,TE|W/R/T
15,2.15,AirBudGoldenReceiver,Starter,Devin Funchess,Det,WR|W/R/T
15,7.85,AirBudGoldenReceiver,Non-Starter,Orleans Darkwa,NYG,RB|W/R/T
15,5.55,AirBudGoldenReceiver,Non-Starter,Aaron Jones,Min,RB|W/R/T
15,5.9,AirBudGoldenReceiver,Non-Starter,Cameron Brate,TB,TE|W/R/T
15,13.65,AirBudGoldenReceiver,Non-Starter,Nelson Agholor,Bal,WR|W/R/T
15,14.5,AirBudGoldenReceiver,Starter,Washington Commanders,Was,DEF
15,14.5,AirBudGoldenReceiver,Non-Starter,Buffalo Bills,Buf,DEF
16,17.28,AirBudGoldenReceiver,Starter,Joe Flacco,Cle,QB
16,16.65,AirBudGoldenReceiver,Starter,Julio Jones,Phi,WR|W/R/T
16,11.5,AirBudGoldenReceiver,Starter,T.Y. Hilton,Dal,WR|W/R/T
16,7.0,AirBudGoldenReceiver,Starter,Kerwynn Williams,Ari,RB|W/R/T
16,6.15,AirBudGoldenReceiver,Starter,Samaje Perine,Cin,RB|W/R/T
16,4.7,AirBudGoldenReceiver,Starter,Charles Clay,Ari,TE|W/R/T
16,5.9,AirBudGoldenReceiver,Starter,Kapri Bibbs,GB,RB|W/R/T
16,10.3,AirBudGoldenReceiver,Non-Starter,Tion Green,Det,RB|W/R/T
16,1.85,AirBudGoldenReceiver,Non-Starter,Devin Funchess,Det,WR|W/R/T
16,1.3,AirBudGoldenReceiver,Non-Starter,Aaron Jones,Min,RB|W/R/T
16,1.0,AirBudGoldenReceiver,Non-Starter,Orleans Darkwa,NYG,RB|W/R/T
16,4.5,AirBudGoldenReceiver,Non-Starter,Nelson Agholor,Bal,WR|W/R/T
16,18.0,AirBudGoldenReceiver,Starter,Washington Commanders,Was,DEF
1,18.84,Living On A Pryor!,Starter,Marcus Mariota,Was,QB
1,20.95,Living On A Pryor!,Starter,Antonio Brown,TB,WR|W/R/T
1,6.8,Living On A Pryor!,Starter,Ted Ginn,Chi,WR|W/R/T
1,41.85,Living On A Pryor!,Starter,Kareem Hunt,KC,RB|W/R/T
1,13.35,Living On A Pryor!,Starter,Jordan Howard,NO,RB|W/R/T
1,19.3,Living On A Pryor!,Starter,Austin Hooper,NE,TE|W/R/T
1,14.0,Living On A Pryor!,Starter,Terrance West,Bal,RB|W/R/T
1,4.45,Living On A Pryor!,Non-Starter,Danny Woodhead,Bal,RB|W/R/T
1,0.75,Living On A Pryor!,Non-Starter,Breshad Perriman,TB,WR|W/R/T
1,2.0,Living On A Pryor!,Non-Starter,Jamaal Charles,Jax,RB|W/R/T
1,8.4,Living On A Pryor!,Non-Starter,Corey Davis,NYJ,WR|W/R/T
1,0.4,Living On A Pryor!,Non-Starter,D'Onta Foreman,Cle,RB|W/R/T
1,17.5,Living On A Pryor!,Starter,Carolina Panthers,Car,DEF
2,13.0,Living On A Pryor!,Starter,Marcus Mariota,Was,QB
2,7.45,Living On A Pryor!,Starter,Antonio Brown,TB,WR|W/R/T
2,3.15,Living On A Pryor!,Starter,Ted Ginn,Chi,WR|W/R/T
2,23.65,Living On A Pryor!,Starter,Kareem Hunt,KC,RB|W/R/T
2,0.7,Living On A Pryor!,Starter,Jordan Howard,NO,RB|W/R/T
2,1.2,Living On A Pryor!,Starter,Austin Hooper,NE,TE|W/R/T
2,11.0,Living On A Pryor!,Starter,Terrance West,Bal,RB|W/R/T
2,5.45,Living On A Pryor!,Non-Starter,Jamaal Charles,Jax,RB|W/R/T
2,0.65,Living On A Pryor!,Non-Starter,Corey Davis,NYJ,WR|W/R/T
2,6.15,Living On A Pryor!,Non-Starter,Alvin Kamara,NO,RB|W/R/T
2,17.35,Living On A Pryor!,Non-Starter,Javorius Allen,NYG,RB|W/R/T
2,1.05,Living On A Pryor!,Non-Starter,Kenny Golladay,NYG,WR|W/R/T
2,14.5,Living On A Pryor!,Starter,Carolina Panthers,Car,DEF
3,19.7,Living On A Pryor!,Starter,Marcus Mariota,Was,QB
3,19.5,Living On A Pryor!,Starter,Antonio Brown,TB,WR|W/R/T
3,0.0,Living On A Pryor!,Starter,J.J. Nelson,Ind,WR|W/R/T
3,24.55,Living On A Pryor!,Starter,Kareem Hunt,KC,RB|W/R/T
3,4.05,Living On A Pryor!,Starter,Javorius Allen,NYG,RB|W/R/T
3,1.15,Living On A Pryor!,Starter,Austin Hooper,NE,TE|W/R/T
3,3.0,Living On A Pryor!,Starter,Kenny Golladay,NYG,WR|W/R/T
3,27.85,Living On A Pryor!,Non-Starter,Jordan Howard,NO,RB|W/R/T
3,0.6,Living On A Pryor!,Non-Starter,Terrance West,Bal,RB|W/R/T
3,11.95,Living On A Pryor!,Non-Starter,Jamaal Charles,Jax,RB|W/R/T
3,0.0,Living On A Pryor!,Non-Starter,Corey Davis,NYJ,WR|W/R/T
3,10.95,Living On A Pryor!,Non-Starter,Alvin Kamara,NO,RB|W/R/T
3,3.0,Living On A Pryor!,Starter,Carolina Panthers,Car,DEF
4,15.74,Living On A Pryor!,Starter,Marcus Mariota,Was,QB
4,4.4,Living On A Pryor!,Starter,Antonio Brown,TB,WR|W/R/T
4,4.15,Living On A Pryor!,Starter,J.J. Nelson,Ind,WR|W/R/T
4,13.1,Living On A Pryor!,Starter,Kareem Hunt,KC,RB|W/R/T
4,12.8,Living On A Pryor!,Starter,Jordan Howard,NO,RB|W/R/T
4,6.25,Living On A Pryor!,Starter,Austin Hooper,NE,TE|W/R/T
4,5.9,Living On A Pryor!,Starter,Javorius Allen,NYG,RB|W/R/T
4,0.0,Living On A Pryor!,Non-Starter,Kenny Golladay,NYG,WR|W/R/T
4,-0.7,Living On A Pryor!,Non-Starter,Terrance West,Bal,RB|W/R/T
4,4.95,Living On A Pryor!,Non-Starter,Jamaal Charles,Jax,RB|W/R/T
4,0.0,Living On A Pryor!,Non-Starter,Corey Davis,NYJ,WR|W/R/T
4,18.1,Living On A Pryor!,Non-Starter,Alvin Kamara,NO,RB|W/R/T
4,5.0,Living On A Pryor!,Starter,Carolina Panthers,Car,DEF
5,35.54,Living On A Pryor!,Starter,Deshaun Watson,Cle,QB
5,18.2,Living On A Pryor!,Starter,Antonio Brown,TB,WR|W/R/T
5,8.4,Living On A Pryor!,Starter,J.J. Nelson,Ind,WR|W/R/T
5,12.35,Living On A Pryor!,Starter,Kareem Hunt,KC,RB|W/R/T
5,7.6,Living On A Pryor!,Starter,Jordan Howard,NO,RB|W/R/T
5,1.25,Living On A Pryor!,Starter,Jared Cook,LAC,TE|W/R/T
5,15.5,Living On A Pryor!,Starter,Javorius Allen,NYG,RB|W/R/T
5,0.0,Living On A Pryor!,Non-Starter,Marcus Mariota,Was,QB
5,0.0,Living On A Pryor!,Non-Starter,Kenny Golladay,NYG,WR|W/R/T
5,0.0,Living On A Pryor!,Non-Starter,Jamaal Charles,Jax,RB|W/R/T
5,0.0,Living On A Pryor!,Non-Starter,Corey Davis,NYJ,WR|W/R/T
5,0.0,Living On A Pryor!,Non-Starter,Alvin Kamara,NO,RB|W/R/T
5,14.0,Living On A Pryor!,Starter,Carolina Panthers,Car,DEF
6,21.3,Living On A Pryor!,Starter,Deshaun Watson,Cle,QB
6,23.5,Living On A Pryor!,Starter,Antonio Brown,TB,WR|W/R/T
6,1.6,Living On A Pryor!,Starter,J.J. Nelson,Ind,WR|W/R/T
6,12.25,Living On A Pryor!,Starter,Kareem Hunt,KC,RB|W/R/T
6,17.85,Living On A Pryor!,Starter,Jordan Howard,NO,RB|W/R/T
6,1.9,Living On A Pryor!,Starter,Jared Cook,LAC,TE|W/R/T
6,7.35,Living On A Pryor!,Starter,Javorius Allen,NYG,RB|W/R/T
6,3.95,Living On A Pryor!,Non-Starter,JuJu Smith-Schuster,KC,WR|W/R/T
6,12.24,Living On A Pryor!,Non-Starter,Marcus Mariota,Was,QB
6,2.35,Living On A Pryor!,Non-Starter,Jamaal Charles,Jax,RB|W/R/T
6,0.0,Living On A Pryor!,Non-Starter,Corey Davis,NYJ,WR|W/R/T
6,9.45,Living On A Pryor!,Non-Starter,Alvin Kamara,NO,RB|W/R/T
6,7.0,Living On A Pryor!,Starter,Carolina Panthers,Car,DEF
7,8.92,Living On A Pryor!,Starter,Marcus Mariota,Was,QB
7,13.5,Living On A Pryor!,Starter,Antonio Brown,TB,WR|W/R/T
7,10.4,Living On A Pryor!,Starter,JuJu Smith-Schuster,KC,WR|W/R/T
7,12.7,Living On A Pryor!,Starter,Kareem Hunt,KC,RB|W/R/T
7,6.5,Living On A Pryor!,Starter,Jordan Howard,NO,RB|W/R/T
7,12.2,Living On A Pryor!,Starter,Jared Cook,LAC,TE|W/R/T
7,11.95,Living On A Pryor!,Starter,Alvin Kamara,NO,RB|W/R/T
7,4.4,Living On A Pryor!,Non-Starter,J.J. Nelson,Ind,WR|W/R/T
7,6.9,Living On A Pryor!,Non-Starter,Javorius Allen,NYG,RB|W/R/T
7,0.0,Living On A Pryor!,Non-Starter,Deshaun Watson,Cle,QB
7,3.2,Living On A Pryor!,Non-Starter,Jamaal Charles,Jax,RB|W/R/T
7,0.0,Living On A Pryor!,Non-Starter,Corey Davis,NYJ,WR|W/R/T
7,19.5,Living On A Pryor!,Starter,Carolina Panthers,Car,DEF
8,30.78,Living On A Pryor!,Starter,Deshaun Watson,Cle,QB
8,8.25,Living On A Pryor!,Starter,Antonio Brown,TB,WR|W/R/T
8,27.05,Living On A Pryor!,Starter,JuJu Smith-Schuster,KC,WR|W/R/T
8,7.55,Living On A Pryor!,Starter,Kareem Hunt,KC,RB|W/R/T
8,12.85,Living On A Pryor!,Starter,Jordan Howard,NO,RB|W/R/T
8,6.7,Living On A Pryor!,Starter,Jared Cook,LAC,TE|W/R/T
8,14.35,Living On A Pryor!,Starter,Alvin Kamara,NO,RB|W/R/T
8,24.0,Living On A Pryor!,Non-Starter,Paul Richardson,Was,WR|W/R/T
8,0.0,Living On A Pryor!,Non-Starter,Marcus Mariota,Was,QB
8,5.95,Living On A Pryor!,Non-Starter,Javorius Allen,NYG,RB|W/R/T
8,2.65,Living On A Pryor!,Non-Starter,Jamaal Charles,Jax,RB|W/R/T
8,0.0,Living On A Pryor!,Non-Starter,Corey Davis,NYJ,WR|W/R/T
8,19.5,Living On A Pryor!,Starter,Carolina Panthers,Car,DEF
9,15.32,Living On A Pryor!,Starter,Marcus Mariota,Was,QB
9,4.85,Living On A Pryor!,Starter,Paul Richardson,Was,WR|W/R/T
9,3.3,Living On A Pryor!,Starter,Corey Davis,NYJ,WR|W/R/T
9,7.1,Living On A Pryor!,Starter,Kareem Hunt,KC,RB|W/R/T
9,26.7,Living On A Pryor!,Starter,Alvin Kamara,NO,RB|W/R/T
9,14.6,Living On A Pryor!,Starter,Jared Cook,LAC,TE|W/R/T
9,14.25,Living On A Pryor!,Starter,Javorius Allen,NYG,RB|W/R/T
9,0.0,Living On A Pryor!,Non-Starter,Jordan Howard,NO,RB|W/R/T
9,0.0,Living On A Pryor!,Non-Starter,JuJu Smith-Schuster,KC,WR|W/R/T
9,0.0,Living On A Pryor!,Non-Starter,Antonio Brown,TB,WR|W/R/T
9,3.4,Living On A Pryor!,Non-Starter,Jamaal Charles,Jax,RB|W/R/T
9,0.0,Living On A Pryor!,Non-Starter,Sam Bradford,Ari,QB
9,8.0,Living On A Pryor!,Starter,Carolina Panthers,Car,DEF
10,17.66,Living On A Pryor!,Starter,Marcus Mariota,Was,QB
10,5.45,Living On A Pryor!,Starter,Antonio Brown,TB,WR|W/R/T
10,16.95,Living On A Pryor!,Starter,JuJu Smith-Schuster,KC,WR|W/R/T
10,21.05,Living On A Pryor!,Starter,Alvin Kamara,NO,RB|W/R/T
10,5.4,Living On A Pryor!,Starter,Jordan Howard,NO,RB|W/R/T
10,0.95,Living On A Pryor!,Starter,Hunter Henry,NE,TE|W/R/T
10,3.8,Living On A Pryor!,Starter,Corey Davis,NYJ,WR|W/R/T
10,0.0,Living On A Pryor!,Non-Starter,Jared Cook,LAC,TE|W/R/T
10,0.0,Living On A Pryor!,Non-Starter,Kareem Hunt,KC,RB|W/R/T
10,4.55,Living On A Pryor!,Non-Starter,Paul Richardson,Was,WR|W/R/T
10,0.0,Living On A Pryor!,Non-Starter,Javorius Allen,NYG,RB|W/R/T
10,0.0,Living On A Pryor!,Non-Starter,Sam Bradford,Ari,QB
10,3.0,Living On A Pryor!,Starter,Carolina Panthers,Car,DEF
11,14.74,Living On A Pryor!,Starter,Marcus Mariota,Was,QB
11,34.9,Living On A Pryor!,Starter,Antonio Brown,TB,WR|W/R/T
11,5.7,Living On A Pryor!,Starter,JuJu Smith-Schuster,KC,WR|W/R/T
11,21.1,Living On A Pryor!,Starter,Alvin Kamara,NO,RB|W/R/T
11,18.5,Living On A Pryor!,Starter,Jordan Howard,NO,RB|W/R/T
11,4.1,Living On A Pryor!,Starter,Jared Cook,LAC,TE|W/R/T
11,8.45,Living On A Pryor!,Starter,Kareem Hunt,KC,RB|W/R/T
11,3.45,Living On A Pryor!,Non-Starter,Corey Davis,NYJ,WR|W/R/T
11,6.85,Living On A Pryor!,Non-Starter,Paul Richardson,Was,WR|W/R/T
11,1.95,Living On A Pryor!,Non-Starter,Javorius Allen,NYG,RB|W/R/T
11,0.0,Living On A Pryor!,Non-Starter,Sam Bradford,Ari,QB
11,29.0,Living On A Pryor!,Starter,Los Angeles Chargers,LAC,DEF
11,0.0,Living On A Pryor!,Non-Starter,Carolina Panthers,Car,DEF
12,7.76,Living On A Pryor!,Starter,Marcus Mariota,Was,QB
12,33.4,Living On A Pryor!,Starter,Antonio Brown,TB,WR|W/R/T
12,4.9,Living On A Pryor!,Starter,Corey Davis,NYJ,WR|W/R/T
12,32.3,Living On A Pryor!,Starter,Alvin Kamara,NO,RB|W/R/T
12,2.4,Living On A Pryor!,Starter,Jordan Howard,NO,RB|W/R/T
12,0.45,Living On A Pryor!,Starter,Jared Cook,LAC,TE|W/R/T
12,2.85,Living On A Pryor!,Starter,Kareem Hunt,KC,RB|W/R/T
12,0.0,Living On A Pryor!,Non-Starter,JuJu Smith-Schuster,KC,WR|W/R/T
12,8.0,Living On A Pryor!,Non-Starter,Paul Richardson,Was,WR|W/R/T
12,7.95,Living On A Pryor!,Non-Starter,Javorius Allen,NYG,RB|W/R/T
12,0.0,Living On A Pryor!,Non-Starter,Sam Bradford,Ari,QB
12,9.3,Living On A Pryor!,Non-Starter,Josh Doctson,Ari,WR|W/R/T
12,21.5,Living On A Pryor!,Starter,Carolina Panthers,Car,DEF
13,18.3,Living On A Pryor!,Starter,Marcus Mariota,Was,QB
13,18.1,Living On A Pryor!,Starter,Antonio Brown,TB,WR|W/R/T
13,9.35,Living On A Pryor!,Starter,Josh Doctson,Ari,WR|W/R/T
13,25.85,Living On A Pryor!,Starter,Alvin Kamara,NO,RB|W/R/T
13,7.05,Living On A Pryor!,Starter,Kareem Hunt,KC,RB|W/R/T
13,1.15,Living On A Pryor!,Starter,Jared Cook,LAC,TE|W/R/T
13,3.55,Living On A Pryor!,Starter,Jordan Howard,NO,RB|W/R/T
13,1.7,Living On A Pryor!,Non-Starter,Corey Davis,NYJ,WR|W/R/T
13,2.7,Living On A Pryor!,Non-Starter,JuJu Smith-Schuster,KC,WR|W/R/T
13,1.3,Living On A Pryor!,Non-Starter,Paul Richardson,Was,WR|W/R/T
13,2.85,Living On A Pryor!,Non-Starter,Javorius Allen,NYG,RB|W/R/T
13,16.98,Living On A Pryor!,Non-Starter,Case Keenum,Chi,QB
13,7.5,Living On A Pryor!,Starter,Carolina Panthers,Car,DEF
14,3.46,Living On A Pryor!,Starter,Marcus Mariota,Was,QB
14,24.05,Living On A Pryor!,Starter,Antonio Brown,TB,WR|W/R/T
14,4.15,Living On A Pryor!,Starter,Josh Doctson,Ari,WR|W/R/T
14,3.45,Living On A Pryor!,Starter,Alvin Kamara,NO,RB|W/R/T
14,20.55,Living On A Pryor!,Starter,Kareem Hunt,KC,RB|W/R/T
14,14.75,Living On A Pryor!,Starter,Jared Cook,LAC,TE|W/R/T
14,27.75,Living On A Pryor!,Starter,Jordan Howard,NO,RB|W/R/T
14,3.65,Living On A Pryor!,Non-Starter,Corey Davis,NYJ,WR|W/R/T
14,0.0,Living On A Pryor!,Non-Starter,JuJu Smith-Schuster,KC,WR|W/R/T
14,13.95,Living On A Pryor!,Non-Starter,Paul Richardson,Was,WR|W/R/T
14,18.2,Living On A Pryor!,Non-Starter,Javorius Allen,NYG,RB|W/R/T
14,19.2,Living On A Pryor!,Non-Starter,Case Keenum,Chi,QB
14,16.5,Living On A Pryor!,Starter,Carolina Panthers,Car,DEF
15,19.44,Living On A Pryor!,Starter,Case Keenum,Chi,QB
15,2.9,Living On A Pryor!,Starter,Antonio Brown,TB,WR|W/R/T
15,12.9,Living On A Pryor!,Starter,JuJu Smith-Schuster,KC,WR|W/R/T
15,16.4,Living On A Pryor!,Starter,Alvin Kamara,NO,RB|W/R/T
15,34.35,Living On A Pryor!,Starter,Kareem Hunt,KC,RB|W/R/T
15,2.2,Living On A Pryor!,Starter,Jared Cook,LAC,TE|W/R/T
15,7.3,Living On A Pryor!,Starter,Jordan Howard,NO,RB|W/R/T
15,0.7,Living On A Pryor!,Non-Starter,Josh Doctson,Ari,WR|W/R/T
15,18.04,Living On A Pryor!,Non-Starter,Marcus Mariota,Was,QB
15,3.55,Living On A Pryor!,Non-Starter,Corey Davis,NYJ,WR|W/R/T
15,2.3,Living On A Pryor!,Non-Starter,Paul Richardson,Was,WR|W/R/T
15,7.65,Living On A Pryor!,Non-Starter,Javorius Allen,NYG,RB|W/R/T
15,11.5,Living On A Pryor!,Starter,Carolina Panthers,Car,DEF
16,9.36,Living On A Pryor!,Starter,Case Keenum,Chi,QB
16,15.0,Living On A Pryor!,Starter,JuJu Smith-Schuster,KC,WR|W/R/T
16,12.3,Living On A Pryor!,Starter,Keelan Cole,LV,WR|W/R/T
16,10.75,Living On A Pryor!,Starter,Alvin Kamara,NO,RB|W/R/T
16,17.6,Living On A Pryor!,Starter,Kareem Hunt,KC,RB|W/R/T
16,3.45,Living On A Pryor!,Starter,Greg Olsen,Sea,TE|W/R/T
16,16.4,Living On A Pryor!,Starter,Jordan Howard,NO,RB|W/R/T
16,1.75,Living On A Pryor!,Non-Starter,Jared Cook,LAC,TE|W/R/T
16,2.6,Living On A Pryor!,Non-Starter,Paul Richardson,Was,WR|W/R/T
16,0.0,Living On A Pryor!,Non-Starter,Antonio Brown,TB,WR|W/R/T
16,12.6,Living On A Pryor!,Non-Starter,Josh Doctson,Ari,WR|W/R/T
16,20.38,Living On A Pryor!,Non-Starter,Blake Bortles,GB,QB
16,21.0,Living On A Pryor!,Starter,Carolina Panthers,Car,DEF
1,25.08,DudeLooksLikeDelanie,Starter,Matthew Stafford,LAR,QB
1,6.55,DudeLooksLikeDelanie,Starter,Alshon Jeffery,Phi,WR|W/R/T
1,5.75,DudeLooksLikeDelanie,Starter,Michael Thomas,NO,WR|W/R/T
1,10.1,DudeLooksLikeDelanie,Starter,Lamar Miller,NO,RB|W/R/T
1,5.15,DudeLooksLikeDelanie,Starter,Bilal Powell,NYJ,RB|W/R/T
1,9.35,DudeLooksLikeDelanie,Starter,Delanie Walker,Ten,TE|W/R/T
1,1.95,DudeLooksLikeDelanie,Starter,Allen Robinson,Det,WR|W/R/T
1,0.0,DudeLooksLikeDelanie,Non-Starter,Jameis Winston,NYG,QB
1,11.3,DudeLooksLikeDelanie,Non-Starter,Zach Ertz,Was,TE|W/R/T
1,0.3,DudeLooksLikeDelanie,Non-Starter,Eddie Lacy,Sea,RB|W/R/T
1,8.15,DudeLooksLikeDelanie,Non-Starter,Giovani Bernard,TB,RB|W/R/T
1,12.6,DudeLooksLikeDelanie,Non-Starter,Chris Thompson,SF,RB|W/R/T
1,5.0,DudeLooksLikeDelanie,Starter,New England Patriots,NE,DEF
2,13.18,DudeLooksLikeDelanie,Starter,Matthew Stafford,LAR,QB
2,16.95,DudeLooksLikeDelanie,Starter,Alshon Jeffery,Phi,WR|W/R/T
2,10.15,DudeLooksLikeDelanie,Starter,Michael Thomas,NO,WR|W/R/T
2,9.45,DudeLooksLikeDelanie,Starter,Lamar Miller,NO,RB|W/R/T
2,1.3,DudeLooksLikeDelanie,Starter,Bilal Powell,NYJ,RB|W/R/T
2,13.2,DudeLooksLikeDelanie,Starter,Delanie Walker,Ten,TE|W/R/T
2,3.1,DudeLooksLikeDelanie,Starter,Giovani Bernard,TB,RB|W/R/T
2,7.15,DudeLooksLikeDelanie,Non-Starter,Nelson Agholor,Bal,WR|W/R/T
2,12.46,DudeLooksLikeDelanie,Non-Starter,Jameis Winston,NYG,QB
2,10.95,DudeLooksLikeDelanie,Non-Starter,Zach Ertz,Was,TE|W/R/T
2,23.35,DudeLooksLikeDelanie,Non-Starter,Chris Thompson,SF,RB|W/R/T
2,1.05,DudeLooksLikeDelanie,Non-Starter,Marlon Mack,Ari,RB|W/R/T
2,12.5,DudeLooksLikeDelanie,Starter,Cincinnati Bengals,Cin,DEF
3,16.46,DudeLooksLikeDelanie,Starter,Matthew Stafford,LAR,QB
3,6.6,DudeLooksLikeDelanie,Starter,Alshon Jeffery,Phi,WR|W/R/T
3,16.45,DudeLooksLikeDelanie,Starter,Michael Thomas,NO,WR|W/R/T
3,6.55,DudeLooksLikeDelanie,Starter,Lamar Miller,NO,RB|W/R/T
3,26.3,DudeLooksLikeDelanie,Starter,Chris Thompson,SF,RB|W/R/T
3,4.1,DudeLooksLikeDelanie,Starter,Delanie Walker,Ten,TE|W/R/T
3,11.5,DudeLooksLikeDelanie,Starter,Zach Ertz,Was,TE|W/R/T
3,9.7,DudeLooksLikeDelanie,Non-Starter,Bilal Powell,NYJ,RB|W/R/T
3,10.4,DudeLooksLikeDelanie,Non-Starter,Giovani Bernard,TB,RB|W/R/T
3,2.5,DudeLooksLikeDelanie,Non-Starter,Nelson Agholor,Bal,WR|W/R/T
3,15.52,DudeLooksLikeDelanie,Non-Starter,Jameis Winston,NYG,QB
3,2.0,DudeLooksLikeDelanie,Non-Starter,Tyrell Williams,Det,WR|W/R/T
3,8.5,DudeLooksLikeDelanie,Starter,Las Vegas Raiders,LV,DEF
4,10.06,DudeLooksLikeDelanie,Starter,Matthew Stafford,LAR,QB
4,9.65,DudeLooksLikeDelanie,Starter,Alshon Jeffery,Phi,WR|W/R/T
4,16.9,DudeLooksLikeDelanie,Starter,Michael Thomas,NO,WR|W/R/T
4,26.1,DudeLooksLikeDelanie,Starter,Lamar Miller,NO,RB|W/R/T
4,0.95,DudeLooksLikeDelanie,Starter,Chris Thompson,SF,RB|W/R/T
4,9.35,DudeLooksLikeDelanie,Starter,Zach Ertz,Was,TE|W/R/T
4,18.75,DudeLooksLikeDelanie,Starter,Tyrell Williams,Det,WR|W/R/T
4,5.85,DudeLooksLikeDelanie,Non-Starter,Delanie Walker,Ten,TE|W/R/T
4,26.0,DudeLooksLikeDelanie,Non-Starter,Bilal Powell,NYJ,RB|W/R/T
4,14.65,DudeLooksLikeDelanie,Non-Starter,Giovani Bernard,TB,RB|W/R/T
4,6.55,DudeLooksLikeDelanie,Non-Starter,Nelson Agholor,Bal,WR|W/R/T
4,26.48,DudeLooksLikeDelanie,Non-Starter,Jameis Winston,NYG,QB
4,10.5,DudeLooksLikeDelanie,Starter,Las Vegas Raiders,LV,DEF
5,18.46,DudeLooksLikeDelanie,Starter,Jameis Winston,NYG,QB
5,3.85,DudeLooksLikeDelanie,Starter,Alshon Jeffery,Phi,WR|W/R/T
5,2.45,DudeLooksLikeDelanie,Starter,Tyrell Williams,Det,WR|W/R/T
5,9.4,DudeLooksLikeDelanie,Starter,Lamar Miller,NO,RB|W/R/T
5,4.3,DudeLooksLikeDelanie,Starter,Bilal Powell,NYJ,RB|W/R/T
5,3.25,DudeLooksLikeDelanie,Starter,Delanie Walker,Ten,TE|W/R/T
5,8.55,DudeLooksLikeDelanie,Starter,Andre Ellington,Hou,RB|W/R/T
5,13.6,DudeLooksLikeDelanie,Non-Starter,Zach Ertz,Was,TE|W/R/T
5,15.16,DudeLooksLikeDelanie,Non-Starter,Matthew Stafford,LAR,QB
5,0.0,DudeLooksLikeDelanie,Non-Starter,Michael Thomas,NO,WR|W/R/T
5,0.0,DudeLooksLikeDelanie,Non-Starter,Chris Thompson,SF,RB|W/R/T
5,3.7,DudeLooksLikeDelanie,Non-Starter,Giovani Bernard,TB,RB|W/R/T
5,2.5,DudeLooksLikeDelanie,Starter,Las Vegas Raiders,LV,DEF
6,2.44,DudeLooksLikeDelanie,Starter,Jameis Winston,NYG,QB
6,8.1,DudeLooksLikeDelanie,Starter,Alshon Jeffery,Phi,WR|W/R/T
6,1.85,DudeLooksLikeDelanie,Starter,Michael Thomas,NO,WR|W/R/T
6,8.85,DudeLooksLikeDelanie,Starter,Lamar Miller,NO,RB|W/R/T
6,14.8,DudeLooksLikeDelanie,Starter,Chris Thompson,SF,RB|W/R/T
6,14.3,DudeLooksLikeDelanie,Starter,Zach Ertz,Was,TE|W/R/T
6,0.0,DudeLooksLikeDelanie,Starter,Andre Ellington,Hou,RB|W/R/T
6,10.88,DudeLooksLikeDelanie,Non-Starter,Matthew Stafford,LAR,QB
6,1.45,DudeLooksLikeDelanie,Non-Starter,Tyrell Williams,Det,WR|W/R/T
6,2.4,DudeLooksLikeDelanie,Non-Starter,Delanie Walker,Ten,TE|W/R/T
6,0.0,DudeLooksLikeDelanie,Non-Starter,Bilal Powell,NYJ,RB|W/R/T
6,0.0,DudeLooksLikeDelanie,Non-Starter,Giovani Bernard,TB,RB|W/R/T
6,5.5,DudeLooksLikeDelanie,Starter,Las Vegas Raiders,LV,DEF
7,24.46,DudeLooksLikeDelanie,Starter,Josh McCown,Hou,QB
7,4.2,DudeLooksLikeDelanie,Starter,Alshon Jeffery,Phi,WR|W/R/T
7,9.95,DudeLooksLikeDelanie,Starter,Michael Thomas,NO,WR|W/R/T
7,13.65,DudeLooksLikeDelanie,Starter,Chris Thompson,SF,RB|W/R/T
7,8.8,DudeLooksLikeDelanie,Starter,Bilal Powell,NYJ,RB|W/R/T
7,16.15,DudeLooksLikeDelanie,Starter,Zach Ertz,Was,TE|W/R/T
7,6.05,DudeLooksLikeDelanie,Starter,Delanie Walker,Ten,TE|W/R/T
7,1.35,DudeLooksLikeDelanie,Non-Starter,Tyrell Williams,Det,WR|W/R/T
7,0.0,DudeLooksLikeDelanie,Non-Starter,Andre Ellington,Hou,RB|W/R/T
7,0.0,DudeLooksLikeDelanie,Non-Starter,Lamar Miller,NO,RB|W/R/T
7,0.0,DudeLooksLikeDelanie,Non-Starter,Matthew Stafford,LAR,QB
7,23.36,DudeLooksLikeDelanie,Non-Starter,Jameis Winston,NYG,QB
7,2.5,DudeLooksLikeDelanie,Starter,Las Vegas Raiders,LV,DEF
8,18.02,DudeLooksLikeDelanie,Starter,Matthew Stafford,LAR,QB
8,14.7,DudeLooksLikeDelanie,Starter,Alshon Jeffery,Phi,WR|W/R/T
8,9.45,DudeLooksLikeDelanie,Starter,Michael Thomas,NO,WR|W/R/T
8,9.4,DudeLooksLikeDelanie,Starter,Chris Thompson,SF,RB|W/R/T
8,20.05,DudeLooksLikeDelanie,Starter,Lamar Miller,NO,RB|W/R/T
8,10.4,DudeLooksLikeDelanie,Starter,Zach Ertz,Was,TE|W/R/T
8,1.9,DudeLooksLikeDelanie,Starter,Danny Amendola,Hou,WR|W/R/T
8,2.65,DudeLooksLikeDelanie,Non-Starter,Tyrell Williams,Det,WR|W/R/T
8,6.85,DudeLooksLikeDelanie,Non-Starter,Bilal Powell,NYJ,RB|W/R/T
8,0.0,DudeLooksLikeDelanie,Non-Starter,Delanie Walker,Ten,TE|W/R/T
8,3.7,DudeLooksLikeDelanie,Non-Starter,Jameis Winston,NYG,QB
8,0.0,DudeLooksLikeDelanie,Non-Starter,Dede Westbrook,GB,WR|W/R/T
8,4.5,DudeLooksLikeDelanie,Starter,Houston Texans,Hou,DEF
9,22.44,DudeLooksLikeDelanie,Starter,Matthew Stafford,LAR,QB
9,8.5,DudeLooksLikeDelanie,Starter,Michael Thomas,NO,WR|W/R/T
9,21.9,DudeLooksLikeDelanie,Starter,Alshon Jeffery,Phi,WR|W/R/T
9,4.1,DudeLooksLikeDelanie,Starter,Chris Thompson,SF,RB|W/R/T
9,9.85,DudeLooksLikeDelanie,Starter,Lamar Miller,NO,RB|W/R/T
9,8.35,DudeLooksLikeDelanie,Starter,Delanie Walker,Ten,TE|W/R/T
9,6.15,DudeLooksLikeDelanie,Starter,Cooper Kupp,Sea,WR|W/R/T
9,0.0,DudeLooksLikeDelanie,Non-Starter,Zach Ertz,Was,TE|W/R/T
9,0.0,DudeLooksLikeDelanie,Non-Starter,Danny Amendola,Hou,WR|W/R/T
9,7.4,DudeLooksLikeDelanie,Non-Starter,Bilal Powell,NYJ,RB|W/R/T
9,3.48,DudeLooksLikeDelanie,Non-Starter,Jameis Winston,NYG,QB
9,0.0,DudeLooksLikeDelanie,Non-Starter,Dede Westbrook,GB,WR|W/R/T
9,16.0,DudeLooksLikeDelanie,Starter,Houston Texans,Hou,DEF
10,21.66,DudeLooksLikeDelanie,Starter,Matthew Stafford,LAR,QB
10,13.95,DudeLooksLikeDelanie,Starter,Michael Thomas,NO,WR|W/R/T
10,6.2,DudeLooksLikeDelanie,Starter,Cooper Kupp,Sea,WR|W/R/T
10,7.45,DudeLooksLikeDelanie,Starter,Chris Thompson,SF,RB|W/R/T
10,7.65,DudeLooksLikeDelanie,Starter,Lamar Miller,NO,RB|W/R/T
10,7.8,DudeLooksLikeDelanie,Starter,Delanie Walker,Ten,TE|W/R/T
10,1.85,DudeLooksLikeDelanie,Starter,Bilal Powell,NYJ,RB|W/R/T
10,4.6,DudeLooksLikeDelanie,Non-Starter,Danny Amendola,Hou,WR|W/R/T
10,0.0,DudeLooksLikeDelanie,Non-Starter,Alshon Jeffery,Phi,WR|W/R/T
10,0.0,DudeLooksLikeDelanie,Non-Starter,Zach Ertz,Was,TE|W/R/T
10,0.0,DudeLooksLikeDelanie,Non-Starter,Dede Westbrook,GB,WR|W/R/T
10,0.0,DudeLooksLikeDelanie,Non-Starter,Corey Coleman,KC,WR|W/R/T
10,7.5,DudeLooksLikeDelanie,Starter,Houston Texans,Hou,DEF
11,18.26,DudeLooksLikeDelanie,Starter,Matthew Stafford,LAR,QB
11,10.6,DudeLooksLikeDelanie,Starter,Michael Thomas,NO,WR|W/R/T
11,15.7,DudeLooksLikeDelanie,Starter,Alshon Jeffery,Phi,WR|W/R/T
11,9.55,DudeLooksLikeDelanie,Starter,Chris Thompson,SF,RB|W/R/T
11,15.3,DudeLooksLikeDelanie,Starter,Lamar Miller,NO,RB|W/R/T
11,1.3,DudeLooksLikeDelanie,Starter,Zach Ertz,Was,TE|W/R/T
11,10.5,DudeLooksLikeDelanie,Starter,Jamaal Williams,NO,RB|W/R/T
11,10.7,DudeLooksLikeDelanie,Non-Starter,Delanie Walker,Ten,TE|W/R/T
11,0.0,DudeLooksLikeDelanie,Non-Starter,Bilal Powell,NYJ,RB|W/R/T
11,5.9,DudeLooksLikeDelanie,Non-Starter,Cooper Kupp,Sea,WR|W/R/T
11,4.25,DudeLooksLikeDelanie,Non-Starter,Dede Westbrook,GB,WR|W/R/T
11,9.5,DudeLooksLikeDelanie,Non-Starter,Corey Coleman,KC,WR|W/R/T
11,10.5,DudeLooksLikeDelanie,Starter,Houston Texans,Hou,DEF
12,14.0,DudeLooksLikeDelanie,Starter,Matthew Stafford,LAR,QB
12,6.45,DudeLooksLikeDelanie,Starter,Michael Thomas,NO,WR|W/R/T
12,12.45,DudeLooksLikeDelanie,Starter,Alshon Jeffery,Phi,WR|W/R/T
12,12.05,DudeLooksLikeDelanie,Starter,Lamar Miller,NO,RB|W/R/T
12,26.5,DudeLooksLikeDelanie,Starter,Jamaal Williams,NO,RB|W/R/T
12,13.3,DudeLooksLikeDelanie,Starter,Delanie Walker,Ten,TE|W/R/T
12,18.8,DudeLooksLikeDelanie,Starter,Zach Ertz,Was,TE|W/R/T
12,4.85,DudeLooksLikeDelanie,Non-Starter,Bilal Powell,NYJ,RB|W/R/T
12,13.6,DudeLooksLikeDelanie,Non-Starter,Cooper Kupp,Sea,WR|W/R/T
12,5.6,DudeLooksLikeDelanie,Non-Starter,Dede Westbrook,GB,WR|W/R/T
12,7.15,DudeLooksLikeDelanie,Non-Starter,Corey Coleman,KC,WR|W/R/T
12,3.8,DudeLooksLikeDelanie,Non-Starter,Devontae Booker,NYG,RB|W/R/T
12,6.0,DudeLooksLikeDelanie,Starter,Houston Texans,Hou,DEF
13,11.88,DudeLooksLikeDelanie,Starter,Matthew Stafford,LAR,QB
13,14.25,DudeLooksLikeDelanie,Starter,Michael Thomas,NO,WR|W/R/T
13,7.1,DudeLooksLikeDelanie,Starter,Alshon Jeffery,Phi,WR|W/R/T
13,10.4,DudeLooksLikeDelanie,Starter,Lamar Miller,NO,RB|W/R/T
13,18.8,DudeLooksLikeDelanie,Starter,Jamaal Williams,NO,RB|W/R/T
13,13.55,DudeLooksLikeDelanie,Starter,Delanie Walker,Ten,TE|W/R/T
13,2.9,DudeLooksLikeDelanie,Starter,Zach Ertz,Was,TE|W/R/T
13,11.5,DudeLooksLikeDelanie,Non-Starter,Bilal Powell,NYJ,RB|W/R/T
13,8.05,DudeLooksLikeDelanie,Non-Starter,Cooper Kupp,Sea,WR|W/R/T
13,9.3,DudeLooksLikeDelanie,Non-Starter,Dede Westbrook,GB,WR|W/R/T
13,0.0,DudeLooksLikeDelanie,Non-Starter,Corey Coleman,KC,WR|W/R/T
13,15.38,DudeLooksLikeDelanie,Non-Starter,Derek Carr,NO,QB
13,8.5,DudeLooksLikeDelanie,Starter,Houston Texans,Hou,DEF
14,10.44,DudeLooksLikeDelanie,Starter,Derek Carr,NO,QB
14,20.2,DudeLooksLikeDelanie,Starter,Michael Thomas,NO,WR|W/R/T
14,12.45,DudeLooksLikeDelanie,Starter,Alshon Jeffery,Phi,WR|W/R/T
14,6.5,DudeLooksLikeDelanie,Starter,Lamar Miller,NO,RB|W/R/T
14,25.55,DudeLooksLikeDelanie,Starter,Jamaal Williams,NO,RB|W/R/T
14,5.45,DudeLooksLikeDelanie,Starter,Delanie Walker,Ten,TE|W/R/T
14,19.05,DudeLooksLikeDelanie,Starter,Cooper Kupp,Sea,WR|W/R/T
14,15.24,DudeLooksLikeDelanie,Non-Starter,Matthew Stafford,LAR,QB
14,0.0,DudeLooksLikeDelanie,Non-Starter,Zach Ertz,Was,TE|W/R/T
14,3.5,DudeLooksLikeDelanie,Non-Starter,Bilal Powell,NYJ,RB|W/R/T
14,15.35,DudeLooksLikeDelanie,Non-Starter,Dede Westbrook,GB,WR|W/R/T
14,13.45,DudeLooksLikeDelanie,Non-Starter,Corey Coleman,KC,WR|W/R/T
14,6.5,DudeLooksLikeDelanie,Starter,Houston Texans,Hou,DEF
15,17.38,DudeLooksLikeDelanie,Starter,Matthew Stafford,LAR,QB
15,17.55,DudeLooksLikeDelanie,Starter,Michael Thomas,NO,WR|W/R/T
15,11.9,DudeLooksLikeDelanie,Starter,Alshon Jeffery,Phi,WR|W/R/T
15,3.8,DudeLooksLikeDelanie,Starter,Lamar Miller,NO,RB|W/R/T
15,3.0,DudeLooksLikeDelanie,Starter,Jamaal Williams,NO,RB|W/R/T
15,13.1,DudeLooksLikeDelanie,Starter,Zach Ertz,Was,TE|W/R/T
15,2.6,DudeLooksLikeDelanie,Starter,Cooper Kupp,Sea,WR|W/R/T
15,8.95,DudeLooksLikeDelanie,Non-Starter,Delanie Walker,Ten,TE|W/R/T
15,17.54,DudeLooksLikeDelanie,Non-Starter,Derek Carr,NO,QB
15,10.4,DudeLooksLikeDelanie,Non-Starter,Bilal Powell,NYJ,RB|W/R/T
15,2.6,DudeLooksLikeDelanie,Non-Starter,Dede Westbrook,GB,WR|W/R/T
15,1.85,DudeLooksLikeDelanie,Non-Starter,Corey Coleman,KC,WR|W/R/T
15,8.5,DudeLooksLikeDelanie,Starter,New Orleans Saints,NO,DEF
16,10.82,DudeLooksLikeDelanie,Starter,Matthew Stafford,LAR,QB
16,7.6,DudeLooksLikeDelanie,Starter,Michael Thomas,NO,WR|W/R/T
16,0.0,DudeLooksLikeDelanie,Starter,Alshon Jeffery,Phi,WR|W/R/T
16,6.75,DudeLooksLikeDelanie,Starter,Lamar Miller,NO,RB|W/R/T
16,5.8,DudeLooksLikeDelanie,Starter,Jamaal Williams,NO,RB|W/R/T
16,10.35,DudeLooksLikeDelanie,Starter,Zach Ertz,Was,TE|W/R/T
16,13.5,DudeLooksLikeDelanie,Starter,Cooper Kupp,Sea,WR|W/R/T
16,4.05,DudeLooksLikeDelanie,Non-Starter,Delanie Walker,Ten,TE|W/R/T
16,5.9,DudeLooksLikeDelanie,Non-Starter,Derek Carr,NO,QB
16,20.5,DudeLooksLikeDelanie,Non-Starter,Bilal Powell,NYJ,RB|W/R/T
16,8.4,DudeLooksLikeDelanie,Non-Starter,Dede Westbrook,GB,WR|W/R/T
16,0.55,DudeLooksLikeDelanie,Non-Starter,Corey Coleman,KC,WR|W/R/T
16,17.0,DudeLooksLikeDelanie,Starter,New Orleans Saints,NO,DEF
1,10.68,Suck for Saquon?,Starter,Tom Brady,TB,QB
1,10.75,Suck for Saquon?,Starter,Keenan Allen,LAC,WR|W/R/T
1,17.95,Suck for Saquon?,Starter,Adam Thielen,Car,WR|W/R/T
1,9.1,Suck for Saquon?,Starter,Isaiah Crowell,LV,RB|W/R/T
1,4.85,Suck for Saquon?,Starter,Ameer Abdullah,SF,RB|W/R/T
1,9.35,Suck for Saquon?,Starter,Kyle Rudolph,TB,TE|W/R/T
1,1.1,Suck for Saquon?,Starter,Kevin White,NO,WR|W/R/T
1,0.0,Suck for Saquon?,Non-Starter,Jacquizz Rodgers,TB,RB|W/R/T
1,0.0,Suck for Saquon?,Non-Starter,Doug Martin,LV,RB|W/R/T
1,1.55,Suck for Saquon?,Non-Starter,Kenny Britt,NE,WR|W/R/T
1,2.5,Suck for Saquon?,Non-Starter,Derrick Henry,Bal,RB|W/R/T
1,5.15,Suck for Saquon?,Non-Starter,Chris Carson,Sea,RB|W/R/T
1,3.5,Suck for Saquon?,Starter,Houston Texans,Hou,DEF
2,30.78,Suck for Saquon?,Starter,Tom Brady,TB,QB
2,12.25,Suck for Saquon?,Starter,Keenan Allen,LAC,WR|W/R/T
2,3.65,Suck for Saquon?,Starter,Adam Thielen,Car,WR|W/R/T
2,3.7,Suck for Saquon?,Starter,Isaiah Crowell,LV,RB|W/R/T
2,12.7,Suck for Saquon?,Starter,Jacquizz Rodgers,TB,RB|W/R/T
2,5.5,Suck for Saquon?,Starter,Kyle Rudolph,TB,TE|W/R/T
2,8.6,Suck for Saquon?,Starter,Ameer Abdullah,SF,RB|W/R/T
2,10.25,Suck for Saquon?,Non-Starter,Chris Carson,Sea,RB|W/R/T
2,0.0,Suck for Saquon?,Non-Starter,Doug Martin,LV,RB|W/R/T
2,0.45,Suck for Saquon?,Non-Starter,Kenny Britt,NE,WR|W/R/T
2,15.2,Suck for Saquon?,Non-Starter,Derrick Henry,Bal,RB|W/R/T
2,6.8,Suck for Saquon?,Non-Starter,Tarik Cohen,Car,RB|W/R/T
2,2.0,Suck for Saquon?,Starter,Jacksonville Jaguars,Jax,DEF
3,35.72,Suck for Saquon?,Starter,Tom Brady,TB,QB
3,7.35,Suck for Saquon?,Starter,Keenan Allen,LAC,WR|W/R/T
3,11.05,Suck for Saquon?,Starter,Adam Thielen,Car,WR|W/R/T
3,5.9,Suck for Saquon?,Starter,Isaiah Crowell,LV,RB|W/R/T
3,11.7,Suck for Saquon?,Starter,Chris Carson,Sea,RB|W/R/T
3,0.65,Suck for Saquon?,Starter,Kyle Rudolph,TB,TE|W/R/T
3,1.5,Suck for Saquon?,Starter,Jacquizz Rodgers,TB,RB|W/R/T
3,6.65,Suck for Saquon?,Non-Starter,Derrick Henry,Bal,RB|W/R/T
3,9.35,Suck for Saquon?,Non-Starter,Ameer Abdullah,SF,RB|W/R/T
3,0.0,Suck for Saquon?,Non-Starter,Doug Martin,LV,RB|W/R/T
3,11.2,Suck for Saquon?,Non-Starter,Tarik Cohen,Car,RB|W/R/T
3,4.95,Suck for Saquon?,Non-Starter,Jermaine Kearse,Det,WR|W/R/T
3,8.5,Suck for Saquon?,Starter,New England Patriots,NE,DEF
4,20.48,Suck for Saquon?,Starter,Tom Brady,TB,QB
4,15.05,Suck for Saquon?,Starter,Keenan Allen,LAC,WR|W/R/T
4,5.15,Suck for Saquon?,Starter,Adam Thielen,Car,WR|W/R/T
4,7.35,Suck for Saquon?,Starter,Chris Carson,Sea,RB|W/R/T
4,5.8,Suck for Saquon?,Starter,Tarik Cohen,Car,RB|W/R/T
4,3.9,Suck for Saquon?,Starter,Kyle Rudolph,TB,TE|W/R/T
4,11.3,Suck for Saquon?,Starter,Jacquizz Rodgers,TB,RB|W/R/T
4,2.95,Suck for Saquon?,Non-Starter,Isaiah Crowell,LV,RB|W/R/T
4,0.7,Suck for Saquon?,Non-Starter,Derrick Henry,Bal,RB|W/R/T
4,17.65,Suck for Saquon?,Non-Starter,Ameer Abdullah,SF,RB|W/R/T
4,0.0,Suck for Saquon?,Non-Starter,Doug Martin,LV,RB|W/R/T
4,3.0,Suck for Saquon?,Non-Starter,Corey Clement,Ari,RB|W/R/T
4,6.0,Suck for Saquon?,Starter,New England Patriots,NE,DEF
5,12.62,Suck for Saquon?,Starter,Tom Brady,TB,QB
5,7.7,Suck for Saquon?,Starter,Keenan Allen,LAC,WR|W/R/T
5,5.75,Suck for Saquon?,Starter,Adam Thielen,Car,WR|W/R/T
5,14.45,Suck for Saquon?,Starter,Doug Martin,LV,RB|W/R/T
5,3.65,Suck for Saquon?,Starter,Ameer Abdullah,SF,RB|W/R/T
5,12.0,Suck for Saquon?,Starter,Kyle Rudolph,TB,TE|W/R/T
5,4.8,Suck for Saquon?,Starter,Latavius Murray,Buf,RB|W/R/T
5,0.95,Suck for Saquon?,Non-Starter,Tarik Cohen,Car,RB|W/R/T
5,1.75,Suck for Saquon?,Non-Starter,Jacquizz Rodgers,TB,RB|W/R/T
5,7.2,Suck for Saquon?,Non-Starter,Isaiah Crowell,LV,RB|W/R/T
5,0.9,Suck for Saquon?,Non-Starter,Derrick Henry,Bal,RB|W/R/T
5,3.5,Suck for Saquon?,Non-Starter,Elijah McGuire,KC,RB|W/R/T
5,8.5,Suck for Saquon?,Starter,Pittsburgh Steelers,Pit,DEF
6,16.18,Suck for Saquon?,Starter,Tom Brady,TB,QB
6,5.75,Suck for Saquon?,Starter,Keenan Allen,LAC,WR|W/R/T
6,3.75,Suck for Saquon?,Starter,Mike Wallace,Phi,WR|W/R/T
6,14.65,Suck for Saquon?,Starter,Doug Martin,LV,RB|W/R/T
6,13.0,Suck for Saquon?,Starter,Jay Ajayi,Phi,RB|W/R/T
6,5.95,Suck for Saquon?,Starter,Kyle Rudolph,TB,TE|W/R/T
6,2.2,Suck for Saquon?,Starter,Elijah McGuire,KC,RB|W/R/T
6,7.69,Suck for Saquon?,Non-Starter,Tarik Cohen,Car,RB|W/R/T
6,7.8,Suck for Saquon?,Non-Starter,Isaiah Crowell,LV,RB|W/R/T
6,20.75,Suck for Saquon?,Non-Starter,Derrick Henry,Bal,RB|W/R/T
6,1.75,Suck for Saquon?,Non-Starter,Mike Williams,Pit,WR|W/R/T
6,0.0,Suck for Saquon?,Non-Starter,Darren McFadden,Dal,RB|W/R/T
6,4.0,Suck for Saquon?,Starter,Atlanta Falcons,Atl,DEF
7,18.46,Suck for Saquon?,Starter,Tom Brady,TB,QB
7,4.85,Suck for Saquon?,Starter,Keenan Allen,LAC,WR|W/R/T
7,8.2,Suck for Saquon?,Starter,Marqise Lee,Jax,WR|W/R/T
7,8.5,Suck for Saquon?,Starter,Doug Martin,LV,RB|W/R/T
7,8.45,Suck for Saquon?,Starter,Jay Ajayi,Phi,RB|W/R/T
7,5.55,Suck for Saquon?,Starter,Kyle Rudolph,TB,TE|W/R/T
7,2.9,Suck for Saquon?,Starter,Derrick Henry,Bal,RB|W/R/T
7,1.15,Suck for Saquon?,Non-Starter,Mike Wallace,Phi,WR|W/R/T
7,0.7,Suck for Saquon?,Non-Starter,Elijah McGuire,KC,RB|W/R/T
7,7.25,Suck for Saquon?,Non-Starter,Tarik Cohen,Car,RB|W/R/T
7,8.1,Suck for Saquon?,Non-Starter,Isaiah Crowell,LV,RB|W/R/T
7,0.0,Suck for Saquon?,Non-Starter,Darren McFadden,Dal,RB|W/R/T
7,33.0,Suck for Saquon?,Starter,Los Angeles Chargers,LAC,DEF
8,17.52,Suck for Saquon?,Starter,Tom Brady,TB,QB
8,7.1,Suck for Saquon?,Starter,Keenan Allen,LAC,WR|W/R/T
8,7.3,Suck for Saquon?,Starter,Ted Ginn,Chi,WR|W/R/T
8,7.75,Suck for Saquon?,Starter,Doug Martin,LV,RB|W/R/T
8,5.1,Suck for Saquon?,Starter,Jay Ajayi,Phi,RB|W/R/T
8,10.2,Suck for Saquon?,Starter,Kyle Rudolph,TB,TE|W/R/T
8,7.05,Suck for Saquon?,Starter,Tarik Cohen,Car,RB|W/R/T
8,0.0,Suck for Saquon?,Non-Starter,Derrick Henry,Bal,RB|W/R/T
8,0.0,Suck for Saquon?,Non-Starter,Marqise Lee,Jax,WR|W/R/T
8,0.2,Suck for Saquon?,Non-Starter,Elijah McGuire,KC,RB|W/R/T
8,16.8,Suck for Saquon?,Non-Starter,Isaiah Crowell,LV,RB|W/R/T
8,0.0,Suck for Saquon?,Non-Starter,Darren McFadden,Dal,RB|W/R/T
8,3.5,Suck for Saquon?,Starter,Miami Dolphins,Mia,DEF
9,16.9,Suck for Saquon?,Starter,Josh McCown,Hou,QB
9,12.9,Suck for Saquon?,Starter,Ted Ginn,Chi,WR|W/R/T
9,15.5,Suck for Saquon?,Starter,Marqise Lee,Jax,WR|W/R/T
9,0.7,Suck for Saquon?,Starter,Doug Martin,LV,RB|W/R/T
9,13.7,Suck for Saquon?,Starter,Jay Ajayi,Phi,RB|W/R/T
9,0.0,Suck for Saquon?,Starter,Jonnu Smith,Pit,TE|W/R/T
9,10.1,Suck for Saquon?,Starter,Derrick Henry,Bal,RB|W/R/T
9,0.0,Suck for Saquon?,Non-Starter,Darren McFadden,Dal,RB|W/R/T
9,0.0,Suck for Saquon?,Non-Starter,Kyle Rudolph,TB,TE|W/R/T
9,0.0,Suck for Saquon?,Non-Starter,Keenan Allen,LAC,WR|W/R/T
9,0.0,Suck for Saquon?,Non-Starter,Tom Brady,TB,QB
9,0.0,Suck for Saquon?,Non-Starter,Isaiah Crowell,LV,RB|W/R/T
9,5.0,Suck for Saquon?,Starter,Las Vegas Raiders,LV,DEF
10,22.64,Suck for Saquon?,Starter,Tom Brady,TB,QB
10,15.0,Suck for Saquon?,Starter,Marqise Lee,Jax,WR|W/R/T
10,6.4,Suck for Saquon?,Starter,Keenan Allen,LAC,WR|W/R/T
10,5.1,Suck for Saquon?,Starter,Doug Martin,LV,RB|W/R/T
10,15.75,Suck for Saquon?,Starter,Isaiah Crowell,LV,RB|W/R/T
10,4.95,Suck for Saquon?,Starter,Kyle Rudolph,TB,TE|W/R/T
10,0.55,Suck for Saquon?,Starter,Ted Ginn,Chi,WR|W/R/T
10,5.2,Suck for Saquon?,Non-Starter,Derrick Henry,Bal,RB|W/R/T
10,0.0,Suck for Saquon?,Non-Starter,Jay Ajayi,Phi,RB|W/R/T
10,2.5,Suck for Saquon?,Non-Starter,Jonnu Smith,Pit,TE|W/R/T
10,12.48,Suck for Saquon?,Non-Starter,Josh McCown,Hou,QB
10,-0.2,Suck for Saquon?,Non-Starter,Darren McFadden,Dal,RB|W/R/T
10,14.0,Suck for Saquon?,Starter,New England Patriots,NE,DEF
11,25.6,Suck for Saquon?,Starter,Tom Brady,TB,QB
11,5.75,Suck for Saquon?,Starter,Marqise Lee,Jax,WR|W/R/T
11,31.2,Suck for Saquon?,Starter,Keenan Allen,LAC,WR|W/R/T
11,4.9,Suck for Saquon?,Starter,Doug Martin,LV,RB|W/R/T
11,10.35,Suck for Saquon?,Starter,Jay Ajayi,Phi,RB|W/R/T
11,7.05,Suck for Saquon?,Starter,Kyle Rudolph,TB,TE|W/R/T
11,1.8,Suck for Saquon?,Starter,Isaiah Crowell,LV,RB|W/R/T
11,9.0,Suck for Saquon?,Non-Starter,Ted Ginn,Chi,WR|W/R/T
11,3.2,Suck for Saquon?,Non-Starter,Derrick Henry,Bal,RB|W/R/T
11,0.0,Suck for Saquon?,Non-Starter,Jonnu Smith,Pit,TE|W/R/T
11,0.0,Suck for Saquon?,Non-Starter,Josh McCown,Hou,QB
11,0.0,Suck for Saquon?,Non-Starter,Darren McFadden,Dal,RB|W/R/T
11,4.5,Suck for Saquon?,Starter,Miami Dolphins,Mia,DEF
12,20.68,Suck for Saquon?,Starter,Tom Brady,TB,QB
12,1.55,Suck for Saquon?,Starter,Marqise Lee,Jax,WR|W/R/T
12,25.95,Suck for Saquon?,Starter,Keenan Allen,LAC,WR|W/R/T
12,3.3,Suck for Saquon?,Starter,Doug Martin,LV,RB|W/R/T
12,3.55,Suck for Saquon?,Starter,Jay Ajayi,Phi,RB|W/R/T
12,19.3,Suck for Saquon?,Starter,Kyle Rudolph,TB,TE|W/R/T
12,10.75,Suck for Saquon?,Starter,Isaiah Crowell,LV,RB|W/R/T
12,8.85,Suck for Saquon?,Non-Starter,Ted Ginn,Chi,WR|W/R/T
12,9.15,Suck for Saquon?,Non-Starter,Derrick Henry,Bal,RB|W/R/T
12,0.0,Suck for Saquon?,Non-Starter,Jonnu Smith,Pit,TE|W/R/T
12,25.08,Suck for Saquon?,Non-Starter,Josh McCown,Hou,QB
12,0.0,Suck for Saquon?,Non-Starter,Darren McFadden,Dal,RB|W/R/T
12,23.5,Suck for Saquon?,Starter,New England Patriots,NE,DEF
13,8.32,Suck for Saquon?,Starter,Tom Brady,TB,QB
13,16.35,Suck for Saquon?,Starter,Marqise Lee,Jax,WR|W/R/T
13,19.0,Suck for Saquon?,Starter,Keenan Allen,LAC,WR|W/R/T
13,5.35,Suck for Saquon?,Starter,Jay Ajayi,Phi,RB|W/R/T
13,4.65,Suck for Saquon?,Starter,Isaiah Crowell,LV,RB|W/R/T
13,10.6,Suck for Saquon?,Starter,Kyle Rudolph,TB,TE|W/R/T
13,3.8,Suck for Saquon?,Starter,Ted Ginn,Chi,WR|W/R/T
13,0.0,Suck for Saquon?,Non-Starter,Doug Martin,LV,RB|W/R/T
13,16.9,Suck for Saquon?,Non-Starter,Derrick Henry,Bal,RB|W/R/T
13,0.0,Suck for Saquon?,Non-Starter,Jonnu Smith,Pit,TE|W/R/T
13,31.14,Suck for Saquon?,Non-Starter,Josh McCown,Hou,QB
13,0.0,Suck for Saquon?,Non-Starter,Darren McFadden,Dal,RB|W/R/T
13,13.5,Suck for Saquon?,Starter,New England Patriots,NE,DEF
14,9.32,Suck for Saquon?,Starter,Tom Brady,TB,QB
14,7.75,Suck for Saquon?,Starter,Marqise Lee,Jax,WR|W/R/T
14,12.6,Suck for Saquon?,Starter,Keenan Allen,LAC,WR|W/R/T
14,8.25,Suck for Saquon?,Starter,Jay Ajayi,Phi,RB|W/R/T
14,13.85,Suck for Saquon?,Starter,Isaiah Crowell,LV,RB|W/R/T
14,10.85,Suck for Saquon?,Starter,Kyle Rudolph,TB,TE|W/R/T
14,8.0,Suck for Saquon?,Starter,Derrick Henry,Bal,RB|W/R/T
14,1.2,Suck for Saquon?,Non-Starter,Ted Ginn,Chi,WR|W/R/T
14,9.5,Suck for Saquon?,Non-Starter,Doug Martin,LV,RB|W/R/T
14,0.0,Suck for Saquon?,Non-Starter,Jonnu Smith,Pit,TE|W/R/T
14,-1.46,Suck for Saquon?,Non-Starter,Josh McCown,Hou,QB
14,0.0,Suck for Saquon?,Non-Starter,Darren McFadden,Dal,RB|W/R/T
14,8.0,Suck for Saquon?,Starter,New England Patriots,NE,DEF
15,15.72,Suck for Saquon?,Starter,Tom Brady,TB,QB
15,0.0,Suck for Saquon?,Starter,Marqise Lee,Jax,WR|W/R/T
15,6.65,Suck for Saquon?,Starter,Keenan Allen,LAC,WR|W/R/T
15,9.4,Suck for Saquon?,Starter,Jay Ajayi,Phi,RB|W/R/T
15,7.5,Suck for Saquon?,Starter,Isaiah Crowell,LV,RB|W/R/T
15,8.2,Suck for Saquon?,Starter,Kyle Rudolph,TB,TE|W/R/T
15,3.3,Suck for Saquon?,Starter,Derrick Henry,Bal,RB|W/R/T
15,0.0,Suck for Saquon?,Non-Starter,Ted Ginn,Chi,WR|W/R/T
15,0.0,Suck for Saquon?,Non-Starter,Doug Martin,LV,RB|W/R/T
15,0.75,Suck for Saquon?,Non-Starter,Jonnu Smith,Pit,TE|W/R/T
15,0.0,Suck for Saquon?,Non-Starter,Josh McCown,Hou,QB
15,0.0,Suck for Saquon?,Non-Starter,Darren McFadden,Dal,RB|W/R/T
15,5.5,Suck for Saquon?,Starter,New England Patriots,NE,DEF
1,18.68,Wild Wild Wentz,Starter,Derek Carr,NO,QB
1,1.9,Wild Wild Wentz,Starter,Martavis Bryant,Was,WR|W/R/T
1,1.25,Wild Wild Wentz,Starter,Brandon Marshall,Sea,WR|W/R/T
1,5.45,Wild Wild Wentz,Starter,Le'Veon Bell,TB,RB|W/R/T
1,19.15,Wild Wild Wentz,Starter,Leonard Fournette,Buf,RB|W/R/T
1,5.6,Wild Wild Wentz,Starter,C.J. Fiedorowicz,Hou,TE|W/R/T
1,12.1,Wild Wild Wentz,Starter,Jeremy Maclin,Bal,WR|W/R/T
1,0.0,Wild Wild Wentz,Non-Starter,DeVante Parker,NE,WR|W/R/T
1,0.0,Wild Wild Wentz,Non-Starter,DeSean Jackson,Bal,WR|W/R/T
1,22.5,Wild Wild Wentz,Non-Starter,Mike Gillislee,NO,RB|W/R/T
1,1.75,Wild Wild Wentz,Non-Starter,Eric Decker,Ten,WR|W/R/T
1,6.6,Wild Wild Wentz,Non-Starter,Jordan Matthews,Car,WR|W/R/T
1,25.0,Wild Wild Wentz,Starter,Philadelphia Eagles,Phi,DEF
2,21.2,Wild Wild Wentz,Starter,Derek Carr,NO,QB
2,4.65,Wild Wild Wentz,Starter,DeSean Jackson,Bal,WR|W/R/T
2,16.55,Wild Wild Wentz,Starter,Martavis Bryant,Was,WR|W/R/T
2,10.1,Wild Wild Wentz,Starter,Le'Veon Bell,TB,RB|W/R/T
2,12.6,Wild Wild Wentz,Starter,Leonard Fournette,Buf,RB|W/R/T
2,3.7,Wild Wild Wentz,Starter,Jesse James,LV,TE|W/R/T
2,9.5,Wild Wild Wentz,Starter,DeVante Parker,NE,WR|W/R/T
2,10.1,Wild Wild Wentz,Non-Starter,Jeremy Maclin,Bal,WR|W/R/T
2,1.95,Wild Wild Wentz,Non-Starter,Brandon Marshall,Sea,WR|W/R/T
2,12.9,Wild Wild Wentz,Non-Starter,Mike Gillislee,NO,RB|W/R/T
2,3.75,Wild Wild Wentz,Non-Starter,Jordan Matthews,Car,WR|W/R/T
2,3.05,Wild Wild Wentz,Non-Starter,Andre Ellington,Hou,RB|W/R/T
2,8.0,Wild Wild Wentz,Starter,Philadelphia Eagles,Phi,DEF
3,5.22,Wild Wild Wentz,Starter,Derek Carr,NO,QB
3,3.5,Wild Wild Wentz,Starter,Martavis Bryant,Was,WR|W/R/T
3,15.6,Wild Wild Wentz,Starter,DeVante Parker,NE,WR|W/R/T
3,17.3,Wild Wild Wentz,Starter,Le'Veon Bell,TB,RB|W/R/T
3,14.75,Wild Wild Wentz,Starter,Leonard Fournette,Buf,RB|W/R/T
3,2.4,Wild Wild Wentz,Starter,Jesse James,LV,TE|W/R/T
3,3.1,Wild Wild Wentz,Starter,Mike Gillislee,NO,RB|W/R/T
3,15.4,Wild Wild Wentz,Non-Starter,DeSean Jackson,Bal,WR|W/R/T
3,1.05,Wild Wild Wentz,Non-Starter,Jeremy Maclin,Bal,WR|W/R/T
3,8.6,Wild Wild Wentz,Non-Starter,Brandon Marshall,Sea,WR|W/R/T
3,6.85,Wild Wild Wentz,Non-Starter,Jordan Matthews,Car,WR|W/R/T
3,9.35,Wild Wild Wentz,Non-Starter,Andre Ellington,Hou,RB|W/R/T
3,6.5,Wild Wild Wentz,Starter,Philadelphia Eagles,Phi,DEF
4,9.72,Wild Wild Wentz,Starter,Derek Carr,NO,QB
4,8.4,Wild Wild Wentz,Starter,DeVante Parker,NE,WR|W/R/T
4,2.5,Wild Wild Wentz,Starter,DeSean Jackson,Bal,WR|W/R/T
4,31.6,Wild Wild Wentz,Starter,Le'Veon Bell,TB,RB|W/R/T
4,21.5,Wild Wild Wentz,Starter,Leonard Fournette,Buf,RB|W/R/T
4,4.75,Wild Wild Wentz,Starter,Jesse James,LV,TE|W/R/T
4,4.9,Wild Wild Wentz,Starter,Mike Gillislee,NO,RB|W/R/T
4,5.55,Wild Wild Wentz,Non-Starter,Martavis Bryant,Was,WR|W/R/T
4,2.85,Wild Wild Wentz,Non-Starter,Jeremy Maclin,Bal,WR|W/R/T
4,6.1,Wild Wild Wentz,Non-Starter,Brandon Marshall,Sea,WR|W/R/T
4,7.5,Wild Wild Wentz,Non-Starter,Jordan Matthews,Car,WR|W/R/T
4,27.32,Wild Wild Wentz,Non-Starter,Alex Smith,Was,QB
4,7.0,Wild Wild Wentz,Starter,Philadelphia Eagles,Phi,DEF
5,26.86,Wild Wild Wentz,Starter,Alex Smith,Was,QB
5,0.85,Wild Wild Wentz,Starter,DeVante Parker,NE,WR|W/R/T
5,11.85,Wild Wild Wentz,Starter,DeSean Jackson,Bal,WR|W/R/T
5,11.8,Wild Wild Wentz,Starter,Le'Veon Bell,TB,RB|W/R/T
5,30.65,Wild Wild Wentz,Starter,Leonard Fournette,Buf,RB|W/R/T
5,3.15,Wild Wild Wentz,Starter,Jesse James,LV,TE|W/R/T
5,5.2,Wild Wild Wentz,Starter,Mike Gillislee,NO,RB|W/R/T
5,0.0,Wild Wild Wentz,Non-Starter,Derek Carr,NO,QB
5,4.65,Wild Wild Wentz,Non-Starter,Martavis Bryant,Was,WR|W/R/T
5,5.8,Wild Wild Wentz,Non-Starter,Jeremy Maclin,Bal,WR|W/R/T
5,2.0,Wild Wild Wentz,Non-Starter,Brandon Marshall,Sea,WR|W/R/T
5,0.0,Wild Wild Wentz,Non-Starter,Jordan Matthews,Car,WR|W/R/T
5,14.5,Wild Wild Wentz,Starter,Philadelphia Eagles,Phi,DEF
6,15.14,Wild Wild Wentz,Starter,Alex Smith,Was,QB
6,10.55,Wild Wild Wentz,Starter,DeSean Jackson,Bal,WR|W/R/T
6,8.9,Wild Wild Wentz,Starter,Jermaine Kearse,Det,WR|W/R/T
6,25.85,Wild Wild Wentz,Starter,Le'Veon Bell,TB,RB|W/R/T
6,20.3,Wild Wild Wentz,Starter,Leonard Fournette,Buf,RB|W/R/T
6,0.5,Wild Wild Wentz,Starter,David Njoku,Cle,TE|W/R/T
6,2.4,Wild Wild Wentz,Starter,Mike Gillislee,NO,RB|W/R/T
6,0.0,Wild Wild Wentz,Non-Starter,DeVante Parker,NE,WR|W/R/T
6,6.84,Wild Wild Wentz,Non-Starter,Derek Carr,NO,QB
6,3.2,Wild Wild Wentz,Non-Starter,Martavis Bryant,Was,WR|W/R/T
6,0.0,Wild Wild Wentz,Non-Starter,Jeremy Maclin,Bal,WR|W/R/T
6,0.0,Wild Wild Wentz,Non-Starter,Alfred Morris,NYG,RB|W/R/T
6,11.0,Wild Wild Wentz,Starter,Philadelphia Eagles,Phi,DEF
7,25.68,Wild Wild Wentz,Starter,Alex Smith,Was,QB
7,8.55,Wild Wild Wentz,Starter,DeSean Jackson,Bal,WR|W/R/T
7,9.15,Wild Wild Wentz,Starter,Jermaine Kearse,Det,WR|W/R/T
7,19.95,Wild Wild Wentz,Starter,Le'Veon Bell,TB,RB|W/R/T
7,3.1,Wild Wild Wentz,Starter,Mike Gillislee,NO,RB|W/R/T
7,3.4,Wild Wild Wentz,Starter,Zach Miller,Chi,TE|W/R/T
7,0.75,Wild Wild Wentz,Starter,Martavis Bryant,Was,WR|W/R/T
7,0.0,Wild Wild Wentz,Non-Starter,Leonard Fournette,Buf,RB|W/R/T
7,6.3,Wild Wild Wentz,Non-Starter,David Njoku,Cle,TE|W/R/T
7,0.0,Wild Wild Wentz,Non-Starter,DeVante Parker,NE,WR|W/R/T
7,30.18,Wild Wild Wentz,Non-Starter,Derek Carr,NO,QB
7,2.65,Wild Wild Wentz,Non-Starter,Alfred Morris,NYG,RB|W/R/T
7,11.5,Wild Wild Wentz,Starter,Philadelphia Eagles,Phi,DEF
8,12.52,Wild Wild Wentz,Starter,Derek Carr,NO,QB
8,4.45,Wild Wild Wentz,Starter,DeSean Jackson,Bal,WR|W/R/T
8,1.9,Wild Wild Wentz,Starter,Jermaine Kearse,Det,WR|W/R/T
8,12.6,Wild Wild Wentz,Starter,Le'Veon Bell,TB,RB|W/R/T
8,3.4,Wild Wild Wentz,Starter,Mike Gillislee,NO,RB|W/R/T
8,0.0,Wild Wild Wentz,Starter,Zach Miller,Chi,TE|W/R/T
8,0.3,Wild Wild Wentz,Starter,Alfred Morris,NYG,RB|W/R/T
8,0.0,Wild Wild Wentz,Non-Starter,DeVante Parker,NE,WR|W/R/T
8,0.0,Wild Wild Wentz,Non-Starter,Martavis Bryant,Was,WR|W/R/T
8,13.38,Wild Wild Wentz,Non-Starter,Alex Smith,Was,QB
8,0.0,Wild Wild Wentz,Non-Starter,Leonard Fournette,Buf,RB|W/R/T
8,2.4,Wild Wild Wentz,Non-Starter,David Njoku,Cle,TE|W/R/T
8,27.5,Wild Wild Wentz,Starter,Philadelphia Eagles,Phi,DEF
9,13.7,Wild Wild Wentz,Starter,Derek Carr,NO,QB
9,3.8,Wild Wild Wentz,Starter,DeSean Jackson,Bal,WR|W/R/T
9,4.3,Wild Wild Wentz,Starter,Jermaine Kearse,Det,WR|W/R/T
9,13.6,Wild Wild Wentz,Starter,Damien Williams,Ari,RB|W/R/T
9,1.1,Wild Wild Wentz,Starter,Alfred Morris,NYG,RB|W/R/T
9,8.7,Wild Wild Wentz,Starter,Vernon Davis,Was,TE|W/R/T
9,8.85,Wild Wild Wentz,Starter,DeVante Parker,NE,WR|W/R/T
9,0.0,Wild Wild Wentz,Non-Starter,Le'Veon Bell,TB,RB|W/R/T
9,0.0,Wild Wild Wentz,Non-Starter,Leonard Fournette,Buf,RB|W/R/T
9,0.0,Wild Wild Wentz,Non-Starter,Martavis Bryant,Was,WR|W/R/T
9,18.42,Wild Wild Wentz,Non-Starter,Alex Smith,Was,QB
9,20.0,Wild Wild Wentz,Non-Starter,Robert Woods,Pit,WR|W/R/T
9,14.0,Wild Wild Wentz,Starter,Philadelphia Eagles,Phi,DEF
10,16.32,Wild Wild Wentz,Starter,Blake Bortles,GB,QB
10,4.5,Wild Wild Wentz,Starter,Jermaine Kearse,Det,WR|W/R/T
10,31.1,Wild Wild Wentz,Starter,Robert Woods,Pit,WR|W/R/T
10,12.45,Wild Wild Wentz,Starter,Le'Veon Bell,TB,RB|W/R/T
10,5.1,Wild Wild Wentz,Starter,Leonard Fournette,Buf,RB|W/R/T
10,9.35,Wild Wild Wentz,Starter,Vernon Davis,Was,TE|W/R/T
10,5.3,Wild Wild Wentz,Starter,Alfred Morris,NYG,RB|W/R/T
10,8.1,Wild Wild Wentz,Non-Starter,DeVante Parker,NE,WR|W/R/T
10,0.0,Wild Wild Wentz,Non-Starter,Derek Carr,NO,QB
10,9.7,Wild Wild Wentz,Non-Starter,DeSean Jackson,Bal,WR|W/R/T
10,0.0,Wild Wild Wentz,Non-Starter,Alex Smith,Was,QB
10,12.5,Wild Wild Wentz,Starter,New Orleans Saints,NO,DEF
10,0.0,Wild Wild Wentz,Non-Starter,Philadelphia Eagles,Phi,DEF
11,7.9,Wild Wild Wentz,Starter,Alex Smith,Was,QB
11,10.1,Wild Wild Wentz,Starter,Robert Woods,Pit,WR|W/R/T
11,3.6,Wild Wild Wentz,Starter,DeVante Parker,NE,WR|W/R/T
11,12.55,Wild Wild Wentz,Starter,Le'Veon Bell,TB,RB|W/R/T
11,12.3,Wild Wild Wentz,Starter,Leonard Fournette,Buf,RB|W/R/T
11,7.45,Wild Wild Wentz,Starter,Vernon Davis,Was,TE|W/R/T
11,9.3,Wild Wild Wentz,Starter,DeSean Jackson,Bal,WR|W/R/T
11,9.1,Wild Wild Wentz,Non-Starter,Alfred Morris,NYG,RB|W/R/T
11,0.0,Wild Wild Wentz,Non-Starter,Jermaine Kearse,Det,WR|W/R/T
11,13.48,Wild Wild Wentz,Non-Starter,Derek Carr,NO,QB
11,12.3,Wild Wild Wentz,Non-Starter,Austin Ekeler,Was,RB|W/R/T
11,26.0,Wild Wild Wentz,Starter,Philadelphia Eagles,Phi,DEF
11,4.5,Wild Wild Wentz,Non-Starter,New Orleans Saints,NO,DEF
12,13.46,Wild Wild Wentz,Starter,Alex Smith,Was,QB
12,0.75,Wild Wild Wentz,Starter,DeVante Parker,NE,WR|W/R/T
12,18.25,Wild Wild Wentz,Starter,Jermaine Kearse,Det,WR|W/R/T
12,19.3,Wild Wild Wentz,Starter,Le'Veon Bell,TB,RB|W/R/T
12,4.95,Wild Wild Wentz,Starter,Leonard Fournette,Buf,RB|W/R/T
12,0.0,Wild Wild Wentz,Starter,Vernon Davis,Was,TE|W/R/T
12,8.0,Wild Wild Wentz,Starter,DeSean Jackson,Bal,WR|W/R/T
12,0.0,Wild Wild Wentz,Non-Starter,Robert Woods,Pit,WR|W/R/T
12,5.15,Wild Wild Wentz,Non-Starter,Alfred Morris,NYG,RB|W/R/T
12,7.75,Wild Wild Wentz,Non-Starter,Austin Ekeler,Was,RB|W/R/T
12,0.0,Wild Wild Wentz,Non-Starter,Andre Ellington,Hou,RB|W/R/T
12,4.15,Wild Wild Wentz,Non-Starter,Corey Clement,Ari,RB|W/R/T
12,19.5,Wild Wild Wentz,Starter,Philadelphia Eagles,Phi,DEF
13,17.56,Wild Wild Wentz,Starter,Philip Rivers,Ind,QB
13,0.75,Wild Wild Wentz,Starter,DeVante Parker,NE,WR|W/R/T
13,17.95,Wild Wild Wentz,Starter,Jermaine Kearse,Det,WR|W/R/T
13,25.45,Wild Wild Wentz,Starter,Le'Veon Bell,TB,RB|W/R/T
13,14.65,Wild Wild Wentz,Starter,Leonard Fournette,Buf,RB|W/R/T
13,2.0,Wild Wild Wentz,Starter,Vernon Davis,Was,TE|W/R/T
13,4.5,Wild Wild Wentz,Starter,Austin Ekeler,Was,RB|W/R/T
13,37.64,Wild Wild Wentz,Non-Starter,Alex Smith,Was,QB
13,2.9,Wild Wild Wentz,Non-Starter,DeSean Jackson,Bal,WR|W/R/T
13,0.0,Wild Wild Wentz,Non-Starter,Robert Woods,Pit,WR|W/R/T
13,18.7,Wild Wild Wentz,Non-Starter,Alfred Morris,NYG,RB|W/R/T
13,4.9,Wild Wild Wentz,Non-Starter,Ricky Seals-Jones,Was,TE|W/R/T
13,5.5,Wild Wild Wentz,Starter,Philadelphia Eagles,Phi,DEF
14,20.76,Wild Wild Wentz,Starter,Philip Rivers,Ind,QB
14,5.0,Wild Wild Wentz,Starter,DeVante Parker,NE,WR|W/R/T
14,0.65,Wild Wild Wentz,Starter,Jermaine Kearse,Det,WR|W/R/T
14,32.75,Wild Wild Wentz,Starter,Le'Veon Bell,TB,RB|W/R/T
14,18.9,Wild Wild Wentz,Starter,Leonard Fournette,Buf,RB|W/R/T
14,2.25,Wild Wild Wentz,Starter,Ricky Seals-Jones,Was,TE|W/R/T
14,9.25,Wild Wild Wentz,Starter,Alfred Morris,NYG,RB|W/R/T
14,9.1,Wild Wild Wentz,Non-Starter,Vernon Davis,Was,TE|W/R/T
14,4.9,Wild Wild Wentz,Non-Starter,Austin Ekeler,Was,RB|W/R/T
14,11.12,Wild Wild Wentz,Non-Starter,Alex Smith,Was,QB
14,7.4,Wild Wild Wentz,Non-Starter,DeSean Jackson,Bal,WR|W/R/T
14,0.0,Wild Wild Wentz,Non-Starter,Robert Woods,Pit,WR|W/R/T
14,10.5,Wild Wild Wentz,Starter,Philadelphia Eagles,Phi,DEF
15,7.08,Wild Wild Wentz,Starter,Philip Rivers,Ind,QB
15,12.0,Wild Wild Wentz,Starter,Robert Woods,Pit,WR|W/R/T
15,2.05,Wild Wild Wentz,Starter,DeSean Jackson,Bal,WR|W/R/T
15,23.75,Wild Wild Wentz,Starter,Le'Veon Bell,TB,RB|W/R/T
15,0.0,Wild Wild Wentz,Starter,Leonard Fournette,Buf,RB|W/R/T
15,0.3,Wild Wild Wentz,Starter,Vernon Davis,Was,TE|W/R/T
15,6.6,Wild Wild Wentz,Starter,Alfred Morris,NYG,RB|W/R/T
15,3.55,Wild Wild Wentz,Non-Starter,Jermaine Kearse,Det,WR|W/R/T
15,10.4,Wild Wild Wentz,Non-Starter,DeVante Parker,NE,WR|W/R/T
15,1.6,Wild Wild Wentz,Non-Starter,Ricky Seals-Jones,Was,TE|W/R/T
15,0.15,Wild Wild Wentz,Non-Starter,Austin Ekeler,Was,RB|W/R/T
15,18.54,Wild Wild Wentz,Non-Starter,Alex Smith,Was,QB
15,11.5,Wild Wild Wentz,Starter,Philadelphia Eagles,Phi,DEF
16,15.6,Wild Wild Wentz,Starter,Philip Rivers,Ind,QB
16,4.05,Wild Wild Wentz,Starter,Robert Woods,Pit,WR|W/R/T
16,0.0,Wild Wild Wentz,Starter,DeSean Jackson,Bal,WR|W/R/T
16,16.95,Wild Wild Wentz,Starter,Le'Veon Bell,TB,RB|W/R/T
16,13.75,Wild Wild Wentz,Starter,Leonard Fournette,Buf,RB|W/R/T
16,10.7,Wild Wild Wentz,Starter,Vernon Davis,Was,TE|W/R/T
16,0.0,Wild Wild Wentz,Starter,Alfred Morris,NYG,RB|W/R/T
16,5.45,Wild Wild Wentz,Non-Starter,Jermaine Kearse,Det,WR|W/R/T
16,7.55,Wild Wild Wentz,Non-Starter,DeVante Parker,NE,WR|W/R/T
16,0.0,Wild Wild Wentz,Non-Starter,Ricky Seals-Jones,Was,TE|W/R/T
16,0.0,Wild Wild Wentz,Non-Starter,Austin Ekeler,Was,RB|W/R/T
16,17.46,Wild Wild Wentz,Non-Starter,Alex Smith,Was,QB
16,25.0,Wild Wild Wentz,Starter,Philadelphia Eagles,Phi,DEF
1,10.6,Chili Con Cussion,Starter,Kirk Cousins,Atl,QB
1,13.45,Chili Con Cussion,Starter,Amari Cooper,Buf,WR|W/R/T
1,0.15,Chili Con Cussion,Starter,Jamison Crowder,Was,WR|W/R/T
1,6.5,Chili Con Cussion,Starter,DeMarco Murray,Ten,RB|W/R/T
1,4.35,Chili Con Cussion,Starter,Matt Forte,NYJ,RB|W/R/T
1,1.4,Chili Con Cussion,Starter,Eric Ebron,Pit,TE|W/R/T
1,7.05,Chili Con Cussion,Starter,Sammy Watkins,Bal,WR|W/R/T
1,0.0,Chili Con Cussion,Non-Starter,Jay Ajayi,Phi,RB|W/R/T
1,1.05,Chili Con Cussion,Non-Starter,Mike Wallace,Phi,WR|W/R/T
1,0.65,Chili Con Cussion,Non-Starter,Tyler Eifert,Jax,TE|W/R/T
1,0.0,Chili Con Cussion,Non-Starter,Andrew Luck,Ind,QB
1,0.0,Chili Con Cussion,Non-Starter,Willie Snead IV,Mia,WR|W/R/T
1,4.5,Chili Con Cussion,Starter,Minnesota Vikings,Min,DEF
2,11.86,Chili Con Cussion,Starter,Kirk Cousins,Atl,QB
2,4.3,Chili Con Cussion,Starter,Amari Cooper,Buf,WR|W/R/T
2,5.7,Chili Con Cussion,Starter,Jamison Crowder,Was,WR|W/R/T
2,3.05,Chili Con Cussion,Starter,DeMarco Murray,Ten,RB|W/R/T
2,13.1,Chili Con Cussion,Starter,Jay Ajayi,Phi,RB|W/R/T
2,11.45,Chili Con Cussion,Starter,Eric Ebron,Pit,TE|W/R/T
2,3.5,Chili Con Cussion,Starter,Sammy Watkins,Bal,WR|W/R/T
2,9.85,Chili Con Cussion,Non-Starter,Matt Forte,NYJ,RB|W/R/T
2,0.95,Chili Con Cussion,Non-Starter,Mike Wallace,Phi,WR|W/R/T
2,4.95,Chili Con Cussion,Non-Starter,Tyler Eifert,Jax,TE|W/R/T
2,0.0,Chili Con Cussion,Non-Starter,Andrew Luck,Ind,QB
2,0.0,Chili Con Cussion,Non-Starter,Willie Snead IV,Mia,WR|W/R/T
2,5.0,Chili Con Cussion,Starter,Minnesota Vikings,Min,DEF
3,26.8,Chili Con Cussion,Starter,Kirk Cousins,Atl,QB
3,0.85,Chili Con Cussion,Starter,Amari Cooper,Buf,WR|W/R/T
3,4.7,Chili Con Cussion,Starter,Jamison Crowder,Was,WR|W/R/T
3,18.25,Chili Con Cussion,Starter,DeMarco Murray,Ten,RB|W/R/T
3,3.0,Chili Con Cussion,Starter,Jay Ajayi,Phi,RB|W/R/T
3,1.4,Chili Con Cussion,Starter,Eric Ebron,Pit,TE|W/R/T
3,24.1,Chili Con Cussion,Starter,Sammy Watkins,Bal,WR|W/R/T
3,0.0,Chili Con Cussion,Non-Starter,Tyler Eifert,Jax,TE|W/R/T
3,2.5,Chili Con Cussion,Non-Starter,Matt Forte,NYJ,RB|W/R/T
3,1.25,Chili Con Cussion,Non-Starter,Mike Wallace,Phi,WR|W/R/T
3,0.0,Chili Con Cussion,Non-Starter,Andrew Luck,Ind,QB
3,0.0,Chili Con Cussion,Non-Starter,Willie Snead IV,Mia,WR|W/R/T
3,11.5,Chili Con Cussion,Starter,Minnesota Vikings,Min,DEF
4,20.6,Chili Con Cussion,Starter,Kirk Cousins,Atl,QB
4,1.4,Chili Con Cussion,Starter,Amari Cooper,Buf,WR|W/R/T
4,-0.45,Chili Con Cussion,Starter,Jamison Crowder,Was,WR|W/R/T
4,4.0,Chili Con Cussion,Starter,DeMarco Murray,Ten,RB|W/R/T
4,5.65,Chili Con Cussion,Starter,Jay Ajayi,Phi,RB|W/R/T
4,3.2,Chili Con Cussion,Starter,Eric Ebron,Pit,TE|W/R/T
4,1.95,Chili Con Cussion,Starter,Sammy Watkins,Bal,WR|W/R/T
4,0.0,Chili Con Cussion,Non-Starter,Tyler Eifert,Jax,TE|W/R/T
4,0.0,Chili Con Cussion,Non-Starter,Matt Forte,NYJ,RB|W/R/T
4,13.0,Chili Con Cussion,Non-Starter,Mike Wallace,Phi,WR|W/R/T
4,0.0,Chili Con Cussion,Non-Starter,Andrew Luck,Ind,QB
4,0.0,Chili Con Cussion,Non-Starter,Willie Snead IV,Mia,WR|W/R/T
4,12.5,Chili Con Cussion,Starter,Minnesota Vikings,Min,DEF
5,2.7,Chili Con Cussion,Starter,Blake Bortles,GB,QB
5,1.05,Chili Con Cussion,Starter,Amari Cooper,Buf,WR|W/R/T
5,14.05,Chili Con Cussion,Starter,Mike Wallace,Phi,WR|W/R/T
5,5.9,Chili Con Cussion,Starter,DeMarco Murray,Ten,RB|W/R/T
5,6.4,Chili Con Cussion,Starter,Jay Ajayi,Phi,RB|W/R/T
5,0.85,Chili Con Cussion,Starter,Eric Ebron,Pit,TE|W/R/T
5,0.0,Chili Con Cussion,Starter,Sammy Watkins,Bal,WR|W/R/T
5,0.0,Chili Con Cussion,Non-Starter,Kirk Cousins,Atl,QB
5,0.0,Chili Con Cussion,Non-Starter,Jamison Crowder,Was,WR|W/R/T
5,0.0,Chili Con Cussion,Non-Starter,Matt Forte,NYJ,RB|W/R/T
5,0.0,Chili Con Cussion,Non-Starter,Andrew Luck,Ind,QB
5,0.0,Chili Con Cussion,Non-Starter,Willie Snead IV,Mia,WR|W/R/T
5,9.5,Chili Con Cussion,Starter,Minnesota Vikings,Min,DEF
6,27.8,Chili Con Cussion,Starter,Kirk Cousins,Atl,QB
6,4.05,Chili Con Cussion,Starter,Amari Cooper,Buf,WR|W/R/T
6,1.35,Chili Con Cussion,Starter,Willie Snead IV,Mia,WR|W/R/T
6,15.7,Chili Con Cussion,Starter,DeMarco Murray,Ten,RB|W/R/T
6,5.4,Chili Con Cussion,Starter,Ameer Abdullah,SF,RB|W/R/T
6,1.15,Chili Con Cussion,Starter,Eric Ebron,Pit,TE|W/R/T
6,3.35,Chili Con Cussion,Starter,Jamison Crowder,Was,WR|W/R/T
6,1.35,Chili Con Cussion,Non-Starter,Sammy Watkins,Bal,WR|W/R/T
6,10.1,Chili Con Cussion,Non-Starter,Matt Forte,NYJ,RB|W/R/T
6,0.0,Chili Con Cussion,Non-Starter,Andrew Luck,Ind,QB
6,11.85,Chili Con Cussion,Non-Starter,Adam Thielen,Car,WR|W/R/T
6,4.05,Chili Con Cussion,Non-Starter,Latavius Murray,Buf,RB|W/R/T
6,18.0,Chili Con Cussion,Starter,Minnesota Vikings,Min,DEF
7,23.92,Chili Con Cussion,Starter,Kirk Cousins,Atl,QB
7,35.75,Chili Con Cussion,Starter,Amari Cooper,Buf,WR|W/R/T
7,5.35,Chili Con Cussion,Starter,Adam Thielen,Car,WR|W/R/T
7,8.35,Chili Con Cussion,Starter,DeMarco Murray,Ten,RB|W/R/T
7,17.3,Chili Con Cussion,Starter,Latavius Murray,Buf,RB|W/R/T
7,5.9,Chili Con Cussion,Starter,Jack Doyle,Ind,TE|W/R/T
7,4.95,Chili Con Cussion,Starter,Sammy Watkins,Bal,WR|W/R/T
7,3.6,Chili Con Cussion,Non-Starter,Jamison Crowder,Was,WR|W/R/T
7,0.0,Chili Con Cussion,Non-Starter,Ameer Abdullah,SF,RB|W/R/T
7,0.0,Chili Con Cussion,Non-Starter,Willie Snead IV,Mia,WR|W/R/T
7,9.45,Chili Con Cussion,Non-Starter,Matt Forte,NYJ,RB|W/R/T
7,0.0,Chili Con Cussion,Non-Starter,Andrew Luck,Ind,QB
7,13.5,Chili Con Cussion,Starter,Minnesota Vikings,Min,DEF
8,8.52,Chili Con Cussion,Starter,Kirk Cousins,Atl,QB
8,6.45,Chili Con Cussion,Starter,Amari Cooper,Buf,WR|W/R/T
8,17.05,Chili Con Cussion,Starter,Adam Thielen,Car,WR|W/R/T
8,4.95,Chili Con Cussion,Starter,Latavius Murray,Buf,RB|W/R/T
8,4.55,Chili Con Cussion,Starter,Ameer Abdullah,SF,RB|W/R/T
8,21.1,Chili Con Cussion,Starter,Jack Doyle,Ind,TE|W/R/T
8,0.0,Chili Con Cussion,Starter,Willie Snead IV,Mia,WR|W/R/T
8,0.0,Chili Con Cussion,Non-Starter,Sammy Watkins,Bal,WR|W/R/T
8,0.0,Chili Con Cussion,Non-Starter,DeMarco Murray,Ten,RB|W/R/T
8,15.75,Chili Con Cussion,Non-Starter,Jamison Crowder,Was,WR|W/R/T
8,6.7,Chili Con Cussion,Non-Starter,Matt Forte,NYJ,RB|W/R/T
8,0.0,Chili Con Cussion,Non-Starter,Andrew Luck,Ind,QB
8,12.5,Chili Con Cussion,Starter,Minnesota Vikings,Min,DEF
9,8.28,Chili Con Cussion,Starter,Kirk Cousins,Atl,QB
9,6.8,Chili Con Cussion,Starter,Amari Cooper,Buf,WR|W/R/T
9,12.95,Chili Con Cussion,Starter,Sammy Watkins,Bal,WR|W/R/T
9,9.95,Chili Con Cussion,Starter,Ameer Abdullah,SF,RB|W/R/T
9,4.6,Chili Con Cussion,Starter,DeMarco Murray,Ten,RB|W/R/T
9,8.3,Chili Con Cussion,Starter,Jack Doyle,Ind,TE|W/R/T
9,-2.0,Chili Con Cussion,Starter,Willie Snead IV,Mia,WR|W/R/T
9,0.0,Chili Con Cussion,Non-Starter,Adam Thielen,Car,WR|W/R/T
9,0.0,Chili Con Cussion,Non-Starter,Latavius Murray,Buf,RB|W/R/T
9,0.0,Chili Con Cussion,Non-Starter,Jamison Crowder,Was,WR|W/R/T
9,22.6,Chili Con Cussion,Non-Starter,Matt Forte,NYJ,RB|W/R/T
9,6.0,Chili Con Cussion,Starter,Green Bay Packers,GB,DEF
9,0.0,Chili Con Cussion,Non-Starter,Minnesota Vikings,Min,DEF
10,27.58,Chili Con Cussion,Starter,Kirk Cousins,Atl,QB
10,10.6,Chili Con Cussion,Starter,Sammy Watkins,Bal,WR|W/R/T
10,24.6,Chili Con Cussion,Starter,Adam Thielen,Car,WR|W/R/T
10,11.75,Chili Con Cussion,Starter,Ameer Abdullah,SF,RB|W/R/T
10,26.2,Chili Con Cussion,Starter,DeMarco Murray,Ten,RB|W/R/T
10,1.4,Chili Con Cussion,Starter,Jack Doyle,Ind,TE|W/R/T
10,9.1,Chili Con Cussion,Starter,Jamison Crowder,Was,WR|W/R/T
10,0.0,Chili Con Cussion,Non-Starter,Willie Snead IV,Mia,WR|W/R/T
10,0.0,Chili Con Cussion,Non-Starter,Amari Cooper,Buf,WR|W/R/T
10,12.8,Chili Con Cussion,Non-Starter,Latavius Murray,Buf,RB|W/R/T
10,0.0,Chili Con Cussion,Non-Starter,Matt Forte,NYJ,RB|W/R/T
10,15.0,Chili Con Cussion,Starter,Green Bay Packers,GB,DEF
10,5.0,Chili Con Cussion,Non-Starter,Minnesota Vikings,Min,DEF
11,25.98,Chili Con Cussion,Starter,Kirk Cousins,Atl,QB
11,4.35,Chili Con Cussion,Starter,Sammy Watkins,Bal,WR|W/R/T
11,19.8,Chili Con Cussion,Starter,Adam Thielen,Car,WR|W/R/T
11,10.0,Chili Con Cussion,Starter,Ameer Abdullah,SF,RB|W/R/T
11,5.95,Chili Con Cussion,Starter,DeMarco Murray,Ten,RB|W/R/T
11,3.0,Chili Con Cussion,Starter,Hunter Henry,NE,TE|W/R/T
11,9.35,Chili Con Cussion,Starter,Jamison Crowder,Was,WR|W/R/T
11,1.45,Chili Con Cussion,Non-Starter,Willie Snead IV,Mia,WR|W/R/T
11,9.55,Chili Con Cussion,Non-Starter,Amari Cooper,Buf,WR|W/R/T
11,21.85,Chili Con Cussion,Non-Starter,Latavius Murray,Buf,RB|W/R/T
11,0.0,Chili Con Cussion,Non-Starter,Matt Forte,NYJ,RB|W/R/T
11,11.0,Chili Con Cussion,Starter,Green Bay Packers,GB,DEF
11,12.5,Chili Con Cussion,Non-Starter,Minnesota Vikings,Min,DEF
12,14.08,Chili Con Cussion,Starter,Kirk Cousins,Atl,QB
12,15.2,Chili Con Cussion,Starter,Sammy Watkins,Bal,WR|W/R/T
12,10.9,Chili Con Cussion,Starter,Adam Thielen,Car,WR|W/R/T
12,5.05,Chili Con Cussion,Starter,Ameer Abdullah,SF,RB|W/R/T
12,10.95,Chili Con Cussion,Starter,DeMarco Murray,Ten,RB|W/R/T
12,14.85,Chili Con Cussion,Starter,Hunter Henry,NE,TE|W/R/T
12,21.85,Chili Con Cussion,Starter,Jamison Crowder,Was,WR|W/R/T
12,1.15,Chili Con Cussion,Non-Starter,Willie Snead IV,Mia,WR|W/R/T
12,7.15,Chili Con Cussion,Non-Starter,Amari Cooper,Buf,WR|W/R/T
12,14.4,Chili Con Cussion,Non-Starter,Latavius Murray,Buf,RB|W/R/T
12,2.6,Chili Con Cussion,Non-Starter,Matt Forte,NYJ,RB|W/R/T
12,7.5,Chili Con Cussion,Starter,Green Bay Packers,GB,DEF
12,11.0,Chili Con Cussion,Non-Starter,Minnesota Vikings,Min,DEF
13,12.64,Chili Con Cussion,Starter,Kirk Cousins,Atl,QB
13,10.55,Chili Con Cussion,Starter,Sammy Watkins,Bal,WR|W/R/T
13,6.1,Chili Con Cussion,Starter,Adam Thielen,Car,WR|W/R/T
13,8.4,Chili Con Cussion,Starter,DeMarco Murray,Ten,RB|W/R/T
13,10.45,Chili Con Cussion,Starter,Latavius Murray,Buf,RB|W/R/T
13,9.85,Chili Con Cussion,Starter,Hunter Henry,NE,TE|W/R/T
13,5.95,Chili Con Cussion,Starter,Jamison Crowder,Was,WR|W/R/T
13,0.0,Chili Con Cussion,Non-Starter,Ameer Abdullah,SF,RB|W/R/T
13,3.6,Chili Con Cussion,Non-Starter,Willie Snead IV,Mia,WR|W/R/T
13,0.0,Chili Con Cussion,Non-Starter,Amari Cooper,Buf,WR|W/R/T
13,15.85,Chili Con Cussion,Non-Starter,Matt Forte,NYJ,RB|W/R/T
13,20.0,Chili Con Cussion,Starter,Green Bay Packers,GB,DEF
13,5.5,Chili Con Cussion,Non-Starter,Minnesota Vikings,Min,DEF
14,8.84,Chili Con Cussion,Starter,Kirk Cousins,Atl,QB
14,18.0,Chili Con Cussion,Starter,Adam Thielen,Car,WR|W/R/T
14,0.0,Chili Con Cussion,Starter,Amari Cooper,Buf,WR|W/R/T
14,5.2,Chili Con Cussion,Starter,DeMarco Murray,Ten,RB|W/R/T
14,2.5,Chili Con Cussion,Starter,Latavius Murray,Buf,RB|W/R/T
14,12.0,Chili Con Cussion,Starter,Hunter Henry,NE,TE|W/R/T
14,4.15,Chili Con Cussion,Starter,Jamison Crowder,Was,WR|W/R/T
14,8.85,Chili Con Cussion,Non-Starter,Sammy Watkins,Bal,WR|W/R/T
14,0.0,Chili Con Cussion,Non-Starter,Ameer Abdullah,SF,RB|W/R/T
14,0.25,Chili Con Cussion,Non-Starter,Willie Snead IV,Mia,WR|W/R/T
14,3.9,Chili Con Cussion,Non-Starter,Matt Forte,NYJ,RB|W/R/T
14,9.0,Chili Con Cussion,Starter,Green Bay Packers,GB,DEF
14,7.0,Chili Con Cussion,Non-Starter,Minnesota Vikings,Min,DEF
15,15.84,Chili Con Cussion,Starter,Kirk Cousins,Atl,QB
15,3.75,Chili Con Cussion,Starter,Adam Thielen,Car,WR|W/R/T
15,1.9,Chili Con Cussion,Starter,Sammy Watkins,Bal,WR|W/R/T
15,6.55,Chili Con Cussion,Starter,DeMarco Murray,Ten,RB|W/R/T
15,16.65,Chili Con Cussion,Starter,Latavius Murray,Buf,RB|W/R/T
15,3.55,Chili Con Cussion,Starter,Hunter Henry,NE,TE|W/R/T
15,12.75,Chili Con Cussion,Starter,Jamison Crowder,Was,WR|W/R/T
15,0.0,Chili Con Cussion,Non-Starter,Amari Cooper,Buf,WR|W/R/T
15,2.85,Chili Con Cussion,Non-Starter,Ameer Abdullah,SF,RB|W/R/T
15,2.55,Chili Con Cussion,Non-Starter,Willie Snead IV,Mia,WR|W/R/T
15,3.9,Chili Con Cussion,Non-Starter,Matt Forte,NYJ,RB|W/R/T
15,22.5,Chili Con Cussion,Starter,Minnesota Vikings,Min,DEF
15,3.5,Chili Con Cussion,Non-Starter,Green Bay Packers,GB,DEF
1,13.14,As the Crow Calls,Starter,Cam Newton,Car,QB
1,8.9,As the Crow Calls,Starter,Larry Fitzgerald,Ari,WR|W/R/T
1,22.45,As the Crow Calls,Starter,Stefon Diggs,NE,WR|W/R/T
1,17.15,As the Crow Calls,Starter,LeSean McCoy,TB,RB|W/R/T
1,7.75,As the Crow Calls,Starter,Christian McCaffrey,SF,RB|W/R/T
1,1.55,As the Crow Calls,Starter,Jimmy Graham,NO,TE|W/R/T
1,3.35,As the Crow Calls,Starter,Emmanuel Sanders,Buf,WR|W/R/T
1,3.0,As the Crow Calls,Non-Starter,Rob Kelley,Was,RB|W/R/T
1,17.68,As the Crow Calls,Non-Starter,Philip Rivers,Ind,QB
1,2.5,As the Crow Calls,Non-Starter,Duke Johnson,Buf,RB|W/R/T
1,14.6,As the Crow Calls,Non-Starter,Cooper Kupp,Sea,WR|W/R/T
1,3.95,As the Crow Calls,Non-Starter,Cole Beasley,NYG,WR|W/R/T
1,7.5,As the Crow Calls,Starter,Kansas City Chiefs,KC,DEF
2,11.82,As the Crow Calls,Starter,Cam Newton,Car,QB
2,2.85,As the Crow Calls,Starter,Larry Fitzgerald,Ari,WR|W/R/T
2,3.6,As the Crow Calls,Starter,Stefon Diggs,NE,WR|W/R/T
2,5.8,As the Crow Calls,Starter,LeSean McCoy,TB,RB|W/R/T
2,5.4,As the Crow Calls,Starter,Christian McCaffrey,SF,RB|W/R/T
2,0.35,As the Crow Calls,Starter,Jimmy Graham,NO,TE|W/R/T
2,4.05,As the Crow Calls,Starter,Cooper Kupp,Sea,WR|W/R/T
2,19.7,As the Crow Calls,Non-Starter,Emmanuel Sanders,Buf,WR|W/R/T
2,7.8,As the Crow Calls,Non-Starter,Rob Kelley,Was,RB|W/R/T
2,17.24,As the Crow Calls,Non-Starter,Philip Rivers,Ind,QB
2,8.75,As the Crow Calls,Non-Starter,Duke Johnson,Buf,RB|W/R/T
2,4.3,As the Crow Calls,Non-Starter,Cole Beasley,NYG,WR|W/R/T
2,16.5,As the Crow Calls,Starter,Kansas City Chiefs,KC,DEF
3,8.28,As the Crow Calls,Starter,Cam Newton,Car,QB
3,9.25,As the Crow Calls,Starter,Emmanuel Sanders,Buf,WR|W/R/T
3,1.5,As the Crow Calls,Starter,Rashard Higgins,Car,WR|W/R/T
3,8.65,As the Crow Calls,Starter,LeSean McCoy,TB,RB|W/R/T
3,13.95,As the Crow Calls,Starter,Christian McCaffrey,SF,RB|W/R/T
3,8.95,As the Crow Calls,Starter,Jimmy Graham,NO,TE|W/R/T
3,24.15,As the Crow Calls,Starter,Larry Fitzgerald,Ari,WR|W/R/T
3,31.3,As the Crow Calls,Non-Starter,Stefon Diggs,NE,WR|W/R/T
3,2.2,As the Crow Calls,Non-Starter,Cooper Kupp,Sea,WR|W/R/T
3,0.0,As the Crow Calls,Non-Starter,Rob Kelley,Was,RB|W/R/T
3,3.48,As the Crow Calls,Non-Starter,Philip Rivers,Ind,QB
3,17.9,As the Crow Calls,Non-Starter,Duke Johnson,Buf,RB|W/R/T
3,16.5,As the Crow Calls,Starter,Kansas City Chiefs,KC,DEF
4,33.04,As the Crow Calls,Starter,Cam Newton,Car,QB
4,3.7,As the Crow Calls,Starter,Emmanuel Sanders,Buf,WR|W/R/T
4,11.05,As the Crow Calls,Starter,Stefon Diggs,NE,WR|W/R/T
4,11.55,As the Crow Calls,Starter,LeSean McCoy,TB,RB|W/R/T
4,5.9,As the Crow Calls,Starter,Christian McCaffrey,SF,RB|W/R/T
4,7.1,As the Crow Calls,Starter,Jimmy Graham,NO,TE|W/R/T
4,10.2,As the Crow Calls,Starter,Larry Fitzgerald,Ari,WR|W/R/T
4,0.0,As the Crow Calls,Non-Starter,Rashard Higgins,Car,WR|W/R/T
4,13.25,As the Crow Calls,Non-Starter,Cooper Kupp,Sea,WR|W/R/T
4,2.3,As the Crow Calls,Non-Starter,Rob Kelley,Was,RB|W/R/T
4,19.88,As the Crow Calls,Non-Starter,Philip Rivers,Ind,QB
4,14.25,As the Crow Calls,Non-Starter,Duke Johnson,Buf,RB|W/R/T
4,10.5,As the Crow Calls,Starter,Kansas City Chiefs,KC,DEF
5,26.2,As the Crow Calls,Starter,Cam Newton,Car,QB
5,0.65,As the Crow Calls,Starter,Stefon Diggs,NE,WR|W/R/T
5,6.6,As the Crow Calls,Starter,Larry Fitzgerald,Ari,WR|W/R/T
5,10.4,As the Crow Calls,Starter,LeSean McCoy,TB,RB|W/R/T
5,11.05,As the Crow Calls,Starter,Christian McCaffrey,SF,RB|W/R/T
5,11.2,As the Crow Calls,Starter,Jimmy Graham,NO,TE|W/R/T
5,15.05,As the Crow Calls,Starter,Duke Johnson,Buf,RB|W/R/T
5,0.0,As the Crow Calls,Non-Starter,Emmanuel Sanders,Buf,WR|W/R/T
5,1.2,As the Crow Calls,Non-Starter,Rashard Higgins,Car,WR|W/R/T
5,5.15,As the Crow Calls,Non-Starter,Cooper Kupp,Sea,WR|W/R/T
5,0.0,As the Crow Calls,Non-Starter,Rob Kelley,Was,RB|W/R/T
5,20.82,As the Crow Calls,Non-Starter,Philip Rivers,Ind,QB
5,12.5,As the Crow Calls,Starter,Kansas City Chiefs,KC,DEF
6,20.66,As the Crow Calls,Starter,Cam Newton,Car,QB
6,20.3,As the Crow Calls,Starter,Larry Fitzgerald,Ari,WR|W/R/T
6,4.0,As the Crow Calls,Starter,Cooper Kupp,Sea,WR|W/R/T
6,14.9,As the Crow Calls,Starter,Christian McCaffrey,SF,RB|W/R/T
6,4.65,As the Crow Calls,Starter,Duke Johnson,Buf,RB|W/R/T
6,4.6,As the Crow Calls,Starter,Ed Dickson,Sea,TE|W/R/T
6,8.85,As the Crow Calls,Starter,Emmanuel Sanders,Buf,WR|W/R/T
6,0.0,As the Crow Calls,Non-Starter,Stefon Diggs,NE,WR|W/R/T
6,0.0,As the Crow Calls,Non-Starter,Rob Kelley,Was,RB|W/R/T
6,0.0,As the Crow Calls,Non-Starter,Jimmy Graham,NO,TE|W/R/T
6,0.0,As the Crow Calls,Non-Starter,LeSean McCoy,TB,RB|W/R/T
6,14.32,As the Crow Calls,Non-Starter,Philip Rivers,Ind,QB
6,7.0,As the Crow Calls,Starter,Kansas City Chiefs,KC,DEF
7,5.44,As the Crow Calls,Starter,Cam Newton,Car,QB
7,3.65,As the Crow Calls,Starter,Larry Fitzgerald,Ari,WR|W/R/T
7,12.1,As the Crow Calls,Starter,Cooper Kupp,Sea,WR|W/R/T
7,6.35,As the Crow Calls,Starter,Christian McCaffrey,SF,RB|W/R/T
7,23.45,As the Crow Calls,Starter,LeSean McCoy,TB,RB|W/R/T
7,11.85,As the Crow Calls,Starter,Jimmy Graham,NO,TE|W/R/T
7,8.6,As the Crow Calls,Starter,Duke Johnson,Buf,RB|W/R/T
7,0.0,As the Crow Calls,Non-Starter,Emmanuel Sanders,Buf,WR|W/R/T
7,0.0,As the Crow Calls,Non-Starter,Stefon Diggs,NE,WR|W/R/T
7,3.5,As the Crow Calls,Non-Starter,Rob Kelley,Was,RB|W/R/T
7,15.32,As the Crow Calls,Non-Starter,Philip Rivers,Ind,QB
7,0.0,As the Crow Calls,Non-Starter,Eric Decker,Ten,WR|W/R/T
7,3.5,As the Crow Calls,Starter,Kansas City Chiefs,KC,DEF
8,12.56,As the Crow Calls,Starter,Cam Newton,Car,QB
8,7.75,As the Crow Calls,Starter,Kenny Stills,NO,WR|W/R/T
8,3.6,As the Crow Calls,Starter,Stefon Diggs,NE,WR|W/R/T
8,6.45,As the Crow Calls,Starter,Christian McCaffrey,SF,RB|W/R/T
8,24.8,As the Crow Calls,Starter,LeSean McCoy,TB,RB|W/R/T
8,16.9,As the Crow Calls,Starter,Jimmy Graham,NO,TE|W/R/T
8,5.3,As the Crow Calls,Starter,Duke Johnson,Buf,RB|W/R/T
8,0.0,As the Crow Calls,Non-Starter,Emmanuel Sanders,Buf,WR|W/R/T
8,0.0,As the Crow Calls,Non-Starter,Larry Fitzgerald,Ari,WR|W/R/T
8,7.9,As the Crow Calls,Non-Starter,Rob Kelley,Was,RB|W/R/T
8,10.48,As the Crow Calls,Non-Starter,Philip Rivers,Ind,QB
8,0.0,As the Crow Calls,Non-Starter,Eric Decker,Ten,WR|W/R/T
8,24.0,As the Crow Calls,Starter,Kansas City Chiefs,KC,DEF
9,20.08,As the Crow Calls,Starter,Cam Newton,Car,QB
9,3.55,As the Crow Calls,Starter,Kenny Stills,NO,WR|W/R/T
9,8.25,As the Crow Calls,Starter,Larry Fitzgerald,Ari,WR|W/R/T
9,16.65,As the Crow Calls,Starter,Christian McCaffrey,SF,RB|W/R/T
9,2.5,As the Crow Calls,Starter,LeSean McCoy,TB,RB|W/R/T
9,7.15,As the Crow Calls,Starter,Jimmy Graham,NO,TE|W/R/T
9,3.25,As the Crow Calls,Starter,Emmanuel Sanders,Buf,WR|W/R/T
9,13.8,As the Crow Calls,Non-Starter,Rob Kelley,Was,RB|W/R/T
9,0.0,As the Crow Calls,Non-Starter,Stefon Diggs,NE,WR|W/R/T
9,0.0,As the Crow Calls,Non-Starter,Duke Johnson,Buf,RB|W/R/T
9,0.0,As the Crow Calls,Non-Starter,Philip Rivers,Ind,QB
9,8.85,As the Crow Calls,Non-Starter,Eric Decker,Ten,WR|W/R/T
9,3.0,As the Crow Calls,Starter,Kansas City Chiefs,KC,DEF
10,35.66,As the Crow Calls,Starter,Cam Newton,Car,QB
10,13.8,As the Crow Calls,Starter,Larry Fitzgerald,Ari,WR|W/R/T
10,14.8,As the Crow Calls,Starter,Stefon Diggs,NE,WR|W/R/T
10,17.75,As the Crow Calls,Starter,Christian McCaffrey,SF,RB|W/R/T
10,6.75,As the Crow Calls,Starter,LeSean McCoy,TB,RB|W/R/T
10,16.2,As the Crow Calls,Starter,Jimmy Graham,NO,TE|W/R/T
10,10.3,As the Crow Calls,Starter,Duke Johnson,Buf,RB|W/R/T
10,15.2,As the Crow Calls,Non-Starter,Emmanuel Sanders,Buf,WR|W/R/T
10,7.95,As the Crow Calls,Non-Starter,Kenny Stills,NO,WR|W/R/T
10,1.9,As the Crow Calls,Non-Starter,Rob Kelley,Was,RB|W/R/T
10,15.3,As the Crow Calls,Non-Starter,Philip Rivers,Ind,QB
10,4.4,As the Crow Calls,Non-Starter,Thomas Rawls,Cin,RB|W/R/T
10,6.0,As the Crow Calls,Starter,Chicago Bears,Chi,DEF
11,18.04,As the Crow Calls,Starter,Philip Rivers,Ind,QB
11,17.35,As the Crow Calls,Starter,Larry Fitzgerald,Ari,WR|W/R/T
11,4.2,As the Crow Calls,Starter,Stefon Diggs,NE,WR|W/R/T
11,24.85,As the Crow Calls,Starter,LeSean McCoy,TB,RB|W/R/T
11,4.7,As the Crow Calls,Starter,Rex Burkhead,Hou,RB|W/R/T
11,15.55,As the Crow Calls,Starter,Jimmy Graham,NO,TE|W/R/T
11,2.0,As the Crow Calls,Starter,Emmanuel Sanders,Buf,WR|W/R/T
11,13.6,As the Crow Calls,Non-Starter,Duke Johnson,Buf,RB|W/R/T
11,0.0,As the Crow Calls,Non-Starter,Christian McCaffrey,SF,RB|W/R/T
11,0.0,As the Crow Calls,Non-Starter,Cam Newton,Car,QB
11,25.75,As the Crow Calls,Non-Starter,Kenny Stills,NO,WR|W/R/T
11,0.0,As the Crow Calls,Non-Starter,Thomas Rawls,Cin,RB|W/R/T
11,9.5,As the Crow Calls,Starter,Kansas City Chiefs,KC,DEF
12,17.52,As the Crow Calls,Starter,Cam Newton,Car,QB
12,3.95,As the Crow Calls,Starter,Larry Fitzgerald,Ari,WR|W/R/T
12,8.75,As the Crow Calls,Starter,Stefon Diggs,NE,WR|W/R/T
12,8.9,As the Crow Calls,Starter,LeSean McCoy,TB,RB|W/R/T
12,10.2,As the Crow Calls,Starter,Christian McCaffrey,SF,RB|W/R/T
12,10.15,As the Crow Calls,Starter,Jimmy Graham,NO,TE|W/R/T
12,7.7,As the Crow Calls,Starter,Duke Johnson,Buf,RB|W/R/T
12,1.95,As the Crow Calls,Non-Starter,Emmanuel Sanders,Buf,WR|W/R/T
12,17.8,As the Crow Calls,Non-Starter,Rex Burkhead,Hou,RB|W/R/T
12,5.45,As the Crow Calls,Non-Starter,Kenny Stills,NO,WR|W/R/T
12,0.0,As the Crow Calls,Non-Starter,Thomas Rawls,Cin,RB|W/R/T
12,0.0,As the Crow Calls,Non-Starter,Josh Gordon,Ten,WR|W/R/T
12,9.5,As the Crow Calls,Starter,Kansas City Chiefs,KC,DEF
13,20.42,As the Crow Calls,Starter,Cam Newton,Car,QB
13,4.2,As the Crow Calls,Starter,Stefon Diggs,NE,WR|W/R/T
13,1.6,As the Crow Calls,Starter,Emmanuel Sanders,Buf,WR|W/R/T
13,10.7,As the Crow Calls,Starter,LeSean McCoy,TB,RB|W/R/T
13,12.15,As the Crow Calls,Starter,Christian McCaffrey,SF,RB|W/R/T
13,9.35,As the Crow Calls,Starter,Jimmy Graham,NO,TE|W/R/T
13,23.05,As the Crow Calls,Starter,Rex Burkhead,Hou,RB|W/R/T
13,18.3,As the Crow Calls,Non-Starter,Larry Fitzgerald,Ari,WR|W/R/T
13,1.7,As the Crow Calls,Non-Starter,Duke Johnson,Buf,RB|W/R/T
13,15.05,As the Crow Calls,Non-Starter,Kenny Stills,NO,WR|W/R/T
13,9.5,As the Crow Calls,Non-Starter,Josh Gordon,Ten,WR|W/R/T
13,8.7,As the Crow Calls,Non-Starter,Rodney Smith,Car,RB|W/R/T
13,-0.5,As the Crow Calls,Starter,Kansas City Chiefs,KC,DEF
14,14.48,As the Crow Calls,Starter,Cam Newton,Car,QB
14,13.65,As the Crow Calls,Starter,Josh Gordon,Ten,WR|W/R/T
14,5.65,As the Crow Calls,Starter,Larry Fitzgerald,Ari,WR|W/R/T
14,21.6,As the Crow Calls,Starter,LeSean McCoy,TB,RB|W/R/T
14,6.05,As the Crow Calls,Starter,Christian McCaffrey,SF,RB|W/R/T
14,0.0,As the Crow Calls,Starter,Jimmy Graham,NO,TE|W/R/T
14,12.55,As the Crow Calls,Starter,Rex Burkhead,Hou,RB|W/R/T
14,7.9,As the Crow Calls,Non-Starter,Stefon Diggs,NE,WR|W/R/T
14,1.85,As the Crow Calls,Non-Starter,Emmanuel Sanders,Buf,WR|W/R/T
14,11.9,As the Crow Calls,Non-Starter,Duke Johnson,Buf,RB|W/R/T
14,2.3,As the Crow Calls,Non-Starter,Kenny Stills,NO,WR|W/R/T
14,29.25,As the Crow Calls,Non-Starter,Rodney Smith,Car,RB|W/R/T
14,15.0,As the Crow Calls,Starter,Kansas City Chiefs,KC,DEF
15,31.48,As the Crow Calls,Starter,Cam Newton,Car,QB
15,5.95,As the Crow Calls,Starter,Josh Gordon,Ten,WR|W/R/T
15,7.25,As the Crow Calls,Starter,Larry Fitzgerald,Ari,WR|W/R/T
15,22.6,As the Crow Calls,Starter,LeSean McCoy,TB,RB|W/R/T
15,21.1,As the Crow Calls,Starter,Christian McCaffrey,SF,RB|W/R/T
15,0.15,As the Crow Calls,Starter,Jimmy Graham,NO,TE|W/R/T
15,7.95,As the Crow Calls,Starter,Rex Burkhead,Hou,RB|W/R/T
15,10.95,As the Crow Calls,Non-Starter,Stefon Diggs,NE,WR|W/R/T
15,8.55,As the Crow Calls,Non-Starter,Emmanuel Sanders,Buf,WR|W/R/T
15,11.55,As the Crow Calls,Non-Starter,Duke Johnson,Buf,RB|W/R/T
15,1.05,As the Crow Calls,Non-Starter,Kenny Stills,NO,WR|W/R/T
15,10.15,As the Crow Calls,Non-Starter,Rodney Smith,Car,RB|W/R/T
15,16.5,As the Crow Calls,Starter,Kansas City Chiefs,KC,DEF
16,15.6,As the Crow Calls,Starter,Cam Newton,Car,QB
16,2.4,As the Crow Calls,Starter,Josh Gordon,Ten,WR|W/R/T
16,20.99,As the Crow Calls,Starter,Larry Fitzgerald,Ari,WR|W/R/T
16,15.95,As the Crow Calls,Starter,LeSean McCoy,TB,RB|W/R/T
16,6.3,As the Crow Calls,Starter,Christian McCaffrey,SF,RB|W/R/T
16,6.55,As the Crow Calls,Starter,Jimmy Graham,NO,TE|W/R/T
16,13.55,As the Crow Calls,Starter,Stefon Diggs,NE,WR|W/R/T
16,0.0,As the Crow Calls,Non-Starter,Rex Burkhead,Hou,RB|W/R/T
16,0.0,As the Crow Calls,Non-Starter,Emmanuel Sanders,Buf,WR|W/R/T
16,11.85,As the Crow Calls,Non-Starter,Duke Johnson,Buf,RB|W/R/T
16,4.4,As the Crow Calls,Non-Starter,Kenny Stills,NO,WR|W/R/T
16,4.05,As the Crow Calls,Non-Starter,Rodney Smith,Car,RB|W/R/T
16,10.0,As the Crow Calls,Starter,Kansas City Chiefs,KC,DEF
1,16.54,BombedOutNDepleted!,Starter,Aaron Rodgers,Pit,QB
1,15.65,BombedOutNDepleted!,Starter,Jordy Nelson,LV,WR|W/R/T
1,8.1,BombedOutNDepleted!,Starter,Terrelle Pryor,NYJ,WR|W/R/T
1,15.15,BombedOutNDepleted!,Starter,Melvin Gordon,Bal,RB|W/R/T
1,14.7,BombedOutNDepleted!,Starter,Jonathan Stewart,NYG,RB|W/R/T
1,4.6,BombedOutNDepleted!,Starter,Jack Doyle,Ind,TE|W/R/T
1,1.05,BombedOutNDepleted!,Starter,Tyler Lockett,Ten,WR|W/R/T
1,4.95,BombedOutNDepleted!,Non-Starter,Allen Hurns,Mia,WR|W/R/T
1,3.2,BombedOutNDepleted!,Non-Starter,Robbie Chosen,SF,WR|W/R/T
1,0.0,BombedOutNDepleted!,Non-Starter,Josh Doctson,Ari,WR|W/R/T
1,1.1,BombedOutNDepleted!,Non-Starter,C.J. Prosise,Hou,RB|W/R/T
1,4.0,BombedOutNDepleted!,Starter,New York Giants,NYG,DEF
1,0.0,BombedOutNDepleted!,Non-Starter,Tampa Bay,TB,DEF
2,18.52,BombedOutNDepleted!,Starter,Aaron Rodgers,Pit,QB
2,0.0,BombedOutNDepleted!,Starter,Jordy Nelson,LV,WR|W/R/T
2,3.6,BombedOutNDepleted!,Starter,Terrelle Pryor,NYJ,WR|W/R/T
2,15.55,BombedOutNDepleted!,Starter,Melvin Gordon,Bal,RB|W/R/T
2,4.0,BombedOutNDepleted!,Starter,Jonathan Stewart,NYG,RB|W/R/T
2,9.9,BombedOutNDepleted!,Starter,Jack Doyle,Ind,TE|W/R/T
2,7.9,BombedOutNDepleted!,Starter,Tyler Lockett,Ten,WR|W/R/T
2,15.7,BombedOutNDepleted!,Non-Starter,Allen Hurns,Mia,WR|W/R/T
2,3.3,BombedOutNDepleted!,Non-Starter,Robbie Chosen,SF,WR|W/R/T
2,0.0,BombedOutNDepleted!,Non-Starter,Josh Doctson,Ari,WR|W/R/T
2,2.95,BombedOutNDepleted!,Non-Starter,C.J. Prosise,Hou,RB|W/R/T
2,9.5,BombedOutNDepleted!,Starter,New York Giants,NYG,DEF
2,23.0,BombedOutNDepleted!,Non-Starter,Tampa Bay,TB,DEF
3,22.82,BombedOutNDepleted!,Starter,Aaron Rodgers,Pit,QB
3,18.7,BombedOutNDepleted!,Starter,Jordy Nelson,LV,WR|W/R/T
3,2.4,BombedOutNDepleted!,Starter,Terrelle Pryor,NYJ,WR|W/R/T
3,13.9,BombedOutNDepleted!,Starter,Melvin Gordon,Bal,RB|W/R/T
3,6.35,BombedOutNDepleted!,Starter,Jonathan Stewart,NYG,RB|W/R/T
3,0.1,BombedOutNDepleted!,Starter,Jack Doyle,Ind,TE|W/R/T
3,3.5,BombedOutNDepleted!,Starter,Tyler Lockett,Ten,WR|W/R/T
3,8.75,BombedOutNDepleted!,Non-Starter,Allen Hurns,Mia,WR|W/R/T
3,16.25,BombedOutNDepleted!,Non-Starter,Robbie Chosen,SF,WR|W/R/T
3,11.45,BombedOutNDepleted!,Non-Starter,Josh Doctson,Ari,WR|W/R/T
3,8.15,BombedOutNDepleted!,Non-Starter,C.J. Prosise,Hou,RB|W/R/T
3,0.5,BombedOutNDepleted!,Starter,Tampa Bay,TB,DEF
3,9.0,BombedOutNDepleted!,Non-Starter,New York Giants,NYG,DEF
4,23.06,BombedOutNDepleted!,Starter,Aaron Rodgers,Pit,QB
4,20.5,BombedOutNDepleted!,Starter,Jordy Nelson,LV,WR|W/R/T
4,13.75,BombedOutNDepleted!,Starter,Terrelle Pryor,NYJ,WR|W/R/T
4,3.15,BombedOutNDepleted!,Starter,Melvin Gordon,Bal,RB|W/R/T
4,4.8,BombedOutNDepleted!,Starter,Jonathan Stewart,NYG,RB|W/R/T
4,3.95,BombedOutNDepleted!,Starter,Jack Doyle,Ind,TE|W/R/T
4,5.2,BombedOutNDepleted!,Starter,Allen Hurns,Mia,WR|W/R/T
4,10.1,BombedOutNDepleted!,Non-Starter,Tyler Lockett,Ten,WR|W/R/T
4,6.65,BombedOutNDepleted!,Non-Starter,Robbie Chosen,SF,WR|W/R/T
4,3.2,BombedOutNDepleted!,Non-Starter,Josh Doctson,Ari,WR|W/R/T
4,0.0,BombedOutNDepleted!,Non-Starter,C.J. Prosise,Hou,RB|W/R/T
4,3.5,BombedOutNDepleted!,Starter,Tampa Bay,TB,DEF
4,3.5,BombedOutNDepleted!,Non-Starter,New York Giants,NYG,DEF
5,24.04,BombedOutNDepleted!,Starter,Aaron Rodgers,Pit,QB
5,8.9,BombedOutNDepleted!,Starter,Jordy Nelson,LV,WR|W/R/T
5,2.6,BombedOutNDepleted!,Starter,Allen Hurns,Mia,WR|W/R/T
5,29.8,BombedOutNDepleted!,Starter,Melvin Gordon,Bal,RB|W/R/T
5,5.15,BombedOutNDepleted!,Starter,Jonathan Stewart,NYG,RB|W/R/T
5,4.8,BombedOutNDepleted!,Starter,Tyler Kroft,Mia,TE|W/R/T
5,4.05,BombedOutNDepleted!,Starter,Tyler Lockett,Ten,WR|W/R/T
5,0.0,BombedOutNDepleted!,Non-Starter,Terrelle Pryor,NYJ,WR|W/R/T
5,2.1,BombedOutNDepleted!,Non-Starter,Robbie Chosen,SF,WR|W/R/T
5,0.0,BombedOutNDepleted!,Non-Starter,Josh Doctson,Ari,WR|W/R/T
5,0.0,BombedOutNDepleted!,Non-Starter,C.J. Prosise,Hou,RB|W/R/T
5,7.5,BombedOutNDepleted!,Starter,New York Giants,NYG,DEF
5,11.5,BombedOutNDepleted!,Non-Starter,Tampa Bay,TB,DEF
6,0.72,BombedOutNDepleted!,Starter,Aaron Rodgers,Pit,QB
6,7.5,BombedOutNDepleted!,Starter,Jordy Nelson,LV,WR|W/R/T
6,4.45,BombedOutNDepleted!,Starter,Allen Hurns,Mia,WR|W/R/T
6,29.25,BombedOutNDepleted!,Starter,Melvin Gordon,Bal,RB|W/R/T
6,11.45,BombedOutNDepleted!,Starter,Samaje Perine,Cin,RB|W/R/T
6,6.55,BombedOutNDepleted!,Starter,Austin Hooper,NE,TE|W/R/T
6,3.05,BombedOutNDepleted!,Starter,Terrelle Pryor,NYJ,WR|W/R/T
6,-0.4,BombedOutNDepleted!,Non-Starter,Jonathan Stewart,NYG,RB|W/R/T
6,0.0,BombedOutNDepleted!,Non-Starter,Tyler Kroft,Mia,TE|W/R/T
6,0.0,BombedOutNDepleted!,Non-Starter,Tyler Lockett,Ten,WR|W/R/T
6,8.6,BombedOutNDepleted!,Non-Starter,Robbie Chosen,SF,WR|W/R/T
6,28.5,BombedOutNDepleted!,Starter,Los Angeles Rams,LAR,DEF
6,12.0,BombedOutNDepleted!,Non-Starter,Tampa Bay,TB,DEF
7,7.36,BombedOutNDepleted!,Starter,Eli Manning,NYG,QB
7,1.55,BombedOutNDepleted!,Starter,Jordy Nelson,LV,WR|W/R/T
7,5.4,BombedOutNDepleted!,Starter,Tyler Lockett,Ten,WR|W/R/T
7,4.65,BombedOutNDepleted!,Starter,Melvin Gordon,Bal,RB|W/R/T
7,4.8,BombedOutNDepleted!,Starter,Jonathan Stewart,NYG,RB|W/R/T
7,0.85,BombedOutNDepleted!,Starter,Austin Hooper,NE,TE|W/R/T
7,10.25,BombedOutNDepleted!,Starter,Robbie Chosen,SF,WR|W/R/T
7,11.35,BombedOutNDepleted!,Non-Starter,Allen Hurns,Mia,WR|W/R/T
7,1.9,BombedOutNDepleted!,Non-Starter,Terrelle Pryor,NYJ,WR|W/R/T
7,0.0,BombedOutNDepleted!,Non-Starter,Samaje Perine,Cin,RB|W/R/T
7,9.3,BombedOutNDepleted!,Non-Starter,Tyler Kroft,Mia,TE|W/R/T
7,14.0,BombedOutNDepleted!,Starter,Pittsburgh Steelers,Pit,DEF
7,19.5,BombedOutNDepleted!,Non-Starter,Los Angeles Rams,LAR,DEF
8,17.52,BombedOutNDepleted!,Starter,Case Keenum,Chi,QB
8,13.4,BombedOutNDepleted!,Starter,Tyler Lockett,Ten,WR|W/R/T
8,0.0,BombedOutNDepleted!,Starter,Terrelle Pryor,NYJ,WR|W/R/T
8,20.15,BombedOutNDepleted!,Starter,Melvin Gordon,Bal,RB|W/R/T
8,9.4,BombedOutNDepleted!,Starter,Jonathan Stewart,NYG,RB|W/R/T
8,5.85,BombedOutNDepleted!,Starter,Tyler Kroft,Mia,TE|W/R/T
8,18.0,BombedOutNDepleted!,Starter,Robbie Chosen,SF,WR|W/R/T
8,0.5,BombedOutNDepleted!,Non-Starter,Giovani Bernard,TB,RB|W/R/T
8,0.0,BombedOutNDepleted!,Non-Starter,Jordy Nelson,LV,WR|W/R/T
8,11.7,BombedOutNDepleted!,Non-Starter,Austin Hooper,NE,TE|W/R/T
8,0.0,BombedOutNDepleted!,Non-Starter,Allen Hurns,Mia,WR|W/R/T
8,9.5,BombedOutNDepleted!,Starter,Pittsburgh Steelers,Pit,DEF
8,0.0,BombedOutNDepleted!,Non-Starter,Los Angeles Rams,LAR,DEF
9,28.44,BombedOutNDepleted!,Starter,Jared Goff,Det,QB
9,4.5,BombedOutNDepleted!,Starter,Jordy Nelson,LV,WR|W/R/T
9,3.85,BombedOutNDepleted!,Starter,Allen Hurns,Mia,WR|W/R/T
9,-1.9,BombedOutNDepleted!,Starter,Jonathan Stewart,NYG,RB|W/R/T
9,-0.35,BombedOutNDepleted!,Starter,Giovani Bernard,TB,RB|W/R/T
9,4.35,BombedOutNDepleted!,Starter,Austin Hooper,NE,TE|W/R/T
9,11.8,BombedOutNDepleted!,Starter,Robbie Chosen,SF,WR|W/R/T
9,1.5,BombedOutNDepleted!,Non-Starter,Tyler Lockett,Ten,WR|W/R/T
9,8.4,BombedOutNDepleted!,Non-Starter,Tyler Kroft,Mia,TE|W/R/T
9,0.0,BombedOutNDepleted!,Non-Starter,Melvin Gordon,Bal,RB|W/R/T
9,11.8,BombedOutNDepleted!,Non-Starter,Jeremy Maclin,Bal,WR|W/R/T
9,14.0,BombedOutNDepleted!,Starter,Los Angeles Rams,LAR,DEF
9,0.0,BombedOutNDepleted!,Non-Starter,Pittsburgh Steelers,Pit,DEF
10,26.5,BombedOutNDepleted!,Starter,Jared Goff,Det,QB
10,2.75,BombedOutNDepleted!,Starter,Jordy Nelson,LV,WR|W/R/T
10,1.85,BombedOutNDepleted!,Starter,Tyler Lockett,Ten,WR|W/R/T
10,11.0,BombedOutNDepleted!,Starter,Jonathan Stewart,NYG,RB|W/R/T
10,5.45,BombedOutNDepleted!,Starter,Melvin Gordon,Bal,RB|W/R/T
10,12.4,BombedOutNDepleted!,Starter,Austin Hooper,NE,TE|W/R/T
10,15.5,BombedOutNDepleted!,Starter,Robbie Chosen,SF,WR|W/R/T
10,0.65,BombedOutNDepleted!,Non-Starter,Tyler Kroft,Mia,TE|W/R/T
10,8.75,BombedOutNDepleted!,Non-Starter,Allen Hurns,Mia,WR|W/R/T
10,6.05,BombedOutNDepleted!,Non-Starter,Giovani Bernard,TB,RB|W/R/T
10,0.0,BombedOutNDepleted!,Non-Starter,Jeremy Maclin,Bal,WR|W/R/T
10,17.5,BombedOutNDepleted!,Starter,Los Angeles Rams,LAR,DEF
10,11.5,BombedOutNDepleted!,Non-Starter,Pittsburgh Steelers,Pit,DEF
11,9.8,BombedOutNDepleted!,Starter,Jared Goff,Det,QB
11,2.9,BombedOutNDepleted!,Starter,Jordy Nelson,LV,WR|W/R/T
11,4.7,BombedOutNDepleted!,Starter,Tyler Lockett,Ten,WR|W/R/T
11,14.0,BombedOutNDepleted!,Starter,Melvin Gordon,Bal,RB|W/R/T
11,0.65,BombedOutNDepleted!,Starter,Giovani Bernard,TB,RB|W/R/T
11,0.4,BombedOutNDepleted!,Starter,Austin Hooper,NE,TE|W/R/T
11,4.4,BombedOutNDepleted!,Starter,Jeremy Maclin,Bal,WR|W/R/T
11,0.0,BombedOutNDepleted!,Non-Starter,Robbie Chosen,SF,WR|W/R/T
11,0.0,BombedOutNDepleted!,Non-Starter,Jonathan Stewart,NYG,RB|W/R/T
11,7.7,BombedOutNDepleted!,Non-Starter,Tyler Kroft,Mia,TE|W/R/T
11,0.0,BombedOutNDepleted!,Non-Starter,Allen Hurns,Mia,WR|W/R/T
11,3.0,BombedOutNDepleted!,Starter,Los Angeles Rams,LAR,DEF
11,22.0,BombedOutNDepleted!,Non-Starter,Pittsburgh Steelers,Pit,DEF
12,19.86,BombedOutNDepleted!,Starter,Jared Goff,Det,QB
12,0.2,BombedOutNDepleted!,Starter,Tyler Lockett,Ten,WR|W/R/T
12,28.1,BombedOutNDepleted!,Starter,Robbie Chosen,SF,WR|W/R/T
12,8.6,BombedOutNDepleted!,Starter,Jonathan Stewart,NYG,RB|W/R/T
12,9.55,BombedOutNDepleted!,Starter,Melvin Gordon,Bal,RB|W/R/T
12,4.55,BombedOutNDepleted!,Starter,Austin Hooper,NE,TE|W/R/T
12,0.85,BombedOutNDepleted!,Starter,Jeremy Maclin,Bal,WR|W/R/T
12,2.95,BombedOutNDepleted!,Non-Starter,Giovani Bernard,TB,RB|W/R/T
12,1.85,BombedOutNDepleted!,Non-Starter,Jordy Nelson,LV,WR|W/R/T
12,8.15,BombedOutNDepleted!,Non-Starter,Tyler Kroft,Mia,TE|W/R/T
12,0.0,BombedOutNDepleted!,Non-Starter,Allen Hurns,Mia,WR|W/R/T
12,8.5,BombedOutNDepleted!,Starter,Pittsburgh Steelers,Pit,DEF
12,7.0,BombedOutNDepleted!,Non-Starter,Los Angeles Rams,LAR,DEF
13,15.0,BombedOutNDepleted!,Starter,Jared Goff,Det,QB
13,8.2,BombedOutNDepleted!,Starter,Tyler Lockett,Ten,WR|W/R/T
13,13.4,BombedOutNDepleted!,Starter,Robbie Chosen,SF,WR|W/R/T
13,10.5,BombedOutNDepleted!,Starter,Jonathan Stewart,NYG,RB|W/R/T
13,11.6,BombedOutNDepleted!,Starter,Melvin Gordon,Bal,RB|W/R/T
13,2.85,BombedOutNDepleted!,Starter,Austin Hooper,NE,TE|W/R/T
13,5.1,BombedOutNDepleted!,Starter,Jeremy Maclin,Bal,WR|W/R/T
13,10.1,BombedOutNDepleted!,Non-Starter,Giovani Bernard,TB,RB|W/R/T
13,2.95,BombedOutNDepleted!,Non-Starter,Jordy Nelson,LV,WR|W/R/T
13,3.5,BombedOutNDepleted!,Non-Starter,Tyler Kroft,Mia,TE|W/R/T
13,11.4,BombedOutNDepleted!,Non-Starter,Tarik Cohen,Car,RB|W/R/T
13,27.0,BombedOutNDepleted!,Starter,Los Angeles Rams,LAR,DEF
13,6.0,BombedOutNDepleted!,Non-Starter,Pittsburgh Steelers,Pit,DEF
1,17.12,Dak Salad,Starter,Dak Prescott,Dal,QB
1,13.25,Dak Salad,Starter,DeAndre Hopkins,Bal,WR|W/R/T
1,2.75,Dak Salad,Starter,Kelvin Benjamin,KC,WR|W/R/T
1,16.85,Dak Salad,Starter,Todd Gurley,Atl,RB|W/R/T
1,10.95,Dak Salad,Starter,LeGarrette Blount,Det,RB|W/R/T
1,5.65,Dak Salad,Starter,Travis Kelce,KC,TE|W/R/T
1,2.75,Dak Salad,Starter,Chris Hogan,NO,WR|W/R/T
1,-3.0,Dak Salad,Non-Starter,Andy Dalton,Car,QB
1,2.65,Dak Salad,Non-Starter,Jeremy Hill,NE,RB|W/R/T
1,5.05,Dak Salad,Non-Starter,Martellus Bennett,GB,TE|W/R/T
1,6.65,Dak Salad,Non-Starter,Tyrell Williams,Det,WR|W/R/T
1,0.9,Dak Salad,Non-Starter,Dion Lewis,NYG,RB|W/R/T
1,10.0,Dak Salad,Starter,Seattle Seahawks,Sea,DEF
2,13.92,Dak Salad,Starter,Dak Prescott,Dal,QB
2,9.05,Dak Salad,Starter,DeAndre Hopkins,Bal,WR|W/R/T
2,9.2,Dak Salad,Starter,Kelvin Benjamin,KC,WR|W/R/T
2,24.35,Dak Salad,Starter,Todd Gurley,Atl,RB|W/R/T
2,0.25,Dak Salad,Starter,LeGarrette Blount,Det,RB|W/R/T
2,18.3,Dak Salad,Starter,Travis Kelce,KC,TE|W/R/T
2,2.15,Dak Salad,Starter,Jeremy Hill,NE,RB|W/R/T
2,15.05,Dak Salad,Non-Starter,Chris Hogan,NO,WR|W/R/T
2,9.46,Dak Salad,Non-Starter,Andy Dalton,Car,QB
2,5.95,Dak Salad,Non-Starter,Martellus Bennett,GB,TE|W/R/T
2,2.75,Dak Salad,Non-Starter,Dion Lewis,NYG,RB|W/R/T
2,6.25,Dak Salad,Non-Starter,Shane Vereen,NYG,RB|W/R/T
2,11.0,Dak Salad,Starter,Seattle Seahawks,Sea,DEF
3,22.92,Dak Salad,Starter,Dak Prescott,Dal,QB
3,9.35,Dak Salad,Starter,DeAndre Hopkins,Bal,WR|W/R/T
3,1.3,Dak Salad,Starter,Kelvin Benjamin,KC,WR|W/R/T
3,34.15,Dak Salad,Starter,Todd Gurley,Atl,RB|W/R/T
3,2.8,Dak Salad,Starter,Shane Vereen,NYG,RB|W/R/T
3,0.35,Dak Salad,Starter,Travis Kelce,KC,TE|W/R/T
3,19.8,Dak Salad,Starter,Chris Hogan,NO,WR|W/R/T
3,12.7,Dak Salad,Non-Starter,LeGarrette Blount,Det,RB|W/R/T
3,3.15,Dak Salad,Non-Starter,Jeremy Hill,NE,RB|W/R/T
3,16.28,Dak Salad,Non-Starter,Andy Dalton,Car,QB
3,1.95,Dak Salad,Non-Starter,Martellus Bennett,GB,TE|W/R/T
3,3.55,Dak Salad,Non-Starter,Orleans Darkwa,NYG,RB|W/R/T
3,5.0,Dak Salad,Starter,Seattle Seahawks,Sea,DEF
4,22.58,Dak Salad,Starter,Dak Prescott,Dal,QB
4,19.2,Dak Salad,Starter,DeAndre Hopkins,Bal,WR|W/R/T
4,11.4,Dak Salad,Starter,Kelvin Benjamin,KC,WR|W/R/T
4,29.25,Dak Salad,Starter,Todd Gurley,Atl,RB|W/R/T
4,15.85,Dak Salad,Starter,LeGarrette Blount,Det,RB|W/R/T
4,19.15,Dak Salad,Starter,Travis Kelce,KC,TE|W/R/T
4,13.25,Dak Salad,Starter,Chris Hogan,NO,WR|W/R/T
4,2.75,Dak Salad,Non-Starter,Shane Vereen,NYG,RB|W/R/T
4,2.85,Dak Salad,Non-Starter,Jeremy Hill,NE,RB|W/R/T
4,28.34,Dak Salad,Non-Starter,Andy Dalton,Car,QB
4,5.4,Dak Salad,Non-Starter,Martellus Bennett,GB,TE|W/R/T
4,0.0,Dak Salad,Non-Starter,Orleans Darkwa,NYG,RB|W/R/T
4,21.5,Dak Salad,Starter,Seattle Seahawks,Sea,DEF
5,27.74,Dak Salad,Starter,Dak Prescott,Dal,QB
5,24.2,Dak Salad,Starter,DeAndre Hopkins,Bal,WR|W/R/T
5,12.8,Dak Salad,Starter,Kelvin Benjamin,KC,WR|W/R/T
5,3.5,Dak Salad,Starter,Todd Gurley,Atl,RB|W/R/T
5,7.4,Dak Salad,Starter,LeGarrette Blount,Det,RB|W/R/T
5,11.8,Dak Salad,Starter,Travis Kelce,KC,TE|W/R/T
5,15.4,Dak Salad,Starter,Chris Hogan,NO,WR|W/R/T
5,5.5,Dak Salad,Non-Starter,Shane Vereen,NYG,RB|W/R/T
5,13.32,Dak Salad,Non-Starter,Andy Dalton,Car,QB
5,6.05,Dak Salad,Non-Starter,Martellus Bennett,GB,TE|W/R/T
5,9.45,Dak Salad,Non-Starter,Wayne Gallman,Sea,RB|W/R/T
5,3.05,Dak Salad,Non-Starter,Eddie Lacy,Sea,RB|W/R/T
5,20.0,Dak Salad,Starter,Seattle Seahawks,Sea,DEF
6,9.86,Dak Salad,Starter,Jared Goff,Det,QB
6,8.4,Dak Salad,Starter,DeAndre Hopkins,Bal,WR|W/R/T
6,12.15,Dak Salad,Starter,Kelvin Benjamin,KC,WR|W/R/T
6,12.25,Dak Salad,Starter,Todd Gurley,Atl,RB|W/R/T
6,8.7,Dak Salad,Starter,LeGarrette Blount,Det,RB|W/R/T
6,4.7,Dak Salad,Starter,Travis Kelce,KC,TE|W/R/T
6,2.15,Dak Salad,Starter,Chris Hogan,NO,WR|W/R/T
6,0.0,Dak Salad,Non-Starter,Dak Prescott,Dal,QB
6,0.0,Dak Salad,Non-Starter,Andy Dalton,Car,QB
6,3.7,Dak Salad,Non-Starter,Wayne Gallman,Sea,RB|W/R/T
6,0.0,Dak Salad,Non-Starter,Eddie Lacy,Sea,RB|W/R/T
6,27.0,Dak Salad,Starter,Houston Texans,Hou,DEF
6,0.0,Dak Salad,Non-Starter,Seattle Seahawks,Sea,DEF
7,29.96,Dak Salad,Starter,Dak Prescott,Dal,QB
7,7.25,Dak Salad,Starter,Kelvin Benjamin,KC,WR|W/R/T
7,8.1,Dak Salad,Starter,Chris Hogan,NO,WR|W/R/T
7,22.4,Dak Salad,Starter,Todd Gurley,Atl,RB|W/R/T
7,2.9,Dak Salad,Starter,LeGarrette Blount,Det,RB|W/R/T
7,10.3,Dak Salad,Starter,Travis Kelce,KC,TE|W/R/T
7,3.4,Dak Salad,Starter,Wayne Gallman,Sea,RB|W/R/T
7,0.0,Dak Salad,Non-Starter,DeAndre Hopkins,Bal,WR|W/R/T
7,18.7,Dak Salad,Non-Starter,Jared Goff,Det,QB
7,10.4,Dak Salad,Non-Starter,Andy Dalton,Car,QB
7,4.55,Dak Salad,Non-Starter,Eddie Lacy,Sea,RB|W/R/T
7,8.7,Dak Salad,Non-Starter,Chris Ivory,Buf,RB|W/R/T
7,10.5,Dak Salad,Starter,Seattle Seahawks,Sea,DEF
8,7.32,Dak Salad,Starter,Dak Prescott,Dal,QB
8,10.65,Dak Salad,Starter,Kelvin Benjamin,KC,WR|W/R/T
8,7.25,Dak Salad,Starter,Chris Hogan,NO,WR|W/R/T
8,11.45,Dak Salad,Starter,LeGarrette Blount,Det,RB|W/R/T
8,0.0,Dak Salad,Starter,Eddie Lacy,Sea,RB|W/R/T
8,21.05,Dak Salad,Starter,Travis Kelce,KC,TE|W/R/T
8,30.4,Dak Salad,Starter,DeAndre Hopkins,Bal,WR|W/R/T
8,0.0,Dak Salad,Non-Starter,Todd Gurley,Atl,RB|W/R/T
8,0.0,Dak Salad,Non-Starter,Wayne Gallman,Sea,RB|W/R/T
8,18.72,Dak Salad,Non-Starter,Andy Dalton,Car,QB
8,0.0,Dak Salad,Non-Starter,Chris Ivory,Buf,RB|W/R/T
8,0.65,Dak Salad,Non-Starter,Charcandrick West,KC,RB|W/R/T
8,17.5,Dak Salad,Starter,Seattle Seahawks,Sea,DEF
9,26.66,Dak Salad,Starter,Dak Prescott,Dal,QB
9,0.0,Dak Salad,Starter,Kelvin Benjamin,KC,WR|W/R/T
9,16.1,Dak Salad,Starter,DeAndre Hopkins,Bal,WR|W/R/T
9,3.7,Dak Salad,Starter,LeGarrette Blount,Det,RB|W/R/T
9,22.9,Dak Salad,Starter,Todd Gurley,Atl,RB|W/R/T
9,15.05,Dak Salad,Starter,Travis Kelce,KC,TE|W/R/T
9,2.1,Dak Salad,Starter,Wayne Gallman,Sea,RB|W/R/T
9,0.0,Dak Salad,Non-Starter,Chris Hogan,NO,WR|W/R/T
9,3.65,Dak Salad,Non-Starter,Eddie Lacy,Sea,RB|W/R/T
9,5.34,Dak Salad,Non-Starter,Andy Dalton,Car,QB
9,11.15,Dak Salad,Non-Starter,Chris Ivory,Buf,RB|W/R/T
9,4.55,Dak Salad,Non-Starter,Charcandrick West,KC,RB|W/R/T
9,18.0,Dak Salad,Starter,Seattle Seahawks,Sea,DEF
10,13.24,Dak Salad,Starter,Dak Prescott,Dal,QB
10,4.95,Dak Salad,Starter,Kelvin Benjamin,KC,WR|W/R/T
10,12.85,Dak Salad,Starter,DeAndre Hopkins,Bal,WR|W/R/T
10,15.1,Dak Salad,Starter,Todd Gurley,Atl,RB|W/R/T
10,6.8,Dak Salad,Starter,Elijah McGuire,KC,RB|W/R/T
10,0.0,Dak Salad,Starter,Jesse James,LV,TE|W/R/T
10,5.75,Dak Salad,Starter,Curtis Samuel,Buf,WR|W/R/T
10,2.2,Dak Salad,Non-Starter,Wayne Gallman,Sea,RB|W/R/T
10,0.0,Dak Salad,Non-Starter,Travis Kelce,KC,TE|W/R/T
10,0.0,Dak Salad,Non-Starter,LeGarrette Blount,Det,RB|W/R/T
10,0.0,Dak Salad,Non-Starter,Chris Hogan,NO,WR|W/R/T
10,14.6,Dak Salad,Non-Starter,Andy Dalton,Car,QB
10,14.0,Dak Salad,Starter,Seattle Seahawks,Sea,DEF
11,-1.2,Dak Salad,Starter,Dak Prescott,Dal,QB
11,2.25,Dak Salad,Starter,Kelvin Benjamin,KC,WR|W/R/T
11,14.6,Dak Salad,Starter,DeAndre Hopkins,Bal,WR|W/R/T
11,12.35,Dak Salad,Starter,Todd Gurley,Atl,RB|W/R/T
11,5.7,Dak Salad,Starter,LeGarrette Blount,Det,RB|W/R/T
11,10.9,Dak Salad,Starter,Travis Kelce,KC,TE|W/R/T
11,14.6,Dak Salad,Starter,Danny Amendola,Hou,WR|W/R/T
11,2.45,Dak Salad,Non-Starter,Wayne Gallman,Sea,RB|W/R/T
11,0.0,Dak Salad,Non-Starter,Chris Hogan,NO,WR|W/R/T
11,0.0,Dak Salad,Non-Starter,Curtis Samuel,Buf,WR|W/R/T
11,9.35,Dak Salad,Non-Starter,Jesse James,LV,TE|W/R/T
11,18.56,Dak Salad,Non-Starter,Andy Dalton,Car,QB
11,5.5,Dak Salad,Starter,Seattle Seahawks,Sea,DEF
12,1.16,Dak Salad,Starter,Dak Prescott,Dal,QB
12,14.25,Dak Salad,Starter,DeAndre Hopkins,Bal,WR|W/R/T
12,1.75,Dak Salad,Starter,Danny Amendola,Hou,WR|W/R/T
12,13.8,Dak Salad,Starter,Todd Gurley,Atl,RB|W/R/T
12,7.7,Dak Salad,Starter,LeGarrette Blount,Det,RB|W/R/T
12,4.65,Dak Salad,Starter,Travis Kelce,KC,TE|W/R/T
12,5.6,Dak Salad,Starter,J.D. McKissic,Was,RB|W/R/T
12,0.0,Dak Salad,Non-Starter,Chris Hogan,NO,WR|W/R/T
12,0.0,Dak Salad,Non-Starter,Kelvin Benjamin,KC,WR|W/R/T
12,4.8,Dak Salad,Non-Starter,Wayne Gallman,Sea,RB|W/R/T
12,0.0,Dak Salad,Non-Starter,Curtis Samuel,Buf,WR|W/R/T
12,19.16,Dak Salad,Non-Starter,Andy Dalton,Car,QB
12,13.5,Dak Salad,Starter,Seattle Seahawks,Sea,DEF
13,19.26,Dak Salad,Starter,Andy Dalton,Car,QB
13,10.0,Dak Salad,Starter,DeAndre Hopkins,Bal,WR|W/R/T
13,3.9,Dak Salad,Starter,Danny Amendola,Hou,WR|W/R/T
13,17.3,Dak Salad,Starter,Todd Gurley,Atl,RB|W/R/T
13,2.6,Dak Salad,Starter,LeGarrette Blount,Det,RB|W/R/T
13,22.4,Dak Salad,Starter,Travis Kelce,KC,TE|W/R/T
13,7.65,Dak Salad,Starter,J.D. McKissic,Was,RB|W/R/T
13,14.88,Dak Salad,Non-Starter,Dak Prescott,Dal,QB
13,0.0,Dak Salad,Non-Starter,Chris Hogan,NO,WR|W/R/T
13,0.0,Dak Salad,Non-Starter,Kelvin Benjamin,KC,WR|W/R/T
13,2.15,Dak Salad,Non-Starter,Wayne Gallman,Sea,RB|W/R/T
13,0.0,Dak Salad,Non-Starter,Curtis Samuel,Buf,WR|W/R/T
13,15.0,Dak Salad,Starter,Seattle Seahawks,Sea,DEF
14,26.58,Dak Salad,Starter,Dak Prescott,Dal,QB
14,27.65,Dak Salad,Starter,DeAndre Hopkins,Bal,WR|W/R/T
14,0.35,Dak Salad,Starter,Chris Hogan,NO,WR|W/R/T
14,26.25,Dak Salad,Starter,Todd Gurley,Atl,RB|W/R/T
14,2.8,Dak Salad,Starter,LeGarrette Blount,Det,RB|W/R/T
14,9.15,Dak Salad,Starter,Travis Kelce,KC,TE|W/R/T
14,10.55,Dak Salad,Starter,Kelvin Benjamin,KC,WR|W/R/T
14,7.64,Dak Salad,Non-Starter,Andy Dalton,Car,QB
14,9.1,Dak Salad,Non-Starter,Danny Amendola,Hou,WR|W/R/T
14,4.75,Dak Salad,Non-Starter,J.D. McKissic,Was,RB|W/R/T
14,11.65,Dak Salad,Non-Starter,Wayne Gallman,Sea,RB|W/R/T
14,0.0,Dak Salad,Non-Starter,Curtis Samuel,Buf,WR|W/R/T
14,3.5,Dak Salad,Starter,Seattle Seahawks,Sea,DEF
15,13.68,Dak Salad,Starter,Dak Prescott,Dal,QB
15,15.0,Dak Salad,Starter,DeAndre Hopkins,Bal,WR|W/R/T
15,0.0,Dak Salad,Starter,Chris Hogan,NO,WR|W/R/T
15,42.75,Dak Salad,Starter,Todd Gurley,Atl,RB|W/R/T
15,2.1,Dak Salad,Starter,LeGarrette Blount,Det,RB|W/R/T
15,6.1,Dak Salad,Starter,Travis Kelce,KC,TE|W/R/T
15,2.5,Dak Salad,Starter,Kelvin Benjamin,KC,WR|W/R/T
15,-1.48,Dak Salad,Non-Starter,Andy Dalton,Car,QB
15,2.8,Dak Salad,Non-Starter,Danny Amendola,Hou,WR|W/R/T
15,6.55,Dak Salad,Non-Starter,J.D. McKissic,Was,RB|W/R/T
15,9.4,Dak Salad,Non-Starter,Wayne Gallman,Sea,RB|W/R/T
15,8.15,Dak Salad,Non-Starter,Demaryius Thomas,NE,WR|W/R/T
15,4.5,Dak Salad,Starter,Seattle Seahawks,Sea,DEF
1,17.94,Big Veiny Dak,Starter,Matt Ryan,Ind,QB
1,9.55,Big Veiny Dak,Starter,Brandin Cooks,NO,WR|W/R/T
1,13.9,Big Veiny Dak,Starter,Golden Tate,Ten,WR|W/R/T
1,10.4,Big Veiny Dak,Starter,Devonta Freeman,Bal,RB|W/R/T
1,8.35,Big Veiny Dak,Starter,Mark Ingram II,NO,RB|W/R/T
1,0.0,Big Veiny Dak,Starter,Hunter Henry,NE,TE|W/R/T
1,5.25,Big Veiny Dak,Starter,Donte Moncrief,Hou,WR|W/R/T
1,0.0,Big Veiny Dak,Non-Starter,Jarvis Landry,NO,WR|W/R/T
1,9.6,Big Veiny Dak,Non-Starter,Pierre Garcon,SF,WR|W/R/T
1,6.92,Big Veiny Dak,Non-Starter,Carson Palmer,Ari,QB
1,0.0,Big Veiny Dak,Non-Starter,Darrel Young,Was,RB|W/R/T
1,10.75,Big Veiny Dak,Non-Starter,Randall Cobb,NYJ,WR|W/R/T
1,8.0,Big Veiny Dak,Starter,Denver Broncos,Den,DEF
2,14.88,Big Veiny Dak,Starter,Matt Ryan,Ind,QB
2,4.8,Big Veiny Dak,Starter,Brandin Cooks,NO,WR|W/R/T
2,3.5,Big Veiny Dak,Starter,Golden Tate,Ten,WR|W/R/T
2,22.5,Big Veiny Dak,Starter,Devonta Freeman,Bal,RB|W/R/T
2,8.6,Big Veiny Dak,Starter,Mark Ingram II,NO,RB|W/R/T
2,3.35,Big Veiny Dak,Starter,Julius Thomas,Mia,TE|W/R/T
2,8.5,Big Veiny Dak,Starter,Randall Cobb,NYJ,WR|W/R/T
2,10.35,Big Veiny Dak,Non-Starter,Jarvis Landry,NO,WR|W/R/T
2,2.3,Big Veiny Dak,Non-Starter,Donte Moncrief,Hou,WR|W/R/T
2,3.35,Big Veiny Dak,Non-Starter,Pierre Garcon,SF,WR|W/R/T
2,15.88,Big Veiny Dak,Non-Starter,Carson Palmer,Ari,QB
2,0.0,Big Veiny Dak,Non-Starter,Darrel Young,Was,RB|W/R/T
2,16.5,Big Veiny Dak,Starter,Denver Broncos,Den,DEF
3,11.66,Big Veiny Dak,Starter,Matt Ryan,Ind,QB
3,28.35,Big Veiny Dak,Starter,Brandin Cooks,NO,WR|W/R/T
3,13.55,Big Veiny Dak,Starter,Golden Tate,Ten,WR|W/R/T
3,20.55,Big Veiny Dak,Starter,Devonta Freeman,Bal,RB|W/R/T
3,9.1,Big Veiny Dak,Starter,Mark Ingram II,NO,RB|W/R/T
3,7.95,Big Veiny Dak,Starter,Benjamin Watson,NE,TE|W/R/T
3,6.3,Big Veiny Dak,Starter,Jarvis Landry,NO,WR|W/R/T
3,2.35,Big Veiny Dak,Non-Starter,Julius Thomas,Mia,TE|W/R/T
3,0.0,Big Veiny Dak,Non-Starter,Randall Cobb,NYJ,WR|W/R/T
3,4.9,Big Veiny Dak,Non-Starter,Donte Moncrief,Hou,WR|W/R/T
3,15.95,Big Veiny Dak,Non-Starter,Pierre Garcon,SF,WR|W/R/T
3,21.7,Big Veiny Dak,Non-Starter,Carson Palmer,Ari,QB
3,10.0,Big Veiny Dak,Starter,Denver Broncos,Den,DEF
4,8.48,Big Veiny Dak,Starter,Matt Ryan,Ind,QB
4,4.95,Big Veiny Dak,Starter,Brandin Cooks,NO,WR|W/R/T
4,3.85,Big Veiny Dak,Starter,Golden Tate,Ten,WR|W/R/T
4,14.3,Big Veiny Dak,Starter,Devonta Freeman,Bal,RB|W/R/T
4,7.2,Big Veiny Dak,Starter,Mark Ingram II,NO,RB|W/R/T
4,5.55,Big Veiny Dak,Starter,Benjamin Watson,NE,TE|W/R/T
4,5.5,Big Veiny Dak,Starter,Jarvis Landry,NO,WR|W/R/T
4,3.4,Big Veiny Dak,Non-Starter,Julius Thomas,Mia,TE|W/R/T
4,11.4,Big Veiny Dak,Non-Starter,Randall Cobb,NYJ,WR|W/R/T
4,9.75,Big Veiny Dak,Non-Starter,Donte Moncrief,Hou,WR|W/R/T
4,4.6,Big Veiny Dak,Non-Starter,Pierre Garcon,SF,WR|W/R/T
4,16.38,Big Veiny Dak,Non-Starter,Carson Palmer,Ari,QB
4,14.5,Big Veiny Dak,Starter,Denver Broncos,Den,DEF
5,15.64,Big Veiny Dak,Starter,Carson Palmer,Ari,QB
5,9.75,Big Veiny Dak,Starter,Brandin Cooks,NO,WR|W/R/T
5,6.05,Big Veiny Dak,Starter,Golden Tate,Ten,WR|W/R/T
5,0.0,Big Veiny Dak,Starter,Mark Ingram II,NO,RB|W/R/T
5,6.8,Big Veiny Dak,Starter,Dion Lewis,NYG,RB|W/R/T
5,0.7,Big Veiny Dak,Starter,Benjamin Watson,NE,TE|W/R/T
5,11.65,Big Veiny Dak,Starter,Jarvis Landry,NO,WR|W/R/T
5,0.0,Big Veiny Dak,Non-Starter,Devonta Freeman,Bal,RB|W/R/T
5,0.0,Big Veiny Dak,Non-Starter,Matt Ryan,Ind,QB
5,3.9,Big Veiny Dak,Non-Starter,Randall Cobb,NYJ,WR|W/R/T
5,3.95,Big Veiny Dak,Non-Starter,Donte Moncrief,Hou,WR|W/R/T
5,11.4,Big Veiny Dak,Non-Starter,Pierre Garcon,SF,WR|W/R/T
5,0.0,Big Veiny Dak,Starter,Denver Broncos,Den,DEF
6,11.92,Big Veiny Dak,Starter,Matt Ryan,Ind,QB
6,10.8,Big Veiny Dak,Starter,Brandin Cooks,NO,WR|W/R/T
6,17.35,Big Veiny Dak,Starter,Golden Tate,Ten,WR|W/R/T
6,26.25,Big Veiny Dak,Starter,Mark Ingram II,NO,RB|W/R/T
6,8.4,Big Veiny Dak,Starter,Devonta Freeman,Bal,RB|W/R/T
6,4.3,Big Veiny Dak,Starter,Benjamin Watson,NE,TE|W/R/T
6,14.2,Big Veiny Dak,Starter,Jarvis Landry,NO,WR|W/R/T
6,11.2,Big Veiny Dak,Non-Starter,Dion Lewis,NYG,RB|W/R/T
6,20.92,Big Veiny Dak,Non-Starter,Carson Palmer,Ari,QB
6,3.55,Big Veiny Dak,Non-Starter,Randall Cobb,NYJ,WR|W/R/T
6,7.95,Big Veiny Dak,Non-Starter,Donte Moncrief,Hou,WR|W/R/T
6,6.75,Big Veiny Dak,Non-Starter,Pierre Garcon,SF,WR|W/R/T
6,11.0,Big Veiny Dak,Starter,Denver Broncos,Den,DEF
7,17.02,Big Veiny Dak,Starter,Matt Ryan,Ind,QB
7,13.5,Big Veiny Dak,Starter,Brandin Cooks,NO,WR|W/R/T
7,6.15,Big Veiny Dak,Starter,Pierre Garcon,SF,WR|W/R/T
7,18.0,Big Veiny Dak,Starter,Mark Ingram II,NO,RB|W/R/T
7,9.75,Big Veiny Dak,Starter,Devonta Freeman,Bal,RB|W/R/T
7,1.85,Big Veiny Dak,Starter,George Kittle,SF,TE|W/R/T
7,17.05,Big Veiny Dak,Starter,Jarvis Landry,NO,WR|W/R/T
7,0.0,Big Veiny Dak,Non-Starter,Golden Tate,Ten,WR|W/R/T
7,8.45,Big Veiny Dak,Non-Starter,Dion Lewis,NYG,RB|W/R/T
7,2.88,Big Veiny Dak,Non-Starter,Carson Palmer,Ari,QB
7,2.0,Big Veiny Dak,Non-Starter,Randall Cobb,NYJ,WR|W/R/T
7,3.5,Big Veiny Dak,Non-Starter,Donte Moncrief,Hou,WR|W/R/T
7,8.5,Big Veiny Dak,Starter,Denver Broncos,Den,DEF
8,15.86,Big Veiny Dak,Starter,Matt Ryan,Ind,QB
8,3.85,Big Veiny Dak,Starter,Brandin Cooks,NO,WR|W/R/T
8,2.2,Big Veiny Dak,Starter,Pierre Garcon,SF,WR|W/R/T
8,13.4,Big Veiny Dak,Starter,Mark Ingram II,NO,RB|W/R/T
8,6.35,Big Veiny Dak,Starter,Devonta Freeman,Bal,RB|W/R/T
8,3.85,Big Veiny Dak,Starter,Jason Witten,LV,TE|W/R/T
8,5.9,Big Veiny Dak,Starter,Dion Lewis,NYG,RB|W/R/T
8,4.55,Big Veiny Dak,Non-Starter,Jarvis Landry,NO,WR|W/R/T
8,2.7,Big Veiny Dak,Non-Starter,George Kittle,SF,TE|W/R/T
8,8.35,Big Veiny Dak,Non-Starter,Golden Tate,Ten,WR|W/R/T
8,0.0,Big Veiny Dak,Non-Starter,Randall Cobb,NYJ,WR|W/R/T
8,0.0,Big Veiny Dak,Non-Starter,Donte Moncrief,Hou,WR|W/R/T
8,8.5,Big Veiny Dak,Starter,Denver Broncos,Den,DEF
9,18.42,Big Veiny Dak,Starter,Matt Ryan,Ind,QB
9,10.7,Big Veiny Dak,Starter,Jarvis Landry,NO,WR|W/R/T
9,7.15,Big Veiny Dak,Starter,Randall Cobb,NYJ,WR|W/R/T
9,8.15,Big Veiny Dak,Starter,Mark Ingram II,NO,RB|W/R/T
9,7.4,Big Veiny Dak,Starter,Devonta Freeman,Bal,RB|W/R/T
9,0.75,Big Veiny Dak,Starter,Jason Witten,LV,TE|W/R/T
9,13.05,Big Veiny Dak,Starter,Golden Tate,Ten,WR|W/R/T
9,0.0,Big Veiny Dak,Non-Starter,Dion Lewis,NYG,RB|W/R/T
9,0.0,Big Veiny Dak,Non-Starter,Brandin Cooks,NO,WR|W/R/T
9,3.45,Big Veiny Dak,Non-Starter,George Kittle,SF,TE|W/R/T
9,0.95,Big Veiny Dak,Non-Starter,Donte Moncrief,Hou,WR|W/R/T
9,7.3,Big Veiny Dak,Non-Starter,Marquise Goodwin,Cle,WR|W/R/T
9,9.5,Big Veiny Dak,Starter,Denver Broncos,Den,DEF
10,14.6,Big Veiny Dak,Starter,Matt Ryan,Ind,QB
10,11.45,Big Veiny Dak,Starter,Jarvis Landry,NO,WR|W/R/T
10,8.9,Big Veiny Dak,Starter,Brandin Cooks,NO,WR|W/R/T
10,31.1,Big Veiny Dak,Starter,Mark Ingram II,NO,RB|W/R/T
10,0.3,Big Veiny Dak,Starter,Devonta Freeman,Bal,RB|W/R/T
10,7.65,Big Veiny Dak,Starter,Jason Witten,LV,TE|W/R/T
10,17.2,Big Veiny Dak,Starter,Golden Tate,Ten,WR|W/R/T
10,6.75,Big Veiny Dak,Non-Starter,Randall Cobb,NYJ,WR|W/R/T
10,17.5,Big Veiny Dak,Non-Starter,Dion Lewis,NYG,RB|W/R/T
10,0.0,Big Veiny Dak,Non-Starter,George Kittle,SF,TE|W/R/T
10,12.25,Big Veiny Dak,Non-Starter,Donte Moncrief,Hou,WR|W/R/T
10,16.35,Big Veiny Dak,Non-Starter,Marquise Goodwin,Cle,WR|W/R/T
10,-0.5,Big Veiny Dak,Starter,Denver Broncos,Den,DEF
11,17.0,Big Veiny Dak,Starter,Matt Ryan,Ind,QB
11,15.0,Big Veiny Dak,Starter,Jarvis Landry,NO,WR|W/R/T
11,22.4,Big Veiny Dak,Starter,Brandin Cooks,NO,WR|W/R/T
11,22.25,Big Veiny Dak,Starter,Mark Ingram II,NO,RB|W/R/T
11,15.8,Big Veiny Dak,Starter,Dion Lewis,NYG,RB|W/R/T
11,0.95,Big Veiny Dak,Starter,Jason Witten,LV,TE|W/R/T
11,3.95,Big Veiny Dak,Starter,Golden Tate,Ten,WR|W/R/T
11,0.0,Big Veiny Dak,Non-Starter,Devonta Freeman,Bal,RB|W/R/T
11,4.15,Big Veiny Dak,Non-Starter,Randall Cobb,NYJ,WR|W/R/T
11,0.0,Big Veiny Dak,Non-Starter,George Kittle,SF,TE|W/R/T
11,0.0,Big Veiny Dak,Non-Starter,Donte Moncrief,Hou,WR|W/R/T
11,0.0,Big Veiny Dak,Non-Starter,Marquise Goodwin,Cle,WR|W/R/T
11,11.0,Big Veiny Dak,Starter,Denver Broncos,Den,DEF
12,16.78,Big Veiny Dak,Starter,Matt Ryan,Ind,QB
12,9.0,Big Veiny Dak,Starter,Jarvis Landry,NO,WR|W/R/T
12,16.9,Big Veiny Dak,Starter,Brandin Cooks,NO,WR|W/R/T
12,4.1,Big Veiny Dak,Starter,Mark Ingram II,NO,RB|W/R/T
12,11.55,Big Veiny Dak,Starter,Dion Lewis,NYG,RB|W/R/T
12,6.15,Big Veiny Dak,Starter,Jason Witten,LV,TE|W/R/T
12,3.0,Big Veiny Dak,Starter,Golden Tate,Ten,WR|W/R/T
12,0.0,Big Veiny Dak,Non-Starter,Devonta Freeman,Bal,RB|W/R/T
12,12.8,Big Veiny Dak,Non-Starter,Randall Cobb,NYJ,WR|W/R/T
12,1.65,Big Veiny Dak,Non-Starter,George Kittle,SF,TE|W/R/T
12,1.85,Big Veiny Dak,Non-Starter,Donte Moncrief,Hou,WR|W/R/T
12,8.8,Big Veiny Dak,Non-Starter,Marquise Goodwin,Cle,WR|W/R/T
12,7.5,Big Veiny Dak,Starter,Denver Broncos,Den,DEF
13,7.02,Big Veiny Dak,Starter,Matt Ryan,Ind,QB
13,7.45,Big Veiny Dak,Starter,Jarvis Landry,NO,WR|W/R/T
13,8.9,Big Veiny Dak,Starter,Golden Tate,Ten,WR|W/R/T
13,8.35,Big Veiny Dak,Starter,Devonta Freeman,Bal,RB|W/R/T
13,9.2,Big Veiny Dak,Starter,Dion Lewis,NYG,RB|W/R/T
13,7.05,Big Veiny Dak,Starter,Jason Witten,LV,TE|W/R/T
13,2.7,Big Veiny Dak,Starter,Brandin Cooks,NO,WR|W/R/T
13,19.7,Big Veiny Dak,Non-Starter,Mark Ingram II,NO,RB|W/R/T
13,0.0,Big Veiny Dak,Non-Starter,Randall Cobb,NYJ,WR|W/R/T
13,2.5,Big Veiny Dak,Non-Starter,George Kittle,SF,TE|W/R/T
13,4.95,Big Veiny Dak,Non-Starter,Donte Moncrief,Hou,WR|W/R/T
13,11.9,Big Veiny Dak,Non-Starter,Marquise Goodwin,Cle,WR|W/R/T
13,19.0,Big Veiny Dak,Starter,Denver Broncos,Den,DEF
14,6.84,Big Veiny Dak,Starter,Matt Ryan,Ind,QB
14,18.6,Big Veiny Dak,Starter,Jarvis Landry,NO,WR|W/R/T
14,16.5,Big Veiny Dak,Starter,Golden Tate,Ten,WR|W/R/T
14,15.1,Big Veiny Dak,Starter,Devonta Freeman,Bal,RB|W/R/T
14,7.95,Big Veiny Dak,Starter,Dion Lewis,NYG,RB|W/R/T
14,8.25,Big Veiny Dak,Starter,Jason Witten,LV,TE|W/R/T
14,4.05,Big Veiny Dak,Starter,Brandin Cooks,NO,WR|W/R/T
14,10.2,Big Veiny Dak,Non-Starter,Mark Ingram II,NO,RB|W/R/T
14,5.9,Big Veiny Dak,Non-Starter,Randall Cobb,NYJ,WR|W/R/T
14,1.5,Big Veiny Dak,Non-Starter,George Kittle,SF,TE|W/R/T
14,0.0,Big Veiny Dak,Non-Starter,Donte Moncrief,Hou,WR|W/R/T
14,12.1,Big Veiny Dak,Non-Starter,Marquise Goodwin,Cle,WR|W/R/T
14,24.5,Big Veiny Dak,Starter,Denver Broncos,Den,DEF
15,15.38,Big Veiny Dak,Starter,Matt Ryan,Ind,QB
15,4.05,Big Veiny Dak,Starter,Golden Tate,Ten,WR|W/R/T
15,13.0,Big Veiny Dak,Starter,Brandin Cooks,NO,WR|W/R/T
15,26.65,Big Veiny Dak,Starter,Devonta Freeman,Bal,RB|W/R/T
15,14.25,Big Veiny Dak,Starter,Dion Lewis,NYG,RB|W/R/T
15,5.7,Big Veiny Dak,Starter,Jason Witten,LV,TE|W/R/T
15,28.35,Big Veiny Dak,Starter,Mark Ingram II,NO,RB|W/R/T
15,12.4,Big Veiny Dak,Non-Starter,Jarvis Landry,NO,WR|W/R/T
15,16.15,Big Veiny Dak,Non-Starter,Randall Cobb,NYJ,WR|W/R/T
15,6.2,Big Veiny Dak,Non-Starter,George Kittle,SF,TE|W/R/T
15,0.0,Big Veiny Dak,Non-Starter,Donte Moncrief,Hou,WR|W/R/T
15,14.9,Big Veiny Dak,Non-Starter,Marquise Goodwin,Cle,WR|W/R/T
15,6.5,Big Veiny Dak,Starter,Denver Broncos,Den,DEF
16,14.22,Big Veiny Dak,Starter,Matt Ryan,Ind,QB
16,3.0,Big Veiny Dak,Starter,Brandin Cooks,NO,WR|W/R/T
16,4.35,Big Veiny Dak,Starter,Jarvis Landry,NO,WR|W/R/T
16,4.1,Big Veiny Dak,Starter,Devonta Freeman,Bal,RB|W/R/T
16,28.55,Big Veiny Dak,Starter,Dion Lewis,NYG,RB|W/R/T
16,5.15,Big Veiny Dak,Starter,Jason Witten,LV,TE|W/R/T
16,13.35,Big Veiny Dak,Starter,Mark Ingram II,NO,RB|W/R/T
16,2.15,Big Veiny Dak,Non-Starter,Golden Tate,Ten,WR|W/R/T
16,2.6,Big Veiny Dak,Non-Starter,Randall Cobb,NYJ,WR|W/R/T
16,10.95,Big Veiny Dak,Non-Starter,George Kittle,SF,TE|W/R/T
16,0.0,Big Veiny Dak,Non-Starter,Donte Moncrief,Hou,WR|W/R/T
16,4.45,Big Veiny Dak,Non-Starter,Marquise Goodwin,Cle,WR|W/R/T
16,7.5,Big Veiny Dak,Starter,Denver Broncos,Den,DEF
