1,10.38,Football TSM,Starter,Tom Brady,TB,QB
1,11.2,Football TSM,Starter,Courtland Sutton,Den,WR|W/R/T
1,39.4,Football TSM,Starter,Justin Jefferson,Min,WR|W/R/T
1,20.1,Football TSM,Starter,A.J. Dillon,Phi,RB|W/R/T
1,4.7,Football TSM,Starter,Rhamondre Stevenson,NE,RB|W/R/T
1,3.9,Football TSM,Starter,Kyle Pitts,Atl,TE|W/R/T
1,17.7,Football TSM,Starter,Christian Kirk,Hou,WR|W/R/T
1,19.9,Football TSM,Non-Starter,James Robinson,NO,RB|W/R/T
1,16.0,Football TSM,Non-Starter,Jamaal Williams,NO,RB|W/R/T
1,9.1,Football TSM,Non-Starter,Eno Benjamin,NO,RB|W/R/T
1,13.5,Football TSM,Starter,Baltimore Ravens,Bal,DEF
2,11.4,Football TSM,Starter,Tom Brady,TB,QB
2,19.7,Football TSM,Starter,Courtland Sutton,Den,WR|W/R/T
2,10.8,Football TSM,Starter,Justin Jefferson,Min,WR|W/R/T
2,7.7,Football TSM,Starter,A.J. Dillon,Phi,RB|W/R/T
2,6.1,Football TSM,Starter,Rhamondre Stevenson,NE,RB|W/R/T
2,3.9,Football TSM,Starter,Kyle Pitts,Atl,TE|W/R/T
2,25.8,Football TSM,Starter,Christian Kirk,Hou,WR|W/R/T
2,15.8,Football TSM,Non-Starter,James Robinson,NO,RB|W/R/T
2,7.0,Football TSM,Non-Starter,Jamaal Williams,NO,RB|W/R/T
2,2.5,Football TSM,Non-Starter,Trey Lance,LAC,QB
2,14.0,Football TSM,Starter,Green Bay Packers,GB,DEF
3,16.74,Football TSM,Starter,Tom Brady,TB,QB
3,17.7,Football TSM,Starter,Courtland Sutton,Den,WR|W/R/T
3,4.4,Football TSM,Starter,Justin Jefferson,Min,WR|W/R/T
3,5.8,Football TSM,Starter,A.J. Dillon,Phi,RB|W/R/T
3,20.6,Football TSM,Starter,James Robinson,NO,RB|W/R/T
3,13.7,Football TSM,Starter,Kyle Pitts,Atl,TE|W/R/T
3,19.2,Football TSM,Starter,Christian Kirk,Hou,WR|W/R/T
3,20.1,Football TSM,Non-Starter,Rhamondre Stevenson,NE,RB|W/R/T
3,24.7,Football TSM,Non-Starter,Jamaal Williams,NO,RB|W/R/T
3,1.1,Football TSM,Non-Starter,Raheem Mostert,LV,RB|W/R/T
3,15.5,Football TSM,Starter,Green Bay Packers,GB,DEF
4,31.4,Football TSM,Starter,Tom Brady,TB,QB
4,16.2,Football TSM,Starter,Courtland Sutton,Den,WR|W/R/T
4,31.0,Football TSM,Starter,Justin Jefferson,Min,WR|W/R/T
4,2.9,Football TSM,Starter,James Robinson,NO,RB|W/R/T
4,23.9,Football TSM,Starter,Jamaal Williams,NO,RB|W/R/T
4,3.5,Football TSM,Starter,Kyle Pitts,Atl,TE|W/R/T
4,8.3,Football TSM,Starter,Christian Kirk,Hou,WR|W/R/T
4,9.4,Football TSM,Non-Starter,A.J. Dillon,Phi,RB|W/R/T
4,12.9,Football TSM,Non-Starter,Rhamondre Stevenson,NE,RB|W/R/T
4,10.1,Football TSM,Non-Starter,Raheem Mostert,LV,RB|W/R/T
4,12.0,Football TSM,Starter,Green Bay Packers,GB,DEF
5,21.74,Football TSM,Starter,Tom Brady,TB,QB
5,12.4,Football TSM,Starter,Courtland Sutton,Den,WR|W/R/T
5,30.32,Football TSM,Starter,Justin Jefferson,Min,WR|W/R/T
5,5.6,Football TSM,Starter,Jamaal Williams,NO,RB|W/R/T
5,5.9,Football TSM,Starter,James Robinson,NO,RB|W/R/T
5,2.1,Football TSM,Starter,Christian Kirk,Hou,WR|W/R/T
5,0.0,Football TSM,Non-Starter,Kyle Pitts,Atl,TE|W/R/T
5,19.5,Football TSM,Non-Starter,Rhamondre Stevenson,NE,RB|W/R/T
5,3.4,Football TSM,Non-Starter,A.J. Dillon,Phi,RB|W/R/T
5,19.2,Football TSM,Non-Starter,Raheem Mostert,LV,RB|W/R/T
5,6.5,Football TSM,Starter,Green Bay Packers,GB,DEF
6,15.72,Football TSM,Starter,Tom Brady,TB,QB
6,3.4,Football TSM,Starter,Courtland Sutton,Den,WR|W/R/T
6,16.7,Football TSM,Starter,Justin Jefferson,Min,WR|W/R/T
6,25.1,Football TSM,Starter,Rhamondre Stevenson,NE,RB|W/R/T
6,5.8,Football TSM,Starter,Raheem Mostert,LV,RB|W/R/T
6,10.9,Football TSM,Starter,Kyle Pitts,Atl,TE|W/R/T
6,10.8,Football TSM,Starter,Christian Kirk,Hou,WR|W/R/T
6,6.5,Football TSM,Non-Starter,James Robinson,NO,RB|W/R/T
6,0.0,Football TSM,Non-Starter,Jamaal Williams,NO,RB|W/R/T
6,9.2,Football TSM,Non-Starter,A.J. Dillon,Phi,RB|W/R/T
6,6.5,Football TSM,Starter,Green Bay Packers,GB,DEF
7,11.7,Football TSM,Starter,Tom Brady,TB,QB
7,5.3,Football TSM,Starter,Courtland Sutton,Den,WR|W/R/T
7,17.1,Football TSM,Starter,Christian Kirk,Hou,WR|W/R/T
7,23.8,Football TSM,Starter,Rhamondre Stevenson,NE,RB|W/R/T
7,20.9,Football TSM,Starter,Raheem Mostert,LV,RB|W/R/T
7,3.9,Football TSM,Starter,Kyle Pitts,Atl,TE|W/R/T
7,7.3,Football TSM,Starter,Jamaal Williams,NO,RB|W/R/T
7,1.5,Football TSM,Non-Starter,A.J. Dillon,Phi,RB|W/R/T
7,0.0,Football TSM,Non-Starter,Justin Jefferson,Min,WR|W/R/T
7,0.0,Football TSM,Non-Starter,James Robinson,NO,RB|W/R/T
7,13.5,Football TSM,Starter,Green Bay Packers,GB,DEF
8,19.1,Football TSM,Starter,Tom Brady,TB,QB
8,2.3,Football TSM,Starter,Courtland Sutton,Den,WR|W/R/T
8,15.8,Football TSM,Starter,Justin Jefferson,Min,WR|W/R/T
8,21.3,Football TSM,Starter,Rhamondre Stevenson,NE,RB|W/R/T
8,7.7,Football TSM,Starter,Raheem Mostert,LV,RB|W/R/T
8,19.0,Football TSM,Starter,Kyle Pitts,Atl,TE|W/R/T
8,7.0,Football TSM,Starter,Christian Kirk,Hou,WR|W/R/T
8,22.6,Football TSM,Non-Starter,Jamaal Williams,NO,RB|W/R/T
8,7.3,Football TSM,Non-Starter,A.J. Dillon,Phi,RB|W/R/T
8,1.7,Football TSM,Non-Starter,James Robinson,NO,RB|W/R/T
8,8.5,Football TSM,Starter,Indianapolis Colts,Ind,DEF
9,17.2,Football TSM,Starter,Tom Brady,TB,QB
9,25.5,Football TSM,Starter,Justin Jefferson,Min,WR|W/R/T
9,21.6,Football TSM,Starter,Christian Kirk,Hou,WR|W/R/T
9,16.0,Football TSM,Starter,Rhamondre Stevenson,NE,RB|W/R/T
9,8.6,Football TSM,Starter,Raheem Mostert,LV,RB|W/R/T
9,4.7,Football TSM,Starter,Kyle Pitts,Atl,TE|W/R/T
9,10.1,Football TSM,Starter,Jamaal Williams,NO,RB|W/R/T
9,0.0,Football TSM,Non-Starter,Courtland Sutton,Den,WR|W/R/T
9,6.4,Football TSM,Non-Starter,A.J. Dillon,Phi,RB|W/R/T
9,13.3,Football TSM,Non-Starter,James Robinson,NO,RB|W/R/T
9,13.0,Football TSM,Starter,Indianapolis Colts,Ind,DEF
10,13.48,Football TSM,Starter,Kirk Cousins,Atl,QB
10,35.3,Football TSM,Starter,Justin Jefferson,Min,WR|W/R/T
10,31.5,Football TSM,Starter,Christian Kirk,Hou,WR|W/R/T
10,18.7,Football TSM,Starter,Raheem Mostert,LV,RB|W/R/T
10,11.9,Football TSM,Starter,Jamaal Williams,NO,RB|W/R/T
10,4.8,Football TSM,Starter,Kyle Pitts,Atl,TE|W/R/T
10,12.6,Football TSM,Starter,Courtland Sutton,Den,WR|W/R/T
10,0.0,Football TSM,Non-Starter,Rhamondre Stevenson,NE,RB|W/R/T
10,6.5,Football TSM,Non-Starter,A.J. Dillon,Phi,RB|W/R/T
10,0.0,Football TSM,Non-Starter,James Robinson,NO,RB|W/R/T
10,13.0,Football TSM,Starter,New York Giants,NYG,DEF
11,2.2,Football TSM,Starter,Kirk Cousins,Atl,QB
11,6.3,Football TSM,Starter,Justin Jefferson,Min,WR|W/R/T
11,13.0,Football TSM,Starter,Courtland Sutton,Den,WR|W/R/T
11,24.4,Football TSM,Starter,Jamaal Williams,NO,RB|W/R/T
11,14.2,Football TSM,Starter,Rhamondre Stevenson,NE,RB|W/R/T
11,7.3,Football TSM,Starter,Kyle Pitts,Atl,TE|W/R/T
11,21.1,Football TSM,Starter,Christian Watson,GB,WR|W/R/T
11,0.0,Football TSM,Non-Starter,Christian Kirk,Hou,WR|W/R/T
11,0.0,Football TSM,Non-Starter,Raheem Mostert,LV,RB|W/R/T
11,10.7,Football TSM,Non-Starter,Isiah Pacheco,KC,RB|W/R/T
11,16.5,Football TSM,Starter,New York Jets,NYJ,DEF
12,21.32,Football TSM,Starter,Geno Smith,LV,QB
12,29.34,Football TSM,Starter,Justin Jefferson,Min,WR|W/R/T
12,8.1,Football TSM,Starter,Christian Kirk,Hou,WR|W/R/T
12,10.6,Football TSM,Starter,Jamaal Williams,NO,RB|W/R/T
12,20.2,Football TSM,Starter,Rhamondre Stevenson,NE,RB|W/R/T
12,3.0,Football TSM,Starter,Taysom Hill,NO,QB|TE|W/R/T
12,13.5,Football TSM,Starter,Courtland Sutton,Den,WR|W/R/T
12,0.0,Football TSM,Non-Starter,Raheem Mostert,LV,RB|W/R/T
12,21.0,Football TSM,Non-Starter,Christian Watson,GB,WR|W/R/T
12,15.6,Football TSM,Non-Starter,Isiah Pacheco,KC,RB|W/R/T
12,11.0,Football TSM,Starter,New York Jets,NYJ,DEF
13,26.98,Football TSM,Starter,Geno Smith,LV,QB
13,18.6,Football TSM,Starter,Justin Jefferson,Min,WR|W/R/T
13,16.4,Football TSM,Starter,Christian Kirk,Hou,WR|W/R/T
13,9.5,Football TSM,Starter,Jamaal Williams,NO,RB|W/R/T
13,13.8,Football TSM,Starter,Rhamondre Stevenson,NE,RB|W/R/T
13,13.34,Football TSM,Starter,Taysom Hill,NO,QB|TE|W/R/T
13,24.4,Football TSM,Starter,Christian Watson,GB,WR|W/R/T
13,16.2,Football TSM,Non-Starter,Isiah Pacheco,KC,RB|W/R/T
13,0.0,Football TSM,Non-Starter,Courtland Sutton,Den,WR|W/R/T
13,0.0,Football TSM,Non-Starter,J.K. Dobbins,Den,RB|W/R/T
13,7.0,Football TSM,Starter,New York Jets,NYJ,DEF
14,22.56,Football TSM,Starter,Geno Smith,LV,QB
14,33.3,Football TSM,Starter,Justin Jefferson,Min,WR|W/R/T
14,9.5,Football TSM,Starter,Christian Kirk,Hou,WR|W/R/T
14,3.7,Football TSM,Starter,Jamaal Williams,NO,RB|W/R/T
14,3.0,Football TSM,Starter,Rhamondre Stevenson,NE,RB|W/R/T
14,0.0,Football TSM,Starter,Dallas Goedert,Phi,TE|W/R/T
14,12.3,Football TSM,Starter,Isiah Pacheco,KC,RB|W/R/T
14,0.0,Football TSM,Non-Starter,Christian Watson,GB,WR|W/R/T
14,18.0,Football TSM,Non-Starter,J.K. Dobbins,Den,RB|W/R/T
14,0.0,Football TSM,Non-Starter,Darren Waller,Mia,TE|W/R/T
14,13.5,Football TSM,Starter,New York Jets,NYJ,DEF
15,17.32,Football TSM,Starter,Geno Smith,LV,QB
15,30.3,Football TSM,Starter,Justin Jefferson,Min,WR|W/R/T
15,15.2,Football TSM,Starter,Christian Kirk,Hou,WR|W/R/T
15,13.8,Football TSM,Starter,J.K. Dobbins,Den,RB|W/R/T
15,8.7,Football TSM,Starter,Isiah Pacheco,KC,RB|W/R/T
15,13.8,Football TSM,Starter,Darren Waller,Mia,TE|W/R/T
15,24.8,Football TSM,Starter,Rhamondre Stevenson,NE,RB|W/R/T
15,8.6,Football TSM,Non-Starter,Christian Watson,GB,WR|W/R/T
15,0.0,Football TSM,Non-Starter,Dallas Goedert,Phi,TE|W/R/T
15,3.3,Football TSM,Non-Starter,Jamaal Williams,NO,RB|W/R/T
15,4.0,Football TSM,Starter,Carolina Panthers,Car,DEF
16,12.2,Football TSM,Starter,Geno Smith,LV,QB
16,31.3,Football TSM,Starter,Justin Jefferson,Min,WR|W/R/T
16,5.6,Football TSM,Starter,Christian Kirk,Hou,WR|W/R/T
16,5.9,Football TSM,Starter,J.K. Dobbins,Den,RB|W/R/T
16,3.3,Football TSM,Starter,Rhamondre Stevenson,NE,RB|W/R/T
16,9.7,Football TSM,Starter,Dallas Goedert,Phi,TE|W/R/T
16,10.9,Football TSM,Starter,Christian Watson,GB,WR|W/R/T
16,9.8,Football TSM,Non-Starter,Darren Waller,Mia,TE|W/R/T
16,10.0,Football TSM,Non-Starter,Isiah Pacheco,KC,RB|W/R/T
16,3.4,Football TSM,Non-Starter,Jamaal Williams,NO,RB|W/R/T
16,5.5,Football TSM,Starter,Cleveland Browns,Cle,DEF
17,21.12,Football TSM,Starter,Geno Smith,LV,QB
17,2.5,Football TSM,Starter,Justin Jefferson,Min,WR|W/R/T
17,4.1,Football TSM,Starter,Christian Kirk,Hou,WR|W/R/T
17,9.3,Football TSM,Starter,J.K. Dobbins,Den,RB|W/R/T
17,7.1,Football TSM,Starter,Rhamondre Stevenson,NE,RB|W/R/T
17,7.5,Football TSM,Starter,Dallas Goedert,Phi,TE|W/R/T
17,2.1,Football TSM,Starter,Christian Watson,GB,WR|W/R/T
17,16.2,Football TSM,Non-Starter,Darren Waller,Mia,TE|W/R/T
17,12.9,Football TSM,Non-Starter,Isiah Pacheco,KC,RB|W/R/T
17,22.7,Football TSM,Non-Starter,Jamaal Williams,NO,RB|W/R/T
17,16.5,Football TSM,Starter,Cleveland Browns,Cle,DEF
1,3.8,San Fran Cis Crow,Starter,Matthew Stafford,LAR,QB
1,10.6,San Fran Cis Crow,Starter,Keenan Allen,LAC,WR|W/R/T
1,2.2,San Fran Cis Crow,Starter,Allen Robinson,Det,WR|W/R/T
1,7.6,San Fran Cis Crow,Starter,Alvin Kamara,NO,RB|W/R/T
1,4.9,San Fran Cis Crow,Starter,Dameon Pierce,Hou,RB|W/R/T
1,0.0,San Fran Cis Crow,Starter,Irv Smith,Hou,TE|W/R/T
1,6.5,San Fran Cis Crow,Starter,Chris Godwin,TB,WR|W/R/T
1,4.2,San Fran Cis Crow,Non-Starter,Raheem Mostert,LV,RB|W/R/T
1,0.0,San Fran Cis Crow,Non-Starter,Michael Gallup,Was,WR|W/R/T
1,5.0,San Fran Cis Crow,Non-Starter,Jeff Wilson,SF,RB|W/R/T
1,7.5,San Fran Cis Crow,Starter,New Orleans Saints,NO,DEF
2,20.88,San Fran Cis Crow,Starter,Matthew Stafford,LAR,QB
2,15.3,San Fran Cis Crow,Starter,Allen Robinson,Det,WR|W/R/T
2,0.0,San Fran Cis Crow,Starter,DJ Chark,Atl,WR|W/R/T
2,12.3,San Fran Cis Crow,Starter,Jeff Wilson,SF,RB|W/R/T
2,8.7,San Fran Cis Crow,Starter,Dameon Pierce,Hou,RB|W/R/T
2,3.1,San Fran Cis Crow,Starter,Robert Tonyan,KC,TE|W/R/T
2,5.3,San Fran Cis Crow,Starter,Zay Jones,Ari,WR|W/R/T
2,0.0,San Fran Cis Crow,Non-Starter,Alvin Kamara,NO,RB|W/R/T
2,0.0,San Fran Cis Crow,Non-Starter,Keenan Allen,LAC,WR|W/R/T
2,0.0,San Fran Cis Crow,Non-Starter,Chris Godwin,TB,WR|W/R/T
2,7.5,San Fran Cis Crow,Starter,New Orleans Saints,NO,DEF
3,10.16,San Fran Cis Crow,Starter,Matthew Stafford,LAR,QB
3,4.3,San Fran Cis Crow,Starter,Allen Robinson,Det,WR|W/R/T
3,21.3,San Fran Cis Crow,Starter,Romeo Doubs,GB,WR|W/R/T
3,11.6,San Fran Cis Crow,Starter,Jeff Wilson,SF,RB|W/R/T
3,18.1,San Fran Cis Crow,Starter,Dameon Pierce,Hou,RB|W/R/T
3,3.9,San Fran Cis Crow,Starter,Evan Engram,Den,TE|W/R/T
3,7.3,San Fran Cis Crow,Starter,Alvin Kamara,NO,RB|W/R/T
3,0.0,San Fran Cis Crow,Non-Starter,Keenan Allen,LAC,WR|W/R/T
3,0.0,San Fran Cis Crow,Non-Starter,Chris Godwin,TB,WR|W/R/T
3,0.7,San Fran Cis Crow,Non-Starter,Darrel Williams,Ari,RB|W/R/T
3,7.5,San Fran Cis Crow,Starter,New Orleans Saints,NO,DEF
4,2.76,San Fran Cis Crow,Starter,Matthew Stafford,LAR,QB
4,13.7,San Fran Cis Crow,Starter,Romeo Doubs,GB,WR|W/R/T
4,2.7,San Fran Cis Crow,Starter,Allen Robinson,Det,WR|W/R/T
4,13.4,San Fran Cis Crow,Starter,Jeff Wilson,SF,RB|W/R/T
4,25.9,San Fran Cis Crow,Starter,Dameon Pierce,Hou,RB|W/R/T
4,17.1,San Fran Cis Crow,Starter,Gerald Everett,Chi,TE|W/R/T
4,0.0,San Fran Cis Crow,Starter,Alvin Kamara,NO,RB|W/R/T
4,0.0,San Fran Cis Crow,Non-Starter,Keenan Allen,LAC,WR|W/R/T
4,12.9,San Fran Cis Crow,Non-Starter,Chris Godwin,TB,WR|W/R/T
4,0.2,San Fran Cis Crow,Non-Starter,D'Onta Foreman,Cle,RB|W/R/T
4,7.0,San Fran Cis Crow,Starter,Denver Broncos,Den,DEF
5,10.32,San Fran Cis Crow,Starter,Matthew Stafford,LAR,QB
5,5.9,San Fran Cis Crow,Starter,Romeo Doubs,GB,WR|W/R/T
5,12.3,San Fran Cis Crow,Starter,Chris Godwin,TB,WR|W/R/T
5,20.2,San Fran Cis Crow,Starter,Jeff Wilson,SF,RB|W/R/T
5,20.3,San Fran Cis Crow,Starter,Dameon Pierce,Hou,RB|W/R/T
5,1.2,San Fran Cis Crow,Starter,Gerald Everett,Chi,TE|W/R/T
5,23.4,San Fran Cis Crow,Starter,Alvin Kamara,NO,RB|W/R/T
5,4.2,San Fran Cis Crow,Non-Starter,Allen Robinson,Det,WR|W/R/T
5,0.0,San Fran Cis Crow,Non-Starter,Keenan Allen,LAC,WR|W/R/T
5,2.1,San Fran Cis Crow,Non-Starter,Elijah Moore,Buf,WR|W/R/T
5,20.0,San Fran Cis Crow,Starter,Denver Broncos,Den,DEF
6,9.82,San Fran Cis Crow,Starter,Matthew Stafford,LAR,QB
6,6.1,San Fran Cis Crow,Starter,Romeo Doubs,GB,WR|W/R/T
6,15.5,San Fran Cis Crow,Starter,Chris Godwin,TB,WR|W/R/T
6,0.5,San Fran Cis Crow,Starter,Jeff Wilson,SF,RB|W/R/T
6,18.4,San Fran Cis Crow,Starter,Alvin Kamara,NO,RB|W/R/T
6,7.9,San Fran Cis Crow,Starter,Gerald Everett,Chi,TE|W/R/T
6,28.1,San Fran Cis Crow,Starter,Deon Jackson,Det,RB|W/R/T
6,0.0,San Fran Cis Crow,Non-Starter,Keenan Allen,LAC,WR|W/R/T
6,0.0,San Fran Cis Crow,Non-Starter,Dameon Pierce,Hou,RB|W/R/T
6,0.0,San Fran Cis Crow,Non-Starter,Dak Prescott,Dal,QB
6,9.5,San Fran Cis Crow,Starter,Denver Broncos,Den,DEF
7,14.28,San Fran Cis Crow,Starter,Dak Prescott,Dal,QB
7,0.0,San Fran Cis Crow,Starter,Romeo Doubs,GB,WR|W/R/T
7,11.5,San Fran Cis Crow,Starter,Chris Godwin,TB,WR|W/R/T
7,17.5,San Fran Cis Crow,Starter,Alvin Kamara,NO,RB|W/R/T
7,15.7,San Fran Cis Crow,Starter,Dameon Pierce,Hou,RB|W/R/T
7,11.3,San Fran Cis Crow,Starter,Gerald Everett,Chi,TE|W/R/T
7,3.1,San Fran Cis Crow,Starter,Keenan Allen,LAC,WR|W/R/T
7,0.0,San Fran Cis Crow,Non-Starter,Cordarrelle Patterson,Pit,RB|W/R/T
7,18.6,San Fran Cis Crow,Non-Starter,Gus Edwards,LAC,RB|W/R/T
7,4.3,San Fran Cis Crow,Non-Starter,Isiah Pacheco,KC,RB|W/R/T
7,8.5,San Fran Cis Crow,Starter,Denver Broncos,Den,DEF
8,27.4,San Fran Cis Crow,Starter,Dak Prescott,Dal,QB
8,16.2,San Fran Cis Crow,Starter,Romeo Doubs,GB,WR|W/R/T
8,13.5,San Fran Cis Crow,Starter,Chris Godwin,TB,WR|W/R/T
8,42.8,San Fran Cis Crow,Starter,Alvin Kamara,NO,RB|W/R/T
8,14.1,San Fran Cis Crow,Starter,Dameon Pierce,Hou,RB|W/R/T
8,3.5,San Fran Cis Crow,Starter,Cade Otton,TB,TE|W/R/T
8,6.5,San Fran Cis Crow,Starter,Gus Edwards,LAC,RB|W/R/T
8,0.0,San Fran Cis Crow,Non-Starter,Gerald Everett,Chi,TE|W/R/T
8,0.0,San Fran Cis Crow,Non-Starter,Keenan Allen,LAC,WR|W/R/T
8,0.0,San Fran Cis Crow,Non-Starter,Cordarrelle Patterson,Pit,RB|W/R/T
8,10.5,San Fran Cis Crow,Starter,Denver Broncos,Den,DEF
9,48.72,San Fran Cis Crow,Starter,Justin Fields,NYJ,QB
9,10.7,San Fran Cis Crow,Starter,Chris Godwin,TB,WR|W/R/T
9,2.8,San Fran Cis Crow,Starter,Romeo Doubs,GB,WR|W/R/T
9,9.2,San Fran Cis Crow,Starter,Alvin Kamara,NO,RB|W/R/T
9,13.9,San Fran Cis Crow,Starter,Dameon Pierce,Hou,RB|W/R/T
9,8.6,San Fran Cis Crow,Starter,Gerald Everett,Chi,TE|W/R/T
9,18.3,San Fran Cis Crow,Starter,Cordarrelle Patterson,Pit,RB|W/R/T
9,0.0,San Fran Cis Crow,Non-Starter,Gus Edwards,LAC,RB|W/R/T
9,0.0,San Fran Cis Crow,Non-Starter,Keenan Allen,LAC,WR|W/R/T
9,0.0,San Fran Cis Crow,Non-Starter,Dak Prescott,Dal,QB
9,12.5,San Fran Cis Crow,Starter,Arizona Cardinals,Ari,DEF
10,39.38,San Fran Cis Crow,Starter,Justin Fields,NYJ,QB
10,19.1,San Fran Cis Crow,Starter,Chris Godwin,TB,WR|W/R/T
10,14.8,San Fran Cis Crow,Starter,Zay Jones,Ari,WR|W/R/T
10,7.5,San Fran Cis Crow,Starter,Alvin Kamara,NO,RB|W/R/T
10,3.0,San Fran Cis Crow,Starter,Cordarrelle Patterson,Pit,RB|W/R/T
10,4.3,San Fran Cis Crow,Starter,Gerald Everett,Chi,TE|W/R/T
10,12.2,San Fran Cis Crow,Starter,Dameon Pierce,Hou,RB|W/R/T
10,0.0,San Fran Cis Crow,Non-Starter,Keenan Allen,LAC,WR|W/R/T
10,21.2,San Fran Cis Crow,Non-Starter,Dak Prescott,Dal,QB
10,0.0,San Fran Cis Crow,Non-Starter,Gus Edwards,LAC,RB|W/R/T
10,8.0,San Fran Cis Crow,Starter,Dallas Cowboys,Dal,DEF
11,22.62,San Fran Cis Crow,Starter,Justin Fields,NYJ,QB
11,12.4,San Fran Cis Crow,Starter,Keenan Allen,LAC,WR|W/R/T
11,13.6,San Fran Cis Crow,Starter,Darius Slayton,NYG,WR|W/R/T
11,12.9,San Fran Cis Crow,Starter,Alvin Kamara,NO,RB|W/R/T
11,11.9,San Fran Cis Crow,Starter,Cordarrelle Patterson,Pit,RB|W/R/T
11,5.4,San Fran Cis Crow,Starter,Trey McBride,Ari,TE|W/R/T
11,3.7,San Fran Cis Crow,Starter,Dameon Pierce,Hou,RB|W/R/T
11,0.0,San Fran Cis Crow,Non-Starter,Gerald Everett,Chi,TE|W/R/T
11,0.0,San Fran Cis Crow,Non-Starter,Chris Godwin,TB,WR|W/R/T
11,24.64,San Fran Cis Crow,Non-Starter,Dak Prescott,Dal,QB
11,21.0,San Fran Cis Crow,Starter,Dallas Cowboys,Dal,DEF
12,14.84,San Fran Cis Crow,Starter,Dak Prescott,Dal,QB
12,15.9,San Fran Cis Crow,Starter,Keenan Allen,LAC,WR|W/R/T
12,29.0,San Fran Cis Crow,Starter,Chris Godwin,TB,WR|W/R/T
12,7.0,San Fran Cis Crow,Starter,Alvin Kamara,NO,RB|W/R/T
12,4.6,San Fran Cis Crow,Starter,Dameon Pierce,Hou,RB|W/R/T
12,7.8,San Fran Cis Crow,Starter,Gerald Everett,Chi,TE|W/R/T
12,9.3,San Fran Cis Crow,Starter,Darius Slayton,NYG,WR|W/R/T
12,10.1,San Fran Cis Crow,Non-Starter,Cordarrelle Patterson,Pit,RB|W/R/T
12,0.0,San Fran Cis Crow,Non-Starter,Justin Fields,NYJ,QB
12,3.7,San Fran Cis Crow,Non-Starter,Cam Akers,NO,RB|W/R/T
12,7.0,San Fran Cis Crow,Starter,Dallas Cowboys,Dal,DEF
13,20.8,San Fran Cis Crow,Starter,Dak Prescott,Dal,QB
13,20.8,San Fran Cis Crow,Starter,Keenan Allen,LAC,WR|W/R/T
13,14.3,San Fran Cis Crow,Starter,Chris Godwin,TB,WR|W/R/T
13,12.5,San Fran Cis Crow,Starter,Dameon Pierce,Hou,RB|W/R/T
13,6.0,San Fran Cis Crow,Starter,Cordarrelle Patterson,Pit,RB|W/R/T
13,13.0,San Fran Cis Crow,Starter,Gerald Everett,Chi,TE|W/R/T
13,5.7,San Fran Cis Crow,Starter,Alvin Kamara,NO,RB|W/R/T
13,15.0,San Fran Cis Crow,Non-Starter,Darius Slayton,NYG,WR|W/R/T
13,15.26,San Fran Cis Crow,Non-Starter,Justin Fields,NYJ,QB
13,19.0,San Fran Cis Crow,Non-Starter,Cam Akers,NO,RB|W/R/T
13,24.0,San Fran Cis Crow,Starter,Dallas Cowboys,Dal,DEF
14,11.66,San Fran Cis Crow,Starter,Dak Prescott,Dal,QB
14,21.2,San Fran Cis Crow,Starter,Keenan Allen,LAC,WR|W/R/T
14,10.4,San Fran Cis Crow,Starter,Chris Godwin,TB,WR|W/R/T
14,11.8,San Fran Cis Crow,Starter,Dameon Pierce,Hou,RB|W/R/T
14,9.3,San Fran Cis Crow,Starter,Cam Akers,NO,RB|W/R/T
14,7.8,San Fran Cis Crow,Starter,Gerald Everett,Chi,TE|W/R/T
14,6.2,San Fran Cis Crow,Starter,Darius Slayton,NYG,WR|W/R/T
14,0.0,San Fran Cis Crow,Non-Starter,Alvin Kamara,NO,RB|W/R/T
14,0.0,San Fran Cis Crow,Non-Starter,Cordarrelle Patterson,Pit,RB|W/R/T
14,0.0,San Fran Cis Crow,Non-Starter,Justin Fields,NYJ,QB
14,7.5,San Fran Cis Crow,Starter,Dallas Cowboys,Dal,DEF
1,11.8,AirBudGoldenReceiver,Starter,Derek Carr,NO,QB
1,31.8,AirBudGoldenReceiver,Starter,Cooper Kupp,Sea,WR|W/R/T
1,13.9,AirBudGoldenReceiver,Starter,Rashod Bateman,Bal,WR|W/R/T
1,19.8,AirBudGoldenReceiver,Starter,Javonte Williams,Dal,RB|W/R/T
1,8.5,AirBudGoldenReceiver,Starter,Travis Etienne,Jax,RB|W/R/T
1,1.5,AirBudGoldenReceiver,Starter,Dawson Knox,Buf,TE|W/R/T
1,10.5,AirBudGoldenReceiver,Starter,Chase Edmonds,TB,RB|W/R/T
1,1.7,AirBudGoldenReceiver,Non-Starter,David Njoku,Cle,TE|W/R/T
1,5.1,AirBudGoldenReceiver,Non-Starter,Hunter Renfrow,Car,WR|W/R/T
1,18.0,AirBudGoldenReceiver,Non-Starter,Jahan Dotson,Phi,WR|W/R/T
1,10.0,AirBudGoldenReceiver,Starter,Los Angeles Rams,LAR,DEF
2,22.98,AirBudGoldenReceiver,Starter,Derek Carr,NO,QB
2,31.8,AirBudGoldenReceiver,Starter,Cooper Kupp,Sea,WR|W/R/T
2,20.8,AirBudGoldenReceiver,Starter,Rashod Bateman,Bal,WR|W/R/T
2,9.5,AirBudGoldenReceiver,Starter,Javonte Williams,Dal,RB|W/R/T
2,8.3,AirBudGoldenReceiver,Starter,Travis Etienne,Jax,RB|W/R/T
2,8.1,AirBudGoldenReceiver,Starter,Dawson Knox,Buf,TE|W/R/T
2,5.1,AirBudGoldenReceiver,Starter,Chase Edmonds,TB,RB|W/R/T
2,6.2,AirBudGoldenReceiver,Non-Starter,David Njoku,Cle,TE|W/R/T
2,10.9,AirBudGoldenReceiver,Non-Starter,Hunter Renfrow,Car,WR|W/R/T
2,17.9,AirBudGoldenReceiver,Non-Starter,Jahan Dotson,Phi,WR|W/R/T
2,11.5,AirBudGoldenReceiver,Starter,Los Angeles Rams,LAR,DEF
3,21.82,AirBudGoldenReceiver,Starter,Derek Carr,NO,QB
3,16.4,AirBudGoldenReceiver,Starter,Cooper Kupp,Sea,WR|W/R/T
3,5.9,AirBudGoldenReceiver,Starter,Rashod Bateman,Bal,WR|W/R/T
3,9.0,AirBudGoldenReceiver,Starter,Javonte Williams,Dal,RB|W/R/T
3,10.5,AirBudGoldenReceiver,Starter,Travis Etienne,Jax,RB|W/R/T
3,6.5,AirBudGoldenReceiver,Starter,Dawson Knox,Buf,TE|W/R/T
3,15.7,AirBudGoldenReceiver,Starter,Chase Edmonds,TB,RB|W/R/T
3,23.9,AirBudGoldenReceiver,Non-Starter,David Njoku,Cle,TE|W/R/T
3,0.0,AirBudGoldenReceiver,Non-Starter,Hunter Renfrow,Car,WR|W/R/T
3,3.0,AirBudGoldenReceiver,Non-Starter,Jahan Dotson,Phi,WR|W/R/T
3,10.0,AirBudGoldenReceiver,Starter,Los Angeles Rams,LAR,DEF
4,11.52,AirBudGoldenReceiver,Starter,Derek Carr,NO,QB
4,26.2,AirBudGoldenReceiver,Starter,Cooper Kupp,Sea,WR|W/R/T
4,4.7,AirBudGoldenReceiver,Starter,Rashod Bateman,Bal,WR|W/R/T
4,3.7,AirBudGoldenReceiver,Starter,Javonte Williams,Dal,RB|W/R/T
4,3.2,AirBudGoldenReceiver,Starter,Travis Etienne,Jax,RB|W/R/T
4,7.0,AirBudGoldenReceiver,Starter,Dawson Knox,Buf,TE|W/R/T
4,10.0,AirBudGoldenReceiver,Starter,Chase Edmonds,TB,RB|W/R/T
4,9.7,AirBudGoldenReceiver,Non-Starter,David Njoku,Cle,TE|W/R/T
4,0.0,AirBudGoldenReceiver,Non-Starter,Hunter Renfrow,Car,WR|W/R/T
4,13.3,AirBudGoldenReceiver,Non-Starter,Jahan Dotson,Phi,WR|W/R/T
4,3.5,AirBudGoldenReceiver,Starter,Los Angeles Rams,LAR,DEF
5,21.94,AirBudGoldenReceiver,Starter,Derek Carr,NO,QB
5,25.9,AirBudGoldenReceiver,Starter,Cooper Kupp,Sea,WR|W/R/T
5,6.5,AirBudGoldenReceiver,Starter,Hunter Renfrow,Car,WR|W/R/T
5,14.4,AirBudGoldenReceiver,Starter,Travis Etienne,Jax,RB|W/R/T
5,0.1,AirBudGoldenReceiver,Starter,Chase Edmonds,TB,RB|W/R/T
5,14.8,AirBudGoldenReceiver,Starter,David Njoku,Cle,TE|W/R/T
5,11.5,AirBudGoldenReceiver,Starter,Mike Boone,Mia,RB|W/R/T
5,0.0,AirBudGoldenReceiver,Non-Starter,Rashod Bateman,Bal,WR|W/R/T
5,0.0,AirBudGoldenReceiver,Non-Starter,Jahan Dotson,Phi,WR|W/R/T
5,0.0,AirBudGoldenReceiver,Non-Starter,Dawson Knox,Buf,TE|W/R/T
5,7.0,AirBudGoldenReceiver,Starter,Los Angeles Rams,LAR,DEF
6,16.94,AirBudGoldenReceiver,Starter,Jimmy Garoppolo,LAR,QB
6,16.7,AirBudGoldenReceiver,Starter,Cooper Kupp,Sea,WR|W/R/T
6,11.6,AirBudGoldenReceiver,Starter,Donovan Peoples-Jones,NO,WR|W/R/T
6,12.8,AirBudGoldenReceiver,Starter,Travis Etienne,Jax,RB|W/R/T
6,1.4,AirBudGoldenReceiver,Starter,Mike Boone,Mia,RB|W/R/T
6,8.8,AirBudGoldenReceiver,Starter,David Njoku,Cle,TE|W/R/T
6,13.9,AirBudGoldenReceiver,Starter,Alec Pierce,Ind,WR|W/R/T
6,5.1,AirBudGoldenReceiver,Non-Starter,Chase Edmonds,TB,RB|W/R/T
6,0.0,AirBudGoldenReceiver,Non-Starter,Rashod Bateman,Bal,WR|W/R/T
6,0.0,AirBudGoldenReceiver,Non-Starter,Derek Carr,NO,QB
6,14.5,AirBudGoldenReceiver,Starter,Los Angeles Rams,LAR,DEF
7,15.54,AirBudGoldenReceiver,Starter,Derek Carr,NO,QB
7,8.2,AirBudGoldenReceiver,Starter,Rashod Bateman,Bal,WR|W/R/T
7,8.5,AirBudGoldenReceiver,Starter,Hunter Renfrow,Car,WR|W/R/T
7,18.9,AirBudGoldenReceiver,Starter,Travis Etienne,Jax,RB|W/R/T
7,10.3,AirBudGoldenReceiver,Starter,Latavius Murray,Buf,RB|W/R/T
7,14.1,AirBudGoldenReceiver,Starter,David Njoku,Cle,TE|W/R/T
7,6.7,AirBudGoldenReceiver,Starter,Alec Pierce,Ind,WR|W/R/T
7,11.1,AirBudGoldenReceiver,Non-Starter,Donovan Peoples-Jones,NO,WR|W/R/T
7,2.3,AirBudGoldenReceiver,Non-Starter,Mike Boone,Mia,RB|W/R/T
7,0.0,AirBudGoldenReceiver,Non-Starter,Cooper Kupp,Sea,WR|W/R/T
7,16.0,AirBudGoldenReceiver,Starter,Miami Dolphins,Mia,DEF
8,-0.06,AirBudGoldenReceiver,Starter,Derek Carr,NO,QB
8,22.9,AirBudGoldenReceiver,Starter,Cooper Kupp,Sea,WR|W/R/T
8,12.1,AirBudGoldenReceiver,Starter,Donovan Peoples-Jones,NO,WR|W/R/T
8,25.2,AirBudGoldenReceiver,Starter,Travis Etienne,Jax,RB|W/R/T
8,12.9,AirBudGoldenReceiver,Starter,Latavius Murray,Buf,RB|W/R/T
8,9.0,AirBudGoldenReceiver,Starter,Dawson Knox,Buf,TE|W/R/T
8,31.8,AirBudGoldenReceiver,Starter,D'Onta Foreman,Cle,RB|W/R/T
8,0.0,AirBudGoldenReceiver,Non-Starter,Rashod Bateman,Bal,WR|W/R/T
8,0.0,AirBudGoldenReceiver,Non-Starter,David Njoku,Cle,TE|W/R/T
8,1.6,AirBudGoldenReceiver,Non-Starter,Hunter Renfrow,Car,WR|W/R/T
8,2.5,AirBudGoldenReceiver,Starter,Miami Dolphins,Mia,DEF
9,22.36,AirBudGoldenReceiver,Starter,Derek Carr,NO,QB
9,26.8,AirBudGoldenReceiver,Starter,Cooper Kupp,Sea,WR|W/R/T
9,3.3,AirBudGoldenReceiver,Starter,Alec Pierce,Ind,WR|W/R/T
9,26.6,AirBudGoldenReceiver,Starter,Travis Etienne,Jax,RB|W/R/T
9,4.1,AirBudGoldenReceiver,Starter,D'Onta Foreman,Cle,RB|W/R/T
9,5.5,AirBudGoldenReceiver,Starter,Dawson Knox,Buf,TE|W/R/T
9,5.6,AirBudGoldenReceiver,Starter,Hunter Renfrow,Car,WR|W/R/T
9,0.0,AirBudGoldenReceiver,Non-Starter,Donovan Peoples-Jones,NO,WR|W/R/T
9,0.0,AirBudGoldenReceiver,Non-Starter,Latavius Murray,Buf,RB|W/R/T
9,0.0,AirBudGoldenReceiver,Non-Starter,David Njoku,Cle,TE|W/R/T
9,11.0,AirBudGoldenReceiver,Starter,Miami Dolphins,Mia,DEF
10,21.92,AirBudGoldenReceiver,Starter,Derek Carr,NO,QB
10,2.9,AirBudGoldenReceiver,Starter,Cooper Kupp,Sea,WR|W/R/T
10,14.9,AirBudGoldenReceiver,Starter,Donovan Peoples-Jones,NO,WR|W/R/T
10,10.3,AirBudGoldenReceiver,Starter,Travis Etienne,Jax,RB|W/R/T
10,19.0,AirBudGoldenReceiver,Starter,D'Onta Foreman,Cle,RB|W/R/T
10,9.7,AirBudGoldenReceiver,Starter,Dawson Knox,Buf,TE|W/R/T
10,7.5,AirBudGoldenReceiver,Starter,Michael Gallup,Was,WR|W/R/T
10,0.0,AirBudGoldenReceiver,Non-Starter,Alec Pierce,Ind,WR|W/R/T
10,7.7,AirBudGoldenReceiver,Non-Starter,Latavius Murray,Buf,RB|W/R/T
10,0.0,AirBudGoldenReceiver,Non-Starter,David Njoku,Cle,TE|W/R/T
10,7.5,AirBudGoldenReceiver,Starter,Miami Dolphins,Mia,DEF
11,24.28,AirBudGoldenReceiver,Starter,Derek Carr,NO,QB
11,17.1,AirBudGoldenReceiver,Starter,Donovan Peoples-Jones,NO,WR|W/R/T
11,7.1,AirBudGoldenReceiver,Starter,Michael Gallup,Was,WR|W/R/T
11,2.4,AirBudGoldenReceiver,Starter,D'Onta Foreman,Cle,RB|W/R/T
11,17.2,AirBudGoldenReceiver,Starter,Latavius Murray,Buf,RB|W/R/T
11,14.0,AirBudGoldenReceiver,Starter,Dawson Knox,Buf,TE|W/R/T
11,3.7,AirBudGoldenReceiver,Starter,David Njoku,Cle,TE|W/R/T
11,5.8,AirBudGoldenReceiver,Non-Starter,Alec Pierce,Ind,WR|W/R/T
11,0.0,AirBudGoldenReceiver,Non-Starter,Cooper Kupp,Sea,WR|W/R/T
11,0.0,AirBudGoldenReceiver,Non-Starter,Travis Etienne,Jax,RB|W/R/T
11,25.5,AirBudGoldenReceiver,Starter,Washington Commanders,Was,DEF
12,22.8,AirBudGoldenReceiver,Starter,Derek Carr,NO,QB
12,3.6,AirBudGoldenReceiver,Starter,Donovan Peoples-Jones,NO,WR|W/R/T
12,11.3,AirBudGoldenReceiver,Starter,Michael Gallup,Was,WR|W/R/T
12,11.3,AirBudGoldenReceiver,Starter,D'Onta Foreman,Cle,RB|W/R/T
12,0.3,AirBudGoldenReceiver,Starter,Travis Etienne,Jax,RB|W/R/T
12,3.7,AirBudGoldenReceiver,Starter,Dawson Knox,Buf,TE|W/R/T
12,10.8,AirBudGoldenReceiver,Starter,Latavius Murray,Buf,RB|W/R/T
12,13.9,AirBudGoldenReceiver,Non-Starter,David Njoku,Cle,TE|W/R/T
12,0.0,AirBudGoldenReceiver,Non-Starter,Alec Pierce,Ind,WR|W/R/T
12,0.0,AirBudGoldenReceiver,Non-Starter,Cooper Kupp,Sea,WR|W/R/T
12,10.0,AirBudGoldenReceiver,Starter,Washington Commanders,Was,DEF
13,16.0,AirBudGoldenReceiver,Starter,Derek Carr,NO,QB
13,13.4,AirBudGoldenReceiver,Starter,Donovan Peoples-Jones,NO,WR|W/R/T
13,18.3,AirBudGoldenReceiver,Starter,Michael Gallup,Was,WR|W/R/T
13,7.6,AirBudGoldenReceiver,Starter,Travis Etienne,Jax,RB|W/R/T
13,10.1,AirBudGoldenReceiver,Starter,Latavius Murray,Buf,RB|W/R/T
13,0.0,AirBudGoldenReceiver,Starter,Dawson Knox,Buf,TE|W/R/T
13,8.5,AirBudGoldenReceiver,Starter,Mack Hollins,NE,WR|W/R/T
13,0.0,AirBudGoldenReceiver,Non-Starter,David Njoku,Cle,TE|W/R/T
13,0.0,AirBudGoldenReceiver,Non-Starter,D'Onta Foreman,Cle,RB|W/R/T
13,0.0,AirBudGoldenReceiver,Non-Starter,Cooper Kupp,Sea,WR|W/R/T
13,13.0,AirBudGoldenReceiver,Starter,Washington Commanders,Was,DEF
14,-1.42,AirBudGoldenReceiver,Starter,Derek Carr,NO,QB
14,19.4,AirBudGoldenReceiver,Starter,Donovan Peoples-Jones,NO,WR|W/R/T
14,6.0,AirBudGoldenReceiver,Starter,Michael Gallup,Was,WR|W/R/T
14,3.2,AirBudGoldenReceiver,Starter,Travis Etienne,Jax,RB|W/R/T
14,6.1,AirBudGoldenReceiver,Starter,Latavius Murray,Buf,RB|W/R/T
14,18.7,AirBudGoldenReceiver,Starter,David Njoku,Cle,TE|W/R/T
14,8.5,AirBudGoldenReceiver,Starter,D'Onta Foreman,Cle,RB|W/R/T
14,14.1,AirBudGoldenReceiver,Non-Starter,Dawson Knox,Buf,TE|W/R/T
14,8.2,AirBudGoldenReceiver,Non-Starter,Mack Hollins,NE,WR|W/R/T
14,10.0,AirBudGoldenReceiver,Starter,Las Vegas Raiders,LV,DEF
14,0.0,AirBudGoldenReceiver,Non-Starter,Washington Commanders,Was,DEF
1,23.08,Breecetie Boys,Starter,Kirk Cousins,Atl,QB
1,30.1,Breecetie Boys,Starter,Davante Adams,LAR,WR|W/R/T
1,12.5,Breecetie Boys,Starter,Diontae Johnson,Cle,WR|W/R/T
1,26.5,Breecetie Boys,Starter,D'Andre Swift,Chi,RB|W/R/T
1,10.1,Breecetie Boys,Starter,Breece Hall,NYJ,RB|W/R/T
1,1.1,Breecetie Boys,Starter,Mike Gesicki,Cin,TE|W/R/T
1,1.8,Breecetie Boys,Starter,Darnell Mooney,Atl,WR|W/R/T
1,4.2,Breecetie Boys,Non-Starter,Tony Pollard,Ten,RB|W/R/T
1,-1.8,Breecetie Boys,Non-Starter,James Cook,Buf,RB|W/R/T
1,18.4,Breecetie Boys,Non-Starter,Jarvis Landry,NO,WR|W/R/T
1,16.0,Breecetie Boys,Starter,Los Angeles Chargers,LAC,DEF
2,4.84,Breecetie Boys,Starter,Kirk Cousins,Atl,QB
2,9.2,Breecetie Boys,Starter,Davante Adams,LAR,WR|W/R/T
2,13.7,Breecetie Boys,Starter,Diontae Johnson,Cle,WR|W/R/T
2,16.7,Breecetie Boys,Starter,D'Andre Swift,Chi,RB|W/R/T
2,13.0,Breecetie Boys,Starter,Breece Hall,NYJ,RB|W/R/T
2,12.7,Breecetie Boys,Starter,Logan Thomas,SF,TE|W/R/T
2,0.6,Breecetie Boys,Starter,Darnell Mooney,Atl,WR|W/R/T
2,6.5,Breecetie Boys,Non-Starter,Jarvis Landry,NO,WR|W/R/T
2,22.9,Breecetie Boys,Non-Starter,Curtis Samuel,Buf,WR|W/R/T
2,19.8,Breecetie Boys,Non-Starter,Tony Pollard,Ten,RB|W/R/T
2,4.0,Breecetie Boys,Starter,Los Angeles Chargers,LAC,DEF
3,22.3,Breecetie Boys,Starter,Kirk Cousins,Atl,QB
3,14.2,Breecetie Boys,Starter,Davante Adams,LAR,WR|W/R/T
3,16.4,Breecetie Boys,Starter,Diontae Johnson,Cle,WR|W/R/T
3,7.6,Breecetie Boys,Starter,D'Andre Swift,Chi,RB|W/R/T
3,10.5,Breecetie Boys,Starter,Tony Pollard,Ten,RB|W/R/T
3,4.5,Breecetie Boys,Starter,Gerald Everett,Chi,TE|W/R/T
3,13.1,Breecetie Boys,Starter,Curtis Samuel,Buf,WR|W/R/T
3,15.2,Breecetie Boys,Non-Starter,Breece Hall,NYJ,RB|W/R/T
3,4.3,Breecetie Boys,Non-Starter,Darnell Mooney,Atl,WR|W/R/T
3,4.2,Breecetie Boys,Non-Starter,Jarvis Landry,NO,WR|W/R/T
3,-1.0,Breecetie Boys,Starter,Los Angeles Chargers,LAC,DEF
4,12.92,Breecetie Boys,Starter,Kirk Cousins,Atl,QB
4,19.5,Breecetie Boys,Starter,Davante Adams,LAR,WR|W/R/T
4,4.2,Breecetie Boys,Starter,Diontae Johnson,Cle,WR|W/R/T
4,1.8,Breecetie Boys,Starter,Tony Pollard,Ten,RB|W/R/T
4,15.8,Breecetie Boys,Starter,Breece Hall,NYJ,RB|W/R/T
4,8.2,Breecetie Boys,Starter,Tyler Conklin,LAC,TE|W/R/T
4,7.8,Breecetie Boys,Starter,Curtis Samuel,Buf,WR|W/R/T
4,0.0,Breecetie Boys,Non-Starter,D'Andre Swift,Chi,RB|W/R/T
4,13.4,Breecetie Boys,Non-Starter,Darnell Mooney,Atl,WR|W/R/T
4,4.7,Breecetie Boys,Non-Starter,Jarvis Landry,NO,WR|W/R/T
4,11.5,Breecetie Boys,Starter,Los Angeles Chargers,LAC,DEF
5,22.24,Breecetie Boys,Starter,Kirk Cousins,Atl,QB
5,27.4,Breecetie Boys,Starter,Davante Adams,LAR,WR|W/R/T
5,11.0,Breecetie Boys,Starter,Diontae Johnson,Cle,WR|W/R/T
5,14.6,Breecetie Boys,Starter,Tony Pollard,Ten,RB|W/R/T
5,27.7,Breecetie Boys,Starter,Breece Hall,NYJ,RB|W/R/T
5,0.0,Breecetie Boys,Starter,Tyler Conklin,LAC,TE|W/R/T
5,12.2,Breecetie Boys,Starter,Curtis Samuel,Buf,WR|W/R/T
5,0.0,Breecetie Boys,Non-Starter,D'Andre Swift,Chi,RB|W/R/T
5,7.2,Breecetie Boys,Non-Starter,Darnell Mooney,Atl,WR|W/R/T
5,14.8,Breecetie Boys,Non-Starter,Kenneth Walker III,Sea,RB|W/R/T
5,3.5,Breecetie Boys,Starter,Los Angeles Chargers,LAC,DEF
6,20.5,Breecetie Boys,Starter,Kirk Cousins,Atl,QB
6,2.6,Breecetie Boys,Starter,Curtis Samuel,Buf,WR|W/R/T
6,13.8,Breecetie Boys,Starter,Darnell Mooney,Atl,WR|W/R/T
6,20.1,Breecetie Boys,Starter,Breece Hall,NYJ,RB|W/R/T
6,19.0,Breecetie Boys,Starter,Kenneth Walker III,Sea,RB|W/R/T
6,4.54,Breecetie Boys,Starter,Taysom Hill,NO,QB|TE|W/R/T
6,8.6,Breecetie Boys,Starter,Diontae Johnson,Cle,WR|W/R/T
6,7.2,Breecetie Boys,Non-Starter,Tony Pollard,Ten,RB|W/R/T
6,0.0,Breecetie Boys,Non-Starter,Davante Adams,LAR,WR|W/R/T
6,0.0,Breecetie Boys,Non-Starter,D'Andre Swift,Chi,RB|W/R/T
6,12.5,Breecetie Boys,Starter,Los Angeles Chargers,LAC,DEF
7,17.94,Breecetie Boys,Starter,Tua Tagovailoa,Mia,QB
7,17.5,Breecetie Boys,Starter,Davante Adams,LAR,WR|W/R/T
7,9.5,Breecetie Boys,Starter,Diontae Johnson,Cle,WR|W/R/T
7,13.2,Breecetie Boys,Starter,Breece Hall,NYJ,RB|W/R/T
7,28.7,Breecetie Boys,Starter,Kenneth Walker III,Sea,RB|W/R/T
7,10.12,Breecetie Boys,Starter,Taysom Hill,NO,QB|TE|W/R/T
7,12.9,Breecetie Boys,Starter,Tony Pollard,Ten,RB|W/R/T
7,12.9,Breecetie Boys,Non-Starter,Curtis Samuel,Buf,WR|W/R/T
7,0.0,Breecetie Boys,Non-Starter,D'Andre Swift,Chi,RB|W/R/T
7,8.3,Breecetie Boys,Non-Starter,Darnell Mooney,Atl,WR|W/R/T
7,7.0,Breecetie Boys,Starter,Los Angeles Chargers,LAC,DEF
8,35.18,Breecetie Boys,Starter,Tua Tagovailoa,Mia,QB
8,1.2,Breecetie Boys,Starter,Davante Adams,LAR,WR|W/R/T
8,8.5,Breecetie Boys,Starter,Diontae Johnson,Cle,WR|W/R/T
8,33.7,Breecetie Boys,Starter,Tony Pollard,Ten,RB|W/R/T
8,14.3,Breecetie Boys,Starter,D'Andre Swift,Chi,RB|W/R/T
8,8.28,Breecetie Boys,Starter,Taysom Hill,NO,QB|TE|W/R/T
8,12.2,Breecetie Boys,Starter,Kenneth Walker III,Sea,RB|W/R/T
8,10.9,Breecetie Boys,Non-Starter,Curtis Samuel,Buf,WR|W/R/T
8,12.0,Breecetie Boys,Non-Starter,Darnell Mooney,Atl,WR|W/R/T
8,0.0,Breecetie Boys,Non-Starter,Kadarius Toney,Cle,WR|W/R/T
8,10.5,Breecetie Boys,Starter,Atlanta Falcons,Atl,DEF
9,30.08,Breecetie Boys,Starter,Tua Tagovailoa,Mia,QB
9,36.6,Breecetie Boys,Starter,Davante Adams,LAR,WR|W/R/T
9,17.5,Breecetie Boys,Starter,Darnell Mooney,Atl,WR|W/R/T
9,8.0,Breecetie Boys,Starter,D'Andre Swift,Chi,RB|W/R/T
9,27.9,Breecetie Boys,Starter,Kenneth Walker III,Sea,RB|W/R/T
9,1.12,Breecetie Boys,Starter,Taysom Hill,NO,QB|TE|W/R/T
9,17.1,Breecetie Boys,Starter,Curtis Samuel,Buf,WR|W/R/T
9,0.0,Breecetie Boys,Non-Starter,Tony Pollard,Ten,RB|W/R/T
9,0.0,Breecetie Boys,Non-Starter,Diontae Johnson,Cle,WR|W/R/T
9,3.2,Breecetie Boys,Non-Starter,Kadarius Toney,Cle,WR|W/R/T
9,8.0,Breecetie Boys,Starter,Atlanta Falcons,Atl,DEF
10,29.4,Breecetie Boys,Starter,Tua Tagovailoa,Mia,QB
10,9.7,Breecetie Boys,Starter,Darnell Mooney,Atl,WR|W/R/T
10,10.3,Breecetie Boys,Starter,Diontae Johnson,Cle,WR|W/R/T
10,13.2,Breecetie Boys,Starter,Kenneth Walker III,Sea,RB|W/R/T
10,21.8,Breecetie Boys,Starter,Tony Pollard,Ten,RB|W/R/T
10,0.1,Breecetie Boys,Starter,Taysom Hill,NO,QB|TE|W/R/T
10,27.6,Breecetie Boys,Starter,Davante Adams,LAR,WR|W/R/T
10,8.2,Breecetie Boys,Non-Starter,D'Andre Swift,Chi,RB|W/R/T
10,6.0,Breecetie Boys,Non-Starter,Curtis Samuel,Buf,WR|W/R/T
10,19.0,Breecetie Boys,Non-Starter,Kadarius Toney,Cle,WR|W/R/T
10,6.0,Breecetie Boys,Starter,Atlanta Falcons,Atl,DEF
11,3.76,Breecetie Boys,Starter,Davis Mills,Hou,QB
11,12.9,Breecetie Boys,Starter,Darnell Mooney,Atl,WR|W/R/T
11,33.1,Breecetie Boys,Starter,Davante Adams,LAR,WR|W/R/T
11,36.9,Breecetie Boys,Starter,Tony Pollard,Ten,RB|W/R/T
11,12.2,Breecetie Boys,Starter,D'Andre Swift,Chi,RB|W/R/T
11,13.7,Breecetie Boys,Starter,Juwan Johnson,NO,TE|W/R/T
11,6.2,Breecetie Boys,Starter,Diontae Johnson,Cle,WR|W/R/T
11,0.0,Breecetie Boys,Non-Starter,Tua Tagovailoa,Mia,QB
11,0.0,Breecetie Boys,Non-Starter,Kenneth Walker III,Sea,RB|W/R/T
11,0.0,Breecetie Boys,Non-Starter,Kadarius Toney,Cle,WR|W/R/T
11,17.0,Breecetie Boys,Starter,Atlanta Falcons,Atl,DEF
12,17.96,Breecetie Boys,Starter,Tua Tagovailoa,Mia,QB
12,14.4,Breecetie Boys,Starter,Davante Adams,LAR,WR|W/R/T
12,1.3,Breecetie Boys,Starter,Curtis Samuel,Buf,WR|W/R/T
12,8.1,Breecetie Boys,Starter,Tony Pollard,Ten,RB|W/R/T
12,16.9,Breecetie Boys,Starter,Kenneth Walker III,Sea,RB|W/R/T
12,0.0,Breecetie Boys,Starter,Juwan Johnson,NO,TE|W/R/T
12,9.9,Breecetie Boys,Starter,Diontae Johnson,Cle,WR|W/R/T
12,0.0,Breecetie Boys,Non-Starter,Darnell Mooney,Atl,WR|W/R/T
12,10.3,Breecetie Boys,Non-Starter,D'Andre Swift,Chi,RB|W/R/T
12,0.0,Breecetie Boys,Non-Starter,Kadarius Toney,Cle,WR|W/R/T
12,4.0,Breecetie Boys,Starter,Atlanta Falcons,Atl,DEF
13,13.8,Breecetie Boys,Starter,Tua Tagovailoa,Mia,QB
13,37.7,Breecetie Boys,Starter,Davante Adams,LAR,WR|W/R/T
13,11.0,Breecetie Boys,Starter,Diontae Johnson,Cle,WR|W/R/T
13,24.6,Breecetie Boys,Starter,Tony Pollard,Ten,RB|W/R/T
13,3.6,Breecetie Boys,Starter,Kenneth Walker III,Sea,RB|W/R/T
13,14.5,Breecetie Boys,Starter,Greg Dulcich,NYG,TE|W/R/T
13,21.1,Breecetie Boys,Starter,D'Andre Swift,Chi,RB|W/R/T
13,14.6,Breecetie Boys,Non-Starter,Curtis Samuel,Buf,WR|W/R/T
13,16.8,Breecetie Boys,Non-Starter,Bam Knight,Ari,RB|W/R/T
13,12.5,Breecetie Boys,Non-Starter,Nico Collins,Hou,WR|W/R/T
13,2.5,Breecetie Boys,Starter,Atlanta Falcons,Atl,DEF
14,14.6,Breecetie Boys,Starter,Tua Tagovailoa,Mia,QB
14,10.1,Breecetie Boys,Starter,Davante Adams,LAR,WR|W/R/T
14,14.2,Breecetie Boys,Starter,Diontae Johnson,Cle,WR|W/R/T
14,22.2,Breecetie Boys,Starter,Tony Pollard,Ten,RB|W/R/T
14,6.9,Breecetie Boys,Starter,D'Andre Swift,Chi,RB|W/R/T
14,7.2,Breecetie Boys,Starter,Greg Dulcich,NYG,TE|W/R/T
14,15.7,Breecetie Boys,Starter,Bam Knight,Ari,RB|W/R/T
14,0.0,Breecetie Boys,Non-Starter,Nico Collins,Hou,WR|W/R/T
14,0.0,Breecetie Boys,Non-Starter,Kenneth Walker III,Sea,RB|W/R/T
14,0.0,Breecetie Boys,Non-Starter,Curtis Samuel,Buf,WR|W/R/T
14,12.0,Breecetie Boys,Starter,San Francisco 49ers,SF,DEF
15,22.06,Breecetie Boys,Starter,Tua Tagovailoa,Mia,QB
15,6.8,Breecetie Boys,Starter,Davante Adams,LAR,WR|W/R/T
15,20.0,Breecetie Boys,Starter,Diontae Johnson,Cle,WR|W/R/T
15,14.6,Breecetie Boys,Starter,Tony Pollard,Ten,RB|W/R/T
15,11.9,Breecetie Boys,Starter,Kenneth Walker III,Sea,RB|W/R/T
15,2.1,Breecetie Boys,Starter,Greg Dulcich,NYG,TE|W/R/T
15,2.3,Breecetie Boys,Starter,Bam Knight,Ari,RB|W/R/T
15,12.5,Breecetie Boys,Non-Starter,D'Andre Swift,Chi,RB|W/R/T
15,0.0,Breecetie Boys,Non-Starter,Nico Collins,Hou,WR|W/R/T
15,7.5,Breecetie Boys,Non-Starter,Curtis Samuel,Buf,WR|W/R/T
15,14.0,Breecetie Boys,Starter,San Francisco 49ers,SF,DEF
16,6.4,Breecetie Boys,Starter,Tua Tagovailoa,Mia,QB
16,3.5,Breecetie Boys,Starter,Davante Adams,LAR,WR|W/R/T
16,11.4,Breecetie Boys,Starter,Diontae Johnson,Cle,WR|W/R/T
16,12.5,Breecetie Boys,Starter,Kenneth Walker III,Sea,RB|W/R/T
16,3.5,Breecetie Boys,Starter,D'Andre Swift,Chi,RB|W/R/T
16,13.9,Breecetie Boys,Starter,Greg Dulcich,NYG,TE|W/R/T
16,14.0,Breecetie Boys,Starter,Tony Pollard,Ten,RB|W/R/T
16,2.3,Breecetie Boys,Non-Starter,Bam Knight,Ari,RB|W/R/T
16,0.0,Breecetie Boys,Non-Starter,Nico Collins,Hou,WR|W/R/T
16,16.4,Breecetie Boys,Non-Starter,Curtis Samuel,Buf,WR|W/R/T
16,11.0,Breecetie Boys,Starter,San Francisco 49ers,SF,DEF
17,0.0,Breecetie Boys,Starter,Tua Tagovailoa,Mia,QB
17,34.3,Breecetie Boys,Starter,Davante Adams,LAR,WR|W/R/T
17,5.5,Breecetie Boys,Starter,Diontae Johnson,Cle,WR|W/R/T
17,15.2,Breecetie Boys,Starter,Kenneth Walker III,Sea,RB|W/R/T
17,27.7,Breecetie Boys,Starter,D'Andre Swift,Chi,RB|W/R/T
17,0.0,Breecetie Boys,Starter,Greg Dulcich,NYG,TE|W/R/T
17,1.6,Breecetie Boys,Starter,Curtis Samuel,Buf,WR|W/R/T
17,0.0,Breecetie Boys,Non-Starter,Tony Pollard,Ten,RB|W/R/T
17,6.4,Breecetie Boys,Non-Starter,Bam Knight,Ari,RB|W/R/T
17,0.0,Breecetie Boys,Non-Starter,Nico Collins,Hou,WR|W/R/T
17,4.0,Breecetie Boys,Starter,San Francisco 49ers,SF,DEF
1,24.72,Chili Con Cussion,Starter,Jalen Hurts,Phi,QB
1,13.8,Chili Con Cussion,Starter,Terry McLaurin,Was,WR|W/R/T
1,15.2,Chili Con Cussion,Starter,Brandin Cooks,NO,WR|W/R/T
1,15.7,Chili Con Cussion,Starter,Christian McCaffrey,SF,RB|W/R/T
1,16.5,Chili Con Cussion,Starter,James Conner,Ari,RB|W/R/T
1,4.0,Chili Con Cussion,Starter,Hunter Henry,NE,TE|W/R/T
1,4.7,Chili Con Cussion,Starter,Amari Cooper,Buf,WR|W/R/T
1,3.6,Chili Con Cussion,Non-Starter,Alexander Mattison,Mia,RB|W/R/T
1,4.0,Chili Con Cussion,Non-Starter,Skyy Moore,SF,WR|W/R/T
1,0.0,Chili Con Cussion,Non-Starter,Brian Robinson,SF,RB|W/R/T
1,10.5,Chili Con Cussion,Starter,Indianapolis Colts,Ind,DEF
2,33.02,Chili Con Cussion,Starter,Jalen Hurts,Phi,QB
2,12.2,Chili Con Cussion,Starter,Terry McLaurin,Was,WR|W/R/T
2,9.4,Chili Con Cussion,Starter,Brandin Cooks,NO,WR|W/R/T
2,16.8,Chili Con Cussion,Starter,Christian McCaffrey,SF,RB|W/R/T
2,7.1,Chili Con Cussion,Starter,James Conner,Ari,RB|W/R/T
2,0.0,Chili Con Cussion,Starter,Hunter Henry,NE,TE|W/R/T
2,25.1,Chili Con Cussion,Starter,Amari Cooper,Buf,WR|W/R/T
2,4.4,Chili Con Cussion,Non-Starter,Alexander Mattison,Mia,RB|W/R/T
2,0.0,Chili Con Cussion,Non-Starter,Skyy Moore,SF,WR|W/R/T
2,0.0,Chili Con Cussion,Non-Starter,Brian Robinson,SF,RB|W/R/T
2,6.0,Chili Con Cussion,Starter,Indianapolis Colts,Ind,DEF
3,33.6,Chili Con Cussion,Starter,Jalen Hurts,Phi,QB
3,16.2,Chili Con Cussion,Starter,Terry McLaurin,Was,WR|W/R/T
3,4.2,Chili Con Cussion,Starter,Brandin Cooks,NO,WR|W/R/T
3,13.5,Chili Con Cussion,Starter,Christian McCaffrey,SF,RB|W/R/T
3,8.7,Chili Con Cussion,Starter,James Conner,Ari,RB|W/R/T
3,1.8,Chili Con Cussion,Starter,Hunter Henry,NE,TE|W/R/T
3,23.1,Chili Con Cussion,Starter,Amari Cooper,Buf,WR|W/R/T
3,11.4,Chili Con Cussion,Non-Starter,Alexander Mattison,Mia,RB|W/R/T
3,-2.0,Chili Con Cussion,Non-Starter,Skyy Moore,SF,WR|W/R/T
3,0.0,Chili Con Cussion,Non-Starter,Brian Robinson,SF,RB|W/R/T
3,9.0,Chili Con Cussion,Starter,Indianapolis Colts,Ind,DEF
4,11.96,Chili Con Cussion,Starter,Jalen Hurts,Phi,QB
4,3.5,Chili Con Cussion,Starter,Terry McLaurin,Was,WR|W/R/T
4,18.7,Chili Con Cussion,Starter,Brandin Cooks,NO,WR|W/R/T
4,25.8,Chili Con Cussion,Starter,Christian McCaffrey,SF,RB|W/R/T
4,10.7,Chili Con Cussion,Starter,James Conner,Ari,RB|W/R/T
4,3.3,Chili Con Cussion,Starter,Hunter Henry,NE,TE|W/R/T
4,1.9,Chili Con Cussion,Starter,Amari Cooper,Buf,WR|W/R/T
4,8.8,Chili Con Cussion,Non-Starter,Alexander Mattison,Mia,RB|W/R/T
4,5.1,Chili Con Cussion,Non-Starter,Skyy Moore,SF,WR|W/R/T
4,0.0,Chili Con Cussion,Non-Starter,Brian Robinson,SF,RB|W/R/T
4,6.0,Chili Con Cussion,Starter,Indianapolis Colts,Ind,DEF
5,27.66,Chili Con Cussion,Starter,Jalen Hurts,Phi,QB
5,12.6,Chili Con Cussion,Starter,Terry McLaurin,Was,WR|W/R/T
5,6.0,Chili Con Cussion,Starter,Brandin Cooks,NO,WR|W/R/T
5,23.4,Chili Con Cussion,Starter,Christian McCaffrey,SF,RB|W/R/T
5,7.3,Chili Con Cussion,Starter,James Conner,Ari,RB|W/R/T
5,9.4,Chili Con Cussion,Starter,Hunter Henry,NE,TE|W/R/T
5,20.6,Chili Con Cussion,Starter,Amari Cooper,Buf,WR|W/R/T
5,7.0,Chili Con Cussion,Non-Starter,Alexander Mattison,Mia,RB|W/R/T
5,3.5,Chili Con Cussion,Non-Starter,Skyy Moore,SF,WR|W/R/T
5,2.2,Chili Con Cussion,Non-Starter,Brian Robinson,SF,RB|W/R/T
5,17.5,Chili Con Cussion,Starter,Indianapolis Colts,Ind,DEF
6,20.9,Chili Con Cussion,Starter,Jalen Hurts,Phi,QB
6,8.2,Chili Con Cussion,Starter,Terry McLaurin,Was,WR|W/R/T
6,14.4,Chili Con Cussion,Starter,Amari Cooper,Buf,WR|W/R/T
6,22.8,Chili Con Cussion,Starter,Christian McCaffrey,SF,RB|W/R/T
6,0.3,Chili Con Cussion,Starter,Alexander Mattison,Mia,RB|W/R/T
6,16.1,Chili Con Cussion,Starter,Hunter Henry,NE,TE|W/R/T
6,2.9,Chili Con Cussion,Starter,Isaiah McKenzie,Mia,WR|W/R/T
6,0.0,Chili Con Cussion,Non-Starter,James Conner,Ari,RB|W/R/T
6,0.0,Chili Con Cussion,Non-Starter,Brandin Cooks,NO,WR|W/R/T
6,12.0,Chili Con Cussion,Non-Starter,Brian Robinson,SF,RB|W/R/T
6,11.5,Chili Con Cussion,Starter,Indianapolis Colts,Ind,DEF
7,14.06,Chili Con Cussion,Starter,Marcus Mariota,Was,QB
7,18.3,Chili Con Cussion,Starter,Terry McLaurin,Was,WR|W/R/T
7,10.4,Chili Con Cussion,Starter,Amari Cooper,Buf,WR|W/R/T
7,8.2,Chili Con Cussion,Starter,Christian McCaffrey,SF,RB|W/R/T
7,10.6,Chili Con Cussion,Starter,Brian Robinson,SF,RB|W/R/T
7,2.2,Chili Con Cussion,Starter,Hunter Henry,NE,TE|W/R/T
7,8.6,Chili Con Cussion,Starter,Brandin Cooks,NO,WR|W/R/T
7,0.0,Chili Con Cussion,Non-Starter,Jalen Hurts,Phi,QB
7,0.0,Chili Con Cussion,Non-Starter,Isaiah McKenzie,Mia,WR|W/R/T
7,0.0,Chili Con Cussion,Non-Starter,James Conner,Ari,RB|W/R/T
7,15.5,Chili Con Cussion,Starter,Baltimore Ravens,Bal,DEF
8,36.4,Chili Con Cussion,Starter,Jalen Hurts,Phi,QB
8,16.6,Chili Con Cussion,Starter,Terry McLaurin,Was,WR|W/R/T
8,20.1,Chili Con Cussion,Starter,Amari Cooper,Buf,WR|W/R/T
8,42.26,Chili Con Cussion,Starter,Christian McCaffrey,SF,RB|W/R/T
8,2.0,Chili Con Cussion,Starter,Brian Robinson,SF,RB|W/R/T
8,3.2,Chili Con Cussion,Starter,Hunter Henry,NE,TE|W/R/T
8,11.3,Chili Con Cussion,Starter,Brandin Cooks,NO,WR|W/R/T
8,8.0,Chili Con Cussion,Non-Starter,Isaiah McKenzie,Mia,WR|W/R/T
8,0.0,Chili Con Cussion,Non-Starter,James Conner,Ari,RB|W/R/T
8,14.2,Chili Con Cussion,Non-Starter,Melvin Gordon,Bal,RB|W/R/T
8,9.0,Chili Con Cussion,Starter,Baltimore Ravens,Bal,DEF
9,24.02,Chili Con Cussion,Starter,Jalen Hurts,Phi,QB
9,10.6,Chili Con Cussion,Starter,Terry McLaurin,Was,WR|W/R/T
9,4.1,Chili Con Cussion,Starter,Isaiah McKenzie,Mia,WR|W/R/T
9,5.8,Chili Con Cussion,Starter,Brian Robinson,SF,RB|W/R/T
9,11.4,Chili Con Cussion,Starter,James Conner,Ari,RB|W/R/T
9,9.0,Chili Con Cussion,Starter,Hunter Henry,NE,TE|W/R/T
9,0.0,Chili Con Cussion,Starter,Brandin Cooks,NO,WR|W/R/T
9,0.0,Chili Con Cussion,Non-Starter,Christian McCaffrey,SF,RB|W/R/T
9,0.0,Chili Con Cussion,Non-Starter,Amari Cooper,Buf,WR|W/R/T
9,0.0,Chili Con Cussion,Non-Starter,Melvin Gordon,Bal,RB|W/R/T
9,14.0,Chili Con Cussion,Starter,Baltimore Ravens,Bal,DEF
10,23.8,Chili Con Cussion,Starter,Jalen Hurts,Phi,QB
10,20.8,Chili Con Cussion,Starter,Terry McLaurin,Was,WR|W/R/T
10,6.2,Chili Con Cussion,Starter,Amari Cooper,Buf,WR|W/R/T
10,23.6,Chili Con Cussion,Starter,James Conner,Ari,RB|W/R/T
10,17.7,Chili Con Cussion,Starter,Christian McCaffrey,SF,RB|W/R/T
10,15.4,Chili Con Cussion,Starter,Juwan Johnson,NO,TE|W/R/T
10,8.2,Chili Con Cussion,Starter,Brandin Cooks,NO,WR|W/R/T
10,9.5,Chili Con Cussion,Non-Starter,Isaiah McKenzie,Mia,WR|W/R/T
10,14.6,Chili Con Cussion,Non-Starter,Brian Robinson,SF,RB|W/R/T
10,11.0,Chili Con Cussion,Non-Starter,Melvin Gordon,Bal,RB|W/R/T
10,5.0,Chili Con Cussion,Starter,Los Angeles Rams,LAR,DEF
11,26.2,Chili Con Cussion,Starter,Jalen Hurts,Phi,QB
11,9.6,Chili Con Cussion,Starter,Terry McLaurin,Was,WR|W/R/T
11,31.3,Chili Con Cussion,Starter,Amari Cooper,Buf,WR|W/R/T
11,13.4,Chili Con Cussion,Starter,James Conner,Ari,RB|W/R/T
11,17.6,Chili Con Cussion,Starter,Christian McCaffrey,SF,RB|W/R/T
11,4.3,Chili Con Cussion,Starter,Foster Moreau,NO,TE|W/R/T
11,10.0,Chili Con Cussion,Starter,Brandin Cooks,NO,WR|W/R/T
11,0.0,Chili Con Cussion,Non-Starter,Isaiah McKenzie,Mia,WR|W/R/T
11,5.7,Chili Con Cussion,Non-Starter,Brian Robinson,SF,RB|W/R/T
11,12.0,Chili Con Cussion,Non-Starter,Melvin Gordon,Bal,RB|W/R/T
11,9.0,Chili Con Cussion,Starter,Los Angeles Rams,LAR,DEF
12,33.82,Chili Con Cussion,Starter,Jalen Hurts,Phi,QB
12,9.3,Chili Con Cussion,Starter,Terry McLaurin,Was,WR|W/R/T
12,16.4,Chili Con Cussion,Starter,Amari Cooper,Buf,WR|W/R/T
12,21.0,Chili Con Cussion,Starter,James Conner,Ari,RB|W/R/T
12,8.9,Chili Con Cussion,Starter,Christian McCaffrey,SF,RB|W/R/T
12,12.3,Chili Con Cussion,Starter,Foster Moreau,NO,TE|W/R/T
12,11.1,Chili Con Cussion,Starter,Brandin Cooks,NO,WR|W/R/T
12,22.3,Chili Con Cussion,Non-Starter,Isaiah McKenzie,Mia,WR|W/R/T
12,20.5,Chili Con Cussion,Non-Starter,Brian Robinson,SF,RB|W/R/T
12,0.0,Chili Con Cussion,Non-Starter,Melvin Gordon,Bal,RB|W/R/T
12,7.0,Chili Con Cussion,Starter,Indianapolis Colts,Ind,DEF
13,40.4,Chili Con Cussion,Starter,Jalen Hurts,Phi,QB
13,24.5,Chili Con Cussion,Starter,Terry McLaurin,Was,WR|W/R/T
13,8.0,Chili Con Cussion,Starter,Amari Cooper,Buf,WR|W/R/T
13,28.6,Chili Con Cussion,Starter,Christian McCaffrey,SF,RB|W/R/T
13,13.1,Chili Con Cussion,Starter,Brian Robinson,SF,RB|W/R/T
13,4.2,Chili Con Cussion,Starter,Foster Moreau,NO,TE|W/R/T
13,2.7,Chili Con Cussion,Starter,Marvin Jones,Det,WR|W/R/T
13,0.0,Chili Con Cussion,Non-Starter,Brandin Cooks,NO,WR|W/R/T
13,0.0,Chili Con Cussion,Non-Starter,James Conner,Ari,RB|W/R/T
13,9.4,Chili Con Cussion,Non-Starter,Isaiah McKenzie,Mia,WR|W/R/T
13,12.0,Chili Con Cussion,Starter,Seattle Seahawks,Sea,DEF
14,34.38,Chili Con Cussion,Starter,Jalen Hurts,Phi,QB
14,6.2,Chili Con Cussion,Starter,Amari Cooper,Buf,WR|W/R/T
14,5.8,Chili Con Cussion,Starter,Isaiah McKenzie,Mia,WR|W/R/T
14,29.3,Chili Con Cussion,Starter,Christian McCaffrey,SF,RB|W/R/T
14,23.4,Chili Con Cussion,Starter,James Conner,Ari,RB|W/R/T
14,0.0,Chili Con Cussion,Starter,Foster Moreau,NO,TE|W/R/T
14,9.9,Chili Con Cussion,Starter,Robert Woods,Pit,WR|W/R/T
14,3.2,Chili Con Cussion,Non-Starter,Marvin Jones,Det,WR|W/R/T
14,0.0,Chili Con Cussion,Non-Starter,Terry McLaurin,Was,WR|W/R/T
14,0.0,Chili Con Cussion,Non-Starter,Brian Robinson,SF,RB|W/R/T
14,3.5,Chili Con Cussion,Starter,Seattle Seahawks,Sea,DEF
15,30.7,Chili Con Cussion,Starter,Jalen Hurts,Phi,QB
15,9.8,Chili Con Cussion,Starter,Amari Cooper,Buf,WR|W/R/T
15,13.0,Chili Con Cussion,Starter,Terry McLaurin,Was,WR|W/R/T
15,25.8,Chili Con Cussion,Starter,Christian McCaffrey,SF,RB|W/R/T
15,18.1,Chili Con Cussion,Starter,James Conner,Ari,RB|W/R/T
15,10.0,Chili Con Cussion,Starter,Chig Okonkwo,Ten,TE|W/R/T
15,11.7,Chili Con Cussion,Starter,Brian Robinson,SF,RB|W/R/T
15,4.4,Chili Con Cussion,Non-Starter,Isaiah McKenzie,Mia,WR|W/R/T
15,3.2,Chili Con Cussion,Non-Starter,Robert Woods,Pit,WR|W/R/T
15,9.7,Chili Con Cussion,Non-Starter,Marvin Jones,Det,WR|W/R/T
15,3.0,Chili Con Cussion,Starter,Seattle Seahawks,Sea,DEF
16,0.0,Chili Con Cussion,Starter,Jalen Hurts,Phi,QB
16,13.2,Chili Con Cussion,Starter,Amari Cooper,Buf,WR|W/R/T
16,17.7,Chili Con Cussion,Starter,Terry McLaurin,Was,WR|W/R/T
16,13.8,Chili Con Cussion,Starter,Christian McCaffrey,SF,RB|W/R/T
16,25.0,Chili Con Cussion,Starter,James Conner,Ari,RB|W/R/T
16,2.0,Chili Con Cussion,Starter,Chig Okonkwo,Ten,TE|W/R/T
16,7.0,Chili Con Cussion,Starter,Robert Woods,Pit,WR|W/R/T
16,5.8,Chili Con Cussion,Non-Starter,Brian Robinson,SF,RB|W/R/T
16,0.6,Chili Con Cussion,Non-Starter,Isaiah McKenzie,Mia,WR|W/R/T
16,4.5,Chili Con Cussion,Non-Starter,Marvin Jones,Det,WR|W/R/T
16,4.0,Chili Con Cussion,Starter,Seattle Seahawks,Sea,DEF
17,0.0,Chili Con Cussion,Starter,Jalen Hurts,Phi,QB
17,25.5,Chili Con Cussion,Starter,Amari Cooper,Buf,WR|W/R/T
17,5.7,Chili Con Cussion,Starter,Terry McLaurin,Was,WR|W/R/T
17,31.3,Chili Con Cussion,Starter,Christian McCaffrey,SF,RB|W/R/T
17,14.0,Chili Con Cussion,Starter,James Conner,Ari,RB|W/R/T
17,5.4,Chili Con Cussion,Starter,Chig Okonkwo,Ten,TE|W/R/T
17,14.9,Chili Con Cussion,Starter,Robert Woods,Pit,WR|W/R/T
17,8.7,Chili Con Cussion,Non-Starter,Brian Robinson,SF,RB|W/R/T
17,0.0,Chili Con Cussion,Non-Starter,Isaiah McKenzie,Mia,WR|W/R/T
17,12.1,Chili Con Cussion,Non-Starter,Marvin Jones,Det,WR|W/R/T
17,21.5,Chili Con Cussion,Starter,Seattle Seahawks,Sea,DEF
1,19.8,Hurricane Ian,Starter,Russell Wilson,NYG,QB
1,18.8,Hurricane Ian,Starter,Gabriel Davis,Jax,WR|W/R/T
1,6.6,Hurricane Ian,Starter,Adam Thielen,Car,WR|W/R/T
1,33.4,Hurricane Ian,Starter,Saquon Barkley,Phi,RB|W/R/T
1,4.1,Hurricane Ian,Starter,Elijah Mitchell,KC,RB|W/R/T
1,10.2,Hurricane Ian,Starter,Mark Andrews,Bal,TE|W/R/T
1,12.4,Hurricane Ian,Starter,Drake London,Atl,WR|W/R/T
1,11.6,Hurricane Ian,Non-Starter,Julio Jones,Phi,WR|W/R/T
1,11.3,Hurricane Ian,Non-Starter,Khalil Herbert,Ind,RB|W/R/T
1,12.2,Hurricane Ian,Non-Starter,Isiah Pacheco,KC,RB|W/R/T
1,18.0,Hurricane Ian,Starter,Tampa Bay Buccaneers,TB,DEF
2,11.06,Hurricane Ian,Starter,Russell Wilson,NYG,QB
2,9.2,Hurricane Ian,Starter,Adam Thielen,Car,WR|W/R/T
2,24.6,Hurricane Ian,Starter,Drake London,Atl,WR|W/R/T
2,11.8,Hurricane Ian,Starter,Saquon Barkley,Phi,RB|W/R/T
2,5.1,Hurricane Ian,Starter,Khalil Herbert,Ind,RB|W/R/T
2,25.7,Hurricane Ian,Starter,Mark Andrews,Bal,TE|W/R/T
2,0.0,Hurricane Ian,Starter,Gabriel Davis,Jax,WR|W/R/T
2,0.0,Hurricane Ian,Non-Starter,Julio Jones,Phi,WR|W/R/T
2,0.0,Hurricane Ian,Non-Starter,Elijah Mitchell,KC,RB|W/R/T
2,0.6,Hurricane Ian,Non-Starter,Isiah Pacheco,KC,RB|W/R/T
2,28.5,Hurricane Ian,Starter,Tampa Bay Buccaneers,TB,DEF
3,9.06,Hurricane Ian,Starter,Russell Wilson,NYG,QB
3,18.1,Hurricane Ian,Starter,Adam Thielen,Car,WR|W/R/T
3,14.4,Hurricane Ian,Starter,Drake London,Atl,WR|W/R/T
3,22.6,Hurricane Ian,Starter,Saquon Barkley,Phi,RB|W/R/T
3,30.9,Hurricane Ian,Starter,Khalil Herbert,Ind,RB|W/R/T
3,28.9,Hurricane Ian,Starter,Mark Andrews,Bal,TE|W/R/T
3,6.7,Hurricane Ian,Starter,Gabriel Davis,Jax,WR|W/R/T
3,0.0,Hurricane Ian,Non-Starter,Julio Jones,Phi,WR|W/R/T
3,0.9,Hurricane Ian,Non-Starter,Isiah Pacheco,KC,RB|W/R/T
3,0.0,Hurricane Ian,Non-Starter,Marlon Mack,Ari,RB|W/R/T
3,10.0,Hurricane Ian,Starter,Tampa Bay Buccaneers,TB,DEF
4,31.48,Hurricane Ian,Starter,Russell Wilson,NYG,QB
4,15.2,Hurricane Ian,Starter,Adam Thielen,Car,WR|W/R/T
4,3.7,Hurricane Ian,Starter,Drake London,Atl,WR|W/R/T
4,18.2,Hurricane Ian,Starter,Saquon Barkley,Phi,RB|W/R/T
4,11.1,Hurricane Ian,Starter,Khalil Herbert,Ind,RB|W/R/T
4,3.5,Hurricane Ian,Starter,Mark Andrews,Bal,TE|W/R/T
4,2.3,Hurricane Ian,Starter,Gabriel Davis,Jax,WR|W/R/T
4,1.7,Hurricane Ian,Non-Starter,Julio Jones,Phi,WR|W/R/T
4,6.3,Hurricane Ian,Non-Starter,Isiah Pacheco,KC,RB|W/R/T
4,0.0,Hurricane Ian,Non-Starter,Marlon Mack,Ari,RB|W/R/T
4,3.5,Hurricane Ian,Starter,Tampa Bay Buccaneers,TB,DEF
5,5.16,Hurricane Ian,Starter,Russell Wilson,NYG,QB
5,6.7,Hurricane Ian,Starter,Adam Thielen,Car,WR|W/R/T
5,7.5,Hurricane Ian,Starter,Drake London,Atl,WR|W/R/T
5,19.6,Hurricane Ian,Starter,Saquon Barkley,Phi,RB|W/R/T
5,1.1,Hurricane Ian,Starter,Khalil Herbert,Ind,RB|W/R/T
5,22.9,Hurricane Ian,Starter,Mark Andrews,Bal,TE|W/R/T
5,32.1,Hurricane Ian,Starter,Gabriel Davis,Jax,WR|W/R/T
5,0.0,Hurricane Ian,Non-Starter,Julio Jones,Phi,WR|W/R/T
5,0.0,Hurricane Ian,Non-Starter,Isiah Pacheco,KC,RB|W/R/T
5,0.0,Hurricane Ian,Non-Starter,Marlon Mack,Ari,RB|W/R/T
5,10.0,Hurricane Ian,Starter,Tampa Bay Buccaneers,TB,DEF
6,4.16,Hurricane Ian,Starter,Carson Wentz,Min,QB
6,15.6,Hurricane Ian,Starter,Adam Thielen,Car,WR|W/R/T
6,7.0,Hurricane Ian,Starter,Drake London,Atl,WR|W/R/T
6,18.5,Hurricane Ian,Starter,Saquon Barkley,Phi,RB|W/R/T
6,0.3,Hurricane Ian,Starter,Tevin Coleman,SF,RB|W/R/T
6,23.6,Hurricane Ian,Starter,Mark Andrews,Bal,TE|W/R/T
6,16.4,Hurricane Ian,Starter,Gabriel Davis,Jax,WR|W/R/T
6,7.4,Hurricane Ian,Non-Starter,Khalil Herbert,Ind,RB|W/R/T
6,15.82,Hurricane Ian,Non-Starter,Russell Wilson,NYG,QB
6,0.0,Hurricane Ian,Non-Starter,Julio Jones,Phi,WR|W/R/T
6,8.0,Hurricane Ian,Starter,Tampa Bay Buccaneers,TB,DEF
7,18.32,Hurricane Ian,Starter,Jimmy Garoppolo,LAR,QB
7,1.9,Hurricane Ian,Starter,Drake London,Atl,WR|W/R/T
7,11.0,Hurricane Ian,Starter,Wan'Dale Robinson,NYG,WR|W/R/T
7,17.5,Hurricane Ian,Starter,Saquon Barkley,Phi,RB|W/R/T
7,15.7,Hurricane Ian,Starter,Khalil Herbert,Ind,RB|W/R/T
7,0.4,Hurricane Ian,Starter,Mark Andrews,Bal,TE|W/R/T
7,9.3,Hurricane Ian,Starter,Nyheim Miller-Hines,LAC,RB|W/R/T
7,0.0,Hurricane Ian,Non-Starter,Russell Wilson,NYG,QB
7,0.0,Hurricane Ian,Non-Starter,Gabriel Davis,Jax,WR|W/R/T
7,0.0,Hurricane Ian,Non-Starter,Adam Thielen,Car,WR|W/R/T
7,6.0,Hurricane Ian,Starter,Tampa Bay Buccaneers,TB,DEF
8,21.7,Hurricane Ian,Starter,Jimmy Garoppolo,LAR,QB
8,7.1,Hurricane Ian,Starter,Drake London,Atl,WR|W/R/T
8,5.5,Hurricane Ian,Starter,Gabriel Davis,Jax,WR|W/R/T
8,15.2,Hurricane Ian,Starter,Saquon Barkley,Phi,RB|W/R/T
8,12.9,Hurricane Ian,Starter,Nyheim Miller-Hines,LAC,RB|W/R/T
8,6.3,Hurricane Ian,Starter,Mark Andrews,Bal,TE|W/R/T
8,12.7,Hurricane Ian,Starter,Adam Thielen,Car,WR|W/R/T
8,15.9,Hurricane Ian,Non-Starter,Khalil Herbert,Ind,RB|W/R/T
8,3.5,Hurricane Ian,Non-Starter,Wan'Dale Robinson,NYG,WR|W/R/T
8,13.78,Hurricane Ian,Non-Starter,Russell Wilson,NYG,QB
8,9.5,Hurricane Ian,Starter,Tampa Bay Buccaneers,TB,DEF
9,12.5,Hurricane Ian,Starter,Matthew Stafford,LAR,QB
9,3.3,Hurricane Ian,Starter,Drake London,Atl,WR|W/R/T
9,5.3,Hurricane Ian,Starter,Gabriel Davis,Jax,WR|W/R/T
9,0.0,Hurricane Ian,Starter,Nyheim Miller-Hines,LAC,RB|W/R/T
9,2.3,Hurricane Ian,Starter,Khalil Herbert,Ind,RB|W/R/T
9,1.7,Hurricane Ian,Starter,Tyler Conklin,LAC,TE|W/R/T
9,9.7,Hurricane Ian,Starter,Adam Thielen,Car,WR|W/R/T
9,0.0,Hurricane Ian,Non-Starter,Mark Andrews,Bal,TE|W/R/T
9,0.0,Hurricane Ian,Non-Starter,Saquon Barkley,Phi,RB|W/R/T
9,0.0,Hurricane Ian,Non-Starter,Russell Wilson,NYG,QB
9,16.0,Hurricane Ian,Starter,Tampa Bay Buccaneers,TB,DEF
10,14.24,Hurricane Ian,Starter,Russell Wilson,NYG,QB
10,14.8,Hurricane Ian,Starter,Drake London,Atl,WR|W/R/T
10,21.3,Hurricane Ian,Starter,Gabriel Davis,Jax,WR|W/R/T
10,5.7,Hurricane Ian,Starter,Khalil Herbert,Ind,RB|W/R/T
10,23.0,Hurricane Ian,Starter,Saquon Barkley,Phi,RB|W/R/T
10,6.5,Hurricane Ian,Starter,Cade Otton,TB,TE|W/R/T
10,9.9,Hurricane Ian,Starter,Adam Thielen,Car,WR|W/R/T
10,0.0,Hurricane Ian,Non-Starter,Matthew Stafford,LAR,QB
10,1.9,Hurricane Ian,Non-Starter,Nyheim Miller-Hines,LAC,RB|W/R/T
10,0.0,Hurricane Ian,Non-Starter,Mark Andrews,Bal,TE|W/R/T
10,8.5,Hurricane Ian,Starter,Tampa Bay Buccaneers,TB,DEF
11,10.68,Hurricane Ian,Starter,Russell Wilson,NYG,QB
11,7.2,Hurricane Ian,Starter,Drake London,Atl,WR|W/R/T
11,11.8,Hurricane Ian,Starter,Gabriel Davis,Jax,WR|W/R/T
11,5.5,Hurricane Ian,Starter,Saquon Barkley,Phi,RB|W/R/T
11,-0.8,Hurricane Ian,Starter,Nyheim Miller-Hines,LAC,RB|W/R/T
11,12.3,Hurricane Ian,Starter,Mark Andrews,Bal,TE|W/R/T
11,4.5,Hurricane Ian,Starter,Adam Thielen,Car,WR|W/R/T
11,0.0,Hurricane Ian,Non-Starter,Cade Otton,TB,TE|W/R/T
11,18.76,Hurricane Ian,Non-Starter,Matthew Stafford,LAR,QB
11,9.0,Hurricane Ian,Starter,New Orleans Saints,NO,DEF
11,0.0,Hurricane Ian,Non-Starter,Tampa Bay Buccaneers,TB,DEF
12,10.48,Hurricane Ian,Starter,Russell Wilson,NYG,QB
12,4.9,Hurricane Ian,Starter,Drake London,Atl,WR|W/R/T
12,7.8,Hurricane Ian,Starter,Gabriel Davis,Jax,WR|W/R/T
12,15.2,Hurricane Ian,Starter,Saquon Barkley,Phi,RB|W/R/T
12,0.3,Hurricane Ian,Starter,Nyheim Miller-Hines,LAC,RB|W/R/T
12,11.0,Hurricane Ian,Starter,Mark Andrews,Bal,TE|W/R/T
12,21.1,Hurricane Ian,Starter,Adam Thielen,Car,WR|W/R/T
12,0.0,Hurricane Ian,Non-Starter,Cade Otton,TB,TE|W/R/T
12,0.0,Hurricane Ian,Non-Starter,Matthew Stafford,LAR,QB
12,11.0,Hurricane Ian,Starter,Tampa Bay Buccaneers,TB,DEF
12,8.0,Hurricane Ian,Non-Starter,New Orleans Saints,NO,DEF
13,9.66,Hurricane Ian,Starter,Russell Wilson,NYG,QB
13,15.5,Hurricane Ian,Starter,Drake London,Atl,WR|W/R/T
13,9.5,Hurricane Ian,Starter,Gabriel Davis,Jax,WR|W/R/T
13,19.1,Hurricane Ian,Starter,Saquon Barkley,Phi,RB|W/R/T
13,3.0,Hurricane Ian,Starter,Raheem Mostert,LV,RB|W/R/T
13,9.4,Hurricane Ian,Starter,Mark Andrews,Bal,TE|W/R/T
13,4.7,Hurricane Ian,Starter,Adam Thielen,Car,WR|W/R/T
13,2.8,Hurricane Ian,Non-Starter,Nyheim Miller-Hines,LAC,RB|W/R/T
13,14.8,Hurricane Ian,Non-Starter,Cade Otton,TB,TE|W/R/T
13,0.0,Hurricane Ian,Non-Starter,Matthew Stafford,LAR,QB
13,7.0,Hurricane Ian,Starter,Tampa Bay Buccaneers,TB,DEF
14,27.58,Hurricane Ian,Starter,Russell Wilson,NYG,QB
14,6.1,Hurricane Ian,Starter,Gabriel Davis,Jax,WR|W/R/T
14,10.2,Hurricane Ian,Starter,Demarcus Robinson,SF,WR|W/R/T
14,6.8,Hurricane Ian,Starter,Saquon Barkley,Phi,RB|W/R/T
14,5.4,Hurricane Ian,Starter,Raheem Mostert,LV,RB|W/R/T
14,3.7,Hurricane Ian,Starter,Mark Andrews,Bal,TE|W/R/T
14,19.5,Hurricane Ian,Starter,Adam Thielen,Car,WR|W/R/T
14,0.0,Hurricane Ian,Non-Starter,Drake London,Atl,WR|W/R/T
14,1.7,Hurricane Ian,Non-Starter,Nyheim Miller-Hines,LAC,RB|W/R/T
14,6.8,Hurricane Ian,Non-Starter,Cade Otton,TB,TE|W/R/T
14,1.5,Hurricane Ian,Starter,Tampa Bay Buccaneers,TB,DEF
1,7.96,Hells Wells,Starter,Trey Lance,LAC,QB
1,18.0,Hells Wells,Starter,Tyreek Hill,Mia,WR|W/R/T
1,11.9,Hells Wells,Starter,JuJu Smith-Schuster,KC,WR|W/R/T
1,10.6,Hells Wells,Starter,Najee Harris,LAC,RB|W/R/T
1,0.0,Hells Wells,Starter,Cam Akers,NO,RB|W/R/T
1,8.9,Hells Wells,Starter,Tyler Higbee,LAR,TE|W/R/T
1,18.5,Hells Wells,Starter,Miles Sanders,Dal,RB|W/R/T
1,22.7,Hells Wells,Non-Starter,Michael Thomas,NO,WR|W/R/T
1,8.1,Hells Wells,Non-Starter,Marquez Valdes-Scantling,Sea,WR|W/R/T
1,5.6,Hells Wells,Non-Starter,Kenyan Drake,Bal,RB|W/R/T
1,4.0,Hells Wells,Starter,Green Bay Packers,GB,DEF
2,31.78,Hells Wells,Starter,Carson Wentz,Min,QB
2,42.0,Hells Wells,Starter,Tyreek Hill,Mia,WR|W/R/T
2,18.5,Hells Wells,Starter,Michael Thomas,NO,WR|W/R/T
2,13.9,Hells Wells,Starter,Najee Harris,LAC,RB|W/R/T
2,8.2,Hells Wells,Starter,Cam Akers,NO,RB|W/R/T
2,14.1,Hells Wells,Starter,Tyler Higbee,LAR,TE|W/R/T
2,11.6,Hells Wells,Starter,Miles Sanders,Dal,RB|W/R/T
2,4.0,Hells Wells,Non-Starter,JuJu Smith-Schuster,KC,WR|W/R/T
2,0.8,Hells Wells,Non-Starter,Kenyan Drake,Bal,RB|W/R/T
2,4.2,Hells Wells,Non-Starter,Robbie Chosen,SF,WR|W/R/T
2,-1.5,Hells Wells,Starter,Miami Dolphins,Mia,DEF
3,8.64,Hells Wells,Starter,Carson Wentz,Min,QB
3,5.3,Hells Wells,Starter,Tyreek Hill,Mia,WR|W/R/T
3,9.9,Hells Wells,Starter,Michael Thomas,NO,WR|W/R/T
3,13.1,Hells Wells,Starter,Najee Harris,LAC,RB|W/R/T
3,10.1,Hells Wells,Starter,Cam Akers,NO,RB|W/R/T
3,10.1,Hells Wells,Starter,Tyler Higbee,LAR,TE|W/R/T
3,5.4,Hells Wells,Starter,Miles Sanders,Dal,RB|W/R/T
3,2.4,Hells Wells,Non-Starter,Robbie Chosen,SF,WR|W/R/T
3,10.4,Hells Wells,Non-Starter,Noah Brown,Was,WR|W/R/T
3,4.3,Hells Wells,Non-Starter,Eno Benjamin,NO,RB|W/R/T
3,11.0,Hells Wells,Starter,Miami Dolphins,Mia,DEF
4,5.3,Hells Wells,Starter,Carson Wentz,Min,QB
4,25.9,Hells Wells,Starter,Tyreek Hill,Mia,WR|W/R/T
4,9.1,Hells Wells,Starter,Noah Brown,Was,WR|W/R/T
4,7.4,Hells Wells,Starter,Najee Harris,LAC,RB|W/R/T
4,1.3,Hells Wells,Starter,Cam Akers,NO,RB|W/R/T
4,17.3,Hells Wells,Starter,Tyler Higbee,LAR,TE|W/R/T
4,29.6,Hells Wells,Starter,Miles Sanders,Dal,RB|W/R/T
4,0.0,Hells Wells,Non-Starter,Michael Thomas,NO,WR|W/R/T
4,5.6,Hells Wells,Non-Starter,Robbie Chosen,SF,WR|W/R/T
4,5.5,Hells Wells,Non-Starter,Eno Benjamin,NO,RB|W/R/T
4,12.5,Hells Wells,Starter,Jacksonville Jaguars,Jax,DEF
5,30.02,Hells Wells,Starter,Geno Smith,LV,QB
5,13.0,Hells Wells,Starter,Tyreek Hill,Mia,WR|W/R/T
5,1.5,Hells Wells,Starter,Noah Brown,Was,WR|W/R/T
5,6.6,Hells Wells,Starter,Najee Harris,LAC,RB|W/R/T
5,3.3,Hells Wells,Starter,Cam Akers,NO,RB|W/R/T
5,11.6,Hells Wells,Starter,Tyler Higbee,LAR,TE|W/R/T
5,8.4,Hells Wells,Starter,Miles Sanders,Dal,RB|W/R/T
5,0.0,Hells Wells,Non-Starter,Michael Thomas,NO,WR|W/R/T
5,4.2,Hells Wells,Non-Starter,Robbie Chosen,SF,WR|W/R/T
5,14.3,Hells Wells,Non-Starter,Eno Benjamin,NO,RB|W/R/T
5,8.5,Hells Wells,Starter,Jacksonville Jaguars,Jax,DEF
6,12.68,Hells Wells,Starter,Geno Smith,LV,QB
6,29.7,Hells Wells,Starter,Tyreek Hill,Mia,WR|W/R/T
6,0.0,Hells Wells,Starter,Robbie Chosen,SF,WR|W/R/T
6,12.9,Hells Wells,Starter,Najee Harris,LAC,RB|W/R/T
6,9.5,Hells Wells,Starter,Eno Benjamin,NO,RB|W/R/T
6,1.7,Hells Wells,Starter,Tyler Higbee,LAR,TE|W/R/T
6,14.2,Hells Wells,Starter,Miles Sanders,Dal,RB|W/R/T
6,0.0,Hells Wells,Non-Starter,Michael Thomas,NO,WR|W/R/T
6,0.0,Hells Wells,Non-Starter,Cam Akers,NO,RB|W/R/T
6,2.0,Hells Wells,Non-Starter,Noah Brown,Was,WR|W/R/T
6,1.0,Hells Wells,Starter,Jacksonville Jaguars,Jax,DEF
7,15.1,Hells Wells,Starter,Geno Smith,LV,QB
7,14.2,Hells Wells,Starter,Tyreek Hill,Mia,WR|W/R/T
7,8.0,Hells Wells,Starter,Noah Brown,Was,WR|W/R/T
7,11.0,Hells Wells,Starter,Najee Harris,LAC,RB|W/R/T
7,23.3,Hells Wells,Starter,Eno Benjamin,NO,RB|W/R/T
7,0.0,Hells Wells,Starter,Tyler Higbee,LAR,TE|W/R/T
7,6.1,Hells Wells,Starter,Olamide Zaccheaus,Chi,WR|W/R/T
7,0.0,Hells Wells,Non-Starter,Miles Sanders,Dal,RB|W/R/T
7,0.0,Hells Wells,Non-Starter,Michael Thomas,NO,WR|W/R/T
7,0.0,Hells Wells,Non-Starter,Cam Akers,NO,RB|W/R/T
7,3.0,Hells Wells,Starter,Jacksonville Jaguars,Jax,DEF
8,23.08,Hells Wells,Starter,Geno Smith,LV,QB
8,31.5,Hells Wells,Starter,Tyreek Hill,Mia,WR|W/R/T
8,9.1,Hells Wells,Starter,Parris Campbell,Phi,WR|W/R/T
8,11.96,Hells Wells,Starter,Najee Harris,LAC,RB|W/R/T
8,13.8,Hells Wells,Starter,Miles Sanders,Dal,RB|W/R/T
8,3.5,Hells Wells,Starter,Tyler Higbee,LAR,TE|W/R/T
8,8.5,Hells Wells,Starter,Eno Benjamin,NO,RB|W/R/T
8,0.0,Hells Wells,Non-Starter,Michael Thomas,NO,WR|W/R/T
8,0.0,Hells Wells,Non-Starter,Cam Akers,NO,RB|W/R/T
8,1.0,Hells Wells,Non-Starter,Dare Ogunbowale,Hou,RB|W/R/T
8,19.5,Hells Wells,Starter,Seattle Seahawks,Sea,DEF
9,20.8,Hells Wells,Starter,Geno Smith,LV,QB
9,27.3,Hells Wells,Starter,Tyreek Hill,Mia,WR|W/R/T
9,3.6,Hells Wells,Starter,Parris Campbell,Phi,WR|W/R/T
9,15.3,Hells Wells,Starter,Miles Sanders,Dal,RB|W/R/T
9,16.2,Hells Wells,Starter,Jeff Wilson,SF,RB|W/R/T
9,0.0,Hells Wells,Starter,Tyler Higbee,LAR,TE|W/R/T
9,3.7,Hells Wells,Starter,Eno Benjamin,NO,RB|W/R/T
9,0.0,Hells Wells,Non-Starter,Najee Harris,LAC,RB|W/R/T
9,0.3,Hells Wells,Non-Starter,Cam Akers,NO,RB|W/R/T
9,3.7,Hells Wells,Non-Starter,Mack Hollins,NE,WR|W/R/T
9,14.0,Hells Wells,Starter,Seattle Seahawks,Sea,DEF
10,23.2,Hells Wells,Starter,Geno Smith,LV,QB
10,15.4,Hells Wells,Starter,Tyreek Hill,Mia,WR|W/R/T
10,3.8,Hells Wells,Starter,Mack Hollins,NE,WR|W/R/T
10,5.4,Hells Wells,Starter,Miles Sanders,Dal,RB|W/R/T
10,22.3,Hells Wells,Starter,Jeff Wilson,SF,RB|W/R/T
10,15.3,Hells Wells,Starter,Tyler Higbee,LAR,TE|W/R/T
10,9.9,Hells Wells,Starter,Najee Harris,LAC,RB|W/R/T
10,20.6,Hells Wells,Non-Starter,Parris Campbell,Phi,WR|W/R/T
10,0.0,Hells Wells,Non-Starter,Eno Benjamin,NO,RB|W/R/T
10,2.2,Hells Wells,Non-Starter,Cam Akers,NO,RB|W/R/T
10,5.5,Hells Wells,Starter,Seattle Seahawks,Sea,DEF
11,8.62,Hells Wells,Starter,Matt Ryan,Ind,QB
11,11.7,Hells Wells,Starter,Parris Campbell,Phi,WR|W/R/T
11,4.8,Hells Wells,Starter,Nick Westbrook-Ikhine,Mia,WR|W/R/T
11,5.8,Hells Wells,Starter,Miles Sanders,Dal,RB|W/R/T
11,5.9,Hells Wells,Starter,Elijah Mitchell,KC,RB|W/R/T
11,8.5,Hells Wells,Starter,Tyler Higbee,LAR,TE|W/R/T
11,27.6,Hells Wells,Starter,Najee Harris,LAC,RB|W/R/T
11,0.0,Hells Wells,Non-Starter,Jeff Wilson,SF,RB|W/R/T
11,0.0,Hells Wells,Non-Starter,Tyreek Hill,Mia,WR|W/R/T
11,0.0,Hells Wells,Non-Starter,Eno Benjamin,NO,RB|W/R/T
11,-1.5,Hells Wells,Starter,Arizona Cardinals,Ari,DEF
12,30.94,Hells Wells,Starter,Trevor Lawrence,Jax,QB
12,3.4,Hells Wells,Starter,Parris Campbell,Phi,WR|W/R/T
12,15.0,Hells Wells,Starter,Tyreek Hill,Mia,WR|W/R/T
12,31.0,Hells Wells,Starter,Miles Sanders,Dal,RB|W/R/T
12,12.2,Hells Wells,Starter,Jeff Wilson,SF,RB|W/R/T
12,0.0,Hells Wells,Starter,Tyler Higbee,LAR,TE|W/R/T
12,10.9,Hells Wells,Starter,Najee Harris,LAC,RB|W/R/T
12,6.3,Hells Wells,Non-Starter,Elijah Mitchell,KC,RB|W/R/T
12,9.8,Hells Wells,Non-Starter,Nick Westbrook-Ikhine,Mia,WR|W/R/T
12,0.0,Hells Wells,Non-Starter,Eno Benjamin,NO,RB|W/R/T
12,14.5,Hells Wells,Starter,Carolina Panthers,Car,DEF
13,18.36,Hells Wells,Starter,Trevor Lawrence,Jax,QB
13,29.6,Hells Wells,Starter,Tyreek Hill,Mia,WR|W/R/T
13,2.4,Hells Wells,Starter,DeAndre Carter,Cle,WR|W/R/T
13,11.8,Hells Wells,Starter,Miles Sanders,Dal,RB|W/R/T
13,0.3,Hells Wells,Starter,Jeff Wilson,SF,RB|W/R/T
13,3.4,Hells Wells,Starter,Tyler Higbee,LAR,TE|W/R/T
13,10.2,Hells Wells,Starter,Najee Harris,LAC,RB|W/R/T
13,1.4,Hells Wells,Non-Starter,Nick Westbrook-Ikhine,Mia,WR|W/R/T
13,0.0,Hells Wells,Non-Starter,Eno Benjamin,NO,RB|W/R/T
13,5.1,Hells Wells,Non-Starter,Jordan Mason,Min,RB|W/R/T
13,6.0,Hells Wells,Starter,Minnesota Vikings,Min,DEF
14,39.42,Hells Wells,Starter,Trevor Lawrence,Jax,QB
14,24.1,Hells Wells,Starter,Tyreek Hill,Mia,WR|W/R/T
14,1.0,Hells Wells,Starter,DeAndre Carter,Cle,WR|W/R/T
14,28.5,Hells Wells,Starter,Miles Sanders,Dal,RB|W/R/T
14,2.6,Hells Wells,Starter,Jeff Wilson,SF,RB|W/R/T
14,3.1,Hells Wells,Starter,Tyler Higbee,LAR,TE|W/R/T
14,13.0,Hells Wells,Starter,Najee Harris,LAC,RB|W/R/T
14,11.3,Hells Wells,Non-Starter,Nick Westbrook-Ikhine,Mia,WR|W/R/T
14,0.1,Hells Wells,Non-Starter,Eno Benjamin,NO,RB|W/R/T
14,5.6,Hells Wells,Non-Starter,Jordan Mason,Min,RB|W/R/T
14,23.5,Hells Wells,Starter,New England Patriots,NE,DEF
1,2.46,imdrunkrightnow,Starter,Dak Prescott,Dal,QB
1,4.9,imdrunkrightnow,Starter,CeeDee Lamb,Dal,WR|W/R/T
1,20.4,imdrunkrightnow,Starter,Amon-Ra St. Brown,Det,WR|W/R/T
1,21.5,imdrunkrightnow,Starter,Joe Mixon,Hou,RB|W/R/T
1,22.6,imdrunkrightnow,Starter,Cordarrelle Patterson,Pit,RB|W/R/T
1,11.9,imdrunkrightnow,Starter,Darren Waller,Mia,TE|W/R/T
1,2.3,imdrunkrightnow,Starter,Kadarius Toney,Cle,WR|W/R/T
1,3.3,imdrunkrightnow,Non-Starter,Russell Gage,SF,WR|W/R/T
1,8.5,imdrunkrightnow,Non-Starter,Treylon Burks,Ten,WR|W/R/T
1,12.0,imdrunkrightnow,Non-Starter,Rex Burkhead,Hou,RB|W/R/T
1,31.5,imdrunkrightnow,Starter,Pittsburgh Steelers,Pit,DEF
2,-4.2,imdrunkrightnow,Starter,Matt Ryan,Ind,QB
2,15.1,imdrunkrightnow,Starter,CeeDee Lamb,Dal,WR|W/R/T
2,39.4,imdrunkrightnow,Starter,Amon-Ra St. Brown,Det,WR|W/R/T
2,11.3,imdrunkrightnow,Starter,Joe Mixon,Hou,RB|W/R/T
2,4.1,imdrunkrightnow,Starter,Cordarrelle Patterson,Pit,RB|W/R/T
2,17.0,imdrunkrightnow,Starter,Darren Waller,Mia,TE|W/R/T
2,2.9,imdrunkrightnow,Starter,Rex Burkhead,Hou,RB|W/R/T
2,1.4,imdrunkrightnow,Non-Starter,Taysom Hill,NO,QB|TE|W/R/T
2,2.0,imdrunkrightnow,Non-Starter,Kadarius Toney,Cle,WR|W/R/T
2,8.7,imdrunkrightnow,Non-Starter,Treylon Burks,Ten,WR|W/R/T
2,4.5,imdrunkrightnow,Starter,Pittsburgh Steelers,Pit,DEF
3,13.88,imdrunkrightnow,Starter,Jared Goff,Det,QB
3,22.7,imdrunkrightnow,Starter,CeeDee Lamb,Dal,WR|W/R/T
3,13.3,imdrunkrightnow,Starter,Amon-Ra St. Brown,Det,WR|W/R/T
3,6.8,imdrunkrightnow,Starter,Joe Mixon,Hou,RB|W/R/T
3,22.3,imdrunkrightnow,Starter,Cordarrelle Patterson,Pit,RB|W/R/T
3,5.2,imdrunkrightnow,Starter,Darren Waller,Mia,TE|W/R/T
3,3.1,imdrunkrightnow,Starter,Treylon Burks,Ten,WR|W/R/T
3,7.0,imdrunkrightnow,Non-Starter,Rex Burkhead,Hou,RB|W/R/T
3,0.0,imdrunkrightnow,Non-Starter,Taysom Hill,NO,QB|TE|W/R/T
3,0.0,imdrunkrightnow,Non-Starter,Kadarius Toney,Cle,WR|W/R/T
3,5.0,imdrunkrightnow,Starter,Pittsburgh Steelers,Pit,DEF
4,37.22,imdrunkrightnow,Starter,Jared Goff,Det,QB
4,21.7,imdrunkrightnow,Starter,CeeDee Lamb,Dal,WR|W/R/T
4,3.8,imdrunkrightnow,Starter,Treylon Burks,Ten,WR|W/R/T
4,17.4,imdrunkrightnow,Starter,Joe Mixon,Hou,RB|W/R/T
4,9.8,imdrunkrightnow,Starter,Cordarrelle Patterson,Pit,RB|W/R/T
4,5.4,imdrunkrightnow,Starter,Darren Waller,Mia,TE|W/R/T
4,4.4,imdrunkrightnow,Starter,Russell Gage,SF,WR|W/R/T
4,0.0,imdrunkrightnow,Non-Starter,Amon-Ra St. Brown,Det,WR|W/R/T
4,14.9,imdrunkrightnow,Non-Starter,Rex Burkhead,Hou,RB|W/R/T
4,0.0,imdrunkrightnow,Non-Starter,Kadarius Toney,Cle,WR|W/R/T
4,9.0,imdrunkrightnow,Starter,Pittsburgh Steelers,Pit,DEF
5,3.86,imdrunkrightnow,Starter,Jared Goff,Det,QB
5,10.3,imdrunkrightnow,Starter,CeeDee Lamb,Dal,WR|W/R/T
5,5.8,imdrunkrightnow,Starter,Amon-Ra St. Brown,Det,WR|W/R/T
5,11.8,imdrunkrightnow,Starter,Joe Mixon,Hou,RB|W/R/T
5,4.8,imdrunkrightnow,Starter,Rex Burkhead,Hou,RB|W/R/T
5,0.0,imdrunkrightnow,Starter,Darren Waller,Mia,TE|W/R/T
5,15.0,imdrunkrightnow,Starter,Marquez Valdes-Scantling,Sea,WR|W/R/T
5,6.0,imdrunkrightnow,Non-Starter,Russell Gage,SF,WR|W/R/T
5,0.0,imdrunkrightnow,Non-Starter,Treylon Burks,Ten,WR|W/R/T
5,0.0,imdrunkrightnow,Non-Starter,Kadarius Toney,Cle,WR|W/R/T
5,3.0,imdrunkrightnow,Starter,Kansas City Chiefs,KC,DEF
6,17.52,imdrunkrightnow,Starter,Daniel Jones,Ind,QB
6,12.7,imdrunkrightnow,Starter,CeeDee Lamb,Dal,WR|W/R/T
6,0.0,imdrunkrightnow,Starter,Marquez Valdes-Scantling,Sea,WR|W/R/T
6,16.8,imdrunkrightnow,Starter,Joe Mixon,Hou,RB|W/R/T
6,6.0,imdrunkrightnow,Starter,Jerick McKinnon,KC,RB|W/R/T
6,9.0,imdrunkrightnow,Starter,Evan Engram,Den,TE|W/R/T
6,4.0,imdrunkrightnow,Starter,Russell Gage,SF,WR|W/R/T
6,0.0,imdrunkrightnow,Non-Starter,Darren Waller,Mia,TE|W/R/T
6,0.0,imdrunkrightnow,Non-Starter,Amon-Ra St. Brown,Det,WR|W/R/T
6,0.0,imdrunkrightnow,Non-Starter,Rex Burkhead,Hou,RB|W/R/T
6,12.5,imdrunkrightnow,Starter,Carolina Panthers,Car,DEF
7,30.78,imdrunkrightnow,Starter,Daniel Jones,Ind,QB
7,10.6,imdrunkrightnow,Starter,CeeDee Lamb,Dal,WR|W/R/T
7,1.4,imdrunkrightnow,Starter,Amon-Ra St. Brown,Det,WR|W/R/T
7,18.1,imdrunkrightnow,Starter,Joe Mixon,Hou,RB|W/R/T
7,6.9,imdrunkrightnow,Starter,Rex Burkhead,Hou,RB|W/R/T
7,0.0,imdrunkrightnow,Starter,Darren Waller,Mia,TE|W/R/T
7,1.8,imdrunkrightnow,Starter,Josh Reynolds,NYJ,WR|W/R/T
7,10.7,imdrunkrightnow,Non-Starter,Evan Engram,Den,TE|W/R/T
7,6.8,imdrunkrightnow,Non-Starter,Jerick McKinnon,KC,RB|W/R/T
7,14.1,imdrunkrightnow,Non-Starter,Marquez Valdes-Scantling,Sea,WR|W/R/T
7,12.0,imdrunkrightnow,Starter,Las Vegas Raiders,LV,DEF
8,9.04,imdrunkrightnow,Starter,Daniel Jones,Ind,QB
8,18.8,imdrunkrightnow,Starter,CeeDee Lamb,Dal,WR|W/R/T
8,13.9,imdrunkrightnow,Starter,Amon-Ra St. Brown,Det,WR|W/R/T
8,12.9,imdrunkrightnow,Starter,Joe Mixon,Hou,RB|W/R/T
8,1.2,imdrunkrightnow,Starter,Rex Burkhead,Hou,RB|W/R/T
8,15.5,imdrunkrightnow,Starter,Evan Engram,Den,TE|W/R/T
8,2.0,imdrunkrightnow,Starter,Ben Skowronek,Pit,WR|W/R/T
8,0.0,imdrunkrightnow,Non-Starter,Darren Waller,Mia,TE|W/R/T
8,0.0,imdrunkrightnow,Non-Starter,Jerick McKinnon,KC,RB|W/R/T
8,0.0,imdrunkrightnow,Non-Starter,Marquez Valdes-Scantling,Sea,WR|W/R/T
8,14.5,imdrunkrightnow,Starter,Minnesota Vikings,Min,DEF
9,18.4,imdrunkrightnow,Starter,Kirk Cousins,Atl,QB
9,9.5,imdrunkrightnow,Starter,Amon-Ra St. Brown,Det,WR|W/R/T
9,10.3,imdrunkrightnow,Starter,DeAndre Carter,Cle,WR|W/R/T
9,55.1,imdrunkrightnow,Starter,Joe Mixon,Hou,RB|W/R/T
9,13.3,imdrunkrightnow,Starter,Tyler Allgeier,Atl,RB|W/R/T
9,1.8,imdrunkrightnow,Starter,Evan Engram,Den,TE|W/R/T
9,2.2,imdrunkrightnow,Starter,Marquez Valdes-Scantling,Sea,WR|W/R/T
9,10.4,imdrunkrightnow,Non-Starter,Jerick McKinnon,KC,RB|W/R/T
9,0.0,imdrunkrightnow,Non-Starter,CeeDee Lamb,Dal,WR|W/R/T
9,0.0,imdrunkrightnow,Non-Starter,Darren Waller,Mia,TE|W/R/T
9,9.5,imdrunkrightnow,Starter,Minnesota Vikings,Min,DEF
10,15.9,imdrunkrightnow,Starter,Jimmy Garoppolo,LAR,QB
10,22.1,imdrunkrightnow,Starter,Amon-Ra St. Brown,Det,WR|W/R/T
10,38.0,imdrunkrightnow,Starter,CeeDee Lamb,Dal,WR|W/R/T
10,3.3,imdrunkrightnow,Starter,Tyler Allgeier,Atl,RB|W/R/T
10,11.8,imdrunkrightnow,Starter,Jerick McKinnon,KC,RB|W/R/T
10,23.4,imdrunkrightnow,Starter,Cole Kmet,Chi,TE|W/R/T
10,3.5,imdrunkrightnow,Starter,Wan'Dale Robinson,NYG,WR|W/R/T
10,15.0,imdrunkrightnow,Non-Starter,Marquez Valdes-Scantling,Sea,WR|W/R/T
10,4.4,imdrunkrightnow,Non-Starter,Evan Engram,Den,TE|W/R/T
10,0.0,imdrunkrightnow,Non-Starter,Joe Mixon,Hou,RB|W/R/T
10,9.5,imdrunkrightnow,Starter,San Francisco 49ers,SF,DEF
11,33.42,imdrunkrightnow,Starter,Jimmy Garoppolo,LAR,QB
11,15.0,imdrunkrightnow,Starter,Amon-Ra St. Brown,Det,WR|W/R/T
11,9.5,imdrunkrightnow,Starter,CeeDee Lamb,Dal,WR|W/R/T
11,1.4,imdrunkrightnow,Starter,Jerick McKinnon,KC,RB|W/R/T
11,9.2,imdrunkrightnow,Starter,Joe Mixon,Hou,RB|W/R/T
11,6.5,imdrunkrightnow,Starter,Cole Kmet,Chi,TE|W/R/T
11,2.8,imdrunkrightnow,Starter,Marquez Valdes-Scantling,Sea,WR|W/R/T
11,19.4,imdrunkrightnow,Non-Starter,Wan'Dale Robinson,NYG,WR|W/R/T
11,7.4,imdrunkrightnow,Non-Starter,Tyler Allgeier,Atl,RB|W/R/T
11,0.0,imdrunkrightnow,Non-Starter,Evan Engram,Den,TE|W/R/T
11,16.5,imdrunkrightnow,Starter,San Francisco 49ers,SF,DEF
12,15.28,imdrunkrightnow,Starter,Jimmy Garoppolo,LAR,QB
12,27.9,imdrunkrightnow,Starter,Amon-Ra St. Brown,Det,WR|W/R/T
12,17.7,imdrunkrightnow,Starter,CeeDee Lamb,Dal,WR|W/R/T
12,5.6,imdrunkrightnow,Starter,Jerick McKinnon,KC,RB|W/R/T
12,5.4,imdrunkrightnow,Starter,Tyler Allgeier,Atl,RB|W/R/T
12,1.4,imdrunkrightnow,Starter,Evan Engram,Den,TE|W/R/T
12,10.6,imdrunkrightnow,Starter,Joshua Palmer,Buf,WR|W/R/T
12,0.0,imdrunkrightnow,Non-Starter,Joe Mixon,Hou,RB|W/R/T
12,9.6,imdrunkrightnow,Non-Starter,Marquez Valdes-Scantling,Sea,WR|W/R/T
12,5.7,imdrunkrightnow,Non-Starter,Cole Kmet,Chi,TE|W/R/T
12,17.5,imdrunkrightnow,Starter,San Francisco 49ers,SF,DEF
13,2.24,imdrunkrightnow,Starter,Jimmy Garoppolo,LAR,QB
13,34.6,imdrunkrightnow,Starter,Amon-Ra St. Brown,Det,WR|W/R/T
13,20.4,imdrunkrightnow,Starter,CeeDee Lamb,Dal,WR|W/R/T
13,14.0,imdrunkrightnow,Starter,Jerick McKinnon,KC,RB|W/R/T
13,0.0,imdrunkrightnow,Starter,Joe Mixon,Hou,RB|W/R/T
13,14.0,imdrunkrightnow,Starter,Evan Engram,Den,TE|W/R/T
13,13.0,imdrunkrightnow,Starter,Joshua Palmer,Buf,WR|W/R/T
13,5.2,imdrunkrightnow,Non-Starter,Tyler Allgeier,Atl,RB|W/R/T
13,9.1,imdrunkrightnow,Non-Starter,Marquez Valdes-Scantling,Sea,WR|W/R/T
13,13.2,imdrunkrightnow,Non-Starter,Cole Kmet,Chi,TE|W/R/T
13,33.0,imdrunkrightnow,Starter,Cleveland Browns,Cle,DEF
14,32.1,imdrunkrightnow,Starter,Jared Goff,Det,QB
14,13.4,imdrunkrightnow,Starter,Amon-Ra St. Brown,Det,WR|W/R/T
14,8.3,imdrunkrightnow,Starter,CeeDee Lamb,Dal,WR|W/R/T
14,32.4,imdrunkrightnow,Starter,Jerick McKinnon,KC,RB|W/R/T
14,12.6,imdrunkrightnow,Starter,Joe Mixon,Hou,RB|W/R/T
14,39.2,imdrunkrightnow,Starter,Evan Engram,Den,TE|W/R/T
14,9.3,imdrunkrightnow,Starter,Joshua Palmer,Buf,WR|W/R/T
14,0.0,imdrunkrightnow,Non-Starter,Tyler Allgeier,Atl,RB|W/R/T
14,3.0,imdrunkrightnow,Non-Starter,Marquez Valdes-Scantling,Sea,WR|W/R/T
14,1.2,imdrunkrightnow,Non-Starter,Tony Jones,Ari,RB|W/R/T
14,11.0,imdrunkrightnow,Starter,Cincinnati Bengals,Cin,DEF
1,24.62,Natural Born Kylers,Starter,Kyler Murray,Ari,QB
1,18.1,Natural Born Kylers,Starter,Mike Evans,TB,WR|W/R/T
1,25.5,Natural Born Kylers,Starter,A.J. Brown,Phi,WR|W/R/T
1,1.1,Natural Born Kylers,Starter,Mike Davis,Bal,RB|W/R/T
1,27.5,Natural Born Kylers,Starter,Jonathan Taylor,Ind,RB|W/R/T
1,8.3,Natural Born Kylers,Starter,Albert Okwuegbunam,LV,TE|W/R/T
1,0.0,Natural Born Kylers,Starter,DeVonta Smith,Phi,WR|W/R/T
1,0.0,Natural Born Kylers,Non-Starter,Cole Kmet,Chi,TE|W/R/T
1,0.0,Natural Born Kylers,Non-Starter,J.K. Dobbins,Den,RB|W/R/T
1,13.3,Natural Born Kylers,Non-Starter,Tyler Boyd,Ten,WR|W/R/T
1,10.0,Natural Born Kylers,Starter,San Francisco 49ers,SF,DEF
2,25.88,Natural Born Kylers,Starter,Kyler Murray,Ari,QB
2,11.9,Natural Born Kylers,Starter,A.J. Brown,Phi,WR|W/R/T
2,9.1,Natural Born Kylers,Starter,Mike Evans,TB,WR|W/R/T
2,7.3,Natural Born Kylers,Starter,Jonathan Taylor,Ind,RB|W/R/T
2,1.7,Natural Born Kylers,Starter,Zack Moss,Cin,RB|W/R/T
2,0.0,Natural Born Kylers,Starter,Albert Okwuegbunam,LV,TE|W/R/T
2,5.7,Natural Born Kylers,Starter,Tyler Boyd,Ten,WR|W/R/T
2,15.0,Natural Born Kylers,Non-Starter,DeVonta Smith,Phi,WR|W/R/T
2,0.0,Natural Born Kylers,Non-Starter,J.K. Dobbins,Den,RB|W/R/T
2,0.0,Natural Born Kylers,Non-Starter,Cole Kmet,Chi,TE|W/R/T
2,19.5,Natural Born Kylers,Starter,San Francisco 49ers,SF,DEF
3,13.36,Natural Born Kylers,Starter,Kyler Murray,Ari,QB
3,19.5,Natural Born Kylers,Starter,A.J. Brown,Phi,WR|W/R/T
3,30.9,Natural Born Kylers,Starter,DeVonta Smith,Phi,WR|W/R/T
3,6.0,Natural Born Kylers,Starter,J.K. Dobbins,Den,RB|W/R/T
3,12.1,Natural Born Kylers,Starter,Jonathan Taylor,Ind,RB|W/R/T
3,6.7,Natural Born Kylers,Starter,Noah Fant,Cin,TE|W/R/T
3,12.0,Natural Born Kylers,Starter,Garrett Wilson,NYJ,WR|W/R/T
3,6.2,Natural Born Kylers,Non-Starter,Zack Moss,Cin,RB|W/R/T
3,20.5,Natural Born Kylers,Non-Starter,Tyler Boyd,Ten,WR|W/R/T
3,0.0,Natural Born Kylers,Non-Starter,Mike Evans,TB,WR|W/R/T
3,16.0,Natural Born Kylers,Starter,San Francisco 49ers,SF,DEF
4,22.88,Natural Born Kylers,Starter,Kyler Murray,Ari,QB
4,6.1,Natural Born Kylers,Starter,Garrett Wilson,NYJ,WR|W/R/T
4,14.5,Natural Born Kylers,Starter,A.J. Brown,Phi,WR|W/R/T
4,22.3,Natural Born Kylers,Starter,J.K. Dobbins,Den,RB|W/R/T
4,3.3,Natural Born Kylers,Starter,Jonathan Taylor,Ind,RB|W/R/T
4,10.2,Natural Born Kylers,Starter,Robert Tonyan,KC,TE|W/R/T
4,30.3,Natural Born Kylers,Starter,Mike Evans,TB,WR|W/R/T
4,4.7,Natural Born Kylers,Non-Starter,DeVonta Smith,Phi,WR|W/R/T
4,0.6,Natural Born Kylers,Non-Starter,Zack Moss,Cin,RB|W/R/T
4,7.62,Natural Born Kylers,Non-Starter,Tyler Boyd,Ten,WR|W/R/T
4,27.0,Natural Born Kylers,Starter,San Francisco 49ers,SF,DEF
5,16.2,Natural Born Kylers,Starter,Kyler Murray,Ari,QB
5,6.2,Natural Born Kylers,Starter,A.J. Brown,Phi,WR|W/R/T
5,12.1,Natural Born Kylers,Starter,Mike Evans,TB,WR|W/R/T
5,4.4,Natural Born Kylers,Starter,J.K. Dobbins,Den,RB|W/R/T
5,3.4,Natural Born Kylers,Starter,Caleb Huntley,Atl,RB|W/R/T
5,6.3,Natural Born Kylers,Starter,Robert Tonyan,KC,TE|W/R/T
5,5.7,Natural Born Kylers,Starter,Garrett Wilson,NYJ,WR|W/R/T
5,0.0,Natural Born Kylers,Non-Starter,Jonathan Taylor,Ind,RB|W/R/T
5,18.7,Natural Born Kylers,Non-Starter,DeVonta Smith,Phi,WR|W/R/T
5,6.2,Natural Born Kylers,Non-Starter,Tyler Boyd,Ten,WR|W/R/T
5,19.5,Natural Born Kylers,Starter,San Francisco 49ers,SF,DEF
6,12.88,Natural Born Kylers,Starter,Kyler Murray,Ari,QB
6,17.7,Natural Born Kylers,Starter,A.J. Brown,Phi,WR|W/R/T
6,8.2,Natural Born Kylers,Starter,Mike Evans,TB,WR|W/R/T
6,1.5,Natural Born Kylers,Starter,J.K. Dobbins,Den,RB|W/R/T
6,5.9,Natural Born Kylers,Starter,Caleb Huntley,Atl,RB|W/R/T
6,19.0,Natural Born Kylers,Starter,Robert Tonyan,KC,TE|W/R/T
6,15.4,Natural Born Kylers,Starter,DeVonta Smith,Phi,WR|W/R/T
6,1.8,Natural Born Kylers,Non-Starter,Garrett Wilson,NYJ,WR|W/R/T
6,0.0,Natural Born Kylers,Non-Starter,Jonathan Taylor,Ind,RB|W/R/T
6,12.6,Natural Born Kylers,Non-Starter,Tyler Boyd,Ten,WR|W/R/T
6,4.0,Natural Born Kylers,Starter,San Francisco 49ers,SF,DEF
7,19.16,Natural Born Kylers,Starter,Kyler Murray,Ari,QB
7,18.6,Natural Born Kylers,Starter,Mike Evans,TB,WR|W/R/T
7,29.5,Natural Born Kylers,Starter,Tyler Boyd,Ten,WR|W/R/T
7,15.5,Natural Born Kylers,Starter,Jonathan Taylor,Ind,RB|W/R/T
7,2.2,Natural Born Kylers,Starter,Caleb Huntley,Atl,RB|W/R/T
7,6.2,Natural Born Kylers,Starter,Robert Tonyan,KC,TE|W/R/T
7,6.4,Natural Born Kylers,Starter,Garrett Wilson,NYJ,WR|W/R/T
7,0.0,Natural Born Kylers,Non-Starter,J.K. Dobbins,Den,RB|W/R/T
7,0.0,Natural Born Kylers,Non-Starter,DeVonta Smith,Phi,WR|W/R/T
7,0.0,Natural Born Kylers,Non-Starter,A.J. Brown,Phi,WR|W/R/T
7,2.0,Natural Born Kylers,Starter,San Francisco 49ers,SF,DEF
8,26.64,Natural Born Kylers,Starter,Kyler Murray,Ari,QB
8,18.3,Natural Born Kylers,Starter,Mike Evans,TB,WR|W/R/T
8,39.6,Natural Born Kylers,Starter,A.J. Brown,Phi,WR|W/R/T
8,5.6,Natural Born Kylers,Starter,Jonathan Taylor,Ind,RB|W/R/T
8,9.1,Natural Born Kylers,Starter,Caleb Huntley,Atl,RB|W/R/T
8,8.5,Natural Born Kylers,Starter,Robert Tonyan,KC,TE|W/R/T
8,12.8,Natural Born Kylers,Starter,Tyler Boyd,Ten,WR|W/R/T
8,7.3,Natural Born Kylers,Non-Starter,DeVonta Smith,Phi,WR|W/R/T
8,17.5,Natural Born Kylers,Non-Starter,Garrett Wilson,NYJ,WR|W/R/T
8,0.0,Natural Born Kylers,Non-Starter,J.K. Dobbins,Den,RB|W/R/T
8,5.5,Natural Born Kylers,Starter,San Francisco 49ers,SF,DEF
9,23.0,Natural Born Kylers,Starter,Kyler Murray,Ari,QB
9,15.9,Natural Born Kylers,Starter,A.J. Brown,Phi,WR|W/R/T
9,9.4,Natural Born Kylers,Starter,Tyler Boyd,Ten,WR|W/R/T
9,1.1,Natural Born Kylers,Starter,Alexander Mattison,Mia,RB|W/R/T
9,1.9,Natural Born Kylers,Starter,Isiah Pacheco,KC,RB|W/R/T
9,5.9,Natural Born Kylers,Starter,Robert Tonyan,KC,TE|W/R/T
9,9.0,Natural Born Kylers,Starter,Mike Evans,TB,WR|W/R/T
9,0.0,Natural Born Kylers,Non-Starter,Jonathan Taylor,Ind,RB|W/R/T
9,4.2,Natural Born Kylers,Non-Starter,DeVonta Smith,Phi,WR|W/R/T
9,17.9,Natural Born Kylers,Non-Starter,Garrett Wilson,NYJ,WR|W/R/T
9,4.5,Natural Born Kylers,Starter,Las Vegas Raiders,LV,DEF
10,23.4,Natural Born Kylers,Starter,Ryan Tannehill,Ten,QB
10,1.7,Natural Born Kylers,Starter,A.J. Brown,Phi,WR|W/R/T
10,13.9,Natural Born Kylers,Starter,DeVonta Smith,Phi,WR|W/R/T
10,24.3,Natural Born Kylers,Starter,Jonathan Taylor,Ind,RB|W/R/T
10,1.4,Natural Born Kylers,Starter,Chuba Hubbard,Car,RB|W/R/T
10,1.8,Natural Born Kylers,Starter,Robert Tonyan,KC,TE|W/R/T
10,10.4,Natural Born Kylers,Starter,Mike Evans,TB,WR|W/R/T
10,0.0,Natural Born Kylers,Non-Starter,Kyler Murray,Ari,QB
10,0.0,Natural Born Kylers,Non-Starter,Tyler Boyd,Ten,WR|W/R/T
10,0.0,Natural Born Kylers,Non-Starter,Garrett Wilson,NYJ,WR|W/R/T
10,8.0,Natural Born Kylers,Starter,Denver Broncos,Den,DEF
11,7.84,Natural Born Kylers,Starter,Taylor Heinicke,LAC,QB
11,9.0,Natural Born Kylers,Starter,A.J. Brown,Phi,WR|W/R/T
11,13.8,Natural Born Kylers,Starter,DeVonta Smith,Phi,WR|W/R/T
11,16.4,Natural Born Kylers,Starter,Jonathan Taylor,Ind,RB|W/R/T
11,4.5,Natural Born Kylers,Starter,Chuba Hubbard,Car,RB|W/R/T
11,3.9,Natural Born Kylers,Starter,Robert Tonyan,KC,TE|W/R/T
11,6.2,Natural Born Kylers,Starter,Tyler Boyd,Ten,WR|W/R/T
11,0.0,Natural Born Kylers,Non-Starter,Kyler Murray,Ari,QB
11,0.0,Natural Born Kylers,Non-Starter,Mike Evans,TB,WR|W/R/T
11,3.2,Natural Born Kylers,Non-Starter,Garrett Wilson,NYJ,WR|W/R/T
11,3.5,Natural Born Kylers,Starter,Denver Broncos,Den,DEF
12,27.24,Natural Born Kylers,Starter,Kyler Murray,Ari,QB
12,12.6,Natural Born Kylers,Starter,A.J. Brown,Phi,WR|W/R/T
12,5.1,Natural Born Kylers,Starter,Mike Evans,TB,WR|W/R/T
12,18.8,Natural Born Kylers,Starter,Jonathan Taylor,Ind,RB|W/R/T
12,6.5,Natural Born Kylers,Starter,Chuba Hubbard,Car,RB|W/R/T
12,5.0,Natural Born Kylers,Starter,Robert Tonyan,KC,TE|W/R/T
12,3.6,Natural Born Kylers,Starter,Tyler Boyd,Ten,WR|W/R/T
12,9.0,Natural Born Kylers,Non-Starter,DeVonta Smith,Phi,WR|W/R/T
12,13.42,Natural Born Kylers,Non-Starter,Taylor Heinicke,LAC,QB
12,26.4,Natural Born Kylers,Non-Starter,Garrett Wilson,NYJ,WR|W/R/T
12,5.0,Natural Born Kylers,Starter,Denver Broncos,Den,DEF
13,13.82,Natural Born Kylers,Starter,Kirk Cousins,Atl,QB
13,31.9,Natural Born Kylers,Starter,A.J. Brown,Phi,WR|W/R/T
13,9.9,Natural Born Kylers,Starter,Mike Evans,TB,WR|W/R/T
13,13.3,Natural Born Kylers,Starter,Jonathan Taylor,Ind,RB|W/R/T
13,0.0,Natural Born Kylers,Starter,Darrell Henderson,LAR,RB|W/R/T
13,2.0,Natural Born Kylers,Starter,Robert Tonyan,KC,TE|W/R/T
13,10.0,Natural Born Kylers,Starter,Tyler Boyd,Ten,WR|W/R/T
13,0.0,Natural Born Kylers,Non-Starter,Kyler Murray,Ari,QB
13,21.2,Natural Born Kylers,Non-Starter,DeVonta Smith,Phi,WR|W/R/T
13,24.2,Natural Born Kylers,Non-Starter,Garrett Wilson,NYJ,WR|W/R/T
13,17.0,Natural Born Kylers,Starter,Denver Broncos,Den,DEF
14,0.66,Natural Born Kylers,Starter,Kyler Murray,Ari,QB
14,17.0,Natural Born Kylers,Starter,A.J. Brown,Phi,WR|W/R/T
14,13.8,Natural Born Kylers,Starter,Garrett Wilson,NYJ,WR|W/R/T
14,4.9,Natural Born Kylers,Starter,Mike Boone,Mia,RB|W/R/T
14,1.0,Natural Born Kylers,Starter,Kenneth Gainwell,Pit,RB|W/R/T
14,0.0,Natural Born Kylers,Starter,Noah Fant,Cin,TE|W/R/T
14,17.4,Natural Born Kylers,Starter,DeVonta Smith,Phi,WR|W/R/T
14,8.4,Natural Born Kylers,Non-Starter,Mike Evans,TB,WR|W/R/T
14,0.0,Natural Born Kylers,Non-Starter,Jonathan Taylor,Ind,RB|W/R/T
14,0.0,Natural Born Kylers,Non-Starter,Tyler Boyd,Ten,WR|W/R/T
14,11.0,Natural Born Kylers,Starter,Denver Broncos,Den,DEF
1,29.26,French Fries & Gravy,Starter,Justin Herbert,LAC,QB
1,17.7,French Fries & Gravy,Starter,Jaylen Waddle,Mia,WR|W/R/T
1,14.3,French Fries & Gravy,Starter,Marquise Brown,KC,WR|W/R/T
1,13.8,French Fries & Gravy,Starter,Dalvin Cook,Dal,RB|W/R/T
1,15.7,French Fries & Gravy,Starter,Leonard Fournette,Buf,RB|W/R/T
1,11.4,French Fries & Gravy,Starter,Zach Ertz,Was,TE|W/R/T
1,2.3,French Fries & Gravy,Starter,Robert Woods,Pit,WR|W/R/T
1,7.8,French Fries & Gravy,Non-Starter,J.D. McKissic,Was,RB|W/R/T
1,10.2,French Fries & Gravy,Non-Starter,Jakobi Meyers,LV,WR|W/R/T
1,0.0,French Fries & Gravy,Non-Starter,Zamir White,LV,RB|W/R/T
1,10.0,French Fries & Gravy,Starter,Cleveland Browns,Cle,DEF
2,25.46,French Fries & Gravy,Starter,Justin Herbert,LAC,QB
2,40.1,French Fries & Gravy,Starter,Jaylen Waddle,Mia,WR|W/R/T
2,12.8,French Fries & Gravy,Starter,Marquise Brown,KC,WR|W/R/T
2,7.6,French Fries & Gravy,Starter,Dalvin Cook,Dal,RB|W/R/T
2,9.4,French Fries & Gravy,Starter,Leonard Fournette,Buf,RB|W/R/T
2,15.5,French Fries & Gravy,Starter,Zach Ertz,Was,TE|W/R/T
2,18.5,French Fries & Gravy,Starter,Jakobi Meyers,LV,WR|W/R/T
2,7.9,French Fries & Gravy,Non-Starter,Robert Woods,Pit,WR|W/R/T
2,13.3,French Fries & Gravy,Non-Starter,J.D. McKissic,Was,RB|W/R/T
2,0.2,French Fries & Gravy,Non-Starter,Zamir White,LV,RB|W/R/T
2,7.0,French Fries & Gravy,Starter,Cleveland Browns,Cle,DEF
3,12.58,French Fries & Gravy,Starter,Justin Herbert,LAC,QB
3,15.1,French Fries & Gravy,Starter,Jaylen Waddle,Mia,WR|W/R/T
3,28.0,French Fries & Gravy,Starter,Marquise Brown,KC,WR|W/R/T
3,13.6,French Fries & Gravy,Starter,Dalvin Cook,Dal,RB|W/R/T
3,12.0,French Fries & Gravy,Starter,Leonard Fournette,Buf,RB|W/R/T
3,10.5,French Fries & Gravy,Starter,Zach Ertz,Was,TE|W/R/T
3,12.5,French Fries & Gravy,Starter,Robert Woods,Pit,WR|W/R/T
3,0.0,French Fries & Gravy,Non-Starter,Jakobi Meyers,LV,WR|W/R/T
3,10.0,French Fries & Gravy,Non-Starter,J.D. McKissic,Was,RB|W/R/T
3,0.0,French Fries & Gravy,Non-Starter,Zamir White,LV,RB|W/R/T
3,13.0,French Fries & Gravy,Starter,Cleveland Browns,Cle,DEF
4,25.1,French Fries & Gravy,Starter,Justin Herbert,LAC,QB
4,5.9,French Fries & Gravy,Starter,Jaylen Waddle,Mia,WR|W/R/T
4,20.8,French Fries & Gravy,Starter,Marquise Brown,KC,WR|W/R/T
4,10.6,French Fries & Gravy,Starter,Dalvin Cook,Dal,RB|W/R/T
4,18.4,French Fries & Gravy,Starter,Leonard Fournette,Buf,RB|W/R/T
4,16.7,French Fries & Gravy,Starter,Zach Ertz,Was,TE|W/R/T
4,13.0,French Fries & Gravy,Starter,Robert Woods,Pit,WR|W/R/T
4,0.0,French Fries & Gravy,Non-Starter,Jakobi Meyers,LV,WR|W/R/T
4,8.6,French Fries & Gravy,Non-Starter,J.D. McKissic,Was,RB|W/R/T
4,0.0,French Fries & Gravy,Non-Starter,Samaje Perine,Cin,RB|W/R/T
4,6.5,French Fries & Gravy,Starter,Cleveland Browns,Cle,DEF
5,16.42,French Fries & Gravy,Starter,Justin Herbert,LAC,QB
5,5.3,French Fries & Gravy,Starter,Jaylen Waddle,Mia,WR|W/R/T
5,21.8,French Fries & Gravy,Starter,Marquise Brown,KC,WR|W/R/T
5,26.1,French Fries & Gravy,Starter,Dalvin Cook,Dal,RB|W/R/T
5,35.9,French Fries & Gravy,Starter,Leonard Fournette,Buf,RB|W/R/T
5,10.8,French Fries & Gravy,Starter,Zach Ertz,Was,TE|W/R/T
5,7.7,French Fries & Gravy,Starter,Robert Woods,Pit,WR|W/R/T
5,24.1,French Fries & Gravy,Non-Starter,Jakobi Meyers,LV,WR|W/R/T
5,8.7,French Fries & Gravy,Non-Starter,J.D. McKissic,Was,RB|W/R/T
5,9.6,French Fries & Gravy,Non-Starter,Samaje Perine,Cin,RB|W/R/T
5,1.0,French Fries & Gravy,Starter,Miami Dolphins,Mia,DEF
6,6.42,French Fries & Gravy,Starter,Justin Herbert,LAC,QB
6,16.9,French Fries & Gravy,Starter,Jaylen Waddle,Mia,WR|W/R/T
6,11.8,French Fries & Gravy,Starter,Marquise Brown,KC,WR|W/R/T
6,15.3,French Fries & Gravy,Starter,Dalvin Cook,Dal,RB|W/R/T
6,22.1,French Fries & Gravy,Starter,Leonard Fournette,Buf,RB|W/R/T
6,14.0,French Fries & Gravy,Starter,Zach Ertz,Was,TE|W/R/T
6,10.0,French Fries & Gravy,Starter,Jakobi Meyers,LV,WR|W/R/T
6,0.0,French Fries & Gravy,Non-Starter,Robert Woods,Pit,WR|W/R/T
6,2.0,French Fries & Gravy,Non-Starter,J.D. McKissic,Was,RB|W/R/T
6,3.6,French Fries & Gravy,Non-Starter,Samaje Perine,Cin,RB|W/R/T
6,15.5,French Fries & Gravy,Starter,Washington Commanders,Was,DEF
7,20.12,French Fries & Gravy,Starter,Justin Herbert,LAC,QB
7,12.8,French Fries & Gravy,Starter,Jaylen Waddle,Mia,WR|W/R/T
7,5.6,French Fries & Gravy,Starter,Robert Woods,Pit,WR|W/R/T
7,4.6,French Fries & Gravy,Starter,Leonard Fournette,Buf,RB|W/R/T
7,0.5,French Fries & Gravy,Starter,Kenyan Drake,Bal,RB|W/R/T
7,6.1,French Fries & Gravy,Starter,Zach Ertz,Was,TE|W/R/T
7,11.4,French Fries & Gravy,Starter,Jakobi Meyers,LV,WR|W/R/T
7,0.0,French Fries & Gravy,Non-Starter,Dalvin Cook,Dal,RB|W/R/T
7,0.0,French Fries & Gravy,Non-Starter,Marquise Brown,KC,WR|W/R/T
7,0.0,French Fries & Gravy,Non-Starter,Kyren Williams,LAR,RB|W/R/T
7,8.5,French Fries & Gravy,Starter,New York Jets,NYJ,DEF
8,8.88,French Fries & Gravy,Starter,Davis Mills,Hou,QB
8,30.6,French Fries & Gravy,Starter,Jaylen Waddle,Mia,WR|W/R/T
8,2.6,French Fries & Gravy,Starter,Robert Woods,Pit,WR|W/R/T
8,14.8,French Fries & Gravy,Starter,Leonard Fournette,Buf,RB|W/R/T
8,25.1,French Fries & Gravy,Starter,Dalvin Cook,Dal,RB|W/R/T
8,13.4,French Fries & Gravy,Starter,Zach Ertz,Was,TE|W/R/T
8,21.0,French Fries & Gravy,Starter,Jakobi Meyers,LV,WR|W/R/T
8,0.0,French Fries & Gravy,Non-Starter,Justin Herbert,LAC,QB
8,16.7,French Fries & Gravy,Non-Starter,Kenyan Drake,Bal,RB|W/R/T
8,0.0,French Fries & Gravy,Non-Starter,Kyren Williams,LAR,RB|W/R/T
8,16.0,French Fries & Gravy,Starter,New York Jets,NYJ,DEF
9,12.1,French Fries & Gravy,Starter,Justin Herbert,LAC,QB
9,19.5,French Fries & Gravy,Starter,Jaylen Waddle,Mia,WR|W/R/T
9,7.4,French Fries & Gravy,Starter,Jakobi Meyers,LV,WR|W/R/T
9,11.0,French Fries & Gravy,Starter,Leonard Fournette,Buf,RB|W/R/T
9,13.6,French Fries & Gravy,Starter,Dalvin Cook,Dal,RB|W/R/T
9,15.0,French Fries & Gravy,Starter,Zach Ertz,Was,TE|W/R/T
9,24.9,French Fries & Gravy,Starter,Kenyan Drake,Bal,RB|W/R/T
9,0.0,French Fries & Gravy,Non-Starter,Robert Woods,Pit,WR|W/R/T
9,0.0,French Fries & Gravy,Non-Starter,Kyren Williams,LAR,RB|W/R/T
9,9.4,French Fries & Gravy,Non-Starter,Isaiah Likely,Bal,TE|W/R/T
9,8.5,French Fries & Gravy,Starter,Kansas City Chiefs,KC,DEF
10,12.04,French Fries & Gravy,Starter,Justin Herbert,LAC,QB
10,10.6,French Fries & Gravy,Starter,Jaylen Waddle,Mia,WR|W/R/T
10,3.0,French Fries & Gravy,Starter,Robert Woods,Pit,WR|W/R/T
10,8.8,French Fries & Gravy,Starter,Leonard Fournette,Buf,RB|W/R/T
10,23.6,French Fries & Gravy,Starter,Dalvin Cook,Dal,RB|W/R/T
10,2.2,French Fries & Gravy,Starter,Zach Ertz,Was,TE|W/R/T
10,2.1,French Fries & Gravy,Starter,Greg Dulcich,NYG,TE|W/R/T
10,6.9,French Fries & Gravy,Non-Starter,Kyren Williams,LAR,RB|W/R/T
10,0.0,French Fries & Gravy,Non-Starter,Kenyan Drake,Bal,RB|W/R/T
10,0.0,French Fries & Gravy,Non-Starter,Jakobi Meyers,LV,WR|W/R/T
10,10.5,French Fries & Gravy,Starter,Kansas City Chiefs,KC,DEF
11,21.7,French Fries & Gravy,Starter,Justin Herbert,LAC,QB
11,12.9,French Fries & Gravy,Starter,Robert Woods,Pit,WR|W/R/T
11,9.2,French Fries & Gravy,Starter,Jakobi Meyers,LV,WR|W/R/T
11,7.2,French Fries & Gravy,Starter,Dalvin Cook,Dal,RB|W/R/T
11,7.3,French Fries & Gravy,Starter,Kenyan Drake,Bal,RB|W/R/T
11,7.0,French Fries & Gravy,Starter,Greg Dulcich,NYG,TE|W/R/T
11,5.4,French Fries & Gravy,Starter,Kyren Williams,LAR,RB|W/R/T
11,0.0,French Fries & Gravy,Non-Starter,Leonard Fournette,Buf,RB|W/R/T
11,0.0,French Fries & Gravy,Non-Starter,Jaylen Waddle,Mia,WR|W/R/T
11,3.0,French Fries & Gravy,Non-Starter,Hunter Henry,NE,TE|W/R/T
11,14.0,French Fries & Gravy,Starter,Kansas City Chiefs,KC,DEF
12,34.76,French Fries & Gravy,Starter,Justin Herbert,LAC,QB
12,9.2,French Fries & Gravy,Starter,Jakobi Meyers,LV,WR|W/R/T
12,13.5,French Fries & Gravy,Starter,Jaylen Waddle,Mia,WR|W/R/T
12,9.6,French Fries & Gravy,Starter,Dalvin Cook,Dal,RB|W/R/T
12,9.0,French Fries & Gravy,Starter,Kyren Williams,LAR,RB|W/R/T
12,3.1,French Fries & Gravy,Starter,Greg Dulcich,NYG,TE|W/R/T
12,0.2,French Fries & Gravy,Starter,Kenyan Drake,Bal,RB|W/R/T
12,0.0,French Fries & Gravy,Non-Starter,Leonard Fournette,Buf,RB|W/R/T
12,15.3,French Fries & Gravy,Non-Starter,Hunter Henry,NE,TE|W/R/T
12,3.6,French Fries & Gravy,Non-Starter,Robert Woods,Pit,WR|W/R/T
12,15.5,French Fries & Gravy,Starter,Kansas City Chiefs,KC,DEF
13,20.1,French Fries & Gravy,Starter,Justin Herbert,LAC,QB
13,5.2,French Fries & Gravy,Starter,Jakobi Meyers,LV,WR|W/R/T
13,1.9,French Fries & Gravy,Starter,Jaylen Waddle,Mia,WR|W/R/T
13,16.3,French Fries & Gravy,Starter,Dalvin Cook,Dal,RB|W/R/T
13,0.9,French Fries & Gravy,Starter,Kyren Williams,LAR,RB|W/R/T
13,3.3,French Fries & Gravy,Starter,Hunter Henry,NE,TE|W/R/T
13,20.9,French Fries & Gravy,Starter,A.J. Dillon,Phi,RB|W/R/T
13,14.1,French Fries & Gravy,Non-Starter,Leonard Fournette,Buf,RB|W/R/T
13,5.9,French Fries & Gravy,Non-Starter,Van Jefferson,Ten,WR|W/R/T
13,4.8,French Fries & Gravy,Non-Starter,Jelani Woods,Ind,TE|W/R/T
13,3.0,French Fries & Gravy,Starter,Kansas City Chiefs,KC,DEF
14,21.48,French Fries & Gravy,Starter,Justin Herbert,LAC,QB
14,5.1,French Fries & Gravy,Starter,Jaylen Waddle,Mia,WR|W/R/T
14,21.4,French Fries & Gravy,Starter,DJ Chark,Atl,WR|W/R/T
14,8.6,French Fries & Gravy,Starter,Dalvin Cook,Dal,RB|W/R/T
14,10.6,French Fries & Gravy,Starter,Leonard Fournette,Buf,RB|W/R/T
14,10.0,French Fries & Gravy,Starter,Hunter Henry,NE,TE|W/R/T
14,12.4,French Fries & Gravy,Starter,Van Jefferson,Ten,WR|W/R/T
14,0.0,French Fries & Gravy,Non-Starter,Jakobi Meyers,LV,WR|W/R/T
14,0.0,French Fries & Gravy,Non-Starter,A.J. Dillon,Phi,RB|W/R/T
14,0.0,French Fries & Gravy,Non-Starter,Jelani Woods,Ind,TE|W/R/T
14,21.0,French Fries & Gravy,Starter,Kansas City Chiefs,KC,DEF
15,4.72,French Fries & Gravy,Starter,Justin Herbert,LAC,QB
15,20.4,French Fries & Gravy,Starter,Jaylen Waddle,Mia,WR|W/R/T
15,2.8,French Fries & Gravy,Starter,DJ Chark,Atl,WR|W/R/T
15,27.0,French Fries & Gravy,Starter,Dalvin Cook,Dal,RB|W/R/T
15,11.4,French Fries & Gravy,Starter,Leonard Fournette,Buf,RB|W/R/T
15,6.5,French Fries & Gravy,Starter,Cole Kmet,Chi,TE|W/R/T
15,22.1,French Fries & Gravy,Starter,A.J. Dillon,Phi,RB|W/R/T
15,2.9,French Fries & Gravy,Non-Starter,Hunter Henry,NE,TE|W/R/T
15,5.2,French Fries & Gravy,Non-Starter,Van Jefferson,Ten,WR|W/R/T
15,4.7,French Fries & Gravy,Non-Starter,Jakobi Meyers,LV,WR|W/R/T
15,6.0,French Fries & Gravy,Starter,Kansas City Chiefs,KC,DEF
16,3.5,French Fries & Gravy,Starter,Justin Herbert,LAC,QB
16,25.3,French Fries & Gravy,Starter,Jaylen Waddle,Mia,WR|W/R/T
16,0.0,French Fries & Gravy,Starter,Marquise Goodwin,Cle,WR|W/R/T
16,10.7,French Fries & Gravy,Starter,Dalvin Cook,Dal,RB|W/R/T
16,25.2,French Fries & Gravy,Starter,Leonard Fournette,Buf,RB|W/R/T
16,7.7,French Fries & Gravy,Starter,Cole Kmet,Chi,TE|W/R/T
16,12.8,French Fries & Gravy,Starter,A.J. Dillon,Phi,RB|W/R/T
16,14.8,French Fries & Gravy,Non-Starter,DJ Chark,Atl,WR|W/R/T
16,20.3,French Fries & Gravy,Non-Starter,Jakobi Meyers,LV,WR|W/R/T
16,8.0,French Fries & Gravy,Non-Starter,Zack Moss,Cin,RB|W/R/T
16,14.0,French Fries & Gravy,Starter,Kansas City Chiefs,KC,DEF
17,19.06,French Fries & Gravy,Starter,Brock Purdy,SF,QB
17,8.2,French Fries & Gravy,Starter,Jaylen Waddle,Mia,WR|W/R/T
17,7.6,French Fries & Gravy,Starter,DJ Chark,Atl,WR|W/R/T
17,6.4,French Fries & Gravy,Starter,Dalvin Cook,Dal,RB|W/R/T
17,8.7,French Fries & Gravy,Starter,Leonard Fournette,Buf,RB|W/R/T
17,10.7,French Fries & Gravy,Starter,Cole Kmet,Chi,TE|W/R/T
17,10.1,French Fries & Gravy,Starter,A.J. Dillon,Phi,RB|W/R/T
17,16.9,French Fries & Gravy,Non-Starter,Jakobi Meyers,LV,WR|W/R/T
17,7.4,French Fries & Gravy,Non-Starter,Zack Moss,Cin,RB|W/R/T
17,6.7,French Fries & Gravy,Non-Starter,Jahan Dotson,Phi,WR|W/R/T
17,11.5,French Fries & Gravy,Starter,Kansas City Chiefs,KC,DEF
1,1.7,Arian Foster Dulles,Starter,Aaron Rodgers,Pit,QB
1,28.9,Arian Foster Dulles,Starter,Ja'Marr Chase,Cin,WR|W/R/T
1,3.0,Arian Foster Dulles,Starter,Mike Williams,Pit,WR|W/R/T
1,22.4,Arian Foster Dulles,Starter,Clyde Edwards-Helaire,NO,RB|W/R/T
1,10.6,Arian Foster Dulles,Starter,Aaron Jones,Min,RB|W/R/T
1,1.6,Arian Foster Dulles,Starter,Austin Hooper,NE,TE|W/R/T
1,9.4,Arian Foster Dulles,Starter,Chase Claypool,Buf,WR|W/R/T
1,0.0,Arian Foster Dulles,Non-Starter,George Kittle,SF,TE|W/R/T
1,12.3,Arian Foster Dulles,Non-Starter,Darrell Henderson,LAR,RB|W/R/T
1,7.8,Arian Foster Dulles,Non-Starter,Marvin Jones,Det,WR|W/R/T
1,8.0,Arian Foster Dulles,Starter,New England Patriots,NE,DEF
2,20.36,Arian Foster Dulles,Starter,Aaron Rodgers,Pit,QB
2,10.8,Arian Foster Dulles,Starter,Ja'Marr Chase,Cin,WR|W/R/T
2,25.3,Arian Foster Dulles,Starter,Mike Williams,Pit,WR|W/R/T
2,15.8,Arian Foster Dulles,Starter,Clyde Edwards-Helaire,NO,RB|W/R/T
2,32.0,Arian Foster Dulles,Starter,Aaron Jones,Min,RB|W/R/T
2,7.4,Arian Foster Dulles,Starter,Hayden Hurst,LAC,TE|W/R/T
2,10.7,Arian Foster Dulles,Starter,Darrell Henderson,LAR,RB|W/R/T
2,6.6,Arian Foster Dulles,Non-Starter,Chase Claypool,Buf,WR|W/R/T
2,0.0,Arian Foster Dulles,Non-Starter,George Kittle,SF,TE|W/R/T
2,6.3,Arian Foster Dulles,Non-Starter,Marvin Jones,Det,WR|W/R/T
2,11.0,Arian Foster Dulles,Starter,New England Patriots,NE,DEF
3,18.1,Arian Foster Dulles,Starter,Aaron Rodgers,Pit,QB
3,12.7,Arian Foster Dulles,Starter,Ja'Marr Chase,Cin,WR|W/R/T
3,8.5,Arian Foster Dulles,Starter,Mike Williams,Pit,WR|W/R/T
3,14.9,Arian Foster Dulles,Starter,Clyde Edwards-Helaire,NO,RB|W/R/T
3,5.7,Arian Foster Dulles,Starter,Aaron Jones,Min,RB|W/R/T
3,6.8,Arian Foster Dulles,Starter,George Kittle,SF,TE|W/R/T
3,1.7,Arian Foster Dulles,Starter,Darrell Henderson,LAR,RB|W/R/T
3,1.7,Arian Foster Dulles,Non-Starter,Hayden Hurst,LAC,TE|W/R/T
3,7.6,Arian Foster Dulles,Non-Starter,Chase Claypool,Buf,WR|W/R/T
3,13.3,Arian Foster Dulles,Non-Starter,Marvin Jones,Det,WR|W/R/T
3,7.0,Arian Foster Dulles,Starter,New England Patriots,NE,DEF
4,16.14,Arian Foster Dulles,Starter,Aaron Rodgers,Pit,QB
4,12.1,Arian Foster Dulles,Starter,Ja'Marr Chase,Cin,WR|W/R/T
4,19.0,Arian Foster Dulles,Starter,Mike Williams,Pit,WR|W/R/T
4,22.4,Arian Foster Dulles,Starter,Clyde Edwards-Helaire,NO,RB|W/R/T
4,14.5,Arian Foster Dulles,Starter,Aaron Jones,Min,RB|W/R/T
4,4.4,Arian Foster Dulles,Starter,George Kittle,SF,TE|W/R/T
4,0.0,Arian Foster Dulles,Starter,Chase Claypool,Buf,WR|W/R/T
4,6.9,Arian Foster Dulles,Non-Starter,Darrell Henderson,LAR,RB|W/R/T
4,11.7,Arian Foster Dulles,Non-Starter,Hayden Hurst,LAC,TE|W/R/T
4,0.0,Arian Foster Dulles,Non-Starter,Marvin Jones,Det,WR|W/R/T
4,9.0,Arian Foster Dulles,Starter,Minnesota Vikings,Min,DEF
5,20.88,Arian Foster Dulles,Starter,Aaron Rodgers,Pit,QB
5,12.0,Arian Foster Dulles,Starter,Ja'Marr Chase,Cin,WR|W/R/T
5,23.4,Arian Foster Dulles,Starter,Mike Williams,Pit,WR|W/R/T
5,6.5,Arian Foster Dulles,Starter,Clyde Edwards-Helaire,NO,RB|W/R/T
5,10.0,Arian Foster Dulles,Starter,Aaron Jones,Min,RB|W/R/T
5,7.7,Arian Foster Dulles,Starter,George Kittle,SF,TE|W/R/T
5,7.0,Arian Foster Dulles,Starter,Darrell Henderson,LAR,RB|W/R/T
5,10.0,Arian Foster Dulles,Non-Starter,Chase Claypool,Buf,WR|W/R/T
5,17.3,Arian Foster Dulles,Non-Starter,Hayden Hurst,LAC,TE|W/R/T
5,17.4,Arian Foster Dulles,Non-Starter,Marvin Jones,Det,WR|W/R/T
5,7.0,Arian Foster Dulles,Starter,Minnesota Vikings,Min,DEF
6,13.84,Arian Foster Dulles,Starter,Aaron Rodgers,Pit,QB
6,32.2,Arian Foster Dulles,Starter,Ja'Marr Chase,Cin,WR|W/R/T
6,3.7,Arian Foster Dulles,Starter,Mike Williams,Pit,WR|W/R/T
6,3.3,Arian Foster Dulles,Starter,Clyde Edwards-Helaire,NO,RB|W/R/T
6,7.4,Arian Foster Dulles,Starter,Aaron Jones,Min,RB|W/R/T
6,16.3,Arian Foster Dulles,Starter,George Kittle,SF,TE|W/R/T
6,13.2,Arian Foster Dulles,Starter,Darrell Henderson,LAR,RB|W/R/T
6,5.1,Arian Foster Dulles,Non-Starter,Hayden Hurst,LAC,TE|W/R/T
6,23.4,Arian Foster Dulles,Non-Starter,Chase Claypool,Buf,WR|W/R/T
6,0.0,Arian Foster Dulles,Non-Starter,Marvin Jones,Det,WR|W/R/T
6,4.0,Arian Foster Dulles,Starter,Cleveland Browns,Cle,DEF
7,19.76,Arian Foster Dulles,Starter,Aaron Rodgers,Pit,QB
7,33.0,Arian Foster Dulles,Starter,Ja'Marr Chase,Cin,WR|W/R/T
7,21.6,Arian Foster Dulles,Starter,Mike Williams,Pit,WR|W/R/T
7,9.2,Arian Foster Dulles,Starter,Clyde Edwards-Helaire,NO,RB|W/R/T
7,28.6,Arian Foster Dulles,Starter,Aaron Jones,Min,RB|W/R/T
7,21.8,Arian Foster Dulles,Starter,George Kittle,SF,TE|W/R/T
7,9.1,Arian Foster Dulles,Starter,Chase Claypool,Buf,WR|W/R/T
7,0.0,Arian Foster Dulles,Non-Starter,Darrell Henderson,LAR,RB|W/R/T
7,10.8,Arian Foster Dulles,Non-Starter,Hayden Hurst,LAC,TE|W/R/T
7,9.7,Arian Foster Dulles,Non-Starter,Marvin Jones,Det,WR|W/R/T
7,22.5,Arian Foster Dulles,Starter,Tennessee Titans,Ten,DEF
8,17.22,Arian Foster Dulles,Starter,Aaron Rodgers,Pit,QB
8,14.54,Arian Foster Dulles,Starter,Chase Claypool,Buf,WR|W/R/T
8,8.9,Arian Foster Dulles,Starter,Michael Gallup,Was,WR|W/R/T
8,19.7,Arian Foster Dulles,Starter,Aaron Jones,Min,RB|W/R/T
8,5.0,Arian Foster Dulles,Starter,Darrell Henderson,LAR,RB|W/R/T
8,12.9,Arian Foster Dulles,Starter,George Kittle,SF,TE|W/R/T
8,8.2,Arian Foster Dulles,Starter,Hayden Hurst,LAC,TE|W/R/T
8,0.0,Arian Foster Dulles,Non-Starter,Ja'Marr Chase,Cin,WR|W/R/T
8,0.0,Arian Foster Dulles,Non-Starter,Mike Williams,Pit,WR|W/R/T
8,0.0,Arian Foster Dulles,Non-Starter,Clyde Edwards-Helaire,NO,RB|W/R/T
8,15.5,Arian Foster Dulles,Starter,Tennessee Titans,Ten,DEF
9,9.64,Arian Foster Dulles,Starter,Aaron Rodgers,Pit,QB
9,3.7,Arian Foster Dulles,Starter,Chase Claypool,Buf,WR|W/R/T
9,4.7,Arian Foster Dulles,Starter,Kalif Raymond,Det,WR|W/R/T
9,6.5,Arian Foster Dulles,Starter,Aaron Jones,Min,RB|W/R/T
9,5.6,Arian Foster Dulles,Starter,Darrell Henderson,LAR,RB|W/R/T
9,8.5,Arian Foster Dulles,Starter,Hayden Hurst,LAC,TE|W/R/T
9,2.9,Arian Foster Dulles,Starter,Clyde Edwards-Helaire,NO,RB|W/R/T
9,0.0,Arian Foster Dulles,Non-Starter,George Kittle,SF,TE|W/R/T
9,0.0,Arian Foster Dulles,Non-Starter,Ja'Marr Chase,Cin,WR|W/R/T
9,0.0,Arian Foster Dulles,Non-Starter,Mike Williams,Pit,WR|W/R/T
9,10.0,Arian Foster Dulles,Starter,Tennessee Titans,Ten,DEF
10,25.36,Arian Foster Dulles,Starter,Aaron Rodgers,Pit,QB
10,1.8,Arian Foster Dulles,Starter,Chase Claypool,Buf,WR|W/R/T
10,7.7,Arian Foster Dulles,Starter,Kalif Raymond,Det,WR|W/R/T
10,23.6,Arian Foster Dulles,Starter,Aaron Jones,Min,RB|W/R/T
10,10.2,Arian Foster Dulles,Starter,Darrell Henderson,LAR,RB|W/R/T
10,3.1,Arian Foster Dulles,Starter,George Kittle,SF,TE|W/R/T
10,0.0,Arian Foster Dulles,Starter,Clyde Edwards-Helaire,NO,RB|W/R/T
10,0.0,Arian Foster Dulles,Non-Starter,Hayden Hurst,LAC,TE|W/R/T
10,0.0,Arian Foster Dulles,Non-Starter,Ja'Marr Chase,Cin,WR|W/R/T
10,0.0,Arian Foster Dulles,Non-Starter,Mike Williams,Pit,WR|W/R/T
10,18.0,Arian Foster Dulles,Starter,Tennessee Titans,Ten,DEF
11,23.08,Arian Foster Dulles,Starter,Aaron Rodgers,Pit,QB
11,3.1,Arian Foster Dulles,Starter,Chase Claypool,Buf,WR|W/R/T
11,7.0,Arian Foster Dulles,Starter,Kalif Raymond,Det,WR|W/R/T
11,14.0,Arian Foster Dulles,Starter,Aaron Jones,Min,RB|W/R/T
11,0.9,Arian Foster Dulles,Starter,Darrell Henderson,LAR,RB|W/R/T
11,24.4,Arian Foster Dulles,Starter,George Kittle,SF,TE|W/R/T
11,0.9,Arian Foster Dulles,Starter,Clyde Edwards-Helaire,NO,RB|W/R/T
11,4.8,Arian Foster Dulles,Non-Starter,Hayden Hurst,LAC,TE|W/R/T
11,0.0,Arian Foster Dulles,Non-Starter,Ja'Marr Chase,Cin,WR|W/R/T
11,2.5,Arian Foster Dulles,Non-Starter,Mike Williams,Pit,WR|W/R/T
11,9.0,Arian Foster Dulles,Starter,Tennessee Titans,Ten,DEF
12,9.5,Arian Foster Dulles,Starter,Aaron Rodgers,Pit,QB
12,7.1,Arian Foster Dulles,Starter,Chase Claypool,Buf,WR|W/R/T
12,7.5,Arian Foster Dulles,Starter,Kalif Raymond,Det,WR|W/R/T
12,18.9,Arian Foster Dulles,Starter,Aaron Jones,Min,RB|W/R/T
12,9.2,Arian Foster Dulles,Starter,Gus Edwards,LAC,RB|W/R/T
12,5.6,Arian Foster Dulles,Starter,George Kittle,SF,TE|W/R/T
12,11.7,Arian Foster Dulles,Starter,Hayden Hurst,LAC,TE|W/R/T
12,0.0,Arian Foster Dulles,Non-Starter,Clyde Edwards-Helaire,NO,RB|W/R/T
12,0.0,Arian Foster Dulles,Non-Starter,Ja'Marr Chase,Cin,WR|W/R/T
12,0.0,Arian Foster Dulles,Non-Starter,Mike Williams,Pit,WR|W/R/T
12,6.0,Arian Foster Dulles,Starter,Tennessee Titans,Ten,DEF
13,15.68,Arian Foster Dulles,Starter,Aaron Rodgers,Pit,QB
13,5.8,Arian Foster Dulles,Starter,Chase Claypool,Buf,WR|W/R/T
13,2.6,Arian Foster Dulles,Starter,Kalif Raymond,Det,WR|W/R/T
13,10.0,Arian Foster Dulles,Starter,Aaron Jones,Min,RB|W/R/T
13,1.2,Arian Foster Dulles,Starter,Gus Edwards,LAC,RB|W/R/T
13,4.2,Arian Foster Dulles,Starter,George Kittle,SF,TE|W/R/T
13,16.7,Arian Foster Dulles,Starter,Ja'Marr Chase,Cin,WR|W/R/T
13,3.2,Arian Foster Dulles,Non-Starter,Hayden Hurst,LAC,TE|W/R/T
13,0.0,Arian Foster Dulles,Non-Starter,Clyde Edwards-Helaire,NO,RB|W/R/T
13,0.0,Arian Foster Dulles,Non-Starter,Mike Williams,Pit,WR|W/R/T
13,1.0,Arian Foster Dulles,Starter,Tennessee Titans,Ten,DEF
14,19.76,Arian Foster Dulles,Starter,Ryan Tannehill,Ten,QB
14,23.6,Arian Foster Dulles,Starter,Mike Williams,Pit,WR|W/R/T
14,8.8,Arian Foster Dulles,Starter,Kendall Hinton,Den,WR|W/R/T
14,6.6,Arian Foster Dulles,Starter,Gus Edwards,LAC,RB|W/R/T
14,18.9,Arian Foster Dulles,Starter,Chuba Hubbard,Car,RB|W/R/T
14,6.8,Arian Foster Dulles,Starter,George Kittle,SF,TE|W/R/T
14,28.5,Arian Foster Dulles,Starter,Ja'Marr Chase,Cin,WR|W/R/T
14,0.0,Arian Foster Dulles,Non-Starter,Aaron Jones,Min,RB|W/R/T
14,0.0,Arian Foster Dulles,Non-Starter,Aaron Rodgers,Pit,QB
14,0.0,Arian Foster Dulles,Non-Starter,Chase Claypool,Buf,WR|W/R/T
14,-0.5,Arian Foster Dulles,Starter,Tennessee Titans,Ten,DEF
1,44.9,KC Masterpiece,Starter,Patrick Mahomes,KC,QB
1,9.9,KC Masterpiece,Starter,Elijah Moore,Buf,WR|W/R/T
1,1.9,KC Masterpiece,Starter,DeVante Parker,NE,WR|W/R/T
1,8.3,KC Masterpiece,Starter,Josh Jacobs,GB,RB|W/R/T
1,20.0,KC Masterpiece,Starter,Antonio Gibson,NE,RB|W/R/T
1,26.1,KC Masterpiece,Starter,Travis Kelce,KC,TE|W/R/T
1,7.2,KC Masterpiece,Starter,Melvin Gordon,Bal,RB|W/R/T
1,0.0,KC Masterpiece,Non-Starter,Kenneth Walker III,Sea,RB|W/R/T
1,3.9,KC Masterpiece,Non-Starter,Joshua Palmer,Buf,WR|W/R/T
1,0.0,KC Masterpiece,Non-Starter,Isaiah Likely,Bal,TE|W/R/T
1,13.5,KC Masterpiece,Starter,Tennessee Titans,Ten,DEF
2,21.3,KC Masterpiece,Starter,Patrick Mahomes,KC,QB
2,6.5,KC Masterpiece,Starter,Elijah Moore,Buf,WR|W/R/T
2,0.0,KC Masterpiece,Starter,Donovan Peoples-Jones,NO,WR|W/R/T
2,9.1,KC Masterpiece,Starter,Josh Jacobs,GB,RB|W/R/T
2,12.1,KC Masterpiece,Starter,Antonio Gibson,NE,RB|W/R/T
2,10.1,KC Masterpiece,Starter,Travis Kelce,KC,TE|W/R/T
2,6.3,KC Masterpiece,Starter,Melvin Gordon,Bal,RB|W/R/T
2,0.0,KC Masterpiece,Non-Starter,DeVante Parker,NE,WR|W/R/T
2,3.5,KC Masterpiece,Non-Starter,Kenneth Walker III,Sea,RB|W/R/T
2,13.0,KC Masterpiece,Non-Starter,Joshua Palmer,Buf,WR|W/R/T
2,10.5,KC Masterpiece,Starter,New York Giants,NYG,DEF
3,17.08,KC Masterpiece,Starter,Patrick Mahomes,KC,QB
3,8.9,KC Masterpiece,Starter,Elijah Moore,Buf,WR|W/R/T
3,9.9,KC Masterpiece,Starter,Sterling Shepard,TB,WR|W/R/T
3,11.0,KC Masterpiece,Starter,Antonio Gibson,NE,RB|W/R/T
3,14.7,KC Masterpiece,Starter,Josh Jacobs,GB,RB|W/R/T
3,17.9,KC Masterpiece,Starter,Travis Kelce,KC,TE|W/R/T
3,13.9,KC Masterpiece,Starter,JuJu Smith-Schuster,KC,WR|W/R/T
3,16.5,KC Masterpiece,Non-Starter,Melvin Gordon,Bal,RB|W/R/T
3,6.3,KC Masterpiece,Non-Starter,Kenneth Walker III,Sea,RB|W/R/T
3,2.0,KC Masterpiece,Non-Starter,Jerick McKinnon,KC,RB|W/R/T
3,1.0,KC Masterpiece,Starter,New York Giants,NYG,DEF
4,27.36,KC Masterpiece,Starter,Patrick Mahomes,KC,QB
4,9.6,KC Masterpiece,Starter,JuJu Smith-Schuster,KC,WR|W/R/T
4,1.6,KC Masterpiece,Starter,Greg Dortch,Ari,WR|W/R/T
4,9.3,KC Masterpiece,Starter,Antonio Gibson,NE,RB|W/R/T
4,34.5,KC Masterpiece,Starter,Josh Jacobs,GB,RB|W/R/T
4,24.2,KC Masterpiece,Starter,Travis Kelce,KC,TE|W/R/T
4,-1.2,KC Masterpiece,Starter,Melvin Gordon,Bal,RB|W/R/T
4,8.5,KC Masterpiece,Non-Starter,Elijah Moore,Buf,WR|W/R/T
4,1.0,KC Masterpiece,Non-Starter,Jerick McKinnon,KC,RB|W/R/T
4,0.0,KC Masterpiece,Non-Starter,Zay Jones,Ari,WR|W/R/T
4,21.0,KC Masterpiece,Starter,New York Giants,NYG,DEF
5,38.48,KC Masterpiece,Starter,Patrick Mahomes,KC,QB
5,6.3,KC Masterpiece,Starter,JuJu Smith-Schuster,KC,WR|W/R/T
5,4.2,KC Masterpiece,Starter,Zay Jones,Ari,WR|W/R/T
5,30.3,KC Masterpiece,Starter,Josh Jacobs,GB,RB|W/R/T
5,13.3,KC Masterpiece,Starter,Melvin Gordon,Bal,RB|W/R/T
5,33.5,KC Masterpiece,Starter,Travis Kelce,KC,TE|W/R/T
5,6.9,KC Masterpiece,Starter,Antonio Gibson,NE,RB|W/R/T
5,0.0,KC Masterpiece,Non-Starter,Latavius Murray,Buf,RB|W/R/T
5,8.4,KC Masterpiece,Non-Starter,Michael Gallup,Was,WR|W/R/T
5,13.1,KC Masterpiece,Non-Starter,Rondale Moore,Min,WR|W/R/T
5,8.0,KC Masterpiece,Starter,Tennessee Titans,Ten,DEF
6,19.62,KC Masterpiece,Starter,Patrick Mahomes,KC,QB
6,9.2,KC Masterpiece,Starter,Zay Jones,Ari,WR|W/R/T
6,22.3,KC Masterpiece,Starter,JuJu Smith-Schuster,KC,WR|W/R/T
6,0.8,KC Masterpiece,Starter,Melvin Gordon,Bal,RB|W/R/T
6,8.3,KC Masterpiece,Starter,Antonio Gibson,NE,RB|W/R/T
6,19.2,KC Masterpiece,Starter,Travis Kelce,KC,TE|W/R/T
6,10.9,KC Masterpiece,Starter,Rondale Moore,Min,WR|W/R/T
6,0.0,KC Masterpiece,Non-Starter,Josh Jacobs,GB,RB|W/R/T
6,3.8,KC Masterpiece,Non-Starter,Michael Gallup,Was,WR|W/R/T
6,0.0,KC Masterpiece,Non-Starter,Joshua Kelley,Ten,RB|W/R/T
6,10.0,KC Masterpiece,Starter,Baltimore Ravens,Bal,DEF
7,30.92,KC Masterpiece,Starter,Patrick Mahomes,KC,QB
7,25.4,KC Masterpiece,Starter,JuJu Smith-Schuster,KC,WR|W/R/T
7,4.1,KC Masterpiece,Starter,Rondale Moore,Min,WR|W/R/T
7,36.5,KC Masterpiece,Starter,Josh Jacobs,GB,RB|W/R/T
7,16.7,KC Masterpiece,Starter,Antonio Gibson,NE,RB|W/R/T
7,15.8,KC Masterpiece,Starter,Travis Kelce,KC,TE|W/R/T
7,0.0,KC Masterpiece,Starter,Michael Gallup,Was,WR|W/R/T
7,10.8,KC Masterpiece,Non-Starter,Zay Jones,Ari,WR|W/R/T
7,15.3,KC Masterpiece,Non-Starter,Chuba Hubbard,Car,RB|W/R/T
7,0.0,KC Masterpiece,Non-Starter,Kirk Cousins,Atl,QB
7,7.5,KC Masterpiece,Starter,New England Patriots,NE,DEF
8,27.48,KC Masterpiece,Starter,Kirk Cousins,Atl,QB
8,6.5,KC Masterpiece,Starter,Zay Jones,Ari,WR|W/R/T
8,10.4,KC Masterpiece,Starter,Allen Robinson,Det,WR|W/R/T
8,7.4,KC Masterpiece,Starter,Josh Jacobs,GB,RB|W/R/T
8,20.7,KC Masterpiece,Starter,Antonio Gibson,NE,RB|W/R/T
8,12.7,KC Masterpiece,Starter,Greg Dulcich,NYG,TE|W/R/T
8,1.3,KC Masterpiece,Starter,Sammy Watkins,Bal,WR|W/R/T
8,0.0,KC Masterpiece,Non-Starter,Travis Kelce,KC,TE|W/R/T
8,0.0,KC Masterpiece,Non-Starter,JuJu Smith-Schuster,KC,WR|W/R/T
8,0.0,KC Masterpiece,Non-Starter,Patrick Mahomes,KC,QB
8,12.5,KC Masterpiece,Starter,New England Patriots,NE,DEF
9,34.14,KC Masterpiece,Starter,Patrick Mahomes,KC,QB
9,14.9,KC Masterpiece,Starter,Rondale Moore,Min,WR|W/R/T
9,18.6,KC Masterpiece,Starter,Joshua Palmer,Buf,WR|W/R/T
9,11.7,KC Masterpiece,Starter,Josh Jacobs,GB,RB|W/R/T
9,5.6,KC Masterpiece,Starter,Deon Jackson,Det,RB|W/R/T
9,20.6,KC Masterpiece,Starter,Travis Kelce,KC,TE|W/R/T
9,18.8,KC Masterpiece,Starter,JuJu Smith-Schuster,KC,WR|W/R/T
9,6.7,KC Masterpiece,Non-Starter,Antonio Gibson,NE,RB|W/R/T
9,5.4,KC Masterpiece,Non-Starter,Allen Robinson,Det,WR|W/R/T
9,0.0,KC Masterpiece,Non-Starter,Odell Beckham,Mia,WR|W/R/T
9,33.5,KC Masterpiece,Starter,New England Patriots,NE,DEF
10,37.14,KC Masterpiece,Starter,Patrick Mahomes,KC,QB
10,18.4,KC Masterpiece,Starter,Rondale Moore,Min,WR|W/R/T
10,7.4,KC Masterpiece,Starter,Joshua Palmer,Buf,WR|W/R/T
10,22.6,KC Masterpiece,Starter,Josh Jacobs,GB,RB|W/R/T
10,14.8,KC Masterpiece,Starter,Antonio Gibson,NE,RB|W/R/T
10,20.1,KC Masterpiece,Starter,Travis Kelce,KC,TE|W/R/T
10,5.3,KC Masterpiece,Starter,JuJu Smith-Schuster,KC,WR|W/R/T
10,10.7,KC Masterpiece,Non-Starter,Jaylen Warren,Pit,RB|W/R/T
10,11.0,KC Masterpiece,Starter,New Orleans Saints,NO,DEF
10,0.0,KC Masterpiece,Non-Starter,New England Patriots,NE,DEF
10,0.0,KC Masterpiece,Non-Starter,Baltimore Ravens,Bal,DEF
11,33.46,KC Masterpiece,Starter,Patrick Mahomes,KC,QB
11,-0.6,KC Masterpiece,Starter,Rondale Moore,Min,WR|W/R/T
11,14.7,KC Masterpiece,Starter,Allen Robinson,Det,WR|W/R/T
11,19.0,KC Masterpiece,Starter,Josh Jacobs,GB,RB|W/R/T
11,13.3,KC Masterpiece,Starter,Antonio Gibson,NE,RB|W/R/T
11,35.5,KC Masterpiece,Starter,Travis Kelce,KC,TE|W/R/T
11,9.8,KC Masterpiece,Starter,Nico Collins,Hou,WR|W/R/T
11,0.0,KC Masterpiece,Non-Starter,JuJu Smith-Schuster,KC,WR|W/R/T
11,1.9,KC Masterpiece,Non-Starter,Jaylen Warren,Pit,RB|W/R/T
11,0.0,KC Masterpiece,Non-Starter,Jerry Jeudy,Cle,WR|W/R/T
11,21.5,KC Masterpiece,Starter,Baltimore Ravens,Bal,DEF
12,18.4,KC Masterpiece,Starter,Patrick Mahomes,KC,QB
12,17.0,KC Masterpiece,Starter,Treylon Burks,Ten,WR|W/R/T
12,27.5,KC Masterpiece,Starter,Zay Jones,Ari,WR|W/R/T
12,48.3,KC Masterpiece,Starter,Josh Jacobs,GB,RB|W/R/T
12,8.4,KC Masterpiece,Starter,Antonio Gibson,NE,RB|W/R/T
12,15.7,KC Masterpiece,Starter,Travis Kelce,KC,TE|W/R/T
12,6.8,KC Masterpiece,Starter,JuJu Smith-Schuster,KC,WR|W/R/T
12,0.0,KC Masterpiece,Non-Starter,Jerry Jeudy,Cle,WR|W/R/T
12,0.0,KC Masterpiece,Non-Starter,Rondale Moore,Min,WR|W/R/T
12,6.5,KC Masterpiece,Starter,New England Patriots,NE,DEF
12,9.5,KC Masterpiece,Non-Starter,Baltimore Ravens,Bal,DEF
13,21.82,KC Masterpiece,Starter,Patrick Mahomes,KC,QB
13,9.5,KC Masterpiece,Starter,Treylon Burks,Ten,WR|W/R/T
13,3.6,KC Masterpiece,Starter,Zay Jones,Ari,WR|W/R/T
13,21.0,KC Masterpiece,Starter,Josh Jacobs,GB,RB|W/R/T
13,7.9,KC Masterpiece,Starter,Antonio Gibson,NE,RB|W/R/T
13,7.6,KC Masterpiece,Starter,Travis Kelce,KC,TE|W/R/T
13,6.5,KC Masterpiece,Starter,JuJu Smith-Schuster,KC,WR|W/R/T
13,10.5,KC Masterpiece,Non-Starter,Jerry Jeudy,Cle,WR|W/R/T
13,0.0,KC Masterpiece,Non-Starter,Rondale Moore,Min,WR|W/R/T
13,10.0,KC Masterpiece,Starter,Baltimore Ravens,Bal,DEF
13,0.0,KC Masterpiece,Non-Starter,Carolina Panthers,Car,DEF
14,19.78,KC Masterpiece,Starter,Patrick Mahomes,KC,QB
14,21.7,KC Masterpiece,Starter,Zay Jones,Ari,WR|W/R/T
14,33.3,KC Masterpiece,Starter,Jerry Jeudy,Cle,WR|W/R/T
14,19.4,KC Masterpiece,Starter,Josh Jacobs,GB,RB|W/R/T
14,5.4,KC Masterpiece,Starter,Travis Homer,Chi,RB|W/R/T
14,11.1,KC Masterpiece,Starter,Travis Kelce,KC,TE|W/R/T
14,22.4,KC Masterpiece,Starter,JuJu Smith-Schuster,KC,WR|W/R/T
14,0.0,KC Masterpiece,Non-Starter,Antonio Gibson,NE,RB|W/R/T
14,0.0,KC Masterpiece,Non-Starter,Treylon Burks,Ten,WR|W/R/T
14,13.0,KC Masterpiece,Starter,Baltimore Ravens,Bal,DEF
14,1.5,KC Masterpiece,Non-Starter,Minnesota Vikings,Min,DEF
15,36.74,KC Masterpiece,Starter,Patrick Mahomes,KC,QB
15,34.9,KC Masterpiece,Starter,Zay Jones,Ari,WR|W/R/T
15,14.6,KC Masterpiece,Starter,Jerry Jeudy,Cle,WR|W/R/T
15,13.0,KC Masterpiece,Starter,Josh Jacobs,GB,RB|W/R/T
15,4.7,KC Masterpiece,Starter,Antonio Gibson,NE,RB|W/R/T
15,20.5,KC Masterpiece,Starter,Travis Kelce,KC,TE|W/R/T
15,16.8,KC Masterpiece,Starter,JuJu Smith-Schuster,KC,WR|W/R/T
15,0.0,KC Masterpiece,Non-Starter,Treylon Burks,Ten,WR|W/R/T
15,0.0,KC Masterpiece,Non-Starter,Malcolm Brown,LAR,RB|W/R/T
15,0.7,KC Masterpiece,Non-Starter,Kyren Williams,LAR,RB|W/R/T
15,11.0,KC Masterpiece,Starter,Baltimore Ravens,Bal,DEF
16,27.76,KC Masterpiece,Starter,Patrick Mahomes,KC,QB
16,2.1,KC Masterpiece,Starter,Zay Jones,Ari,WR|W/R/T
16,17.7,KC Masterpiece,Starter,Jerry Jeudy,Cle,WR|W/R/T
16,6.0,KC Masterpiece,Starter,Josh Jacobs,GB,RB|W/R/T
16,3.9,KC Masterpiece,Starter,Deon Jackson,Det,RB|W/R/T
16,17.3,KC Masterpiece,Starter,Travis Kelce,KC,TE|W/R/T
16,5.7,KC Masterpiece,Starter,JuJu Smith-Schuster,KC,WR|W/R/T
16,2.3,KC Masterpiece,Non-Starter,Khalil Herbert,Ind,RB|W/R/T
16,1.5,KC Masterpiece,Non-Starter,Treylon Burks,Ten,WR|W/R/T
16,11.0,KC Masterpiece,Starter,Baltimore Ravens,Bal,DEF
16,19.5,KC Masterpiece,Non-Starter,Jacksonville Jaguars,Jax,DEF
17,29.52,KC Masterpiece,Starter,Patrick Mahomes,KC,QB
17,5.4,KC Masterpiece,Starter,Zay Jones,Ari,WR|W/R/T
17,10.8,KC Masterpiece,Starter,Jerry Jeudy,Cle,WR|W/R/T
17,19.5,KC Masterpiece,Starter,Josh Jacobs,GB,RB|W/R/T
17,3.1,KC Masterpiece,Starter,Khalil Herbert,Ind,RB|W/R/T
17,11.3,KC Masterpiece,Starter,Travis Kelce,KC,TE|W/R/T
17,4.1,KC Masterpiece,Starter,JuJu Smith-Schuster,KC,WR|W/R/T
17,1.0,KC Masterpiece,Non-Starter,Deon Jackson,Det,RB|W/R/T
17,12.6,KC Masterpiece,Non-Starter,Treylon Burks,Ten,WR|W/R/T
17,20.0,KC Masterpiece,Starter,Jacksonville Jaguars,Jax,DEF
17,5.0,KC Masterpiece,Non-Starter,Baltimore Ravens,Bal,DEF
1,24.22,Cock Pasta,Starter,Lamar Jackson,Bal,QB
1,26.2,Cock Pasta,Starter,Stefon Diggs,NE,WR|W/R/T
1,8.6,Cock Pasta,Starter,DK Metcalf,Pit,WR|W/R/T
1,15.3,Cock Pasta,Starter,Nick Chubb,Hou,RB|W/R/T
1,8.7,Cock Pasta,Starter,Rashaad Penny,Phi,RB|W/R/T
1,7.8,Cock Pasta,Starter,T.J. Hockenson,Min,TE|W/R/T
1,17.0,Cock Pasta,Starter,Michael Carter,Ari,RB|W/R/T
1,4.1,Cock Pasta,Non-Starter,Rachaad White,TB,RB|W/R/T
1,1.3,Cock Pasta,Non-Starter,George Pickens,Dal,WR|W/R/T
1,6.5,Cock Pasta,Starter,Cincinnati Bengals,Cin,DEF
1,21.5,Cock Pasta,Non-Starter,Buffalo,Buf,DEF
2,48.62,Cock Pasta,Starter,Lamar Jackson,Bal,QB
2,44.8,Cock Pasta,Starter,Stefon Diggs,NE,WR|W/R/T
2,7.5,Cock Pasta,Starter,DK Metcalf,Pit,WR|W/R/T
2,32.3,Cock Pasta,Starter,Nick Chubb,Hou,RB|W/R/T
2,1.5,Cock Pasta,Starter,Rashaad Penny,Phi,RB|W/R/T
2,5.6,Cock Pasta,Starter,T.J. Hockenson,Min,TE|W/R/T
2,10.0,Cock Pasta,Starter,Michael Carter,Ari,RB|W/R/T
2,0.1,Cock Pasta,Non-Starter,Rachaad White,TB,RB|W/R/T
2,3.3,Cock Pasta,Non-Starter,George Pickens,Dal,WR|W/R/T
2,6.5,Cock Pasta,Starter,Cincinnati Bengals,Cin,DEF
2,25.5,Cock Pasta,Non-Starter,Buffalo,Buf,DEF
3,45.42,Cock Pasta,Starter,Lamar Jackson,Bal,QB
3,14.4,Cock Pasta,Starter,Stefon Diggs,NE,WR|W/R/T
3,17.4,Cock Pasta,Starter,DK Metcalf,Pit,WR|W/R/T
3,17.3,Cock Pasta,Starter,Nick Chubb,Hou,RB|W/R/T
3,7.9,Cock Pasta,Starter,Rashaad Penny,Phi,RB|W/R/T
3,10.8,Cock Pasta,Starter,T.J. Hockenson,Min,TE|W/R/T
3,5.6,Cock Pasta,Starter,Michael Carter,Ari,RB|W/R/T
3,0.0,Cock Pasta,Non-Starter,Rachaad White,TB,RB|W/R/T
3,6.9,Cock Pasta,Non-Starter,George Pickens,Dal,WR|W/R/T
3,19.5,Cock Pasta,Starter,Cincinnati Bengals,Cin,DEF
3,6.0,Cock Pasta,Non-Starter,Buffalo,Buf,DEF
4,11.06,Cock Pasta,Starter,Lamar Jackson,Bal,QB
4,10.2,Cock Pasta,Starter,Stefon Diggs,NE,WR|W/R/T
4,21.9,Cock Pasta,Starter,DK Metcalf,Pit,WR|W/R/T
4,20.7,Cock Pasta,Starter,Nick Chubb,Hou,RB|W/R/T
4,28.7,Cock Pasta,Starter,Rashaad Penny,Phi,RB|W/R/T
4,39.9,Cock Pasta,Starter,T.J. Hockenson,Min,TE|W/R/T
4,4.9,Cock Pasta,Starter,Michael Carter,Ari,RB|W/R/T
4,14.6,Cock Pasta,Non-Starter,Rachaad White,TB,RB|W/R/T
4,16.2,Cock Pasta,Non-Starter,George Pickens,Dal,WR|W/R/T
4,11.5,Cock Pasta,Starter,Cincinnati Bengals,Cin,DEF
4,10.5,Cock Pasta,Non-Starter,Buffalo,Buf,DEF
5,14.76,Cock Pasta,Starter,Lamar Jackson,Bal,QB
5,24.2,Cock Pasta,Starter,Stefon Diggs,NE,WR|W/R/T
5,17.8,Cock Pasta,Starter,DK Metcalf,Pit,WR|W/R/T
5,25.4,Cock Pasta,Starter,Nick Chubb,Hou,RB|W/R/T
5,5.4,Cock Pasta,Starter,Rashaad Penny,Phi,RB|W/R/T
5,1.6,Cock Pasta,Starter,T.J. Hockenson,Min,TE|W/R/T
5,17.3,Cock Pasta,Starter,Michael Carter,Ari,RB|W/R/T
5,7.2,Cock Pasta,Non-Starter,Rachaad White,TB,RB|W/R/T
5,14.3,Cock Pasta,Non-Starter,George Pickens,Dal,WR|W/R/T
5,18.5,Cock Pasta,Starter,Buffalo,Buf,DEF
5,5.0,Cock Pasta,Non-Starter,Cincinnati Bengals,Cin,DEF
6,16.1,Cock Pasta,Starter,Lamar Jackson,Bal,QB
6,30.8,Cock Pasta,Starter,Stefon Diggs,NE,WR|W/R/T
6,5.4,Cock Pasta,Starter,DK Metcalf,Pit,WR|W/R/T
6,8.0,Cock Pasta,Starter,Nick Chubb,Hou,RB|W/R/T
6,5.7,Cock Pasta,Starter,Michael Carter,Ari,RB|W/R/T
6,10.7,Cock Pasta,Starter,Irv Smith,Hou,TE|W/R/T
6,5.8,Cock Pasta,Starter,George Pickens,Dal,WR|W/R/T
6,0.0,Cock Pasta,Non-Starter,T.J. Hockenson,Min,TE|W/R/T
6,5.3,Cock Pasta,Non-Starter,Rachaad White,TB,RB|W/R/T
6,4.5,Cock Pasta,Starter,Cincinnati Bengals,Cin,DEF
6,11.0,Cock Pasta,Non-Starter,Buffalo,Buf,DEF
7,10.7,Cock Pasta,Starter,Lamar Jackson,Bal,QB
7,2.2,Cock Pasta,Starter,DK Metcalf,Pit,WR|W/R/T
7,18.1,Cock Pasta,Starter,George Pickens,Dal,WR|W/R/T
7,18.7,Cock Pasta,Starter,Nick Chubb,Hou,RB|W/R/T
7,9.4,Cock Pasta,Starter,Michael Carter,Ari,RB|W/R/T
7,8.8,Cock Pasta,Starter,T.J. Hockenson,Min,TE|W/R/T
7,4.2,Cock Pasta,Starter,Rachaad White,TB,RB|W/R/T
7,0.0,Cock Pasta,Non-Starter,Stefon Diggs,NE,WR|W/R/T
7,0.0,Cock Pasta,Non-Starter,Irv Smith,Hou,TE|W/R/T
7,8.0,Cock Pasta,Starter,Cincinnati Bengals,Cin,DEF
7,0.0,Cock Pasta,Non-Starter,Buffalo,Buf,DEF
8,25.82,Cock Pasta,Starter,Lamar Jackson,Bal,QB
8,0.0,Cock Pasta,Starter,George Pickens,Dal,WR|W/R/T
8,22.8,Cock Pasta,Starter,Stefon Diggs,NE,WR|W/R/T
8,25.4,Cock Pasta,Starter,Nick Chubb,Hou,RB|W/R/T
8,10.1,Cock Pasta,Starter,Michael Carter,Ari,RB|W/R/T
8,11.0,Cock Pasta,Starter,T.J. Hockenson,Min,TE|W/R/T
8,7.3,Cock Pasta,Starter,Rachaad White,TB,RB|W/R/T
8,17.5,Cock Pasta,Non-Starter,DK Metcalf,Pit,WR|W/R/T
8,6.8,Cock Pasta,Non-Starter,Irv Smith,Hou,TE|W/R/T
8,7.5,Cock Pasta,Starter,Buffalo,Buf,DEF
8,9.0,Cock Pasta,Non-Starter,Cincinnati Bengals,Cin,DEF
9,19.52,Cock Pasta,Starter,Lamar Jackson,Bal,QB
9,14.3,Cock Pasta,Starter,Stefon Diggs,NE,WR|W/R/T
9,14.7,Cock Pasta,Starter,DK Metcalf,Pit,WR|W/R/T
9,15.6,Cock Pasta,Starter,Michael Carter,Ari,RB|W/R/T
9,3.4,Cock Pasta,Starter,Caleb Huntley,Atl,RB|W/R/T
9,16.0,Cock Pasta,Starter,T.J. Hockenson,Min,TE|W/R/T
9,6.4,Cock Pasta,Starter,Rachaad White,TB,RB|W/R/T
9,0.0,Cock Pasta,Non-Starter,Nick Chubb,Hou,RB|W/R/T
9,0.0,Cock Pasta,Non-Starter,George Pickens,Dal,WR|W/R/T
9,7.5,Cock Pasta,Starter,Buffalo,Buf,DEF
9,8.5,Cock Pasta,Non-Starter,Cincinnati Bengals,Cin,DEF
10,22.28,Cock Pasta,Starter,Daniel Jones,Ind,QB
10,24.8,Cock Pasta,Starter,Stefon Diggs,NE,WR|W/R/T
10,13.1,Cock Pasta,Starter,DK Metcalf,Pit,WR|W/R/T
10,15.1,Cock Pasta,Starter,Nick Chubb,Hou,RB|W/R/T
10,10.5,Cock Pasta,Starter,Rachaad White,TB,RB|W/R/T
10,11.5,Cock Pasta,Starter,T.J. Hockenson,Min,TE|W/R/T
10,14.5,Cock Pasta,Starter,George Pickens,Dal,WR|W/R/T
10,3.2,Cock Pasta,Non-Starter,Caleb Huntley,Atl,RB|W/R/T
10,0.0,Cock Pasta,Non-Starter,Michael Carter,Ari,RB|W/R/T
10,0.0,Cock Pasta,Non-Starter,Lamar Jackson,Bal,QB
10,14.0,Cock Pasta,Starter,Buffalo,Buf,DEF
11,13.46,Cock Pasta,Starter,Lamar Jackson,Bal,QB
11,14.8,Cock Pasta,Starter,Stefon Diggs,NE,WR|W/R/T
11,18.3,Cock Pasta,Starter,George Pickens,Dal,WR|W/R/T
11,9.7,Cock Pasta,Starter,Nick Chubb,Hou,RB|W/R/T
11,2.7,Cock Pasta,Starter,Michael Carter,Ari,RB|W/R/T
11,8.4,Cock Pasta,Starter,T.J. Hockenson,Min,TE|W/R/T
11,1.6,Cock Pasta,Starter,Caleb Huntley,Atl,RB|W/R/T
11,0.0,Cock Pasta,Non-Starter,DK Metcalf,Pit,WR|W/R/T
11,22.64,Cock Pasta,Non-Starter,Daniel Jones,Ind,QB
11,0.0,Cock Pasta,Non-Starter,Rachaad White,TB,RB|W/R/T
11,10.0,Cock Pasta,Starter,Buffalo,Buf,DEF
12,25.06,Cock Pasta,Starter,Lamar Jackson,Bal,QB
12,21.7,Cock Pasta,Starter,Stefon Diggs,NE,WR|W/R/T
12,20.0,Cock Pasta,Starter,DK Metcalf,Pit,WR|W/R/T
12,20.2,Cock Pasta,Starter,Nick Chubb,Hou,RB|W/R/T
12,5.6,Cock Pasta,Starter,Michael Carter,Ari,RB|W/R/T
12,15.3,Cock Pasta,Starter,T.J. Hockenson,Min,TE|W/R/T
12,19.9,Cock Pasta,Starter,Rachaad White,TB,RB|W/R/T
12,2.3,Cock Pasta,Non-Starter,Caleb Huntley,Atl,RB|W/R/T
12,10.7,Cock Pasta,Non-Starter,George Pickens,Dal,WR|W/R/T
12,16.52,Cock Pasta,Non-Starter,Daniel Jones,Ind,QB
12,12.0,Cock Pasta,Starter,Buffalo,Buf,DEF
13,1.34,Cock Pasta,Starter,Lamar Jackson,Bal,QB
13,22.2,Cock Pasta,Starter,Stefon Diggs,NE,WR|W/R/T
13,26.7,Cock Pasta,Starter,DK Metcalf,Pit,WR|W/R/T
13,8.0,Cock Pasta,Starter,Nick Chubb,Hou,RB|W/R/T
13,16.9,Cock Pasta,Starter,Rachaad White,TB,RB|W/R/T
13,7.3,Cock Pasta,Starter,T.J. Hockenson,Min,TE|W/R/T
13,1.2,Cock Pasta,Starter,George Pickens,Dal,WR|W/R/T
13,0.0,Cock Pasta,Non-Starter,Michael Carter,Ari,RB|W/R/T
13,1.7,Cock Pasta,Non-Starter,Caleb Huntley,Atl,RB|W/R/T
13,19.1,Cock Pasta,Non-Starter,Daniel Jones,Ind,QB
13,9.0,Cock Pasta,Starter,Buffalo,Buf,DEF
14,21.36,Cock Pasta,Starter,Daniel Jones,Ind,QB
14,6.7,Cock Pasta,Starter,Stefon Diggs,NE,WR|W/R/T
14,18.1,Cock Pasta,Starter,DK Metcalf,Pit,WR|W/R/T
14,8.4,Cock Pasta,Starter,Nick Chubb,Hou,RB|W/R/T
14,10.7,Cock Pasta,Starter,Rachaad White,TB,RB|W/R/T
14,11.7,Cock Pasta,Starter,T.J. Hockenson,Min,TE|W/R/T
14,10.8,Cock Pasta,Starter,George Pickens,Dal,WR|W/R/T
14,0.0,Cock Pasta,Non-Starter,Lamar Jackson,Bal,QB
14,3.0,Cock Pasta,Non-Starter,Michael Carter,Ari,RB|W/R/T
14,0.0,Cock Pasta,Non-Starter,Caleb Huntley,Atl,RB|W/R/T
14,16.5,Cock Pasta,Starter,Buffalo,Buf,DEF
15,9.9,Cock Pasta,Starter,Daniel Jones,Ind,QB
15,10.7,Cock Pasta,Starter,Stefon Diggs,NE,WR|W/R/T
15,12.5,Cock Pasta,Starter,DK Metcalf,Pit,WR|W/R/T
15,9.9,Cock Pasta,Starter,Nick Chubb,Hou,RB|W/R/T
15,5.3,Cock Pasta,Starter,Rachaad White,TB,RB|W/R/T
15,8.3,Cock Pasta,Starter,T.J. Hockenson,Min,TE|W/R/T
15,7.3,Cock Pasta,Starter,George Pickens,Dal,WR|W/R/T
15,0.0,Cock Pasta,Non-Starter,Lamar Jackson,Bal,QB
15,4.1,Cock Pasta,Non-Starter,Michael Carter,Ari,RB|W/R/T
15,0.2,Cock Pasta,Non-Starter,Caleb Huntley,Atl,RB|W/R/T
15,3.0,Cock Pasta,Starter,Buffalo,Buf,DEF
16,20.76,Cock Pasta,Starter,Daniel Jones,Ind,QB
16,4.6,Cock Pasta,Starter,Stefon Diggs,NE,WR|W/R/T
16,15.1,Cock Pasta,Starter,DK Metcalf,Pit,WR|W/R/T
16,11.2,Cock Pasta,Starter,Nick Chubb,Hou,RB|W/R/T
16,15.3,Cock Pasta,Starter,Rachaad White,TB,RB|W/R/T
16,35.9,Cock Pasta,Starter,T.J. Hockenson,Min,TE|W/R/T
16,16.7,Cock Pasta,Starter,George Pickens,Dal,WR|W/R/T
16,0.0,Cock Pasta,Non-Starter,Lamar Jackson,Bal,QB
16,10.0,Cock Pasta,Non-Starter,Michael Carter,Ari,RB|W/R/T
16,0.0,Cock Pasta,Non-Starter,Caleb Huntley,Atl,RB|W/R/T
16,17.0,Cock Pasta,Starter,Buffalo,Buf,DEF
17,40.18,Cock Pasta,Starter,Daniel Jones,Ind,QB
17,0.0,Cock Pasta,Starter,Stefon Diggs,NE,WR|W/R/T
17,1.3,Cock Pasta,Starter,DK Metcalf,Pit,WR|W/R/T
17,12.6,Cock Pasta,Starter,Nick Chubb,Hou,RB|W/R/T
17,9.8,Cock Pasta,Starter,Rachaad White,TB,RB|W/R/T
17,12.9,Cock Pasta,Starter,T.J. Hockenson,Min,TE|W/R/T
17,4.9,Cock Pasta,Starter,George Pickens,Dal,WR|W/R/T
17,0.0,Cock Pasta,Non-Starter,Lamar Jackson,Bal,QB
17,2.5,Cock Pasta,Non-Starter,Michael Carter,Ari,RB|W/R/T
17,0.0,Cock Pasta,Non-Starter,Caleb Huntley,Atl,RB|W/R/T
17,0.0,Cock Pasta,Starter,Buffalo,Buf,DEF
1,33.48,Where Da Gold At?,Starter,Josh Allen,Buf,QB
1,27.1,Where Da Gold At?,Starter,Michael Pittman,Ind,WR|W/R/T
1,6.7,Where Da Gold At?,Starter,Brandon Aiyuk,SF,WR|W/R/T
1,8.0,Where Da Gold At?,Starter,David Montgomery,Det,RB|W/R/T
1,7.8,Where Da Gold At?,Starter,Damien Harris,Buf,RB|W/R/T
1,13.2,Where Da Gold At?,Starter,Dalton Schultz,Hou,TE|W/R/T
1,10.6,Where Da Gold At?,Starter,Mecole Hardman,GB,WR|W/R/T
1,11.4,Where Da Gold At?,Non-Starter,Nyheim Miller-Hines,LAC,RB|W/R/T
1,0.0,Where Da Gold At?,Non-Starter,DeAndre Hopkins,Bal,WR|W/R/T
1,1.3,Where Da Gold At?,Non-Starter,Mark Ingram II,NO,RB|W/R/T
1,8.5,Where Da Gold At?,Starter,Dallas Cowboys,Dal,DEF
2,37.68,Where Da Gold At?,Starter,Josh Allen,Buf,QB
2,0.0,Where Da Gold At?,Starter,Michael Pittman,Ind,WR|W/R/T
2,11.3,Where Da Gold At?,Starter,Brandon Aiyuk,SF,WR|W/R/T
2,15.6,Where Da Gold At?,Starter,David Montgomery,Det,RB|W/R/T
2,7.7,Where Da Gold At?,Starter,Nyheim Miller-Hines,LAC,RB|W/R/T
2,1.8,Where Da Gold At?,Starter,Dalton Schultz,Hou,TE|W/R/T
2,7.5,Where Da Gold At?,Starter,Mecole Hardman,GB,WR|W/R/T
2,16.7,Where Da Gold At?,Non-Starter,Damien Harris,Buf,RB|W/R/T
2,0.0,Where Da Gold At?,Non-Starter,DeAndre Hopkins,Bal,WR|W/R/T
2,6.1,Where Da Gold At?,Non-Starter,Mark Ingram II,NO,RB|W/R/T
2,12.5,Where Da Gold At?,Starter,Dallas Cowboys,Dal,DEF
3,30.7,Where Da Gold At?,Starter,Josh Allen,Buf,QB
3,12.9,Where Da Gold At?,Starter,Brandon Aiyuk,SF,WR|W/R/T
3,15.2,Where Da Gold At?,Starter,Michael Pittman,Ind,WR|W/R/T
3,1.1,Where Da Gold At?,Starter,David Montgomery,Det,RB|W/R/T
3,12.6,Where Da Gold At?,Starter,Damien Harris,Buf,RB|W/R/T
3,0.0,Where Da Gold At?,Starter,Dalton Schultz,Hou,TE|W/R/T
3,8.0,Where Da Gold At?,Starter,Nyheim Miller-Hines,LAC,RB|W/R/T
3,1.2,Where Da Gold At?,Non-Starter,Mecole Hardman,GB,WR|W/R/T
3,0.0,Where Da Gold At?,Non-Starter,DeAndre Hopkins,Bal,WR|W/R/T
3,7.8,Where Da Gold At?,Non-Starter,Mark Ingram II,NO,RB|W/R/T
3,14.0,Where Da Gold At?,Starter,Dallas Cowboys,Dal,DEF
4,23.52,Where Da Gold At?,Starter,Josh Allen,Buf,QB
4,7.7,Where Da Gold At?,Starter,Brandon Aiyuk,SF,WR|W/R/T
4,6.1,Where Da Gold At?,Starter,Michael Pittman,Ind,WR|W/R/T
4,15.4,Where Da Gold At?,Starter,Damien Harris,Buf,RB|W/R/T
4,7.3,Where Da Gold At?,Starter,Mark Ingram II,NO,RB|W/R/T
4,0.0,Where Da Gold At?,Starter,Dalton Schultz,Hou,TE|W/R/T
4,2.3,Where Da Gold At?,Starter,Nyheim Miller-Hines,LAC,RB|W/R/T
4,0.0,Where Da Gold At?,Non-Starter,David Montgomery,Det,RB|W/R/T
4,1.4,Where Da Gold At?,Non-Starter,Mecole Hardman,GB,WR|W/R/T
4,0.0,Where Da Gold At?,Non-Starter,DeAndre Hopkins,Bal,WR|W/R/T
4,14.0,Where Da Gold At?,Starter,Dallas Cowboys,Dal,DEF
5,41.16,Where Da Gold At?,Starter,Josh Allen,Buf,QB
5,8.8,Where Da Gold At?,Starter,Brandon Aiyuk,SF,WR|W/R/T
5,10.9,Where Da Gold At?,Starter,Michael Pittman,Ind,WR|W/R/T
5,2.2,Where Da Gold At?,Starter,Damien Harris,Buf,RB|W/R/T
5,18.2,Where Da Gold At?,Starter,David Montgomery,Det,RB|W/R/T
5,0.0,Where Da Gold At?,Starter,Dalton Schultz,Hou,TE|W/R/T
5,1.8,Where Da Gold At?,Starter,Nyheim Miller-Hines,LAC,RB|W/R/T
5,3.6,Where Da Gold At?,Non-Starter,Mark Ingram II,NO,RB|W/R/T
5,12.0,Where Da Gold At?,Non-Starter,Mecole Hardman,GB,WR|W/R/T
5,0.0,Where Da Gold At?,Non-Starter,DeAndre Hopkins,Bal,WR|W/R/T
5,27.0,Where Da Gold At?,Starter,Dallas Cowboys,Dal,DEF
6,32.36,Where Da Gold At?,Starter,Josh Allen,Buf,QB
6,28.3,Where Da Gold At?,Starter,Brandon Aiyuk,SF,WR|W/R/T
6,26.4,Where Da Gold At?,Starter,Michael Pittman,Ind,WR|W/R/T
6,9.0,Where Da Gold At?,Starter,David Montgomery,Det,RB|W/R/T
6,6.7,Where Da Gold At?,Starter,Mark Ingram II,NO,RB|W/R/T
6,0.0,Where Da Gold At?,Starter,Dalton Schultz,Hou,TE|W/R/T
6,13.2,Where Da Gold At?,Starter,Mecole Hardman,GB,WR|W/R/T
6,0.0,Where Da Gold At?,Non-Starter,Nyheim Miller-Hines,LAC,RB|W/R/T
6,0.0,Where Da Gold At?,Non-Starter,Damien Harris,Buf,RB|W/R/T
6,0.0,Where Da Gold At?,Non-Starter,DeAndre Hopkins,Bal,WR|W/R/T
6,7.0,Where Da Gold At?,Starter,Dallas Cowboys,Dal,DEF
7,-2.48,Where Da Gold At?,Starter,Jared Goff,Det,QB
7,15.2,Where Da Gold At?,Starter,Brandon Aiyuk,SF,WR|W/R/T
7,9.8,Where Da Gold At?,Starter,Michael Pittman,Ind,WR|W/R/T
7,12.2,Where Da Gold At?,Starter,David Montgomery,Det,RB|W/R/T
7,2.0,Where Da Gold At?,Starter,Damien Harris,Buf,RB|W/R/T
7,9.9,Where Da Gold At?,Starter,Dalton Schultz,Hou,TE|W/R/T
7,20.3,Where Da Gold At?,Starter,DeAndre Hopkins,Bal,WR|W/R/T
7,0.0,Where Da Gold At?,Non-Starter,Josh Allen,Buf,QB
7,5.2,Where Da Gold At?,Non-Starter,Mark Ingram II,NO,RB|W/R/T
7,28.0,Where Da Gold At?,Non-Starter,Mecole Hardman,GB,WR|W/R/T
7,25.0,Where Da Gold At?,Starter,Dallas Cowboys,Dal,DEF
8,17.62,Where Da Gold At?,Starter,Josh Allen,Buf,QB
8,20.1,Where Da Gold At?,Starter,Brandon Aiyuk,SF,WR|W/R/T
8,12.3,Where Da Gold At?,Starter,Michael Pittman,Ind,WR|W/R/T
8,8.5,Where Da Gold At?,Starter,David Montgomery,Det,RB|W/R/T
8,7.2,Where Da Gold At?,Starter,Damien Harris,Buf,RB|W/R/T
8,13.4,Where Da Gold At?,Starter,Dalton Schultz,Hou,TE|W/R/T
8,33.9,Where Da Gold At?,Starter,DeAndre Hopkins,Bal,WR|W/R/T
8,20.64,Where Da Gold At?,Non-Starter,Jared Goff,Det,QB
8,1.2,Where Da Gold At?,Non-Starter,Mark Ingram II,NO,RB|W/R/T
8,0.0,Where Da Gold At?,Non-Starter,Mecole Hardman,GB,WR|W/R/T
8,16.5,Where Da Gold At?,Starter,Dallas Cowboys,Dal,DEF
9,20.8,Where Da Gold At?,Starter,Josh Allen,Buf,QB
9,5.2,Where Da Gold At?,Starter,Michael Pittman,Ind,WR|W/R/T
9,19.9,Where Da Gold At?,Starter,Mecole Hardman,GB,WR|W/R/T
9,5.4,Where Da Gold At?,Starter,David Montgomery,Det,RB|W/R/T
9,0.0,Where Da Gold At?,Starter,Damien Harris,Buf,RB|W/R/T
9,0.0,Where Da Gold At?,Starter,Logan Thomas,SF,TE|W/R/T
9,13.6,Where Da Gold At?,Starter,DeAndre Hopkins,Bal,WR|W/R/T
9,0.0,Where Da Gold At?,Non-Starter,Dalton Schultz,Hou,TE|W/R/T
9,0.0,Where Da Gold At?,Non-Starter,Brandon Aiyuk,SF,WR|W/R/T
9,13.38,Where Da Gold At?,Non-Starter,Jared Goff,Det,QB
9,5.0,Where Da Gold At?,Starter,Green Bay Packers,GB,DEF
10,17.6,Where Da Gold At?,Starter,Josh Allen,Buf,QB
10,12.3,Where Da Gold At?,Starter,Michael Pittman,Ind,WR|W/R/T
10,12.4,Where Da Gold At?,Starter,Brandon Aiyuk,SF,WR|W/R/T
10,5.4,Where Da Gold At?,Starter,David Montgomery,Det,RB|W/R/T
10,2.2,Where Da Gold At?,Starter,James Cook,Buf,RB|W/R/T
10,17.4,Where Da Gold At?,Starter,Dalton Schultz,Hou,TE|W/R/T
10,19.8,Where Da Gold At?,Starter,DeAndre Hopkins,Bal,WR|W/R/T
10,0.0,Where Da Gold At?,Non-Starter,Damien Harris,Buf,RB|W/R/T
10,0.0,Where Da Gold At?,Non-Starter,Mecole Hardman,GB,WR|W/R/T
10,16.84,Where Da Gold At?,Non-Starter,Jared Goff,Det,QB
10,8.5,Where Da Gold At?,Starter,Green Bay Packers,GB,DEF
11,14.58,Where Da Gold At?,Starter,Josh Allen,Buf,QB
11,13.5,Where Da Gold At?,Starter,Michael Pittman,Ind,WR|W/R/T
11,16.0,Where Da Gold At?,Starter,Brandon Aiyuk,SF,WR|W/R/T
11,21.1,Where Da Gold At?,Starter,David Montgomery,Det,RB|W/R/T
11,11.3,Where Da Gold At?,Starter,Damien Harris,Buf,RB|W/R/T
11,5.2,Where Da Gold At?,Starter,Dalton Schultz,Hou,TE|W/R/T
11,18.1,Where Da Gold At?,Starter,DeAndre Hopkins,Bal,WR|W/R/T
11,8.6,Where Da Gold At?,Non-Starter,James Cook,Buf,RB|W/R/T
11,0.0,Where Da Gold At?,Non-Starter,Mecole Hardman,GB,WR|W/R/T
11,6.5,Where Da Gold At?,Non-Starter,Jared Goff,Det,QB
11,8.0,Where Da Gold At?,Starter,Green Bay Packers,GB,DEF
12,31.92,Where Da Gold At?,Starter,Josh Allen,Buf,QB
12,19.1,Where Da Gold At?,Starter,Michael Pittman,Ind,WR|W/R/T
12,11.5,Where Da Gold At?,Starter,Brandon Aiyuk,SF,WR|W/R/T
12,14.3,Where Da Gold At?,Starter,David Montgomery,Det,RB|W/R/T
12,1.6,Where Da Gold At?,Starter,Damien Harris,Buf,RB|W/R/T
12,19.1,Where Da Gold At?,Starter,Dalton Schultz,Hou,TE|W/R/T
12,18.7,Where Da Gold At?,Starter,DeAndre Hopkins,Bal,WR|W/R/T
12,3.8,Where Da Gold At?,Non-Starter,James Cook,Buf,RB|W/R/T
12,0.0,Where Da Gold At?,Non-Starter,Mecole Hardman,GB,WR|W/R/T
12,21.6,Where Da Gold At?,Non-Starter,Jared Goff,Det,QB
12,2.5,Where Da Gold At?,Starter,Green Bay Packers,GB,DEF
13,20.92,Where Da Gold At?,Starter,Josh Allen,Buf,QB
13,3.6,Where Da Gold At?,Starter,Michael Pittman,Ind,WR|W/R/T
13,9.6,Where Da Gold At?,Starter,Brandon Aiyuk,SF,WR|W/R/T
13,16.7,Where Da Gold At?,Starter,David Montgomery,Det,RB|W/R/T
13,16.5,Where Da Gold At?,Starter,James Cook,Buf,RB|W/R/T
13,5.3,Where Da Gold At?,Starter,Dalton Schultz,Hou,TE|W/R/T
13,3.6,Where Da Gold At?,Starter,Dontrell Hilliard,Ten,RB|W/R/T
13,0.0,Where Da Gold At?,Non-Starter,Damien Harris,Buf,RB|W/R/T
13,0.0,Where Da Gold At?,Non-Starter,DeAndre Hopkins,Bal,WR|W/R/T
13,0.0,Where Da Gold At?,Non-Starter,Mecole Hardman,GB,WR|W/R/T
13,5.5,Where Da Gold At?,Starter,Pittsburgh Steelers,Pit,DEF
14,22.58,Where Da Gold At?,Starter,Josh Allen,Buf,QB
14,13.7,Where Da Gold At?,Starter,Brandon Aiyuk,SF,WR|W/R/T
14,12.9,Where Da Gold At?,Starter,DeAndre Hopkins,Bal,WR|W/R/T
14,0.0,Where Da Gold At?,Starter,Dontrell Hilliard,Ten,RB|W/R/T
14,4.7,Where Da Gold At?,Starter,Jaylen Warren,Pit,RB|W/R/T
14,14.7,Where Da Gold At?,Starter,Dalton Schultz,Hou,TE|W/R/T
14,2.5,Where Da Gold At?,Starter,James Cook,Buf,RB|W/R/T
14,0.0,Where Da Gold At?,Non-Starter,Damien Harris,Buf,RB|W/R/T
14,0.0,Where Da Gold At?,Non-Starter,David Montgomery,Det,RB|W/R/T
14,0.0,Where Da Gold At?,Non-Starter,Michael Pittman,Ind,WR|W/R/T
14,5.0,Where Da Gold At?,Starter,Pittsburgh Steelers,Pit,DEF
15,43.86,Where Da Gold At?,Starter,Josh Allen,Buf,QB
15,3.9,Where Da Gold At?,Starter,Brandon Aiyuk,SF,WR|W/R/T
15,13.0,Where Da Gold At?,Starter,DeAndre Hopkins,Bal,WR|W/R/T
15,24.1,Where Da Gold At?,Starter,David Montgomery,Det,RB|W/R/T
15,11.9,Where Da Gold At?,Starter,James Cook,Buf,RB|W/R/T
15,3.5,Where Da Gold At?,Starter,Dalton Schultz,Hou,TE|W/R/T
15,19.0,Where Da Gold At?,Starter,Michael Pittman,Ind,WR|W/R/T
15,11.9,Where Da Gold At?,Non-Starter,Jaylen Warren,Pit,RB|W/R/T
15,0.0,Where Da Gold At?,Non-Starter,Dontrell Hilliard,Ten,RB|W/R/T
15,0.0,Where Da Gold At?,Non-Starter,Damien Harris,Buf,RB|W/R/T
15,10.5,Where Da Gold At?,Starter,Pittsburgh Steelers,Pit,DEF
16,22.98,Where Da Gold At?,Starter,Josh Allen,Buf,QB
16,13.1,Where Da Gold At?,Starter,Brandon Aiyuk,SF,WR|W/R/T
16,1.4,Where Da Gold At?,Starter,DeAndre Hopkins,Bal,WR|W/R/T
16,10.4,Where Da Gold At?,Starter,David Montgomery,Det,RB|W/R/T
16,5.1,Where Da Gold At?,Starter,Antonio Gibson,NE,RB|W/R/T
16,7.3,Where Da Gold At?,Starter,Dalton Schultz,Hou,TE|W/R/T
16,7.9,Where Da Gold At?,Starter,Michael Pittman,Ind,WR|W/R/T
16,17.8,Where Da Gold At?,Non-Starter,James Cook,Buf,RB|W/R/T
16,30.16,Where Da Gold At?,Non-Starter,Kirk Cousins,Atl,QB
16,0.0,Where Da Gold At?,Non-Starter,Damien Harris,Buf,RB|W/R/T
16,16.5,Where Da Gold At?,Starter,Pittsburgh Steelers,Pit,DEF
17,0.0,Where Da Gold At?,Starter,Josh Allen,Buf,QB
17,26.7,Where Da Gold At?,Starter,Brandon Aiyuk,SF,WR|W/R/T
17,7.9,Where Da Gold At?,Starter,Brandin Cooks,NO,WR|W/R/T
17,5.6,Where Da Gold At?,Starter,David Montgomery,Det,RB|W/R/T
17,0.0,Where Da Gold At?,Starter,James Cook,Buf,RB|W/R/T
17,24.6,Where Da Gold At?,Starter,Dalton Schultz,Hou,TE|W/R/T
17,16.1,Where Da Gold At?,Starter,Michael Pittman,Ind,WR|W/R/T
17,0.0,Where Da Gold At?,Non-Starter,DeAndre Hopkins,Bal,WR|W/R/T
17,1.9,Where Da Gold At?,Non-Starter,Kirk Cousins,Atl,QB
17,7.9,Where Da Gold At?,Non-Starter,Damien Harris,Buf,RB|W/R/T
17,10.0,Where Da Gold At?,Starter,Pittsburgh Steelers,Pit,DEF
1,8.52,Why did I pick gainwell?,Starter,Mac Jones,SF,QB
1,20.2,Why did I pick gainwell?,Starter,Jerry Jeudy,Cle,WR|W/R/T
1,4.7,Why did I pick gainwell?,Starter,Tee Higgins,Cin,WR|W/R/T
1,11.2,Why did I pick gainwell?,Starter,Austin Ekeler,Was,RB|W/R/T
1,5.9,Why did I pick gainwell?,Starter,Ezekiel Elliott,Dal,RB|W/R/T
1,9.0,Why did I pick gainwell?,Starter,Dallas Goedert,Phi,TE|W/R/T
1,9.1,Why did I pick gainwell?,Starter,Chris Olave,NO,WR|W/R/T
1,0.0,Why did I pick gainwell?,Non-Starter,Allen Lazard,NYJ,WR|W/R/T
1,11.2,Why did I pick gainwell?,Non-Starter,Kenneth Gainwell,Pit,RB|W/R/T
1,0.0,Why did I pick gainwell?,Non-Starter,Jelani Woods,Ind,TE|W/R/T
1,8.0,Why did I pick gainwell?,Starter,Philadelphia Eagles,Phi,DEF
2,12.68,Why did I pick gainwell?,Starter,Mac Jones,SF,QB
2,2.2,Why did I pick gainwell?,Starter,Jerry Jeudy,Cle,WR|W/R/T
2,19.1,Why did I pick gainwell?,Starter,Tee Higgins,Cin,WR|W/R/T
2,18.4,Why did I pick gainwell?,Starter,Austin Ekeler,Was,RB|W/R/T
2,5.9,Why did I pick gainwell?,Starter,Ezekiel Elliott,Dal,RB|W/R/T
2,13.2,Why did I pick gainwell?,Starter,Dallas Goedert,Phi,TE|W/R/T
2,9.3,Why did I pick gainwell?,Starter,Allen Lazard,NYJ,WR|W/R/T
2,16.3,Why did I pick gainwell?,Non-Starter,Corey Davis,NYJ,WR|W/R/T
2,11.0,Why did I pick gainwell?,Non-Starter,Chris Olave,NO,WR|W/R/T
2,2.8,Why did I pick gainwell?,Non-Starter,Kenneth Gainwell,Pit,RB|W/R/T
2,15.5,Why did I pick gainwell?,Starter,Philadelphia Eagles,Phi,DEF
3,3.7,Why did I pick gainwell?,Starter,Jerry Jeudy,Cle,WR|W/R/T
3,14.3,Why did I pick gainwell?,Starter,Tee Higgins,Cin,WR|W/R/T
3,13.3,Why did I pick gainwell?,Starter,Austin Ekeler,Was,RB|W/R/T
3,14.5,Why did I pick gainwell?,Starter,Ezekiel Elliott,Dal,RB|W/R/T
3,11.6,Why did I pick gainwell?,Starter,Dallas Goedert,Phi,TE|W/R/T
3,14.5,Why did I pick gainwell?,Starter,Allen Lazard,NYJ,WR|W/R/T
3,4.7,Why did I pick gainwell?,Non-Starter,Corey Davis,NYJ,WR|W/R/T
3,23.7,Why did I pick gainwell?,Non-Starter,Chris Olave,NO,WR|W/R/T
3,0.6,Why did I pick gainwell?,Non-Starter,Kenneth Gainwell,Pit,RB|W/R/T
3,13.44,Why did I pick gainwell?,Non-Starter,Tua Tagovailoa,Mia,QB
3,24.0,Why did I pick gainwell?,Starter,Philadelphia Eagles,Phi,DEF
4,0.4,Why did I pick gainwell?,Starter,Tua Tagovailoa,Mia,QB
4,25.4,Why did I pick gainwell?,Starter,Tee Higgins,Cin,WR|W/R/T
4,16.7,Why did I pick gainwell?,Starter,Chris Olave,NO,WR|W/R/T
4,34.9,Why did I pick gainwell?,Starter,Austin Ekeler,Was,RB|W/R/T
4,10.1,Why did I pick gainwell?,Starter,Ezekiel Elliott,Dal,RB|W/R/T
4,12.2,Why did I pick gainwell?,Starter,Dallas Goedert,Phi,TE|W/R/T
4,17.6,Why did I pick gainwell?,Starter,Allen Lazard,NYJ,WR|W/R/T
4,15.3,Why did I pick gainwell?,Non-Starter,Jerry Jeudy,Cle,WR|W/R/T
4,18.4,Why did I pick gainwell?,Non-Starter,Corey Davis,NYJ,WR|W/R/T
4,8.7,Why did I pick gainwell?,Non-Starter,Kenneth Gainwell,Pit,RB|W/R/T
4,18.0,Why did I pick gainwell?,Starter,Philadelphia Eagles,Phi,DEF
5,6.34,Why did I pick gainwell?,Starter,Trevor Lawrence,Jax,QB
5,0.0,Why did I pick gainwell?,Starter,Tee Higgins,Cin,WR|W/R/T
5,15.4,Why did I pick gainwell?,Starter,Chris Olave,NO,WR|W/R/T
5,35.9,Why did I pick gainwell?,Starter,Austin Ekeler,Was,RB|W/R/T
5,7.8,Why did I pick gainwell?,Starter,Ezekiel Elliott,Dal,RB|W/R/T
5,17.5,Why did I pick gainwell?,Starter,Dallas Goedert,Phi,TE|W/R/T
5,13.5,Why did I pick gainwell?,Starter,Allen Lazard,NYJ,WR|W/R/T
5,8.3,Why did I pick gainwell?,Non-Starter,Jerry Jeudy,Cle,WR|W/R/T
5,5.8,Why did I pick gainwell?,Non-Starter,Corey Davis,NYJ,WR|W/R/T
5,2.0,Why did I pick gainwell?,Non-Starter,Kenneth Gainwell,Pit,RB|W/R/T
5,8.5,Why did I pick gainwell?,Starter,Philadelphia Eagles,Phi,DEF
6,26.9,Why did I pick gainwell?,Starter,Trevor Lawrence,Jax,QB
6,10.7,Why did I pick gainwell?,Starter,Tee Higgins,Cin,WR|W/R/T
6,17.6,Why did I pick gainwell?,Starter,Allen Lazard,NYJ,WR|W/R/T
6,24.3,Why did I pick gainwell?,Starter,Austin Ekeler,Was,RB|W/R/T
6,15.6,Why did I pick gainwell?,Starter,Ezekiel Elliott,Dal,RB|W/R/T
6,4.2,Why did I pick gainwell?,Starter,Dallas Goedert,Phi,TE|W/R/T
6,0.0,Why did I pick gainwell?,Starter,Chris Olave,NO,WR|W/R/T
6,8.4,Why did I pick gainwell?,Non-Starter,Jerry Jeudy,Cle,WR|W/R/T
6,7.2,Why did I pick gainwell?,Non-Starter,Corey Davis,NYJ,WR|W/R/T
6,2.5,Why did I pick gainwell?,Non-Starter,Kenneth Gainwell,Pit,RB|W/R/T
6,7.5,Why did I pick gainwell?,Starter,Philadelphia Eagles,Phi,DEF
7,18.7,Why did I pick gainwell?,Starter,Trevor Lawrence,Jax,QB
7,14.3,Why did I pick gainwell?,Starter,Tee Higgins,Cin,WR|W/R/T
7,11.5,Why did I pick gainwell?,Starter,Allen Lazard,NYJ,WR|W/R/T
7,36.7,Why did I pick gainwell?,Starter,Austin Ekeler,Was,RB|W/R/T
7,17.7,Why did I pick gainwell?,Starter,Ezekiel Elliott,Dal,RB|W/R/T
7,5.7,Why did I pick gainwell?,Starter,Mike Gesicki,Cin,TE|W/R/T
7,17.6,Why did I pick gainwell?,Starter,Chris Olave,NO,WR|W/R/T
7,0.0,Why did I pick gainwell?,Non-Starter,Dallas Goedert,Phi,TE|W/R/T
7,16.6,Why did I pick gainwell?,Non-Starter,Jerry Jeudy,Cle,WR|W/R/T
7,0.0,Why did I pick gainwell?,Non-Starter,Corey Davis,NYJ,WR|W/R/T
7,0.0,Why did I pick gainwell?,Starter,Philadelphia Eagles,Phi,DEF
8,4.82,Why did I pick gainwell?,Starter,Trevor Lawrence,Jax,QB
8,13.9,Why did I pick gainwell?,Starter,Tee Higgins,Cin,WR|W/R/T
8,18.3,Why did I pick gainwell?,Starter,Jerry Jeudy,Cle,WR|W/R/T
8,4.0,Why did I pick gainwell?,Starter,JaMycal Hasty,NE,RB|W/R/T
8,1.4,Why did I pick gainwell?,Starter,Chase Edmonds,TB,RB|W/R/T
8,12.4,Why did I pick gainwell?,Starter,Dallas Goedert,Phi,TE|W/R/T
8,10.2,Why did I pick gainwell?,Starter,Chris Olave,NO,WR|W/R/T
8,0.0,Why did I pick gainwell?,Non-Starter,Ezekiel Elliott,Dal,RB|W/R/T
8,0.0,Why did I pick gainwell?,Non-Starter,Allen Lazard,NYJ,WR|W/R/T
8,0.0,Why did I pick gainwell?,Non-Starter,Austin Ekeler,Was,RB|W/R/T
8,19.0,Why did I pick gainwell?,Starter,Philadelphia Eagles,Phi,DEF
9,18.7,Why did I pick gainwell?,Starter,Trevor Lawrence,Jax,QB
9,13.0,Why did I pick gainwell?,Starter,Tee Higgins,Cin,WR|W/R/T
9,13.1,Why did I pick gainwell?,Starter,Chris Olave,NO,WR|W/R/T
9,2.1,Why did I pick gainwell?,Starter,JaMycal Hasty,NE,RB|W/R/T
9,24.1,Why did I pick gainwell?,Starter,Austin Ekeler,Was,RB|W/R/T
9,24.0,Why did I pick gainwell?,Starter,Dallas Goedert,Phi,TE|W/R/T
9,18.7,Why did I pick gainwell?,Starter,Allen Lazard,NYJ,WR|W/R/T
9,0.0,Why did I pick gainwell?,Non-Starter,Jerry Jeudy,Cle,WR|W/R/T
9,0.0,Why did I pick gainwell?,Non-Starter,Chase Edmonds,TB,RB|W/R/T
9,0.0,Why did I pick gainwell?,Non-Starter,Ezekiel Elliott,Dal,RB|W/R/T
9,12.0,Why did I pick gainwell?,Starter,Philadelphia Eagles,Phi,DEF
10,24.96,Why did I pick gainwell?,Starter,Trevor Lawrence,Jax,QB
10,7.0,Why did I pick gainwell?,Starter,Chris Olave,NO,WR|W/R/T
10,0.0,Why did I pick gainwell?,Starter,Jerry Jeudy,Cle,WR|W/R/T
10,13.3,Why did I pick gainwell?,Starter,Austin Ekeler,Was,RB|W/R/T
10,1.9,Why did I pick gainwell?,Starter,Chase Edmonds,TB,RB|W/R/T
10,9.3,Why did I pick gainwell?,Starter,Dallas Goedert,Phi,TE|W/R/T
10,7.5,Why did I pick gainwell?,Starter,Allen Lazard,NYJ,WR|W/R/T
10,0.0,Why did I pick gainwell?,Non-Starter,Tee Higgins,Cin,WR|W/R/T
10,0.0,Why did I pick gainwell?,Non-Starter,Ezekiel Elliott,Dal,RB|W/R/T
10,0.0,Why did I pick gainwell?,Non-Starter,Deshaun Watson,Cle,QB
10,9.0,Why did I pick gainwell?,Starter,Philadelphia Eagles,Phi,DEF
11,31.86,Why did I pick gainwell?,Starter,Jacoby Brissett,Ari,QB
11,21.2,Why did I pick gainwell?,Starter,Chris Olave,NO,WR|W/R/T
11,23.8,Why did I pick gainwell?,Starter,Tee Higgins,Cin,WR|W/R/T
11,18.0,Why did I pick gainwell?,Starter,Austin Ekeler,Was,RB|W/R/T
11,17.7,Why did I pick gainwell?,Starter,Ezekiel Elliott,Dal,RB|W/R/T
11,3.5,Why did I pick gainwell?,Starter,Tyler Conklin,LAC,TE|W/R/T
11,0.6,Why did I pick gainwell?,Starter,Chase Edmonds,TB,RB|W/R/T
11,0.0,Why did I pick gainwell?,Non-Starter,Marquise Brown,KC,WR|W/R/T
11,10.7,Why did I pick gainwell?,Non-Starter,Allen Lazard,NYJ,WR|W/R/T
11,0.0,Why did I pick gainwell?,Non-Starter,Deshaun Watson,Cle,QB
11,11.0,Why did I pick gainwell?,Starter,Philadelphia Eagles,Phi,DEF
12,13.1,Why did I pick gainwell?,Starter,Jacoby Brissett,Ari,QB
12,11.2,Why did I pick gainwell?,Starter,Chris Olave,NO,WR|W/R/T
12,24.4,Why did I pick gainwell?,Starter,Tee Higgins,Cin,WR|W/R/T
12,25.0,Why did I pick gainwell?,Starter,Austin Ekeler,Was,RB|W/R/T
12,16.5,Why did I pick gainwell?,Starter,Ezekiel Elliott,Dal,RB|W/R/T
12,8.0,Why did I pick gainwell?,Starter,Tyler Conklin,LAC,TE|W/R/T
12,4.4,Why did I pick gainwell?,Starter,Allen Lazard,NYJ,WR|W/R/T
12,10.6,Why did I pick gainwell?,Non-Starter,Marquise Brown,KC,WR|W/R/T
12,0.0,Why did I pick gainwell?,Non-Starter,Deshaun Watson,Cle,QB
12,19.3,Why did I pick gainwell?,Non-Starter,Samaje Perine,Cin,RB|W/R/T
12,8.5,Why did I pick gainwell?,Starter,Philadelphia Eagles,Phi,DEF
13,3.34,Why did I pick gainwell?,Starter,Deshaun Watson,Cle,QB
13,10.5,Why did I pick gainwell?,Starter,Chris Olave,NO,WR|W/R/T
13,12.5,Why did I pick gainwell?,Starter,Tee Higgins,Cin,WR|W/R/T
13,13.2,Why did I pick gainwell?,Starter,Austin Ekeler,Was,RB|W/R/T
13,18.1,Why did I pick gainwell?,Starter,Ezekiel Elliott,Dal,RB|W/R/T
13,2.9,Why did I pick gainwell?,Starter,Tyler Conklin,LAC,TE|W/R/T
13,11.7,Why did I pick gainwell?,Starter,Allen Lazard,NYJ,WR|W/R/T
13,0.0,Why did I pick gainwell?,Non-Starter,Marquise Brown,KC,WR|W/R/T
13,21.5,Why did I pick gainwell?,Non-Starter,Samaje Perine,Cin,RB|W/R/T
13,5.8,Why did I pick gainwell?,Non-Starter,Julio Jones,Phi,WR|W/R/T
13,14.5,Why did I pick gainwell?,Starter,Philadelphia Eagles,Phi,DEF
14,16.34,Why did I pick gainwell?,Starter,Deshaun Watson,Cle,QB
14,0.0,Why did I pick gainwell?,Starter,Tee Higgins,Cin,WR|W/R/T
14,7.4,Why did I pick gainwell?,Starter,Marquise Brown,KC,WR|W/R/T
14,24.4,Why did I pick gainwell?,Starter,Austin Ekeler,Was,RB|W/R/T
14,17.1,Why did I pick gainwell?,Starter,Ezekiel Elliott,Dal,RB|W/R/T
14,7.8,Why did I pick gainwell?,Starter,Tyler Conklin,LAC,TE|W/R/T
14,9.4,Why did I pick gainwell?,Starter,Samaje Perine,Cin,RB|W/R/T
14,0.0,Why did I pick gainwell?,Non-Starter,Allen Lazard,NYJ,WR|W/R/T
14,0.0,Why did I pick gainwell?,Non-Starter,Chris Olave,NO,WR|W/R/T
14,8.8,Why did I pick gainwell?,Non-Starter,Julio Jones,Phi,WR|W/R/T
14,15.0,Why did I pick gainwell?,Starter,Philadelphia Eagles,Phi,DEF
15,14.64,Why did I pick gainwell?,Starter,Deshaun Watson,Cle,QB
15,8.3,Why did I pick gainwell?,Starter,Chris Olave,NO,WR|W/R/T
15,1.7,Why did I pick gainwell?,Starter,Allen Lazard,NYJ,WR|W/R/T
15,15.0,Why did I pick gainwell?,Starter,Austin Ekeler,Was,RB|W/R/T
15,15.1,Why did I pick gainwell?,Starter,Ezekiel Elliott,Dal,RB|W/R/T
15,1.9,Why did I pick gainwell?,Starter,Tyler Conklin,LAC,TE|W/R/T
15,16.3,Why did I pick gainwell?,Starter,Tee Higgins,Cin,WR|W/R/T
15,5.9,Why did I pick gainwell?,Non-Starter,Marquise Brown,KC,WR|W/R/T
15,3.4,Why did I pick gainwell?,Non-Starter,Samaje Perine,Cin,RB|W/R/T
15,1.12,Why did I pick gainwell?,Non-Starter,Jeff Driskel,Was,QB|TE|W/R/T
15,15.0,Why did I pick gainwell?,Starter,Philadelphia Eagles,Phi,DEF
16,9.8,Why did I pick gainwell?,Starter,Deshaun Watson,Cle,QB
16,0.0,Why did I pick gainwell?,Starter,Chris Olave,NO,WR|W/R/T
16,11.1,Why did I pick gainwell?,Starter,Allen Lazard,NYJ,WR|W/R/T
16,23.9,Why did I pick gainwell?,Starter,Austin Ekeler,Was,RB|W/R/T
16,13.1,Why did I pick gainwell?,Starter,Ezekiel Elliott,Dal,RB|W/R/T
16,7.4,Why did I pick gainwell?,Starter,Tyler Conklin,LAC,TE|W/R/T
16,26.8,Why did I pick gainwell?,Starter,Tee Higgins,Cin,WR|W/R/T
16,8.8,Why did I pick gainwell?,Non-Starter,Marquise Brown,KC,WR|W/R/T
16,5.2,Why did I pick gainwell?,Non-Starter,Samaje Perine,Cin,RB|W/R/T
16,3.2,Why did I pick gainwell?,Non-Starter,Jeff Driskel,Was,QB|TE|W/R/T
16,13.0,Why did I pick gainwell?,Starter,Philadelphia Eagles,Phi,DEF
17,27.86,Why did I pick gainwell?,Starter,Deshaun Watson,Cle,QB
17,8.2,Why did I pick gainwell?,Starter,Chris Olave,NO,WR|W/R/T
17,10.9,Why did I pick gainwell?,Starter,Allen Lazard,NYJ,WR|W/R/T
17,32.1,Why did I pick gainwell?,Starter,Austin Ekeler,Was,RB|W/R/T
17,9.7,Why did I pick gainwell?,Starter,Ezekiel Elliott,Dal,RB|W/R/T
17,14.0,Why did I pick gainwell?,Starter,Tyler Conklin,LAC,TE|W/R/T
17,0.0,Why did I pick gainwell?,Starter,Tee Higgins,Cin,WR|W/R/T
17,12.1,Why did I pick gainwell?,Non-Starter,Marquise Brown,KC,WR|W/R/T
17,0.0,Why did I pick gainwell?,Non-Starter,Samaje Perine,Cin,RB|W/R/T
17,1.06,Why did I pick gainwell?,Non-Starter,Jeff Driskel,Was,QB|TE|W/R/T
17,15.5,Why did I pick gainwell?,Starter,Philadelphia Eagles,Phi,DEF
1,12.22,Burrowing a Foxhole,Starter,Joe Burrow,Cin,QB
1,12.6,Burrowing a Foxhole,Starter,Deebo Samuel,Was,WR|W/R/T
1,8.0,Burrowing a Foxhole,Starter,D.J. Moore,Chi,WR|W/R/T
1,8.2,Burrowing a Foxhole,Starter,Derrick Henry,Bal,RB|W/R/T
1,8.2,Burrowing a Foxhole,Starter,Devin Singletary,NYG,RB|W/R/T
1,12.5,Burrowing a Foxhole,Starter,Pat Freiermuth,Pit,TE|W/R/T
1,5.8,Burrowing a Foxhole,Starter,Tyler Lockett,Ten,WR|W/R/T
1,23.0,Burrowing a Foxhole,Non-Starter,Kareem Hunt,KC,RB|W/R/T
1,21.4,Burrowing a Foxhole,Non-Starter,Devin Duvernay,Chi,WR|W/R/T
1,0.0,Burrowing a Foxhole,Non-Starter,Tyler Allgeier,Atl,RB|W/R/T
1,7.0,Burrowing a Foxhole,Starter,Denver Broncos,Den,DEF
2,18.56,Burrowing a Foxhole,Starter,Joe Burrow,Cin,QB
2,14.7,Burrowing a Foxhole,Starter,Deebo Samuel,Was,WR|W/R/T
2,13.3,Burrowing a Foxhole,Starter,D.J. Moore,Chi,WR|W/R/T
2,8.5,Burrowing a Foxhole,Starter,Derrick Henry,Bal,RB|W/R/T
2,9.4,Burrowing a Foxhole,Starter,Kareem Hunt,KC,RB|W/R/T
2,12.2,Burrowing a Foxhole,Starter,Pat Freiermuth,Pit,TE|W/R/T
2,12.2,Burrowing a Foxhole,Starter,Devin Duvernay,Chi,WR|W/R/T
2,19.7,Burrowing a Foxhole,Non-Starter,Tyler Lockett,Ten,WR|W/R/T
2,4.1,Burrowing a Foxhole,Non-Starter,Devin Singletary,NYG,RB|W/R/T
2,3.0,Burrowing a Foxhole,Non-Starter,Tyler Allgeier,Atl,RB|W/R/T
2,10.5,Burrowing a Foxhole,Starter,Denver Broncos,Den,DEF
3,29.0,Burrowing a Foxhole,Starter,Joe Burrow,Cin,QB
3,12.9,Burrowing a Foxhole,Starter,Deebo Samuel,Was,WR|W/R/T
3,2.5,Burrowing a Foxhole,Starter,D.J. Moore,Chi,WR|W/R/T
3,25.3,Burrowing a Foxhole,Starter,Derrick Henry,Bal,RB|W/R/T
3,9.1,Burrowing a Foxhole,Starter,Kareem Hunt,KC,RB|W/R/T
3,6.1,Burrowing a Foxhole,Starter,Pat Freiermuth,Pit,TE|W/R/T
3,10.3,Burrowing a Foxhole,Starter,Devin Duvernay,Chi,WR|W/R/T
3,16.6,Burrowing a Foxhole,Non-Starter,Tyler Lockett,Ten,WR|W/R/T
3,24.1,Burrowing a Foxhole,Non-Starter,Devin Singletary,NYG,RB|W/R/T
3,4.0,Burrowing a Foxhole,Non-Starter,Tyler Allgeier,Atl,RB|W/R/T
3,10.0,Burrowing a Foxhole,Starter,Chicago Bears,Chi,DEF
4,24.08,Burrowing a Foxhole,Starter,Joe Burrow,Cin,QB
4,23.7,Burrowing a Foxhole,Starter,Deebo Samuel,Was,WR|W/R/T
4,13.1,Burrowing a Foxhole,Starter,Tyler Lockett,Ten,WR|W/R/T
4,23.7,Burrowing a Foxhole,Starter,Derrick Henry,Bal,RB|W/R/T
4,8.8,Burrowing a Foxhole,Starter,Kareem Hunt,KC,RB|W/R/T
4,15.5,Burrowing a Foxhole,Starter,Pat Freiermuth,Pit,TE|W/R/T
4,9.1,Burrowing a Foxhole,Starter,Devin Duvernay,Chi,WR|W/R/T
4,12.1,Burrowing a Foxhole,Non-Starter,D.J. Moore,Chi,WR|W/R/T
4,11.6,Burrowing a Foxhole,Non-Starter,Devin Singletary,NYG,RB|W/R/T
4,11.4,Burrowing a Foxhole,Non-Starter,Tyler Allgeier,Atl,RB|W/R/T
4,8.5,Burrowing a Foxhole,Starter,Chicago Bears,Chi,DEF
5,17.28,Burrowing a Foxhole,Starter,Joe Burrow,Cin,QB
5,11.2,Burrowing a Foxhole,Starter,Deebo Samuel,Was,WR|W/R/T
5,27.4,Burrowing a Foxhole,Starter,Tyler Lockett,Ten,WR|W/R/T
5,27.2,Burrowing a Foxhole,Starter,Derrick Henry,Bal,RB|W/R/T
5,5.6,Burrowing a Foxhole,Starter,Devin Singletary,NYG,RB|W/R/T
5,3.2,Burrowing a Foxhole,Starter,Pat Freiermuth,Pit,TE|W/R/T
5,12.8,Burrowing a Foxhole,Starter,Devin Duvernay,Chi,WR|W/R/T
5,14.7,Burrowing a Foxhole,Non-Starter,Kareem Hunt,KC,RB|W/R/T
5,10.7,Burrowing a Foxhole,Non-Starter,D.J. Moore,Chi,WR|W/R/T
5,4.5,Burrowing a Foxhole,Non-Starter,Tyler Allgeier,Atl,RB|W/R/T
5,6.0,Burrowing a Foxhole,Starter,Chicago Bears,Chi,DEF
6,38.5,Burrowing a Foxhole,Starter,Joe Burrow,Cin,QB
6,16.0,Burrowing a Foxhole,Starter,Deebo Samuel,Was,WR|W/R/T
6,3.7,Burrowing a Foxhole,Starter,Tyler Lockett,Ten,WR|W/R/T
6,14.7,Burrowing a Foxhole,Starter,Devin Singletary,NYG,RB|W/R/T
6,1.2,Burrowing a Foxhole,Starter,Kareem Hunt,KC,RB|W/R/T
6,0.0,Burrowing a Foxhole,Starter,Pat Freiermuth,Pit,TE|W/R/T
6,2.4,Burrowing a Foxhole,Starter,Devin Duvernay,Chi,WR|W/R/T
6,0.0,Burrowing a Foxhole,Non-Starter,Derrick Henry,Bal,RB|W/R/T
6,3.7,Burrowing a Foxhole,Non-Starter,D.J. Moore,Chi,WR|W/R/T
6,5.1,Burrowing a Foxhole,Non-Starter,Tyler Allgeier,Atl,RB|W/R/T
6,9.5,Burrowing a Foxhole,Starter,Chicago Bears,Chi,DEF
7,45.24,Burrowing a Foxhole,Starter,Joe Burrow,Cin,QB
7,9.4,Burrowing a Foxhole,Starter,Deebo Samuel,Was,WR|W/R/T
7,11.5,Burrowing a Foxhole,Starter,Tyler Lockett,Ten,WR|W/R/T
7,7.8,Burrowing a Foxhole,Starter,Kareem Hunt,KC,RB|W/R/T
7,16.8,Burrowing a Foxhole,Starter,Derrick Henry,Bal,RB|W/R/T
7,15.5,Burrowing a Foxhole,Starter,Pat Freiermuth,Pit,TE|W/R/T
7,19.6,Burrowing a Foxhole,Starter,D.J. Moore,Chi,WR|W/R/T
7,6.2,Burrowing a Foxhole,Non-Starter,Devin Duvernay,Chi,WR|W/R/T
7,0.0,Burrowing a Foxhole,Non-Starter,Devin Singletary,NYG,RB|W/R/T
7,11.0,Burrowing a Foxhole,Non-Starter,Tyler Allgeier,Atl,RB|W/R/T
7,13.0,Burrowing a Foxhole,Starter,Chicago Bears,Chi,DEF
8,15.48,Burrowing a Foxhole,Starter,Joe Burrow,Cin,QB
8,15.3,Burrowing a Foxhole,Starter,Tyler Lockett,Ten,WR|W/R/T
8,27.5,Burrowing a Foxhole,Starter,D.J. Moore,Chi,WR|W/R/T
8,35.8,Burrowing a Foxhole,Starter,Derrick Henry,Bal,RB|W/R/T
8,9.3,Burrowing a Foxhole,Starter,Devin Singletary,NYG,RB|W/R/T
8,9.7,Burrowing a Foxhole,Starter,Pat Freiermuth,Pit,TE|W/R/T
8,0.0,Burrowing a Foxhole,Starter,Deebo Samuel,Was,WR|W/R/T
8,11.2,Burrowing a Foxhole,Non-Starter,Kareem Hunt,KC,RB|W/R/T
8,16.4,Burrowing a Foxhole,Non-Starter,Devin Duvernay,Chi,WR|W/R/T
8,17.5,Burrowing a Foxhole,Non-Starter,Tyler Allgeier,Atl,RB|W/R/T
8,0.5,Burrowing a Foxhole,Starter,Chicago Bears,Chi,DEF
9,21.14,Burrowing a Foxhole,Starter,Joe Burrow,Cin,QB
9,17.7,Burrowing a Foxhole,Starter,Tyler Lockett,Ten,WR|W/R/T
9,4.4,Burrowing a Foxhole,Starter,D.J. Moore,Chi,WR|W/R/T
9,23.5,Burrowing a Foxhole,Starter,Derrick Henry,Bal,RB|W/R/T
9,8.8,Burrowing a Foxhole,Starter,Devin Singletary,NYG,RB|W/R/T
9,1.3,Burrowing a Foxhole,Starter,Mike Gesicki,Cin,TE|W/R/T
9,1.5,Burrowing a Foxhole,Starter,Devin Duvernay,Chi,WR|W/R/T
9,0.0,Burrowing a Foxhole,Non-Starter,Deebo Samuel,Was,WR|W/R/T
9,0.0,Burrowing a Foxhole,Non-Starter,Pat Freiermuth,Pit,TE|W/R/T
9,0.0,Burrowing a Foxhole,Non-Starter,Kareem Hunt,KC,RB|W/R/T
9,-3.0,Burrowing a Foxhole,Starter,Chicago Bears,Chi,DEF
10,19.74,Burrowing a Foxhole,Starter,Marcus Mariota,Was,QB
10,13.2,Burrowing a Foxhole,Starter,Tyler Lockett,Ten,WR|W/R/T
10,6.9,Burrowing a Foxhole,Starter,D.J. Moore,Chi,WR|W/R/T
10,8.7,Burrowing a Foxhole,Starter,Derrick Henry,Bal,RB|W/R/T
10,15.7,Burrowing a Foxhole,Starter,Devin Singletary,NYG,RB|W/R/T
10,7.6,Burrowing a Foxhole,Starter,Pat Freiermuth,Pit,TE|W/R/T
10,7.1,Burrowing a Foxhole,Starter,Deebo Samuel,Was,WR|W/R/T
10,0.0,Burrowing a Foxhole,Non-Starter,Devin Duvernay,Chi,WR|W/R/T
10,0.0,Burrowing a Foxhole,Non-Starter,Joe Burrow,Cin,QB
10,2.9,Burrowing a Foxhole,Non-Starter,Kareem Hunt,KC,RB|W/R/T
10,7.0,Burrowing a Foxhole,Starter,Chicago Bears,Chi,DEF
11,30.7,Burrowing a Foxhole,Starter,Joe Burrow,Cin,QB
11,5.4,Burrowing a Foxhole,Starter,D.J. Moore,Chi,WR|W/R/T
11,22.4,Burrowing a Foxhole,Starter,Deebo Samuel,Was,WR|W/R/T
11,27.36,Burrowing a Foxhole,Starter,Derrick Henry,Bal,RB|W/R/T
11,17.7,Burrowing a Foxhole,Starter,Devin Singletary,NYG,RB|W/R/T
11,15.9,Burrowing a Foxhole,Starter,Pat Freiermuth,Pit,TE|W/R/T
11,1.7,Burrowing a Foxhole,Starter,Devin Duvernay,Chi,WR|W/R/T
11,7.4,Burrowing a Foxhole,Non-Starter,Kareem Hunt,KC,RB|W/R/T
11,19.74,Burrowing a Foxhole,Non-Starter,Marcus Mariota,Was,QB
11,0.0,Burrowing a Foxhole,Non-Starter,Tyler Lockett,Ten,WR|W/R/T
11,5.5,Burrowing a Foxhole,Starter,Chicago Bears,Chi,DEF
12,20.0,Burrowing a Foxhole,Starter,Joe Burrow,Cin,QB
12,20.3,Burrowing a Foxhole,Starter,D.J. Moore,Chi,WR|W/R/T
12,7.3,Burrowing a Foxhole,Starter,Deebo Samuel,Was,WR|W/R/T
12,14.7,Burrowing a Foxhole,Starter,Derrick Henry,Bal,RB|W/R/T
12,9.0,Burrowing a Foxhole,Starter,Devin Singletary,NYG,RB|W/R/T
12,6.9,Burrowing a Foxhole,Starter,Pat Freiermuth,Pit,TE|W/R/T
12,15.8,Burrowing a Foxhole,Starter,Tyler Lockett,Ten,WR|W/R/T
12,6.9,Burrowing a Foxhole,Non-Starter,Devin Duvernay,Chi,WR|W/R/T
12,3.1,Burrowing a Foxhole,Non-Starter,Kareem Hunt,KC,RB|W/R/T
12,13.86,Burrowing a Foxhole,Non-Starter,Marcus Mariota,Was,QB
12,4.0,Burrowing a Foxhole,Starter,Chicago Bears,Chi,DEF
13,34.04,Burrowing a Foxhole,Starter,Joe Burrow,Cin,QB
13,0.0,Burrowing a Foxhole,Starter,D.J. Moore,Chi,WR|W/R/T
13,12.3,Burrowing a Foxhole,Starter,Deebo Samuel,Was,WR|W/R/T
13,5.8,Burrowing a Foxhole,Starter,Derrick Henry,Bal,RB|W/R/T
13,11.1,Burrowing a Foxhole,Starter,Devin Singletary,NYG,RB|W/R/T
13,10.6,Burrowing a Foxhole,Starter,Pat Freiermuth,Pit,TE|W/R/T
13,27.8,Burrowing a Foxhole,Starter,Tyler Lockett,Ten,WR|W/R/T
13,10.3,Burrowing a Foxhole,Non-Starter,Devin Duvernay,Chi,WR|W/R/T
13,9.4,Burrowing a Foxhole,Non-Starter,Kareem Hunt,KC,RB|W/R/T
13,10.38,Burrowing a Foxhole,Non-Starter,Marcus Mariota,Was,QB
13,2.0,Burrowing a Foxhole,Starter,Chicago Bears,Chi,DEF
14,18.56,Burrowing a Foxhole,Starter,Joe Burrow,Cin,QB
14,0.6,Burrowing a Foxhole,Starter,D.J. Moore,Chi,WR|W/R/T
14,14.4,Burrowing a Foxhole,Starter,Deebo Samuel,Was,WR|W/R/T
14,20.5,Burrowing a Foxhole,Starter,Derrick Henry,Bal,RB|W/R/T
14,5.3,Burrowing a Foxhole,Starter,Devin Singletary,NYG,RB|W/R/T
14,12.3,Burrowing a Foxhole,Starter,Pat Freiermuth,Pit,TE|W/R/T
14,17.0,Burrowing a Foxhole,Starter,Tyler Lockett,Ten,WR|W/R/T
14,0.0,Burrowing a Foxhole,Non-Starter,Devin Duvernay,Chi,WR|W/R/T
14,3.2,Burrowing a Foxhole,Non-Starter,Kareem Hunt,KC,RB|W/R/T
14,0.0,Burrowing a Foxhole,Non-Starter,Marcus Mariota,Was,QB
14,7.0,Burrowing a Foxhole,Starter,Arizona Cardinals,Ari,DEF
