1,3.06,BroughtToUByCarlsJr,Starter,Jameis Winston,NYG,QB
1,8.85,BroughtToUByCarlsJr,Starter,Odell Beckham,Mia,WR|W/R/T
1,10.65,BroughtToUByCarlsJr,Starter,Tyler Lockett,Ten,WR|W/R/T
1,3.2,BroughtToUByCarlsJr,Starter,Kenyan Drake,Bal,RB|W/R/T
1,24.5,BroughtToUByCarlsJr,Starter,Dalvin Cook,Dal,RB|W/R/T
1,18.8,BroughtToUByCarlsJr,Starter,Mark Andrews,Bal,TE|W/R/T
1,10.45,BroughtToUByCarlsJr,Starter,Dede Westbrook,GB,WR|W/R/T
1,5.7,BroughtToUByCarlsJr,Non-Starter,Sterling Shepard,TB,WR|W/R/T
1,2.05,BroughtToUByCarlsJr,Non-Starter,Dion Lewis,NYG,RB|W/R/T
1,0.4,BroughtToUByCarlsJr,Non-Starter,Ty Montgomery II,NE,RB|W/R/T
1,7.0,BroughtToUByCarlsJr,Starter,Kansas City Chiefs,KC,DEF
2,13.22,BroughtToUByCarlsJr,Starter,Jameis Winston,NYG,QB
2,23.6,BroughtToUByCarlsJr,Starter,Odell Beckham,Mia,WR|W/R/T
2,0.55,BroughtToUByCarlsJr,Starter,Dede Westbrook,GB,WR|W/R/T
2,6.05,BroughtToUByCarlsJr,Starter,Kenyan Drake,Bal,RB|W/R/T
2,25.85,BroughtToUByCarlsJr,Starter,Dalvin Cook,Dal,RB|W/R/T
2,19.2,BroughtToUByCarlsJr,Starter,Mark Andrews,Bal,TE|W/R/T
2,10.4,BroughtToUByCarlsJr,Starter,Tyler Lockett,Ten,WR|W/R/T
2,0.0,BroughtToUByCarlsJr,Non-Starter,Sterling Shepard,TB,WR|W/R/T
2,1.65,BroughtToUByCarlsJr,Non-Starter,Dion Lewis,NYG,RB|W/R/T
2,4.75,BroughtToUByCarlsJr,Non-Starter,Ty Montgomery II,NE,RB|W/R/T
2,3.0,BroughtToUByCarlsJr,Starter,Dallas Cowboys,Dal,DEF
3,25.5,BroughtToUByCarlsJr,Starter,Jameis Winston,NYG,QB
3,7.1,BroughtToUByCarlsJr,Starter,Odell Beckham,Mia,WR|W/R/T
3,24.15,BroughtToUByCarlsJr,Starter,Tyler Lockett,Ten,WR|W/R/T
3,21.3,BroughtToUByCarlsJr,Starter,Dalvin Cook,Dal,RB|W/R/T
3,6.0,BroughtToUByCarlsJr,Starter,Kenneth Barber,LV,RB|W/R/T
3,2.25,BroughtToUByCarlsJr,Starter,Mark Andrews,Bal,TE|W/R/T
3,21.85,BroughtToUByCarlsJr,Starter,Sterling Shepard,TB,WR|W/R/T
3,5.95,BroughtToUByCarlsJr,Non-Starter,Kenyan Drake,Bal,RB|W/R/T
3,6.25,BroughtToUByCarlsJr,Non-Starter,Dede Westbrook,GB,WR|W/R/T
3,2.25,BroughtToUByCarlsJr,Non-Starter,Dion Lewis,NYG,RB|W/R/T
3,15.0,BroughtToUByCarlsJr,Starter,Dallas Cowboys,Dal,DEF
4,27.3,BroughtToUByCarlsJr,Starter,Jameis Winston,NYG,QB
4,2.5,BroughtToUByCarlsJr,Starter,Odell Beckham,Mia,WR|W/R/T
4,6.1,BroughtToUByCarlsJr,Starter,Tyler Lockett,Ten,WR|W/R/T
4,14.5,BroughtToUByCarlsJr,Starter,Dalvin Cook,Dal,RB|W/R/T
4,8.05,BroughtToUByCarlsJr,Starter,Kenyan Drake,Bal,RB|W/R/T
4,10.1,BroughtToUByCarlsJr,Starter,Mark Andrews,Bal,TE|W/R/T
4,11.65,BroughtToUByCarlsJr,Starter,Sterling Shepard,TB,WR|W/R/T
4,7.9,BroughtToUByCarlsJr,Non-Starter,Kenneth Barber,LV,RB|W/R/T
4,7.85,BroughtToUByCarlsJr,Non-Starter,Dede Westbrook,GB,WR|W/R/T
4,2.4,BroughtToUByCarlsJr,Non-Starter,Phillip Dorsett,LV,WR|W/R/T
4,18.0,BroughtToUByCarlsJr,Starter,Carolina Panthers,Car,DEF
5,17.46,BroughtToUByCarlsJr,Starter,Jameis Winston,NYG,QB
5,3.5,BroughtToUByCarlsJr,Starter,Odell Beckham,Mia,WR|W/R/T
5,11.3,BroughtToUByCarlsJr,Starter,Tyler Lockett,Ten,WR|W/R/T
5,21.3,BroughtToUByCarlsJr,Starter,Dalvin Cook,Dal,RB|W/R/T
5,9.35,BroughtToUByCarlsJr,Starter,Kenneth Barber,LV,RB|W/R/T
5,5.75,BroughtToUByCarlsJr,Starter,Mark Andrews,Bal,TE|W/R/T
5,0.0,BroughtToUByCarlsJr,Starter,Phillip Dorsett,LV,WR|W/R/T
5,5.95,BroughtToUByCarlsJr,Non-Starter,Sterling Shepard,TB,WR|W/R/T
5,0.0,BroughtToUByCarlsJr,Non-Starter,Kenyan Drake,Bal,RB|W/R/T
5,9.95,BroughtToUByCarlsJr,Non-Starter,Dede Westbrook,GB,WR|W/R/T
5,16.0,BroughtToUByCarlsJr,Starter,Carolina Panthers,Car,DEF
6,12.1,BroughtToUByCarlsJr,Starter,Jameis Winston,NYG,QB
6,11.6,BroughtToUByCarlsJr,Starter,Odell Beckham,Mia,WR|W/R/T
6,9.05,BroughtToUByCarlsJr,Starter,Tyler Lockett,Ten,WR|W/R/T
6,11.9,BroughtToUByCarlsJr,Starter,Dalvin Cook,Dal,RB|W/R/T
6,8.5,BroughtToUByCarlsJr,Starter,Kenyan Drake,Bal,RB|W/R/T
6,9.4,BroughtToUByCarlsJr,Starter,Mark Andrews,Bal,TE|W/R/T
6,6.05,BroughtToUByCarlsJr,Starter,Dede Westbrook,GB,WR|W/R/T
6,2.8,BroughtToUByCarlsJr,Non-Starter,Kenneth Barber,LV,RB|W/R/T
6,0.0,BroughtToUByCarlsJr,Non-Starter,Sterling Shepard,TB,WR|W/R/T
6,12.12,BroughtToUByCarlsJr,Non-Starter,Jimmy Garoppolo,LAR,QB
6,25.5,BroughtToUByCarlsJr,Starter,Carolina Panthers,Car,DEF
7,21.28,BroughtToUByCarlsJr,Starter,Josh Allen,Buf,QB
7,13.05,BroughtToUByCarlsJr,Starter,Tyler Lockett,Ten,WR|W/R/T
7,13.2,BroughtToUByCarlsJr,Starter,Dede Westbrook,GB,WR|W/R/T
7,27.15,BroughtToUByCarlsJr,Starter,Dalvin Cook,Dal,RB|W/R/T
7,6.55,BroughtToUByCarlsJr,Starter,Kenyan Drake,Bal,RB|W/R/T
7,4.4,BroughtToUByCarlsJr,Starter,Mark Andrews,Bal,TE|W/R/T
7,0.0,BroughtToUByCarlsJr,Starter,Dante Pettis,NO,WR|W/R/T
7,0.0,BroughtToUByCarlsJr,Non-Starter,Odell Beckham,Mia,WR|W/R/T
7,0.0,BroughtToUByCarlsJr,Non-Starter,Jameis Winston,NYG,QB
7,15.5,BroughtToUByCarlsJr,Starter,Buffalo Bills,Buf,DEF
7,0.0,BroughtToUByCarlsJr,Non-Starter,Carolina Panthers,Car,DEF
8,17.26,BroughtToUByCarlsJr,Starter,Josh Allen,Buf,QB
8,11.5,BroughtToUByCarlsJr,Starter,Tyler Lockett,Ten,WR|W/R/T
8,6.45,BroughtToUByCarlsJr,Starter,Odell Beckham,Mia,WR|W/R/T
8,24.35,BroughtToUByCarlsJr,Starter,Dalvin Cook,Dal,RB|W/R/T
8,7.4,BroughtToUByCarlsJr,Starter,Darrell Henderson,LAR,RB|W/R/T
8,4.65,BroughtToUByCarlsJr,Starter,Josh Hill,NO,TE|W/R/T
8,0.0,BroughtToUByCarlsJr,Starter,Dede Westbrook,GB,WR|W/R/T
8,0.0,BroughtToUByCarlsJr,Non-Starter,Kenyan Drake,Bal,RB|W/R/T
8,0.0,BroughtToUByCarlsJr,Non-Starter,Mark Andrews,Bal,TE|W/R/T
8,19.34,BroughtToUByCarlsJr,Non-Starter,Jameis Winston,NYG,QB
8,7.5,BroughtToUByCarlsJr,Starter,Carolina Panthers,Car,DEF
9,20.2,BroughtToUByCarlsJr,Starter,Jameis Winston,NYG,QB
9,30.45,BroughtToUByCarlsJr,Starter,Tyler Lockett,Ten,WR|W/R/T
9,9.45,BroughtToUByCarlsJr,Starter,Odell Beckham,Mia,WR|W/R/T
9,12.6,BroughtToUByCarlsJr,Starter,Dalvin Cook,Dal,RB|W/R/T
9,25.2,BroughtToUByCarlsJr,Starter,Kenyan Drake,Bal,RB|W/R/T
9,2.6,BroughtToUByCarlsJr,Starter,Mark Andrews,Bal,TE|W/R/T
9,9.55,BroughtToUByCarlsJr,Starter,Jaylen Samuels,Hou,RB|W/R/T
9,0.0,BroughtToUByCarlsJr,Non-Starter,Dede Westbrook,GB,WR|W/R/T
9,0.0,BroughtToUByCarlsJr,Non-Starter,Darrell Henderson,LAR,RB|W/R/T
9,0.0,BroughtToUByCarlsJr,Non-Starter,Matt Ryan,Ind,QB
9,15.5,BroughtToUByCarlsJr,Starter,Carolina Panthers,Car,DEF
10,18.32,BroughtToUByCarlsJr,Starter,Jameis Winston,NYG,QB
10,3.65,BroughtToUByCarlsJr,Starter,Tyler Lockett,Ten,WR|W/R/T
10,6.95,BroughtToUByCarlsJr,Starter,Odell Beckham,Mia,WR|W/R/T
10,26.05,BroughtToUByCarlsJr,Starter,Dalvin Cook,Dal,RB|W/R/T
10,5.6,BroughtToUByCarlsJr,Starter,Kenyan Drake,Bal,RB|W/R/T
10,18.8,BroughtToUByCarlsJr,Starter,Mark Andrews,Bal,TE|W/R/T
10,4.75,BroughtToUByCarlsJr,Starter,Jaylen Samuels,Hou,RB|W/R/T
10,0.0,BroughtToUByCarlsJr,Non-Starter,Dede Westbrook,GB,WR|W/R/T
10,0.4,BroughtToUByCarlsJr,Non-Starter,Darrell Henderson,LAR,RB|W/R/T
10,14.58,BroughtToUByCarlsJr,Non-Starter,Matt Ryan,Ind,QB
10,4.5,BroughtToUByCarlsJr,Starter,Carolina Panthers,Car,DEF
11,12.82,BroughtToUByCarlsJr,Starter,Jameis Winston,NYG,QB
11,7.0,BroughtToUByCarlsJr,Starter,Odell Beckham,Mia,WR|W/R/T
11,4.2,BroughtToUByCarlsJr,Starter,Dede Westbrook,GB,WR|W/R/T
11,12.95,BroughtToUByCarlsJr,Starter,Dalvin Cook,Dal,RB|W/R/T
11,9.5,BroughtToUByCarlsJr,Starter,Kenyan Drake,Bal,RB|W/R/T
11,14.5,BroughtToUByCarlsJr,Starter,Mark Andrews,Bal,TE|W/R/T
11,11.75,BroughtToUByCarlsJr,Starter,Jaylen Samuels,Hou,RB|W/R/T
11,16.44,BroughtToUByCarlsJr,Non-Starter,Matt Ryan,Ind,QB
11,0.0,BroughtToUByCarlsJr,Non-Starter,Tyler Lockett,Ten,WR|W/R/T
11,0.85,BroughtToUByCarlsJr,Non-Starter,Ty Johnson,Buf,RB|W/R/T
11,6.0,BroughtToUByCarlsJr,Starter,Carolina Panthers,Car,DEF
12,7.64,BroughtToUByCarlsJr,Starter,Matt Ryan,Ind,QB
12,15.9,BroughtToUByCarlsJr,Starter,Odell Beckham,Mia,WR|W/R/T
12,8.9,BroughtToUByCarlsJr,Starter,Dede Westbrook,GB,WR|W/R/T
12,3.95,BroughtToUByCarlsJr,Starter,Jaylen Samuels,Hou,RB|W/R/T
12,2.0,BroughtToUByCarlsJr,Starter,Patrick Laird,TB,RB|W/R/T
12,5.0,BroughtToUByCarlsJr,Starter,Mark Andrews,Bal,TE|W/R/T
12,4.05,BroughtToUByCarlsJr,Starter,Tyler Lockett,Ten,WR|W/R/T
12,24.32,BroughtToUByCarlsJr,Non-Starter,Jameis Winston,NYG,QB
12,0.0,BroughtToUByCarlsJr,Non-Starter,Dalvin Cook,Dal,RB|W/R/T
12,0.0,BroughtToUByCarlsJr,Non-Starter,Kenyan Drake,Bal,RB|W/R/T
12,7.5,BroughtToUByCarlsJr,Starter,Atlanta Falcons,Atl,DEF
13,10.72,BroughtToUByCarlsJr,Starter,Jameis Winston,NYG,QB
13,3.65,BroughtToUByCarlsJr,Starter,Odell Beckham,Mia,WR|W/R/T
13,15.25,BroughtToUByCarlsJr,Starter,Dede Westbrook,GB,WR|W/R/T
13,5.6,BroughtToUByCarlsJr,Starter,Kenyan Drake,Bal,RB|W/R/T
13,11.15,BroughtToUByCarlsJr,Starter,Dalvin Cook,Dal,RB|W/R/T
13,11.75,BroughtToUByCarlsJr,Starter,Mark Andrews,Bal,TE|W/R/T
13,0.0,BroughtToUByCarlsJr,Starter,Tyler Lockett,Ten,WR|W/R/T
13,16.58,BroughtToUByCarlsJr,Non-Starter,Matt Ryan,Ind,QB
13,13.8,BroughtToUByCarlsJr,Non-Starter,Patrick Laird,TB,RB|W/R/T
13,5.9,BroughtToUByCarlsJr,Non-Starter,Jaylen Samuels,Hou,RB|W/R/T
13,4.5,BroughtToUByCarlsJr,Starter,New York Jets,NYJ,DEF
14,32.74,BroughtToUByCarlsJr,Starter,Jameis Winston,NYG,QB
14,4.4,BroughtToUByCarlsJr,Starter,Odell Beckham,Mia,WR|W/R/T
14,4.0,BroughtToUByCarlsJr,Starter,Dede Westbrook,GB,WR|W/R/T
14,7.45,BroughtToUByCarlsJr,Starter,Kenyan Drake,Bal,RB|W/R/T
14,14.0,BroughtToUByCarlsJr,Starter,Dalvin Cook,Dal,RB|W/R/T
14,1.65,BroughtToUByCarlsJr,Starter,Mark Andrews,Bal,TE|W/R/T
14,5.3,BroughtToUByCarlsJr,Starter,Tyler Lockett,Ten,WR|W/R/T
14,21.32,BroughtToUByCarlsJr,Non-Starter,Matt Ryan,Ind,QB
14,9.6,BroughtToUByCarlsJr,Non-Starter,Patrick Laird,TB,RB|W/R/T
14,3.9,BroughtToUByCarlsJr,Non-Starter,Jaylen Samuels,Hou,RB|W/R/T
14,7.0,BroughtToUByCarlsJr,Starter,New York Jets,NYJ,DEF
15,32.72,BroughtToUByCarlsJr,Starter,Jameis Winston,NYG,QB
15,8.6,BroughtToUByCarlsJr,Starter,Odell Beckham,Mia,WR|W/R/T
15,2.6,BroughtToUByCarlsJr,Starter,Dede Westbrook,GB,WR|W/R/T
15,38.85,BroughtToUByCarlsJr,Starter,Kenyan Drake,Bal,RB|W/R/T
15,5.05,BroughtToUByCarlsJr,Starter,Dalvin Cook,Dal,RB|W/R/T
15,12.2,BroughtToUByCarlsJr,Starter,Mark Andrews,Bal,TE|W/R/T
15,5.9,BroughtToUByCarlsJr,Starter,Patrick Laird,TB,RB|W/R/T
15,20.0,BroughtToUByCarlsJr,Non-Starter,Tyler Lockett,Ten,WR|W/R/T
15,19.1,BroughtToUByCarlsJr,Non-Starter,Matt Ryan,Ind,QB
15,0.65,BroughtToUByCarlsJr,Non-Starter,Jaylen Samuels,Hou,RB|W/R/T
15,20.5,BroughtToUByCarlsJr,Starter,Tampa Bay Buccaneers,TB,DEF
16,9.0,BroughtToUByCarlsJr,Starter,Jameis Winston,NYG,QB
16,11.4,BroughtToUByCarlsJr,Starter,Odell Beckham,Mia,WR|W/R/T
16,1.45,BroughtToUByCarlsJr,Starter,Tyler Lockett,Ten,WR|W/R/T
16,31.15,BroughtToUByCarlsJr,Starter,Kenyan Drake,Bal,RB|W/R/T
16,2.05,BroughtToUByCarlsJr,Starter,Patrick Laird,TB,RB|W/R/T
16,22.8,BroughtToUByCarlsJr,Starter,Mark Andrews,Bal,TE|W/R/T
16,0.45,BroughtToUByCarlsJr,Starter,Anthony Miller,Bal,WR|W/R/T
16,0.0,BroughtToUByCarlsJr,Non-Starter,Dalvin Cook,Dal,RB|W/R/T
16,1.0,BroughtToUByCarlsJr,Non-Starter,Dede Westbrook,GB,WR|W/R/T
16,15.96,BroughtToUByCarlsJr,Non-Starter,Matt Ryan,Ind,QB
16,7.5,BroughtToUByCarlsJr,Starter,Denver Broncos,Den,DEF
1,7.4,AirBudGoldenReceiver,Starter,Baker Mayfield,TB,QB
1,4.4,AirBudGoldenReceiver,Starter,Brandin Cooks,NO,WR|W/R/T
1,19.3,AirBudGoldenReceiver,Starter,Larry Fitzgerald,Ari,WR|W/R/T
1,7.5,AirBudGoldenReceiver,Starter,James Conner,Ari,RB|W/R/T
1,4.15,AirBudGoldenReceiver,Starter,Aaron Jones,Min,RB|W/R/T
1,7.0,AirBudGoldenReceiver,Starter,Hunter Henry,NE,TE|W/R/T
1,1.8,AirBudGoldenReceiver,Starter,Rashaad Penny,Phi,RB|W/R/T
1,29.4,AirBudGoldenReceiver,Non-Starter,DeSean Jackson,Bal,WR|W/R/T
1,4.6,AirBudGoldenReceiver,Non-Starter,Greg Olsen,Sea,TE|W/R/T
1,14.32,AirBudGoldenReceiver,Non-Starter,Kirk Cousins,Atl,QB
1,4.0,AirBudGoldenReceiver,Starter,Washington Commanders,Was,DEF
2,15.0,AirBudGoldenReceiver,Starter,Baker Mayfield,TB,QB
2,14.35,AirBudGoldenReceiver,Starter,Brandin Cooks,NO,WR|W/R/T
2,11.65,AirBudGoldenReceiver,Starter,Larry Fitzgerald,Ari,WR|W/R/T
2,11.25,AirBudGoldenReceiver,Starter,James Conner,Ari,RB|W/R/T
2,22.0,AirBudGoldenReceiver,Starter,Aaron Jones,Min,RB|W/R/T
2,12.5,AirBudGoldenReceiver,Starter,Greg Olsen,Sea,TE|W/R/T
2,0.0,AirBudGoldenReceiver,Starter,DeSean Jackson,Bal,WR|W/R/T
2,0.0,AirBudGoldenReceiver,Non-Starter,Hunter Henry,NE,TE|W/R/T
2,12.75,AirBudGoldenReceiver,Non-Starter,Rashaad Penny,Phi,RB|W/R/T
2,8.9,AirBudGoldenReceiver,Non-Starter,Kirk Cousins,Atl,QB
2,5.0,AirBudGoldenReceiver,Starter,Washington Commanders,Was,DEF
3,9.7,AirBudGoldenReceiver,Starter,Baker Mayfield,TB,QB
3,14.0,AirBudGoldenReceiver,Starter,Brandin Cooks,NO,WR|W/R/T
3,10.85,AirBudGoldenReceiver,Starter,Larry Fitzgerald,Ari,WR|W/R/T
3,4.7,AirBudGoldenReceiver,Starter,James Conner,Ari,RB|W/R/T
3,14.55,AirBudGoldenReceiver,Starter,Aaron Jones,Min,RB|W/R/T
3,21.0,AirBudGoldenReceiver,Starter,Greg Olsen,Sea,TE|W/R/T
3,6.35,AirBudGoldenReceiver,Starter,Will Fuller V,Mia,WR|W/R/T
3,0.0,AirBudGoldenReceiver,Non-Starter,Rashaad Penny,Phi,RB|W/R/T
3,0.0,AirBudGoldenReceiver,Non-Starter,DeSean Jackson,Bal,WR|W/R/T
3,0.0,AirBudGoldenReceiver,Non-Starter,Hunter Henry,NE,TE|W/R/T
3,7.0,AirBudGoldenReceiver,Starter,Washington Commanders,Was,DEF
4,15.78,AirBudGoldenReceiver,Starter,Baker Mayfield,TB,QB
4,8.6,AirBudGoldenReceiver,Starter,Brandin Cooks,NO,WR|W/R/T
4,5.95,AirBudGoldenReceiver,Starter,Larry Fitzgerald,Ari,WR|W/R/T
4,20.5,AirBudGoldenReceiver,Starter,James Conner,Ari,RB|W/R/T
4,13.3,AirBudGoldenReceiver,Starter,Aaron Jones,Min,RB|W/R/T
4,1.0,AirBudGoldenReceiver,Starter,Greg Olsen,Sea,TE|W/R/T
4,3.05,AirBudGoldenReceiver,Starter,Will Fuller V,Mia,WR|W/R/T
4,0.0,AirBudGoldenReceiver,Non-Starter,Rashaad Penny,Phi,RB|W/R/T
4,0.0,AirBudGoldenReceiver,Non-Starter,DeSean Jackson,Bal,WR|W/R/T
4,0.0,AirBudGoldenReceiver,Non-Starter,Hunter Henry,NE,TE|W/R/T
4,2.0,AirBudGoldenReceiver,Starter,Baltimore Ravens,Bal,DEF
5,-2.0,AirBudGoldenReceiver,Starter,Baker Mayfield,TB,QB
5,5.85,AirBudGoldenReceiver,Starter,Brandin Cooks,NO,WR|W/R/T
5,7.3,AirBudGoldenReceiver,Starter,Larry Fitzgerald,Ari,WR|W/R/T
5,43.95,AirBudGoldenReceiver,Starter,Aaron Jones,Min,RB|W/R/T
5,5.4,AirBudGoldenReceiver,Starter,Rashaad Penny,Phi,RB|W/R/T
5,0.0,AirBudGoldenReceiver,Starter,Greg Olsen,Sea,TE|W/R/T
5,11.5,AirBudGoldenReceiver,Starter,James Conner,Ari,RB|W/R/T
5,43.2,AirBudGoldenReceiver,Non-Starter,Will Fuller V,Mia,WR|W/R/T
5,0.0,AirBudGoldenReceiver,Non-Starter,DeSean Jackson,Bal,WR|W/R/T
5,0.0,AirBudGoldenReceiver,Non-Starter,Hunter Henry,NE,TE|W/R/T
5,5.5,AirBudGoldenReceiver,Starter,Kansas City Chiefs,KC,DEF
6,19.46,AirBudGoldenReceiver,Starter,Baker Mayfield,TB,QB
6,8.4,AirBudGoldenReceiver,Starter,Larry Fitzgerald,Ari,WR|W/R/T
6,5.65,AirBudGoldenReceiver,Starter,Will Fuller V,Mia,WR|W/R/T
6,25.65,AirBudGoldenReceiver,Starter,James Conner,Ari,RB|W/R/T
6,5.0,AirBudGoldenReceiver,Starter,Aaron Jones,Min,RB|W/R/T
6,6.2,AirBudGoldenReceiver,Starter,Greg Olsen,Sea,TE|W/R/T
6,3.95,AirBudGoldenReceiver,Starter,Brandin Cooks,NO,WR|W/R/T
6,0.0,AirBudGoldenReceiver,Non-Starter,Rashaad Penny,Phi,RB|W/R/T
6,0.0,AirBudGoldenReceiver,Non-Starter,DeSean Jackson,Bal,WR|W/R/T
6,24.0,AirBudGoldenReceiver,Non-Starter,Hunter Henry,NE,TE|W/R/T
6,5.5,AirBudGoldenReceiver,Starter,Kansas City Chiefs,KC,DEF
7,29.22,AirBudGoldenReceiver,Starter,Kirk Cousins,Atl,QB
7,1.45,AirBudGoldenReceiver,Starter,Larry Fitzgerald,Ari,WR|W/R/T
7,6.9,AirBudGoldenReceiver,Starter,Brandin Cooks,NO,WR|W/R/T
7,15.3,AirBudGoldenReceiver,Starter,Aaron Jones,Min,RB|W/R/T
7,6.05,AirBudGoldenReceiver,Starter,Mark Walton,Mia,RB|W/R/T
7,11.2,AirBudGoldenReceiver,Starter,Hunter Henry,NE,TE|W/R/T
7,0.85,AirBudGoldenReceiver,Starter,Will Fuller V,Mia,WR|W/R/T
7,0.0,AirBudGoldenReceiver,Non-Starter,James Conner,Ari,RB|W/R/T
7,0.0,AirBudGoldenReceiver,Non-Starter,Greg Olsen,Sea,TE|W/R/T
7,0.0,AirBudGoldenReceiver,Non-Starter,DeSean Jackson,Bal,WR|W/R/T
7,14.5,AirBudGoldenReceiver,Starter,New Orleans Saints,NO,DEF
8,11.6,AirBudGoldenReceiver,Starter,Kirk Cousins,Atl,QB
8,1.3,AirBudGoldenReceiver,Starter,Larry Fitzgerald,Ari,WR|W/R/T
8,0.0,AirBudGoldenReceiver,Starter,Brandin Cooks,NO,WR|W/R/T
8,36.35,AirBudGoldenReceiver,Starter,Aaron Jones,Min,RB|W/R/T
8,21.75,AirBudGoldenReceiver,Starter,James Conner,Ari,RB|W/R/T
8,5.7,AirBudGoldenReceiver,Starter,Hunter Henry,NE,TE|W/R/T
8,4.15,AirBudGoldenReceiver,Starter,Mark Walton,Mia,RB|W/R/T
8,0.0,AirBudGoldenReceiver,Non-Starter,Will Fuller V,Mia,WR|W/R/T
8,1.8,AirBudGoldenReceiver,Non-Starter,Greg Olsen,Sea,TE|W/R/T
8,0.0,AirBudGoldenReceiver,Non-Starter,DeSean Jackson,Bal,WR|W/R/T
8,12.5,AirBudGoldenReceiver,Starter,New Orleans Saints,NO,DEF
9,21.3,AirBudGoldenReceiver,Starter,Kirk Cousins,Atl,QB
9,4.8,AirBudGoldenReceiver,Starter,Larry Fitzgerald,Ari,WR|W/R/T
9,0.75,AirBudGoldenReceiver,Starter,DeSean Jackson,Bal,WR|W/R/T
9,3.15,AirBudGoldenReceiver,Starter,Aaron Jones,Min,RB|W/R/T
9,4.85,AirBudGoldenReceiver,Starter,Mark Walton,Mia,RB|W/R/T
9,10.15,AirBudGoldenReceiver,Starter,Hunter Henry,NE,TE|W/R/T
9,4.75,AirBudGoldenReceiver,Starter,Greg Olsen,Sea,TE|W/R/T
9,1.25,AirBudGoldenReceiver,Non-Starter,Darren Sproles,Phi,RB|W/R/T
9,0.0,AirBudGoldenReceiver,Non-Starter,James Conner,Ari,RB|W/R/T
9,12.5,AirBudGoldenReceiver,Starter,Buffalo Bills,Buf,DEF
9,0.0,AirBudGoldenReceiver,Non-Starter,New Orleans Saints,NO,DEF
10,19.3,AirBudGoldenReceiver,Starter,Kirk Cousins,Atl,QB
10,9.1,AirBudGoldenReceiver,Starter,Larry Fitzgerald,Ari,WR|W/R/T
10,8.4,AirBudGoldenReceiver,Starter,Cole Beasley,NYG,WR|W/R/T
10,27.3,AirBudGoldenReceiver,Starter,Aaron Jones,Min,RB|W/R/T
10,1.7,AirBudGoldenReceiver,Starter,Gus Edwards,LAC,RB|W/R/T
10,10.0,AirBudGoldenReceiver,Starter,Hunter Henry,NE,TE|W/R/T
10,11.8,AirBudGoldenReceiver,Starter,Greg Olsen,Sea,TE|W/R/T
10,0.0,AirBudGoldenReceiver,Non-Starter,James Conner,Ari,RB|W/R/T
10,0.0,AirBudGoldenReceiver,Non-Starter,Darren Sproles,Phi,RB|W/R/T
10,5.5,AirBudGoldenReceiver,Starter,New Orleans Saints,NO,DEF
10,8.5,AirBudGoldenReceiver,Non-Starter,Buffalo Bills,Buf,DEF
11,22.86,AirBudGoldenReceiver,Starter,Kirk Cousins,Atl,QB
11,8.95,AirBudGoldenReceiver,Starter,Larry Fitzgerald,Ari,WR|W/R/T
11,7.65,AirBudGoldenReceiver,Starter,Terry McLaurin,Was,WR|W/R/T
11,1.85,AirBudGoldenReceiver,Starter,James Conner,Ari,RB|W/R/T
11,4.75,AirBudGoldenReceiver,Starter,Frank Gore,NYJ,RB|W/R/T
11,10.4,AirBudGoldenReceiver,Starter,Hunter Henry,NE,TE|W/R/T
11,6.95,AirBudGoldenReceiver,Starter,Greg Olsen,Sea,TE|W/R/T
11,4.8,AirBudGoldenReceiver,Non-Starter,Cole Beasley,NYG,WR|W/R/T
11,17.2,AirBudGoldenReceiver,Non-Starter,Gus Edwards,LAC,RB|W/R/T
11,0.0,AirBudGoldenReceiver,Non-Starter,Aaron Jones,Min,RB|W/R/T
11,19.0,AirBudGoldenReceiver,Starter,New Orleans Saints,NO,DEF
12,13.16,AirBudGoldenReceiver,Starter,Jacoby Brissett,Ari,QB
12,8.45,AirBudGoldenReceiver,Starter,Terry McLaurin,Was,WR|W/R/T
12,15.1,AirBudGoldenReceiver,Starter,Cole Beasley,NYG,WR|W/R/T
12,3.8,AirBudGoldenReceiver,Starter,Aaron Jones,Min,RB|W/R/T
12,6.5,AirBudGoldenReceiver,Starter,Frank Gore,NYJ,RB|W/R/T
12,5.65,AirBudGoldenReceiver,Starter,Greg Olsen,Sea,TE|W/R/T
12,4.95,AirBudGoldenReceiver,Starter,Sterling Shepard,TB,WR|W/R/T
12,0.0,AirBudGoldenReceiver,Non-Starter,James Conner,Ari,RB|W/R/T
12,0.0,AirBudGoldenReceiver,Non-Starter,Kirk Cousins,Atl,QB
12,0.0,AirBudGoldenReceiver,Non-Starter,Larry Fitzgerald,Ari,WR|W/R/T
12,10.0,AirBudGoldenReceiver,Starter,New Orleans Saints,NO,DEF
13,17.04,AirBudGoldenReceiver,Starter,Kirk Cousins,Atl,QB
13,1.3,AirBudGoldenReceiver,Starter,Terry McLaurin,Was,WR|W/R/T
13,7.1,AirBudGoldenReceiver,Starter,Larry Fitzgerald,Ari,WR|W/R/T
13,4.1,AirBudGoldenReceiver,Starter,Aaron Jones,Min,RB|W/R/T
13,2.75,AirBudGoldenReceiver,Starter,Frank Gore,NYJ,RB|W/R/T
13,2.95,AirBudGoldenReceiver,Starter,Greg Olsen,Sea,TE|W/R/T
13,18.5,AirBudGoldenReceiver,Starter,Cole Beasley,NYG,WR|W/R/T
13,10.75,AirBudGoldenReceiver,Non-Starter,Sterling Shepard,TB,WR|W/R/T
13,12.66,AirBudGoldenReceiver,Non-Starter,Jacoby Brissett,Ari,QB
13,0.0,AirBudGoldenReceiver,Non-Starter,James Conner,Ari,RB|W/R/T
13,23.5,AirBudGoldenReceiver,Starter,New Orleans Saints,NO,DEF
1,33.56,No More Mr Guice Guy,Starter,Lamar Jackson,Bal,QB
1,8.3,No More Mr Guice Guy,Starter,Tyler Boyd,Ten,WR|W/R/T
1,15.85,No More Mr Guice Guy,Starter,Emmanuel Sanders,Buf,WR|W/R/T
1,21.2,No More Mr Guice Guy,Starter,David Johnson,NO,RB|W/R/T
1,19.5,No More Mr Guice Guy,Starter,Chris Carson,Sea,RB|W/R/T
1,20.6,No More Mr Guice Guy,Starter,T.J. Hockenson,Min,TE|W/R/T
1,1.4,No More Mr Guice Guy,Starter,Sony Michel,LAC,RB|W/R/T
1,3.05,No More Mr Guice Guy,Non-Starter,Robbie Chosen,SF,WR|W/R/T
1,11.2,No More Mr Guice Guy,Non-Starter,Latavius Murray,Buf,RB|W/R/T
1,1.45,No More Mr Guice Guy,Non-Starter,Kalen Ballage,Pit,RB|W/R/T
1,16.5,No More Mr Guice Guy,Starter,Seattle Seahawks,Sea,DEF
2,30.88,No More Mr Guice Guy,Starter,Lamar Jackson,Bal,QB
2,14.7,No More Mr Guice Guy,Starter,Tyler Boyd,Ten,WR|W/R/T
2,18.2,No More Mr Guice Guy,Starter,John Ross,Phi,WR|W/R/T
2,7.65,No More Mr Guice Guy,Starter,David Johnson,NO,RB|W/R/T
2,7.45,No More Mr Guice Guy,Starter,Chris Carson,Sea,RB|W/R/T
2,0.95,No More Mr Guice Guy,Starter,T.J. Hockenson,Min,TE|W/R/T
2,12.3,No More Mr Guice Guy,Starter,Sony Michel,LAC,RB|W/R/T
2,20.55,No More Mr Guice Guy,Non-Starter,Emmanuel Sanders,Buf,WR|W/R/T
2,9.1,No More Mr Guice Guy,Non-Starter,Robbie Chosen,SF,WR|W/R/T
2,2.55,No More Mr Guice Guy,Non-Starter,Latavius Murray,Buf,RB|W/R/T
2,5.5,No More Mr Guice Guy,Starter,Seattle Seahawks,Sea,DEF
3,21.28,No More Mr Guice Guy,Starter,Lamar Jackson,Bal,QB
3,8.3,No More Mr Guice Guy,Starter,Tyler Boyd,Ten,WR|W/R/T
3,1.5,No More Mr Guice Guy,Starter,Emmanuel Sanders,Buf,WR|W/R/T
3,14.0,No More Mr Guice Guy,Starter,David Johnson,NO,RB|W/R/T
3,3.25,No More Mr Guice Guy,Starter,Chris Carson,Sea,RB|W/R/T
3,0.35,No More Mr Guice Guy,Starter,T.J. Hockenson,Min,TE|W/R/T
3,7.1,No More Mr Guice Guy,Starter,Sony Michel,LAC,RB|W/R/T
3,0.7,No More Mr Guice Guy,Non-Starter,John Ross,Phi,WR|W/R/T
3,1.85,No More Mr Guice Guy,Non-Starter,Robbie Chosen,SF,WR|W/R/T
3,0.2,No More Mr Guice Guy,Non-Starter,Latavius Murray,Buf,RB|W/R/T
3,4.0,No More Mr Guice Guy,Starter,Seattle Seahawks,Sea,DEF
4,24.48,No More Mr Guice Guy,Starter,Lamar Jackson,Bal,QB
4,4.05,No More Mr Guice Guy,Starter,Tyler Boyd,Ten,WR|W/R/T
4,11.65,No More Mr Guice Guy,Starter,Emmanuel Sanders,Buf,WR|W/R/T
4,15.9,No More Mr Guice Guy,Starter,David Johnson,NO,RB|W/R/T
4,15.5,No More Mr Guice Guy,Starter,Chris Carson,Sea,RB|W/R/T
4,9.45,No More Mr Guice Guy,Starter,T.J. Hockenson,Min,TE|W/R/T
4,6.3,No More Mr Guice Guy,Starter,Sony Michel,LAC,RB|W/R/T
4,4.35,No More Mr Guice Guy,Non-Starter,John Ross,Phi,WR|W/R/T
4,2.25,No More Mr Guice Guy,Non-Starter,Latavius Murray,Buf,RB|W/R/T
4,0.0,No More Mr Guice Guy,Non-Starter,Chris Herndon,Min,TE|W/R/T
4,19.0,No More Mr Guice Guy,Starter,Seattle Seahawks,Sea,DEF
5,11.44,No More Mr Guice Guy,Starter,Lamar Jackson,Bal,QB
5,20.8,No More Mr Guice Guy,Starter,Tyler Boyd,Ten,WR|W/R/T
5,1.15,No More Mr Guice Guy,Starter,Emmanuel Sanders,Buf,WR|W/R/T
5,16.35,No More Mr Guice Guy,Starter,David Johnson,NO,RB|W/R/T
5,18.55,No More Mr Guice Guy,Starter,Chris Carson,Sea,RB|W/R/T
5,0.0,No More Mr Guice Guy,Starter,Ricky Seals-Jones,Was,TE|W/R/T
5,19.05,No More Mr Guice Guy,Starter,Sony Michel,LAC,RB|W/R/T
5,0.0,No More Mr Guice Guy,Non-Starter,Chris Herndon,Min,TE|W/R/T
5,3.9,No More Mr Guice Guy,Non-Starter,Latavius Murray,Buf,RB|W/R/T
5,11.55,No More Mr Guice Guy,Non-Starter,Mohamed Sanu,SF,WR|W/R/T
5,5.5,No More Mr Guice Guy,Starter,Seattle Seahawks,Sea,DEF
6,30.64,No More Mr Guice Guy,Starter,Lamar Jackson,Bal,QB
6,1.75,No More Mr Guice Guy,Starter,Tyler Boyd,Ten,WR|W/R/T
6,0.25,No More Mr Guice Guy,Starter,Emmanuel Sanders,Buf,WR|W/R/T
6,22.9,No More Mr Guice Guy,Starter,Chris Carson,Sea,RB|W/R/T
6,11.8,No More Mr Guice Guy,Starter,Sony Michel,LAC,RB|W/R/T
6,10.45,No More Mr Guice Guy,Starter,Jared Cook,LAC,TE|W/R/T
6,23.7,No More Mr Guice Guy,Starter,David Johnson,NO,RB|W/R/T
6,0.0,No More Mr Guice Guy,Non-Starter,Chris Herndon,Min,TE|W/R/T
6,8.65,No More Mr Guice Guy,Non-Starter,Latavius Murray,Buf,RB|W/R/T
6,3.65,No More Mr Guice Guy,Non-Starter,Mohamed Sanu,SF,WR|W/R/T
6,10.5,No More Mr Guice Guy,Starter,Seattle Seahawks,Sea,DEF
7,23.32,No More Mr Guice Guy,Starter,Lamar Jackson,Bal,QB
7,4.75,No More Mr Guice Guy,Starter,Tyler Boyd,Ten,WR|W/R/T
7,7.25,No More Mr Guice Guy,Starter,Emmanuel Sanders,Buf,WR|W/R/T
7,8.15,No More Mr Guice Guy,Starter,Chris Carson,Sea,RB|W/R/T
7,0.2,No More Mr Guice Guy,Starter,David Johnson,NO,RB|W/R/T
7,13.5,No More Mr Guice Guy,Starter,Jimmy Graham,NO,TE|W/R/T
7,28.25,No More Mr Guice Guy,Starter,Latavius Murray,Buf,RB|W/R/T
7,21.65,No More Mr Guice Guy,Non-Starter,Sony Michel,LAC,RB|W/R/T
7,0.0,No More Mr Guice Guy,Non-Starter,Chris Herndon,Min,TE|W/R/T
7,0.55,No More Mr Guice Guy,Non-Starter,Mohamed Sanu,SF,WR|W/R/T
7,4.5,No More Mr Guice Guy,Starter,Seattle Seahawks,Sea,DEF
8,16.04,No More Mr Guice Guy,Starter,Mason Rudolph,Pit,QB
8,8.3,No More Mr Guice Guy,Starter,Tyler Boyd,Ten,WR|W/R/T
8,9.5,No More Mr Guice Guy,Starter,Emmanuel Sanders,Buf,WR|W/R/T
8,15.0,No More Mr Guice Guy,Starter,Chris Carson,Sea,RB|W/R/T
8,7.4,No More Mr Guice Guy,Starter,Sony Michel,LAC,RB|W/R/T
8,2.75,No More Mr Guice Guy,Starter,Jimmy Graham,NO,TE|W/R/T
8,29.95,No More Mr Guice Guy,Starter,Latavius Murray,Buf,RB|W/R/T
8,0.0,No More Mr Guice Guy,Non-Starter,David Johnson,NO,RB|W/R/T
8,0.0,No More Mr Guice Guy,Non-Starter,Lamar Jackson,Bal,QB
8,0.0,No More Mr Guice Guy,Non-Starter,Chris Herndon,Min,TE|W/R/T
8,11.0,No More Mr Guice Guy,Starter,Seattle Seahawks,Sea,DEF
9,28.62,No More Mr Guice Guy,Starter,Lamar Jackson,Bal,QB
9,18.95,No More Mr Guice Guy,Starter,Emmanuel Sanders,Buf,WR|W/R/T
9,0.75,No More Mr Guice Guy,Starter,Diontae Johnson,Cle,WR|W/R/T
9,11.8,No More Mr Guice Guy,Starter,Chris Carson,Sea,RB|W/R/T
9,3.25,No More Mr Guice Guy,Starter,Sony Michel,LAC,RB|W/R/T
9,0.0,No More Mr Guice Guy,Starter,Chris Herndon,Min,TE|W/R/T
9,16.6,No More Mr Guice Guy,Starter,Mohamed Sanu,SF,WR|W/R/T
9,0.0,No More Mr Guice Guy,Non-Starter,David Johnson,NO,RB|W/R/T
9,0.0,No More Mr Guice Guy,Non-Starter,Tyler Boyd,Ten,WR|W/R/T
9,0.0,No More Mr Guice Guy,Non-Starter,Latavius Murray,Buf,RB|W/R/T
9,6.0,No More Mr Guice Guy,Starter,Seattle Seahawks,Sea,DEF
10,33.42,No More Mr Guice Guy,Starter,Lamar Jackson,Bal,QB
10,2.9,No More Mr Guice Guy,Starter,Emmanuel Sanders,Buf,WR|W/R/T
10,7.7,No More Mr Guice Guy,Starter,Tyler Boyd,Ten,WR|W/R/T
10,16.85,No More Mr Guice Guy,Starter,Chris Carson,Sea,RB|W/R/T
10,2.4,No More Mr Guice Guy,Starter,Latavius Murray,Buf,RB|W/R/T
10,0.95,No More Mr Guice Guy,Starter,Chris Herndon,Min,TE|W/R/T
10,-0.75,No More Mr Guice Guy,Starter,David Johnson,NO,RB|W/R/T
10,7.4,No More Mr Guice Guy,Non-Starter,Diontae Johnson,Cle,WR|W/R/T
10,0.0,No More Mr Guice Guy,Non-Starter,Mohamed Sanu,SF,WR|W/R/T
10,0.0,No More Mr Guice Guy,Non-Starter,Sony Michel,LAC,RB|W/R/T
10,21.5,No More Mr Guice Guy,Starter,Seattle Seahawks,Sea,DEF
11,32.78,No More Mr Guice Guy,Starter,Lamar Jackson,Bal,QB
11,1.25,No More Mr Guice Guy,Starter,Tyler Boyd,Ten,WR|W/R/T
11,1.7,No More Mr Guice Guy,Starter,Mohamed Sanu,SF,WR|W/R/T
11,4.9,No More Mr Guice Guy,Starter,Sony Michel,LAC,RB|W/R/T
11,4.05,No More Mr Guice Guy,Starter,Brian Hill,Cle,RB|W/R/T
11,6.3,No More Mr Guice Guy,Starter,Noah Fant,Cin,TE|W/R/T
11,0.0,No More Mr Guice Guy,Starter,David Johnson,NO,RB|W/R/T
11,3.7,No More Mr Guice Guy,Non-Starter,Latavius Murray,Buf,RB|W/R/T
11,4.05,No More Mr Guice Guy,Non-Starter,Emmanuel Sanders,Buf,WR|W/R/T
11,0.0,No More Mr Guice Guy,Non-Starter,Chris Carson,Sea,RB|W/R/T
11,16.0,No More Mr Guice Guy,Starter,Las Vegas Raiders,LV,DEF
12,36.26,No More Mr Guice Guy,Starter,Lamar Jackson,Bal,QB
12,9.6,No More Mr Guice Guy,Starter,Randall Cobb,NYJ,WR|W/R/T
12,15.35,No More Mr Guice Guy,Starter,Tyler Boyd,Ten,WR|W/R/T
12,8.5,No More Mr Guice Guy,Starter,Sony Michel,LAC,RB|W/R/T
12,6.7,No More Mr Guice Guy,Starter,Chris Carson,Sea,RB|W/R/T
12,2.15,No More Mr Guice Guy,Starter,Noah Fant,Cin,TE|W/R/T
12,3.45,No More Mr Guice Guy,Starter,Brian Hill,Cle,RB|W/R/T
12,1.75,No More Mr Guice Guy,Non-Starter,Emmanuel Sanders,Buf,WR|W/R/T
12,0.0,No More Mr Guice Guy,Non-Starter,David Johnson,NO,RB|W/R/T
12,12.4,No More Mr Guice Guy,Non-Starter,Latavius Murray,Buf,RB|W/R/T
12,5.5,No More Mr Guice Guy,Starter,Las Vegas Raiders,LV,DEF
13,22.3,No More Mr Guice Guy,Starter,Lamar Jackson,Bal,QB
13,6.05,No More Mr Guice Guy,Starter,Randall Cobb,NYJ,WR|W/R/T
13,13.15,No More Mr Guice Guy,Starter,Tyler Boyd,Ten,WR|W/R/T
13,4.5,No More Mr Guice Guy,Starter,Sony Michel,LAC,RB|W/R/T
13,17.15,No More Mr Guice Guy,Starter,Chris Carson,Sea,RB|W/R/T
13,0.75,No More Mr Guice Guy,Starter,Noah Fant,Cin,TE|W/R/T
13,0.2,No More Mr Guice Guy,Starter,Latavius Murray,Buf,RB|W/R/T
13,5.1,No More Mr Guice Guy,Non-Starter,Emmanuel Sanders,Buf,WR|W/R/T
13,2.9,No More Mr Guice Guy,Non-Starter,David Johnson,NO,RB|W/R/T
13,23.7,No More Mr Guice Guy,Non-Starter,Rashaad Penny,Phi,RB|W/R/T
13,10.5,No More Mr Guice Guy,Starter,Carolina Panthers,Car,DEF
14,19.8,No More Mr Guice Guy,Starter,Lamar Jackson,Bal,QB
14,4.8,No More Mr Guice Guy,Starter,Randall Cobb,NYJ,WR|W/R/T
14,9.45,No More Mr Guice Guy,Starter,Tyler Boyd,Ten,WR|W/R/T
14,1.15,No More Mr Guice Guy,Starter,Sony Michel,LAC,RB|W/R/T
14,9.85,No More Mr Guice Guy,Starter,Chris Carson,Sea,RB|W/R/T
14,18.3,No More Mr Guice Guy,Starter,Noah Fant,Cin,TE|W/R/T
14,1.85,No More Mr Guice Guy,Starter,Rashaad Penny,Phi,RB|W/R/T
14,9.9,No More Mr Guice Guy,Non-Starter,Latavius Murray,Buf,RB|W/R/T
14,28.85,No More Mr Guice Guy,Non-Starter,Emmanuel Sanders,Buf,WR|W/R/T
14,11.8,No More Mr Guice Guy,Non-Starter,David Johnson,NO,RB|W/R/T
14,0.0,No More Mr Guice Guy,Starter,Carolina Panthers,Car,DEF
15,37.08,No More Mr Guice Guy,Starter,Lamar Jackson,Bal,QB
15,-0.05,No More Mr Guice Guy,Starter,Randall Cobb,NYJ,WR|W/R/T
15,3.35,No More Mr Guice Guy,Starter,Tyler Boyd,Ten,WR|W/R/T
15,25.95,No More Mr Guice Guy,Starter,Chris Carson,Sea,RB|W/R/T
15,0.6,No More Mr Guice Guy,Starter,David Johnson,NO,RB|W/R/T
15,6.1,No More Mr Guice Guy,Starter,Noah Fant,Cin,TE|W/R/T
15,1.4,No More Mr Guice Guy,Starter,Emmanuel Sanders,Buf,WR|W/R/T
15,10.55,No More Mr Guice Guy,Non-Starter,Sony Michel,LAC,RB|W/R/T
15,5.4,No More Mr Guice Guy,Non-Starter,Latavius Murray,Buf,RB|W/R/T
15,4.0,No More Mr Guice Guy,Non-Starter,Tevin Coleman,SF,RB|W/R/T
15,6.0,No More Mr Guice Guy,Starter,Carolina Panthers,Car,DEF
1,33.4,Chili Con Cussion,Starter,Dak Prescott,Dal,QB
1,18.1,Chili Con Cussion,Starter,Amari Cooper,Buf,WR|W/R/T
1,11.88,Chili Con Cussion,Starter,Julian Edelman,NE,WR|W/R/T
1,35.4,Chili Con Cussion,Starter,Christian McCaffrey,SF,RB|W/R/T
1,9.45,Chili Con Cussion,Starter,James White,NE,RB|W/R/T
1,0.0,Chili Con Cussion,Starter,Kyle Rudolph,TB,TE|W/R/T
1,3.4,Chili Con Cussion,Starter,Mike Williams,Pit,WR|W/R/T
1,6.35,Chili Con Cussion,Non-Starter,Royce Freeman,Chi,RB|W/R/T
1,13.8,Chili Con Cussion,Non-Starter,Jamison Crowder,Was,WR|W/R/T
1,6.8,Chili Con Cussion,Non-Starter,Giovani Bernard,TB,RB|W/R/T
1,10.5,Chili Con Cussion,Starter,New Orleans Saints,NO,DEF
2,27.66,Chili Con Cussion,Starter,Dak Prescott,Dal,QB
2,11.4,Chili Con Cussion,Starter,Amari Cooper,Buf,WR|W/R/T
2,6.2,Chili Con Cussion,Starter,Julian Edelman,NE,WR|W/R/T
2,5.8,Chili Con Cussion,Starter,Christian McCaffrey,SF,RB|W/R/T
2,9.65,Chili Con Cussion,Starter,James White,NE,RB|W/R/T
2,7.8,Chili Con Cussion,Starter,Darren Waller,Mia,TE|W/R/T
2,9.05,Chili Con Cussion,Starter,Mike Williams,Pit,WR|W/R/T
2,11.45,Chili Con Cussion,Non-Starter,Royce Freeman,Chi,RB|W/R/T
2,5.0,Chili Con Cussion,Non-Starter,Jamison Crowder,Was,WR|W/R/T
2,1.55,Chili Con Cussion,Non-Starter,Giovani Bernard,TB,RB|W/R/T
2,8.0,Chili Con Cussion,Starter,New Orleans Saints,NO,DEF
3,22.54,Chili Con Cussion,Starter,Dak Prescott,Dal,QB
3,22.3,Chili Con Cussion,Starter,Amari Cooper,Buf,WR|W/R/T
3,13.95,Chili Con Cussion,Starter,Julian Edelman,NE,WR|W/R/T
3,25.55,Chili Con Cussion,Starter,Christian McCaffrey,SF,RB|W/R/T
3,8.3,Chili Con Cussion,Starter,Royce Freeman,Chi,RB|W/R/T
3,17.35,Chili Con Cussion,Starter,Darren Waller,Mia,TE|W/R/T
3,5.25,Chili Con Cussion,Starter,Mike Williams,Pit,WR|W/R/T
3,0.0,Chili Con Cussion,Non-Starter,James White,NE,RB|W/R/T
3,3.0,Chili Con Cussion,Non-Starter,Jamison Crowder,Was,WR|W/R/T
3,1.7,Chili Con Cussion,Non-Starter,Giovani Bernard,TB,RB|W/R/T
3,16.5,Chili Con Cussion,Starter,New Orleans Saints,NO,DEF
4,7.62,Chili Con Cussion,Starter,Dak Prescott,Dal,QB
4,6.05,Chili Con Cussion,Starter,Amari Cooper,Buf,WR|W/R/T
4,4.0,Chili Con Cussion,Starter,Julian Edelman,NE,WR|W/R/T
4,26.4,Chili Con Cussion,Starter,Christian McCaffrey,SF,RB|W/R/T
4,6.0,Chili Con Cussion,Starter,Royce Freeman,Chi,RB|W/R/T
4,7.05,Chili Con Cussion,Starter,Darren Waller,Mia,TE|W/R/T
4,7.8,Chili Con Cussion,Starter,James White,NE,RB|W/R/T
4,0.0,Chili Con Cussion,Non-Starter,Mike Williams,Pit,WR|W/R/T
4,0.0,Chili Con Cussion,Non-Starter,Jamison Crowder,Was,WR|W/R/T
4,2.9,Chili Con Cussion,Non-Starter,Giovani Bernard,TB,RB|W/R/T
4,15.5,Chili Con Cussion,Starter,Tennessee Titans,Ten,DEF
5,23.22,Chili Con Cussion,Starter,Dak Prescott,Dal,QB
5,31.35,Chili Con Cussion,Starter,Amari Cooper,Buf,WR|W/R/T
5,19.0,Chili Con Cussion,Starter,Julian Edelman,NE,WR|W/R/T
5,43.2,Chili Con Cussion,Starter,Christian McCaffrey,SF,RB|W/R/T
5,7.2,Chili Con Cussion,Starter,Royce Freeman,Chi,RB|W/R/T
5,4.9,Chili Con Cussion,Starter,Darren Waller,Mia,TE|W/R/T
5,8.7,Chili Con Cussion,Starter,James White,NE,RB|W/R/T
5,8.9,Chili Con Cussion,Non-Starter,Mike Williams,Pit,WR|W/R/T
5,1.5,Chili Con Cussion,Non-Starter,Jamison Crowder,Was,WR|W/R/T
5,3.35,Chili Con Cussion,Non-Starter,Giovani Bernard,TB,RB|W/R/T
5,10.5,Chili Con Cussion,Starter,Tennessee Titans,Ten,DEF
6,18.22,Chili Con Cussion,Starter,Dak Prescott,Dal,QB
6,0.55,Chili Con Cussion,Starter,Amari Cooper,Buf,WR|W/R/T
6,13.55,Chili Con Cussion,Starter,Julian Edelman,NE,WR|W/R/T
6,18.7,Chili Con Cussion,Starter,Christian McCaffrey,SF,RB|W/R/T
6,8.85,Chili Con Cussion,Starter,Royce Freeman,Chi,RB|W/R/T
6,2.2,Chili Con Cussion,Starter,Jimmy Graham,NO,TE|W/R/T
6,6.75,Chili Con Cussion,Starter,James White,NE,RB|W/R/T
6,0.0,Chili Con Cussion,Non-Starter,Darren Waller,Mia,TE|W/R/T
6,8.45,Chili Con Cussion,Non-Starter,Mike Williams,Pit,WR|W/R/T
6,11.3,Chili Con Cussion,Non-Starter,Jamison Crowder,Was,WR|W/R/T
6,8.5,Chili Con Cussion,Starter,Tennessee Titans,Ten,DEF
7,20.56,Chili Con Cussion,Starter,Dak Prescott,Dal,QB
7,11.85,Chili Con Cussion,Starter,Amari Cooper,Buf,WR|W/R/T
7,8.45,Chili Con Cussion,Starter,Julian Edelman,NE,WR|W/R/T
7,13.7,Chili Con Cussion,Starter,Royce Freeman,Chi,RB|W/R/T
7,7.65,Chili Con Cussion,Starter,James White,NE,RB|W/R/T
7,26.35,Chili Con Cussion,Starter,Darren Waller,Mia,TE|W/R/T
7,5.7,Chili Con Cussion,Starter,Mike Williams,Pit,WR|W/R/T
7,0.0,Chili Con Cussion,Non-Starter,Christian McCaffrey,SF,RB|W/R/T
7,3.6,Chili Con Cussion,Non-Starter,Jamison Crowder,Was,WR|W/R/T
7,9.3,Chili Con Cussion,Non-Starter,Mecole Hardman,GB,WR|W/R/T
7,6.5,Chili Con Cussion,Starter,Tennessee Titans,Ten,DEF
8,13.0,Chili Con Cussion,Starter,Jimmy Garoppolo,LAR,QB
8,21.5,Chili Con Cussion,Starter,Julian Edelman,NE,WR|W/R/T
8,3.15,Chili Con Cussion,Starter,Jamison Crowder,Was,WR|W/R/T
8,8.9,Chili Con Cussion,Starter,James White,NE,RB|W/R/T
8,24.5,Chili Con Cussion,Starter,Christian McCaffrey,SF,RB|W/R/T
8,7.6,Chili Con Cussion,Starter,Darren Waller,Mia,TE|W/R/T
8,7.65,Chili Con Cussion,Starter,Mike Williams,Pit,WR|W/R/T
8,0.0,Chili Con Cussion,Non-Starter,Dak Prescott,Dal,QB
8,0.0,Chili Con Cussion,Non-Starter,Amari Cooper,Buf,WR|W/R/T
8,10.75,Chili Con Cussion,Non-Starter,Royce Freeman,Chi,RB|W/R/T
8,13.0,Chili Con Cussion,Starter,Tennessee Titans,Ten,DEF
9,21.48,Chili Con Cussion,Starter,Dak Prescott,Dal,QB
9,9.4,Chili Con Cussion,Starter,Julian Edelman,NE,WR|W/R/T
9,16.3,Chili Con Cussion,Starter,Jamison Crowder,Was,WR|W/R/T
9,14.9,Chili Con Cussion,Starter,James White,NE,RB|W/R/T
9,35.35,Chili Con Cussion,Starter,Christian McCaffrey,SF,RB|W/R/T
9,5.7,Chili Con Cussion,Starter,Darren Waller,Mia,TE|W/R/T
9,15.0,Chili Con Cussion,Starter,Amari Cooper,Buf,WR|W/R/T
9,12.05,Chili Con Cussion,Non-Starter,Mike Williams,Pit,WR|W/R/T
9,28.88,Chili Con Cussion,Non-Starter,Jimmy Garoppolo,LAR,QB
9,1.65,Chili Con Cussion,Non-Starter,Royce Freeman,Chi,RB|W/R/T
9,10.0,Chili Con Cussion,Starter,Tennessee Titans,Ten,DEF
10,25.88,Chili Con Cussion,Starter,Dak Prescott,Dal,QB
10,15.35,Chili Con Cussion,Starter,Jamison Crowder,Was,WR|W/R/T
10,6.0,Chili Con Cussion,Starter,Mike Williams,Pit,WR|W/R/T
10,21.6,Chili Con Cussion,Starter,Christian McCaffrey,SF,RB|W/R/T
10,2.0,Chili Con Cussion,Starter,Trey Edmunds,Pit,RB|W/R/T
10,4.75,Chili Con Cussion,Starter,Darren Waller,Mia,TE|W/R/T
10,23.45,Chili Con Cussion,Starter,Amari Cooper,Buf,WR|W/R/T
10,0.0,Chili Con Cussion,Non-Starter,James White,NE,RB|W/R/T
10,0.0,Chili Con Cussion,Non-Starter,Julian Edelman,NE,WR|W/R/T
10,0.0,Chili Con Cussion,Non-Starter,Royce Freeman,Chi,RB|W/R/T
10,13.0,Chili Con Cussion,Starter,Tennessee Titans,Ten,DEF
11,31.56,Chili Con Cussion,Starter,Dak Prescott,Dal,QB
11,14.85,Chili Con Cussion,Starter,Jamison Crowder,Was,WR|W/R/T
11,11.15,Chili Con Cussion,Starter,Julian Edelman,NE,WR|W/R/T
11,21.85,Chili Con Cussion,Starter,Christian McCaffrey,SF,RB|W/R/T
11,6.6,Chili Con Cussion,Starter,James White,NE,RB|W/R/T
11,8.85,Chili Con Cussion,Starter,Darren Waller,Mia,TE|W/R/T
11,4.55,Chili Con Cussion,Starter,Amari Cooper,Buf,WR|W/R/T
11,8.1,Chili Con Cussion,Non-Starter,Mike Williams,Pit,WR|W/R/T
11,4.75,Chili Con Cussion,Non-Starter,Royce Freeman,Chi,RB|W/R/T
11,8.0,Chili Con Cussion,Starter,Minnesota Vikings,Min,DEF
11,0.0,Chili Con Cussion,Non-Starter,Tennessee Titans,Ten,DEF
12,6.88,Chili Con Cussion,Starter,Dak Prescott,Dal,QB
12,2.3,Chili Con Cussion,Starter,Jamison Crowder,Was,WR|W/R/T
12,11.3,Chili Con Cussion,Starter,Julian Edelman,NE,WR|W/R/T
12,27.55,Chili Con Cussion,Starter,Christian McCaffrey,SF,RB|W/R/T
12,0.15,Chili Con Cussion,Starter,James White,NE,RB|W/R/T
12,4.85,Chili Con Cussion,Starter,Darren Waller,Mia,TE|W/R/T
12,0.0,Chili Con Cussion,Starter,Amari Cooper,Buf,WR|W/R/T
12,0.0,Chili Con Cussion,Non-Starter,Mike Williams,Pit,WR|W/R/T
12,3.4,Chili Con Cussion,Non-Starter,Royce Freeman,Chi,RB|W/R/T
12,9.5,Chili Con Cussion,Starter,Tennessee Titans,Ten,DEF
12,0.0,Chili Con Cussion,Non-Starter,Minnesota Vikings,Min,DEF
13,22.7,Chili Con Cussion,Starter,Dak Prescott,Dal,QB
13,1.3,Chili Con Cussion,Starter,Jamison Crowder,Was,WR|W/R/T
13,17.4,Chili Con Cussion,Starter,Julian Edelman,NE,WR|W/R/T
13,11.95,Chili Con Cussion,Starter,Christian McCaffrey,SF,RB|W/R/T
13,31.7,Chili Con Cussion,Starter,James White,NE,RB|W/R/T
13,11.75,Chili Con Cussion,Starter,Darren Waller,Mia,TE|W/R/T
13,10.5,Chili Con Cussion,Starter,Amari Cooper,Buf,WR|W/R/T
13,12.95,Chili Con Cussion,Non-Starter,Mike Williams,Pit,WR|W/R/T
13,3.4,Chili Con Cussion,Non-Starter,Royce Freeman,Chi,RB|W/R/T
13,23.5,Chili Con Cussion,Starter,Tennessee Titans,Ten,DEF
13,11.0,Chili Con Cussion,Non-Starter,Minnesota Vikings,Min,DEF
14,17.46,Chili Con Cussion,Starter,Dak Prescott,Dal,QB
14,3.65,Chili Con Cussion,Starter,Jamison Crowder,Was,WR|W/R/T
14,18.3,Chili Con Cussion,Starter,Julian Edelman,NE,WR|W/R/T
14,16.25,Chili Con Cussion,Starter,Christian McCaffrey,SF,RB|W/R/T
14,8.65,Chili Con Cussion,Starter,James White,NE,RB|W/R/T
14,6.7,Chili Con Cussion,Starter,Darren Waller,Mia,TE|W/R/T
14,15.8,Chili Con Cussion,Starter,Amari Cooper,Buf,WR|W/R/T
14,12.8,Chili Con Cussion,Non-Starter,Mike Williams,Pit,WR|W/R/T
14,9.7,Chili Con Cussion,Non-Starter,Royce Freeman,Chi,RB|W/R/T
14,19.5,Chili Con Cussion,Starter,Minnesota Vikings,Min,DEF
14,13.0,Chili Con Cussion,Non-Starter,Tennessee Titans,Ten,DEF
15,17.68,Chili Con Cussion,Starter,Dak Prescott,Dal,QB
15,1.4,Chili Con Cussion,Starter,Julian Edelman,NE,WR|W/R/T
15,14.1,Chili Con Cussion,Starter,Mike Williams,Pit,WR|W/R/T
15,31.5,Chili Con Cussion,Starter,Christian McCaffrey,SF,RB|W/R/T
15,12.95,Chili Con Cussion,Starter,James White,NE,RB|W/R/T
15,14.2,Chili Con Cussion,Starter,Darren Waller,Mia,TE|W/R/T
15,2.15,Chili Con Cussion,Starter,Amari Cooper,Buf,WR|W/R/T
15,22.5,Chili Con Cussion,Non-Starter,Jamison Crowder,Was,WR|W/R/T
15,3.6,Chili Con Cussion,Non-Starter,Royce Freeman,Chi,RB|W/R/T
15,30.5,Chili Con Cussion,Starter,Minnesota Vikings,Min,DEF
15,6.5,Chili Con Cussion,Non-Starter,Tennessee Titans,Ten,DEF
16,11.3,Chili Con Cussion,Starter,Dak Prescott,Dal,QB
16,10.45,Chili Con Cussion,Starter,Julian Edelman,NE,WR|W/R/T
16,5.85,Chili Con Cussion,Starter,Mike Williams,Pit,WR|W/R/T
16,21.05,Chili Con Cussion,Starter,Christian McCaffrey,SF,RB|W/R/T
16,3.9,Chili Con Cussion,Starter,James White,NE,RB|W/R/T
16,4.7,Chili Con Cussion,Starter,Darren Waller,Mia,TE|W/R/T
16,3.4,Chili Con Cussion,Starter,Amari Cooper,Buf,WR|W/R/T
16,7.0,Chili Con Cussion,Non-Starter,Jamison Crowder,Was,WR|W/R/T
16,10.2,Chili Con Cussion,Non-Starter,Royce Freeman,Chi,RB|W/R/T
16,12.5,Chili Con Cussion,Starter,Minnesota Vikings,Min,DEF
16,4.5,Chili Con Cussion,Non-Starter,Tennessee Titans,Ten,DEF
1,25.02,Jars of Clay Mathews,Starter,Carson Wentz,Min,QB
1,10.6,Jars of Clay Mathews,Starter,Robert Woods,Pit,WR|W/R/T
1,14.05,Jars of Clay Mathews,Starter,Josh Gordon,Ten,WR|W/R/T
1,10.35,Jars of Clay Mathews,Starter,Todd Gurley,Atl,RB|W/R/T
1,23.55,Jars of Clay Mathews,Starter,Josh Jacobs,GB,RB|W/R/T
1,4.5,Jars of Clay Mathews,Starter,Vance McDonald,Pit,TE|W/R/T
1,1.45,Jars of Clay Mathews,Starter,Donte Moncrief,Hou,WR|W/R/T
1,2.4,Jars of Clay Mathews,Non-Starter,Tony Pollard,Ten,RB|W/R/T
1,10.3,Jars of Clay Mathews,Non-Starter,Trey Quinn,Det,WR|W/R/T
1,8.22,Jars of Clay Mathews,Non-Starter,Mitchell Trubisky,Buf,QB
1,3.5,Jars of Clay Mathews,Starter,Pittsburgh Steelers,Pit,DEF
2,17.54,Jars of Clay Mathews,Starter,Carson Wentz,Min,QB
2,4.7,Jars of Clay Mathews,Starter,Robert Woods,Pit,WR|W/R/T
2,2.4,Jars of Clay Mathews,Starter,Josh Gordon,Ten,WR|W/R/T
2,13.45,Jars of Clay Mathews,Starter,Todd Gurley,Atl,RB|W/R/T
2,9.9,Jars of Clay Mathews,Starter,Josh Jacobs,GB,RB|W/R/T
2,17.55,Jars of Clay Mathews,Starter,Vance McDonald,Pit,TE|W/R/T
2,4.6,Jars of Clay Mathews,Starter,Trey Quinn,Det,WR|W/R/T
2,0.0,Jars of Clay Mathews,Non-Starter,Donte Moncrief,Hou,WR|W/R/T
2,2.75,Jars of Clay Mathews,Non-Starter,Tony Pollard,Ten,RB|W/R/T
2,5.6,Jars of Clay Mathews,Non-Starter,Mitchell Trubisky,Buf,QB
2,11.0,Jars of Clay Mathews,Starter,Pittsburgh Steelers,Pit,DEF
3,21.66,Jars of Clay Mathews,Starter,Carson Wentz,Min,QB
3,6.55,Jars of Clay Mathews,Starter,Robert Woods,Pit,WR|W/R/T
3,9.9,Jars of Clay Mathews,Starter,Josh Gordon,Ten,WR|W/R/T
3,4.3,Jars of Clay Mathews,Starter,Todd Gurley,Atl,RB|W/R/T
3,4.4,Jars of Clay Mathews,Starter,Josh Jacobs,GB,RB|W/R/T
3,1.25,Jars of Clay Mathews,Starter,Vance McDonald,Pit,TE|W/R/T
3,4.25,Jars of Clay Mathews,Starter,Trey Quinn,Det,WR|W/R/T
3,0.0,Jars of Clay Mathews,Non-Starter,Donte Moncrief,Hou,WR|W/R/T
3,19.55,Jars of Clay Mathews,Non-Starter,Tony Pollard,Ten,RB|W/R/T
3,19.44,Jars of Clay Mathews,Non-Starter,Mitchell Trubisky,Buf,QB
3,14.0,Jars of Clay Mathews,Starter,Pittsburgh Steelers,Pit,DEF
4,19.7,Jars of Clay Mathews,Starter,Carson Wentz,Min,QB
4,19.65,Jars of Clay Mathews,Starter,Robert Woods,Pit,WR|W/R/T
4,5.35,Jars of Clay Mathews,Starter,Josh Gordon,Ten,WR|W/R/T
4,20.75,Jars of Clay Mathews,Starter,Todd Gurley,Atl,RB|W/R/T
4,11.3,Jars of Clay Mathews,Starter,Josh Jacobs,GB,RB|W/R/T
4,0.0,Jars of Clay Mathews,Starter,Vance McDonald,Pit,TE|W/R/T
4,1.5,Jars of Clay Mathews,Starter,Trey Quinn,Det,WR|W/R/T
4,0.0,Jars of Clay Mathews,Non-Starter,Donte Moncrief,Hou,WR|W/R/T
4,0.0,Jars of Clay Mathews,Non-Starter,Tony Pollard,Ten,RB|W/R/T
4,0.36,Jars of Clay Mathews,Non-Starter,Mitchell Trubisky,Buf,QB
4,25.0,Jars of Clay Mathews,Starter,Pittsburgh Steelers,Pit,DEF
5,12.06,Jars of Clay Mathews,Starter,Carson Wentz,Min,QB
5,6.05,Jars of Clay Mathews,Starter,Robert Woods,Pit,WR|W/R/T
5,7.15,Jars of Clay Mathews,Starter,Josh Gordon,Ten,WR|W/R/T
5,16.45,Jars of Clay Mathews,Starter,Todd Gurley,Atl,RB|W/R/T
5,27.05,Jars of Clay Mathews,Starter,Josh Jacobs,GB,RB|W/R/T
5,1.9,Jars of Clay Mathews,Starter,Tyler Eifert,Jax,TE|W/R/T
5,0.55,Jars of Clay Mathews,Starter,Deebo Samuel,Was,WR|W/R/T
5,0.55,Jars of Clay Mathews,Non-Starter,Trey Quinn,Det,WR|W/R/T
5,1.9,Jars of Clay Mathews,Non-Starter,Tony Pollard,Ten,RB|W/R/T
5,0.0,Jars of Clay Mathews,Non-Starter,Mitchell Trubisky,Buf,QB
5,17.5,Jars of Clay Mathews,Starter,Pittsburgh Steelers,Pit,DEF
6,20.54,Jars of Clay Mathews,Starter,Carson Wentz,Min,QB
6,7.6,Jars of Clay Mathews,Starter,Robert Woods,Pit,WR|W/R/T
6,0.95,Jars of Clay Mathews,Starter,Josh Gordon,Ten,WR|W/R/T
6,2.0,Jars of Clay Mathews,Starter,Jon Hilliman,NYG,RB|W/R/T
6,5.05,Jars of Clay Mathews,Starter,Darrell Henderson,LAR,RB|W/R/T
6,1.8,Jars of Clay Mathews,Starter,Tyler Eifert,Jax,TE|W/R/T
6,2.65,Jars of Clay Mathews,Starter,Deebo Samuel,Was,WR|W/R/T
6,0.0,Jars of Clay Mathews,Non-Starter,Todd Gurley,Atl,RB|W/R/T
6,0.0,Jars of Clay Mathews,Non-Starter,Josh Jacobs,GB,RB|W/R/T
6,0.0,Jars of Clay Mathews,Non-Starter,Mitchell Trubisky,Buf,QB
6,15.0,Jars of Clay Mathews,Starter,Pittsburgh Steelers,Pit,DEF
7,6.84,Jars of Clay Mathews,Starter,Carson Wentz,Min,QB
7,9.85,Jars of Clay Mathews,Starter,Robert Woods,Pit,WR|W/R/T
7,19.8,Jars of Clay Mathews,Starter,Marquez Valdes-Scantling,Sea,WR|W/R/T
7,11.65,Jars of Clay Mathews,Starter,Todd Gurley,Atl,RB|W/R/T
7,14.15,Jars of Clay Mathews,Starter,Josh Jacobs,GB,RB|W/R/T
7,1.5,Jars of Clay Mathews,Starter,Tyler Eifert,Jax,TE|W/R/T
7,5.95,Jars of Clay Mathews,Starter,Jakobi Meyers,LV,WR|W/R/T
7,0.0,Jars of Clay Mathews,Non-Starter,Josh Gordon,Ten,WR|W/R/T
7,20.04,Jars of Clay Mathews,Non-Starter,Mitchell Trubisky,Buf,QB
7,18.5,Jars of Clay Mathews,Starter,Arizona Cardinals,Ari,DEF
7,0.0,Jars of Clay Mathews,Non-Starter,Pittsburgh Steelers,Pit,DEF
8,14.38,Jars of Clay Mathews,Starter,Carson Wentz,Min,QB
8,4.7,Jars of Clay Mathews,Starter,Robert Woods,Pit,WR|W/R/T
8,0.65,Jars of Clay Mathews,Starter,Marquez Valdes-Scantling,Sea,WR|W/R/T
8,10.4,Jars of Clay Mathews,Starter,Todd Gurley,Atl,RB|W/R/T
8,8.6,Jars of Clay Mathews,Starter,Josh Jacobs,GB,RB|W/R/T
8,15.3,Jars of Clay Mathews,Starter,Jonnu Smith,Pit,TE|W/R/T
8,5.05,Jars of Clay Mathews,Starter,Phillip Dorsett,LV,WR|W/R/T
8,0.75,Jars of Clay Mathews,Non-Starter,Jakobi Meyers,LV,WR|W/R/T
8,0.0,Jars of Clay Mathews,Non-Starter,Josh Gordon,Ten,WR|W/R/T
8,7.12,Jars of Clay Mathews,Non-Starter,Mitchell Trubisky,Buf,QB
8,14.5,Jars of Clay Mathews,Starter,Pittsburgh Steelers,Pit,DEF
9,15.06,Jars of Clay Mathews,Starter,Carson Wentz,Min,QB
9,0.0,Jars of Clay Mathews,Starter,Marquez Valdes-Scantling,Sea,WR|W/R/T
9,3.7,Jars of Clay Mathews,Starter,Chris Conley,SF,WR|W/R/T
9,24.0,Jars of Clay Mathews,Starter,Josh Jacobs,GB,RB|W/R/T
9,0.0,Jars of Clay Mathews,Starter,Chris Thompson,SF,RB|W/R/T
9,2.55,Jars of Clay Mathews,Starter,Jonnu Smith,Pit,TE|W/R/T
9,1.8,Jars of Clay Mathews,Starter,Phillip Dorsett,LV,WR|W/R/T
9,0.0,Jars of Clay Mathews,Non-Starter,Robert Woods,Pit,WR|W/R/T
9,0.0,Jars of Clay Mathews,Non-Starter,Todd Gurley,Atl,RB|W/R/T
9,0.0,Jars of Clay Mathews,Non-Starter,Josh Gordon,Ten,WR|W/R/T
9,22.5,Jars of Clay Mathews,Starter,Pittsburgh Steelers,Pit,DEF
10,13.48,Jars of Clay Mathews,Starter,Kyle Allen,Det,QB
10,11.25,Jars of Clay Mathews,Starter,Robert Woods,Pit,WR|W/R/T
10,1.3,Jars of Clay Mathews,Starter,Alex Erickson,NE,WR|W/R/T
10,16.85,Jars of Clay Mathews,Starter,Josh Jacobs,GB,RB|W/R/T
10,7.3,Jars of Clay Mathews,Starter,Todd Gurley,Atl,RB|W/R/T
10,2.2,Jars of Clay Mathews,Starter,Jason Witten,LV,TE|W/R/T
10,3.2,Jars of Clay Mathews,Starter,Josh Gordon,Ten,WR|W/R/T
10,0.0,Jars of Clay Mathews,Non-Starter,Carson Wentz,Min,QB
10,0.0,Jars of Clay Mathews,Non-Starter,Phillip Dorsett,LV,WR|W/R/T
10,0.0,Jars of Clay Mathews,Non-Starter,Chris Conley,SF,WR|W/R/T
10,29.0,Jars of Clay Mathews,Starter,Pittsburgh Steelers,Pit,DEF
11,5.7,Jars of Clay Mathews,Starter,Kyle Allen,Det,QB
11,0.0,Jars of Clay Mathews,Starter,Robert Woods,Pit,WR|W/R/T
11,0.25,Jars of Clay Mathews,Starter,Alex Erickson,NE,WR|W/R/T
11,11.15,Jars of Clay Mathews,Starter,Josh Jacobs,GB,RB|W/R/T
11,18.05,Jars of Clay Mathews,Starter,Todd Gurley,Atl,RB|W/R/T
11,4.55,Jars of Clay Mathews,Starter,Jason Witten,LV,TE|W/R/T
11,10.05,Jars of Clay Mathews,Starter,Phillip Dorsett,LV,WR|W/R/T
11,0.0,Jars of Clay Mathews,Non-Starter,Josh Gordon,Ten,WR|W/R/T
11,12.26,Jars of Clay Mathews,Non-Starter,Carson Wentz,Min,QB
11,7.3,Jars of Clay Mathews,Non-Starter,Chris Conley,SF,WR|W/R/T
11,8.0,Jars of Clay Mathews,Starter,Pittsburgh Steelers,Pit,DEF
12,23.14,Jars of Clay Mathews,Starter,Kyle Allen,Det,QB
12,11.2,Jars of Clay Mathews,Starter,Robert Woods,Pit,WR|W/R/T
12,1.25,Jars of Clay Mathews,Starter,Josh Gordon,Ten,WR|W/R/T
12,3.85,Jars of Clay Mathews,Starter,Josh Jacobs,GB,RB|W/R/T
12,2.65,Jars of Clay Mathews,Starter,Todd Gurley,Atl,RB|W/R/T
12,0.75,Jars of Clay Mathews,Starter,Jason Witten,LV,TE|W/R/T
12,5.9,Jars of Clay Mathews,Starter,Chris Conley,SF,WR|W/R/T
12,4.8,Jars of Clay Mathews,Non-Starter,Alex Erickson,NE,WR|W/R/T
12,0.0,Jars of Clay Mathews,Non-Starter,Phillip Dorsett,LV,WR|W/R/T
12,8.94,Jars of Clay Mathews,Non-Starter,Carson Wentz,Min,QB
12,17.0,Jars of Clay Mathews,Starter,Pittsburgh Steelers,Pit,DEF
13,23.32,Jars of Clay Mathews,Starter,Kyle Allen,Det,QB
13,20.45,Jars of Clay Mathews,Starter,Robert Woods,Pit,WR|W/R/T
13,2.0,Jars of Clay Mathews,Starter,Phillip Dorsett,LV,WR|W/R/T
13,10.4,Jars of Clay Mathews,Starter,Josh Jacobs,GB,RB|W/R/T
13,17.75,Jars of Clay Mathews,Starter,Todd Gurley,Atl,RB|W/R/T
13,13.7,Jars of Clay Mathews,Starter,Jason Witten,LV,TE|W/R/T
13,6.7,Jars of Clay Mathews,Starter,Chris Conley,SF,WR|W/R/T
13,1.25,Jars of Clay Mathews,Non-Starter,Josh Gordon,Ten,WR|W/R/T
13,2.6,Jars of Clay Mathews,Non-Starter,Alex Erickson,NE,WR|W/R/T
13,24.4,Jars of Clay Mathews,Non-Starter,Carson Wentz,Min,QB
13,17.5,Jars of Clay Mathews,Starter,Pittsburgh Steelers,Pit,DEF
14,19.9,Jars of Clay Mathews,Starter,Carson Wentz,Min,QB
14,20.45,Jars of Clay Mathews,Starter,Robert Woods,Pit,WR|W/R/T
14,0.0,Jars of Clay Mathews,Starter,Phillip Dorsett,LV,WR|W/R/T
14,0.0,Jars of Clay Mathews,Starter,Josh Jacobs,GB,RB|W/R/T
14,18.3,Jars of Clay Mathews,Starter,Todd Gurley,Atl,RB|W/R/T
14,4.95,Jars of Clay Mathews,Starter,Jason Witten,LV,TE|W/R/T
14,0.95,Jars of Clay Mathews,Starter,Chris Conley,SF,WR|W/R/T
14,18.12,Jars of Clay Mathews,Non-Starter,Kyle Allen,Det,QB
14,3.9,Jars of Clay Mathews,Non-Starter,Josh Gordon,Ten,WR|W/R/T
14,6.79,Jars of Clay Mathews,Non-Starter,Alex Erickson,NE,WR|W/R/T
14,23.5,Jars of Clay Mathews,Starter,Pittsburgh Steelers,Pit,DEF
15,21.54,Jars of Clay Mathews,Starter,Carson Wentz,Min,QB
15,2.7,Jars of Clay Mathews,Starter,Robert Woods,Pit,WR|W/R/T
15,0.0,Jars of Clay Mathews,Starter,Phillip Dorsett,LV,WR|W/R/T
15,11.4,Jars of Clay Mathews,Starter,Josh Jacobs,GB,RB|W/R/T
15,18.55,Jars of Clay Mathews,Starter,Todd Gurley,Atl,RB|W/R/T
15,10.6,Jars of Clay Mathews,Starter,Jason Witten,LV,TE|W/R/T
15,17.9,Jars of Clay Mathews,Starter,Chris Conley,SF,WR|W/R/T
15,11.58,Jars of Clay Mathews,Non-Starter,Kyle Allen,Det,QB
15,4.05,Jars of Clay Mathews,Non-Starter,Josh Gordon,Ten,WR|W/R/T
15,-1.15,Jars of Clay Mathews,Non-Starter,Alex Erickson,NE,WR|W/R/T
15,9.5,Jars of Clay Mathews,Starter,Pittsburgh Steelers,Pit,DEF
16,18.96,Jars of Clay Mathews,Starter,Carson Wentz,Min,QB
16,14.3,Jars of Clay Mathews,Starter,Robert Woods,Pit,WR|W/R/T
16,0.0,Jars of Clay Mathews,Starter,Phillip Dorsett,LV,WR|W/R/T
16,0.0,Jars of Clay Mathews,Starter,Josh Jacobs,GB,RB|W/R/T
16,16.8,Jars of Clay Mathews,Starter,Todd Gurley,Atl,RB|W/R/T
16,1.9,Jars of Clay Mathews,Starter,Jason Witten,LV,TE|W/R/T
16,12.1,Jars of Clay Mathews,Starter,Chris Conley,SF,WR|W/R/T
16,0.0,Jars of Clay Mathews,Non-Starter,Kyle Allen,Det,QB
16,0.0,Jars of Clay Mathews,Non-Starter,Josh Gordon,Ten,WR|W/R/T
16,7.0,Jars of Clay Mathews,Non-Starter,Alex Erickson,NE,WR|W/R/T
16,10.5,Jars of Clay Mathews,Starter,Pittsburgh Steelers,Pit,DEF
1,25.64,Football Nets,Starter,Tom Brady,TB,QB
1,4.2,Football Nets,Starter,Stefon Diggs,NE,WR|W/R/T
1,6.35,Football Nets,Starter,Cooper Kupp,Sea,WR|W/R/T
1,8.4,Football Nets,Starter,Leonard Fournette,Buf,RB|W/R/T
1,9.25,Football Nets,Starter,Nick Chubb,Hou,RB|W/R/T
1,4.2,Football Nets,Starter,Jared Cook,LAC,TE|W/R/T
1,2.95,Football Nets,Starter,Miles Sanders,Dal,RB|W/R/T
1,6.2,Football Nets,Non-Starter,Marquez Valdes-Scantling,Sea,WR|W/R/T
1,0.0,Football Nets,Non-Starter,Darrell Henderson,LAR,RB|W/R/T
1,2.45,Football Nets,Non-Starter,Deebo Samuel,Was,WR|W/R/T
1,11.5,Football Nets,Starter,New England Patriots,NE,DEF
2,24.66,Football Nets,Starter,Tom Brady,TB,QB
2,9.15,Football Nets,Starter,Stefon Diggs,NE,WR|W/R/T
2,13.85,Football Nets,Starter,Cooper Kupp,Sea,WR|W/R/T
2,9.7,Football Nets,Starter,Leonard Fournette,Buf,RB|W/R/T
2,16.8,Football Nets,Starter,Nick Chubb,Hou,RB|W/R/T
2,3.0,Football Nets,Starter,Jared Cook,LAC,TE|W/R/T
2,4.45,Football Nets,Starter,Miles Sanders,Dal,RB|W/R/T
2,2.65,Football Nets,Non-Starter,Marquez Valdes-Scantling,Sea,WR|W/R/T
2,4.95,Football Nets,Non-Starter,Malcolm Brown,LAR,RB|W/R/T
2,13.45,Football Nets,Non-Starter,Terry McLaurin,Was,WR|W/R/T
2,43.5,Football Nets,Starter,New England Patriots,NE,DEF
3,20.14,Football Nets,Starter,Tom Brady,TB,QB
3,2.25,Football Nets,Starter,Stefon Diggs,NE,WR|W/R/T
3,24.85,Football Nets,Starter,Cooper Kupp,Sea,WR|W/R/T
3,10.7,Football Nets,Starter,Leonard Fournette,Buf,RB|W/R/T
3,14.1,Football Nets,Starter,Nick Chubb,Hou,RB|W/R/T
3,0.95,Football Nets,Starter,Jared Cook,LAC,TE|W/R/T
3,11.1,Football Nets,Starter,Miles Sanders,Dal,RB|W/R/T
3,17.4,Football Nets,Non-Starter,Marquez Valdes-Scantling,Sea,WR|W/R/T
3,0.7,Football Nets,Non-Starter,Malcolm Brown,LAR,RB|W/R/T
3,14.5,Football Nets,Non-Starter,Terry McLaurin,Was,WR|W/R/T
3,19.5,Football Nets,Starter,New England Patriots,NE,DEF
4,3.7,Football Nets,Starter,Tom Brady,TB,QB
4,20.15,Football Nets,Starter,Cooper Kupp,Sea,WR|W/R/T
4,10.55,Football Nets,Starter,Stefon Diggs,NE,WR|W/R/T
4,25.0,Football Nets,Starter,Leonard Fournette,Buf,RB|W/R/T
4,37.05,Football Nets,Starter,Nick Chubb,Hou,RB|W/R/T
4,2.85,Football Nets,Starter,Jared Cook,LAC,TE|W/R/T
4,5.45,Football Nets,Starter,Marquez Valdes-Scantling,Sea,WR|W/R/T
4,0.0,Football Nets,Non-Starter,Terry McLaurin,Was,WR|W/R/T
4,7.2,Football Nets,Non-Starter,Miles Sanders,Dal,RB|W/R/T
4,1.4,Football Nets,Non-Starter,Malcolm Brown,LAR,RB|W/R/T
4,29.0,Football Nets,Starter,New England Patriots,NE,DEF
5,23.92,Football Nets,Starter,Tom Brady,TB,QB
5,19.95,Football Nets,Starter,Cooper Kupp,Sea,WR|W/R/T
5,2.05,Football Nets,Starter,Marquez Valdes-Scantling,Sea,WR|W/R/T
5,20.7,Football Nets,Starter,Leonard Fournette,Buf,RB|W/R/T
5,10.15,Football Nets,Starter,Nick Chubb,Hou,RB|W/R/T
5,4.85,Football Nets,Starter,Jimmy Graham,NO,TE|W/R/T
5,5.15,Football Nets,Starter,Stefon Diggs,NE,WR|W/R/T
5,7.4,Football Nets,Non-Starter,Miles Sanders,Dal,RB|W/R/T
5,5.85,Football Nets,Non-Starter,Terry McLaurin,Was,WR|W/R/T
5,0.3,Football Nets,Non-Starter,Malcolm Brown,LAR,RB|W/R/T
5,19.5,Football Nets,Starter,New England Patriots,NE,DEF
6,21.96,Football Nets,Starter,Tom Brady,TB,QB
6,2.7,Football Nets,Starter,Cooper Kupp,Sea,WR|W/R/T
6,38.25,Football Nets,Starter,Stefon Diggs,NE,WR|W/R/T
6,13.3,Football Nets,Starter,Leonard Fournette,Buf,RB|W/R/T
6,25.15,Football Nets,Starter,Nick Chubb,Hou,RB|W/R/T
6,1.4,Football Nets,Starter,Gerald Everett,Chi,TE|W/R/T
6,4.0,Football Nets,Starter,Malcolm Brown,LAR,RB|W/R/T
6,23.0,Football Nets,Non-Starter,Terry McLaurin,Was,WR|W/R/T
6,6.2,Football Nets,Non-Starter,Marquez Valdes-Scantling,Sea,WR|W/R/T
6,15.95,Football Nets,Non-Starter,Miles Sanders,Dal,RB|W/R/T
6,29.0,Football Nets,Starter,New England Patriots,NE,DEF
7,11.96,Football Nets,Starter,Tom Brady,TB,QB
7,6.5,Football Nets,Starter,Cooper Kupp,Sea,WR|W/R/T
7,16.05,Football Nets,Starter,Stefon Diggs,NE,WR|W/R/T
7,15.0,Football Nets,Starter,Leonard Fournette,Buf,RB|W/R/T
7,3.95,Football Nets,Starter,Miles Sanders,Dal,RB|W/R/T
7,12.0,Football Nets,Starter,Gerald Everett,Chi,TE|W/R/T
7,1.35,Football Nets,Starter,Terry McLaurin,Was,WR|W/R/T
7,0.0,Football Nets,Non-Starter,Malcolm Brown,LAR,RB|W/R/T
7,0.0,Football Nets,Non-Starter,Nick Chubb,Hou,RB|W/R/T
7,1.8,Football Nets,Non-Starter,Alexander Mattison,Mia,RB|W/R/T
7,27.0,Football Nets,Starter,New England Patriots,NE,DEF
8,18.36,Football Nets,Starter,Tom Brady,TB,QB
8,29.75,Football Nets,Starter,Cooper Kupp,Sea,WR|W/R/T
8,14.05,Football Nets,Starter,Stefon Diggs,NE,WR|W/R/T
8,15.35,Football Nets,Starter,Leonard Fournette,Buf,RB|W/R/T
8,10.05,Football Nets,Starter,Nick Chubb,Hou,RB|W/R/T
8,2.0,Football Nets,Starter,Gerald Everett,Chi,TE|W/R/T
8,4.9,Football Nets,Starter,Terry McLaurin,Was,WR|W/R/T
8,20.55,Football Nets,Non-Starter,Miles Sanders,Dal,RB|W/R/T
8,0.0,Football Nets,Non-Starter,Malcolm Brown,LAR,RB|W/R/T
8,6.9,Football Nets,Non-Starter,Alexander Mattison,Mia,RB|W/R/T
8,24.0,Football Nets,Starter,New England Patriots,NE,DEF
9,13.4,Football Nets,Starter,Tom Brady,TB,QB
9,1.85,Football Nets,Starter,Stefon Diggs,NE,WR|W/R/T
9,4.9,Football Nets,Starter,Terry McLaurin,Was,WR|W/R/T
9,8.45,Football Nets,Starter,Leonard Fournette,Buf,RB|W/R/T
9,10.1,Football Nets,Starter,Nick Chubb,Hou,RB|W/R/T
9,3.8,Football Nets,Starter,Benjamin Watson,NE,TE|W/R/T
9,8.05,Football Nets,Starter,Miles Sanders,Dal,RB|W/R/T
9,0.0,Football Nets,Non-Starter,Gerald Everett,Chi,TE|W/R/T
9,0.0,Football Nets,Non-Starter,Cooper Kupp,Sea,WR|W/R/T
9,0.6,Football Nets,Non-Starter,Alexander Mattison,Mia,RB|W/R/T
9,6.5,Football Nets,Starter,New England Patriots,NE,DEF
10,25.44,Football Nets,Starter,Josh Allen,Buf,QB
10,5.65,Football Nets,Starter,Stefon Diggs,NE,WR|W/R/T
10,0.0,Football Nets,Starter,Cooper Kupp,Sea,WR|W/R/T
10,12.6,Football Nets,Starter,Nick Chubb,Hou,RB|W/R/T
10,5.65,Football Nets,Starter,Alexander Mattison,Mia,RB|W/R/T
10,8.8,Football Nets,Starter,Gerald Everett,Chi,TE|W/R/T
10,3.1,Football Nets,Starter,Zach Pascal,NYG,WR|W/R/T
10,0.0,Football Nets,Non-Starter,Leonard Fournette,Buf,RB|W/R/T
10,0.0,Football Nets,Non-Starter,Miles Sanders,Dal,RB|W/R/T
10,10.5,Football Nets,Starter,Tampa Bay Buccaneers,TB,DEF
10,0.0,Football Nets,Non-Starter,New England Patriots,NE,DEF
11,33.84,Football Nets,Starter,Josh Allen,Buf,QB
11,19.35,Football Nets,Starter,Stefon Diggs,NE,WR|W/R/T
11,6.05,Football Nets,Starter,Cooper Kupp,Sea,WR|W/R/T
11,9.2,Football Nets,Starter,Nick Chubb,Hou,RB|W/R/T
11,7.45,Football Nets,Starter,Leonard Fournette,Buf,RB|W/R/T
11,2.25,Football Nets,Starter,Gerald Everett,Chi,TE|W/R/T
11,5.2,Football Nets,Starter,Miles Sanders,Dal,RB|W/R/T
11,0.5,Football Nets,Non-Starter,Alexander Mattison,Mia,RB|W/R/T
11,0.0,Football Nets,Non-Starter,Darius Slayton,NYG,WR|W/R/T
11,0.0,Football Nets,Non-Starter,Will Fuller V,Mia,WR|W/R/T
11,15.5,Football Nets,Starter,New England Patriots,NE,DEF
12,19.0,Football Nets,Starter,Josh Allen,Buf,QB
12,5.0,Football Nets,Starter,Cooper Kupp,Sea,WR|W/R/T
12,15.75,Football Nets,Starter,Will Fuller V,Mia,WR|W/R/T
12,23.15,Football Nets,Starter,Nick Chubb,Hou,RB|W/R/T
12,30.15,Football Nets,Starter,Leonard Fournette,Buf,RB|W/R/T
12,2.8,Football Nets,Starter,Gerald Everett,Chi,TE|W/R/T
12,9.35,Football Nets,Starter,Miles Sanders,Dal,RB|W/R/T
12,0.0,Football Nets,Non-Starter,Stefon Diggs,NE,WR|W/R/T
12,0.0,Football Nets,Non-Starter,Alexander Mattison,Mia,RB|W/R/T
12,7.7,Football Nets,Non-Starter,Darius Slayton,NYG,WR|W/R/T
12,10.0,Football Nets,Starter,New England Patriots,NE,DEF
13,23.54,Football Nets,Starter,Josh Allen,Buf,QB
13,14.0,Football Nets,Starter,Cooper Kupp,Sea,WR|W/R/T
13,6.2,Football Nets,Starter,Stefon Diggs,NE,WR|W/R/T
13,8.15,Football Nets,Starter,Nick Chubb,Hou,RB|W/R/T
13,11.35,Football Nets,Starter,Leonard Fournette,Buf,RB|W/R/T
13,1.5,Football Nets,Starter,Hunter Henry,NE,TE|W/R/T
13,17.75,Football Nets,Starter,Miles Sanders,Dal,RB|W/R/T
13,1.05,Football Nets,Non-Starter,Will Fuller V,Mia,WR|W/R/T
13,8.3,Football Nets,Non-Starter,Alexander Mattison,Mia,RB|W/R/T
13,5.5,Football Nets,Starter,Philadelphia Eagles,Phi,DEF
13,6.0,Football Nets,Non-Starter,New England Patriots,NE,DEF
14,10.74,Football Nets,Starter,Josh Allen,Buf,QB
14,11.5,Football Nets,Starter,Cooper Kupp,Sea,WR|W/R/T
14,10.7,Football Nets,Starter,Stefon Diggs,NE,WR|W/R/T
14,11.95,Football Nets,Starter,Nick Chubb,Hou,RB|W/R/T
14,7.05,Football Nets,Starter,Leonard Fournette,Buf,RB|W/R/T
14,10.4,Football Nets,Starter,Hunter Henry,NE,TE|W/R/T
14,7.9,Football Nets,Starter,Miles Sanders,Dal,RB|W/R/T
14,0.0,Football Nets,Non-Starter,Will Fuller V,Mia,WR|W/R/T
14,6.9,Football Nets,Non-Starter,Alexander Mattison,Mia,RB|W/R/T
14,8.5,Football Nets,Starter,Philadelphia Eagles,Phi,DEF
14,10.0,Football Nets,Non-Starter,New England Patriots,NE,DEF
15,16.36,Football Nets,Starter,Josh Allen,Buf,QB
15,19.4,Football Nets,Starter,A.J. Brown,Phi,WR|W/R/T
15,9.6,Football Nets,Starter,Darius Slayton,NYG,WR|W/R/T
15,21.55,Football Nets,Starter,Nick Chubb,Hou,RB|W/R/T
15,8.55,Football Nets,Starter,Leonard Fournette,Buf,RB|W/R/T
15,1.4,Football Nets,Starter,Hunter Henry,NE,TE|W/R/T
15,30.7,Football Nets,Starter,Miles Sanders,Dal,RB|W/R/T
15,9.0,Football Nets,Non-Starter,Stefon Diggs,NE,WR|W/R/T
15,11.6,Football Nets,Non-Starter,Cooper Kupp,Sea,WR|W/R/T
15,0.0,Football Nets,Non-Starter,Alexander Mattison,Mia,RB|W/R/T
15,21.5,Football Nets,Starter,New England Patriots,NE,DEF
16,11.16,Football Nets,Starter,Philip Rivers,Ind,QB
16,14.55,Football Nets,Starter,A.J. Brown,Phi,WR|W/R/T
16,12.45,Football Nets,Starter,Stefon Diggs,NE,WR|W/R/T
16,4.5,Football Nets,Starter,Nick Chubb,Hou,RB|W/R/T
16,11.25,Football Nets,Starter,Leonard Fournette,Buf,RB|W/R/T
16,5.75,Football Nets,Starter,Hunter Henry,NE,TE|W/R/T
16,22.85,Football Nets,Starter,Miles Sanders,Dal,RB|W/R/T
16,8.95,Football Nets,Non-Starter,Dion Lewis,NYG,RB|W/R/T
16,4.55,Football Nets,Non-Starter,Kerryon Johnson,SF,RB|W/R/T
16,8.6,Football Nets,Non-Starter,Greg Ward,Ind,WR|W/R/T
16,9.5,Football Nets,Starter,New England Patriots,NE,DEF
1,5.36,Hells Wells,Starter,Cam Newton,Car,QB
1,18.35,Hells Wells,Starter,Alshon Jeffery,Phi,WR|W/R/T
1,7.35,Hells Wells,Starter,D.J. Moore,Chi,WR|W/R/T
1,18.65,Hells Wells,Starter,Alvin Kamara,NO,RB|W/R/T
1,1.85,Hells Wells,Starter,Devonta Freeman,Bal,RB|W/R/T
1,0.0,Hells Wells,Starter,Trey Burton,Ind,TE|W/R/T
1,7.4,Hells Wells,Starter,Will Fuller V,Mia,WR|W/R/T
1,17.55,Hells Wells,Non-Starter,Michael Gallup,Was,WR|W/R/T
1,2.7,Hells Wells,Non-Starter,Justice Hill,Bal,RB|W/R/T
1,0.0,Hells Wells,Non-Starter,Melvin Gordon,Bal,RB|W/R/T
1,20.5,Hells Wells,Starter,Minnesota Vikings,Min,DEF
2,11.32,Hells Wells,Starter,Cam Newton,Car,QB
2,0.0,Hells Wells,Starter,Alshon Jeffery,Phi,WR|W/R/T
2,11.15,Hells Wells,Starter,D.J. Moore,Chi,WR|W/R/T
2,6.25,Hells Wells,Starter,Alvin Kamara,NO,RB|W/R/T
2,7.15,Hells Wells,Starter,Devonta Freeman,Bal,RB|W/R/T
2,2.6,Hells Wells,Starter,Tyler Higbee,LAR,TE|W/R/T
2,8.3,Hells Wells,Starter,Michael Gallup,Was,WR|W/R/T
2,5.0,Hells Wells,Non-Starter,Will Fuller V,Mia,WR|W/R/T
2,0.0,Hells Wells,Non-Starter,Melvin Gordon,Bal,RB|W/R/T
2,1.0,Hells Wells,Non-Starter,Darren Sproles,Phi,RB|W/R/T
2,15.0,Hells Wells,Starter,Green Bay Packers,GB,DEF
3,12.14,Hells Wells,Starter,Matthew Stafford,LAR,QB
3,12.65,Hells Wells,Starter,D.J. Moore,Chi,WR|W/R/T
3,11.05,Hells Wells,Starter,Demarcus Robinson,SF,WR|W/R/T
3,30.35,Hells Wells,Starter,Alvin Kamara,NO,RB|W/R/T
3,10.25,Hells Wells,Starter,Devonta Freeman,Bal,RB|W/R/T
3,13.7,Hells Wells,Starter,Will Dissly,LAC,TE|W/R/T
3,4.0,Hells Wells,Starter,Justin Jackson,Det,RB|W/R/T
3,0.0,Hells Wells,Non-Starter,Michael Gallup,Was,WR|W/R/T
3,0.0,Hells Wells,Non-Starter,Alshon Jeffery,Phi,WR|W/R/T
3,0.0,Hells Wells,Non-Starter,Melvin Gordon,Bal,RB|W/R/T
3,18.0,Hells Wells,Starter,Green Bay Packers,GB,DEF
4,12.3,Hells Wells,Starter,Daniel Jones,Ind,QB
4,5.15,Hells Wells,Starter,D.J. Moore,Chi,WR|W/R/T
4,4.5,Hells Wells,Starter,Demarcus Robinson,SF,WR|W/R/T
4,9.65,Hells Wells,Starter,Alvin Kamara,NO,RB|W/R/T
4,12.0,Hells Wells,Starter,Devonta Freeman,Bal,RB|W/R/T
4,13.45,Hells Wells,Starter,Will Dissly,LAC,TE|W/R/T
4,10.55,Hells Wells,Starter,Alshon Jeffery,Phi,WR|W/R/T
4,14.45,Hells Wells,Non-Starter,Ronald Jones,Dal,RB|W/R/T
4,0.0,Hells Wells,Non-Starter,Michael Gallup,Was,WR|W/R/T
4,0.0,Hells Wells,Non-Starter,Melvin Gordon,Bal,RB|W/R/T
4,-0.5,Hells Wells,Starter,Green Bay Packers,GB,DEF
5,10.48,Hells Wells,Starter,Daniel Jones,Ind,QB
5,3.85,Hells Wells,Starter,Demarcus Robinson,SF,WR|W/R/T
5,6.7,Hells Wells,Starter,Alshon Jeffery,Phi,WR|W/R/T
5,12.42,Hells Wells,Starter,Alvin Kamara,NO,RB|W/R/T
5,14.25,Hells Wells,Starter,Devonta Freeman,Bal,RB|W/R/T
5,9.8,Hells Wells,Starter,Will Dissly,LAC,TE|W/R/T
5,4.8,Hells Wells,Starter,Melvin Gordon,Bal,RB|W/R/T
5,10.6,Hells Wells,Non-Starter,D.J. Moore,Chi,WR|W/R/T
5,6.1,Hells Wells,Non-Starter,Ronald Jones,Dal,RB|W/R/T
5,19.05,Hells Wells,Non-Starter,Michael Gallup,Was,WR|W/R/T
5,11.5,Hells Wells,Starter,Green Bay Packers,GB,DEF
6,4.62,Hells Wells,Starter,Gardner Minshew,KC,QB
6,16.1,Hells Wells,Starter,Alshon Jeffery,Phi,WR|W/R/T
6,5.8,Hells Wells,Starter,Michael Gallup,Was,WR|W/R/T
6,8.35,Hells Wells,Starter,Alvin Kamara,NO,RB|W/R/T
6,24.55,Hells Wells,Starter,Devonta Freeman,Bal,RB|W/R/T
6,0.0,Hells Wells,Starter,Will Dissly,LAC,TE|W/R/T
6,5.55,Hells Wells,Starter,Melvin Gordon,Bal,RB|W/R/T
6,0.0,Hells Wells,Non-Starter,Demarcus Robinson,SF,WR|W/R/T
6,10.35,Hells Wells,Non-Starter,D.J. Moore,Chi,WR|W/R/T
6,7.0,Hells Wells,Non-Starter,Ronald Jones,Dal,RB|W/R/T
6,5.0,Hells Wells,Starter,Green Bay Packers,GB,DEF
7,21.0,Hells Wells,Starter,Gardner Minshew,KC,QB
7,4.3,Hells Wells,Starter,Alshon Jeffery,Phi,WR|W/R/T
7,4.15,Hells Wells,Starter,Michael Gallup,Was,WR|W/R/T
7,0.0,Hells Wells,Starter,Alvin Kamara,NO,RB|W/R/T
7,3.0,Hells Wells,Starter,Devonta Freeman,Bal,RB|W/R/T
7,1.05,Hells Wells,Starter,Tyler Higbee,LAR,TE|W/R/T
7,7.4,Hells Wells,Starter,Melvin Gordon,Bal,RB|W/R/T
7,3.85,Hells Wells,Non-Starter,Demarcus Robinson,SF,WR|W/R/T
7,0.0,Hells Wells,Non-Starter,D.J. Moore,Chi,WR|W/R/T
7,0.0,Hells Wells,Non-Starter,Ronald Jones,Dal,RB|W/R/T
7,5.5,Hells Wells,Starter,Green Bay Packers,GB,DEF
8,23.96,Hells Wells,Starter,Gardner Minshew,KC,QB
8,7.4,Hells Wells,Starter,Alshon Jeffery,Phi,WR|W/R/T
8,5.05,Hells Wells,Starter,D.J. Moore,Chi,WR|W/R/T
8,0.0,Hells Wells,Starter,Alvin Kamara,NO,RB|W/R/T
8,10.2,Hells Wells,Starter,Devonta Freeman,Bal,RB|W/R/T
8,8.95,Hells Wells,Starter,Dallas Goedert,Phi,TE|W/R/T
8,5.45,Hells Wells,Starter,Ronald Jones,Dal,RB|W/R/T
8,9.9,Hells Wells,Non-Starter,Melvin Gordon,Bal,RB|W/R/T
8,0.0,Hells Wells,Non-Starter,Michael Gallup,Was,WR|W/R/T
8,1.1,Hells Wells,Non-Starter,Demarcus Robinson,SF,WR|W/R/T
8,6.5,Hells Wells,Starter,Green Bay Packers,GB,DEF
9,7.76,Hells Wells,Starter,Gardner Minshew,KC,QB
9,4.6,Hells Wells,Starter,Alshon Jeffery,Phi,WR|W/R/T
9,11.85,Hells Wells,Starter,D.J. Moore,Chi,WR|W/R/T
9,23.65,Hells Wells,Starter,Melvin Gordon,Bal,RB|W/R/T
9,14.7,Hells Wells,Starter,Ronald Jones,Dal,RB|W/R/T
9,6.35,Hells Wells,Starter,Darren Fells,Det,TE|W/R/T
9,9.8,Hells Wells,Starter,Michael Gallup,Was,WR|W/R/T
9,0.0,Hells Wells,Non-Starter,Alvin Kamara,NO,RB|W/R/T
9,0.0,Hells Wells,Non-Starter,Devonta Freeman,Bal,RB|W/R/T
9,0.75,Hells Wells,Non-Starter,Demarcus Robinson,SF,WR|W/R/T
9,2.5,Hells Wells,Starter,Green Bay Packers,GB,DEF
10,30.32,Hells Wells,Starter,Daniel Jones,Ind,QB
10,14.25,Hells Wells,Starter,D.J. Moore,Chi,WR|W/R/T
10,14.6,Hells Wells,Starter,Michael Gallup,Was,WR|W/R/T
10,19.55,Hells Wells,Starter,Melvin Gordon,Bal,RB|W/R/T
10,5.55,Hells Wells,Starter,Devonta Freeman,Bal,RB|W/R/T
10,6.4,Hells Wells,Starter,Jimmy Graham,NO,TE|W/R/T
10,9.4,Hells Wells,Starter,Alvin Kamara,NO,RB|W/R/T
10,6.6,Hells Wells,Non-Starter,Demarcus Robinson,SF,WR|W/R/T
10,16.6,Hells Wells,Non-Starter,Ronald Jones,Dal,RB|W/R/T
10,0.0,Hells Wells,Non-Starter,Alshon Jeffery,Phi,WR|W/R/T
10,10.5,Hells Wells,Starter,Green Bay Packers,GB,DEF
11,21.82,Hells Wells,Starter,Baker Mayfield,TB,QB
11,11.5,Hells Wells,Starter,D.J. Moore,Chi,WR|W/R/T
11,17.05,Hells Wells,Starter,Michael Gallup,Was,WR|W/R/T
11,9.75,Hells Wells,Starter,Melvin Gordon,Bal,RB|W/R/T
11,1.9,Hells Wells,Starter,Ronald Jones,Dal,RB|W/R/T
11,2.05,Hells Wells,Starter,Darren Fells,Det,TE|W/R/T
11,14.7,Hells Wells,Starter,Alvin Kamara,NO,RB|W/R/T
11,0.0,Hells Wells,Non-Starter,Daniel Jones,Ind,QB
11,0.0,Hells Wells,Non-Starter,Devonta Freeman,Bal,RB|W/R/T
11,0.0,Hells Wells,Non-Starter,Alshon Jeffery,Phi,WR|W/R/T
11,9.0,Hells Wells,Starter,Jacksonville Jaguars,Jax,DEF
12,23.58,Hells Wells,Starter,Baker Mayfield,TB,QB
12,26.9,Hells Wells,Starter,D.J. Moore,Chi,WR|W/R/T
12,6.5,Hells Wells,Starter,Michael Gallup,Was,WR|W/R/T
12,13.45,Hells Wells,Starter,Ronald Jones,Dal,RB|W/R/T
12,0.0,Hells Wells,Starter,Devonta Freeman,Bal,RB|W/R/T
12,2.65,Hells Wells,Starter,Darren Fells,Det,TE|W/R/T
12,12.45,Hells Wells,Starter,Alvin Kamara,NO,RB|W/R/T
12,0.0,Hells Wells,Non-Starter,Melvin Gordon,Bal,RB|W/R/T
12,14.7,Hells Wells,Non-Starter,Daniel Jones,Ind,QB
12,0.0,Hells Wells,Non-Starter,Alshon Jeffery,Phi,WR|W/R/T
12,2.5,Hells Wells,Starter,Jacksonville Jaguars,Jax,DEF
13,8.04,Hells Wells,Starter,Baker Mayfield,TB,QB
13,14.7,Hells Wells,Starter,D.J. Moore,Chi,WR|W/R/T
13,7.05,Hells Wells,Starter,Michael Gallup,Was,WR|W/R/T
13,0.8,Hells Wells,Starter,Ronald Jones,Dal,RB|W/R/T
13,11.5,Hells Wells,Starter,Melvin Gordon,Bal,RB|W/R/T
13,8.8,Hells Wells,Starter,Darren Fells,Det,TE|W/R/T
13,9.4,Hells Wells,Starter,Alvin Kamara,NO,RB|W/R/T
13,7.4,Hells Wells,Non-Starter,Devonta Freeman,Bal,RB|W/R/T
13,8.2,Hells Wells,Non-Starter,Daniel Jones,Ind,QB
13,21.95,Hells Wells,Non-Starter,Alshon Jeffery,Phi,WR|W/R/T
13,10.0,Hells Wells,Starter,Jacksonville Jaguars,Jax,DEF
1,30.72,imdrunkrightnow,Starter,Deshaun Watson,Cle,QB
1,2.6,imdrunkrightnow,Starter,Tyreek Hill,Mia,WR|W/R/T
1,7.0,imdrunkrightnow,Starter,Marvin Jones,Det,WR|W/R/T
1,28.15,imdrunkrightnow,Starter,Derrick Henry,Bal,RB|W/R/T
1,34.9,imdrunkrightnow,Starter,Austin Ekeler,Was,RB|W/R/T
1,9.95,imdrunkrightnow,Starter,Austin Hooper,NE,TE|W/R/T
1,10.0,imdrunkrightnow,Starter,Duke Johnson,Buf,RB|W/R/T
1,18.0,imdrunkrightnow,Non-Starter,Tyrell Williams,Det,WR|W/R/T
1,9.9,imdrunkrightnow,Non-Starter,DK Metcalf,Pit,WR|W/R/T
1,0.3,imdrunkrightnow,Non-Starter,Jalen Richard,LV,RB|W/R/T
1,1.5,imdrunkrightnow,Starter,Denver Broncos,Den,DEF
2,12.86,imdrunkrightnow,Starter,Deshaun Watson,Cle,QB
2,11.85,imdrunkrightnow,Starter,Tyrell Williams,Det,WR|W/R/T
2,12.85,imdrunkrightnow,Starter,DK Metcalf,Pit,WR|W/R/T
2,15.9,imdrunkrightnow,Starter,Derrick Henry,Bal,RB|W/R/T
2,18.8,imdrunkrightnow,Starter,Austin Ekeler,Was,RB|W/R/T
2,4.4,imdrunkrightnow,Starter,Austin Hooper,NE,TE|W/R/T
2,3.1,imdrunkrightnow,Starter,Duke Johnson,Buf,RB|W/R/T
2,5.55,imdrunkrightnow,Non-Starter,Marvin Jones,Det,WR|W/R/T
2,0.0,imdrunkrightnow,Non-Starter,Tyreek Hill,Mia,WR|W/R/T
2,1.0,imdrunkrightnow,Non-Starter,Jalen Richard,LV,RB|W/R/T
2,10.5,imdrunkrightnow,Starter,Carolina Panthers,Car,DEF
3,25.84,imdrunkrightnow,Starter,Deshaun Watson,Cle,QB
3,9.65,imdrunkrightnow,Starter,Tyrell Williams,Det,WR|W/R/T
3,7.2,imdrunkrightnow,Starter,DK Metcalf,Pit,WR|W/R/T
3,10.85,imdrunkrightnow,Starter,Derrick Henry,Bal,RB|W/R/T
3,9.85,imdrunkrightnow,Starter,Austin Ekeler,Was,RB|W/R/T
3,20.1,imdrunkrightnow,Starter,Austin Hooper,NE,TE|W/R/T
3,2.9,imdrunkrightnow,Starter,Duke Johnson,Buf,RB|W/R/T
3,17.6,imdrunkrightnow,Non-Starter,Marvin Jones,Det,WR|W/R/T
3,0.0,imdrunkrightnow,Non-Starter,Tyreek Hill,Mia,WR|W/R/T
3,3.65,imdrunkrightnow,Non-Starter,Jalen Richard,LV,RB|W/R/T
3,11.0,imdrunkrightnow,Starter,San Francisco 49ers,SF,DEF
4,11.6,imdrunkrightnow,Starter,Deshaun Watson,Cle,QB
4,10.35,imdrunkrightnow,Starter,Tyrell Williams,Det,WR|W/R/T
4,8.45,imdrunkrightnow,Starter,Marvin Jones,Det,WR|W/R/T
4,11.05,imdrunkrightnow,Starter,Derrick Henry,Bal,RB|W/R/T
4,25.45,imdrunkrightnow,Starter,Austin Ekeler,Was,RB|W/R/T
4,15.25,imdrunkrightnow,Starter,Austin Hooper,NE,TE|W/R/T
4,0.85,imdrunkrightnow,Starter,DK Metcalf,Pit,WR|W/R/T
4,8.3,imdrunkrightnow,Non-Starter,Duke Johnson,Buf,RB|W/R/T
4,0.0,imdrunkrightnow,Non-Starter,Tyreek Hill,Mia,WR|W/R/T
4,2.05,imdrunkrightnow,Non-Starter,Jalen Richard,LV,RB|W/R/T
4,9.5,imdrunkrightnow,Starter,Denver Broncos,Den,DEF
5,41.74,imdrunkrightnow,Starter,Deshaun Watson,Cle,QB
5,0.0,imdrunkrightnow,Starter,Tyrell Williams,Det,WR|W/R/T
5,2.85,imdrunkrightnow,Starter,Cole Beasley,NYG,WR|W/R/T
5,13.8,imdrunkrightnow,Starter,Derrick Henry,Bal,RB|W/R/T
5,11.05,imdrunkrightnow,Starter,Austin Ekeler,Was,RB|W/R/T
5,9.1,imdrunkrightnow,Starter,Austin Hooper,NE,TE|W/R/T
5,6.95,imdrunkrightnow,Starter,Duke Johnson,Buf,RB|W/R/T
5,10.9,imdrunkrightnow,Non-Starter,DK Metcalf,Pit,WR|W/R/T
5,0.0,imdrunkrightnow,Non-Starter,Marvin Jones,Det,WR|W/R/T
5,0.0,imdrunkrightnow,Non-Starter,Tyreek Hill,Mia,WR|W/R/T
5,12.0,imdrunkrightnow,Starter,Houston Texans,Hou,DEF
6,29.4,imdrunkrightnow,Starter,Deshaun Watson,Cle,QB
6,2.2,imdrunkrightnow,Starter,Marvin Jones,Det,WR|W/R/T
6,10.35,imdrunkrightnow,Starter,Auden Tate,Phi,WR|W/R/T
6,3.55,imdrunkrightnow,Starter,Derrick Henry,Bal,RB|W/R/T
6,3.55,imdrunkrightnow,Starter,Austin Ekeler,Was,RB|W/R/T
6,19.7,imdrunkrightnow,Starter,Austin Hooper,NE,TE|W/R/T
6,21.25,imdrunkrightnow,Starter,Tyreek Hill,Mia,WR|W/R/T
6,11.9,imdrunkrightnow,Non-Starter,Duke Johnson,Buf,RB|W/R/T
6,0.0,imdrunkrightnow,Non-Starter,Tyrell Williams,Det,WR|W/R/T
6,8.3,imdrunkrightnow,Non-Starter,DK Metcalf,Pit,WR|W/R/T
6,6.0,imdrunkrightnow,Starter,Dallas Cowboys,Dal,DEF
7,15.52,imdrunkrightnow,Starter,Deshaun Watson,Cle,QB
7,35.8,imdrunkrightnow,Starter,Marvin Jones,Det,WR|W/R/T
7,14.15,imdrunkrightnow,Starter,Tyreek Hill,Mia,WR|W/R/T
7,17.05,imdrunkrightnow,Starter,Derrick Henry,Bal,RB|W/R/T
7,20.25,imdrunkrightnow,Starter,Austin Ekeler,Was,RB|W/R/T
7,11.6,imdrunkrightnow,Starter,Austin Hooper,NE,TE|W/R/T
7,7.25,imdrunkrightnow,Starter,Auden Tate,Phi,WR|W/R/T
7,6.1,imdrunkrightnow,Non-Starter,Duke Johnson,Buf,RB|W/R/T
7,0.0,imdrunkrightnow,Non-Starter,Tyrell Williams,Det,WR|W/R/T
7,4.3,imdrunkrightnow,Non-Starter,DK Metcalf,Pit,WR|W/R/T
7,13.5,imdrunkrightnow,Starter,New York Giants,NYG,DEF
8,27.76,imdrunkrightnow,Starter,Deshaun Watson,Cle,QB
8,3.2,imdrunkrightnow,Starter,Marvin Jones,Det,WR|W/R/T
8,9.6,imdrunkrightnow,Starter,Tyreek Hill,Mia,WR|W/R/T
8,6.55,imdrunkrightnow,Starter,Derrick Henry,Bal,RB|W/R/T
8,8.7,imdrunkrightnow,Starter,Austin Ekeler,Was,RB|W/R/T
8,14.0,imdrunkrightnow,Starter,Austin Hooper,NE,TE|W/R/T
8,14.05,imdrunkrightnow,Starter,DK Metcalf,Pit,WR|W/R/T
8,7.75,imdrunkrightnow,Non-Starter,Auden Tate,Phi,WR|W/R/T
8,10.4,imdrunkrightnow,Non-Starter,Duke Johnson,Buf,RB|W/R/T
8,15.85,imdrunkrightnow,Non-Starter,Tyrell Williams,Det,WR|W/R/T
8,11.5,imdrunkrightnow,Starter,Indianapolis Colts,Ind,DEF
9,19.74,imdrunkrightnow,Starter,Deshaun Watson,Cle,QB
9,22.0,imdrunkrightnow,Starter,Tyreek Hill,Mia,WR|W/R/T
9,5.55,imdrunkrightnow,Starter,Tyrell Williams,Det,WR|W/R/T
9,22.65,imdrunkrightnow,Starter,Derrick Henry,Bal,RB|W/R/T
9,10.3,imdrunkrightnow,Starter,Austin Ekeler,Was,RB|W/R/T
9,7.8,imdrunkrightnow,Starter,Jason Witten,LV,TE|W/R/T
9,22.5,imdrunkrightnow,Starter,DK Metcalf,Pit,WR|W/R/T
9,20.6,imdrunkrightnow,Non-Starter,Marvin Jones,Det,WR|W/R/T
9,0.0,imdrunkrightnow,Non-Starter,Austin Hooper,NE,TE|W/R/T
9,15.35,imdrunkrightnow,Non-Starter,Duke Johnson,Buf,RB|W/R/T
9,9.5,imdrunkrightnow,Starter,Cleveland Browns,Cle,DEF
10,21.7,imdrunkrightnow,Starter,Sam Darnold,Sea,QB
10,24.75,imdrunkrightnow,Starter,Tyreek Hill,Mia,WR|W/R/T
10,3.25,imdrunkrightnow,Starter,Tyrell Williams,Det,WR|W/R/T
10,31.6,imdrunkrightnow,Starter,Derrick Henry,Bal,RB|W/R/T
10,11.3,imdrunkrightnow,Starter,Austin Ekeler,Was,RB|W/R/T
10,8.7,imdrunkrightnow,Starter,Austin Hooper,NE,TE|W/R/T
10,6.5,imdrunkrightnow,Starter,DK Metcalf,Pit,WR|W/R/T
10,0.0,imdrunkrightnow,Non-Starter,Deshaun Watson,Cle,QB
10,8.95,imdrunkrightnow,Non-Starter,Marvin Jones,Det,WR|W/R/T
10,0.0,imdrunkrightnow,Non-Starter,Duke Johnson,Buf,RB|W/R/T
10,3.5,imdrunkrightnow,Starter,Cleveland Browns,Cle,DEF
11,3.96,imdrunkrightnow,Starter,Deshaun Watson,Cle,QB
11,0.0,imdrunkrightnow,Starter,Tyreek Hill,Mia,WR|W/R/T
11,9.2,imdrunkrightnow,Starter,Tyrell Williams,Det,WR|W/R/T
11,15.2,imdrunkrightnow,Starter,Austin Ekeler,Was,RB|W/R/T
11,4.9,imdrunkrightnow,Starter,Duke Johnson,Buf,RB|W/R/T
11,13.95,imdrunkrightnow,Starter,Kyle Rudolph,TB,TE|W/R/T
11,16.9,imdrunkrightnow,Starter,Marvin Jones,Det,WR|W/R/T
11,0.0,imdrunkrightnow,Non-Starter,Austin Hooper,NE,TE|W/R/T
11,0.0,imdrunkrightnow,Non-Starter,DK Metcalf,Pit,WR|W/R/T
11,0.0,imdrunkrightnow,Non-Starter,Derrick Henry,Bal,RB|W/R/T
11,6.5,imdrunkrightnow,Starter,Washington Commanders,Was,DEF
12,18.92,imdrunkrightnow,Starter,Deshaun Watson,Cle,QB
12,4.25,imdrunkrightnow,Starter,DK Metcalf,Pit,WR|W/R/T
12,5.85,imdrunkrightnow,Starter,Marvin Jones,Det,WR|W/R/T
12,3.25,imdrunkrightnow,Starter,Duke Johnson,Buf,RB|W/R/T
12,27.75,imdrunkrightnow,Starter,Derrick Henry,Bal,RB|W/R/T
12,0.35,imdrunkrightnow,Starter,Vance McDonald,Pit,TE|W/R/T
12,2.3,imdrunkrightnow,Starter,Tyrell Williams,Det,WR|W/R/T
12,0.0,imdrunkrightnow,Non-Starter,Austin Hooper,NE,TE|W/R/T
12,0.0,imdrunkrightnow,Non-Starter,Austin Ekeler,Was,RB|W/R/T
12,0.0,imdrunkrightnow,Non-Starter,Tyreek Hill,Mia,WR|W/R/T
12,12.0,imdrunkrightnow,Starter,Detroit Lions,Det,DEF
13,28.11,imdrunkrightnow,Starter,Deshaun Watson,Cle,QB
13,7.0,imdrunkrightnow,Starter,DK Metcalf,Pit,WR|W/R/T
13,6.35,imdrunkrightnow,Starter,Tyreek Hill,Mia,WR|W/R/T
13,21.35,imdrunkrightnow,Starter,Derrick Henry,Bal,RB|W/R/T
13,13.7,imdrunkrightnow,Starter,Austin Ekeler,Was,RB|W/R/T
13,12.0,imdrunkrightnow,Starter,Kyle Rudolph,TB,TE|W/R/T
13,1.15,imdrunkrightnow,Starter,Tyrell Williams,Det,WR|W/R/T
13,16.25,imdrunkrightnow,Non-Starter,Duke Johnson,Buf,RB|W/R/T
13,10.75,imdrunkrightnow,Non-Starter,Marvin Jones,Det,WR|W/R/T
13,0.0,imdrunkrightnow,Non-Starter,Austin Hooper,NE,TE|W/R/T
13,9.0,imdrunkrightnow,Starter,Dallas Cowboys,Dal,DEF
14,28.08,imdrunkrightnow,Starter,Deshaun Watson,Cle,QB
14,9.3,imdrunkrightnow,Starter,DK Metcalf,Pit,WR|W/R/T
14,8.5,imdrunkrightnow,Starter,Tyreek Hill,Mia,WR|W/R/T
14,23.15,imdrunkrightnow,Starter,Derrick Henry,Bal,RB|W/R/T
14,28.3,imdrunkrightnow,Starter,Austin Ekeler,Was,RB|W/R/T
14,3.7,imdrunkrightnow,Starter,Austin Hooper,NE,TE|W/R/T
14,16.65,imdrunkrightnow,Starter,Zach Pascal,NYG,WR|W/R/T
14,1.6,imdrunkrightnow,Non-Starter,Kyle Rudolph,TB,TE|W/R/T
14,6.0,imdrunkrightnow,Non-Starter,Duke Johnson,Buf,RB|W/R/T
14,4.55,imdrunkrightnow,Non-Starter,Marvin Jones,Det,WR|W/R/T
14,12.5,imdrunkrightnow,Starter,Cleveland Browns,Cle,DEF
15,16.92,imdrunkrightnow,Starter,Deshaun Watson,Cle,QB
15,10.1,imdrunkrightnow,Starter,DK Metcalf,Pit,WR|W/R/T
15,20.05,imdrunkrightnow,Starter,Tyreek Hill,Mia,WR|W/R/T
15,8.6,imdrunkrightnow,Starter,Derrick Henry,Bal,RB|W/R/T
15,9.35,imdrunkrightnow,Starter,Austin Ekeler,Was,RB|W/R/T
15,2.75,imdrunkrightnow,Starter,Austin Hooper,NE,TE|W/R/T
15,5.4,imdrunkrightnow,Starter,Zach Pascal,NYG,WR|W/R/T
15,5.55,imdrunkrightnow,Non-Starter,Kyle Rudolph,TB,TE|W/R/T
15,2.8,imdrunkrightnow,Non-Starter,Duke Johnson,Buf,RB|W/R/T
15,3.1,imdrunkrightnow,Non-Starter,Chris Thompson,SF,RB|W/R/T
15,11.5,imdrunkrightnow,Starter,Philadelphia Eagles,Phi,DEF
16,9.06,imdrunkrightnow,Starter,Deshaun Watson,Cle,QB
16,0.0,imdrunkrightnow,Starter,DK Metcalf,Pit,WR|W/R/T
16,8.45,imdrunkrightnow,Starter,Tyreek Hill,Mia,WR|W/R/T
16,8.15,imdrunkrightnow,Starter,Austin Ekeler,Was,RB|W/R/T
16,17.1,imdrunkrightnow,Starter,DeAndre Washington,Mia,RB|W/R/T
16,9.95,imdrunkrightnow,Starter,Austin Hooper,NE,TE|W/R/T
16,0.85,imdrunkrightnow,Starter,Zach Pascal,NYG,WR|W/R/T
16,0.0,imdrunkrightnow,Non-Starter,Derrick Henry,Bal,RB|W/R/T
16,-0.15,imdrunkrightnow,Non-Starter,Duke Johnson,Buf,RB|W/R/T
16,5.35,imdrunkrightnow,Non-Starter,James Washington,Atl,WR|W/R/T
16,2.5,imdrunkrightnow,Starter,Washington Commanders,Was,DEF
1,18.56,Shart Monk,Starter,Matt Ryan,Ind,QB
1,12.05,Shart Monk,Starter,Chris Godwin,TB,WR|W/R/T
1,7.4,Shart Monk,Starter,Christian Kirk,Hou,WR|W/R/T
1,12.55,Shart Monk,Starter,Ezekiel Elliott,Dal,RB|W/R/T
1,6.7,Shart Monk,Starter,Kerryon Johnson,SF,RB|W/R/T
1,6.65,Shart Monk,Starter,Zach Ertz,Was,TE|W/R/T
1,3.7,Shart Monk,Starter,Matt Breida,SF,RB|W/R/T
1,0.0,Shart Monk,Non-Starter,Adrian Peterson,Sea,RB|W/R/T
1,0.85,Shart Monk,Non-Starter,Jaylen Samuels,Hou,RB|W/R/T
1,0.0,Shart Monk,Non-Starter,Anthony Miller,Bal,WR|W/R/T
1,12.5,Shart Monk,Starter,Los Angeles Rams,LAR,DEF
2,19.1,Shart Monk,Starter,Matt Ryan,Ind,QB
2,20.1,Shart Monk,Starter,Chris Godwin,TB,WR|W/R/T
2,10.6,Shart Monk,Starter,Marquise Brown,KC,WR|W/R/T
2,18.5,Shart Monk,Starter,Ezekiel Elliott,Dal,RB|W/R/T
2,15.3,Shart Monk,Starter,Kerryon Johnson,SF,RB|W/R/T
2,11.2,Shart Monk,Starter,Zach Ertz,Was,TE|W/R/T
2,13.45,Shart Monk,Starter,Matt Breida,SF,RB|W/R/T
2,12.9,Shart Monk,Non-Starter,Christian Kirk,Hou,WR|W/R/T
2,3.35,Shart Monk,Non-Starter,Jaylen Samuels,Hou,RB|W/R/T
2,0.45,Shart Monk,Non-Starter,Anthony Miller,Bal,WR|W/R/T
2,11.5,Shart Monk,Starter,Los Angeles Rams,LAR,DEF
3,22.46,Shart Monk,Starter,Matt Ryan,Ind,QB
3,4.75,Shart Monk,Starter,Chris Godwin,TB,WR|W/R/T
3,5.4,Shart Monk,Starter,Marquise Brown,KC,WR|W/R/T
3,14.4,Shart Monk,Starter,Ezekiel Elliott,Dal,RB|W/R/T
3,10.55,Shart Monk,Starter,Kerryon Johnson,SF,RB|W/R/T
3,7.4,Shart Monk,Starter,Zach Ertz,Was,TE|W/R/T
3,8.4,Shart Monk,Starter,Christian Kirk,Hou,WR|W/R/T
3,9.3,Shart Monk,Non-Starter,Matt Breida,SF,RB|W/R/T
3,0.0,Shart Monk,Non-Starter,Jaylen Samuels,Hou,RB|W/R/T
3,1.75,Shart Monk,Non-Starter,Anthony Miller,Bal,WR|W/R/T
3,13.0,Shart Monk,Starter,Los Angeles Rams,LAR,DEF
4,15.68,Shart Monk,Starter,Matt Ryan,Ind,QB
4,32.2,Shart Monk,Starter,Chris Godwin,TB,WR|W/R/T
4,3.2,Shart Monk,Starter,Marquise Brown,KC,WR|W/R/T
4,12.0,Shart Monk,Starter,Ezekiel Elliott,Dal,RB|W/R/T
4,14.2,Shart Monk,Starter,Kerryon Johnson,SF,RB|W/R/T
4,8.25,Shart Monk,Starter,Zach Ertz,Was,TE|W/R/T
4,5.3,Shart Monk,Starter,Christian Kirk,Hou,WR|W/R/T
4,0.0,Shart Monk,Non-Starter,Matt Breida,SF,RB|W/R/T
4,17.54,Shart Monk,Non-Starter,Jaylen Samuels,Hou,RB|W/R/T
4,1.6,Shart Monk,Non-Starter,Anthony Miller,Bal,WR|W/R/T
4,9.5,Shart Monk,Starter,Los Angeles Rams,LAR,DEF
5,29.9,Shart Monk,Starter,Matt Ryan,Ind,QB
5,26.25,Shart Monk,Starter,Chris Godwin,TB,WR|W/R/T
5,8.95,Shart Monk,Starter,Marquise Brown,KC,WR|W/R/T
5,15.6,Shart Monk,Starter,Ezekiel Elliott,Dal,RB|W/R/T
5,25.65,Shart Monk,Starter,Matt Breida,SF,RB|W/R/T
5,12.95,Shart Monk,Starter,Zach Ertz,Was,TE|W/R/T
5,0.21,Shart Monk,Starter,Jaylen Samuels,Hou,RB|W/R/T
5,0.0,Shart Monk,Non-Starter,Christian Kirk,Hou,WR|W/R/T
5,0.0,Shart Monk,Non-Starter,Kerryon Johnson,SF,RB|W/R/T
5,6.2,Shart Monk,Non-Starter,Anthony Miller,Bal,WR|W/R/T
5,4.5,Shart Monk,Starter,Los Angeles Rams,LAR,DEF
6,30.94,Shart Monk,Starter,Matt Ryan,Ind,QB
6,17.6,Shart Monk,Starter,Chris Godwin,TB,WR|W/R/T
6,3.6,Shart Monk,Starter,Preston Williams,Car,WR|W/R/T
6,22.55,Shart Monk,Starter,Ezekiel Elliott,Dal,RB|W/R/T
6,7.3,Shart Monk,Starter,Matt Breida,SF,RB|W/R/T
6,4.4,Shart Monk,Starter,Zach Ertz,Was,TE|W/R/T
6,12.6,Shart Monk,Starter,Kerryon Johnson,SF,RB|W/R/T
6,0.0,Shart Monk,Non-Starter,Christian Kirk,Hou,WR|W/R/T
6,0.0,Shart Monk,Non-Starter,Marquise Brown,KC,WR|W/R/T
6,0.0,Shart Monk,Non-Starter,Jaylen Samuels,Hou,RB|W/R/T
6,12.0,Shart Monk,Starter,Los Angeles Rams,LAR,DEF
7,2.56,Shart Monk,Starter,Matt Ryan,Ind,QB
7,0.0,Shart Monk,Starter,Christian Kirk,Hou,WR|W/R/T
7,7.7,Shart Monk,Starter,Preston Williams,Car,WR|W/R/T
7,3.85,Shart Monk,Starter,Matt Breida,SF,RB|W/R/T
7,2.3,Shart Monk,Starter,Kerryon Johnson,SF,RB|W/R/T
7,4.3,Shart Monk,Starter,Zach Ertz,Was,TE|W/R/T
7,22.2,Shart Monk,Starter,Ezekiel Elliott,Dal,RB|W/R/T
7,0.0,Shart Monk,Non-Starter,Marquise Brown,KC,WR|W/R/T
7,0.0,Shart Monk,Non-Starter,Chris Godwin,TB,WR|W/R/T
7,0.0,Shart Monk,Non-Starter,Jaylen Samuels,Hou,RB|W/R/T
7,25.5,Shart Monk,Starter,Los Angeles Rams,LAR,DEF
8,23.4,Shart Monk,Starter,Derek Carr,NO,QB
8,11.8,Shart Monk,Starter,Christian Kirk,Hou,WR|W/R/T
8,5.2,Shart Monk,Starter,Preston Williams,Car,WR|W/R/T
8,5.25,Shart Monk,Starter,Matt Breida,SF,RB|W/R/T
8,3.05,Shart Monk,Starter,Kenneth Barber,LV,RB|W/R/T
8,2.5,Shart Monk,Starter,Zach Ertz,Was,TE|W/R/T
8,7.3,Shart Monk,Starter,Chris Godwin,TB,WR|W/R/T
8,0.0,Shart Monk,Non-Starter,Kerryon Johnson,SF,RB|W/R/T
8,0.0,Shart Monk,Non-Starter,Ezekiel Elliott,Dal,RB|W/R/T
8,0.0,Shart Monk,Non-Starter,Marquise Brown,KC,WR|W/R/T
8,12.0,Shart Monk,Starter,Los Angeles Rams,LAR,DEF
9,19.56,Shart Monk,Starter,Derek Carr,NO,QB
9,8.65,Shart Monk,Starter,Chris Godwin,TB,WR|W/R/T
9,5.55,Shart Monk,Starter,Marquise Brown,KC,WR|W/R/T
9,1.5,Shart Monk,Starter,Kenneth Barber,LV,RB|W/R/T
9,13.9,Shart Monk,Starter,Ezekiel Elliott,Dal,RB|W/R/T
9,18.55,Shart Monk,Starter,Zach Ertz,Was,TE|W/R/T
9,2.1,Shart Monk,Starter,Christian Kirk,Hou,WR|W/R/T
9,20.45,Shart Monk,Non-Starter,Preston Williams,Car,WR|W/R/T
9,9.7,Shart Monk,Non-Starter,Matt Breida,SF,RB|W/R/T
9,22.0,Shart Monk,Starter,Dallas Cowboys,Dal,DEF
9,0.0,Shart Monk,Non-Starter,Los Angeles Rams,LAR,DEF
10,13.12,Shart Monk,Starter,Derek Carr,NO,QB
10,8.9,Shart Monk,Starter,Chris Godwin,TB,WR|W/R/T
10,15.0,Shart Monk,Starter,Marquise Brown,KC,WR|W/R/T
10,6.8,Shart Monk,Starter,Ezekiel Elliott,Dal,RB|W/R/T
10,3.0,Shart Monk,Starter,Matt Breida,SF,RB|W/R/T
10,11.15,Shart Monk,Starter,Jack Doyle,Ind,TE|W/R/T
10,33.3,Shart Monk,Starter,Christian Kirk,Hou,WR|W/R/T
10,10.95,Shart Monk,Non-Starter,Kenneth Barber,LV,RB|W/R/T
10,0.0,Shart Monk,Non-Starter,Zach Ertz,Was,TE|W/R/T
10,25.5,Shart Monk,Starter,Los Angeles Rams,LAR,DEF
10,2.0,Shart Monk,Non-Starter,Dallas Cowboys,Dal,DEF
11,19.78,Shart Monk,Starter,Derek Carr,NO,QB
11,11.45,Shart Monk,Starter,Chris Godwin,TB,WR|W/R/T
11,2.8,Shart Monk,Starter,Marquise Brown,KC,WR|W/R/T
11,17.8,Shart Monk,Starter,Ezekiel Elliott,Dal,RB|W/R/T
11,7.6,Shart Monk,Starter,Kenneth Barber,LV,RB|W/R/T
11,11.65,Shart Monk,Starter,Zach Ertz,Was,TE|W/R/T
11,5.7,Shart Monk,Starter,Christian Kirk,Hou,WR|W/R/T
11,0.0,Shart Monk,Non-Starter,Jack Doyle,Ind,TE|W/R/T
11,0.0,Shart Monk,Non-Starter,Matt Breida,SF,RB|W/R/T
11,5.4,Shart Monk,Non-Starter,Demaryius Thomas,NE,WR|W/R/T
11,14.0,Shart Monk,Starter,Los Angeles Rams,LAR,DEF
12,2.18,Shart Monk,Starter,Derek Carr,NO,QB
12,32.15,Shart Monk,Starter,Chris Godwin,TB,WR|W/R/T
12,17.45,Shart Monk,Starter,Marquise Brown,KC,WR|W/R/T
12,13.6,Shart Monk,Starter,Ezekiel Elliott,Dal,RB|W/R/T
12,18.85,Shart Monk,Starter,Jonathan Williams,Was,RB|W/R/T
12,18.1,Shart Monk,Starter,Zach Ertz,Was,TE|W/R/T
12,3.8,Shart Monk,Starter,Brandin Cooks,NO,WR|W/R/T
12,0.0,Shart Monk,Non-Starter,Matt Breida,SF,RB|W/R/T
12,3.2,Shart Monk,Non-Starter,Kenneth Barber,LV,RB|W/R/T
12,0.0,Shart Monk,Non-Starter,Christian Kirk,Hou,WR|W/R/T
12,0.5,Shart Monk,Starter,Los Angeles Rams,LAR,DEF
13,24.34,Shart Monk,Starter,Tom Brady,TB,QB
13,6.0,Shart Monk,Starter,Chris Godwin,TB,WR|W/R/T
13,3.05,Shart Monk,Starter,Christian Kirk,Hou,WR|W/R/T
13,15.45,Shart Monk,Starter,Ezekiel Elliott,Dal,RB|W/R/T
13,2.75,Shart Monk,Starter,Jonathan Williams,Was,RB|W/R/T
13,3.15,Shart Monk,Starter,Zach Ertz,Was,TE|W/R/T
13,2.9,Shart Monk,Starter,Brandin Cooks,NO,WR|W/R/T
13,0.35,Shart Monk,Non-Starter,Marquise Brown,KC,WR|W/R/T
13,0.0,Shart Monk,Non-Starter,Matt Breida,SF,RB|W/R/T
13,18.4,Shart Monk,Non-Starter,Kenneth Barber,LV,RB|W/R/T
13,22.5,Shart Monk,Starter,Los Angeles Rams,LAR,DEF
14,10.76,Shart Monk,Starter,Tom Brady,TB,QB
14,10.85,Shart Monk,Starter,Chris Godwin,TB,WR|W/R/T
14,10.9,Shart Monk,Starter,Christian Kirk,Hou,WR|W/R/T
14,21.8,Shart Monk,Starter,Ezekiel Elliott,Dal,RB|W/R/T
14,6.05,Shart Monk,Starter,Matt Breida,SF,RB|W/R/T
14,23.35,Shart Monk,Starter,Zach Ertz,Was,TE|W/R/T
14,0.0,Shart Monk,Starter,Brandin Cooks,NO,WR|W/R/T
14,0.55,Shart Monk,Non-Starter,Marquise Brown,KC,WR|W/R/T
14,5.8,Shart Monk,Non-Starter,Kenneth Barber,LV,RB|W/R/T
14,3.5,Shart Monk,Starter,Houston Texans,Hou,DEF
14,18.5,Shart Monk,Non-Starter,Los Angeles Rams,LAR,DEF
15,12.92,Shart Monk,Starter,Tom Brady,TB,QB
15,13.35,Shart Monk,Starter,Chris Godwin,TB,WR|W/R/T
15,7.1,Shart Monk,Starter,Christian Kirk,Hou,WR|W/R/T
15,28.75,Shart Monk,Starter,Ezekiel Elliott,Dal,RB|W/R/T
15,0.2,Shart Monk,Starter,Matt Breida,SF,RB|W/R/T
15,13.35,Shart Monk,Starter,Zach Ertz,Was,TE|W/R/T
15,5.6,Shart Monk,Starter,Brandin Cooks,NO,WR|W/R/T
15,11.5,Shart Monk,Non-Starter,Marquise Brown,KC,WR|W/R/T
15,4.5,Shart Monk,Non-Starter,Kenneth Barber,LV,RB|W/R/T
15,7.5,Shart Monk,Starter,Houston Texans,Hou,DEF
15,-1.5,Shart Monk,Non-Starter,Los Angeles Rams,LAR,DEF
1,27.32,French Fries & Gravy,Starter,Patrick Mahomes,KC,QB
1,20.3,French Fries & Gravy,Starter,Keenan Allen,LAC,WR|W/R/T
1,8.7,French Fries & Gravy,Starter,Jarvis Landry,NO,WR|W/R/T
1,14.9,French Fries & Gravy,Starter,Saquon Barkley,Phi,RB|W/R/T
1,6.0,French Fries & Gravy,Starter,Jordan Howard,NO,RB|W/R/T
1,18.75,French Fries & Gravy,Starter,Delanie Walker,Ten,TE|W/R/T
1,20.05,French Fries & Gravy,Starter,John Brown,Buf,WR|W/R/T
1,9.55,French Fries & Gravy,Non-Starter,LeSean McCoy,TB,RB|W/R/T
1,0.0,French Fries & Gravy,Non-Starter,Kareem Hunt,KC,RB|W/R/T
1,4.4,French Fries & Gravy,Non-Starter,Ryan Switzer,Cle,WR|W/R/T
1,3.5,French Fries & Gravy,Starter,Houston Texans,Hou,DEF
2,31.62,French Fries & Gravy,Starter,Patrick Mahomes,KC,QB
2,11.8,French Fries & Gravy,Starter,Keenan Allen,LAC,WR|W/R/T
2,3.95,French Fries & Gravy,Starter,Jarvis Landry,NO,WR|W/R/T
2,20.25,French Fries & Gravy,Starter,Saquon Barkley,Phi,RB|W/R/T
2,3.05,French Fries & Gravy,Starter,LeSean McCoy,TB,RB|W/R/T
2,4.9,French Fries & Gravy,Starter,Delanie Walker,Ten,TE|W/R/T
2,8.95,French Fries & Gravy,Starter,John Brown,Buf,WR|W/R/T
2,2.85,French Fries & Gravy,Non-Starter,Jordan Howard,NO,RB|W/R/T
2,0.0,French Fries & Gravy,Non-Starter,Kareem Hunt,KC,RB|W/R/T
2,0.25,French Fries & Gravy,Non-Starter,Ryan Switzer,Cle,WR|W/R/T
2,12.5,French Fries & Gravy,Starter,Houston Texans,Hou,DEF
3,27.86,French Fries & Gravy,Starter,Patrick Mahomes,KC,QB
3,33.85,French Fries & Gravy,Starter,Keenan Allen,LAC,WR|W/R/T
3,6.95,French Fries & Gravy,Starter,Jarvis Landry,NO,WR|W/R/T
3,4.7,French Fries & Gravy,Starter,Saquon Barkley,Phi,RB|W/R/T
3,9.7,French Fries & Gravy,Starter,Jordan Howard,NO,RB|W/R/T
3,8.15,French Fries & Gravy,Starter,Delanie Walker,Ten,TE|W/R/T
3,6.5,French Fries & Gravy,Starter,John Brown,Buf,WR|W/R/T
3,20.75,French Fries & Gravy,Non-Starter,LeSean McCoy,TB,RB|W/R/T
3,0.0,French Fries & Gravy,Non-Starter,Kareem Hunt,KC,RB|W/R/T
3,17.0,French Fries & Gravy,Non-Starter,Nelson Agholor,Bal,WR|W/R/T
3,17.0,French Fries & Gravy,Starter,Buffalo Bills,Buf,DEF
4,18.0,French Fries & Gravy,Starter,Patrick Mahomes,KC,QB
4,6.05,French Fries & Gravy,Starter,Keenan Allen,LAC,WR|W/R/T
4,18.7,French Fries & Gravy,Starter,Jarvis Landry,NO,WR|W/R/T
4,30.25,French Fries & Gravy,Starter,Jordan Howard,NO,RB|W/R/T
4,15.4,French Fries & Gravy,Starter,LeSean McCoy,TB,RB|W/R/T
4,0.65,French Fries & Gravy,Starter,Delanie Walker,Ten,TE|W/R/T
4,0.0,French Fries & Gravy,Starter,Nelson Agholor,Bal,WR|W/R/T
4,8.15,French Fries & Gravy,Non-Starter,John Brown,Buf,WR|W/R/T
4,0.0,French Fries & Gravy,Non-Starter,Saquon Barkley,Phi,RB|W/R/T
4,0.0,French Fries & Gravy,Non-Starter,Kareem Hunt,KC,RB|W/R/T
4,8.0,French Fries & Gravy,Starter,Buffalo Bills,Buf,DEF
5,18.54,French Fries & Gravy,Starter,Patrick Mahomes,KC,QB
5,2.8,French Fries & Gravy,Starter,Keenan Allen,LAC,WR|W/R/T
5,8.75,French Fries & Gravy,Starter,John Brown,Buf,WR|W/R/T
5,12.2,French Fries & Gravy,Starter,Jordan Howard,NO,RB|W/R/T
5,0.8,French Fries & Gravy,Starter,LeSean McCoy,TB,RB|W/R/T
5,1.25,French Fries & Gravy,Starter,Delanie Walker,Ten,TE|W/R/T
5,8.5,French Fries & Gravy,Starter,Jarvis Landry,NO,WR|W/R/T
5,3.95,French Fries & Gravy,Non-Starter,Diontae Johnson,Cle,WR|W/R/T
5,0.0,French Fries & Gravy,Non-Starter,Saquon Barkley,Phi,RB|W/R/T
5,0.0,French Fries & Gravy,Non-Starter,Kareem Hunt,KC,RB|W/R/T
5,18.0,French Fries & Gravy,Starter,Buffalo Bills,Buf,DEF
6,18.82,French Fries & Gravy,Starter,Patrick Mahomes,KC,QB
6,3.8,French Fries & Gravy,Starter,Keenan Allen,LAC,WR|W/R/T
6,1.9,French Fries & Gravy,Starter,Diontae Johnson,Cle,WR|W/R/T
6,4.9,French Fries & Gravy,Starter,Jordan Howard,NO,RB|W/R/T
6,4.9,French Fries & Gravy,Starter,LeSean McCoy,TB,RB|W/R/T
6,5.05,French Fries & Gravy,Starter,Delanie Walker,Ten,TE|W/R/T
6,4.35,French Fries & Gravy,Starter,Jarvis Landry,NO,WR|W/R/T
6,0.0,French Fries & Gravy,Non-Starter,John Brown,Buf,WR|W/R/T
6,0.0,French Fries & Gravy,Non-Starter,Saquon Barkley,Phi,RB|W/R/T
6,0.0,French Fries & Gravy,Non-Starter,Kareem Hunt,KC,RB|W/R/T
6,15.5,French Fries & Gravy,Starter,San Francisco 49ers,SF,DEF
7,7.24,French Fries & Gravy,Starter,Patrick Mahomes,KC,QB
7,7.1,French Fries & Gravy,Starter,Keenan Allen,LAC,WR|W/R/T
7,15.55,French Fries & Gravy,Starter,John Brown,Buf,WR|W/R/T
7,6.1,French Fries & Gravy,Starter,Jordan Howard,NO,RB|W/R/T
7,8.1,French Fries & Gravy,Starter,LeSean McCoy,TB,RB|W/R/T
7,0.0,French Fries & Gravy,Starter,Delanie Walker,Ten,TE|W/R/T
7,14.75,French Fries & Gravy,Starter,Saquon Barkley,Phi,RB|W/R/T
7,0.0,French Fries & Gravy,Non-Starter,Jarvis Landry,NO,WR|W/R/T
7,0.0,French Fries & Gravy,Non-Starter,Kareem Hunt,KC,RB|W/R/T
7,10.1,French Fries & Gravy,Non-Starter,Jamaal Williams,NO,RB|W/R/T
7,20.5,French Fries & Gravy,Starter,San Francisco 49ers,SF,DEF
8,19.42,French Fries & Gravy,Starter,Ryan Tannehill,Ten,QB
8,7.05,French Fries & Gravy,Starter,Keenan Allen,LAC,WR|W/R/T
8,6.65,French Fries & Gravy,Starter,John Brown,Buf,WR|W/R/T
8,5.3,French Fries & Gravy,Starter,LeSean McCoy,TB,RB|W/R/T
8,22.3,French Fries & Gravy,Starter,Saquon Barkley,Phi,RB|W/R/T
8,2.65,French Fries & Gravy,Starter,Vance McDonald,Pit,TE|W/R/T
8,16.35,French Fries & Gravy,Starter,Jamaal Williams,NO,RB|W/R/T
8,0.0,French Fries & Gravy,Non-Starter,Patrick Mahomes,KC,QB
8,17.35,French Fries & Gravy,Non-Starter,Jordan Howard,NO,RB|W/R/T
8,0.0,French Fries & Gravy,Non-Starter,Kareem Hunt,KC,RB|W/R/T
8,23.0,French Fries & Gravy,Starter,San Francisco 49ers,SF,DEF
9,23.04,French Fries & Gravy,Starter,Ryan Tannehill,Ten,QB
9,4.75,French Fries & Gravy,Starter,Keenan Allen,LAC,WR|W/R/T
9,8.6,French Fries & Gravy,Starter,John Brown,Buf,WR|W/R/T
9,11.0,French Fries & Gravy,Starter,Saquon Barkley,Phi,RB|W/R/T
9,14.55,French Fries & Gravy,Starter,Jordan Howard,NO,RB|W/R/T
9,10.25,French Fries & Gravy,Starter,Vance McDonald,Pit,TE|W/R/T
9,12.4,French Fries & Gravy,Starter,Jamaal Williams,NO,RB|W/R/T
9,1.15,French Fries & Gravy,Non-Starter,LeSean McCoy,TB,RB|W/R/T
9,0.0,French Fries & Gravy,Non-Starter,Patrick Mahomes,KC,QB
9,0.0,French Fries & Gravy,Non-Starter,Kareem Hunt,KC,RB|W/R/T
9,6.5,French Fries & Gravy,Starter,San Francisco 49ers,SF,DEF
10,29.84,French Fries & Gravy,Starter,Patrick Mahomes,KC,QB
10,10.6,French Fries & Gravy,Starter,Keenan Allen,LAC,WR|W/R/T
10,8.95,French Fries & Gravy,Starter,John Brown,Buf,WR|W/R/T
10,4.35,French Fries & Gravy,Starter,Saquon Barkley,Phi,RB|W/R/T
10,9.15,French Fries & Gravy,Starter,Kareem Hunt,KC,RB|W/R/T
10,2.05,French Fries & Gravy,Starter,Vance McDonald,Pit,TE|W/R/T
10,6.3,French Fries & Gravy,Starter,Jamaal Williams,NO,RB|W/R/T
10,18.94,French Fries & Gravy,Non-Starter,Ryan Tannehill,Ten,QB
10,0.0,French Fries & Gravy,Non-Starter,Jordan Howard,NO,RB|W/R/T
10,0.0,French Fries & Gravy,Non-Starter,LeSean McCoy,TB,RB|W/R/T
10,24.0,French Fries & Gravy,Starter,San Francisco 49ers,SF,DEF
11,15.18,French Fries & Gravy,Starter,Patrick Mahomes,KC,QB
11,15.1,French Fries & Gravy,Starter,Keenan Allen,LAC,WR|W/R/T
11,27.95,French Fries & Gravy,Starter,John Brown,Buf,WR|W/R/T
11,7.3,French Fries & Gravy,Starter,Kareem Hunt,KC,RB|W/R/T
11,0.0,French Fries & Gravy,Starter,Jordan Howard,NO,RB|W/R/T
11,4.05,French Fries & Gravy,Starter,Vance McDonald,Pit,TE|W/R/T
11,15.4,French Fries & Gravy,Starter,Deebo Samuel,Was,WR|W/R/T
11,0.0,French Fries & Gravy,Non-Starter,Jamaal Williams,NO,RB|W/R/T
11,0.0,French Fries & Gravy,Non-Starter,Saquon Barkley,Phi,RB|W/R/T
11,0.0,French Fries & Gravy,Non-Starter,Ryan Tannehill,Ten,QB
11,20.5,French Fries & Gravy,Starter,San Francisco 49ers,SF,DEF
12,32.36,French Fries & Gravy,Starter,Ryan Tannehill,Ten,QB
12,10.4,French Fries & Gravy,Starter,John Brown,Buf,WR|W/R/T
12,11.5,French Fries & Gravy,Starter,Deebo Samuel,Was,WR|W/R/T
12,11.1,French Fries & Gravy,Starter,Kareem Hunt,KC,RB|W/R/T
12,6.5,French Fries & Gravy,Starter,Saquon Barkley,Phi,RB|W/R/T
12,8.05,French Fries & Gravy,Starter,Ryan Griffin,Chi,TE|W/R/T
12,9.75,French Fries & Gravy,Starter,Jamaal Williams,NO,RB|W/R/T
12,0.0,French Fries & Gravy,Non-Starter,Jordan Howard,NO,RB|W/R/T
12,0.0,French Fries & Gravy,Non-Starter,Keenan Allen,LAC,WR|W/R/T
12,0.0,French Fries & Gravy,Non-Starter,Patrick Mahomes,KC,QB
12,16.0,French Fries & Gravy,Starter,San Francisco 49ers,SF,DEF
13,19.5,French Fries & Gravy,Starter,Patrick Mahomes,KC,QB
13,8.47,French Fries & Gravy,Starter,John Brown,Buf,WR|W/R/T
13,14.3,French Fries & Gravy,Starter,Keenan Allen,LAC,WR|W/R/T
13,13.75,French Fries & Gravy,Starter,Kareem Hunt,KC,RB|W/R/T
13,12.25,French Fries & Gravy,Starter,Saquon Barkley,Phi,RB|W/R/T
13,4.25,French Fries & Gravy,Starter,Ryan Griffin,Chi,TE|W/R/T
13,7.7,French Fries & Gravy,Starter,Jamaal Williams,NO,RB|W/R/T
13,12.6,French Fries & Gravy,Non-Starter,Deebo Samuel,Was,WR|W/R/T
13,13.78,French Fries & Gravy,Non-Starter,Ryan Tannehill,Ten,QB
13,0.0,French Fries & Gravy,Non-Starter,Jordan Howard,NO,RB|W/R/T
13,5.0,French Fries & Gravy,Starter,San Francisco 49ers,SF,DEF
14,13.92,French Fries & Gravy,Starter,Patrick Mahomes,KC,QB
14,3.35,French Fries & Gravy,Starter,John Brown,Buf,WR|W/R/T
14,9.55,French Fries & Gravy,Starter,Keenan Allen,LAC,WR|W/R/T
14,13.3,French Fries & Gravy,Starter,Kareem Hunt,KC,RB|W/R/T
14,7.45,French Fries & Gravy,Starter,Saquon Barkley,Phi,RB|W/R/T
14,1.05,French Fries & Gravy,Starter,Ryan Griffin,Chi,TE|W/R/T
14,12.15,French Fries & Gravy,Starter,Deebo Samuel,Was,WR|W/R/T
14,2.4,French Fries & Gravy,Non-Starter,Jamaal Williams,NO,RB|W/R/T
14,27.54,French Fries & Gravy,Non-Starter,Ryan Tannehill,Ten,QB
14,0.0,French Fries & Gravy,Non-Starter,Jordan Howard,NO,RB|W/R/T
14,1.5,French Fries & Gravy,Starter,San Francisco 49ers,SF,DEF
15,24.16,French Fries & Gravy,Starter,Ryan Tannehill,Ten,QB
15,11.65,French Fries & Gravy,Starter,John Brown,Buf,WR|W/R/T
15,12.15,French Fries & Gravy,Starter,Keenan Allen,LAC,WR|W/R/T
15,9.6,French Fries & Gravy,Starter,Kareem Hunt,KC,RB|W/R/T
15,27.3,French Fries & Gravy,Starter,Saquon Barkley,Phi,RB|W/R/T
15,6.75,French Fries & Gravy,Starter,Dallas Goedert,Phi,TE|W/R/T
15,3.95,French Fries & Gravy,Starter,Deebo Samuel,Was,WR|W/R/T
15,22.7,French Fries & Gravy,Non-Starter,Patrick Mahomes,KC,QB
15,3.55,French Fries & Gravy,Non-Starter,Jamaal Williams,NO,RB|W/R/T
15,0.0,French Fries & Gravy,Non-Starter,Jordan Howard,NO,RB|W/R/T
15,6.5,French Fries & Gravy,Starter,San Francisco 49ers,SF,DEF
1,16.6,LittleStJamesGiants,Starter,Russell Wilson,NYG,QB
1,25.1,LittleStJamesGiants,Starter,DeAndre Hopkins,Bal,WR|W/R/T
1,11.2,LittleStJamesGiants,Starter,Kenny Golladay,NYG,WR|W/R/T
1,22.7,LittleStJamesGiants,Starter,Mark Ingram II,NO,RB|W/R/T
1,2.7,LittleStJamesGiants,Starter,Nyheim Miller-Hines,LAC,RB|W/R/T
1,7.4,LittleStJamesGiants,Starter,George Kittle,SF,TE|W/R/T
1,40.05,LittleStJamesGiants,Starter,Sammy Watkins,Bal,WR|W/R/T
1,0.0,LittleStJamesGiants,Non-Starter,Golden Tate,Ten,WR|W/R/T
1,5.6,LittleStJamesGiants,Non-Starter,James Washington,Atl,WR|W/R/T
1,2.0,LittleStJamesGiants,Non-Starter,Frank Gore,NYJ,RB|W/R/T
1,16.5,LittleStJamesGiants,Starter,Baltimore Ravens,Bal,DEF
2,24.2,LittleStJamesGiants,Starter,Russell Wilson,NYG,QB
2,5.25,LittleStJamesGiants,Starter,DeAndre Hopkins,Bal,WR|W/R/T
2,19.7,LittleStJamesGiants,Starter,Kenny Golladay,NYG,WR|W/R/T
2,8.2,LittleStJamesGiants,Starter,Mark Ingram II,NO,RB|W/R/T
2,1.65,LittleStJamesGiants,Starter,Nyheim Miller-Hines,LAC,RB|W/R/T
2,6.15,LittleStJamesGiants,Starter,George Kittle,SF,TE|W/R/T
2,6.4,LittleStJamesGiants,Starter,Sammy Watkins,Bal,WR|W/R/T
2,0.0,LittleStJamesGiants,Non-Starter,Golden Tate,Ten,WR|W/R/T
2,2.8,LittleStJamesGiants,Non-Starter,James Washington,Atl,WR|W/R/T
2,14.8,LittleStJamesGiants,Non-Starter,Frank Gore,NYJ,RB|W/R/T
2,8.5,LittleStJamesGiants,Starter,Baltimore Ravens,Bal,DEF
3,41.34,LittleStJamesGiants,Starter,Russell Wilson,NYG,QB
3,8.2,LittleStJamesGiants,Starter,DeAndre Hopkins,Bal,WR|W/R/T
3,2.2,LittleStJamesGiants,Starter,Kenny Golladay,NYG,WR|W/R/T
3,32.5,LittleStJamesGiants,Starter,Mark Ingram II,NO,RB|W/R/T
3,15.4,LittleStJamesGiants,Starter,Frank Gore,NYJ,RB|W/R/T
3,7.2,LittleStJamesGiants,Starter,George Kittle,SF,TE|W/R/T
3,7.65,LittleStJamesGiants,Starter,Sammy Watkins,Bal,WR|W/R/T
3,3.65,LittleStJamesGiants,Non-Starter,Nyheim Miller-Hines,LAC,RB|W/R/T
3,0.0,LittleStJamesGiants,Non-Starter,Golden Tate,Ten,WR|W/R/T
3,1.9,LittleStJamesGiants,Non-Starter,James Washington,Atl,WR|W/R/T
3,13.5,LittleStJamesGiants,Starter,Tampa Bay Buccaneers,TB,DEF
4,14.3,LittleStJamesGiants,Starter,Russell Wilson,NYG,QB
4,3.35,LittleStJamesGiants,Starter,DeAndre Hopkins,Bal,WR|W/R/T
4,19.95,LittleStJamesGiants,Starter,Kenny Golladay,NYG,WR|W/R/T
4,7.35,LittleStJamesGiants,Starter,Mark Ingram II,NO,RB|W/R/T
4,10.9,LittleStJamesGiants,Starter,Frank Gore,NYJ,RB|W/R/T
4,3.2,LittleStJamesGiants,Starter,Tyler Eifert,Jax,TE|W/R/T
4,4.15,LittleStJamesGiants,Starter,Sammy Watkins,Bal,WR|W/R/T
4,0.0,LittleStJamesGiants,Non-Starter,George Kittle,SF,TE|W/R/T
4,0.0,LittleStJamesGiants,Non-Starter,Golden Tate,Ten,WR|W/R/T
4,0.0,LittleStJamesGiants,Non-Starter,James Washington,Atl,WR|W/R/T
4,6.5,LittleStJamesGiants,Starter,Indianapolis Colts,Ind,DEF
5,29.92,LittleStJamesGiants,Starter,Russell Wilson,NYG,QB
5,10.55,LittleStJamesGiants,Starter,DeAndre Hopkins,Bal,WR|W/R/T
5,2.05,LittleStJamesGiants,Starter,Golden Tate,Ten,WR|W/R/T
5,11.4,LittleStJamesGiants,Starter,Mark Ingram II,NO,RB|W/R/T
5,7.4,LittleStJamesGiants,Starter,Frank Gore,NYJ,RB|W/R/T
5,16.3,LittleStJamesGiants,Starter,George Kittle,SF,TE|W/R/T
5,0.0,LittleStJamesGiants,Starter,Sammy Watkins,Bal,WR|W/R/T
5,0.0,LittleStJamesGiants,Non-Starter,Kenny Golladay,NYG,WR|W/R/T
5,5.95,LittleStJamesGiants,Non-Starter,James Washington,Atl,WR|W/R/T
5,4.55,LittleStJamesGiants,Non-Starter,Damien Williams,Ari,RB|W/R/T
5,12.0,LittleStJamesGiants,Starter,New Orleans Saints,NO,DEF
6,28.9,LittleStJamesGiants,Starter,Russell Wilson,NYG,QB
6,9.75,LittleStJamesGiants,Starter,DeAndre Hopkins,Bal,WR|W/R/T
6,13.35,LittleStJamesGiants,Starter,Kenny Golladay,NYG,WR|W/R/T
6,13.9,LittleStJamesGiants,Starter,Mark Ingram II,NO,RB|W/R/T
6,8.25,LittleStJamesGiants,Starter,Damien Williams,Ari,RB|W/R/T
6,12.3,LittleStJamesGiants,Starter,George Kittle,SF,TE|W/R/T
6,0.0,LittleStJamesGiants,Starter,Sammy Watkins,Bal,WR|W/R/T
6,17.7,LittleStJamesGiants,Non-Starter,Golden Tate,Ten,WR|W/R/T
6,0.0,LittleStJamesGiants,Non-Starter,Frank Gore,NYJ,RB|W/R/T
6,0.0,LittleStJamesGiants,Non-Starter,James Washington,Atl,WR|W/R/T
6,8.0,LittleStJamesGiants,Starter,Baltimore Ravens,Bal,DEF
7,12.34,LittleStJamesGiants,Starter,Russell Wilson,NYG,QB
7,18.85,LittleStJamesGiants,Starter,DeAndre Hopkins,Bal,WR|W/R/T
7,2.35,LittleStJamesGiants,Starter,Kenny Golladay,NYG,WR|W/R/T
7,5.55,LittleStJamesGiants,Starter,Mark Ingram II,NO,RB|W/R/T
7,6.85,LittleStJamesGiants,Starter,Frank Gore,NYJ,RB|W/R/T
7,4.55,LittleStJamesGiants,Starter,George Kittle,SF,TE|W/R/T
7,9.5,LittleStJamesGiants,Starter,Golden Tate,Ten,WR|W/R/T
7,1.1,LittleStJamesGiants,Non-Starter,Damien Williams,Ari,RB|W/R/T
7,0.0,LittleStJamesGiants,Non-Starter,Sammy Watkins,Bal,WR|W/R/T
7,0.0,LittleStJamesGiants,Non-Starter,James Washington,Atl,WR|W/R/T
7,22.0,LittleStJamesGiants,Starter,Baltimore Ravens,Bal,DEF
8,15.68,LittleStJamesGiants,Starter,Russell Wilson,NYG,QB
8,13.65,LittleStJamesGiants,Starter,DeAndre Hopkins,Bal,WR|W/R/T
8,23.8,LittleStJamesGiants,Starter,Kenny Golladay,NYG,WR|W/R/T
8,3.4,LittleStJamesGiants,Starter,Frank Gore,NYJ,RB|W/R/T
8,4.05,LittleStJamesGiants,Starter,Ty Johnson,Buf,RB|W/R/T
8,10.1,LittleStJamesGiants,Starter,George Kittle,SF,TE|W/R/T
8,10.5,LittleStJamesGiants,Starter,Golden Tate,Ten,WR|W/R/T
8,0.0,LittleStJamesGiants,Non-Starter,Mark Ingram II,NO,RB|W/R/T
8,9.0,LittleStJamesGiants,Non-Starter,Damien Williams,Ari,RB|W/R/T
8,5.75,LittleStJamesGiants,Non-Starter,Sammy Watkins,Bal,WR|W/R/T
8,6.5,LittleStJamesGiants,Starter,Kansas City Chiefs,KC,DEF
9,39.22,LittleStJamesGiants,Starter,Russell Wilson,NYG,QB
9,13.4,LittleStJamesGiants,Starter,DeAndre Hopkins,Bal,WR|W/R/T
9,20.2,LittleStJamesGiants,Starter,Kenny Golladay,NYG,WR|W/R/T
9,1.5,LittleStJamesGiants,Starter,Frank Gore,NYJ,RB|W/R/T
9,12.9,LittleStJamesGiants,Starter,Mark Ingram II,NO,RB|W/R/T
9,15.4,LittleStJamesGiants,Starter,George Kittle,SF,TE|W/R/T
9,7.3,LittleStJamesGiants,Starter,Golden Tate,Ten,WR|W/R/T
9,4.35,LittleStJamesGiants,Non-Starter,Ty Johnson,Buf,RB|W/R/T
9,19.3,LittleStJamesGiants,Non-Starter,Damien Williams,Ari,RB|W/R/T
9,8.05,LittleStJamesGiants,Non-Starter,Sammy Watkins,Bal,WR|W/R/T
9,11.0,LittleStJamesGiants,Starter,New York Jets,NYJ,DEF
10,16.58,LittleStJamesGiants,Starter,Russell Wilson,NYG,QB
10,12.45,LittleStJamesGiants,Starter,Kenny Golladay,NYG,WR|W/R/T
10,20.5,LittleStJamesGiants,Starter,Golden Tate,Ten,WR|W/R/T
10,9.4,LittleStJamesGiants,Starter,Mark Ingram II,NO,RB|W/R/T
10,10.15,LittleStJamesGiants,Starter,Damien Williams,Ari,RB|W/R/T
10,8.9,LittleStJamesGiants,Starter,Jared Cook,LAC,TE|W/R/T
10,6.35,LittleStJamesGiants,Starter,Sammy Watkins,Bal,WR|W/R/T
10,2.15,LittleStJamesGiants,Non-Starter,Ty Johnson,Buf,RB|W/R/T
10,0.0,LittleStJamesGiants,Non-Starter,George Kittle,SF,TE|W/R/T
10,0.0,LittleStJamesGiants,Non-Starter,DeAndre Hopkins,Bal,WR|W/R/T
10,22.0,LittleStJamesGiants,Starter,New York Jets,NYJ,DEF
11,8.54,LittleStJamesGiants,Starter,Tom Brady,TB,QB
11,3.65,LittleStJamesGiants,Starter,Kenny Golladay,NYG,WR|W/R/T
11,9.75,LittleStJamesGiants,Starter,DeAndre Hopkins,Bal,WR|W/R/T
11,21.25,LittleStJamesGiants,Starter,Mark Ingram II,NO,RB|W/R/T
11,1.55,LittleStJamesGiants,Starter,Damien Williams,Ari,RB|W/R/T
11,9.8,LittleStJamesGiants,Starter,Jared Cook,LAC,TE|W/R/T
11,3.1,LittleStJamesGiants,Starter,Sammy Watkins,Bal,WR|W/R/T
11,0.0,LittleStJamesGiants,Non-Starter,Russell Wilson,NYG,QB
11,0.0,LittleStJamesGiants,Non-Starter,Golden Tate,Ten,WR|W/R/T
11,0.0,LittleStJamesGiants,Non-Starter,George Kittle,SF,TE|W/R/T
11,15.5,LittleStJamesGiants,Starter,New York Jets,NYJ,DEF
12,9.5,LittleStJamesGiants,Starter,Russell Wilson,NYG,QB
12,7.1,LittleStJamesGiants,Starter,Kenny Golladay,NYG,WR|W/R/T
12,10.05,LittleStJamesGiants,Starter,Golden Tate,Ten,WR|W/R/T
12,24.05,LittleStJamesGiants,Starter,Mark Ingram II,NO,RB|W/R/T
12,0.7,LittleStJamesGiants,Starter,Trey Edmunds,Pit,RB|W/R/T
12,20.4,LittleStJamesGiants,Starter,George Kittle,SF,TE|W/R/T
12,22.9,LittleStJamesGiants,Starter,DeAndre Hopkins,Bal,WR|W/R/T
12,0.0,LittleStJamesGiants,Non-Starter,Damien Williams,Ari,RB|W/R/T
12,17.4,LittleStJamesGiants,Non-Starter,Jared Cook,LAC,TE|W/R/T
12,0.0,LittleStJamesGiants,Non-Starter,Sammy Watkins,Bal,WR|W/R/T
12,13.0,LittleStJamesGiants,Starter,Cleveland Browns,Cle,DEF
13,14.9,LittleStJamesGiants,Starter,Russell Wilson,NYG,QB
13,22.8,LittleStJamesGiants,Starter,Kenny Golladay,NYG,WR|W/R/T
13,0.0,LittleStJamesGiants,Starter,Sammy Watkins,Bal,WR|W/R/T
13,6.7,LittleStJamesGiants,Starter,Mark Ingram II,NO,RB|W/R/T
13,12.95,LittleStJamesGiants,Starter,Benny Snell,Pit,RB|W/R/T
13,1.9,LittleStJamesGiants,Starter,George Kittle,SF,TE|W/R/T
13,11.89,LittleStJamesGiants,Starter,DeAndre Hopkins,Bal,WR|W/R/T
13,0.0,LittleStJamesGiants,Non-Starter,Damien Williams,Ari,RB|W/R/T
13,0.0,LittleStJamesGiants,Non-Starter,Golden Tate,Ten,WR|W/R/T
13,9.25,LittleStJamesGiants,Non-Starter,Jared Cook,LAC,TE|W/R/T
13,12.0,LittleStJamesGiants,Starter,Green Bay Packers,GB,DEF
14,10.6,LittleStJamesGiants,Starter,Russell Wilson,NYG,QB
14,13.3,LittleStJamesGiants,Starter,Kenny Golladay,NYG,WR|W/R/T
14,6.0,LittleStJamesGiants,Starter,Sammy Watkins,Bal,WR|W/R/T
14,8.65,LittleStJamesGiants,Starter,Mark Ingram II,NO,RB|W/R/T
14,2.1,LittleStJamesGiants,Starter,Benny Snell,Pit,RB|W/R/T
14,14.2,LittleStJamesGiants,Starter,George Kittle,SF,TE|W/R/T
14,20.95,LittleStJamesGiants,Starter,DeAndre Hopkins,Bal,WR|W/R/T
14,0.0,LittleStJamesGiants,Non-Starter,Damien Williams,Ari,RB|W/R/T
14,1.35,LittleStJamesGiants,Non-Starter,Golden Tate,Ten,WR|W/R/T
14,18.9,LittleStJamesGiants,Non-Starter,Jared Cook,LAC,TE|W/R/T
14,12.0,LittleStJamesGiants,Starter,Green Bay Packers,GB,DEF
15,19.34,LittleStJamesGiants,Starter,Russell Wilson,NYG,QB
15,5.15,LittleStJamesGiants,Starter,Kenny Golladay,NYG,WR|W/R/T
15,7.65,LittleStJamesGiants,Starter,Sammy Watkins,Bal,WR|W/R/T
15,22.85,LittleStJamesGiants,Starter,Mark Ingram II,NO,RB|W/R/T
15,0.1,LittleStJamesGiants,Starter,Benny Snell,Pit,RB|W/R/T
15,16.65,LittleStJamesGiants,Starter,George Kittle,SF,TE|W/R/T
15,13.4,LittleStJamesGiants,Starter,DeAndre Hopkins,Bal,WR|W/R/T
15,0.0,LittleStJamesGiants,Non-Starter,Damien Williams,Ari,RB|W/R/T
15,11.35,LittleStJamesGiants,Non-Starter,Golden Tate,Ten,WR|W/R/T
15,6.4,LittleStJamesGiants,Non-Starter,Jared Cook,LAC,TE|W/R/T
15,18.0,LittleStJamesGiants,Starter,Green Bay Packers,GB,DEF
16,10.96,LittleStJamesGiants,Starter,Russell Wilson,NYG,QB
16,14.1,LittleStJamesGiants,Starter,Kenny Golladay,NYG,WR|W/R/T
16,11.1,LittleStJamesGiants,Starter,Golden Tate,Ten,WR|W/R/T
16,15.6,LittleStJamesGiants,Starter,Mark Ingram II,NO,RB|W/R/T
16,15.95,LittleStJamesGiants,Starter,Damien Williams,Ari,RB|W/R/T
16,15.15,LittleStJamesGiants,Starter,George Kittle,SF,TE|W/R/T
16,3.55,LittleStJamesGiants,Starter,DeAndre Hopkins,Bal,WR|W/R/T
16,3.3,LittleStJamesGiants,Non-Starter,Sammy Watkins,Bal,WR|W/R/T
16,1.4,LittleStJamesGiants,Non-Starter,Benny Snell,Pit,RB|W/R/T
16,21.15,LittleStJamesGiants,Non-Starter,Jared Cook,LAC,TE|W/R/T
16,17.0,LittleStJamesGiants,Starter,Green Bay Packers,GB,DEF
1,23.92,One Mic Evans,Starter,Philip Rivers,Ind,QB
1,3.3,One Mic Evans,Starter,Mike Evans,TB,WR|W/R/T
1,10.6,One Mic Evans,Starter,Julio Jones,Phi,WR|W/R/T
1,6.1,One Mic Evans,Starter,Tevin Coleman,SF,RB|W/R/T
1,5.0,One Mic Evans,Starter,Kenneth Barber,LV,RB|W/R/T
1,20.35,One Mic Evans,Starter,Evan Engram,Den,TE|W/R/T
1,6.35,One Mic Evans,Starter,Justin Jackson,Det,RB|W/R/T
1,13.75,One Mic Evans,Non-Starter,Courtland Sutton,Den,WR|W/R/T
1,0.0,One Mic Evans,Non-Starter,A.J. Green,Ari,WR|W/R/T
1,4.9,One Mic Evans,Non-Starter,Alexander Mattison,Mia,RB|W/R/T
1,5.0,One Mic Evans,Starter,Cleveland Browns,Cle,DEF
2,10.92,One Mic Evans,Starter,Philip Rivers,Ind,QB
2,7.1,One Mic Evans,Starter,Mike Evans,TB,WR|W/R/T
2,23.85,One Mic Evans,Starter,Julio Jones,Phi,WR|W/R/T
2,21.85,One Mic Evans,Starter,Raheem Mostert,LV,RB|W/R/T
2,9.7,One Mic Evans,Starter,Adrian Peterson,Sea,RB|W/R/T
2,6.3,One Mic Evans,Starter,Evan Engram,Den,TE|W/R/T
2,5.0,One Mic Evans,Starter,Courtland Sutton,Den,WR|W/R/T
2,6.35,One Mic Evans,Non-Starter,Chris Thompson,SF,RB|W/R/T
2,0.0,One Mic Evans,Non-Starter,A.J. Green,Ari,WR|W/R/T
2,2.5,One Mic Evans,Non-Starter,Alexander Mattison,Mia,RB|W/R/T
2,19.0,One Mic Evans,Starter,Cleveland Browns,Cle,DEF
3,19.62,One Mic Evans,Starter,Philip Rivers,Ind,QB
3,39.0,One Mic Evans,Starter,Mike Evans,TB,WR|W/R/T
3,20.8,One Mic Evans,Starter,Julio Jones,Phi,WR|W/R/T
3,5.9,One Mic Evans,Starter,Raheem Mostert,LV,RB|W/R/T
3,3.65,One Mic Evans,Starter,Adrian Peterson,Sea,RB|W/R/T
3,18.8,One Mic Evans,Starter,Evan Engram,Den,TE|W/R/T
3,9.95,One Mic Evans,Starter,Courtland Sutton,Den,WR|W/R/T
3,11.8,One Mic Evans,Non-Starter,Chris Thompson,SF,RB|W/R/T
3,0.0,One Mic Evans,Non-Starter,A.J. Green,Ari,WR|W/R/T
3,11.8,One Mic Evans,Non-Starter,Alexander Mattison,Mia,RB|W/R/T
3,10.5,One Mic Evans,Starter,Minnesota Vikings,Min,DEF
4,20.4,One Mic Evans,Starter,Philip Rivers,Ind,QB
4,15.9,One Mic Evans,Starter,Mike Evans,TB,WR|W/R/T
4,6.3,One Mic Evans,Starter,Julio Jones,Phi,WR|W/R/T
4,7.0,One Mic Evans,Starter,Chris Thompson,SF,RB|W/R/T
4,23.3,One Mic Evans,Starter,Wayne Gallman,Sea,RB|W/R/T
4,6.4,One Mic Evans,Starter,Evan Engram,Den,TE|W/R/T
4,19.7,One Mic Evans,Starter,Courtland Sutton,Den,WR|W/R/T
4,2.8,One Mic Evans,Non-Starter,Adrian Peterson,Sea,RB|W/R/T
4,0.0,One Mic Evans,Non-Starter,A.J. Green,Ari,WR|W/R/T
4,1.55,One Mic Evans,Non-Starter,Alexander Mattison,Mia,RB|W/R/T
4,6.0,One Mic Evans,Starter,Minnesota Vikings,Min,DEF
5,4.14,One Mic Evans,Starter,Philip Rivers,Ind,QB
5,0.0,One Mic Evans,Starter,Mike Evans,TB,WR|W/R/T
5,4.95,One Mic Evans,Starter,Julio Jones,Phi,WR|W/R/T
5,5.05,One Mic Evans,Starter,Chris Thompson,SF,RB|W/R/T
5,1.4,One Mic Evans,Starter,Wayne Gallman,Sea,RB|W/R/T
5,6.2,One Mic Evans,Starter,Evan Engram,Den,TE|W/R/T
5,16.2,One Mic Evans,Starter,Courtland Sutton,Den,WR|W/R/T
5,0.0,One Mic Evans,Non-Starter,A.J. Green,Ari,WR|W/R/T
5,5.2,One Mic Evans,Non-Starter,Alexander Mattison,Mia,RB|W/R/T
5,15.7,One Mic Evans,Non-Starter,Tevin Coleman,SF,RB|W/R/T
5,16.0,One Mic Evans,Starter,Minnesota Vikings,Min,DEF
6,14.8,One Mic Evans,Starter,Philip Rivers,Ind,QB
6,13.85,One Mic Evans,Starter,Mike Evans,TB,WR|W/R/T
6,12.8,One Mic Evans,Starter,Julio Jones,Phi,WR|W/R/T
6,12.6,One Mic Evans,Starter,Tevin Coleman,SF,RB|W/R/T
6,13.2,One Mic Evans,Starter,Chase Edmonds,TB,RB|W/R/T
6,3.1,One Mic Evans,Starter,T.J. Hockenson,Min,TE|W/R/T
6,8.6,One Mic Evans,Starter,Courtland Sutton,Den,WR|W/R/T
6,2.5,One Mic Evans,Non-Starter,Chris Thompson,SF,RB|W/R/T
6,0.0,One Mic Evans,Non-Starter,Evan Engram,Den,TE|W/R/T
6,0.0,One Mic Evans,Non-Starter,A.J. Green,Ari,WR|W/R/T
6,11.0,One Mic Evans,Starter,Minnesota Vikings,Min,DEF
7,21.16,One Mic Evans,Starter,Philip Rivers,Ind,QB
7,10.8,One Mic Evans,Starter,Julio Jones,Phi,WR|W/R/T
7,10.2,One Mic Evans,Starter,Courtland Sutton,Den,WR|W/R/T
7,6.6,One Mic Evans,Starter,Tevin Coleman,SF,RB|W/R/T
7,33.5,One Mic Evans,Starter,Chase Edmonds,TB,RB|W/R/T
7,0.85,One Mic Evans,Starter,Evan Engram,Den,TE|W/R/T
7,11.35,One Mic Evans,Starter,Phillip Dorsett,LV,WR|W/R/T
7,0.0,One Mic Evans,Non-Starter,A.J. Green,Ari,WR|W/R/T
7,0.0,One Mic Evans,Non-Starter,Mike Evans,TB,WR|W/R/T
7,-6.66,One Mic Evans,Non-Starter,Sam Darnold,Sea,QB
7,5.5,One Mic Evans,Starter,Minnesota Vikings,Min,DEF
8,10.04,One Mic Evans,Starter,Philip Rivers,Ind,QB
8,17.7,One Mic Evans,Starter,Julio Jones,Phi,WR|W/R/T
8,7.95,One Mic Evans,Starter,Courtland Sutton,Den,WR|W/R/T
8,36.3,One Mic Evans,Starter,Tevin Coleman,SF,RB|W/R/T
8,1.8,One Mic Evans,Starter,Chase Edmonds,TB,RB|W/R/T
8,11.0,One Mic Evans,Starter,Evan Engram,Den,TE|W/R/T
8,34.55,One Mic Evans,Starter,Mike Evans,TB,WR|W/R/T
8,0.0,One Mic Evans,Non-Starter,A.J. Green,Ari,WR|W/R/T
8,1.4,One Mic Evans,Non-Starter,Corey Davis,NYJ,WR|W/R/T
8,5.5,One Mic Evans,Non-Starter,Rashaad Penny,Phi,RB|W/R/T
8,15.0,One Mic Evans,Starter,Minnesota Vikings,Min,DEF
9,11.76,One Mic Evans,Starter,Philip Rivers,Ind,QB
9,13.55,One Mic Evans,Starter,Courtland Sutton,Den,WR|W/R/T
9,27.0,One Mic Evans,Starter,Mike Evans,TB,WR|W/R/T
9,4.1,One Mic Evans,Starter,Tevin Coleman,SF,RB|W/R/T
9,1.2,One Mic Evans,Starter,Rashaad Penny,Phi,RB|W/R/T
9,6.5,One Mic Evans,Starter,Evan Engram,Den,TE|W/R/T
9,2.4,One Mic Evans,Starter,Demaryius Thomas,NE,WR|W/R/T
9,0.0,One Mic Evans,Non-Starter,Julio Jones,Phi,WR|W/R/T
9,0.0,One Mic Evans,Non-Starter,A.J. Green,Ari,WR|W/R/T
9,0.0,One Mic Evans,Non-Starter,Derrius Guice,Was,RB|W/R/T
9,12.0,One Mic Evans,Starter,Minnesota Vikings,Min,DEF
10,8.28,One Mic Evans,Starter,Philip Rivers,Ind,QB
10,9.2,One Mic Evans,Starter,Mike Evans,TB,WR|W/R/T
10,8.65,One Mic Evans,Starter,Julio Jones,Phi,WR|W/R/T
10,8.2,One Mic Evans,Starter,Tevin Coleman,SF,RB|W/R/T
10,-0.95,One Mic Evans,Starter,Giovani Bernard,TB,RB|W/R/T
10,1.55,One Mic Evans,Starter,Mike Gesicki,Cin,TE|W/R/T
10,1.95,One Mic Evans,Starter,A.J. Brown,Phi,WR|W/R/T
10,0.0,One Mic Evans,Non-Starter,Evan Engram,Den,TE|W/R/T
10,0.0,One Mic Evans,Non-Starter,Courtland Sutton,Den,WR|W/R/T
10,0.0,One Mic Evans,Non-Starter,Derrius Guice,Was,RB|W/R/T
10,27.0,One Mic Evans,Starter,Baltimore Ravens,Bal,DEF
11,12.12,One Mic Evans,Starter,Philip Rivers,Ind,QB
11,7.9,One Mic Evans,Starter,Mike Evans,TB,WR|W/R/T
11,10.2,One Mic Evans,Starter,Julio Jones,Phi,WR|W/R/T
11,6.95,One Mic Evans,Starter,Tevin Coleman,SF,RB|W/R/T
11,13.15,One Mic Evans,Starter,Derrius Guice,Was,RB|W/R/T
11,0.0,One Mic Evans,Starter,O.J. Howard,Hou,TE|W/R/T
11,15.07,One Mic Evans,Starter,Courtland Sutton,Den,WR|W/R/T
11,0.0,One Mic Evans,Non-Starter,Evan Engram,Den,TE|W/R/T
11,17.84,One Mic Evans,Non-Starter,Nick Foles,Ind,QB
11,0.0,One Mic Evans,Non-Starter,Jay Ajayi,Phi,RB|W/R/T
11,19.0,One Mic Evans,Starter,Baltimore Ravens,Bal,DEF
12,28.2,One Mic Evans,Starter,Sam Darnold,Sea,QB
12,6.0,One Mic Evans,Starter,Mike Evans,TB,WR|W/R/T
12,8.05,One Mic Evans,Starter,Julio Jones,Phi,WR|W/R/T
12,11.4,One Mic Evans,Starter,Tevin Coleman,SF,RB|W/R/T
12,4.05,One Mic Evans,Starter,Derrius Guice,Was,RB|W/R/T
12,2.95,One Mic Evans,Starter,Dallas Goedert,Phi,TE|W/R/T
12,2.95,One Mic Evans,Starter,Courtland Sutton,Den,WR|W/R/T
12,0.0,One Mic Evans,Non-Starter,Evan Engram,Den,TE|W/R/T
12,14.88,One Mic Evans,Non-Starter,Nick Foles,Ind,QB
12,7.8,One Mic Evans,Non-Starter,Bo Scarbrough,Det,RB|W/R/T
12,16.5,One Mic Evans,Starter,Baltimore Ravens,Bal,DEF
13,10.46,One Mic Evans,Starter,Sam Darnold,Sea,QB
13,6.3,One Mic Evans,Starter,Mike Evans,TB,WR|W/R/T
13,20.4,One Mic Evans,Starter,Courtland Sutton,Den,WR|W/R/T
13,1.75,One Mic Evans,Starter,Tevin Coleman,SF,RB|W/R/T
13,9.75,One Mic Evans,Starter,LeSean McCoy,TB,RB|W/R/T
13,8.1,One Mic Evans,Starter,Dallas Goedert,Phi,TE|W/R/T
13,26.2,One Mic Evans,Starter,Derrius Guice,Was,RB|W/R/T
13,0.0,One Mic Evans,Non-Starter,Julio Jones,Phi,WR|W/R/T
13,0.0,One Mic Evans,Non-Starter,Evan Engram,Den,TE|W/R/T
13,8.5,One Mic Evans,Starter,Baltimore Ravens,Bal,DEF
13,7.0,One Mic Evans,Non-Starter,Seattle Seahawks,Sea,DEF
14,13.58,One Mic Evans,Starter,Gardner Minshew,KC,QB
14,12.35,One Mic Evans,Starter,Mike Evans,TB,WR|W/R/T
14,4.65,One Mic Evans,Starter,Courtland Sutton,Den,WR|W/R/T
14,0.6,One Mic Evans,Starter,Tevin Coleman,SF,RB|W/R/T
14,4.2,One Mic Evans,Starter,Derrius Guice,Was,RB|W/R/T
14,0.0,One Mic Evans,Starter,Evan Engram,Den,TE|W/R/T
14,7.85,One Mic Evans,Starter,Julio Jones,Phi,WR|W/R/T
14,5.3,One Mic Evans,Non-Starter,Darwin Thompson,Sea,RB|W/R/T
14,7.25,One Mic Evans,Non-Starter,Bo Scarbrough,Det,RB|W/R/T
14,15.5,One Mic Evans,Starter,Baltimore Ravens,Bal,DEF
14,13.0,One Mic Evans,Non-Starter,Seattle Seahawks,Sea,DEF
15,8.28,One Mic Evans,Starter,Philip Rivers,Ind,QB
15,8.9,One Mic Evans,Starter,Courtland Sutton,Den,WR|W/R/T
15,28.65,One Mic Evans,Starter,Julio Jones,Phi,WR|W/R/T
15,1.6,One Mic Evans,Starter,LeSean McCoy,TB,RB|W/R/T
15,8.25,One Mic Evans,Starter,Boston Scott,Pit,RB|W/R/T
15,14.1,One Mic Evans,Starter,Tyler Higbee,LAR,TE|W/R/T
15,2.2,One Mic Evans,Starter,Justin Watson,Hou,WR|W/R/T
15,0.0,One Mic Evans,Non-Starter,Evan Engram,Den,TE|W/R/T
15,1.7,One Mic Evans,Non-Starter,Nyheim Miller-Hines,LAC,RB|W/R/T
15,9.0,One Mic Evans,Starter,Baltimore Ravens,Bal,DEF
15,9.5,One Mic Evans,Non-Starter,Seattle Seahawks,Sea,DEF
16,31.66,One Mic Evans,Starter,Ryan Fitzpatrick,Was,QB
16,5.35,One Mic Evans,Starter,Courtland Sutton,Den,WR|W/R/T
16,19.1,One Mic Evans,Starter,Julio Jones,Phi,WR|W/R/T
16,3.4,One Mic Evans,Starter,Boston Scott,Pit,RB|W/R/T
16,3.55,One Mic Evans,Starter,Mike Boone,Mia,RB|W/R/T
16,12.65,One Mic Evans,Starter,Tyler Higbee,LAR,TE|W/R/T
16,11.95,One Mic Evans,Starter,Breshad Perriman,TB,WR|W/R/T
16,7.55,One Mic Evans,Non-Starter,Gus Edwards,LAC,RB|W/R/T
16,0.0,One Mic Evans,Non-Starter,Wes Hills,Det,RB|W/R/T
16,6.5,One Mic Evans,Starter,Baltimore Ravens,Bal,DEF
16,7.0,One Mic Evans,Non-Starter,Seattle Seahawks,Sea,DEF
1,12.92,Cocks n Daks,Starter,Aaron Rodgers,Pit,QB
1,11.95,Cocks n Daks,Starter,Allen Robinson,Det,WR|W/R/T
1,0.95,Cocks n Daks,Starter,Marquise Goodwin,Cle,WR|W/R/T
1,18.7,Cocks n Daks,Starter,Le'Veon Bell,TB,RB|W/R/T
1,25.4,Cocks n Daks,Starter,Marlon Mack,Ari,RB|W/R/T
1,1.05,Cocks n Daks,Starter,Eric Ebron,Pit,TE|W/R/T
1,6.9,Cocks n Daks,Starter,Tarik Cohen,Car,RB|W/R/T
1,0.0,Cocks n Daks,Non-Starter,Antonio Brown,TB,WR|W/R/T
1,0.95,Cocks n Daks,Non-Starter,Dante Pettis,NO,WR|W/R/T
1,0.0,Cocks n Daks,Non-Starter,Lamar Miller,NO,RB|W/R/T
1,16.0,Cocks n Daks,Starter,Chicago Bears,Chi,DEF
2,14.36,Cocks n Daks,Starter,Aaron Rodgers,Pit,QB
2,5.1,Cocks n Daks,Starter,Allen Robinson,Det,WR|W/R/T
2,13.1,Cocks n Daks,Starter,Antonio Brown,TB,WR|W/R/T
2,13.4,Cocks n Daks,Starter,Le'Veon Bell,TB,RB|W/R/T
2,6.8,Cocks n Daks,Starter,Marlon Mack,Ari,RB|W/R/T
2,3.65,Cocks n Daks,Starter,Vernon Davis,Was,TE|W/R/T
2,3.0,Cocks n Daks,Starter,Tarik Cohen,Car,RB|W/R/T
2,9.25,Cocks n Daks,Non-Starter,Eric Ebron,Pit,TE|W/R/T
2,14.45,Cocks n Daks,Non-Starter,Marquise Goodwin,Cle,WR|W/R/T
2,0.64,Cocks n Daks,Non-Starter,Dante Pettis,NO,WR|W/R/T
2,7.0,Cocks n Daks,Starter,Chicago Bears,Chi,DEF
3,13.3,Cocks n Daks,Starter,Aaron Rodgers,Pit,QB
3,7.5,Cocks n Daks,Starter,Allen Robinson,Det,WR|W/R/T
3,4.6,Cocks n Daks,Starter,Marquise Goodwin,Cle,WR|W/R/T
3,7.3,Cocks n Daks,Starter,Le'Veon Bell,TB,RB|W/R/T
3,15.3,Cocks n Daks,Starter,Marlon Mack,Ari,RB|W/R/T
3,3.5,Cocks n Daks,Starter,Vernon Davis,Was,TE|W/R/T
3,2.9,Cocks n Daks,Starter,Tarik Cohen,Car,RB|W/R/T
3,0.0,Cocks n Daks,Non-Starter,Antonio Brown,TB,WR|W/R/T
3,5.45,Cocks n Daks,Non-Starter,Eric Ebron,Pit,TE|W/R/T
3,9.0,Cocks n Daks,Non-Starter,Dante Pettis,NO,WR|W/R/T
3,22.5,Cocks n Daks,Starter,Chicago Bears,Chi,DEF
4,25.48,Cocks n Daks,Starter,Aaron Rodgers,Pit,QB
4,9.45,Cocks n Daks,Starter,Allen Robinson,Det,WR|W/R/T
4,0.0,Cocks n Daks,Starter,Le'Veon Bell,TB,RB|W/R/T
4,3.9,Cocks n Daks,Starter,Marlon Mack,Ari,RB|W/R/T
4,0.75,Cocks n Daks,Starter,Vernon Davis,Was,TE|W/R/T
4,8.3,Cocks n Daks,Starter,Tarik Cohen,Car,RB|W/R/T
4,0.0,Cocks n Daks,Non-Starter,Marquise Goodwin,Cle,WR|W/R/T
4,0.0,Cocks n Daks,Non-Starter,Antonio Brown,TB,WR|W/R/T
4,11.05,Cocks n Daks,Non-Starter,Eric Ebron,Pit,TE|W/R/T
4,0.0,Cocks n Daks,Non-Starter,Dante Pettis,NO,WR|W/R/T
4,20.5,Cocks n Daks,Starter,Chicago Bears,Chi,DEF
5,9.42,Cocks n Daks,Starter,Aaron Rodgers,Pit,QB
5,23.45,Cocks n Daks,Starter,Allen Robinson,Det,WR|W/R/T
5,1.85,Cocks n Daks,Starter,Robbie Chosen,SF,WR|W/R/T
5,10.55,Cocks n Daks,Starter,Le'Veon Bell,TB,RB|W/R/T
5,15.55,Cocks n Daks,Starter,Marlon Mack,Ari,RB|W/R/T
5,1.05,Cocks n Daks,Starter,Eric Ebron,Pit,TE|W/R/T
5,6.4,Cocks n Daks,Starter,Tarik Cohen,Car,RB|W/R/T
5,6.35,Cocks n Daks,Non-Starter,Marquise Goodwin,Cle,WR|W/R/T
5,0.0,Cocks n Daks,Non-Starter,Vernon Davis,Was,TE|W/R/T
5,0.0,Cocks n Daks,Non-Starter,Antonio Brown,TB,WR|W/R/T
5,4.5,Cocks n Daks,Starter,Chicago Bears,Chi,DEF
6,18.32,Cocks n Daks,Starter,Aaron Rodgers,Pit,QB
6,19.75,Cocks n Daks,Starter,Robbie Chosen,SF,WR|W/R/T
6,2.0,Cocks n Daks,Starter,Marquise Goodwin,Cle,WR|W/R/T
6,11.55,Cocks n Daks,Starter,Le'Veon Bell,TB,RB|W/R/T
6,0.0,Cocks n Daks,Starter,Marlon Mack,Ari,RB|W/R/T
6,0.0,Cocks n Daks,Starter,Vernon Davis,Was,TE|W/R/T
6,0.0,Cocks n Daks,Starter,Tarik Cohen,Car,RB|W/R/T
6,0.0,Cocks n Daks,Non-Starter,Eric Ebron,Pit,TE|W/R/T
6,0.0,Cocks n Daks,Non-Starter,Allen Robinson,Det,WR|W/R/T
6,0.0,Cocks n Daks,Non-Starter,Antonio Brown,TB,WR|W/R/T
6,0.0,Cocks n Daks,Starter,Chicago Bears,Chi,DEF
7,43.76,Cocks n Daks,Starter,Aaron Rodgers,Pit,QB
7,1.25,Cocks n Daks,Starter,Robbie Chosen,SF,WR|W/R/T
7,17.2,Cocks n Daks,Starter,Allen Robinson,Det,WR|W/R/T
7,7.85,Cocks n Daks,Starter,Le'Veon Bell,TB,RB|W/R/T
7,6.35,Cocks n Daks,Starter,Marlon Mack,Ari,RB|W/R/T
7,14.0,Cocks n Daks,Starter,Eric Ebron,Pit,TE|W/R/T
7,5.15,Cocks n Daks,Starter,Tarik Cohen,Car,RB|W/R/T
7,0.0,Cocks n Daks,Non-Starter,Vernon Davis,Was,TE|W/R/T
7,0.0,Cocks n Daks,Non-Starter,Marquise Goodwin,Cle,WR|W/R/T
7,0.0,Cocks n Daks,Non-Starter,Antonio Brown,TB,WR|W/R/T
7,8.5,Cocks n Daks,Starter,Chicago Bears,Chi,DEF
8,27.1,Cocks n Daks,Starter,Aaron Rodgers,Pit,QB
8,5.3,Cocks n Daks,Starter,Robbie Chosen,SF,WR|W/R/T
8,7.45,Cocks n Daks,Starter,Allen Robinson,Det,WR|W/R/T
8,4.25,Cocks n Daks,Starter,Le'Veon Bell,TB,RB|W/R/T
8,15.25,Cocks n Daks,Starter,Marlon Mack,Ari,RB|W/R/T
8,3.35,Cocks n Daks,Starter,Eric Ebron,Pit,TE|W/R/T
8,5.35,Cocks n Daks,Starter,Tarik Cohen,Car,RB|W/R/T
8,0.0,Cocks n Daks,Non-Starter,Vernon Davis,Was,TE|W/R/T
8,0.0,Cocks n Daks,Non-Starter,Marquise Goodwin,Cle,WR|W/R/T
8,0.0,Cocks n Daks,Non-Starter,Antonio Brown,TB,WR|W/R/T
8,6.5,Cocks n Daks,Starter,Chicago Bears,Chi,DEF
9,12.94,Cocks n Daks,Starter,Aaron Rodgers,Pit,QB
9,3.8,Cocks n Daks,Starter,Robbie Chosen,SF,WR|W/R/T
9,0.85,Cocks n Daks,Starter,Allen Robinson,Det,WR|W/R/T
9,14.1,Cocks n Daks,Starter,Le'Veon Bell,TB,RB|W/R/T
9,8.9,Cocks n Daks,Starter,Marlon Mack,Ari,RB|W/R/T
9,2.1,Cocks n Daks,Starter,Eric Ebron,Pit,TE|W/R/T
9,3.65,Cocks n Daks,Starter,Danny Amendola,Hou,WR|W/R/T
9,2.1,Cocks n Daks,Non-Starter,Tarik Cohen,Car,RB|W/R/T
9,0.0,Cocks n Daks,Non-Starter,Vernon Davis,Was,TE|W/R/T
9,0.0,Cocks n Daks,Non-Starter,Marquise Goodwin,Cle,WR|W/R/T
9,9.0,Cocks n Daks,Starter,Chicago Bears,Chi,DEF
10,10.02,Cocks n Daks,Starter,Aaron Rodgers,Pit,QB
10,1.35,Cocks n Daks,Starter,Robbie Chosen,SF,WR|W/R/T
10,10.1,Cocks n Daks,Starter,Allen Robinson,Det,WR|W/R/T
10,13.8,Cocks n Daks,Starter,Le'Veon Bell,TB,RB|W/R/T
10,8.45,Cocks n Daks,Starter,Marlon Mack,Ari,RB|W/R/T
10,6.85,Cocks n Daks,Starter,Eric Ebron,Pit,TE|W/R/T
10,3.9,Cocks n Daks,Starter,Danny Amendola,Hou,WR|W/R/T
10,10.7,Cocks n Daks,Non-Starter,Tarik Cohen,Car,RB|W/R/T
10,0.0,Cocks n Daks,Non-Starter,Vernon Davis,Was,TE|W/R/T
10,0.0,Cocks n Daks,Non-Starter,Marquise Goodwin,Cle,WR|W/R/T
10,10.5,Cocks n Daks,Starter,Chicago Bears,Chi,DEF
11,10.0,Cocks n Daks,Starter,Mitchell Trubisky,Buf,QB
11,6.85,Cocks n Daks,Starter,Robbie Chosen,SF,WR|W/R/T
11,2.5,Cocks n Daks,Starter,Allen Robinson,Det,WR|W/R/T
11,15.7,Cocks n Daks,Starter,Le'Veon Bell,TB,RB|W/R/T
11,16.9,Cocks n Daks,Starter,Marlon Mack,Ari,RB|W/R/T
11,3.7,Cocks n Daks,Starter,Eric Ebron,Pit,TE|W/R/T
11,5.7,Cocks n Daks,Starter,Danny Amendola,Hou,WR|W/R/T
11,0.0,Cocks n Daks,Non-Starter,Aaron Rodgers,Pit,QB
11,14.65,Cocks n Daks,Non-Starter,Tarik Cohen,Car,RB|W/R/T
11,0.75,Cocks n Daks,Non-Starter,Marquise Goodwin,Cle,WR|W/R/T
11,9.0,Cocks n Daks,Starter,Chicago Bears,Chi,DEF
12,9.46,Cocks n Daks,Starter,Aaron Rodgers,Pit,QB
12,15.6,Cocks n Daks,Starter,Robbie Chosen,SF,WR|W/R/T
12,20.6,Cocks n Daks,Starter,Allen Robinson,Det,WR|W/R/T
12,12.05,Cocks n Daks,Starter,Le'Veon Bell,TB,RB|W/R/T
12,7.15,Cocks n Daks,Starter,Tarik Cohen,Car,RB|W/R/T
12,5.4,Cocks n Daks,Starter,Eric Ebron,Pit,TE|W/R/T
12,2.85,Cocks n Daks,Starter,Danny Amendola,Hou,WR|W/R/T
12,18.92,Cocks n Daks,Non-Starter,Mitchell Trubisky,Buf,QB
12,0.0,Cocks n Daks,Non-Starter,Marlon Mack,Ari,RB|W/R/T
12,0.0,Cocks n Daks,Non-Starter,Marquise Goodwin,Cle,WR|W/R/T
12,7.0,Cocks n Daks,Starter,Chicago Bears,Chi,DEF
13,28.12,Cocks n Daks,Starter,Aaron Rodgers,Pit,QB
13,11.85,Cocks n Daks,Starter,Robbie Chosen,SF,WR|W/R/T
13,16.6,Cocks n Daks,Starter,Allen Robinson,Det,WR|W/R/T
13,4.5,Cocks n Daks,Starter,Tarik Cohen,Car,RB|W/R/T
13,7.7,Cocks n Daks,Starter,Le'Veon Bell,TB,RB|W/R/T
13,0.5,Cocks n Daks,Starter,Jonnu Smith,Pit,TE|W/R/T
13,3.95,Cocks n Daks,Starter,Danny Amendola,Hou,WR|W/R/T
13,0.0,Cocks n Daks,Non-Starter,Marlon Mack,Ari,RB|W/R/T
13,23.92,Cocks n Daks,Non-Starter,Mitchell Trubisky,Buf,QB
13,0.0,Cocks n Daks,Non-Starter,Marquise Goodwin,Cle,WR|W/R/T
13,9.0,Cocks n Daks,Starter,Chicago Bears,Chi,DEF
1,20.8,Where Da Gold At?,Starter,Drew Brees,NO,QB
1,14.8,Where Da Gold At?,Starter,Michael Thomas,NO,WR|W/R/T
1,22.7,Where Da Gold At?,Starter,T.Y. Hilton,Dal,WR|W/R/T
1,14.0,Where Da Gold At?,Starter,Damien Williams,Ari,RB|W/R/T
1,3.5,Where Da Gold At?,Starter,C.J. Anderson,Det,RB|W/R/T
1,9.55,Where Da Gold At?,Starter,Travis Kelce,KC,TE|W/R/T
1,3.95,Where Da Gold At?,Starter,Curtis Samuel,Buf,WR|W/R/T
1,0.0,Where Da Gold At?,Non-Starter,Geronimo Allison,Atl,WR|W/R/T
1,0.55,Where Da Gold At?,Non-Starter,Darwin Thompson,Sea,RB|W/R/T
1,21.62,Where Da Gold At?,Non-Starter,Kyler Murray,Ari,QB
1,-2.5,Where Da Gold At?,Starter,Jacksonville Jaguars,Jax,DEF
2,-0.48,Where Da Gold At?,Starter,Drew Brees,NO,QB
2,11.4,Where Da Gold At?,Starter,Michael Thomas,NO,WR|W/R/T
2,11.3,Where Da Gold At?,Starter,T.Y. Hilton,Dal,WR|W/R/T
2,6.35,Where Da Gold At?,Starter,Damien Williams,Ari,RB|W/R/T
2,0.8,Where Da Gold At?,Starter,C.J. Anderson,Det,RB|W/R/T
2,18.45,Where Da Gold At?,Starter,Travis Kelce,KC,TE|W/R/T
2,10.55,Where Da Gold At?,Starter,Curtis Samuel,Buf,WR|W/R/T
2,7.5,Where Da Gold At?,Non-Starter,Geronimo Allison,Atl,WR|W/R/T
2,0.1,Where Da Gold At?,Non-Starter,Darwin Thompson,Sea,RB|W/R/T
2,16.36,Where Da Gold At?,Non-Starter,Kyler Murray,Ari,QB
2,11.0,Where Da Gold At?,Starter,Jacksonville Jaguars,Jax,DEF
3,17.82,Where Da Gold At?,Starter,Kyler Murray,Ari,QB
3,12.65,Where Da Gold At?,Starter,Michael Thomas,NO,WR|W/R/T
3,14.5,Where Da Gold At?,Starter,T.Y. Hilton,Dal,WR|W/R/T
3,0.8,Where Da Gold At?,Starter,Darwin Thompson,Sea,RB|W/R/T
3,0.2,Where Da Gold At?,Starter,Mike Davis,Bal,RB|W/R/T
3,10.65,Where Da Gold At?,Starter,Travis Kelce,KC,TE|W/R/T
3,12.55,Where Da Gold At?,Starter,Curtis Samuel,Buf,WR|W/R/T
3,0.15,Where Da Gold At?,Non-Starter,Geronimo Allison,Atl,WR|W/R/T
3,0.0,Where Da Gold At?,Non-Starter,C.J. Anderson,Det,RB|W/R/T
3,0.0,Where Da Gold At?,Non-Starter,Drew Brees,NO,QB
3,21.0,Where Da Gold At?,Starter,Jacksonville Jaguars,Jax,DEF
4,14.34,Where Da Gold At?,Starter,Kyler Murray,Ari,QB
4,11.75,Where Da Gold At?,Starter,Michael Thomas,NO,WR|W/R/T
4,0.0,Where Da Gold At?,Starter,T.Y. Hilton,Dal,WR|W/R/T
4,0.0,Where Da Gold At?,Starter,Darwin Thompson,Sea,RB|W/R/T
4,0.0,Where Da Gold At?,Starter,Mike Davis,Bal,RB|W/R/T
4,10.25,Where Da Gold At?,Starter,Travis Kelce,KC,TE|W/R/T
4,4.05,Where Da Gold At?,Starter,Curtis Samuel,Buf,WR|W/R/T
4,12.65,Where Da Gold At?,Non-Starter,Geronimo Allison,Atl,WR|W/R/T
4,0.0,Where Da Gold At?,Non-Starter,C.J. Anderson,Det,RB|W/R/T
4,0.0,Where Da Gold At?,Non-Starter,Drew Brees,NO,QB
4,3.5,Where Da Gold At?,Starter,Jacksonville Jaguars,Jax,DEF
5,25.42,Where Da Gold At?,Starter,Kyler Murray,Ari,QB
5,32.95,Where Da Gold At?,Starter,Michael Thomas,NO,WR|W/R/T
5,4.7,Where Da Gold At?,Starter,T.Y. Hilton,Dal,WR|W/R/T
5,0.0,Where Da Gold At?,Starter,Darwin Thompson,Sea,RB|W/R/T
5,0.0,Where Da Gold At?,Starter,Mike Davis,Bal,RB|W/R/T
5,8.0,Where Da Gold At?,Starter,Travis Kelce,KC,TE|W/R/T
5,5.15,Where Da Gold At?,Starter,Curtis Samuel,Buf,WR|W/R/T
5,3.3,Where Da Gold At?,Non-Starter,Geronimo Allison,Atl,WR|W/R/T
5,0.0,Where Da Gold At?,Non-Starter,C.J. Anderson,Det,RB|W/R/T
5,0.0,Where Da Gold At?,Non-Starter,Drew Brees,NO,QB
5,8.0,Where Da Gold At?,Starter,Jacksonville Jaguars,Jax,DEF
6,28.8,Where Da Gold At?,Starter,Kyler Murray,Ari,QB
6,10.9,Where Da Gold At?,Starter,Michael Thomas,NO,WR|W/R/T
6,4.75,Where Da Gold At?,Starter,Geronimo Allison,Atl,WR|W/R/T
6,0.0,Where Da Gold At?,Starter,Darwin Thompson,Sea,RB|W/R/T
6,0.0,Where Da Gold At?,Starter,Mike Davis,Bal,RB|W/R/T
6,6.8,Where Da Gold At?,Starter,Travis Kelce,KC,TE|W/R/T
6,20.8,Where Da Gold At?,Starter,Curtis Samuel,Buf,WR|W/R/T
6,0.0,Where Da Gold At?,Non-Starter,T.Y. Hilton,Dal,WR|W/R/T
6,0.0,Where Da Gold At?,Non-Starter,C.J. Anderson,Det,RB|W/R/T
6,0.0,Where Da Gold At?,Non-Starter,Drew Brees,NO,QB
6,11.5,Where Da Gold At?,Starter,Jacksonville Jaguars,Jax,DEF
7,6.96,Where Da Gold At?,Starter,Kyler Murray,Ari,QB
7,15.35,Where Da Gold At?,Starter,Michael Thomas,NO,WR|W/R/T
7,4.3,Where Da Gold At?,Starter,Geronimo Allison,Atl,WR|W/R/T
7,0.0,Where Da Gold At?,Starter,Darwin Thompson,Sea,RB|W/R/T
7,0.0,Where Da Gold At?,Starter,Mike Davis,Bal,RB|W/R/T
7,5.9,Where Da Gold At?,Starter,Travis Kelce,KC,TE|W/R/T
7,14.9,Where Da Gold At?,Starter,T.Y. Hilton,Dal,WR|W/R/T
7,0.0,Where Da Gold At?,Non-Starter,Curtis Samuel,Buf,WR|W/R/T
7,0.0,Where Da Gold At?,Non-Starter,C.J. Anderson,Det,RB|W/R/T
7,0.0,Where Da Gold At?,Non-Starter,Drew Brees,NO,QB
7,22.0,Where Da Gold At?,Starter,Jacksonville Jaguars,Jax,DEF
8,10.1,Where Da Gold At?,Starter,Kyler Murray,Ari,QB
8,5.6,Where Da Gold At?,Starter,Curtis Samuel,Buf,WR|W/R/T
8,5.9,Where Da Gold At?,Starter,T.Y. Hilton,Dal,WR|W/R/T
8,0.85,Where Da Gold At?,Starter,J.D. McKissic,Was,RB|W/R/T
8,1.05,Where Da Gold At?,Starter,Mike Davis,Bal,RB|W/R/T
8,13.3,Where Da Gold At?,Starter,Travis Kelce,KC,TE|W/R/T
8,19.05,Where Da Gold At?,Starter,Michael Thomas,NO,WR|W/R/T
8,0.95,Where Da Gold At?,Non-Starter,Geronimo Allison,Atl,WR|W/R/T
8,0.15,Where Da Gold At?,Non-Starter,Darwin Thompson,Sea,RB|W/R/T
8,24.92,Where Da Gold At?,Non-Starter,Drew Brees,NO,QB
8,20.5,Where Da Gold At?,Starter,Jacksonville Jaguars,Jax,DEF
9,23.04,Where Da Gold At?,Starter,Kyler Murray,Ari,QB
9,14.15,Where Da Gold At?,Starter,Curtis Samuel,Buf,WR|W/R/T
9,0.0,Where Da Gold At?,Starter,T.Y. Hilton,Dal,WR|W/R/T
9,13.95,Where Da Gold At?,Starter,J.D. McKissic,Was,RB|W/R/T
9,1.9,Where Da Gold At?,Starter,Kalen Ballage,Pit,RB|W/R/T
9,7.95,Where Da Gold At?,Starter,Travis Kelce,KC,TE|W/R/T
9,2.6,Where Da Gold At?,Starter,Geronimo Allison,Atl,WR|W/R/T
9,0.0,Where Da Gold At?,Non-Starter,Michael Thomas,NO,WR|W/R/T
9,0.0,Where Da Gold At?,Non-Starter,Darwin Thompson,Sea,RB|W/R/T
9,0.0,Where Da Gold At?,Non-Starter,Drew Brees,NO,QB
9,7.0,Where Da Gold At?,Starter,Jacksonville Jaguars,Jax,DEF
10,11.48,Where Da Gold At?,Starter,Drew Brees,NO,QB
10,10.5,Where Da Gold At?,Starter,Curtis Samuel,Buf,WR|W/R/T
10,18.45,Where Da Gold At?,Starter,Michael Thomas,NO,WR|W/R/T
10,7.0,Where Da Gold At?,Starter,J.D. McKissic,Was,RB|W/R/T
10,5.5,Where Da Gold At?,Starter,Kalen Ballage,Pit,RB|W/R/T
10,15.25,Where Da Gold At?,Starter,Travis Kelce,KC,TE|W/R/T
10,1.35,Where Da Gold At?,Starter,Geronimo Allison,Atl,WR|W/R/T
10,26.76,Where Da Gold At?,Non-Starter,Kyler Murray,Ari,QB
10,0.0,Where Da Gold At?,Non-Starter,T.Y. Hilton,Dal,WR|W/R/T
10,0.95,Where Da Gold At?,Non-Starter,Darwin Thompson,Sea,RB|W/R/T
10,5.0,Where Da Gold At?,Starter,New York Giants,NYG,DEF
11,21.12,Where Da Gold At?,Starter,Drew Brees,NO,QB
11,3.5,Where Da Gold At?,Starter,Curtis Samuel,Buf,WR|W/R/T
11,19.4,Where Da Gold At?,Starter,Michael Thomas,NO,WR|W/R/T
11,6.05,Where Da Gold At?,Starter,J.D. McKissic,Was,RB|W/R/T
11,8.95,Where Da Gold At?,Starter,Kalen Ballage,Pit,RB|W/R/T
11,16.95,Where Da Gold At?,Starter,Travis Kelce,KC,TE|W/R/T
11,0.0,Where Da Gold At?,Starter,Darwin Thompson,Sea,RB|W/R/T
11,0.0,Where Da Gold At?,Non-Starter,Geronimo Allison,Atl,WR|W/R/T
11,26.7,Where Da Gold At?,Non-Starter,Kyler Murray,Ari,QB
11,0.0,Where Da Gold At?,Non-Starter,T.Y. Hilton,Dal,WR|W/R/T
11,15.0,Where Da Gold At?,Starter,Buffalo Bills,Buf,DEF
12,22.44,Where Da Gold At?,Starter,Drew Brees,NO,QB
12,5.15,Where Da Gold At?,Starter,Curtis Samuel,Buf,WR|W/R/T
12,18.6,Where Da Gold At?,Starter,Michael Thomas,NO,WR|W/R/T
12,2.5,Where Da Gold At?,Starter,J.D. McKissic,Was,RB|W/R/T
12,2.85,Where Da Gold At?,Starter,Kalen Ballage,Pit,RB|W/R/T
12,0.0,Where Da Gold At?,Starter,Cameron Brate,TB,TE|W/R/T
12,2.55,Where Da Gold At?,Starter,T.Y. Hilton,Dal,WR|W/R/T
12,0.0,Where Da Gold At?,Non-Starter,Travis Kelce,KC,TE|W/R/T
12,1.65,Where Da Gold At?,Non-Starter,Geronimo Allison,Atl,WR|W/R/T
12,0.0,Where Da Gold At?,Non-Starter,Kyler Murray,Ari,QB
12,18.5,Where Da Gold At?,Starter,Buffalo Bills,Buf,DEF
13,11.26,Where Da Gold At?,Starter,Drew Brees,NO,QB
13,13.5,Where Da Gold At?,Starter,Curtis Samuel,Buf,WR|W/R/T
13,6.3,Where Da Gold At?,Starter,Michael Thomas,NO,WR|W/R/T
13,3.15,Where Da Gold At?,Starter,J.D. McKissic,Was,RB|W/R/T
13,0.0,Where Da Gold At?,Starter,Kalen Ballage,Pit,RB|W/R/T
13,0.75,Where Da Gold At?,Starter,Cameron Brate,TB,TE|W/R/T
13,10.25,Where Da Gold At?,Starter,Travis Kelce,KC,TE|W/R/T
13,0.0,Where Da Gold At?,Non-Starter,T.Y. Hilton,Dal,WR|W/R/T
13,2.5,Where Da Gold At?,Non-Starter,Geronimo Allison,Atl,WR|W/R/T
13,11.32,Where Da Gold At?,Non-Starter,Kyler Murray,Ari,QB
13,13.5,Where Da Gold At?,Starter,Buffalo Bills,Buf,DEF
1,9.44,Wild Wild Wentz,Starter,Jared Goff,Det,QB
1,4.6,Wild Wild Wentz,Starter,Davante Adams,LAR,WR|W/R/T
1,9.3,Wild Wild Wentz,Starter,JuJu Smith-Schuster,KC,WR|W/R/T
1,4.75,Wild Wild Wentz,Starter,David Montgomery,Det,RB|W/R/T
1,4.55,Wild Wild Wentz,Starter,Derrius Guice,Was,RB|W/R/T
1,2.2,Wild Wild Wentz,Starter,O.J. Howard,Hou,TE|W/R/T
1,11.05,Wild Wild Wentz,Starter,Devin Singletary,NYG,RB|W/R/T
1,8.75,Wild Wild Wentz,Non-Starter,Carlos Hyde,Jax,RB|W/R/T
1,2.1,Wild Wild Wentz,Non-Starter,Dallas Goedert,Phi,TE|W/R/T
1,0.0,Wild Wild Wentz,Non-Starter,J.J. Arcega-Whiteside,Sea,WR|W/R/T
1,4.5,Wild Wild Wentz,Starter,Philadelphia Eagles,Phi,DEF
2,19.12,Wild Wild Wentz,Starter,Jared Goff,Det,QB
2,12.35,Wild Wild Wentz,Starter,Davante Adams,LAR,WR|W/R/T
2,9.65,Wild Wild Wentz,Starter,JuJu Smith-Schuster,KC,WR|W/R/T
2,13.05,Wild Wild Wentz,Starter,David Montgomery,Det,RB|W/R/T
2,11.7,Wild Wild Wentz,Starter,Devin Singletary,NYG,RB|W/R/T
2,0.0,Wild Wild Wentz,Starter,O.J. Howard,Hou,TE|W/R/T
2,13.1,Wild Wild Wentz,Starter,Mecole Hardman,GB,WR|W/R/T
2,4.75,Wild Wild Wentz,Non-Starter,Randall Cobb,NYJ,WR|W/R/T
2,9.0,Wild Wild Wentz,Non-Starter,Carlos Hyde,Jax,RB|W/R/T
2,13.25,Wild Wild Wentz,Non-Starter,DJ Chark,Atl,WR|W/R/T
2,10.0,Wild Wild Wentz,Starter,Philadelphia Eagles,Phi,DEF
3,14.12,Wild Wild Wentz,Starter,Jared Goff,Det,QB
3,6.6,Wild Wild Wentz,Starter,Davante Adams,LAR,WR|W/R/T
3,14.85,Wild Wild Wentz,Starter,JuJu Smith-Schuster,KC,WR|W/R/T
3,8.85,Wild Wild Wentz,Starter,David Montgomery,Det,RB|W/R/T
3,7.9,Wild Wild Wentz,Starter,Carlos Hyde,Jax,RB|W/R/T
3,7.35,Wild Wild Wentz,Starter,O.J. Howard,Hou,TE|W/R/T
3,16.9,Wild Wild Wentz,Starter,Mecole Hardman,GB,WR|W/R/T
3,0.0,Wild Wild Wentz,Non-Starter,Devin Singletary,NYG,RB|W/R/T
3,2.8,Wild Wild Wentz,Non-Starter,Randall Cobb,NYJ,WR|W/R/T
3,14.6,Wild Wild Wentz,Non-Starter,DJ Chark,Atl,WR|W/R/T
3,4.5,Wild Wild Wentz,Starter,Philadelphia Eagles,Phi,DEF
4,20.68,Wild Wild Wentz,Starter,Jared Goff,Det,QB
4,20.5,Wild Wild Wentz,Starter,Davante Adams,LAR,WR|W/R/T
4,2.25,Wild Wild Wentz,Starter,JuJu Smith-Schuster,KC,WR|W/R/T
4,7.45,Wild Wild Wentz,Starter,David Montgomery,Det,RB|W/R/T
4,7.4,Wild Wild Wentz,Starter,Carlos Hyde,Jax,RB|W/R/T
4,4.05,Wild Wild Wentz,Starter,O.J. Howard,Hou,TE|W/R/T
4,5.4,Wild Wild Wentz,Starter,DJ Chark,Atl,WR|W/R/T
4,-0.6,Wild Wild Wentz,Non-Starter,Mecole Hardman,GB,WR|W/R/T
4,0.0,Wild Wild Wentz,Non-Starter,Devin Singletary,NYG,RB|W/R/T
4,4.85,Wild Wild Wentz,Non-Starter,Randall Cobb,NYJ,WR|W/R/T
4,7.0,Wild Wild Wentz,Starter,Philadelphia Eagles,Phi,DEF
5,17.9,Wild Wild Wentz,Starter,Jared Goff,Det,QB
5,13.25,Wild Wild Wentz,Starter,JuJu Smith-Schuster,KC,WR|W/R/T
5,30.4,Wild Wild Wentz,Starter,DJ Chark,Atl,WR|W/R/T
5,9.85,Wild Wild Wentz,Starter,David Montgomery,Det,RB|W/R/T
5,12.0,Wild Wild Wentz,Starter,Carlos Hyde,Jax,RB|W/R/T
5,1.25,Wild Wild Wentz,Starter,O.J. Howard,Hou,TE|W/R/T
5,3.2,Wild Wild Wentz,Starter,A.J. Brown,Phi,WR|W/R/T
5,0.0,Wild Wild Wentz,Non-Starter,Davante Adams,LAR,WR|W/R/T
5,8.3,Wild Wild Wentz,Non-Starter,Mecole Hardman,GB,WR|W/R/T
5,0.0,Wild Wild Wentz,Non-Starter,Devin Singletary,NYG,RB|W/R/T
5,43.5,Wild Wild Wentz,Starter,Philadelphia Eagles,Phi,DEF
6,1.12,Wild Wild Wentz,Starter,Jared Goff,Det,QB
6,0.95,Wild Wild Wentz,Starter,JuJu Smith-Schuster,KC,WR|W/R/T
6,5.05,Wild Wild Wentz,Starter,DJ Chark,Atl,WR|W/R/T
6,17.25,Wild Wild Wentz,Starter,Carlos Hyde,Jax,RB|W/R/T
6,14.1,Wild Wild Wentz,Starter,Adrian Peterson,Sea,RB|W/R/T
6,4.0,Wild Wild Wentz,Starter,O.J. Howard,Hou,TE|W/R/T
6,2.8,Wild Wild Wentz,Starter,A.J. Brown,Phi,WR|W/R/T
6,0.0,Wild Wild Wentz,Non-Starter,David Montgomery,Det,RB|W/R/T
6,0.0,Wild Wild Wentz,Non-Starter,Davante Adams,LAR,WR|W/R/T
6,0.0,Wild Wild Wentz,Non-Starter,Devin Singletary,NYG,RB|W/R/T
6,6.0,Wild Wild Wentz,Starter,Philadelphia Eagles,Phi,DEF
7,25.02,Wild Wild Wentz,Starter,Jared Goff,Det,QB
7,8.05,Wild Wild Wentz,Starter,DJ Chark,Atl,WR|W/R/T
7,7.7,Wild Wild Wentz,Starter,A.J. Brown,Phi,WR|W/R/T
7,3.5,Wild Wild Wentz,Starter,Carlos Hyde,Jax,RB|W/R/T
7,2.6,Wild Wild Wentz,Starter,Devin Singletary,NYG,RB|W/R/T
7,2.7,Wild Wild Wentz,Starter,Dawson Knox,Buf,TE|W/R/T
7,0.4,Wild Wild Wentz,Starter,David Montgomery,Det,RB|W/R/T
7,6.1,Wild Wild Wentz,Non-Starter,Adrian Peterson,Sea,RB|W/R/T
7,0.0,Wild Wild Wentz,Non-Starter,JuJu Smith-Schuster,KC,WR|W/R/T
7,0.0,Wild Wild Wentz,Non-Starter,Davante Adams,LAR,WR|W/R/T
7,2.0,Wild Wild Wentz,Starter,Philadelphia Eagles,Phi,DEF
8,22.88,Wild Wild Wentz,Starter,Jared Goff,Det,QB
8,15.4,Wild Wild Wentz,Starter,DJ Chark,Atl,WR|W/R/T
8,17.55,Wild Wild Wentz,Starter,JuJu Smith-Schuster,KC,WR|W/R/T
8,8.3,Wild Wild Wentz,Starter,Carlos Hyde,Jax,RB|W/R/T
8,21.7,Wild Wild Wentz,Starter,David Montgomery,Det,RB|W/R/T
8,0.0,Wild Wild Wentz,Starter,Dawson Knox,Buf,TE|W/R/T
8,7.6,Wild Wild Wentz,Starter,A.J. Brown,Phi,WR|W/R/T
8,11.9,Wild Wild Wentz,Non-Starter,Devin Singletary,NYG,RB|W/R/T
8,0.0,Wild Wild Wentz,Non-Starter,Davante Adams,LAR,WR|W/R/T
8,10.8,Wild Wild Wentz,Non-Starter,Adrian Peterson,Sea,RB|W/R/T
8,16.5,Wild Wild Wentz,Starter,Philadelphia Eagles,Phi,DEF
9,14.88,Wild Wild Wentz,Starter,Kyle Allen,Det,QB
9,4.2,Wild Wild Wentz,Starter,DJ Chark,Atl,WR|W/R/T
9,2.35,Wild Wild Wentz,Starter,JuJu Smith-Schuster,KC,WR|W/R/T
9,14.0,Wild Wild Wentz,Starter,Carlos Hyde,Jax,RB|W/R/T
9,20.35,Wild Wild Wentz,Starter,David Montgomery,Det,RB|W/R/T
9,1.9,Wild Wild Wentz,Starter,Dawson Knox,Buf,TE|W/R/T
9,13.25,Wild Wild Wentz,Starter,Adrian Peterson,Sea,RB|W/R/T
9,20.75,Wild Wild Wentz,Non-Starter,Devin Singletary,NYG,RB|W/R/T
9,0.0,Wild Wild Wentz,Non-Starter,Jared Goff,Det,QB
9,5.85,Wild Wild Wentz,Non-Starter,Davante Adams,LAR,WR|W/R/T
9,10.0,Wild Wild Wentz,Starter,Philadelphia Eagles,Phi,DEF
10,3.72,Wild Wild Wentz,Starter,Jared Goff,Det,QB
10,5.15,Wild Wild Wentz,Starter,JuJu Smith-Schuster,KC,WR|W/R/T
10,13.55,Wild Wild Wentz,Starter,Davante Adams,LAR,WR|W/R/T
10,6.0,Wild Wild Wentz,Starter,David Montgomery,Det,RB|W/R/T
10,5.75,Wild Wild Wentz,Starter,Devin Singletary,NYG,RB|W/R/T
10,6.5,Wild Wild Wentz,Starter,Dawson Knox,Buf,TE|W/R/T
10,0.5,Wild Wild Wentz,Starter,Ted Ginn,Chi,WR|W/R/T
10,0.0,Wild Wild Wentz,Non-Starter,Carlos Hyde,Jax,RB|W/R/T
10,0.0,Wild Wild Wentz,Non-Starter,Adrian Peterson,Sea,RB|W/R/T
10,0.0,Wild Wild Wentz,Non-Starter,DJ Chark,Atl,WR|W/R/T
10,12.5,Wild Wild Wentz,Starter,Indianapolis Colts,Ind,DEF
11,5.22,Wild Wild Wentz,Starter,Jared Goff,Det,QB
11,2.6,Wild Wild Wentz,Starter,JuJu Smith-Schuster,KC,WR|W/R/T
11,24.4,Wild Wild Wentz,Starter,DJ Chark,Atl,WR|W/R/T
11,8.15,Wild Wild Wentz,Starter,Devin Singletary,NYG,RB|W/R/T
11,3.5,Wild Wild Wentz,Starter,Adrian Peterson,Sea,RB|W/R/T
11,9.7,Wild Wild Wentz,Starter,Dawson Knox,Buf,TE|W/R/T
11,12.5,Wild Wild Wentz,Starter,Carlos Hyde,Jax,RB|W/R/T
11,5.25,Wild Wild Wentz,Non-Starter,David Montgomery,Det,RB|W/R/T
11,0.0,Wild Wild Wentz,Non-Starter,Davante Adams,LAR,WR|W/R/T
11,0.0,Wild Wild Wentz,Non-Starter,Jacob Hollister,Car,TE|W/R/T
11,13.0,Wild Wild Wentz,Starter,Indianapolis Colts,Ind,DEF
12,4.38,Wild Wild Wentz,Starter,Jared Goff,Det,QB
12,7.05,Wild Wild Wentz,Starter,DJ Chark,Atl,WR|W/R/T
12,14.05,Wild Wild Wentz,Starter,Davante Adams,LAR,WR|W/R/T
12,11.65,Wild Wild Wentz,Starter,Devin Singletary,NYG,RB|W/R/T
12,3.6,Wild Wild Wentz,Starter,David Montgomery,Det,RB|W/R/T
12,2.7,Wild Wild Wentz,Starter,Jacob Hollister,Car,TE|W/R/T
12,6.7,Wild Wild Wentz,Starter,Carlos Hyde,Jax,RB|W/R/T
12,1.6,Wild Wild Wentz,Non-Starter,Dawson Knox,Buf,TE|W/R/T
12,5.15,Wild Wild Wentz,Non-Starter,Adrian Peterson,Sea,RB|W/R/T
12,0.0,Wild Wild Wentz,Non-Starter,JuJu Smith-Schuster,KC,WR|W/R/T
12,6.0,Wild Wild Wentz,Starter,Indianapolis Colts,Ind,DEF
13,24.96,Wild Wild Wentz,Starter,Jared Goff,Det,QB
13,5.2,Wild Wild Wentz,Starter,DJ Chark,Atl,WR|W/R/T
13,19.9,Wild Wild Wentz,Starter,Davante Adams,LAR,WR|W/R/T
13,16.85,Wild Wild Wentz,Starter,Devin Singletary,NYG,RB|W/R/T
13,15.2,Wild Wild Wentz,Starter,David Montgomery,Det,RB|W/R/T
13,5.9,Wild Wild Wentz,Starter,Jacob Hollister,Car,TE|W/R/T
13,2.45,Wild Wild Wentz,Starter,Carlos Hyde,Jax,RB|W/R/T
13,2.45,Wild Wild Wentz,Non-Starter,Dawson Knox,Buf,TE|W/R/T
13,15.9,Wild Wild Wentz,Non-Starter,Adrian Peterson,Sea,RB|W/R/T
13,0.0,Wild Wild Wentz,Non-Starter,JuJu Smith-Schuster,KC,WR|W/R/T
13,13.0,Wild Wild Wentz,Starter,Indianapolis Colts,Ind,DEF
14,14.12,Wild Wild Wentz,Starter,Jared Goff,Det,QB
14,9.75,Wild Wild Wentz,Starter,DJ Chark,Atl,WR|W/R/T
14,5.1,Wild Wild Wentz,Starter,Davante Adams,LAR,WR|W/R/T
14,13.3,Wild Wild Wentz,Starter,Devin Singletary,NYG,RB|W/R/T
14,6.6,Wild Wild Wentz,Starter,David Montgomery,Det,RB|W/R/T
14,4.4,Wild Wild Wentz,Starter,Jacob Hollister,Car,TE|W/R/T
14,8.3,Wild Wild Wentz,Starter,Carlos Hyde,Jax,RB|W/R/T
14,13.6,Wild Wild Wentz,Non-Starter,Adrian Peterson,Sea,RB|W/R/T
14,0.0,Wild Wild Wentz,Non-Starter,JuJu Smith-Schuster,KC,WR|W/R/T
14,23.4,Wild Wild Wentz,Non-Starter,Raheem Mostert,LV,RB|W/R/T
14,12.0,Wild Wild Wentz,Starter,Indianapolis Colts,Ind,DEF
15,17.56,Wild Wild Wentz,Starter,Jared Goff,Det,QB
15,0.0,Wild Wild Wentz,Starter,DJ Chark,Atl,WR|W/R/T
15,18.05,Wild Wild Wentz,Starter,Davante Adams,LAR,WR|W/R/T
15,7.4,Wild Wild Wentz,Starter,Devin Singletary,NYG,RB|W/R/T
15,5.15,Wild Wild Wentz,Starter,David Montgomery,Det,RB|W/R/T
15,3.05,Wild Wild Wentz,Starter,Jacob Hollister,Car,TE|W/R/T
15,10.15,Wild Wild Wentz,Starter,Raheem Mostert,LV,RB|W/R/T
15,16.4,Wild Wild Wentz,Non-Starter,Carlos Hyde,Jax,RB|W/R/T
15,15.85,Wild Wild Wentz,Non-Starter,Adrian Peterson,Sea,RB|W/R/T
15,0.0,Wild Wild Wentz,Non-Starter,JuJu Smith-Schuster,KC,WR|W/R/T
15,1.5,Wild Wild Wentz,Starter,Indianapolis Colts,Ind,DEF
1,9.74,MixonUpMyDottedEyes,Starter,Ben Roethlisberger,Pit,QB
1,11.05,MixonUpMyDottedEyes,Starter,Adam Thielen,Car,WR|W/R/T
1,13.4,MixonUpMyDottedEyes,Starter,Calvin Ridley,Ten,WR|W/R/T
1,2.2,MixonUpMyDottedEyes,Starter,Joe Mixon,Hou,RB|W/R/T
1,7.6,MixonUpMyDottedEyes,Starter,Phillip Lindsay,Ind,RB|W/R/T
1,10.7,MixonUpMyDottedEyes,Starter,David Njoku,Cle,TE|W/R/T
1,0.0,MixonUpMyDottedEyes,Starter,Corey Davis,NYJ,WR|W/R/T
1,9.55,MixonUpMyDottedEyes,Non-Starter,Ronald Jones,Dal,RB|W/R/T
1,10.45,MixonUpMyDottedEyes,Non-Starter,Kenny Stills,NO,WR|W/R/T
1,4.25,MixonUpMyDottedEyes,Non-Starter,Ito Smith,Dal,RB|W/R/T
1,5.5,MixonUpMyDottedEyes,Starter,Los Angeles Chargers,LAC,DEF
2,3.0,MixonUpMyDottedEyes,Starter,Ben Roethlisberger,Pit,QB
2,8.75,MixonUpMyDottedEyes,Starter,Adam Thielen,Car,WR|W/R/T
2,18.5,MixonUpMyDottedEyes,Starter,Calvin Ridley,Ten,WR|W/R/T
2,3.45,MixonUpMyDottedEyes,Starter,Joe Mixon,Hou,RB|W/R/T
2,7.6,MixonUpMyDottedEyes,Starter,Phillip Lindsay,Ind,RB|W/R/T
2,0.0,MixonUpMyDottedEyes,Starter,David Njoku,Cle,TE|W/R/T
2,5.0,MixonUpMyDottedEyes,Starter,Ito Smith,Dal,RB|W/R/T
2,4.55,MixonUpMyDottedEyes,Non-Starter,Corey Davis,NYJ,WR|W/R/T
2,0.9,MixonUpMyDottedEyes,Non-Starter,Ronald Jones,Dal,RB|W/R/T
2,4.3,MixonUpMyDottedEyes,Non-Starter,Kenny Stills,NO,WR|W/R/T
2,10.0,MixonUpMyDottedEyes,Starter,Los Angeles Chargers,LAC,DEF
3,18.32,MixonUpMyDottedEyes,Starter,Josh Allen,Buf,QB
3,18.35,MixonUpMyDottedEyes,Starter,Adam Thielen,Car,WR|W/R/T
3,0.85,MixonUpMyDottedEyes,Starter,Calvin Ridley,Ten,WR|W/R/T
3,15.9,MixonUpMyDottedEyes,Starter,Joe Mixon,Hou,RB|W/R/T
3,26.0,MixonUpMyDottedEyes,Starter,Phillip Lindsay,Ind,RB|W/R/T
3,6.15,MixonUpMyDottedEyes,Starter,Jason Witten,LV,TE|W/R/T
3,0.0,MixonUpMyDottedEyes,Starter,Ito Smith,Dal,RB|W/R/T
3,0.0,MixonUpMyDottedEyes,Non-Starter,David Njoku,Cle,TE|W/R/T
3,0.0,MixonUpMyDottedEyes,Non-Starter,Ben Roethlisberger,Pit,QB
3,9.9,MixonUpMyDottedEyes,Non-Starter,Kenny Stills,NO,WR|W/R/T
3,6.5,MixonUpMyDottedEyes,Starter,Los Angeles Chargers,LAC,DEF
4,8.72,MixonUpMyDottedEyes,Starter,Josh Allen,Buf,QB
4,1.1,MixonUpMyDottedEyes,Starter,Adam Thielen,Car,WR|W/R/T
4,3.95,MixonUpMyDottedEyes,Starter,Calvin Ridley,Ten,WR|W/R/T
4,7.3,MixonUpMyDottedEyes,Starter,Joe Mixon,Hou,RB|W/R/T
4,6.25,MixonUpMyDottedEyes,Starter,Phillip Lindsay,Ind,RB|W/R/T
4,4.0,MixonUpMyDottedEyes,Starter,Jason Witten,LV,TE|W/R/T
4,2.9,MixonUpMyDottedEyes,Starter,Kenny Stills,NO,WR|W/R/T
4,9.6,MixonUpMyDottedEyes,Non-Starter,Ito Smith,Dal,RB|W/R/T
4,0.0,MixonUpMyDottedEyes,Non-Starter,David Njoku,Cle,TE|W/R/T
4,0.95,MixonUpMyDottedEyes,Non-Starter,Rex Burkhead,Hou,RB|W/R/T
4,14.5,MixonUpMyDottedEyes,Starter,Los Angeles Chargers,LAC,DEF
5,10.94,MixonUpMyDottedEyes,Starter,Jacoby Brissett,Ari,QB
5,26.75,MixonUpMyDottedEyes,Starter,Adam Thielen,Car,WR|W/R/T
5,16.05,MixonUpMyDottedEyes,Starter,Calvin Ridley,Ten,WR|W/R/T
5,11.15,MixonUpMyDottedEyes,Starter,Joe Mixon,Hou,RB|W/R/T
5,21.7,MixonUpMyDottedEyes,Starter,Phillip Lindsay,Ind,RB|W/R/T
5,3.65,MixonUpMyDottedEyes,Starter,Jason Witten,LV,TE|W/R/T
5,7.95,MixonUpMyDottedEyes,Starter,Keke Coutee,Ind,WR|W/R/T
5,0.0,MixonUpMyDottedEyes,Non-Starter,Kenny Stills,NO,WR|W/R/T
5,17.46,MixonUpMyDottedEyes,Non-Starter,Josh Allen,Buf,QB
5,7.9,MixonUpMyDottedEyes,Non-Starter,Ito Smith,Dal,RB|W/R/T
5,17.5,MixonUpMyDottedEyes,Starter,Los Angeles Chargers,LAC,DEF
6,11.5,MixonUpMyDottedEyes,Starter,Matthew Stafford,LAR,QB
6,13.2,MixonUpMyDottedEyes,Starter,Adam Thielen,Car,WR|W/R/T
6,11.8,MixonUpMyDottedEyes,Starter,Calvin Ridley,Ten,WR|W/R/T
6,4.4,MixonUpMyDottedEyes,Starter,Joe Mixon,Hou,RB|W/R/T
6,14.0,MixonUpMyDottedEyes,Starter,Phillip Lindsay,Ind,RB|W/R/T
6,6.95,MixonUpMyDottedEyes,Starter,Jason Witten,LV,TE|W/R/T
6,4.9,MixonUpMyDottedEyes,Starter,Keke Coutee,Ind,WR|W/R/T
6,0.0,MixonUpMyDottedEyes,Non-Starter,Jacoby Brissett,Ari,QB
6,0.0,MixonUpMyDottedEyes,Non-Starter,Kenny Stills,NO,WR|W/R/T
6,0.6,MixonUpMyDottedEyes,Non-Starter,Ito Smith,Dal,RB|W/R/T
6,5.5,MixonUpMyDottedEyes,Starter,Los Angeles Chargers,LAC,DEF
7,27.64,MixonUpMyDottedEyes,Starter,Jacoby Brissett,Ari,QB
7,8.75,MixonUpMyDottedEyes,Starter,Adam Thielen,Car,WR|W/R/T
7,4.0,MixonUpMyDottedEyes,Starter,Calvin Ridley,Ten,WR|W/R/T
7,6.65,MixonUpMyDottedEyes,Starter,Joe Mixon,Hou,RB|W/R/T
7,3.45,MixonUpMyDottedEyes,Starter,Phillip Lindsay,Ind,RB|W/R/T
7,4.3,MixonUpMyDottedEyes,Starter,Jason Witten,LV,TE|W/R/T
7,8.35,MixonUpMyDottedEyes,Starter,Cole Beasley,NYG,WR|W/R/T
7,28.56,MixonUpMyDottedEyes,Non-Starter,Matthew Stafford,LAR,QB
7,11.5,MixonUpMyDottedEyes,Non-Starter,Kenny Stills,NO,WR|W/R/T
7,0.7,MixonUpMyDottedEyes,Non-Starter,Ito Smith,Dal,RB|W/R/T
7,7.0,MixonUpMyDottedEyes,Starter,Los Angeles Chargers,LAC,DEF
8,23.38,MixonUpMyDottedEyes,Starter,Matthew Stafford,LAR,QB
8,10.0,MixonUpMyDottedEyes,Starter,Calvin Ridley,Ten,WR|W/R/T
8,2.95,MixonUpMyDottedEyes,Starter,Kenny Stills,NO,WR|W/R/T
8,14.7,MixonUpMyDottedEyes,Starter,Joe Mixon,Hou,RB|W/R/T
8,8.85,MixonUpMyDottedEyes,Starter,Phillip Lindsay,Ind,RB|W/R/T
8,2.35,MixonUpMyDottedEyes,Starter,T.J. Hockenson,Min,TE|W/R/T
8,10.85,MixonUpMyDottedEyes,Starter,Cole Beasley,NYG,WR|W/R/T
8,0.0,MixonUpMyDottedEyes,Non-Starter,Adam Thielen,Car,WR|W/R/T
8,9.48,MixonUpMyDottedEyes,Non-Starter,Jacoby Brissett,Ari,QB
8,0.0,MixonUpMyDottedEyes,Non-Starter,Ito Smith,Dal,RB|W/R/T
8,12.0,MixonUpMyDottedEyes,Starter,Los Angeles Chargers,LAC,DEF
9,24.84,MixonUpMyDottedEyes,Starter,Matthew Stafford,LAR,QB
9,0.0,MixonUpMyDottedEyes,Starter,Adam Thielen,Car,WR|W/R/T
9,12.7,MixonUpMyDottedEyes,Starter,DeVante Parker,NE,WR|W/R/T
9,15.2,MixonUpMyDottedEyes,Starter,Phillip Lindsay,Ind,RB|W/R/T
9,3.05,MixonUpMyDottedEyes,Starter,Nyheim Miller-Hines,LAC,RB|W/R/T
9,6.35,MixonUpMyDottedEyes,Starter,T.J. Hockenson,Min,TE|W/R/T
9,12.6,MixonUpMyDottedEyes,Starter,Jarvis Landry,NO,WR|W/R/T
9,0.0,MixonUpMyDottedEyes,Non-Starter,Joe Mixon,Hou,RB|W/R/T
9,0.0,MixonUpMyDottedEyes,Non-Starter,Calvin Ridley,Ten,WR|W/R/T
9,2.76,MixonUpMyDottedEyes,Non-Starter,Jacoby Brissett,Ari,QB
9,6.5,MixonUpMyDottedEyes,Starter,Denver Broncos,Den,DEF
10,10.02,MixonUpMyDottedEyes,Starter,Jimmy Garoppolo,LAR,QB
10,5.45,MixonUpMyDottedEyes,Starter,Calvin Ridley,Ten,WR|W/R/T
10,17.95,MixonUpMyDottedEyes,Starter,Jarvis Landry,NO,WR|W/R/T
10,5.4,MixonUpMyDottedEyes,Starter,Nyheim Miller-Hines,LAC,RB|W/R/T
10,15.6,MixonUpMyDottedEyes,Starter,Joe Mixon,Hou,RB|W/R/T
10,5.45,MixonUpMyDottedEyes,Starter,T.J. Hockenson,Min,TE|W/R/T
10,8.15,MixonUpMyDottedEyes,Starter,DeVante Parker,NE,WR|W/R/T
10,0.0,MixonUpMyDottedEyes,Non-Starter,Adam Thielen,Car,WR|W/R/T
10,0.0,MixonUpMyDottedEyes,Non-Starter,Matthew Stafford,LAR,QB
10,0.0,MixonUpMyDottedEyes,Non-Starter,Phillip Lindsay,Ind,RB|W/R/T
10,7.0,MixonUpMyDottedEyes,Starter,Kansas City Chiefs,KC,DEF
11,29.66,MixonUpMyDottedEyes,Starter,Jimmy Garoppolo,LAR,QB
11,22.3,MixonUpMyDottedEyes,Starter,Calvin Ridley,Ten,WR|W/R/T
11,11.3,MixonUpMyDottedEyes,Starter,Jarvis Landry,NO,WR|W/R/T
11,16.55,MixonUpMyDottedEyes,Starter,Joe Mixon,Hou,RB|W/R/T
11,8.0,MixonUpMyDottedEyes,Starter,Phillip Lindsay,Ind,RB|W/R/T
11,0.85,MixonUpMyDottedEyes,Starter,T.J. Hockenson,Min,TE|W/R/T
11,15.25,MixonUpMyDottedEyes,Starter,DeVante Parker,NE,WR|W/R/T
11,10.25,MixonUpMyDottedEyes,Non-Starter,Nyheim Miller-Hines,LAC,RB|W/R/T
11,0.0,MixonUpMyDottedEyes,Non-Starter,Adam Thielen,Car,WR|W/R/T
11,0.0,MixonUpMyDottedEyes,Non-Starter,Matthew Stafford,LAR,QB
11,13.5,MixonUpMyDottedEyes,Starter,Kansas City Chiefs,KC,DEF
12,18.22,MixonUpMyDottedEyes,Starter,Jimmy Garoppolo,LAR,QB
12,17.5,MixonUpMyDottedEyes,Starter,Calvin Ridley,Ten,WR|W/R/T
12,29.3,MixonUpMyDottedEyes,Starter,Jarvis Landry,NO,WR|W/R/T
12,7.9,MixonUpMyDottedEyes,Starter,Joe Mixon,Hou,RB|W/R/T
12,7.05,MixonUpMyDottedEyes,Starter,Phillip Lindsay,Ind,RB|W/R/T
12,0.95,MixonUpMyDottedEyes,Starter,Jimmy Graham,NO,TE|W/R/T
12,10.6,MixonUpMyDottedEyes,Starter,DeVante Parker,NE,WR|W/R/T
12,6.6,MixonUpMyDottedEyes,Non-Starter,Nyheim Miller-Hines,LAC,RB|W/R/T
12,0.0,MixonUpMyDottedEyes,Non-Starter,Adam Thielen,Car,WR|W/R/T
12,8.5,MixonUpMyDottedEyes,Starter,Denver Broncos,Den,DEF
12,0.0,MixonUpMyDottedEyes,Non-Starter,Kansas City Chiefs,KC,DEF
13,9.1,MixonUpMyDottedEyes,Starter,Jimmy Garoppolo,LAR,QB
13,11.1,MixonUpMyDottedEyes,Starter,Calvin Ridley,Ten,WR|W/R/T
13,9.1,MixonUpMyDottedEyes,Starter,Jarvis Landry,NO,WR|W/R/T
13,14.0,MixonUpMyDottedEyes,Starter,Joe Mixon,Hou,RB|W/R/T
13,6.95,MixonUpMyDottedEyes,Starter,Phillip Lindsay,Ind,RB|W/R/T
13,14.8,MixonUpMyDottedEyes,Starter,Jack Doyle,Ind,TE|W/R/T
13,29.65,MixonUpMyDottedEyes,Starter,DeVante Parker,NE,WR|W/R/T
13,10.5,MixonUpMyDottedEyes,Non-Starter,Nyheim Miller-Hines,LAC,RB|W/R/T
13,0.0,MixonUpMyDottedEyes,Non-Starter,Adam Thielen,Car,WR|W/R/T
13,6.5,MixonUpMyDottedEyes,Starter,Los Angeles Chargers,LAC,DEF
13,23.5,MixonUpMyDottedEyes,Non-Starter,Kansas City Chiefs,KC,DEF
14,28.06,MixonUpMyDottedEyes,Starter,Jimmy Garoppolo,LAR,QB
14,14.85,MixonUpMyDottedEyes,Starter,Calvin Ridley,Ten,WR|W/R/T
14,8.6,MixonUpMyDottedEyes,Starter,Jarvis Landry,NO,WR|W/R/T
14,25.35,MixonUpMyDottedEyes,Starter,Joe Mixon,Hou,RB|W/R/T
14,12.0,MixonUpMyDottedEyes,Starter,Phillip Lindsay,Ind,RB|W/R/T
14,3.2,MixonUpMyDottedEyes,Starter,Jack Doyle,Ind,TE|W/R/T
14,3.3,MixonUpMyDottedEyes,Starter,DeVante Parker,NE,WR|W/R/T
14,1.5,MixonUpMyDottedEyes,Non-Starter,Nyheim Miller-Hines,LAC,RB|W/R/T
14,0.0,MixonUpMyDottedEyes,Non-Starter,Adam Thielen,Car,WR|W/R/T
14,10.0,MixonUpMyDottedEyes,Starter,Los Angeles Chargers,LAC,DEF
14,13.5,MixonUpMyDottedEyes,Non-Starter,Kansas City Chiefs,KC,DEF
15,12.6,MixonUpMyDottedEyes,Starter,Jimmy Garoppolo,LAR,QB
15,3.55,MixonUpMyDottedEyes,Starter,Jarvis Landry,NO,WR|W/R/T
15,11.0,MixonUpMyDottedEyes,Starter,Tyrell Williams,Det,WR|W/R/T
15,16.35,MixonUpMyDottedEyes,Starter,Joe Mixon,Hou,RB|W/R/T
15,3.2,MixonUpMyDottedEyes,Starter,Phillip Lindsay,Ind,RB|W/R/T
15,2.6,MixonUpMyDottedEyes,Starter,Jack Doyle,Ind,TE|W/R/T
15,20.2,MixonUpMyDottedEyes,Starter,DeVante Parker,NE,WR|W/R/T
15,3.75,MixonUpMyDottedEyes,Non-Starter,Adam Thielen,Car,WR|W/R/T
15,7.35,MixonUpMyDottedEyes,Non-Starter,Will Fuller V,Mia,WR|W/R/T
15,13.0,MixonUpMyDottedEyes,Starter,Kansas City Chiefs,KC,DEF
15,2.5,MixonUpMyDottedEyes,Non-Starter,Los Angeles Chargers,LAC,DEF
16,10.42,MixonUpMyDottedEyes,Starter,Jimmy Garoppolo,LAR,QB
16,9.15,MixonUpMyDottedEyes,Starter,Jarvis Landry,NO,WR|W/R/T
16,9.2,MixonUpMyDottedEyes,Starter,Tyrell Williams,Det,WR|W/R/T
16,7.8,MixonUpMyDottedEyes,Starter,Joe Mixon,Hou,RB|W/R/T
16,18.3,MixonUpMyDottedEyes,Starter,Phillip Lindsay,Ind,RB|W/R/T
16,2.2,MixonUpMyDottedEyes,Starter,Jack Doyle,Ind,TE|W/R/T
16,18.35,MixonUpMyDottedEyes,Starter,DeVante Parker,NE,WR|W/R/T
16,0.2,MixonUpMyDottedEyes,Non-Starter,Adam Thielen,Car,WR|W/R/T
16,1.6,MixonUpMyDottedEyes,Non-Starter,Will Fuller V,Mia,WR|W/R/T
16,12.0,MixonUpMyDottedEyes,Starter,Kansas City Chiefs,KC,DEF
16,6.5,MixonUpMyDottedEyes,Non-Starter,Los Angeles Chargers,LAC,DEF
