1,15.12,imdrunkrightnow,Starter,Tom Brady,TB,QB
1,18.15,imdrunkrightnow,Starter,DeSean Jackson,Bal,WR|W/R/T
1,1.75,imdrunkrightnow,Starter,Kenny Britt,NE,WR|W/R/T
1,7.0,imdrunkrightnow,Starter,Chris Johnson,Ari,RB|W/R/T
1,13.0,imdrunkrightnow,Starter,Frank Gore,NYJ,RB|W/R/T
1,21.0,imdrunkrightnow,Starter,Jason Witten,LV,TE|W/R/T
1,11.45,imdrunkrightnow,Starter,Eddie Lacy,Sea,RB|W/R/T
1,6.05,imdrunkrightnow,Non-Starter,Vick Ballard,Ind,RB|W/R/T
1,1.85,imdrunkrightnow,Non-Starter,Roy Helu,LV,RB|W/R/T
1,5.2,imdrunkrightnow,Non-Starter,Kenbrell Thompkins,NYJ,WR|W/R/T
1,6.9,imdrunkrightnow,Non-Starter,Pierre Thomas,SF,RB|W/R/T
1,2.4,imdrunkrightnow,Non-Starter,Kendall Hunter,NO,RB|W/R/T
1,15.5,imdrunkrightnow,Starter,Tampa Bay Buccaneers,TB,DEF
1,6.5,imdrunkrightnow,Non-Starter,Baltimore,Bal,DEF
2,11.2,imdrunkrightnow,Starter,Tom Brady,TB,QB
2,27.55,imdrunkrightnow,Starter,DeSean Jackson,Bal,WR|W/R/T
2,5.2,imdrunkrightnow,Starter,Kenbrell Thompkins,NYJ,WR|W/R/T
2,9.95,imdrunkrightnow,Starter,Chris Johnson,Ari,RB|W/R/T
2,3.25,imdrunkrightnow,Starter,Frank Gore,NYJ,RB|W/R/T
2,1.95,imdrunkrightnow,Starter,Jason Witten,LV,TE|W/R/T
2,1.0,imdrunkrightnow,Starter,Eddie Lacy,Sea,RB|W/R/T
2,3.8,imdrunkrightnow,Non-Starter,Kenny Britt,NE,WR|W/R/T
2,0.0,imdrunkrightnow,Non-Starter,Vick Ballard,Ind,RB|W/R/T
2,0.45,imdrunkrightnow,Non-Starter,Roy Helu,LV,RB|W/R/T
2,5.8,imdrunkrightnow,Non-Starter,Pierre Thomas,SF,RB|W/R/T
2,-0.7,imdrunkrightnow,Non-Starter,Kendall Hunter,NO,RB|W/R/T
2,1.25,imdrunkrightnow,Non-Starter,Kenny Stills,NO,WR|W/R/T
2,16.0,imdrunkrightnow,Starter,Baltimore,Bal,DEF
3,15.5,imdrunkrightnow,Starter,Tom Brady,TB,QB
3,6.95,imdrunkrightnow,Starter,DeSean Jackson,Bal,WR|W/R/T
3,16.85,imdrunkrightnow,Starter,Kenbrell Thompkins,NYJ,WR|W/R/T
3,9.35,imdrunkrightnow,Starter,Chris Johnson,Ari,RB|W/R/T
3,10.8,imdrunkrightnow,Starter,Frank Gore,NYJ,RB|W/R/T
3,7.95,imdrunkrightnow,Starter,Jason Witten,LV,TE|W/R/T
3,3.9,imdrunkrightnow,Starter,Eddie Royal,Chi,WR|W/R/T
3,0.0,imdrunkrightnow,Non-Starter,Eddie Lacy,Sea,RB|W/R/T
3,0.0,imdrunkrightnow,Non-Starter,Kenny Britt,NE,WR|W/R/T
3,4.25,imdrunkrightnow,Non-Starter,Roy Helu,LV,RB|W/R/T
3,8.2,imdrunkrightnow,Non-Starter,Pierre Thomas,SF,RB|W/R/T
3,8.05,imdrunkrightnow,Non-Starter,Kendall Hunter,NO,RB|W/R/T
3,0.0,imdrunkrightnow,Non-Starter,Kenny Stills,NO,WR|W/R/T
3,16.5,imdrunkrightnow,Starter,New Orleans Saints,NO,DEF
4,20.44,imdrunkrightnow,Starter,Tom Brady,TB,QB
4,3.9,imdrunkrightnow,Starter,DeSean Jackson,Bal,WR|W/R/T
4,20.2,imdrunkrightnow,Starter,Kenbrell Thompkins,NYJ,WR|W/R/T
4,3.6,imdrunkrightnow,Starter,Chris Johnson,Ari,RB|W/R/T
4,19.3,imdrunkrightnow,Starter,Frank Gore,NYJ,RB|W/R/T
4,5.55,imdrunkrightnow,Starter,Jason Witten,LV,TE|W/R/T
4,4.95,imdrunkrightnow,Starter,Eddie Royal,Chi,WR|W/R/T
4,0.0,imdrunkrightnow,Non-Starter,Eddie Lacy,Sea,RB|W/R/T
4,0.0,imdrunkrightnow,Non-Starter,Kenny Britt,NE,WR|W/R/T
4,14.9,imdrunkrightnow,Non-Starter,Roy Helu,LV,RB|W/R/T
4,5.05,imdrunkrightnow,Non-Starter,Pierre Thomas,SF,RB|W/R/T
4,12.05,imdrunkrightnow,Non-Starter,Kendall Hunter,NO,RB|W/R/T
4,4.8,imdrunkrightnow,Non-Starter,Kenny Stills,NO,WR|W/R/T
4,17.5,imdrunkrightnow,Starter,New Orleans Saints,NO,DEF
5,5.88,imdrunkrightnow,Starter,Tom Brady,TB,QB
5,20.95,imdrunkrightnow,Starter,DeSean Jackson,Bal,WR|W/R/T
5,2.35,imdrunkrightnow,Starter,Kenbrell Thompkins,NYJ,WR|W/R/T
5,14.1,imdrunkrightnow,Starter,Frank Gore,NYJ,RB|W/R/T
5,9.95,imdrunkrightnow,Starter,Eddie Lacy,Sea,RB|W/R/T
5,19.85,imdrunkrightnow,Starter,Jason Witten,LV,TE|W/R/T
5,15.0,imdrunkrightnow,Starter,Chris Johnson,Ari,RB|W/R/T
5,1.35,imdrunkrightnow,Non-Starter,Eddie Royal,Chi,WR|W/R/T
5,1.15,imdrunkrightnow,Non-Starter,Kenny Britt,NE,WR|W/R/T
5,0.0,imdrunkrightnow,Non-Starter,Roy Helu,LV,RB|W/R/T
5,23.35,imdrunkrightnow,Non-Starter,Pierre Thomas,SF,RB|W/R/T
5,2.9,imdrunkrightnow,Non-Starter,Kendall Hunter,NO,RB|W/R/T
5,0.0,imdrunkrightnow,Non-Starter,Kenny Stills,NO,WR|W/R/T
5,12.0,imdrunkrightnow,Starter,Carolina Panthers,Car,DEF
6,14.36,imdrunkrightnow,Starter,Tom Brady,TB,QB
6,19.9,imdrunkrightnow,Starter,DeSean Jackson,Bal,WR|W/R/T
6,11.25,imdrunkrightnow,Starter,Kenbrell Thompkins,NYJ,WR|W/R/T
6,10.1,imdrunkrightnow,Starter,Frank Gore,NYJ,RB|W/R/T
6,6.25,imdrunkrightnow,Starter,Pierre Thomas,SF,RB|W/R/T
6,3.45,imdrunkrightnow,Starter,Jason Witten,LV,TE|W/R/T
6,6.15,imdrunkrightnow,Starter,Chris Johnson,Ari,RB|W/R/T
6,12.75,imdrunkrightnow,Non-Starter,Eddie Lacy,Sea,RB|W/R/T
6,0.4,imdrunkrightnow,Non-Starter,Eddie Royal,Chi,WR|W/R/T
6,0.95,imdrunkrightnow,Non-Starter,Kenny Britt,NE,WR|W/R/T
6,8.7,imdrunkrightnow,Non-Starter,Roy Helu,LV,RB|W/R/T
6,7.1,imdrunkrightnow,Non-Starter,Kendall Hunter,NO,RB|W/R/T
6,13.15,imdrunkrightnow,Non-Starter,Kenny Stills,NO,WR|W/R/T
6,10.0,imdrunkrightnow,Starter,New York Jets,NYJ,DEF
7,5.12,imdrunkrightnow,Starter,Tom Brady,TB,QB
7,2.85,imdrunkrightnow,Starter,DeSean Jackson,Bal,WR|W/R/T
7,2.1,imdrunkrightnow,Starter,Kenbrell Thompkins,NYJ,WR|W/R/T
7,22.9,imdrunkrightnow,Starter,Frank Gore,NYJ,RB|W/R/T
7,18.05,imdrunkrightnow,Starter,Eddie Lacy,Sea,RB|W/R/T
7,5.8,imdrunkrightnow,Starter,Jason Witten,LV,TE|W/R/T
7,18.0,imdrunkrightnow,Starter,Chris Johnson,Ari,RB|W/R/T
7,0.0,imdrunkrightnow,Non-Starter,Pierre Thomas,SF,RB|W/R/T
7,13.9,imdrunkrightnow,Non-Starter,Eddie Royal,Chi,WR|W/R/T
7,1.05,imdrunkrightnow,Non-Starter,Kenny Britt,NE,WR|W/R/T
7,22.85,imdrunkrightnow,Non-Starter,Roy Helu,LV,RB|W/R/T
7,0.6,imdrunkrightnow,Non-Starter,Kendall Hunter,NO,RB|W/R/T
7,0.0,imdrunkrightnow,Non-Starter,Kenny Stills,NO,WR|W/R/T
7,18.5,imdrunkrightnow,Starter,Buffalo Bills,Buf,DEF
8,7.14,imdrunkrightnow,Starter,Tom Brady,TB,QB
8,8.3,imdrunkrightnow,Starter,DeSean Jackson,Bal,WR|W/R/T
8,0.0,imdrunkrightnow,Starter,Kenbrell Thompkins,NYJ,WR|W/R/T
8,17.95,imdrunkrightnow,Starter,Frank Gore,NYJ,RB|W/R/T
8,18.2,imdrunkrightnow,Starter,Eddie Lacy,Sea,RB|W/R/T
8,2.0,imdrunkrightnow,Starter,Jason Witten,LV,TE|W/R/T
8,10.15,imdrunkrightnow,Starter,Pierre Thomas,SF,RB|W/R/T
8,2.75,imdrunkrightnow,Non-Starter,Roy Helu,LV,RB|W/R/T
8,0.0,imdrunkrightnow,Non-Starter,Chris Johnson,Ari,RB|W/R/T
8,0.0,imdrunkrightnow,Non-Starter,Eddie Royal,Chi,WR|W/R/T
8,0.0,imdrunkrightnow,Non-Starter,Kenny Britt,NE,WR|W/R/T
8,8.4,imdrunkrightnow,Non-Starter,Kendall Hunter,NO,RB|W/R/T
8,26.05,imdrunkrightnow,Non-Starter,Kenny Stills,NO,WR|W/R/T
8,9.0,imdrunkrightnow,Starter,Atlanta Falcons,Atl,DEF
9,33.18,imdrunkrightnow,Starter,Tom Brady,TB,QB
9,22.25,imdrunkrightnow,Starter,DeSean Jackson,Bal,WR|W/R/T
9,4.25,imdrunkrightnow,Starter,Kenny Stills,NO,WR|W/R/T
9,21.0,imdrunkrightnow,Starter,Eddie Lacy,Sea,RB|W/R/T
9,10.75,imdrunkrightnow,Starter,Pierre Thomas,SF,RB|W/R/T
9,18.2,imdrunkrightnow,Starter,Jason Witten,LV,TE|W/R/T
9,29.75,imdrunkrightnow,Starter,Chris Johnson,Ari,RB|W/R/T
9,0.0,imdrunkrightnow,Non-Starter,Frank Gore,NYJ,RB|W/R/T
9,0.0,imdrunkrightnow,Non-Starter,Kenbrell Thompkins,NYJ,WR|W/R/T
9,3.15,imdrunkrightnow,Non-Starter,Roy Helu,LV,RB|W/R/T
9,12.6,imdrunkrightnow,Non-Starter,Eddie Royal,Chi,WR|W/R/T
9,0.0,imdrunkrightnow,Non-Starter,Kenny Britt,NE,WR|W/R/T
9,0.0,imdrunkrightnow,Non-Starter,Kendall Hunter,NO,RB|W/R/T
9,8.5,imdrunkrightnow,Starter,Tennessee Titans,Ten,DEF
10,22.92,imdrunkrightnow,Starter,Nick Foles,Ind,QB
10,15.0,imdrunkrightnow,Starter,DeSean Jackson,Bal,WR|W/R/T
10,14.25,imdrunkrightnow,Starter,Kenny Stills,NO,WR|W/R/T
10,8.9,imdrunkrightnow,Starter,Eddie Lacy,Sea,RB|W/R/T
10,10.8,imdrunkrightnow,Starter,Frank Gore,NYJ,RB|W/R/T
10,3.2,imdrunkrightnow,Starter,Jason Witten,LV,TE|W/R/T
10,6.55,imdrunkrightnow,Starter,Chris Johnson,Ari,RB|W/R/T
10,24.85,imdrunkrightnow,Non-Starter,Pierre Thomas,SF,RB|W/R/T
10,0.0,imdrunkrightnow,Non-Starter,Tom Brady,TB,QB
10,0.0,imdrunkrightnow,Non-Starter,Kenbrell Thompkins,NYJ,WR|W/R/T
10,3.85,imdrunkrightnow,Non-Starter,Roy Helu,LV,RB|W/R/T
10,4.1,imdrunkrightnow,Non-Starter,Eddie Royal,Chi,WR|W/R/T
10,-1.2,imdrunkrightnow,Non-Starter,Kendall Hunter,NO,RB|W/R/T
10,12.5,imdrunkrightnow,Starter,Tennessee Titans,Ten,DEF
11,22.62,imdrunkrightnow,Starter,Nick Foles,Ind,QB
11,9.2,imdrunkrightnow,Starter,DeSean Jackson,Bal,WR|W/R/T
11,1.35,imdrunkrightnow,Starter,Kenny Stills,NO,WR|W/R/T
11,11.3,imdrunkrightnow,Starter,Eddie Lacy,Sea,RB|W/R/T
11,6.1,imdrunkrightnow,Starter,Frank Gore,NYJ,RB|W/R/T
11,8.7,imdrunkrightnow,Starter,Heath Miller,Pit,TE|W/R/T
11,20.65,imdrunkrightnow,Starter,Chris Johnson,Ari,RB|W/R/T
11,0.0,imdrunkrightnow,Non-Starter,Jason Witten,LV,TE|W/R/T
11,9.65,imdrunkrightnow,Non-Starter,Pierre Thomas,SF,RB|W/R/T
11,14.14,imdrunkrightnow,Non-Starter,Tom Brady,TB,QB
11,5.75,imdrunkrightnow,Non-Starter,Roy Helu,LV,RB|W/R/T
11,2.5,imdrunkrightnow,Non-Starter,Eddie Royal,Chi,WR|W/R/T
11,0.1,imdrunkrightnow,Non-Starter,Kendall Hunter,NO,RB|W/R/T
11,11.0,imdrunkrightnow,Starter,Los Angeles Chargers,LAC,DEF
12,23.76,imdrunkrightnow,Starter,Tom Brady,TB,QB
12,2.7,imdrunkrightnow,Starter,Kenny Stills,NO,WR|W/R/T
12,4.1,imdrunkrightnow,Starter,Brandon LaFell,LV,WR|W/R/T
12,23.3,imdrunkrightnow,Starter,Eddie Lacy,Sea,RB|W/R/T
12,3.65,imdrunkrightnow,Starter,Frank Gore,NYJ,RB|W/R/T
12,16.7,imdrunkrightnow,Starter,Jason Witten,LV,TE|W/R/T
12,14.25,imdrunkrightnow,Starter,Pierre Thomas,SF,RB|W/R/T
12,9.7,imdrunkrightnow,Non-Starter,Eddie Royal,Chi,WR|W/R/T
12,8.85,imdrunkrightnow,Non-Starter,Chris Johnson,Ari,RB|W/R/T
12,0.0,imdrunkrightnow,Non-Starter,DeSean Jackson,Bal,WR|W/R/T
12,0.0,imdrunkrightnow,Non-Starter,Nick Foles,Ind,QB
12,0.0,imdrunkrightnow,Non-Starter,Michael Crabtree,Ari,WR|W/R/T
12,16.9,imdrunkrightnow,Non-Starter,Tavon Austin,Buf,WR|W/R/T
12,7.0,imdrunkrightnow,Starter,Tennessee Titans,Ten,DEF
13,23.68,imdrunkrightnow,Starter,Nick Foles,Ind,QB
13,10.35,imdrunkrightnow,Starter,Brandon LaFell,LV,WR|W/R/T
13,4.35,imdrunkrightnow,Starter,DeSean Jackson,Bal,WR|W/R/T
13,4.4,imdrunkrightnow,Starter,Eddie Lacy,Sea,RB|W/R/T
13,9.4,imdrunkrightnow,Starter,Frank Gore,NYJ,RB|W/R/T
13,6.05,imdrunkrightnow,Starter,Jason Witten,LV,TE|W/R/T
13,17.6,imdrunkrightnow,Starter,Chris Johnson,Ari,RB|W/R/T
13,20.84,imdrunkrightnow,Non-Starter,Tom Brady,TB,QB
13,3.1,imdrunkrightnow,Non-Starter,Pierre Thomas,SF,RB|W/R/T
13,0.0,imdrunkrightnow,Non-Starter,Eddie Royal,Chi,WR|W/R/T
13,7.3,imdrunkrightnow,Non-Starter,Michael Crabtree,Ari,WR|W/R/T
13,4.5,imdrunkrightnow,Non-Starter,Tavon Austin,Buf,WR|W/R/T
13,6.0,imdrunkrightnow,Starter,Cleveland Browns,Cle,DEF
13,13.0,imdrunkrightnow,Non-Starter,Tennessee Titans,Ten,DEF
14,19.46,imdrunkrightnow,Starter,Nick Foles,Ind,QB
14,2.7,imdrunkrightnow,Starter,Brandon LaFell,LV,WR|W/R/T
14,11.9,imdrunkrightnow,Starter,DeSean Jackson,Bal,WR|W/R/T
14,15.75,imdrunkrightnow,Starter,Eddie Lacy,Sea,RB|W/R/T
14,11.0,imdrunkrightnow,Starter,Frank Gore,NYJ,RB|W/R/T
14,7.25,imdrunkrightnow,Starter,Jason Witten,LV,TE|W/R/T
14,10.0,imdrunkrightnow,Starter,Chris Johnson,Ari,RB|W/R/T
14,22.82,imdrunkrightnow,Non-Starter,Tom Brady,TB,QB
14,3.8,imdrunkrightnow,Non-Starter,Pierre Thomas,SF,RB|W/R/T
14,2.05,imdrunkrightnow,Non-Starter,Eddie Royal,Chi,WR|W/R/T
14,5.0,imdrunkrightnow,Non-Starter,Michael Crabtree,Ari,WR|W/R/T
14,6.75,imdrunkrightnow,Non-Starter,Tavon Austin,Buf,WR|W/R/T
14,10.5,imdrunkrightnow,Starter,Cleveland Browns,Cle,DEF
14,-3.0,imdrunkrightnow,Non-Starter,Tennessee Titans,Ten,DEF
15,33.22,imdrunkrightnow,Starter,Nick Foles,Ind,QB
15,28.0,imdrunkrightnow,Starter,DeSean Jackson,Bal,WR|W/R/T
15,11.75,imdrunkrightnow,Starter,Michael Crabtree,Ari,WR|W/R/T
15,24.1,imdrunkrightnow,Starter,Eddie Lacy,Sea,RB|W/R/T
15,8.6,imdrunkrightnow,Starter,Frank Gore,NYJ,RB|W/R/T
15,14.1,imdrunkrightnow,Starter,Jason Witten,LV,TE|W/R/T
15,15.85,imdrunkrightnow,Starter,Chris Johnson,Ari,RB|W/R/T
15,7.45,imdrunkrightnow,Non-Starter,Brandon LaFell,LV,WR|W/R/T
15,20.56,imdrunkrightnow,Non-Starter,Tom Brady,TB,QB
15,10.05,imdrunkrightnow,Non-Starter,Pierre Thomas,SF,RB|W/R/T
15,5.35,imdrunkrightnow,Non-Starter,Eddie Royal,Chi,WR|W/R/T
15,0.0,imdrunkrightnow,Non-Starter,Tavon Austin,Buf,WR|W/R/T
15,5.0,imdrunkrightnow,Starter,Tennessee Titans,Ten,DEF
15,24.5,imdrunkrightnow,Non-Starter,Cleveland Browns,Cle,DEF
16,18.9,imdrunkrightnow,Starter,Nick Foles,Ind,QB
16,5.1,imdrunkrightnow,Starter,DeSean Jackson,Bal,WR|W/R/T
16,11.45,imdrunkrightnow,Starter,Michael Crabtree,Ari,WR|W/R/T
16,21.5,imdrunkrightnow,Starter,Eddie Lacy,Sea,RB|W/R/T
16,16.55,imdrunkrightnow,Starter,Frank Gore,NYJ,RB|W/R/T
16,1.8,imdrunkrightnow,Starter,Jason Witten,LV,TE|W/R/T
16,9.55,imdrunkrightnow,Starter,Chris Johnson,Ari,RB|W/R/T
16,1.55,imdrunkrightnow,Non-Starter,Brandon LaFell,LV,WR|W/R/T
16,10.88,imdrunkrightnow,Non-Starter,Tom Brady,TB,QB
16,2.75,imdrunkrightnow,Non-Starter,Pierre Thomas,SF,RB|W/R/T
16,6.4,imdrunkrightnow,Non-Starter,Eddie Royal,Chi,WR|W/R/T
16,0.0,imdrunkrightnow,Non-Starter,Tavon Austin,Buf,WR|W/R/T
16,2.0,imdrunkrightnow,Starter,Cleveland Browns,Cle,DEF
16,11.0,imdrunkrightnow,Non-Starter,Tennessee Titans,Ten,DEF
1,19.56,Robot Griffin 3.0,Starter,Robert Griffin,Bal,QB
1,17.6,Robot Griffin 3.0,Starter,Andre Johnson,Ten,WR|W/R/T
1,4.05,Robot Griffin 3.0,Starter,Greg Jennings,Mia,WR|W/R/T
1,13.35,Robot Griffin 3.0,Starter,Darren McFadden,Dal,RB|W/R/T
1,9.65,Robot Griffin 3.0,Starter,Alfred Morris,NYG,RB|W/R/T
1,4.75,Robot Griffin 3.0,Starter,Jermaine Gresham,Ari,TE|W/R/T
1,19.65,Robot Griffin 3.0,Starter,Brian Hartline,Cle,WR|W/R/T
1,-0.9,Robot Griffin 3.0,Non-Starter,Brandon Pettigrew,Det,TE|W/R/T
1,5.45,Robot Griffin 3.0,Non-Starter,Alshon Jeffery,Phi,WR|W/R/T
1,9.56,Robot Griffin 3.0,Non-Starter,Brandon Weeden,Hou,QB
1,21.25,Robot Griffin 3.0,Non-Starter,Leonard Hankerson,Buf,WR|W/R/T
1,1.5,Robot Griffin 3.0,Non-Starter,LeGarrette Blount,Det,RB|W/R/T
1,3.6,Robot Griffin 3.0,Non-Starter,Greg Little,Cin,WR|W/R/T
1,6.5,Robot Griffin 3.0,Starter,Green Bay Packers,GB,DEF
2,22.9,Robot Griffin 3.0,Starter,Robert Griffin,Bal,QB
2,9.6,Robot Griffin 3.0,Starter,Andre Johnson,Ten,WR|W/R/T
2,9.65,Robot Griffin 3.0,Starter,Greg Jennings,Mia,WR|W/R/T
2,14.7,Robot Griffin 3.0,Starter,Darren McFadden,Dal,RB|W/R/T
2,12.5,Robot Griffin 3.0,Starter,Alfred Morris,NYG,RB|W/R/T
2,0.0,Robot Griffin 3.0,Starter,Brent Celek,Phi,TE|W/R/T
2,8.05,Robot Griffin 3.0,Starter,Brian Hartline,Cle,WR|W/R/T
2,8.1,Robot Griffin 3.0,Non-Starter,Jermaine Gresham,Ari,TE|W/R/T
2,4.35,Robot Griffin 3.0,Non-Starter,Alshon Jeffery,Phi,WR|W/R/T
2,9.78,Robot Griffin 3.0,Non-Starter,Brandon Weeden,Hou,QB
2,4.25,Robot Griffin 3.0,Non-Starter,Leonard Hankerson,Buf,WR|W/R/T
2,4.3,Robot Griffin 3.0,Non-Starter,Greg Little,Cin,WR|W/R/T
2,9.7,Robot Griffin 3.0,Non-Starter,Da'Rel Scott,NYG,RB|W/R/T
2,11.0,Robot Griffin 3.0,Starter,Kansas City Chiefs,KC,DEF
3,12.74,Robot Griffin 3.0,Starter,Robert Griffin,Bal,QB
3,4.85,Robot Griffin 3.0,Starter,Andre Johnson,Ten,WR|W/R/T
3,5.05,Robot Griffin 3.0,Starter,Greg Jennings,Mia,WR|W/R/T
3,11.54,Robot Griffin 3.0,Starter,Darren McFadden,Dal,RB|W/R/T
3,13.3,Robot Griffin 3.0,Starter,Alfred Morris,NYG,RB|W/R/T
3,5.0,Robot Griffin 3.0,Starter,Charles Clay,Ari,TE|W/R/T
3,12.6,Robot Griffin 3.0,Starter,Brian Hartline,Cle,WR|W/R/T
3,2.3,Robot Griffin 3.0,Non-Starter,Brent Celek,Phi,TE|W/R/T
3,6.85,Robot Griffin 3.0,Non-Starter,Alshon Jeffery,Phi,WR|W/R/T
3,2.85,Robot Griffin 3.0,Non-Starter,Leonard Hankerson,Buf,WR|W/R/T
3,2.65,Robot Griffin 3.0,Non-Starter,Greg Little,Cin,WR|W/R/T
3,2.7,Robot Griffin 3.0,Non-Starter,Da'Rel Scott,NYG,RB|W/R/T
3,6.84,Robot Griffin 3.0,Non-Starter,Joe Flacco,Cle,QB
3,25.5,Robot Griffin 3.0,Starter,Kansas City Chiefs,KC,DEF
4,14.08,Robot Griffin 3.0,Starter,Robert Griffin,Bal,QB
4,4.15,Robot Griffin 3.0,Starter,Brian Hartline,Cle,WR|W/R/T
4,2.75,Robot Griffin 3.0,Starter,Santonio Holmes,Chi,WR|W/R/T
4,2.9,Robot Griffin 3.0,Starter,Darren McFadden,Dal,RB|W/R/T
4,7.1,Robot Griffin 3.0,Starter,Alfred Morris,NYG,RB|W/R/T
4,11.7,Robot Griffin 3.0,Starter,Charles Clay,Ari,TE|W/R/T
4,21.95,Robot Griffin 3.0,Starter,Greg Jennings,Mia,WR|W/R/T
4,13.25,Robot Griffin 3.0,Non-Starter,Andre Johnson,Ten,WR|W/R/T
4,22.65,Robot Griffin 3.0,Non-Starter,Alshon Jeffery,Phi,WR|W/R/T
4,6.45,Robot Griffin 3.0,Non-Starter,Brent Celek,Phi,TE|W/R/T
4,5.9,Robot Griffin 3.0,Non-Starter,Leonard Hankerson,Buf,WR|W/R/T
4,2.85,Robot Griffin 3.0,Non-Starter,Da'Rel Scott,NYG,RB|W/R/T
4,11.88,Robot Griffin 3.0,Non-Starter,Joe Flacco,Cle,QB
4,24.0,Robot Griffin 3.0,Starter,Kansas City Chiefs,KC,DEF
5,8.06,Robot Griffin 3.0,Starter,Joe Flacco,Cle,QB
5,7.0,Robot Griffin 3.0,Starter,Brian Hartline,Cle,WR|W/R/T
5,4.65,Robot Griffin 3.0,Starter,Andre Johnson,Ten,WR|W/R/T
5,6.9,Robot Griffin 3.0,Starter,Ronnie Hillman,LAC,RB|W/R/T
5,3.1,Robot Griffin 3.0,Starter,LeGarrette Blount,Det,RB|W/R/T
5,11.95,Robot Griffin 3.0,Starter,Charles Clay,Ari,TE|W/R/T
5,30.3,Robot Griffin 3.0,Starter,Alshon Jeffery,Phi,WR|W/R/T
5,0.0,Robot Griffin 3.0,Non-Starter,Darren McFadden,Dal,RB|W/R/T
5,0.0,Robot Griffin 3.0,Non-Starter,Alfred Morris,NYG,RB|W/R/T
5,0.0,Robot Griffin 3.0,Non-Starter,Greg Jennings,Mia,WR|W/R/T
5,0.0,Robot Griffin 3.0,Non-Starter,Robert Griffin,Bal,QB
5,0.0,Robot Griffin 3.0,Non-Starter,Leonard Hankerson,Buf,WR|W/R/T
5,14.05,Robot Griffin 3.0,Non-Starter,Jeremy Kerley,Buf,WR|W/R/T
5,20.5,Robot Griffin 3.0,Starter,Kansas City Chiefs,KC,DEF
6,13.54,Robot Griffin 3.0,Starter,Robert Griffin,Bal,QB
6,10.55,Robot Griffin 3.0,Starter,Andre Johnson,Ten,WR|W/R/T
6,4.9,Robot Griffin 3.0,Starter,Greg Jennings,Mia,WR|W/R/T
6,14.1,Robot Griffin 3.0,Starter,Alfred Morris,NYG,RB|W/R/T
6,4.1,Robot Griffin 3.0,Starter,Ronnie Hillman,LAC,RB|W/R/T
6,1.0,Robot Griffin 3.0,Starter,Jermaine Gresham,Ari,TE|W/R/T
6,4.45,Robot Griffin 3.0,Starter,Alshon Jeffery,Phi,WR|W/R/T
6,0.9,Robot Griffin 3.0,Non-Starter,LeGarrette Blount,Det,RB|W/R/T
6,0.0,Robot Griffin 3.0,Non-Starter,Charles Clay,Ari,TE|W/R/T
6,0.0,Robot Griffin 3.0,Non-Starter,Brian Hartline,Cle,WR|W/R/T
6,9.05,Robot Griffin 3.0,Non-Starter,Darren McFadden,Dal,RB|W/R/T
6,4.1,Robot Griffin 3.0,Non-Starter,Leonard Hankerson,Buf,WR|W/R/T
6,2.5,Robot Griffin 3.0,Non-Starter,Chris Givens,Bal,WR|W/R/T
6,31.5,Robot Griffin 3.0,Starter,Kansas City Chiefs,KC,DEF
7,26.32,Robot Griffin 3.0,Starter,Robert Griffin,Bal,QB
7,9.9,Robot Griffin 3.0,Starter,Andre Johnson,Ten,WR|W/R/T
7,5.1,Robot Griffin 3.0,Starter,Greg Jennings,Mia,WR|W/R/T
7,9.5,Robot Griffin 3.0,Starter,Alfred Morris,NYG,RB|W/R/T
7,0.85,Robot Griffin 3.0,Starter,Ronnie Hillman,LAC,RB|W/R/T
7,6.95,Robot Griffin 3.0,Starter,Charles Clay,Ari,TE|W/R/T
7,13.1,Robot Griffin 3.0,Starter,Alshon Jeffery,Phi,WR|W/R/T
7,8.4,Robot Griffin 3.0,Non-Starter,Brian Hartline,Cle,WR|W/R/T
7,7.4,Robot Griffin 3.0,Non-Starter,Jermaine Gresham,Ari,TE|W/R/T
7,0.4,Robot Griffin 3.0,Non-Starter,LeGarrette Blount,Det,RB|W/R/T
7,0.0,Robot Griffin 3.0,Non-Starter,Darren McFadden,Dal,RB|W/R/T
7,2.85,Robot Griffin 3.0,Non-Starter,Leonard Hankerson,Buf,WR|W/R/T
7,2.65,Robot Griffin 3.0,Non-Starter,Chris Givens,Bal,WR|W/R/T
7,12.0,Robot Griffin 3.0,Starter,Kansas City Chiefs,KC,DEF
8,3.98,Robot Griffin 3.0,Starter,Robert Griffin,Bal,QB
8,1.15,Robot Griffin 3.0,Starter,Greg Jennings,Mia,WR|W/R/T
8,4.7,Robot Griffin 3.0,Starter,Brian Hartline,Cle,WR|W/R/T
8,15.3,Robot Griffin 3.0,Starter,Alfred Morris,NYG,RB|W/R/T
8,20.3,Robot Griffin 3.0,Starter,Darren McFadden,Dal,RB|W/R/T
8,5.05,Robot Griffin 3.0,Starter,Charles Clay,Ari,TE|W/R/T
8,6.95,Robot Griffin 3.0,Starter,Leonard Hankerson,Buf,WR|W/R/T
8,0.0,Robot Griffin 3.0,Non-Starter,Ronnie Hillman,LAC,RB|W/R/T
8,0.0,Robot Griffin 3.0,Non-Starter,Alshon Jeffery,Phi,WR|W/R/T
8,0.0,Robot Griffin 3.0,Non-Starter,Andre Johnson,Ten,WR|W/R/T
8,7.9,Robot Griffin 3.0,Non-Starter,Jermaine Gresham,Ari,TE|W/R/T
8,4.6,Robot Griffin 3.0,Non-Starter,LeGarrette Blount,Det,RB|W/R/T
8,8.5,Robot Griffin 3.0,Non-Starter,Chris Givens,Bal,WR|W/R/T
8,7.5,Robot Griffin 3.0,Starter,Kansas City Chiefs,KC,DEF
9,9.34,Robot Griffin 3.0,Starter,Robert Griffin,Bal,QB
9,7.1,Robot Griffin 3.0,Starter,Greg Jennings,Mia,WR|W/R/T
9,43.15,Robot Griffin 3.0,Starter,Andre Johnson,Ten,WR|W/R/T
9,18.1,Robot Griffin 3.0,Starter,Alfred Morris,NYG,RB|W/R/T
9,1.75,Robot Griffin 3.0,Starter,Darren McFadden,Dal,RB|W/R/T
9,4.25,Robot Griffin 3.0,Starter,Charles Clay,Ari,TE|W/R/T
9,13.35,Robot Griffin 3.0,Starter,Alshon Jeffery,Phi,WR|W/R/T
9,4.65,Robot Griffin 3.0,Non-Starter,Brian Hartline,Cle,WR|W/R/T
9,6.75,Robot Griffin 3.0,Non-Starter,Leonard Hankerson,Buf,WR|W/R/T
9,0.0,Robot Griffin 3.0,Non-Starter,Ronnie Hillman,LAC,RB|W/R/T
9,4.05,Robot Griffin 3.0,Non-Starter,Jermaine Gresham,Ari,TE|W/R/T
9,10.7,Robot Griffin 3.0,Non-Starter,LeGarrette Blount,Det,RB|W/R/T
9,6.5,Robot Griffin 3.0,Non-Starter,Chris Givens,Bal,WR|W/R/T
9,23.5,Robot Griffin 3.0,Starter,Kansas City Chiefs,KC,DEF
10,27.64,Robot Griffin 3.0,Starter,Robert Griffin,Bal,QB
10,2.55,Robot Griffin 3.0,Starter,Greg Jennings,Mia,WR|W/R/T
10,16.95,Robot Griffin 3.0,Starter,Andre Johnson,Ten,WR|W/R/T
10,13.9,Robot Griffin 3.0,Starter,Alfred Morris,NYG,RB|W/R/T
10,11.2,Robot Griffin 3.0,Starter,Rashad Jennings,NYG,RB|W/R/T
10,3.1,Robot Griffin 3.0,Starter,Charles Clay,Ari,TE|W/R/T
10,14.15,Robot Griffin 3.0,Starter,Alshon Jeffery,Phi,WR|W/R/T
10,0.0,Robot Griffin 3.0,Non-Starter,Darren McFadden,Dal,RB|W/R/T
10,6.95,Robot Griffin 3.0,Non-Starter,Brian Hartline,Cle,WR|W/R/T
10,7.35,Robot Griffin 3.0,Non-Starter,Leonard Hankerson,Buf,WR|W/R/T
10,0.0,Robot Griffin 3.0,Non-Starter,Jermaine Gresham,Ari,TE|W/R/T
10,0.0,Robot Griffin 3.0,Non-Starter,LeGarrette Blount,Det,RB|W/R/T
10,9.5,Robot Griffin 3.0,Starter,Miami Dolphins,Mia,DEF
10,0.0,Robot Griffin 3.0,Non-Starter,Kansas City Chiefs,KC,DEF
11,22.96,Robot Griffin 3.0,Starter,Robert Griffin,Bal,QB
11,14.1,Robot Griffin 3.0,Starter,Andre Johnson,Ten,WR|W/R/T
11,11.75,Robot Griffin 3.0,Starter,Alshon Jeffery,Phi,WR|W/R/T
11,9.3,Robot Griffin 3.0,Starter,Alfred Morris,NYG,RB|W/R/T
11,21.3,Robot Griffin 3.0,Starter,Rashad Jennings,NYG,RB|W/R/T
11,16.5,Robot Griffin 3.0,Starter,Charles Clay,Ari,TE|W/R/T
11,7.75,Robot Griffin 3.0,Starter,Brian Hartline,Cle,WR|W/R/T
11,0.0,Robot Griffin 3.0,Non-Starter,Greg Jennings,Mia,WR|W/R/T
11,0.0,Robot Griffin 3.0,Non-Starter,Darren McFadden,Dal,RB|W/R/T
11,0.75,Robot Griffin 3.0,Non-Starter,Leonard Hankerson,Buf,WR|W/R/T
11,9.2,Robot Griffin 3.0,Non-Starter,Jermaine Gresham,Ari,TE|W/R/T
11,4.9,Robot Griffin 3.0,Non-Starter,LeGarrette Blount,Det,RB|W/R/T
11,5.0,Robot Griffin 3.0,Starter,Kansas City Chiefs,KC,DEF
11,8.5,Robot Griffin 3.0,Non-Starter,Miami Dolphins,Mia,DEF
12,5.42,Robot Griffin 3.0,Starter,Robert Griffin,Bal,QB
12,4.1,Robot Griffin 3.0,Starter,Andre Johnson,Ten,WR|W/R/T
12,5.6,Robot Griffin 3.0,Starter,Alshon Jeffery,Phi,WR|W/R/T
12,5.2,Robot Griffin 3.0,Starter,Alfred Morris,NYG,RB|W/R/T
12,13.2,Robot Griffin 3.0,Starter,Rashad Jennings,NYG,RB|W/R/T
12,3.7,Robot Griffin 3.0,Starter,Charles Clay,Ari,TE|W/R/T
12,9.05,Robot Griffin 3.0,Starter,Brian Hartline,Cle,WR|W/R/T
12,3.4,Robot Griffin 3.0,Non-Starter,Greg Jennings,Mia,WR|W/R/T
12,0.0,Robot Griffin 3.0,Non-Starter,Darren McFadden,Dal,RB|W/R/T
12,0.0,Robot Griffin 3.0,Non-Starter,Leonard Hankerson,Buf,WR|W/R/T
12,0.0,Robot Griffin 3.0,Non-Starter,Jermaine Gresham,Ari,TE|W/R/T
12,-0.7,Robot Griffin 3.0,Non-Starter,LeGarrette Blount,Det,RB|W/R/T
12,0.5,Robot Griffin 3.0,Starter,Kansas City Chiefs,KC,DEF
12,13.0,Robot Griffin 3.0,Non-Starter,Miami Dolphins,Mia,DEF
13,21.08,Robot Griffin 3.0,Starter,Robert Griffin,Bal,QB
13,14.1,Robot Griffin 3.0,Starter,Andre Johnson,Ten,WR|W/R/T
13,39.9,Robot Griffin 3.0,Starter,Alshon Jeffery,Phi,WR|W/R/T
13,12.05,Robot Griffin 3.0,Starter,Alfred Morris,NYG,RB|W/R/T
13,16.55,Robot Griffin 3.0,Starter,Rashad Jennings,NYG,RB|W/R/T
13,9.75,Robot Griffin 3.0,Starter,Charles Clay,Ari,TE|W/R/T
13,20.95,Robot Griffin 3.0,Starter,Brian Hartline,Cle,WR|W/R/T
13,15.55,Robot Griffin 3.0,Non-Starter,Greg Jennings,Mia,WR|W/R/T
13,1.3,Robot Griffin 3.0,Non-Starter,Darren McFadden,Dal,RB|W/R/T
13,0.0,Robot Griffin 3.0,Non-Starter,Leonard Hankerson,Buf,WR|W/R/T
13,0.0,Robot Griffin 3.0,Non-Starter,Jermaine Gresham,Ari,TE|W/R/T
13,10.4,Robot Griffin 3.0,Non-Starter,LeGarrette Blount,Det,RB|W/R/T
13,8.5,Robot Griffin 3.0,Starter,Kansas City Chiefs,KC,DEF
13,22.0,Robot Griffin 3.0,Non-Starter,Miami Dolphins,Mia,DEF
14,11.46,Robot Griffin 3.0,Starter,Robert Griffin,Bal,QB
14,18.65,Robot Griffin 3.0,Starter,Andre Johnson,Ten,WR|W/R/T
14,14.95,Robot Griffin 3.0,Starter,Alshon Jeffery,Phi,WR|W/R/T
14,3.1,Robot Griffin 3.0,Starter,Alfred Morris,NYG,RB|W/R/T
14,0.0,Robot Griffin 3.0,Starter,Rashad Jennings,NYG,RB|W/R/T
14,23.45,Robot Griffin 3.0,Starter,Charles Clay,Ari,TE|W/R/T
14,12.35,Robot Griffin 3.0,Starter,Brian Hartline,Cle,WR|W/R/T
14,6.55,Robot Griffin 3.0,Non-Starter,Greg Jennings,Mia,WR|W/R/T
14,0.0,Robot Griffin 3.0,Non-Starter,Darren McFadden,Dal,RB|W/R/T
14,0.0,Robot Griffin 3.0,Non-Starter,Leonard Hankerson,Buf,WR|W/R/T
14,11.35,Robot Griffin 3.0,Non-Starter,Jermaine Gresham,Ari,TE|W/R/T
14,7.65,Robot Griffin 3.0,Non-Starter,LeGarrette Blount,Det,RB|W/R/T
14,31.5,Robot Griffin 3.0,Starter,Kansas City Chiefs,KC,DEF
14,8.0,Robot Griffin 3.0,Non-Starter,Miami Dolphins,Mia,DEF
15,0.0,Robot Griffin 3.0,Starter,Robert Griffin,Bal,QB
15,2.8,Robot Griffin 3.0,Starter,Andre Johnson,Ten,WR|W/R/T
15,14.15,Robot Griffin 3.0,Starter,Alshon Jeffery,Phi,WR|W/R/T
15,6.85,Robot Griffin 3.0,Starter,Alfred Morris,NYG,RB|W/R/T
15,23.05,Robot Griffin 3.0,Starter,Rashad Jennings,NYG,RB|W/R/T
15,0.85,Robot Griffin 3.0,Starter,Charles Clay,Ari,TE|W/R/T
15,8.25,Robot Griffin 3.0,Starter,Brian Hartline,Cle,WR|W/R/T
15,25.05,Robot Griffin 3.0,Non-Starter,Greg Jennings,Mia,WR|W/R/T
15,0.0,Robot Griffin 3.0,Non-Starter,Darren McFadden,Dal,RB|W/R/T
15,0.0,Robot Griffin 3.0,Non-Starter,Leonard Hankerson,Buf,WR|W/R/T
15,1.05,Robot Griffin 3.0,Non-Starter,Jermaine Gresham,Ari,TE|W/R/T
15,5.55,Robot Griffin 3.0,Non-Starter,LeGarrette Blount,Det,RB|W/R/T
15,19.5,Robot Griffin 3.0,Starter,Kansas City Chiefs,KC,DEF
15,5.5,Robot Griffin 3.0,Non-Starter,Miami Dolphins,Mia,DEF
16,0.0,Robot Griffin 3.0,Starter,Robert Griffin,Bal,QB
16,7.3,Robot Griffin 3.0,Starter,Andre Johnson,Ten,WR|W/R/T
16,9.1,Robot Griffin 3.0,Starter,Alshon Jeffery,Phi,WR|W/R/T
16,14.8,Robot Griffin 3.0,Starter,Alfred Morris,NYG,RB|W/R/T
16,7.95,Robot Griffin 3.0,Starter,Rashad Jennings,NYG,RB|W/R/T
16,4.2,Robot Griffin 3.0,Starter,Charles Clay,Ari,TE|W/R/T
16,5.8,Robot Griffin 3.0,Starter,Brian Hartline,Cle,WR|W/R/T
16,3.7,Robot Griffin 3.0,Non-Starter,Greg Jennings,Mia,WR|W/R/T
16,7.85,Robot Griffin 3.0,Non-Starter,Darren McFadden,Dal,RB|W/R/T
16,0.0,Robot Griffin 3.0,Non-Starter,Leonard Hankerson,Buf,WR|W/R/T
16,9.65,Robot Griffin 3.0,Non-Starter,Jermaine Gresham,Ari,TE|W/R/T
16,19.6,Robot Griffin 3.0,Non-Starter,LeGarrette Blount,Det,RB|W/R/T
16,4.0,Robot Griffin 3.0,Starter,Kansas City Chiefs,KC,DEF
16,8.0,Robot Griffin 3.0,Non-Starter,Miami Dolphins,Mia,DEF
1,18.48,Bring back Kellen,Starter,Joe Flacco,Cle,QB
1,30.45,Bring back Kellen,Starter,A.J. Green,Ari,WR|W/R/T
1,3.7,Bring back Kellen,Starter,Eric Decker,Ten,WR|W/R/T
1,16.75,Bring back Kellen,Starter,Jamaal Charles,Jax,RB|W/R/T
1,8.75,Bring back Kellen,Starter,DeAngelo Williams,Pit,RB|W/R/T
1,2.7,Bring back Kellen,Starter,Fred Davis,Was,TE|W/R/T
1,20.75,Bring back Kellen,Starter,Jordy Nelson,LV,WR|W/R/T
1,6.1,Bring back Kellen,Non-Starter,Golden Tate,Ten,WR|W/R/T
1,0.0,Bring back Kellen,Non-Starter,James Jones,GB,WR|W/R/T
1,0.1,Bring back Kellen,Non-Starter,Isaac Redman,Pit,RB|W/R/T
1,8.15,Bring back Kellen,Non-Starter,Daniel Thomas,Mia,RB|W/R/T
1,0.45,Bring back Kellen,Non-Starter,Jacquizz Rodgers,TB,RB|W/R/T
1,3.2,Bring back Kellen,Non-Starter,Chris Givens,Bal,WR|W/R/T
1,5.5,Bring back Kellen,Starter,Cincinnati Bengals,Cin,DEF
2,18.58,Bring back Kellen,Starter,Jay Cutler,Mia,QB
2,5.6,Bring back Kellen,Starter,A.J. Green,Ari,WR|W/R/T
2,10.95,Bring back Kellen,Starter,Eric Decker,Ten,WR|W/R/T
2,18.3,Bring back Kellen,Starter,Jamaal Charles,Jax,RB|W/R/T
2,8.5,Bring back Kellen,Starter,DeAngelo Williams,Pit,RB|W/R/T
2,0.55,Bring back Kellen,Starter,Fred Davis,Was,TE|W/R/T
2,19.35,Bring back Kellen,Starter,Jordy Nelson,LV,WR|W/R/T
2,2.15,Bring back Kellen,Non-Starter,Golden Tate,Ten,WR|W/R/T
2,18.55,Bring back Kellen,Non-Starter,James Jones,GB,WR|W/R/T
2,1.6,Bring back Kellen,Non-Starter,Isaac Redman,Pit,RB|W/R/T
2,4.25,Bring back Kellen,Non-Starter,Daniel Thomas,Mia,RB|W/R/T
2,5.5,Bring back Kellen,Non-Starter,Jacquizz Rodgers,TB,RB|W/R/T
2,11.75,Bring back Kellen,Non-Starter,Chris Givens,Bal,WR|W/R/T
2,15.0,Bring back Kellen,Starter,Cincinnati Bengals,Cin,DEF
3,14.14,Bring back Kellen,Starter,Ryan Tannehill,Ten,QB
3,11.6,Bring back Kellen,Starter,A.J. Green,Ari,WR|W/R/T
3,21.3,Bring back Kellen,Starter,Eric Decker,Ten,WR|W/R/T
3,24.95,Bring back Kellen,Starter,Jamaal Charles,Jax,RB|W/R/T
3,11.95,Bring back Kellen,Starter,DeAngelo Williams,Pit,RB|W/R/T
3,1.7,Bring back Kellen,Starter,Jermaine Gresham,Ari,TE|W/R/T
3,11.3,Bring back Kellen,Starter,Jordy Nelson,LV,WR|W/R/T
3,12.95,Bring back Kellen,Non-Starter,Golden Tate,Ten,WR|W/R/T
3,10.4,Bring back Kellen,Non-Starter,James Jones,GB,WR|W/R/T
3,9.95,Bring back Kellen,Non-Starter,Daniel Thomas,Mia,RB|W/R/T
3,9.8,Bring back Kellen,Non-Starter,Jacquizz Rodgers,TB,RB|W/R/T
3,3.5,Bring back Kellen,Non-Starter,Chris Givens,Bal,WR|W/R/T
3,6.25,Bring back Kellen,Non-Starter,Andre Ellington,Hou,RB|W/R/T
3,6.5,Bring back Kellen,Starter,Buffalo Bills,Buf,DEF
4,15.32,Bring back Kellen,Starter,Ben Roethlisberger,Pit,QB
4,6.85,Bring back Kellen,Starter,A.J. Green,Ari,WR|W/R/T
4,10.05,Bring back Kellen,Starter,Eric Decker,Ten,WR|W/R/T
4,19.95,Bring back Kellen,Starter,Jamaal Charles,Jax,RB|W/R/T
4,10.3,Bring back Kellen,Starter,Jacquizz Rodgers,TB,RB|W/R/T
4,8.5,Bring back Kellen,Starter,Heath Miller,Pit,TE|W/R/T
4,2.45,Bring back Kellen,Starter,Golden Tate,Ten,WR|W/R/T
4,0.85,Bring back Kellen,Non-Starter,Daniel Thomas,Mia,RB|W/R/T
4,10.76,Bring back Kellen,Non-Starter,Ryan Tannehill,Ten,QB
4,5.85,Bring back Kellen,Non-Starter,Andre Ellington,Hou,RB|W/R/T
4,0.0,Bring back Kellen,Non-Starter,Jordy Nelson,LV,WR|W/R/T
4,0.0,Bring back Kellen,Non-Starter,DeAngelo Williams,Pit,RB|W/R/T
4,0.0,Bring back Kellen,Non-Starter,James Jones,GB,WR|W/R/T
4,13.5,Bring back Kellen,Starter,Baltimore,Bal,DEF
5,16.88,Bring back Kellen,Starter,Ryan Tannehill,Ten,QB
5,7.35,Bring back Kellen,Starter,A.J. Green,Ari,WR|W/R/T
5,13.95,Bring back Kellen,Starter,Eric Decker,Ten,WR|W/R/T
5,19.75,Bring back Kellen,Starter,Jamaal Charles,Jax,RB|W/R/T
5,7.4,Bring back Kellen,Starter,DeAngelo Williams,Pit,RB|W/R/T
5,0.0,Bring back Kellen,Starter,Dallas Clark,Bal,TE|W/R/T
5,9.45,Bring back Kellen,Starter,Jordy Nelson,LV,WR|W/R/T
5,7.6,Bring back Kellen,Non-Starter,David Wilson,NYG,RB|W/R/T
5,0.0,Bring back Kellen,Non-Starter,Heath Miller,Pit,TE|W/R/T
5,18.8,Bring back Kellen,Non-Starter,Jacquizz Rodgers,TB,RB|W/R/T
5,9.3,Bring back Kellen,Non-Starter,Andre Ellington,Hou,RB|W/R/T
5,19.7,Bring back Kellen,Non-Starter,James Jones,GB,WR|W/R/T
5,0.0,Bring back Kellen,Non-Starter,Jonathan Stewart,NYG,RB|W/R/T
5,22.0,Bring back Kellen,Starter,Cleveland Browns,Cle,DEF
6,15.66,Bring back Kellen,Starter,Ben Roethlisberger,Pit,QB
6,6.25,Bring back Kellen,Starter,Eric Decker,Ten,WR|W/R/T
6,17.8,Bring back Kellen,Starter,A.J. Green,Ari,WR|W/R/T
6,26.05,Bring back Kellen,Starter,Jamaal Charles,Jax,RB|W/R/T
6,12.95,Bring back Kellen,Starter,DeAngelo Williams,Pit,RB|W/R/T
6,9.9,Bring back Kellen,Starter,Heath Miller,Pit,TE|W/R/T
6,18.3,Bring back Kellen,Starter,Jordy Nelson,LV,WR|W/R/T
6,0.0,Bring back Kellen,Non-Starter,Ryan Tannehill,Ten,QB
6,1.25,Bring back Kellen,Non-Starter,James Jones,GB,WR|W/R/T
6,0.0,Bring back Kellen,Non-Starter,David Wilson,NYG,RB|W/R/T
6,0.0,Bring back Kellen,Non-Starter,Jacquizz Rodgers,TB,RB|W/R/T
6,16.45,Bring back Kellen,Non-Starter,Andre Ellington,Hou,RB|W/R/T
6,0.0,Bring back Kellen,Non-Starter,Jonathan Stewart,NYG,RB|W/R/T
6,4.5,Bring back Kellen,Starter,Cleveland Browns,Cle,DEF
7,12.26,Bring back Kellen,Starter,Ryan Tannehill,Ten,QB
7,23.0,Bring back Kellen,Starter,Eric Decker,Ten,WR|W/R/T
7,23.0,Bring back Kellen,Starter,A.J. Green,Ari,WR|W/R/T
7,17.05,Bring back Kellen,Starter,Jamaal Charles,Jax,RB|W/R/T
7,6.15,Bring back Kellen,Starter,DeAngelo Williams,Pit,RB|W/R/T
7,6.2,Bring back Kellen,Starter,Heath Miller,Pit,TE|W/R/T
7,11.45,Bring back Kellen,Starter,Jordy Nelson,LV,WR|W/R/T
7,0.0,Bring back Kellen,Non-Starter,James Jones,GB,WR|W/R/T
7,20.2,Bring back Kellen,Non-Starter,Jacquizz Rodgers,TB,RB|W/R/T
7,1.8,Bring back Kellen,Non-Starter,Andre Ellington,Hou,RB|W/R/T
7,1.5,Bring back Kellen,Non-Starter,Chris Ogbonnaya,NYG,RB|W/R/T
7,0.0,Bring back Kellen,Non-Starter,Shane Vereen,NYG,RB|W/R/T
7,0.0,Bring back Kellen,Non-Starter,Andre Brown,NYG,RB|W/R/T
7,5.5,Bring back Kellen,Starter,Tennessee Titans,Ten,DEF
8,10.88,Bring back Kellen,Starter,Ryan Tannehill,Ten,QB
8,12.25,Bring back Kellen,Starter,A.J. Green,Ari,WR|W/R/T
8,5.2,Bring back Kellen,Starter,Eric Decker,Ten,WR|W/R/T
8,13.25,Bring back Kellen,Starter,Jamaal Charles,Jax,RB|W/R/T
8,11.35,Bring back Kellen,Starter,DeAngelo Williams,Pit,RB|W/R/T
8,2.65,Bring back Kellen,Starter,Heath Miller,Pit,TE|W/R/T
8,26.05,Bring back Kellen,Starter,Jordy Nelson,LV,WR|W/R/T
8,0.0,Bring back Kellen,Non-Starter,James Jones,GB,WR|W/R/T
8,2.4,Bring back Kellen,Non-Starter,Jacquizz Rodgers,TB,RB|W/R/T
8,22.7,Bring back Kellen,Non-Starter,Andre Ellington,Hou,RB|W/R/T
8,0.0,Bring back Kellen,Non-Starter,Shane Vereen,NYG,RB|W/R/T
8,0.0,Bring back Kellen,Non-Starter,Andre Brown,NYG,RB|W/R/T
8,0.0,Bring back Kellen,Non-Starter,Jake Locker,Ten,QB
8,16.5,Bring back Kellen,Starter,New Orleans Saints,NO,DEF
9,10.4,Bring back Kellen,Starter,Jake Locker,Ten,QB
9,15.55,Bring back Kellen,Starter,A.J. Green,Ari,WR|W/R/T
9,7.7,Bring back Kellen,Starter,Jordy Nelson,LV,WR|W/R/T
9,11.1,Bring back Kellen,Starter,Jamaal Charles,Jax,RB|W/R/T
9,5.9,Bring back Kellen,Starter,DeAngelo Williams,Pit,RB|W/R/T
9,5.3,Bring back Kellen,Starter,Heath Miller,Pit,TE|W/R/T
9,8.5,Bring back Kellen,Starter,Lance Moore,Det,WR|W/R/T
9,1.95,Bring back Kellen,Non-Starter,James Jones,GB,WR|W/R/T
9,0.0,Bring back Kellen,Non-Starter,Eric Decker,Ten,WR|W/R/T
9,3.9,Bring back Kellen,Non-Starter,Jacquizz Rodgers,TB,RB|W/R/T
9,0.0,Bring back Kellen,Non-Starter,Andre Ellington,Hou,RB|W/R/T
9,0.0,Bring back Kellen,Non-Starter,Shane Vereen,NYG,RB|W/R/T
9,0.0,Bring back Kellen,Non-Starter,Andre Brown,NYG,RB|W/R/T
9,5.0,Bring back Kellen,Starter,New Orleans Saints,NO,DEF
10,-1.24,Bring back Kellen,Starter,Jake Locker,Ten,QB
10,23.1,Bring back Kellen,Starter,A.J. Green,Ari,WR|W/R/T
10,7.1,Bring back Kellen,Starter,Jordy Nelson,LV,WR|W/R/T
10,18.15,Bring back Kellen,Starter,Andre Brown,NYG,RB|W/R/T
10,7.8,Bring back Kellen,Starter,Andre Ellington,Hou,RB|W/R/T
10,2.3,Bring back Kellen,Starter,Garrett Graham,Hou,TE|W/R/T
10,5.95,Bring back Kellen,Starter,Eric Decker,Ten,WR|W/R/T
10,12.0,Bring back Kellen,Non-Starter,Jay Cutler,Mia,QB
10,5.4,Bring back Kellen,Non-Starter,James Jones,GB,WR|W/R/T
10,10.6,Bring back Kellen,Non-Starter,DeAngelo Williams,Pit,RB|W/R/T
10,0.0,Bring back Kellen,Non-Starter,Jamaal Charles,Jax,RB|W/R/T
10,7.15,Bring back Kellen,Non-Starter,Jacquizz Rodgers,TB,RB|W/R/T
10,0.0,Bring back Kellen,Non-Starter,Shane Vereen,NYG,RB|W/R/T
10,10.5,Bring back Kellen,Starter,New Orleans Saints,NO,DEF
11,7.92,Bring back Kellen,Starter,Jason Campbell,Cin,QB
11,1.2,Bring back Kellen,Starter,A.J. Green,Ari,WR|W/R/T
11,8.35,Bring back Kellen,Starter,Eric Decker,Ten,WR|W/R/T
11,10.05,Bring back Kellen,Starter,Andre Brown,NYG,RB|W/R/T
11,7.7,Bring back Kellen,Starter,Jamaal Charles,Jax,RB|W/R/T
11,8.15,Bring back Kellen,Starter,John Carlson,Ari,TE|W/R/T
11,1.8,Bring back Kellen,Starter,Andre Ellington,Hou,RB|W/R/T
11,13.7,Bring back Kellen,Non-Starter,Jordy Nelson,LV,WR|W/R/T
11,0.0,Bring back Kellen,Non-Starter,Jay Cutler,Mia,QB
11,6.0,Bring back Kellen,Non-Starter,James Jones,GB,WR|W/R/T
11,3.0,Bring back Kellen,Non-Starter,DeAngelo Williams,Pit,RB|W/R/T
11,3.25,Bring back Kellen,Non-Starter,Jacquizz Rodgers,TB,RB|W/R/T
11,9.2,Bring back Kellen,Non-Starter,Shane Vereen,NYG,RB|W/R/T
11,11.0,Bring back Kellen,Starter,New Orleans Saints,NO,DEF
12,16.18,Bring back Kellen,Starter,Mike Glennon,Mia,QB
12,0.75,Bring back Kellen,Starter,Eric Decker,Ten,WR|W/R/T
12,6.8,Bring back Kellen,Starter,Jordy Nelson,LV,WR|W/R/T
12,16.8,Bring back Kellen,Starter,Andre Brown,NYG,RB|W/R/T
12,28.7,Bring back Kellen,Starter,Jamaal Charles,Jax,RB|W/R/T
12,4.35,Bring back Kellen,Starter,John Carlson,Ari,TE|W/R/T
12,11.1,Bring back Kellen,Starter,Shane Vereen,NYG,RB|W/R/T
12,20.56,Bring back Kellen,Non-Starter,Carson Palmer,Ari,QB
12,7.6,Bring back Kellen,Non-Starter,Andre Ellington,Hou,RB|W/R/T
12,0.0,Bring back Kellen,Non-Starter,A.J. Green,Ari,WR|W/R/T
12,9.75,Bring back Kellen,Non-Starter,James Jones,GB,WR|W/R/T
12,5.2,Bring back Kellen,Non-Starter,DeAngelo Williams,Pit,RB|W/R/T
12,4.3,Bring back Kellen,Non-Starter,Jacquizz Rodgers,TB,RB|W/R/T
12,13.0,Bring back Kellen,Starter,New Orleans Saints,NO,DEF
13,17.98,Bring back Kellen,Starter,Carson Palmer,Ari,QB
13,1.9,Bring back Kellen,Starter,Jordy Nelson,LV,WR|W/R/T
13,15.55,Bring back Kellen,Starter,A.J. Green,Ari,WR|W/R/T
13,18.55,Bring back Kellen,Starter,Andre Brown,NYG,RB|W/R/T
13,18.5,Bring back Kellen,Starter,Jamaal Charles,Jax,RB|W/R/T
13,7.1,Bring back Kellen,Starter,John Carlson,Ari,TE|W/R/T
13,14.75,Bring back Kellen,Starter,Shane Vereen,NYG,RB|W/R/T
13,43.4,Bring back Kellen,Non-Starter,Eric Decker,Ten,WR|W/R/T
13,3.5,Bring back Kellen,Non-Starter,Mike Glennon,Mia,QB
13,0.0,Bring back Kellen,Non-Starter,Andre Ellington,Hou,RB|W/R/T
13,8.65,Bring back Kellen,Non-Starter,James Jones,GB,WR|W/R/T
13,0.0,Bring back Kellen,Non-Starter,DeAngelo Williams,Pit,RB|W/R/T
13,2.55,Bring back Kellen,Non-Starter,Jacquizz Rodgers,TB,RB|W/R/T
13,4.0,Bring back Kellen,Starter,New Orleans Saints,NO,DEF
14,14.66,Bring back Kellen,Starter,Carson Palmer,Ari,QB
14,9.5,Bring back Kellen,Starter,Jordy Nelson,LV,WR|W/R/T
14,14.7,Bring back Kellen,Starter,A.J. Green,Ari,WR|W/R/T
14,8.35,Bring back Kellen,Starter,Andre Brown,NYG,RB|W/R/T
14,28.3,Bring back Kellen,Starter,Jamaal Charles,Jax,RB|W/R/T
14,2.4,Bring back Kellen,Starter,John Carlson,Ari,TE|W/R/T
14,25.2,Bring back Kellen,Starter,Shane Vereen,NYG,RB|W/R/T
14,19.7,Bring back Kellen,Non-Starter,Eric Decker,Ten,WR|W/R/T
14,7.6,Bring back Kellen,Non-Starter,Mike Glennon,Mia,QB
14,12.8,Bring back Kellen,Non-Starter,Andre Ellington,Hou,RB|W/R/T
14,2.9,Bring back Kellen,Non-Starter,James Jones,GB,WR|W/R/T
14,6.55,Bring back Kellen,Non-Starter,DeAngelo Williams,Pit,RB|W/R/T
14,5.45,Bring back Kellen,Non-Starter,Jacquizz Rodgers,TB,RB|W/R/T
14,13.5,Bring back Kellen,Starter,New Orleans Saints,NO,DEF
15,10.62,Bring back Kellen,Starter,Jason Campbell,Cin,QB
15,13.35,Bring back Kellen,Starter,Jordy Nelson,LV,WR|W/R/T
15,11.55,Bring back Kellen,Starter,A.J. Green,Ari,WR|W/R/T
15,3.6,Bring back Kellen,Starter,Andre Brown,NYG,RB|W/R/T
15,53.5,Bring back Kellen,Starter,Jamaal Charles,Jax,RB|W/R/T
15,2.9,Bring back Kellen,Starter,Dennis Pitta,Bal,TE|W/R/T
15,2.85,Bring back Kellen,Starter,Shane Vereen,NYG,RB|W/R/T
15,13.14,Bring back Kellen,Non-Starter,Carson Palmer,Ari,QB
15,4.7,Bring back Kellen,Non-Starter,Eric Decker,Ten,WR|W/R/T
15,16.8,Bring back Kellen,Non-Starter,Andre Ellington,Hou,RB|W/R/T
15,11.65,Bring back Kellen,Non-Starter,James Jones,GB,WR|W/R/T
15,23.55,Bring back Kellen,Non-Starter,DeAngelo Williams,Pit,RB|W/R/T
15,5.1,Bring back Kellen,Non-Starter,Jacquizz Rodgers,TB,RB|W/R/T
15,2.5,Bring back Kellen,Starter,New Orleans Saints,NO,DEF
16,5.22,Bring back Kellen,Starter,Jason Campbell,Cin,QB
16,5.35,Bring back Kellen,Starter,Jordy Nelson,LV,WR|W/R/T
16,23.45,Bring back Kellen,Starter,A.J. Green,Ari,WR|W/R/T
16,3.9,Bring back Kellen,Starter,Andre Brown,NYG,RB|W/R/T
16,21.65,Bring back Kellen,Starter,Jamaal Charles,Jax,RB|W/R/T
16,4.4,Bring back Kellen,Starter,Dennis Pitta,Bal,TE|W/R/T
16,7.25,Bring back Kellen,Starter,Shane Vereen,NYG,RB|W/R/T
16,2.82,Bring back Kellen,Non-Starter,Carson Palmer,Ari,QB
16,27.6,Bring back Kellen,Non-Starter,Eric Decker,Ten,WR|W/R/T
16,7.7,Bring back Kellen,Non-Starter,Andre Ellington,Hou,RB|W/R/T
16,10.65,Bring back Kellen,Non-Starter,James Jones,GB,WR|W/R/T
16,12.95,Bring back Kellen,Non-Starter,DeAngelo Williams,Pit,RB|W/R/T
16,3.25,Bring back Kellen,Non-Starter,Jacquizz Rodgers,TB,RB|W/R/T
16,13.0,Bring back Kellen,Starter,New Orleans Saints,NO,DEF
1,16.42,Spicy Suisham Pork,Starter,Tony Romo,Dal,QB
1,10.2,Spicy Suisham Pork,Starter,Torrey Smith,Car,WR|W/R/T
1,12.2,Spicy Suisham Pork,Starter,Mike Williams,Buf,WR|W/R/T
1,8.2,Spicy Suisham Pork,Starter,Trenton Richardson,Ind,RB|W/R/T
1,26.1,Spicy Suisham Pork,Starter,Reggie Bush,Buf,RB|W/R/T
1,25.85,Spicy Suisham Pork,Starter,Jared Cook,LAC,TE|W/R/T
1,12.0,Spicy Suisham Pork,Starter,Ryan Mathews,Phi,RB|W/R/T
1,0.0,Spicy Suisham Pork,Non-Starter,Le'Veon Bell,TB,RB|W/R/T
1,9.7,Spicy Suisham Pork,Non-Starter,Miles Austin,Phi,WR|W/R/T
1,4.7,Spicy Suisham Pork,Non-Starter,Ronnie Hillman,LAC,RB|W/R/T
1,7.8,Spicy Suisham Pork,Non-Starter,Vincent Brown,LAC,WR|W/R/T
1,16.3,Spicy Suisham Pork,Non-Starter,E.J. Manuel,LV,QB
1,7.85,Spicy Suisham Pork,Non-Starter,DeAndre Hopkins,Bal,WR|W/R/T
1,15.0,Spicy Suisham Pork,Starter,Washington Commanders,Was,DEF
2,14.22,Spicy Suisham Pork,Starter,Tony Romo,Dal,QB
2,10.25,Spicy Suisham Pork,Starter,Torrey Smith,Car,WR|W/R/T
2,1.4,Spicy Suisham Pork,Starter,Mike Williams,Buf,WR|W/R/T
2,9.15,Spicy Suisham Pork,Starter,Trenton Richardson,Ind,RB|W/R/T
2,7.65,Spicy Suisham Pork,Starter,Reggie Bush,Buf,RB|W/R/T
2,1.25,Spicy Suisham Pork,Starter,Jared Cook,LAC,TE|W/R/T
2,5.85,Spicy Suisham Pork,Starter,Ryan Mathews,Phi,RB|W/R/T
2,0.0,Spicy Suisham Pork,Non-Starter,Le'Veon Bell,TB,RB|W/R/T
2,3.85,Spicy Suisham Pork,Non-Starter,Miles Austin,Phi,WR|W/R/T
2,0.3,Spicy Suisham Pork,Non-Starter,Ronnie Hillman,LAC,RB|W/R/T
2,3.6,Spicy Suisham Pork,Non-Starter,Vincent Brown,LAC,WR|W/R/T
2,15.14,Spicy Suisham Pork,Non-Starter,E.J. Manuel,LV,QB
2,19.45,Spicy Suisham Pork,Non-Starter,DeAndre Hopkins,Bal,WR|W/R/T
2,7.0,Spicy Suisham Pork,Starter,Carolina Panthers,Car,DEF
3,20.4,Spicy Suisham Pork,Starter,Tony Romo,Dal,QB
3,10.45,Spicy Suisham Pork,Starter,Torrey Smith,Car,WR|W/R/T
3,7.5,Spicy Suisham Pork,Starter,DeAndre Hopkins,Bal,WR|W/R/T
3,9.5,Spicy Suisham Pork,Starter,Trenton Richardson,Ind,RB|W/R/T
3,5.8,Spicy Suisham Pork,Starter,Ryan Mathews,Phi,RB|W/R/T
3,5.65,Spicy Suisham Pork,Starter,Jared Cook,LAC,TE|W/R/T
3,5.5,Spicy Suisham Pork,Starter,James Starks,GB,RB|W/R/T
3,0.0,Spicy Suisham Pork,Non-Starter,Reggie Bush,Buf,RB|W/R/T
3,7.75,Spicy Suisham Pork,Non-Starter,Mike Williams,Buf,WR|W/R/T
3,0.0,Spicy Suisham Pork,Non-Starter,Le'Veon Bell,TB,RB|W/R/T
3,2.7,Spicy Suisham Pork,Non-Starter,Miles Austin,Phi,WR|W/R/T
3,1.6,Spicy Suisham Pork,Non-Starter,Vincent Brown,LAC,WR|W/R/T
3,0.9,Spicy Suisham Pork,Non-Starter,Willis McGahee,Cle,RB|W/R/T
3,6.0,Spicy Suisham Pork,Starter,Los Angeles Chargers,LAC,DEF
4,19.34,Spicy Suisham Pork,Starter,Tony Romo,Dal,QB
4,23.85,Spicy Suisham Pork,Starter,Torrey Smith,Car,WR|W/R/T
4,24.9,Spicy Suisham Pork,Starter,Victor Cruz,NYG,WR|W/R/T
4,12.85,Spicy Suisham Pork,Starter,Trenton Richardson,Ind,RB|W/R/T
4,24.3,Spicy Suisham Pork,Starter,Reggie Bush,Buf,RB|W/R/T
4,5.5,Spicy Suisham Pork,Starter,Jared Cook,LAC,TE|W/R/T
4,3.65,Spicy Suisham Pork,Starter,Jason Snelling,Atl,RB|W/R/T
4,3.2,Spicy Suisham Pork,Non-Starter,DeAndre Hopkins,Bal,WR|W/R/T
4,11.3,Spicy Suisham Pork,Non-Starter,Ryan Mathews,Phi,RB|W/R/T
4,10.8,Spicy Suisham Pork,Non-Starter,Mike Williams,Buf,WR|W/R/T
4,21.4,Spicy Suisham Pork,Non-Starter,Le'Veon Bell,TB,RB|W/R/T
4,0.0,Spicy Suisham Pork,Non-Starter,Miles Austin,Phi,WR|W/R/T
4,5.85,Spicy Suisham Pork,Non-Starter,Vincent Brown,LAC,WR|W/R/T
4,28.0,Spicy Suisham Pork,Starter,Indianapolis Colts,Ind,DEF
5,40.94,Spicy Suisham Pork,Starter,Tony Romo,Dal,QB
5,13.6,Spicy Suisham Pork,Starter,Torrey Smith,Car,WR|W/R/T
5,6.05,Spicy Suisham Pork,Starter,Victor Cruz,NYG,WR|W/R/T
5,5.6,Spicy Suisham Pork,Starter,Trenton Richardson,Ind,RB|W/R/T
5,7.9,Spicy Suisham Pork,Starter,Reggie Bush,Buf,RB|W/R/T
5,3.35,Spicy Suisham Pork,Starter,Jared Cook,LAC,TE|W/R/T
5,0.8,Spicy Suisham Pork,Starter,Ryan Mathews,Phi,RB|W/R/T
5,9.55,Spicy Suisham Pork,Non-Starter,Jason Snelling,Atl,RB|W/R/T
5,2.8,Spicy Suisham Pork,Non-Starter,DeAndre Hopkins,Bal,WR|W/R/T
5,0.0,Spicy Suisham Pork,Non-Starter,Mike Williams,Buf,WR|W/R/T
5,0.0,Spicy Suisham Pork,Non-Starter,Le'Veon Bell,TB,RB|W/R/T
5,0.0,Spicy Suisham Pork,Non-Starter,Miles Austin,Phi,WR|W/R/T
5,13.45,Spicy Suisham Pork,Non-Starter,Vincent Brown,LAC,WR|W/R/T
5,8.0,Spicy Suisham Pork,Starter,Buffalo Bills,Buf,DEF
6,8.8,Spicy Suisham Pork,Starter,Tony Romo,Dal,QB
6,1.45,Spicy Suisham Pork,Starter,Torrey Smith,Car,WR|W/R/T
6,7.8,Spicy Suisham Pork,Starter,Victor Cruz,NYG,WR|W/R/T
6,5.55,Spicy Suisham Pork,Starter,Trenton Richardson,Ind,RB|W/R/T
6,20.75,Spicy Suisham Pork,Starter,Reggie Bush,Buf,RB|W/R/T
6,3.0,Spicy Suisham Pork,Starter,Garrett Graham,Hou,TE|W/R/T
6,6.35,Spicy Suisham Pork,Starter,Le'Veon Bell,TB,RB|W/R/T
6,5.0,Spicy Suisham Pork,Non-Starter,Jared Cook,LAC,TE|W/R/T
6,10.2,Spicy Suisham Pork,Non-Starter,Ryan Mathews,Phi,RB|W/R/T
6,3.45,Spicy Suisham Pork,Non-Starter,DeAndre Hopkins,Bal,WR|W/R/T
6,0.0,Spicy Suisham Pork,Non-Starter,Mike Williams,Buf,WR|W/R/T
6,3.6,Spicy Suisham Pork,Non-Starter,Vincent Brown,LAC,WR|W/R/T
6,0.0,Spicy Suisham Pork,Non-Starter,Harry Douglas,Ten,WR|W/R/T
6,8.0,Spicy Suisham Pork,Starter,Philadelphia Eagles,Phi,DEF
7,12.88,Spicy Suisham Pork,Starter,Tony Romo,Dal,QB
7,6.85,Spicy Suisham Pork,Starter,Torrey Smith,Car,WR|W/R/T
7,6.25,Spicy Suisham Pork,Starter,Victor Cruz,NYG,WR|W/R/T
7,1.7,Spicy Suisham Pork,Starter,Trenton Richardson,Ind,RB|W/R/T
7,10.15,Spicy Suisham Pork,Starter,Reggie Bush,Buf,RB|W/R/T
7,4.55,Spicy Suisham Pork,Starter,Garrett Graham,Hou,TE|W/R/T
7,17.0,Spicy Suisham Pork,Starter,Ryan Mathews,Phi,RB|W/R/T
7,10.15,Spicy Suisham Pork,Non-Starter,Le'Veon Bell,TB,RB|W/R/T
7,14.35,Spicy Suisham Pork,Non-Starter,DeAndre Hopkins,Bal,WR|W/R/T
7,4.2,Spicy Suisham Pork,Non-Starter,Mike Williams,Buf,WR|W/R/T
7,22.65,Spicy Suisham Pork,Non-Starter,Harry Douglas,Ten,WR|W/R/T
7,0.0,Spicy Suisham Pork,Non-Starter,Khiry Robinson,NYJ,RB|W/R/T
7,0.0,Spicy Suisham Pork,Non-Starter,Michael Crabtree,Ari,WR|W/R/T
7,19.0,Spicy Suisham Pork,Starter,Los Angeles Chargers,LAC,DEF
8,20.84,Spicy Suisham Pork,Starter,Tony Romo,Dal,QB
8,10.35,Spicy Suisham Pork,Starter,Victor Cruz,NYG,WR|W/R/T
8,15.1,Spicy Suisham Pork,Starter,Harry Douglas,Ten,WR|W/R/T
8,18.2,Spicy Suisham Pork,Starter,Reggie Bush,Buf,RB|W/R/T
8,12.35,Spicy Suisham Pork,Starter,Le'Veon Bell,TB,RB|W/R/T
8,11.0,Spicy Suisham Pork,Starter,Jordan Reed,SF,TE|W/R/T
8,6.4,Spicy Suisham Pork,Starter,Kris Durham,Ten,WR|W/R/T
8,0.0,Spicy Suisham Pork,Non-Starter,Ryan Mathews,Phi,RB|W/R/T
8,0.0,Spicy Suisham Pork,Non-Starter,Torrey Smith,Car,WR|W/R/T
8,0.0,Spicy Suisham Pork,Non-Starter,Trenton Richardson,Ind,RB|W/R/T
8,0.9,Spicy Suisham Pork,Non-Starter,Khiry Robinson,NYJ,RB|W/R/T
8,0.0,Spicy Suisham Pork,Non-Starter,Michael Crabtree,Ari,WR|W/R/T
8,9.8,Spicy Suisham Pork,Non-Starter,Montee Ball,Den,RB|W/R/T
8,13.0,Spicy Suisham Pork,Starter,Philadelphia Eagles,Phi,DEF
9,20.28,Spicy Suisham Pork,Starter,Tony Romo,Dal,QB
9,8.95,Spicy Suisham Pork,Starter,Harry Douglas,Ten,WR|W/R/T
9,9.05,Spicy Suisham Pork,Starter,Torrey Smith,Car,WR|W/R/T
9,14.9,Spicy Suisham Pork,Starter,Le'Veon Bell,TB,RB|W/R/T
9,5.8,Spicy Suisham Pork,Starter,Trenton Richardson,Ind,RB|W/R/T
9,6.5,Spicy Suisham Pork,Starter,Jordan Reed,SF,TE|W/R/T
9,3.4,Spicy Suisham Pork,Starter,Ryan Mathews,Phi,RB|W/R/T
9,0.0,Spicy Suisham Pork,Non-Starter,Reggie Bush,Buf,RB|W/R/T
9,0.0,Spicy Suisham Pork,Non-Starter,Victor Cruz,NYG,WR|W/R/T
9,0.0,Spicy Suisham Pork,Non-Starter,Michael Crabtree,Ari,WR|W/R/T
9,0.0,Spicy Suisham Pork,Non-Starter,Montee Ball,Den,RB|W/R/T
9,0.0,Spicy Suisham Pork,Non-Starter,Nate Burleson,Det,WR|W/R/T
9,7.25,Spicy Suisham Pork,Non-Starter,Jonathan Stewart,NYG,RB|W/R/T
9,3.0,Spicy Suisham Pork,Starter,Indianapolis Colts,Ind,DEF
10,9.12,Spicy Suisham Pork,Starter,Tony Romo,Dal,QB
10,4.45,Spicy Suisham Pork,Starter,Victor Cruz,NYG,WR|W/R/T
10,11.85,Spicy Suisham Pork,Starter,Torrey Smith,Car,WR|W/R/T
10,16.35,Spicy Suisham Pork,Starter,Le'Veon Bell,TB,RB|W/R/T
10,4.25,Spicy Suisham Pork,Starter,Trenton Richardson,Ind,RB|W/R/T
10,13.7,Spicy Suisham Pork,Starter,Jordan Reed,SF,TE|W/R/T
10,12.05,Spicy Suisham Pork,Starter,Reggie Bush,Buf,RB|W/R/T
10,4.65,Spicy Suisham Pork,Non-Starter,Harry Douglas,Ten,WR|W/R/T
10,12.35,Spicy Suisham Pork,Non-Starter,Ryan Mathews,Phi,RB|W/R/T
10,0.0,Spicy Suisham Pork,Non-Starter,Michael Crabtree,Ari,WR|W/R/T
10,2.0,Spicy Suisham Pork,Non-Starter,Montee Ball,Den,RB|W/R/T
10,0.0,Spicy Suisham Pork,Non-Starter,Nate Burleson,Det,WR|W/R/T
10,4.1,Spicy Suisham Pork,Non-Starter,Jonathan Stewart,NYG,RB|W/R/T
10,8.0,Spicy Suisham Pork,Starter,Indianapolis Colts,Ind,DEF
11,12.54,Spicy Suisham Pork,Starter,Josh McCown,Hou,QB
11,13.0,Spicy Suisham Pork,Starter,Victor Cruz,NYG,WR|W/R/T
11,10.45,Spicy Suisham Pork,Starter,Torrey Smith,Car,WR|W/R/T
11,9.8,Spicy Suisham Pork,Starter,Le'Veon Bell,TB,RB|W/R/T
11,3.9,Spicy Suisham Pork,Starter,Reggie Bush,Buf,RB|W/R/T
11,1.45,Spicy Suisham Pork,Starter,Jordan Reed,SF,TE|W/R/T
11,20.9,Spicy Suisham Pork,Starter,Harry Douglas,Ten,WR|W/R/T
11,0.0,Spicy Suisham Pork,Non-Starter,Tony Romo,Dal,QB
11,14.8,Spicy Suisham Pork,Non-Starter,Ryan Mathews,Phi,RB|W/R/T
11,6.55,Spicy Suisham Pork,Non-Starter,Trenton Richardson,Ind,RB|W/R/T
11,16.85,Spicy Suisham Pork,Non-Starter,Montee Ball,Den,RB|W/R/T
11,0.0,Spicy Suisham Pork,Non-Starter,Nate Burleson,Det,WR|W/R/T
11,1.0,Spicy Suisham Pork,Non-Starter,Jonathan Stewart,NYG,RB|W/R/T
11,24.5,Spicy Suisham Pork,Starter,Buffalo Bills,Buf,DEF
12,15.46,Spicy Suisham Pork,Starter,Tony Romo,Dal,QB
12,1.2,Spicy Suisham Pork,Starter,Victor Cruz,NYG,WR|W/R/T
12,7.9,Spicy Suisham Pork,Starter,Torrey Smith,Car,WR|W/R/T
12,10.3,Spicy Suisham Pork,Starter,Le'Veon Bell,TB,RB|W/R/T
12,11.0,Spicy Suisham Pork,Starter,Reggie Bush,Buf,RB|W/R/T
12,5.35,Spicy Suisham Pork,Starter,Heath Miller,Pit,TE|W/R/T
12,10.15,Spicy Suisham Pork,Starter,Harry Douglas,Ten,WR|W/R/T
12,0.0,Spicy Suisham Pork,Non-Starter,Jordan Reed,SF,TE|W/R/T
12,13.0,Spicy Suisham Pork,Non-Starter,Ryan Mathews,Phi,RB|W/R/T
12,3.1,Spicy Suisham Pork,Non-Starter,Trenton Richardson,Ind,RB|W/R/T
12,4.45,Spicy Suisham Pork,Non-Starter,Montee Ball,Den,RB|W/R/T
12,15.45,Spicy Suisham Pork,Non-Starter,Nate Burleson,Det,WR|W/R/T
12,3.65,Spicy Suisham Pork,Non-Starter,Jonathan Stewart,NYG,RB|W/R/T
12,14.0,Spicy Suisham Pork,Starter,Houston Texans,Hou,DEF
13,12.9,Spicy Suisham Pork,Starter,Tony Romo,Dal,QB
13,0.0,Spicy Suisham Pork,Starter,Nate Burleson,Det,WR|W/R/T
13,9.5,Spicy Suisham Pork,Starter,Victor Cruz,NYG,WR|W/R/T
13,21.35,Spicy Suisham Pork,Starter,Le'Veon Bell,TB,RB|W/R/T
13,23.45,Spicy Suisham Pork,Starter,Reggie Bush,Buf,RB|W/R/T
13,0.0,Spicy Suisham Pork,Starter,Jordan Reed,SF,TE|W/R/T
13,8.8,Spicy Suisham Pork,Starter,Harry Douglas,Ten,WR|W/R/T
13,10.6,Spicy Suisham Pork,Non-Starter,Heath Miller,Pit,TE|W/R/T
13,16.8,Spicy Suisham Pork,Non-Starter,Torrey Smith,Car,WR|W/R/T
13,10.45,Spicy Suisham Pork,Non-Starter,Ryan Mathews,Phi,RB|W/R/T
13,1.9,Spicy Suisham Pork,Non-Starter,Trenton Richardson,Ind,RB|W/R/T
13,12.35,Spicy Suisham Pork,Non-Starter,Montee Ball,Den,RB|W/R/T
13,4.7,Spicy Suisham Pork,Non-Starter,Jonathan Stewart,NYG,RB|W/R/T
13,3.0,Spicy Suisham Pork,Starter,Pittsburgh Steelers,Pit,DEF
1,24.92,AirBudGoldenReceiver,Starter,Andrew Luck,Ind,QB
1,2.4,AirBudGoldenReceiver,Starter,Roddy White,Atl,WR|W/R/T
1,22.0,AirBudGoldenReceiver,Starter,Larry Fitzgerald,Ari,WR|W/R/T
1,10.85,AirBudGoldenReceiver,Starter,Daryl Richardson,Pit,RB|W/R/T
1,1.1,AirBudGoldenReceiver,Starter,Mark Ingram II,NO,RB|W/R/T
1,23.3,AirBudGoldenReceiver,Starter,Vernon Davis,Was,TE|W/R/T
1,8.15,AirBudGoldenReceiver,Starter,Pierre Garcon,SF,WR|W/R/T
1,19.98,AirBudGoldenReceiver,Non-Starter,Matthew Stafford,LAR,QB
1,17.65,AirBudGoldenReceiver,Non-Starter,Shane Vereen,NYG,RB|W/R/T
1,3.25,AirBudGoldenReceiver,Non-Starter,Giovani Bernard,TB,RB|W/R/T
1,12.6,AirBudGoldenReceiver,Non-Starter,Steve Smith,Bal,WR|W/R/T
1,2.1,AirBudGoldenReceiver,Non-Starter,Danny Woodhead,Bal,RB|W/R/T
1,0.95,AirBudGoldenReceiver,Non-Starter,Coby Fleener,NO,TE|W/R/T
1,5.0,AirBudGoldenReceiver,Starter,Minnesota Vikings,Min,DEF
2,18.64,AirBudGoldenReceiver,Starter,Andrew Luck,Ind,QB
2,3.8,AirBudGoldenReceiver,Starter,Larry Fitzgerald,Ari,WR|W/R/T
2,6.45,AirBudGoldenReceiver,Starter,Steve Smith,Bal,WR|W/R/T
2,9.25,AirBudGoldenReceiver,Starter,Daryl Richardson,Pit,RB|W/R/T
2,18.75,AirBudGoldenReceiver,Starter,Giovani Bernard,TB,RB|W/R/T
2,2.75,AirBudGoldenReceiver,Starter,Vernon Davis,Was,TE|W/R/T
2,22.3,AirBudGoldenReceiver,Starter,Pierre Garcon,SF,WR|W/R/T
2,2.0,AirBudGoldenReceiver,Non-Starter,Mark Ingram II,NO,RB|W/R/T
2,2.85,AirBudGoldenReceiver,Non-Starter,Roddy White,Atl,WR|W/R/T
2,17.22,AirBudGoldenReceiver,Non-Starter,Matthew Stafford,LAR,QB
2,8.4,AirBudGoldenReceiver,Non-Starter,Danny Woodhead,Bal,RB|W/R/T
2,13.9,AirBudGoldenReceiver,Non-Starter,Coby Fleener,NO,TE|W/R/T
2,2.6,AirBudGoldenReceiver,Non-Starter,Montee Ball,Den,RB|W/R/T
2,24.0,AirBudGoldenReceiver,Starter,Minnesota Vikings,Min,DEF
3,19.6,AirBudGoldenReceiver,Starter,Matthew Stafford,LAR,QB
3,7.65,AirBudGoldenReceiver,Starter,Larry Fitzgerald,Ari,WR|W/R/T
3,4.75,AirBudGoldenReceiver,Starter,Steve Smith,Bal,WR|W/R/T
3,0.0,AirBudGoldenReceiver,Starter,Daryl Richardson,Pit,RB|W/R/T
3,16.9,AirBudGoldenReceiver,Starter,Giovani Bernard,TB,RB|W/R/T
3,1.8,AirBudGoldenReceiver,Starter,Coby Fleener,NO,TE|W/R/T
3,10.3,AirBudGoldenReceiver,Starter,Pierre Garcon,SF,WR|W/R/T
3,0.0,AirBudGoldenReceiver,Non-Starter,Vernon Davis,Was,TE|W/R/T
3,14.76,AirBudGoldenReceiver,Non-Starter,Andrew Luck,Ind,QB
3,0.0,AirBudGoldenReceiver,Non-Starter,Mark Ingram II,NO,RB|W/R/T
3,2.1,AirBudGoldenReceiver,Non-Starter,Roddy White,Atl,WR|W/R/T
3,8.35,AirBudGoldenReceiver,Non-Starter,Danny Woodhead,Bal,RB|W/R/T
3,4.1,AirBudGoldenReceiver,Non-Starter,Montee Ball,Den,RB|W/R/T
3,15.0,AirBudGoldenReceiver,Starter,Minnesota Vikings,Min,DEF
4,18.88,AirBudGoldenReceiver,Starter,Andrew Luck,Ind,QB
4,14.3,AirBudGoldenReceiver,Starter,Larry Fitzgerald,Ari,WR|W/R/T
4,13.4,AirBudGoldenReceiver,Starter,Pierre Garcon,SF,WR|W/R/T
4,9.0,AirBudGoldenReceiver,Starter,Giovani Bernard,TB,RB|W/R/T
4,2.65,AirBudGoldenReceiver,Starter,Daryl Richardson,Pit,RB|W/R/T
4,8.3,AirBudGoldenReceiver,Starter,Vernon Davis,Was,TE|W/R/T
4,21.85,AirBudGoldenReceiver,Starter,Danny Woodhead,Bal,RB|W/R/T
4,0.0,AirBudGoldenReceiver,Non-Starter,Steve Smith,Bal,WR|W/R/T
4,14.95,AirBudGoldenReceiver,Non-Starter,Coby Fleener,NO,TE|W/R/T
4,16.48,AirBudGoldenReceiver,Non-Starter,Matthew Stafford,LAR,QB
4,2.4,AirBudGoldenReceiver,Non-Starter,Montee Ball,Den,RB|W/R/T
4,0.0,AirBudGoldenReceiver,Non-Starter,Mark Ingram II,NO,RB|W/R/T
4,3.55,AirBudGoldenReceiver,Non-Starter,Roddy White,Atl,WR|W/R/T
4,12.0,AirBudGoldenReceiver,Starter,Minnesota Vikings,Min,DEF
5,18.06,AirBudGoldenReceiver,Starter,Andrew Luck,Ind,QB
5,5.05,AirBudGoldenReceiver,Starter,Larry Fitzgerald,Ari,WR|W/R/T
5,7.0,AirBudGoldenReceiver,Starter,Steve Smith,Bal,WR|W/R/T
5,5.4,AirBudGoldenReceiver,Starter,Giovani Bernard,TB,RB|W/R/T
5,13.75,AirBudGoldenReceiver,Starter,Danny Woodhead,Bal,RB|W/R/T
5,15.55,AirBudGoldenReceiver,Starter,Vernon Davis,Was,TE|W/R/T
5,2.0,AirBudGoldenReceiver,Starter,Coby Fleener,NO,TE|W/R/T
5,14.38,AirBudGoldenReceiver,Non-Starter,Matthew Stafford,LAR,QB
5,5.5,AirBudGoldenReceiver,Non-Starter,Roddy White,Atl,WR|W/R/T
5,4.8,AirBudGoldenReceiver,Non-Starter,Daryl Richardson,Pit,RB|W/R/T
5,0.0,AirBudGoldenReceiver,Non-Starter,Pierre Garcon,SF,WR|W/R/T
5,0.1,AirBudGoldenReceiver,Non-Starter,Montee Ball,Den,RB|W/R/T
5,28.5,AirBudGoldenReceiver,Starter,Arizona Cardinals,Ari,DEF
5,0.0,AirBudGoldenReceiver,Non-Starter,Minnesota Vikings,Min,DEF
6,7.98,AirBudGoldenReceiver,Starter,Andrew Luck,Ind,QB
6,9.35,AirBudGoldenReceiver,Starter,Steve Smith,Bal,WR|W/R/T
6,8.4,AirBudGoldenReceiver,Starter,Pierre Garcon,SF,WR|W/R/T
6,17.5,AirBudGoldenReceiver,Starter,Giovani Bernard,TB,RB|W/R/T
6,9.55,AirBudGoldenReceiver,Starter,Danny Woodhead,Bal,RB|W/R/T
6,32.0,AirBudGoldenReceiver,Starter,Vernon Davis,Was,TE|W/R/T
6,2.35,AirBudGoldenReceiver,Starter,Coby Fleener,NO,TE|W/R/T
6,17.6,AirBudGoldenReceiver,Non-Starter,Larry Fitzgerald,Ari,WR|W/R/T
6,24.52,AirBudGoldenReceiver,Non-Starter,Matthew Stafford,LAR,QB
6,0.0,AirBudGoldenReceiver,Non-Starter,Roddy White,Atl,WR|W/R/T
6,2.55,AirBudGoldenReceiver,Non-Starter,Daryl Richardson,Pit,RB|W/R/T
6,1.5,AirBudGoldenReceiver,Non-Starter,Montee Ball,Den,RB|W/R/T
6,0.0,AirBudGoldenReceiver,Starter,Minnesota Vikings,Min,DEF
6,9.5,AirBudGoldenReceiver,Non-Starter,Arizona Cardinals,Ari,DEF
7,30.02,AirBudGoldenReceiver,Starter,Andrew Luck,Ind,QB
7,7.05,AirBudGoldenReceiver,Starter,Pierre Garcon,SF,WR|W/R/T
7,2.2,AirBudGoldenReceiver,Starter,Larry Fitzgerald,Ari,WR|W/R/T
7,7.15,AirBudGoldenReceiver,Starter,Giovani Bernard,TB,RB|W/R/T
7,14.6,AirBudGoldenReceiver,Starter,Danny Woodhead,Bal,RB|W/R/T
7,7.2,AirBudGoldenReceiver,Starter,Vernon Davis,Was,TE|W/R/T
7,14.15,AirBudGoldenReceiver,Starter,Steve Smith,Bal,WR|W/R/T
7,11.05,AirBudGoldenReceiver,Non-Starter,Coby Fleener,NO,TE|W/R/T
7,26.28,AirBudGoldenReceiver,Non-Starter,Matthew Stafford,LAR,QB
7,0.0,AirBudGoldenReceiver,Non-Starter,Roddy White,Atl,WR|W/R/T
7,2.05,AirBudGoldenReceiver,Non-Starter,Daryl Richardson,Pit,RB|W/R/T
7,0.0,AirBudGoldenReceiver,Non-Starter,Montee Ball,Den,RB|W/R/T
7,17.0,AirBudGoldenReceiver,Starter,Minnesota Vikings,Min,DEF
7,9.0,AirBudGoldenReceiver,Non-Starter,Arizona Cardinals,Ari,DEF
8,26.72,AirBudGoldenReceiver,Starter,Matthew Stafford,LAR,QB
8,5.2,AirBudGoldenReceiver,Starter,Steve Smith,Bal,WR|W/R/T
8,6.35,AirBudGoldenReceiver,Starter,Pierre Garcon,SF,WR|W/R/T
8,2.95,AirBudGoldenReceiver,Starter,Giovani Bernard,TB,RB|W/R/T
8,4.95,AirBudGoldenReceiver,Starter,Daryl Richardson,Pit,RB|W/R/T
8,11.95,AirBudGoldenReceiver,Starter,Vernon Davis,Was,TE|W/R/T
8,11.8,AirBudGoldenReceiver,Starter,Larry Fitzgerald,Ari,WR|W/R/T
8,0.0,AirBudGoldenReceiver,Non-Starter,Danny Woodhead,Bal,RB|W/R/T
8,0.0,AirBudGoldenReceiver,Non-Starter,Andrew Luck,Ind,QB
8,0.0,AirBudGoldenReceiver,Non-Starter,Coby Fleener,NO,TE|W/R/T
8,0.0,AirBudGoldenReceiver,Non-Starter,Roddy White,Atl,WR|W/R/T
8,13.4,AirBudGoldenReceiver,Non-Starter,Mike Tolbert,Buf,RB|W/R/T
8,21.5,AirBudGoldenReceiver,Starter,Arizona Cardinals,Ari,DEF
8,7.5,AirBudGoldenReceiver,Non-Starter,Minnesota Vikings,Min,DEF
9,24.84,AirBudGoldenReceiver,Starter,Andrew Luck,Ind,QB
9,6.2,AirBudGoldenReceiver,Starter,Steve Smith,Bal,WR|W/R/T
9,18.95,AirBudGoldenReceiver,Starter,Pierre Garcon,SF,WR|W/R/T
9,23.4,AirBudGoldenReceiver,Starter,Giovani Bernard,TB,RB|W/R/T
9,12.05,AirBudGoldenReceiver,Starter,Danny Woodhead,Bal,RB|W/R/T
9,9.15,AirBudGoldenReceiver,Starter,Coby Fleener,NO,TE|W/R/T
9,10.45,AirBudGoldenReceiver,Starter,Mike Tolbert,Buf,RB|W/R/T
9,0.0,AirBudGoldenReceiver,Non-Starter,Daryl Richardson,Pit,RB|W/R/T
9,0.0,AirBudGoldenReceiver,Non-Starter,Larry Fitzgerald,Ari,WR|W/R/T
9,0.0,AirBudGoldenReceiver,Non-Starter,Vernon Davis,Was,TE|W/R/T
9,0.0,AirBudGoldenReceiver,Non-Starter,Matthew Stafford,LAR,QB
9,0.0,AirBudGoldenReceiver,Non-Starter,Roddy White,Atl,WR|W/R/T
9,9.5,AirBudGoldenReceiver,Starter,Minnesota Vikings,Min,DEF
9,0.0,AirBudGoldenReceiver,Non-Starter,Arizona Cardinals,Ari,DEF
10,13.82,AirBudGoldenReceiver,Starter,Andrew Luck,Ind,QB
10,19.65,AirBudGoldenReceiver,Starter,Pierre Garcon,SF,WR|W/R/T
10,3.05,AirBudGoldenReceiver,Starter,Larry Fitzgerald,Ari,WR|W/R/T
10,17.5,AirBudGoldenReceiver,Starter,Giovani Bernard,TB,RB|W/R/T
10,11.4,AirBudGoldenReceiver,Starter,Danny Woodhead,Bal,RB|W/R/T
10,0.45,AirBudGoldenReceiver,Starter,Vernon Davis,Was,TE|W/R/T
10,2.25,AirBudGoldenReceiver,Starter,Roddy White,Atl,WR|W/R/T
10,2.8,AirBudGoldenReceiver,Non-Starter,Mike Tolbert,Buf,RB|W/R/T
10,7.8,AirBudGoldenReceiver,Non-Starter,Steve Smith,Bal,WR|W/R/T
10,6.3,AirBudGoldenReceiver,Non-Starter,Coby Fleener,NO,TE|W/R/T
10,0.0,AirBudGoldenReceiver,Non-Starter,Daryl Richardson,Pit,RB|W/R/T
10,18.66,AirBudGoldenReceiver,Non-Starter,Matthew Stafford,LAR,QB
10,17.5,AirBudGoldenReceiver,Starter,Arizona Cardinals,Ari,DEF
10,6.5,AirBudGoldenReceiver,Non-Starter,Minnesota Vikings,Min,DEF
11,22.88,AirBudGoldenReceiver,Starter,Matthew Stafford,LAR,QB
11,9.2,AirBudGoldenReceiver,Starter,Pierre Garcon,SF,WR|W/R/T
11,13.6,AirBudGoldenReceiver,Starter,Larry Fitzgerald,Ari,WR|W/R/T
11,9.6,AirBudGoldenReceiver,Starter,Giovani Bernard,TB,RB|W/R/T
11,4.2,AirBudGoldenReceiver,Starter,Danny Woodhead,Bal,RB|W/R/T
11,10.3,AirBudGoldenReceiver,Starter,Vernon Davis,Was,TE|W/R/T
11,8.35,AirBudGoldenReceiver,Starter,Roddy White,Atl,WR|W/R/T
11,12.7,AirBudGoldenReceiver,Non-Starter,Coby Fleener,NO,TE|W/R/T
11,18.38,AirBudGoldenReceiver,Non-Starter,Andrew Luck,Ind,QB
11,1.7,AirBudGoldenReceiver,Non-Starter,Mike Tolbert,Buf,RB|W/R/T
11,7.2,AirBudGoldenReceiver,Non-Starter,Steve Smith,Bal,WR|W/R/T
11,0.0,AirBudGoldenReceiver,Non-Starter,Daryl Richardson,Pit,RB|W/R/T
11,35.2,AirBudGoldenReceiver,Non-Starter,Bobby Rainey,Bal,RB|W/R/T
11,11.0,AirBudGoldenReceiver,Starter,Arizona Cardinals,Ari,DEF
12,14.48,AirBudGoldenReceiver,Starter,Matthew Stafford,LAR,QB
12,6.8,AirBudGoldenReceiver,Starter,Pierre Garcon,SF,WR|W/R/T
12,18.85,AirBudGoldenReceiver,Starter,Larry Fitzgerald,Ari,WR|W/R/T
12,20.0,AirBudGoldenReceiver,Starter,Danny Woodhead,Bal,RB|W/R/T
12,3.5,AirBudGoldenReceiver,Starter,Bobby Rainey,Bal,RB|W/R/T
12,12.0,AirBudGoldenReceiver,Starter,Vernon Davis,Was,TE|W/R/T
12,2.9,AirBudGoldenReceiver,Starter,Roddy White,Atl,WR|W/R/T
12,12.5,AirBudGoldenReceiver,Non-Starter,Coby Fleener,NO,TE|W/R/T
12,0.0,AirBudGoldenReceiver,Non-Starter,Giovani Bernard,TB,RB|W/R/T
12,11.62,AirBudGoldenReceiver,Non-Starter,Andrew Luck,Ind,QB
12,3.05,AirBudGoldenReceiver,Non-Starter,Mike Tolbert,Buf,RB|W/R/T
12,8.15,AirBudGoldenReceiver,Non-Starter,Steve Smith,Bal,WR|W/R/T
12,0.0,AirBudGoldenReceiver,Non-Starter,Daryl Richardson,Pit,RB|W/R/T
12,16.0,AirBudGoldenReceiver,Starter,Arizona Cardinals,Ari,DEF
13,20.0,AirBudGoldenReceiver,Starter,Matthew Stafford,LAR,QB
13,6.35,AirBudGoldenReceiver,Starter,Pierre Garcon,SF,WR|W/R/T
13,14.45,AirBudGoldenReceiver,Starter,Larry Fitzgerald,Ari,WR|W/R/T
13,4.0,AirBudGoldenReceiver,Starter,Danny Woodhead,Bal,RB|W/R/T
13,6.85,AirBudGoldenReceiver,Starter,Giovani Bernard,TB,RB|W/R/T
13,15.2,AirBudGoldenReceiver,Starter,Vernon Davis,Was,TE|W/R/T
13,7.6,AirBudGoldenReceiver,Starter,Bobby Rainey,Bal,RB|W/R/T
13,5.75,AirBudGoldenReceiver,Non-Starter,Coby Fleener,NO,TE|W/R/T
13,5.85,AirBudGoldenReceiver,Non-Starter,Steve Smith,Bal,WR|W/R/T
13,16.8,AirBudGoldenReceiver,Non-Starter,Roddy White,Atl,WR|W/R/T
13,10.2,AirBudGoldenReceiver,Non-Starter,Andrew Luck,Ind,QB
13,9.65,AirBudGoldenReceiver,Non-Starter,Mike Tolbert,Buf,RB|W/R/T
13,0.0,AirBudGoldenReceiver,Non-Starter,Daryl Richardson,Pit,RB|W/R/T
13,11.0,AirBudGoldenReceiver,Starter,Arizona Cardinals,Ari,DEF
14,5.94,AirBudGoldenReceiver,Starter,Matthew Stafford,LAR,QB
14,4.95,AirBudGoldenReceiver,Starter,Pierre Garcon,SF,WR|W/R/T
14,18.6,AirBudGoldenReceiver,Starter,Larry Fitzgerald,Ari,WR|W/R/T
14,16.4,AirBudGoldenReceiver,Starter,Danny Woodhead,Bal,RB|W/R/T
14,15.8,AirBudGoldenReceiver,Starter,Giovani Bernard,TB,RB|W/R/T
14,8.6,AirBudGoldenReceiver,Starter,Vernon Davis,Was,TE|W/R/T
14,19.05,AirBudGoldenReceiver,Starter,Bobby Rainey,Bal,RB|W/R/T
14,4.35,AirBudGoldenReceiver,Non-Starter,Coby Fleener,NO,TE|W/R/T
14,12.4,AirBudGoldenReceiver,Non-Starter,Steve Smith,Bal,WR|W/R/T
14,9.4,AirBudGoldenReceiver,Non-Starter,Roddy White,Atl,WR|W/R/T
14,32.24,AirBudGoldenReceiver,Non-Starter,Andrew Luck,Ind,QB
14,3.4,AirBudGoldenReceiver,Non-Starter,Mike Tolbert,Buf,RB|W/R/T
14,0.0,AirBudGoldenReceiver,Non-Starter,Daryl Richardson,Pit,RB|W/R/T
14,25.0,AirBudGoldenReceiver,Starter,Arizona Cardinals,Ari,DEF
15,16.1,AirBudGoldenReceiver,Starter,Andrew Luck,Ind,QB
15,20.65,AirBudGoldenReceiver,Starter,Pierre Garcon,SF,WR|W/R/T
15,6.4,AirBudGoldenReceiver,Starter,Larry Fitzgerald,Ari,WR|W/R/T
15,4.45,AirBudGoldenReceiver,Starter,Danny Woodhead,Bal,RB|W/R/T
15,11.1,AirBudGoldenReceiver,Starter,Giovani Bernard,TB,RB|W/R/T
15,15.15,AirBudGoldenReceiver,Starter,Vernon Davis,Was,TE|W/R/T
15,3.25,AirBudGoldenReceiver,Starter,Bobby Rainey,Bal,RB|W/R/T
15,8.3,AirBudGoldenReceiver,Non-Starter,Matthew Stafford,LAR,QB
15,0.0,AirBudGoldenReceiver,Non-Starter,Coby Fleener,NO,TE|W/R/T
15,2.75,AirBudGoldenReceiver,Non-Starter,Steve Smith,Bal,WR|W/R/T
15,6.55,AirBudGoldenReceiver,Non-Starter,Roddy White,Atl,WR|W/R/T
15,8.75,AirBudGoldenReceiver,Non-Starter,Mike Tolbert,Buf,RB|W/R/T
15,0.0,AirBudGoldenReceiver,Non-Starter,Daryl Richardson,Pit,RB|W/R/T
15,17.5,AirBudGoldenReceiver,Starter,Arizona Cardinals,Ari,DEF
1,20.48,Bacarri and Cola,Starter,Drew Brees,NO,QB
1,4.7,Bacarri and Cola,Starter,Calvin Johnson,Det,WR|W/R/T
1,18.4,Bacarri and Cola,Starter,Brandon Marshall,Sea,WR|W/R/T
1,12.5,Bacarri and Cola,Starter,Darren Sproles,Phi,RB|W/R/T
1,6.7,Bacarri and Cola,Starter,Ben Tate,Min,RB|W/R/T
1,11.65,Bacarri and Cola,Starter,Martellus Bennett,GB,TE|W/R/T
1,4.95,Bacarri and Cola,Starter,Malcom Floyd,LAC,WR|W/R/T
1,1.5,Bacarri and Cola,Non-Starter,Chris Ivory,Buf,RB|W/R/T
1,1.8,Bacarri and Cola,Non-Starter,Shonn Greene,Ten,RB|W/R/T
1,11.8,Bacarri and Cola,Non-Starter,Fred Jackson,Sea,RB|W/R/T
1,1.15,Bacarri and Cola,Non-Starter,Marcel Reece,Sea,RB|W/R/T
1,0.0,Bacarri and Cola,Non-Starter,Ryan Broyles,Det,WR|W/R/T
1,22.45,Bacarri and Cola,Non-Starter,Joique Bell,Det,RB|W/R/T
1,17.5,Bacarri and Cola,Starter,Denver Broncos,Den,DEF
2,10.88,Bacarri and Cola,Starter,Drew Brees,NO,QB
2,25.1,Bacarri and Cola,Starter,Calvin Johnson,Det,WR|W/R/T
2,19.05,Bacarri and Cola,Starter,Brandon Marshall,Sea,WR|W/R/T
2,7.7,Bacarri and Cola,Starter,Darren Sproles,Phi,RB|W/R/T
2,10.85,Bacarri and Cola,Starter,Ben Tate,Min,RB|W/R/T
2,21.35,Bacarri and Cola,Starter,Martellus Bennett,GB,TE|W/R/T
2,8.45,Bacarri and Cola,Starter,Joique Bell,Det,RB|W/R/T
2,11.45,Bacarri and Cola,Non-Starter,Malcom Floyd,LAC,WR|W/R/T
2,5.2,Bacarri and Cola,Non-Starter,Chris Ivory,Buf,RB|W/R/T
2,0.0,Bacarri and Cola,Non-Starter,Shonn Greene,Ten,RB|W/R/T
2,13.75,Bacarri and Cola,Non-Starter,Fred Jackson,Sea,RB|W/R/T
2,7.5,Bacarri and Cola,Non-Starter,Marcel Reece,Sea,RB|W/R/T
2,0.0,Bacarri and Cola,Non-Starter,Ryan Broyles,Det,WR|W/R/T
2,20.0,Bacarri and Cola,Starter,Denver Broncos,Den,DEF
3,31.78,Bacarri and Cola,Starter,Drew Brees,NO,QB
3,19.25,Bacarri and Cola,Starter,Calvin Johnson,Det,WR|W/R/T
3,6.45,Bacarri and Cola,Starter,Brandon Marshall,Sea,WR|W/R/T
3,6.6,Bacarri and Cola,Starter,Darren Sproles,Phi,RB|W/R/T
3,0.5,Bacarri and Cola,Starter,Chris Ivory,Buf,RB|W/R/T
3,1.5,Bacarri and Cola,Starter,Martellus Bennett,GB,TE|W/R/T
3,20.2,Bacarri and Cola,Starter,Joique Bell,Det,RB|W/R/T
3,5.05,Bacarri and Cola,Non-Starter,Ben Tate,Min,RB|W/R/T
3,0.0,Bacarri and Cola,Non-Starter,Malcom Floyd,LAC,WR|W/R/T
3,0.0,Bacarri and Cola,Non-Starter,Shonn Greene,Ten,RB|W/R/T
3,11.9,Bacarri and Cola,Non-Starter,Fred Jackson,Sea,RB|W/R/T
3,11.5,Bacarri and Cola,Non-Starter,Marcel Reece,Sea,RB|W/R/T
3,4.15,Bacarri and Cola,Non-Starter,Ryan Broyles,Det,WR|W/R/T
3,7.0,Bacarri and Cola,Starter,Denver Broncos,Den,DEF
4,32.72,Bacarri and Cola,Starter,Drew Brees,NO,QB
4,11.4,Bacarri and Cola,Starter,Calvin Johnson,Det,WR|W/R/T
4,11.65,Bacarri and Cola,Starter,Brandon Marshall,Sea,WR|W/R/T
4,25.95,Bacarri and Cola,Starter,Darren Sproles,Phi,RB|W/R/T
4,14.7,Bacarri and Cola,Starter,Fred Jackson,Sea,RB|W/R/T
4,11.0,Bacarri and Cola,Starter,Martellus Bennett,GB,TE|W/R/T
4,3.2,Bacarri and Cola,Starter,Joique Bell,Det,RB|W/R/T
4,0.0,Bacarri and Cola,Non-Starter,Chris Ivory,Buf,RB|W/R/T
4,2.75,Bacarri and Cola,Non-Starter,Ben Tate,Min,RB|W/R/T
4,0.0,Bacarri and Cola,Non-Starter,Malcom Floyd,LAC,WR|W/R/T
4,0.0,Bacarri and Cola,Non-Starter,Shonn Greene,Ten,RB|W/R/T
4,0.05,Bacarri and Cola,Non-Starter,Marcel Reece,Sea,RB|W/R/T
4,0.0,Bacarri and Cola,Non-Starter,Ryan Broyles,Det,WR|W/R/T
4,21.5,Bacarri and Cola,Starter,Denver Broncos,Den,DEF
5,19.32,Bacarri and Cola,Starter,Drew Brees,NO,QB
5,10.0,Bacarri and Cola,Starter,Brandon Marshall,Sea,WR|W/R/T
5,3.2,Bacarri and Cola,Starter,Ryan Broyles,Det,WR|W/R/T
5,4.85,Bacarri and Cola,Starter,Darren Sproles,Phi,RB|W/R/T
5,4.1,Bacarri and Cola,Starter,Rashad Jennings,NYG,RB|W/R/T
5,6.85,Bacarri and Cola,Starter,Martellus Bennett,GB,TE|W/R/T
5,6.1,Bacarri and Cola,Starter,Joique Bell,Det,RB|W/R/T
5,0.0,Bacarri and Cola,Non-Starter,Calvin Johnson,Det,WR|W/R/T
5,22.3,Bacarri and Cola,Non-Starter,Fred Jackson,Sea,RB|W/R/T
5,2.7,Bacarri and Cola,Non-Starter,Chris Ivory,Buf,RB|W/R/T
5,2.5,Bacarri and Cola,Non-Starter,Ben Tate,Min,RB|W/R/T
5,0.0,Bacarri and Cola,Non-Starter,Shonn Greene,Ten,RB|W/R/T
5,6.45,Bacarri and Cola,Non-Starter,Marcel Reece,Sea,RB|W/R/T
5,7.5,Bacarri and Cola,Starter,Denver Broncos,Den,DEF
6,16.54,Bacarri and Cola,Starter,Drew Brees,NO,QB
6,22.95,Bacarri and Cola,Starter,Brandon Marshall,Sea,WR|W/R/T
6,3.25,Bacarri and Cola,Starter,Calvin Johnson,Det,WR|W/R/T
6,8.8,Bacarri and Cola,Starter,Darren Sproles,Phi,RB|W/R/T
6,5.8,Bacarri and Cola,Starter,Fred Jackson,Sea,RB|W/R/T
6,8.3,Bacarri and Cola,Starter,Martellus Bennett,GB,TE|W/R/T
6,3.55,Bacarri and Cola,Starter,Joique Bell,Det,RB|W/R/T
6,9.55,Bacarri and Cola,Non-Starter,Ben Tate,Min,RB|W/R/T
6,2.35,Bacarri and Cola,Non-Starter,Rashad Jennings,NYG,RB|W/R/T
6,1.6,Bacarri and Cola,Non-Starter,Chris Ivory,Buf,RB|W/R/T
6,0.0,Bacarri and Cola,Non-Starter,Shonn Greene,Ten,RB|W/R/T
6,1.15,Bacarri and Cola,Non-Starter,Marcel Reece,Sea,RB|W/R/T
6,1.45,Bacarri and Cola,Non-Starter,Austin Pettis,LAC,WR|W/R/T
6,15.0,Bacarri and Cola,Starter,Denver Broncos,Den,DEF
7,5.7,Bacarri and Cola,Starter,Nick Foles,Ind,QB
7,9.0,Bacarri and Cola,Starter,Brandon Marshall,Sea,WR|W/R/T
7,29.75,Bacarri and Cola,Starter,Calvin Johnson,Det,WR|W/R/T
7,15.5,Bacarri and Cola,Starter,Fred Jackson,Sea,RB|W/R/T
7,6.0,Bacarri and Cola,Starter,Ben Tate,Min,RB|W/R/T
7,6.95,Bacarri and Cola,Starter,Martellus Bennett,GB,TE|W/R/T
7,10.05,Bacarri and Cola,Starter,Joseph Randle,Dal,RB|W/R/T
7,6.35,Bacarri and Cola,Non-Starter,Joique Bell,Det,RB|W/R/T
7,0.0,Bacarri and Cola,Non-Starter,Drew Brees,NO,QB
7,0.0,Bacarri and Cola,Non-Starter,Darren Sproles,Phi,RB|W/R/T
7,0.0,Bacarri and Cola,Non-Starter,Rashad Jennings,NYG,RB|W/R/T
7,10.45,Bacarri and Cola,Non-Starter,Chris Ivory,Buf,RB|W/R/T
7,0.2,Bacarri and Cola,Non-Starter,Shonn Greene,Ten,RB|W/R/T
7,6.5,Bacarri and Cola,Starter,Denver Broncos,Den,DEF
8,33.18,Bacarri and Cola,Starter,Drew Brees,NO,QB
8,40.4,Bacarri and Cola,Starter,Calvin Johnson,Det,WR|W/R/T
8,3.45,Bacarri and Cola,Starter,Jeremy Kerley,Buf,WR|W/R/T
8,11.8,Bacarri and Cola,Starter,Fred Jackson,Sea,RB|W/R/T
8,1.0,Bacarri and Cola,Starter,Darren Sproles,Phi,RB|W/R/T
8,1.65,Bacarri and Cola,Starter,Rob Housler,Chi,TE|W/R/T
8,5.15,Bacarri and Cola,Starter,Joseph Randle,Dal,RB|W/R/T
8,0.0,Bacarri and Cola,Non-Starter,Martellus Bennett,GB,TE|W/R/T
8,0.0,Bacarri and Cola,Non-Starter,Brandon Marshall,Sea,WR|W/R/T
8,0.0,Bacarri and Cola,Non-Starter,Ben Tate,Min,RB|W/R/T
8,11.65,Bacarri and Cola,Non-Starter,Joique Bell,Det,RB|W/R/T
8,1.1,Bacarri and Cola,Non-Starter,Chris Ivory,Buf,RB|W/R/T
8,0.0,Bacarri and Cola,Non-Starter,Shonn Greene,Ten,RB|W/R/T
8,24.5,Bacarri and Cola,Starter,Denver Broncos,Den,DEF
9,19.18,Bacarri and Cola,Starter,Drew Brees,NO,QB
9,0.35,Bacarri and Cola,Starter,Jeremy Kerley,Buf,WR|W/R/T
9,18.45,Bacarri and Cola,Starter,Brandon Marshall,Sea,WR|W/R/T
9,10.15,Bacarri and Cola,Starter,Fred Jackson,Sea,RB|W/R/T
9,0.45,Bacarri and Cola,Starter,Darren Sproles,Phi,RB|W/R/T
9,4.6,Bacarri and Cola,Starter,Martellus Bennett,GB,TE|W/R/T
9,19.9,Bacarri and Cola,Starter,Chris Ivory,Buf,RB|W/R/T
9,8.15,Bacarri and Cola,Non-Starter,Ben Tate,Min,RB|W/R/T
9,0.3,Bacarri and Cola,Non-Starter,Joseph Randle,Dal,RB|W/R/T
9,0.0,Bacarri and Cola,Non-Starter,Calvin Johnson,Det,WR|W/R/T
9,0.0,Bacarri and Cola,Non-Starter,Joique Bell,Det,RB|W/R/T
9,12.85,Bacarri and Cola,Non-Starter,Shonn Greene,Ten,RB|W/R/T
9,11.0,Bacarri and Cola,Starter,Los Angeles Rams,LAR,DEF
9,0.0,Bacarri and Cola,Non-Starter,Denver Broncos,Den,DEF
10,31.68,Bacarri and Cola,Starter,Drew Brees,NO,QB
10,27.65,Bacarri and Cola,Starter,Brandon Marshall,Sea,WR|W/R/T
10,21.8,Bacarri and Cola,Starter,Calvin Johnson,Det,WR|W/R/T
10,6.95,Bacarri and Cola,Starter,Fred Jackson,Sea,RB|W/R/T
10,20.55,Bacarri and Cola,Starter,Darren Sproles,Phi,RB|W/R/T
10,3.9,Bacarri and Cola,Starter,Martellus Bennett,GB,TE|W/R/T
10,7.15,Bacarri and Cola,Starter,Ben Tate,Min,RB|W/R/T
10,0.0,Bacarri and Cola,Non-Starter,Chris Ivory,Buf,RB|W/R/T
10,0.0,Bacarri and Cola,Non-Starter,Jeremy Kerley,Buf,WR|W/R/T
10,0.0,Bacarri and Cola,Non-Starter,Joseph Randle,Dal,RB|W/R/T
10,4.1,Bacarri and Cola,Non-Starter,Joique Bell,Det,RB|W/R/T
10,3.95,Bacarri and Cola,Non-Starter,Shonn Greene,Ten,RB|W/R/T
10,22.5,Bacarri and Cola,Non-Starter,Mark Ingram II,NO,RB|W/R/T
10,9.5,Bacarri and Cola,Starter,Denver Broncos,Den,DEF
11,14.1,Bacarri and Cola,Starter,Drew Brees,NO,QB
11,5.2,Bacarri and Cola,Starter,Brandon Marshall,Sea,WR|W/R/T
11,31.4,Bacarri and Cola,Starter,Calvin Johnson,Det,WR|W/R/T
11,4.4,Bacarri and Cola,Starter,Fred Jackson,Sea,RB|W/R/T
11,4.5,Bacarri and Cola,Starter,Darren Sproles,Phi,RB|W/R/T
11,5.3,Bacarri and Cola,Starter,Martellus Bennett,GB,TE|W/R/T
11,12.7,Bacarri and Cola,Starter,Ben Tate,Min,RB|W/R/T
11,15.8,Bacarri and Cola,Non-Starter,Chris Ivory,Buf,RB|W/R/T
11,0.0,Bacarri and Cola,Non-Starter,Jeremy Kerley,Buf,WR|W/R/T
11,0.0,Bacarri and Cola,Non-Starter,Joseph Randle,Dal,RB|W/R/T
11,16.45,Bacarri and Cola,Non-Starter,Joique Bell,Det,RB|W/R/T
11,1.0,Bacarri and Cola,Non-Starter,Shonn Greene,Ten,RB|W/R/T
11,3.15,Bacarri and Cola,Non-Starter,Mark Ingram II,NO,RB|W/R/T
11,10.0,Bacarri and Cola,Starter,Denver Broncos,Den,DEF
12,18.52,Bacarri and Cola,Starter,Drew Brees,NO,QB
12,20.2,Bacarri and Cola,Starter,Brandon Marshall,Sea,WR|W/R/T
12,13.25,Bacarri and Cola,Starter,Calvin Johnson,Det,WR|W/R/T
12,3.95,Bacarri and Cola,Starter,Ben Tate,Min,RB|W/R/T
12,3.5,Bacarri and Cola,Starter,Chris Ivory,Buf,RB|W/R/T
12,13.2,Bacarri and Cola,Starter,Martellus Bennett,GB,TE|W/R/T
12,3.2,Bacarri and Cola,Starter,Mark Ingram II,NO,RB|W/R/T
12,1.95,Bacarri and Cola,Non-Starter,Miles Austin,Phi,WR|W/R/T
12,0.0,Bacarri and Cola,Non-Starter,Darren Sproles,Phi,RB|W/R/T
12,0.0,Bacarri and Cola,Non-Starter,Fred Jackson,Sea,RB|W/R/T
12,0.0,Bacarri and Cola,Non-Starter,Joseph Randle,Dal,RB|W/R/T
12,1.75,Bacarri and Cola,Non-Starter,Joique Bell,Det,RB|W/R/T
12,1.5,Bacarri and Cola,Non-Starter,Shonn Greene,Ten,RB|W/R/T
12,16.5,Bacarri and Cola,Starter,Denver Broncos,Den,DEF
13,7.78,Bacarri and Cola,Starter,Drew Brees,NO,QB
13,5.5,Bacarri and Cola,Starter,Brandon Marshall,Sea,WR|W/R/T
13,17.6,Bacarri and Cola,Starter,Calvin Johnson,Det,WR|W/R/T
13,28.2,Bacarri and Cola,Starter,Ben Tate,Min,RB|W/R/T
13,20.8,Bacarri and Cola,Starter,Fred Jackson,Sea,RB|W/R/T
13,1.9,Bacarri and Cola,Starter,Martellus Bennett,GB,TE|W/R/T
13,6.05,Bacarri and Cola,Starter,Darren Sproles,Phi,RB|W/R/T
13,2.2,Bacarri and Cola,Non-Starter,Mark Ingram II,NO,RB|W/R/T
13,7.55,Bacarri and Cola,Non-Starter,Chris Ivory,Buf,RB|W/R/T
13,2.05,Bacarri and Cola,Non-Starter,Miles Austin,Phi,WR|W/R/T
13,0.0,Bacarri and Cola,Non-Starter,Joseph Randle,Dal,RB|W/R/T
13,19.55,Bacarri and Cola,Non-Starter,Joique Bell,Det,RB|W/R/T
13,4.25,Bacarri and Cola,Non-Starter,Shonn Greene,Ten,RB|W/R/T
13,2.5,Bacarri and Cola,Starter,Denver Broncos,Den,DEF
14,28.82,Bacarri and Cola,Starter,Drew Brees,NO,QB
14,13.5,Bacarri and Cola,Starter,Brandon Marshall,Sea,WR|W/R/T
14,5.95,Bacarri and Cola,Starter,Calvin Johnson,Det,WR|W/R/T
14,6.1,Bacarri and Cola,Starter,Ben Tate,Min,RB|W/R/T
14,4.8,Bacarri and Cola,Starter,Fred Jackson,Sea,RB|W/R/T
14,0.0,Bacarri and Cola,Starter,Ladarius Green,Pit,TE|W/R/T
14,13.6,Bacarri and Cola,Starter,Chris Ivory,Buf,RB|W/R/T
14,5.55,Bacarri and Cola,Non-Starter,Martellus Bennett,GB,TE|W/R/T
14,17.7,Bacarri and Cola,Non-Starter,Joique Bell,Det,RB|W/R/T
14,0.4,Bacarri and Cola,Non-Starter,Mark Ingram II,NO,RB|W/R/T
14,6.85,Bacarri and Cola,Non-Starter,Darren Sproles,Phi,RB|W/R/T
14,2.4,Bacarri and Cola,Non-Starter,Miles Austin,Phi,WR|W/R/T
14,16.6,Bacarri and Cola,Non-Starter,Shonn Greene,Ten,RB|W/R/T
14,9.5,Bacarri and Cola,Starter,Denver Broncos,Den,DEF
15,20.52,Bacarri and Cola,Starter,Drew Brees,NO,QB
15,17.0,Bacarri and Cola,Starter,Brandon Marshall,Sea,WR|W/R/T
15,11.3,Bacarri and Cola,Starter,Calvin Johnson,Det,WR|W/R/T
15,9.95,Bacarri and Cola,Starter,Ben Tate,Min,RB|W/R/T
15,9.05,Bacarri and Cola,Starter,Fred Jackson,Sea,RB|W/R/T
15,0.0,Bacarri and Cola,Starter,Ladarius Green,Pit,TE|W/R/T
15,4.95,Bacarri and Cola,Starter,Joique Bell,Det,RB|W/R/T
15,6.6,Bacarri and Cola,Non-Starter,Chris Ivory,Buf,RB|W/R/T
15,6.6,Bacarri and Cola,Non-Starter,Martellus Bennett,GB,TE|W/R/T
15,8.2,Bacarri and Cola,Non-Starter,Darren Sproles,Phi,RB|W/R/T
15,4.0,Bacarri and Cola,Non-Starter,Miles Austin,Phi,WR|W/R/T
15,0.4,Bacarri and Cola,Non-Starter,Shonn Greene,Ten,RB|W/R/T
15,17.7,Bacarri and Cola,Non-Starter,Jay Cutler,Mia,QB
15,4.5,Bacarri and Cola,Starter,Denver Broncos,Den,DEF
1,12.8,Football Yankees,Starter,Cam Newton,Car,QB
1,29.35,Football Yankees,Starter,Demaryius Thomas,NE,WR|W/R/T
1,2.8,Football Yankees,Starter,Lance Moore,Det,WR|W/R/T
1,10.9,Football Yankees,Starter,Doug Martin,LV,RB|W/R/T
1,2.6,Football Yankees,Starter,Stevan Ridley,Pit,RB|W/R/T
1,19.05,Football Yankees,Starter,Jordan Cameron,Mia,TE|W/R/T
1,11.7,Football Yankees,Starter,Andre Roberts,Car,WR|W/R/T
1,7.25,Football Yankees,Non-Starter,Knowshon Moreno,Mia,RB|W/R/T
1,0.0,Football Yankees,Non-Starter,Rob Gronkowski,TB,TE|W/R/T
1,1.25,Football Yankees,Non-Starter,Cordarrelle Patterson,Pit,WR|W/R/T
1,0.0,Football Yankees,Non-Starter,Lance Dunbar,LAR,RB|W/R/T
1,0.0,Football Yankees,Non-Starter,Aaron Dobson,Det,WR|W/R/T
1,0.0,Football Yankees,Non-Starter,Heath Miller,Pit,TE|W/R/T
1,13.0,Football Yankees,Starter,Los Angeles Rams,LAR,DEF
2,16.66,Football Yankees,Starter,Cam Newton,Car,QB
2,6.45,Football Yankees,Starter,Demaryius Thomas,NE,WR|W/R/T
2,11.45,Football Yankees,Starter,Julian Edelman,NE,WR|W/R/T
2,14.4,Football Yankees,Starter,Doug Martin,LV,RB|W/R/T
2,4.0,Football Yankees,Starter,Stevan Ridley,Pit,RB|W/R/T
2,10.75,Football Yankees,Starter,Jordan Cameron,Mia,TE|W/R/T
2,4.35,Football Yankees,Starter,Andre Roberts,Car,WR|W/R/T
2,1.75,Football Yankees,Non-Starter,Lance Moore,Det,WR|W/R/T
2,23.45,Football Yankees,Non-Starter,Knowshon Moreno,Mia,RB|W/R/T
2,0.0,Football Yankees,Non-Starter,Rob Gronkowski,TB,TE|W/R/T
2,7.9,Football Yankees,Non-Starter,Cordarrelle Patterson,Pit,WR|W/R/T
2,-0.15,Football Yankees,Non-Starter,Lance Dunbar,LAR,RB|W/R/T
2,0.0,Football Yankees,Non-Starter,Heath Miller,Pit,TE|W/R/T
2,7.0,Football Yankees,Starter,Los Angeles Rams,LAR,DEF
3,29.42,Football Yankees,Starter,Cam Newton,Car,QB
3,11.9,Football Yankees,Starter,Demaryius Thomas,NE,WR|W/R/T
3,6.15,Football Yankees,Starter,Julian Edelman,NE,WR|W/R/T
3,11.3,Football Yankees,Starter,Doug Martin,LV,RB|W/R/T
3,4.75,Football Yankees,Starter,Knowshon Moreno,Mia,RB|W/R/T
3,26.1,Football Yankees,Starter,Jordan Cameron,Mia,TE|W/R/T
3,4.55,Football Yankees,Starter,Stevan Ridley,Pit,RB|W/R/T
3,0.0,Football Yankees,Non-Starter,Rob Gronkowski,TB,TE|W/R/T
3,0.85,Football Yankees,Non-Starter,Andre Roberts,Car,WR|W/R/T
3,0.85,Football Yankees,Non-Starter,Lance Moore,Det,WR|W/R/T
3,1.9,Football Yankees,Non-Starter,Lance Dunbar,LAR,RB|W/R/T
3,10.46,Football Yankees,Non-Starter,Philip Rivers,Ind,QB
3,4.0,Football Yankees,Non-Starter,Robert Woods,Pit,WR|W/R/T
3,4.0,Football Yankees,Starter,Los Angeles Rams,LAR,DEF
4,24.04,Football Yankees,Starter,Philip Rivers,Ind,QB
4,22.85,Football Yankees,Starter,Demaryius Thomas,NE,WR|W/R/T
4,13.55,Football Yankees,Starter,Julian Edelman,NE,WR|W/R/T
4,6.85,Football Yankees,Starter,Doug Martin,LV,RB|W/R/T
4,15.35,Football Yankees,Starter,Knowshon Moreno,Mia,RB|W/R/T
4,17.6,Football Yankees,Starter,Jordan Cameron,Mia,TE|W/R/T
4,8.4,Football Yankees,Starter,Stevan Ridley,Pit,RB|W/R/T
4,0.0,Football Yankees,Non-Starter,Cam Newton,Car,QB
4,0.0,Football Yankees,Non-Starter,Rob Gronkowski,TB,TE|W/R/T
4,0.85,Football Yankees,Non-Starter,Andre Roberts,Car,WR|W/R/T
4,0.0,Football Yankees,Non-Starter,Lance Moore,Det,WR|W/R/T
4,16.3,Football Yankees,Non-Starter,Robert Woods,Pit,WR|W/R/T
4,1.45,Football Yankees,Non-Starter,Brandon Bolden,LV,RB|W/R/T
4,11.0,Football Yankees,Starter,Cincinnati Bengals,Cin,DEF
5,6.82,Football Yankees,Starter,Cam Newton,Car,QB
5,6.95,Football Yankees,Starter,Demaryius Thomas,NE,WR|W/R/T
5,4.7,Football Yankees,Starter,Julian Edelman,NE,WR|W/R/T
5,22.25,Football Yankees,Starter,Knowshon Moreno,Mia,RB|W/R/T
5,7.9,Football Yankees,Starter,Brandon Bolden,LV,RB|W/R/T
5,4.35,Football Yankees,Starter,Jordan Cameron,Mia,TE|W/R/T
5,2.1,Football Yankees,Starter,Chris Givens,Bal,WR|W/R/T
5,19.94,Football Yankees,Non-Starter,Terrelle Pryor,NYJ,QB
5,0.0,Football Yankees,Non-Starter,Doug Martin,LV,RB|W/R/T
5,0.0,Football Yankees,Non-Starter,Rob Gronkowski,TB,TE|W/R/T
5,0.0,Football Yankees,Non-Starter,Steven Jackson,NE,RB|W/R/T
5,7.8,Football Yankees,Non-Starter,Zac Stacy,NYJ,RB|W/R/T
5,6.0,Football Yankees,Starter,Atlanta Falcons,Atl,DEF
5,19.0,Football Yankees,Non-Starter,Cincinnati Bengals,Cin,DEF
6,30.68,Football Yankees,Starter,Cam Newton,Car,QB
6,8.55,Football Yankees,Starter,Demaryius Thomas,NE,WR|W/R/T
6,18.95,Football Yankees,Starter,Keenan Allen,LAC,WR|W/R/T
6,30.15,Football Yankees,Starter,Knowshon Moreno,Mia,RB|W/R/T
6,10.1,Football Yankees,Starter,Doug Martin,LV,RB|W/R/T
6,7.65,Football Yankees,Starter,Jordan Cameron,Mia,TE|W/R/T
6,9.5,Football Yankees,Starter,Zac Stacy,NYJ,RB|W/R/T
6,0.0,Football Yankees,Non-Starter,Rob Gronkowski,TB,TE|W/R/T
6,9.2,Football Yankees,Non-Starter,Terrance Williams,Dal,WR|W/R/T
6,6.95,Football Yankees,Non-Starter,Julian Edelman,NE,WR|W/R/T
6,3.3,Football Yankees,Non-Starter,Brandon Bolden,LV,RB|W/R/T
6,10.24,Football Yankees,Non-Starter,Terrelle Pryor,NYJ,QB
6,0.0,Football Yankees,Non-Starter,Steven Jackson,NE,RB|W/R/T
6,13.0,Football Yankees,Starter,Cincinnati Bengals,Cin,DEF
7,14.76,Football Yankees,Starter,Cam Newton,Car,QB
7,15.2,Football Yankees,Starter,Demaryius Thomas,NE,WR|W/R/T
7,7.45,Football Yankees,Starter,Keenan Allen,LAC,WR|W/R/T
7,11.65,Football Yankees,Starter,Knowshon Moreno,Mia,RB|W/R/T
7,5.65,Football Yankees,Starter,Doug Martin,LV,RB|W/R/T
7,13.25,Football Yankees,Starter,Jordan Cameron,Mia,TE|W/R/T
7,13.4,Football Yankees,Starter,Rob Gronkowski,TB,TE|W/R/T
7,15.7,Football Yankees,Non-Starter,Zac Stacy,NYJ,RB|W/R/T
7,14.6,Football Yankees,Non-Starter,Terrance Williams,Dal,WR|W/R/T
7,5.65,Football Yankees,Non-Starter,Julian Edelman,NE,WR|W/R/T
7,10.55,Football Yankees,Non-Starter,Brandon Bolden,LV,RB|W/R/T
7,0.0,Football Yankees,Non-Starter,Terrelle Pryor,NYJ,QB
7,0.0,Football Yankees,Non-Starter,Steven Jackson,NE,RB|W/R/T
7,4.0,Football Yankees,Starter,Cincinnati Bengals,Cin,DEF
8,27.84,Football Yankees,Starter,Cam Newton,Car,QB
8,15.25,Football Yankees,Starter,Demaryius Thomas,NE,WR|W/R/T
8,13.4,Football Yankees,Starter,Terrance Williams,Dal,WR|W/R/T
8,20.7,Football Yankees,Starter,Knowshon Moreno,Mia,RB|W/R/T
8,13.15,Football Yankees,Starter,Zac Stacy,NYJ,RB|W/R/T
8,3.2,Football Yankees,Starter,Rob Gronkowski,TB,TE|W/R/T
8,2.05,Football Yankees,Starter,Steven Jackson,NE,RB|W/R/T
8,9.1,Football Yankees,Non-Starter,Jordan Cameron,Mia,TE|W/R/T
8,0.0,Football Yankees,Non-Starter,Doug Martin,LV,RB|W/R/T
8,0.0,Football Yankees,Non-Starter,Keenan Allen,LAC,WR|W/R/T
8,1.2,Football Yankees,Non-Starter,Julian Edelman,NE,WR|W/R/T
8,9.4,Football Yankees,Non-Starter,Brandon Bolden,LV,RB|W/R/T
8,16.12,Football Yankees,Non-Starter,Terrelle Pryor,NYJ,QB
8,28.5,Football Yankees,Starter,Cincinnati Bengals,Cin,DEF
9,18.16,Football Yankees,Starter,Cam Newton,Car,QB
9,3.8,Football Yankees,Starter,Terrance Williams,Dal,WR|W/R/T
9,20.8,Football Yankees,Starter,Keenan Allen,LAC,WR|W/R/T
9,31.3,Football Yankees,Starter,Zac Stacy,NYJ,RB|W/R/T
9,8.35,Football Yankees,Starter,Steven Jackson,NE,RB|W/R/T
9,22.55,Football Yankees,Starter,Rob Gronkowski,TB,TE|W/R/T
9,0.65,Football Yankees,Starter,Jordan Cameron,Mia,TE|W/R/T
9,0.0,Football Yankees,Non-Starter,Knowshon Moreno,Mia,RB|W/R/T
9,0.0,Football Yankees,Non-Starter,Demaryius Thomas,NE,WR|W/R/T
9,0.0,Football Yankees,Non-Starter,Doug Martin,LV,RB|W/R/T
9,3.6,Football Yankees,Non-Starter,Brandon Bolden,LV,RB|W/R/T
9,16.92,Football Yankees,Non-Starter,Terrelle Pryor,NYJ,QB
9,6.15,Football Yankees,Non-Starter,DeAndre Hopkins,Bal,WR|W/R/T
9,10.0,Football Yankees,Starter,Cincinnati Bengals,Cin,DEF
10,6.26,Football Yankees,Starter,Cam Newton,Car,QB
10,5.1,Football Yankees,Starter,Keenan Allen,LAC,WR|W/R/T
10,30.55,Football Yankees,Starter,Demaryius Thomas,NE,WR|W/R/T
10,13.3,Football Yankees,Starter,Zac Stacy,NYJ,RB|W/R/T
10,13.4,Football Yankees,Starter,Knowshon Moreno,Mia,RB|W/R/T
10,2.15,Football Yankees,Starter,Timothy Wright,Det,WR|TE|W/R/T
10,2.75,Football Yankees,Starter,Steven Jackson,NE,RB|W/R/T
10,0.0,Football Yankees,Non-Starter,Rob Gronkowski,TB,TE|W/R/T
10,0.0,Football Yankees,Non-Starter,Jordan Cameron,Mia,TE|W/R/T
10,8.35,Football Yankees,Non-Starter,Terrance Williams,Dal,WR|W/R/T
10,8.4,Football Yankees,Non-Starter,DeAndre Hopkins,Bal,WR|W/R/T
10,2.35,Football Yankees,Non-Starter,Dennis Johnson,Hou,RB|W/R/T
10,17.0,Football Yankees,Starter,Cincinnati Bengals,Cin,DEF
10,0.0,Football Yankees,Non-Starter,New York Jets,NYJ,DEF
11,26.56,Football Yankees,Starter,Cam Newton,Car,QB
11,5.25,Football Yankees,Starter,Keenan Allen,LAC,WR|W/R/T
11,13.35,Football Yankees,Starter,Demaryius Thomas,NE,WR|W/R/T
11,7.9,Football Yankees,Starter,Knowshon Moreno,Mia,RB|W/R/T
11,7.0,Football Yankees,Starter,Steven Jackson,NE,RB|W/R/T
11,13.15,Football Yankees,Starter,Rob Gronkowski,TB,TE|W/R/T
11,4.4,Football Yankees,Starter,Jordan Cameron,Mia,TE|W/R/T
11,0.0,Football Yankees,Non-Starter,Zac Stacy,NYJ,RB|W/R/T
11,0.0,Football Yankees,Non-Starter,Terrance Williams,Dal,WR|W/R/T
11,0.95,Football Yankees,Non-Starter,DeAndre Hopkins,Bal,WR|W/R/T
11,0.2,Football Yankees,Non-Starter,Dennis Johnson,Hou,RB|W/R/T
11,33.0,Football Yankees,Starter,Cincinnati Bengals,Cin,DEF
11,4.5,Football Yankees,Non-Starter,New York Jets,NYJ,DEF
11,0.0,Football Yankees,Non-Starter,Los Angeles Rams,LAR,DEF
12,20.06,Football Yankees,Starter,Cam Newton,Car,QB
12,14.65,Football Yankees,Starter,Keenan Allen,LAC,WR|W/R/T
12,11.1,Football Yankees,Starter,Demaryius Thomas,NE,WR|W/R/T
12,29.25,Football Yankees,Starter,Knowshon Moreno,Mia,RB|W/R/T
12,15.95,Football Yankees,Starter,Zac Stacy,NYJ,RB|W/R/T
12,16.75,Football Yankees,Starter,Rob Gronkowski,TB,TE|W/R/T
12,14.65,Football Yankees,Starter,Steven Jackson,NE,RB|W/R/T
12,3.95,Football Yankees,Non-Starter,Jordan Cameron,Mia,TE|W/R/T
12,1.25,Football Yankees,Non-Starter,Terrance Williams,Dal,WR|W/R/T
12,1.05,Football Yankees,Non-Starter,DeAndre Hopkins,Bal,WR|W/R/T
12,9.2,Football Yankees,Non-Starter,Dennis Johnson,Hou,RB|W/R/T
12,0.0,Football Yankees,Non-Starter,Marquise Goodwin,Cle,WR|W/R/T
12,16.0,Football Yankees,Starter,Los Angeles Rams,LAR,DEF
12,0.0,Football Yankees,Non-Starter,Cincinnati Bengals,Cin,DEF
13,27.32,Football Yankees,Starter,Cam Newton,Car,QB
13,10.6,Football Yankees,Starter,Keenan Allen,LAC,WR|W/R/T
13,11.35,Football Yankees,Starter,Demaryius Thomas,NE,WR|W/R/T
13,16.0,Football Yankees,Starter,Knowshon Moreno,Mia,RB|W/R/T
13,7.35,Football Yankees,Starter,Zac Stacy,NYJ,RB|W/R/T
13,20.2,Football Yankees,Starter,Rob Gronkowski,TB,TE|W/R/T
13,20.65,Football Yankees,Starter,Steven Jackson,NE,RB|W/R/T
13,5.3,Football Yankees,Non-Starter,Jordan Cameron,Mia,TE|W/R/T
13,2.65,Football Yankees,Non-Starter,Dennis Johnson,Hou,RB|W/R/T
13,1.6,Football Yankees,Non-Starter,Benny Cunningham,Chi,RB|W/R/T
13,9.35,Football Yankees,Non-Starter,Cordarrelle Patterson,Pit,WR|W/R/T
13,2.25,Football Yankees,Non-Starter,Brandon Bolden,LV,RB|W/R/T
13,13.0,Football Yankees,Starter,Los Angeles Rams,LAR,DEF
13,12.5,Football Yankees,Non-Starter,Cincinnati Bengals,Cin,DEF
14,15.2,Football Yankees,Starter,Cam Newton,Car,QB
14,18.65,Football Yankees,Starter,Keenan Allen,LAC,WR|W/R/T
14,16.55,Football Yankees,Starter,Demaryius Thomas,NE,WR|W/R/T
14,18.4,Football Yankees,Starter,Knowshon Moreno,Mia,RB|W/R/T
14,8.95,Football Yankees,Starter,Zac Stacy,NYJ,RB|W/R/T
14,3.7,Football Yankees,Starter,Rob Gronkowski,TB,TE|W/R/T
14,8.25,Football Yankees,Starter,Steven Jackson,NE,RB|W/R/T
14,20.35,Football Yankees,Non-Starter,Jordan Cameron,Mia,TE|W/R/T
14,1.65,Football Yankees,Non-Starter,Dennis Johnson,Hou,RB|W/R/T
14,3.0,Football Yankees,Non-Starter,Benny Cunningham,Chi,RB|W/R/T
14,21.95,Football Yankees,Non-Starter,Cordarrelle Patterson,Pit,WR|W/R/T
14,22.6,Football Yankees,Non-Starter,Marcel Reece,Sea,RB|W/R/T
14,5.5,Football Yankees,Starter,Los Angeles Rams,LAR,DEF
14,1.0,Football Yankees,Non-Starter,Cincinnati Bengals,Cin,DEF
15,16.12,Football Yankees,Starter,Cam Newton,Car,QB
15,15.4,Football Yankees,Starter,Keenan Allen,LAC,WR|W/R/T
15,5.5,Football Yankees,Starter,Demaryius Thomas,NE,WR|W/R/T
15,6.75,Football Yankees,Starter,Knowshon Moreno,Mia,RB|W/R/T
15,20.55,Football Yankees,Starter,Zac Stacy,NYJ,RB|W/R/T
15,3.05,Football Yankees,Starter,Jordan Cameron,Mia,TE|W/R/T
15,17.3,Football Yankees,Starter,Steven Jackson,NE,RB|W/R/T
15,1.75,Football Yankees,Non-Starter,Dennis Johnson,Hou,RB|W/R/T
15,0.0,Football Yankees,Non-Starter,Benny Cunningham,Chi,RB|W/R/T
15,12.25,Football Yankees,Non-Starter,Cordarrelle Patterson,Pit,WR|W/R/T
15,8.38,Football Yankees,Non-Starter,Marcel Reece,Sea,RB|W/R/T
15,4.0,Football Yankees,Starter,Cincinnati Bengals,Cin,DEF
15,16.5,Football Yankees,Non-Starter,Los Angeles Rams,LAR,DEF
15,19.0,Football Yankees,Non-Starter,Buffalo Bills,Buf,DEF
16,9.84,Football Yankees,Starter,Cam Newton,Car,QB
16,7.35,Football Yankees,Starter,Keenan Allen,LAC,WR|W/R/T
16,20.3,Football Yankees,Starter,Demaryius Thomas,NE,WR|W/R/T
16,10.7,Football Yankees,Starter,Knowshon Moreno,Mia,RB|W/R/T
16,15.15,Football Yankees,Starter,Zac Stacy,NYJ,RB|W/R/T
16,7.35,Football Yankees,Starter,Zach Miller,Sea,TE|W/R/T
16,11.4,Football Yankees,Starter,Steven Jackson,NE,RB|W/R/T
16,3.5,Football Yankees,Non-Starter,Dennis Johnson,Hou,RB|W/R/T
16,-0.2,Football Yankees,Non-Starter,Benny Cunningham,Chi,RB|W/R/T
16,12.95,Football Yankees,Non-Starter,Cordarrelle Patterson,Pit,WR|W/R/T
16,3.6,Football Yankees,Non-Starter,Marcel Reece,Sea,RB|W/R/T
16,22.5,Football Yankees,Starter,Cincinnati Bengals,Cin,DEF
16,21.0,Football Yankees,Non-Starter,Los Angeles Rams,LAR,DEF
16,29.0,Football Yankees,Non-Starter,Buffalo Bills,Buf,DEF
1,46.28,Fighteveryninjahere!,Starter,Peyton Manning,Den,QB
1,12.65,Fighteveryninjahere!,Starter,Hakeem Nicks,NYG,WR|W/R/T
1,14.05,Fighteveryninjahere!,Starter,Marques Colston,NO,WR|W/R/T
1,5.7,Fighteveryninjahere!,Starter,Marshawn Lynch,Sea,RB|W/R/T
1,9.15,Fighteveryninjahere!,Starter,BenJarvus Green-Ellis,Cin,RB|W/R/T
1,19.95,Fighteveryninjahere!,Starter,Owen Daniels,Den,TE|W/R/T
1,18.95,Fighteveryninjahere!,Starter,Wes Welker,LAR,WR|W/R/T
1,23.84,Fighteveryninjahere!,Non-Starter,Matt Schaub,Atl,QB
1,0.0,Fighteveryninjahere!,Non-Starter,Isaiah Pead,Mia,RB|W/R/T
1,7.4,Fighteveryninjahere!,Non-Starter,Bilal Powell,NYJ,RB|W/R/T
1,1.6,Fighteveryninjahere!,Non-Starter,Kendall Wright,Ari,WR|W/R/T
1,3.15,Fighteveryninjahere!,Non-Starter,Jacoby Jones,LAC,WR|W/R/T
1,14.35,Fighteveryninjahere!,Non-Starter,Brandon Myers,TB,TE|W/R/T
1,13.0,Fighteveryninjahere!,Starter,Houston Texans,Hou,DEF
2,19.98,Fighteveryninjahere!,Starter,Peyton Manning,Den,QB
2,9.3,Fighteveryninjahere!,Starter,Hakeem Nicks,NYG,WR|W/R/T
2,7.3,Fighteveryninjahere!,Starter,Marques Colston,NO,WR|W/R/T
2,32.25,Fighteveryninjahere!,Starter,Marshawn Lynch,Sea,RB|W/R/T
2,8.25,Fighteveryninjahere!,Starter,BenJarvus Green-Ellis,Cin,RB|W/R/T
2,8.9,Fighteveryninjahere!,Starter,Owen Daniels,Den,TE|W/R/T
2,10.65,Fighteveryninjahere!,Starter,Wes Welker,LAR,WR|W/R/T
2,17.92,Fighteveryninjahere!,Non-Starter,Matt Schaub,Atl,QB
2,2.4,Fighteveryninjahere!,Non-Starter,Isaiah Pead,Mia,RB|W/R/T
2,13.5,Fighteveryninjahere!,Non-Starter,Bilal Powell,NYJ,RB|W/R/T
2,13.15,Fighteveryninjahere!,Non-Starter,Kendall Wright,Ari,WR|W/R/T
2,0.0,Fighteveryninjahere!,Non-Starter,Jacoby Jones,LAC,WR|W/R/T
2,8.9,Fighteveryninjahere!,Non-Starter,Brandon Myers,TB,TE|W/R/T
2,15.0,Fighteveryninjahere!,Starter,Houston Texans,Hou,DEF
3,24.76,Fighteveryninjahere!,Starter,Peyton Manning,Den,QB
3,0.0,Fighteveryninjahere!,Starter,Hakeem Nicks,NYG,WR|W/R/T
3,8.35,Fighteveryninjahere!,Starter,Marques Colston,NO,WR|W/R/T
3,6.9,Fighteveryninjahere!,Starter,Marshawn Lynch,Sea,RB|W/R/T
3,6.9,Fighteveryninjahere!,Starter,BenJarvus Green-Ellis,Cin,RB|W/R/T
3,4.15,Fighteveryninjahere!,Starter,Owen Daniels,Den,TE|W/R/T
3,16.15,Fighteveryninjahere!,Starter,Wes Welker,LAR,WR|W/R/T
3,3.76,Fighteveryninjahere!,Non-Starter,Matt Schaub,Atl,QB
3,8.05,Fighteveryninjahere!,Non-Starter,Isaiah Pead,Mia,RB|W/R/T
3,16.3,Fighteveryninjahere!,Non-Starter,Bilal Powell,NYJ,RB|W/R/T
3,8.6,Fighteveryninjahere!,Non-Starter,Kendall Wright,Ari,WR|W/R/T
3,0.0,Fighteveryninjahere!,Non-Starter,Jacoby Jones,LAC,WR|W/R/T
3,4.05,Fighteveryninjahere!,Non-Starter,Brandon Myers,TB,TE|W/R/T
3,6.0,Fighteveryninjahere!,Starter,Houston Texans,Hou,DEF
4,29.08,Fighteveryninjahere!,Starter,Peyton Manning,Den,QB
4,4.05,Fighteveryninjahere!,Starter,Hakeem Nicks,NYG,WR|W/R/T
4,11.35,Fighteveryninjahere!,Starter,Marques Colston,NO,WR|W/R/T
4,19.05,Fighteveryninjahere!,Starter,Marshawn Lynch,Sea,RB|W/R/T
4,1.3,Fighteveryninjahere!,Starter,BenJarvus Green-Ellis,Cin,RB|W/R/T
4,8.7,Fighteveryninjahere!,Starter,Owen Daniels,Den,TE|W/R/T
4,21.35,Fighteveryninjahere!,Starter,Wes Welker,LAR,WR|W/R/T
4,16.7,Fighteveryninjahere!,Non-Starter,Matt Schaub,Atl,QB
4,0.0,Fighteveryninjahere!,Non-Starter,Isaiah Pead,Mia,RB|W/R/T
4,11.55,Fighteveryninjahere!,Non-Starter,Bilal Powell,NYJ,RB|W/R/T
4,6.85,Fighteveryninjahere!,Non-Starter,Kendall Wright,Ari,WR|W/R/T
4,0.0,Fighteveryninjahere!,Non-Starter,Jacoby Jones,LAC,WR|W/R/T
4,0.0,Fighteveryninjahere!,Non-Starter,Brandon Myers,TB,TE|W/R/T
4,13.0,Fighteveryninjahere!,Starter,Houston Texans,Hou,DEF
5,35.76,Fighteveryninjahere!,Starter,Peyton Manning,Den,QB
5,16.45,Fighteveryninjahere!,Starter,Hakeem Nicks,NYG,WR|W/R/T
5,2.0,Fighteveryninjahere!,Starter,Marques Colston,NO,WR|W/R/T
5,10.95,Fighteveryninjahere!,Starter,Marshawn Lynch,Sea,RB|W/R/T
5,4.95,Fighteveryninjahere!,Starter,Bilal Powell,NYJ,RB|W/R/T
5,7.5,Fighteveryninjahere!,Starter,Owen Daniels,Den,TE|W/R/T
5,12.15,Fighteveryninjahere!,Starter,Wes Welker,LAR,WR|W/R/T
5,12.7,Fighteveryninjahere!,Non-Starter,BenJarvus Green-Ellis,Cin,RB|W/R/T
5,-1.08,Fighteveryninjahere!,Non-Starter,Matt Schaub,Atl,QB
5,0.0,Fighteveryninjahere!,Non-Starter,Isaiah Pead,Mia,RB|W/R/T
5,8.9,Fighteveryninjahere!,Non-Starter,Kendall Wright,Ari,WR|W/R/T
5,0.0,Fighteveryninjahere!,Non-Starter,Jacoby Jones,LAC,WR|W/R/T
5,4.0,Fighteveryninjahere!,Non-Starter,Brandon Myers,TB,TE|W/R/T
5,4.5,Fighteveryninjahere!,Starter,Houston Texans,Hou,DEF
6,11.1,Fighteveryninjahere!,Starter,Peyton Manning,Den,QB
6,8.0,Fighteveryninjahere!,Starter,Hakeem Nicks,NYG,WR|W/R/T
6,1.35,Fighteveryninjahere!,Starter,Marques Colston,NO,WR|W/R/T
6,28.5,Fighteveryninjahere!,Starter,Marshawn Lynch,Sea,RB|W/R/T
6,5.75,Fighteveryninjahere!,Starter,Bilal Powell,NYJ,RB|W/R/T
6,0.0,Fighteveryninjahere!,Starter,Brandon Myers,TB,TE|W/R/T
6,13.8,Fighteveryninjahere!,Starter,Wes Welker,LAR,WR|W/R/T
6,0.0,Fighteveryninjahere!,Non-Starter,Owen Daniels,Den,TE|W/R/T
6,8.6,Fighteveryninjahere!,Non-Starter,BenJarvus Green-Ellis,Cin,RB|W/R/T
6,7.44,Fighteveryninjahere!,Non-Starter,Matt Schaub,Atl,QB
6,0.0,Fighteveryninjahere!,Non-Starter,Isaiah Pead,Mia,RB|W/R/T
6,8.15,Fighteveryninjahere!,Non-Starter,Kendall Wright,Ari,WR|W/R/T
6,10.7,Fighteveryninjahere!,Non-Starter,Jacoby Jones,LAC,WR|W/R/T
6,2.5,Fighteveryninjahere!,Starter,Houston Texans,Hou,DEF
7,25.34,Fighteveryninjahere!,Starter,Peyton Manning,Den,QB
7,3.3,Fighteveryninjahere!,Starter,Hakeem Nicks,NYG,WR|W/R/T
7,12.05,Fighteveryninjahere!,Starter,Kendall Wright,Ari,WR|W/R/T
7,15.65,Fighteveryninjahere!,Starter,Marshawn Lynch,Sea,RB|W/R/T
7,0.6,Fighteveryninjahere!,Starter,Bilal Powell,NYJ,RB|W/R/T
7,2.0,Fighteveryninjahere!,Starter,Brandon Myers,TB,TE|W/R/T
7,11.35,Fighteveryninjahere!,Starter,Wes Welker,LAR,WR|W/R/T
7,0.0,Fighteveryninjahere!,Non-Starter,Marques Colston,NO,WR|W/R/T
7,0.0,Fighteveryninjahere!,Non-Starter,Owen Daniels,Den,TE|W/R/T
7,2.4,Fighteveryninjahere!,Non-Starter,BenJarvus Green-Ellis,Cin,RB|W/R/T
7,0.0,Fighteveryninjahere!,Non-Starter,Matt Schaub,Atl,QB
7,0.0,Fighteveryninjahere!,Non-Starter,Isaiah Pead,Mia,RB|W/R/T
7,4.2,Fighteveryninjahere!,Non-Starter,Jacoby Jones,LAC,WR|W/R/T
7,9.5,Fighteveryninjahere!,Starter,Houston Texans,Hou,DEF
8,19.86,Fighteveryninjahere!,Starter,Peyton Manning,Den,QB
8,6.85,Fighteveryninjahere!,Starter,Hakeem Nicks,NYG,WR|W/R/T
8,2.55,Fighteveryninjahere!,Starter,Marques Colston,NO,WR|W/R/T
8,2.95,Fighteveryninjahere!,Starter,Marshawn Lynch,Sea,RB|W/R/T
8,4.9,Fighteveryninjahere!,Starter,Bilal Powell,NYJ,RB|W/R/T
8,4.95,Fighteveryninjahere!,Starter,Brandon Myers,TB,TE|W/R/T
8,15.6,Fighteveryninjahere!,Starter,Wes Welker,LAR,WR|W/R/T
8,0.0,Fighteveryninjahere!,Non-Starter,Kendall Wright,Ari,WR|W/R/T
8,0.0,Fighteveryninjahere!,Non-Starter,Owen Daniels,Den,TE|W/R/T
8,3.3,Fighteveryninjahere!,Non-Starter,BenJarvus Green-Ellis,Cin,RB|W/R/T
8,0.0,Fighteveryninjahere!,Non-Starter,Matt Schaub,Atl,QB
8,0.0,Fighteveryninjahere!,Non-Starter,Isaiah Pead,Mia,RB|W/R/T
8,0.0,Fighteveryninjahere!,Non-Starter,Jacoby Jones,LAC,WR|W/R/T
8,10.0,Fighteveryninjahere!,Starter,Green Bay Packers,GB,DEF
9,25.9,Fighteveryninjahere!,Starter,Ben Roethlisberger,Pit,QB
9,0.0,Fighteveryninjahere!,Starter,Marques Colston,NO,WR|W/R/T
9,3.7,Fighteveryninjahere!,Starter,Jacoby Jones,LAC,WR|W/R/T
9,15.1,Fighteveryninjahere!,Starter,Marshawn Lynch,Sea,RB|W/R/T
9,2.9,Fighteveryninjahere!,Starter,Bilal Powell,NYJ,RB|W/R/T
9,1.65,Fighteveryninjahere!,Starter,Dallas Clark,Bal,TE|W/R/T
9,7.65,Fighteveryninjahere!,Starter,Kendall Wright,Ari,WR|W/R/T
9,0.0,Fighteveryninjahere!,Non-Starter,Hakeem Nicks,NYG,WR|W/R/T
9,0.0,Fighteveryninjahere!,Non-Starter,Wes Welker,LAR,WR|W/R/T
9,0.0,Fighteveryninjahere!,Non-Starter,Brandon Myers,TB,TE|W/R/T
9,0.0,Fighteveryninjahere!,Non-Starter,Peyton Manning,Den,QB
9,7.2,Fighteveryninjahere!,Non-Starter,BenJarvus Green-Ellis,Cin,RB|W/R/T
9,0.0,Fighteveryninjahere!,Non-Starter,Isaiah Pead,Mia,RB|W/R/T
9,6.0,Fighteveryninjahere!,Starter,Green Bay Packers,GB,DEF
10,27.1,Fighteveryninjahere!,Starter,Peyton Manning,Den,QB
10,2.85,Fighteveryninjahere!,Starter,Wes Welker,LAR,WR|W/R/T
10,18.45,Fighteveryninjahere!,Starter,Marques Colston,NO,WR|W/R/T
10,22.85,Fighteveryninjahere!,Starter,Marshawn Lynch,Sea,RB|W/R/T
10,3.6,Fighteveryninjahere!,Starter,BenJarvus Green-Ellis,Cin,RB|W/R/T
10,0.0,Fighteveryninjahere!,Starter,Brandon Myers,TB,TE|W/R/T
10,9.55,Fighteveryninjahere!,Starter,Kendall Wright,Ari,WR|W/R/T
10,2.2,Fighteveryninjahere!,Non-Starter,Jacoby Jones,LAC,WR|W/R/T
10,0.0,Fighteveryninjahere!,Non-Starter,Bilal Powell,NYJ,RB|W/R/T
10,6.35,Fighteveryninjahere!,Non-Starter,Dallas Clark,Bal,TE|W/R/T
10,10.16,Fighteveryninjahere!,Non-Starter,Ben Roethlisberger,Pit,QB
10,5.9,Fighteveryninjahere!,Non-Starter,Hakeem Nicks,NYG,WR|W/R/T
10,0.0,Fighteveryninjahere!,Non-Starter,Isaiah Pead,Mia,RB|W/R/T
10,8.0,Fighteveryninjahere!,Starter,Green Bay Packers,GB,DEF
11,14.92,Fighteveryninjahere!,Starter,Peyton Manning,Den,QB
11,9.2,Fighteveryninjahere!,Starter,Wes Welker,LAR,WR|W/R/T
11,9.25,Fighteveryninjahere!,Starter,Marques Colston,NO,WR|W/R/T
11,24.8,Fighteveryninjahere!,Starter,Marshawn Lynch,Sea,RB|W/R/T
11,6.2,Fighteveryninjahere!,Starter,BenJarvus Green-Ellis,Cin,RB|W/R/T
11,3.95,Fighteveryninjahere!,Starter,Brandon Myers,TB,TE|W/R/T
11,6.0,Fighteveryninjahere!,Starter,Hakeem Nicks,NYG,WR|W/R/T
11,10.25,Fighteveryninjahere!,Non-Starter,Kendall Wright,Ari,WR|W/R/T
11,2.7,Fighteveryninjahere!,Non-Starter,Jacoby Jones,LAC,WR|W/R/T
11,3.05,Fighteveryninjahere!,Non-Starter,Bilal Powell,NYJ,RB|W/R/T
11,3.6,Fighteveryninjahere!,Non-Starter,Dallas Clark,Bal,TE|W/R/T
11,31.88,Fighteveryninjahere!,Non-Starter,Ben Roethlisberger,Pit,QB
11,0.0,Fighteveryninjahere!,Non-Starter,Isaiah Pead,Mia,RB|W/R/T
11,11.5,Fighteveryninjahere!,Starter,Green Bay Packers,GB,DEF
12,12.0,Fighteveryninjahere!,Starter,Peyton Manning,Den,QB
12,4.1,Fighteveryninjahere!,Starter,Wes Welker,LAR,WR|W/R/T
12,5.0,Fighteveryninjahere!,Starter,Marques Colston,NO,WR|W/R/T
12,7.25,Fighteveryninjahere!,Starter,Bilal Powell,NYJ,RB|W/R/T
12,3.55,Fighteveryninjahere!,Starter,Roy Helu,LV,RB|W/R/T
12,10.65,Fighteveryninjahere!,Starter,Brandon Myers,TB,TE|W/R/T
12,0.0,Fighteveryninjahere!,Starter,Hakeem Nicks,NYG,WR|W/R/T
12,0.0,Fighteveryninjahere!,Non-Starter,BenJarvus Green-Ellis,Cin,RB|W/R/T
12,0.0,Fighteveryninjahere!,Non-Starter,Marshawn Lynch,Sea,RB|W/R/T
12,17.8,Fighteveryninjahere!,Non-Starter,Kendall Wright,Ari,WR|W/R/T
12,17.3,Fighteveryninjahere!,Non-Starter,Jacoby Jones,LAC,WR|W/R/T
12,3.15,Fighteveryninjahere!,Non-Starter,Dallas Clark,Bal,TE|W/R/T
12,16.38,Fighteveryninjahere!,Non-Starter,Ben Roethlisberger,Pit,QB
12,16.0,Fighteveryninjahere!,Starter,Green Bay Packers,GB,DEF
13,31.82,Fighteveryninjahere!,Starter,Peyton Manning,Den,QB
13,4.55,Fighteveryninjahere!,Starter,Wes Welker,LAR,WR|W/R/T
13,3.7,Fighteveryninjahere!,Starter,Marques Colston,NO,WR|W/R/T
13,6.45,Fighteveryninjahere!,Starter,Marshawn Lynch,Sea,RB|W/R/T
13,13.75,Fighteveryninjahere!,Starter,BenJarvus Green-Ellis,Cin,RB|W/R/T
13,13.35,Fighteveryninjahere!,Starter,Brandon Myers,TB,TE|W/R/T
13,9.2,Fighteveryninjahere!,Starter,Kendall Wright,Ari,WR|W/R/T
13,1.05,Fighteveryninjahere!,Non-Starter,Dallas Clark,Bal,TE|W/R/T
13,3.9,Fighteveryninjahere!,Non-Starter,Hakeem Nicks,NYG,WR|W/R/T
13,5.0,Fighteveryninjahere!,Non-Starter,Roy Helu,LV,RB|W/R/T
13,6.65,Fighteveryninjahere!,Non-Starter,Bilal Powell,NYJ,RB|W/R/T
13,6.3,Fighteveryninjahere!,Non-Starter,Jacoby Jones,LAC,WR|W/R/T
13,19.38,Fighteveryninjahere!,Non-Starter,Ben Roethlisberger,Pit,QB
13,11.0,Fighteveryninjahere!,Starter,Green Bay Packers,GB,DEF
14,31.78,Fighteveryninjahere!,Starter,Peyton Manning,Den,QB
14,13.35,Fighteveryninjahere!,Starter,Wes Welker,LAR,WR|W/R/T
14,26.75,Fighteveryninjahere!,Starter,Marques Colston,NO,WR|W/R/T
14,13.2,Fighteveryninjahere!,Starter,Marshawn Lynch,Sea,RB|W/R/T
14,16.8,Fighteveryninjahere!,Starter,BenJarvus Green-Ellis,Cin,RB|W/R/T
14,9.6,Fighteveryninjahere!,Starter,Brandon Myers,TB,TE|W/R/T
14,2.2,Fighteveryninjahere!,Starter,Kendall Wright,Ari,WR|W/R/T
14,0.0,Fighteveryninjahere!,Non-Starter,Dallas Clark,Bal,TE|W/R/T
14,14.75,Fighteveryninjahere!,Non-Starter,Hakeem Nicks,NYG,WR|W/R/T
14,0.95,Fighteveryninjahere!,Non-Starter,Roy Helu,LV,RB|W/R/T
14,4.05,Fighteveryninjahere!,Non-Starter,Bilal Powell,NYJ,RB|W/R/T
14,10.3,Fighteveryninjahere!,Non-Starter,Jacoby Jones,LAC,WR|W/R/T
14,25.26,Fighteveryninjahere!,Non-Starter,Ben Roethlisberger,Pit,QB
14,8.5,Fighteveryninjahere!,Starter,Green Bay Packers,GB,DEF
15,17.56,Fighteveryninjahere!,Starter,Peyton Manning,Den,QB
15,17.2,Fighteveryninjahere!,Starter,Marques Colston,NO,WR|W/R/T
15,9.5,Fighteveryninjahere!,Starter,Jacoby Jones,LAC,WR|W/R/T
15,19.5,Fighteveryninjahere!,Starter,Marshawn Lynch,Sea,RB|W/R/T
15,0.4,Fighteveryninjahere!,Starter,BenJarvus Green-Ellis,Cin,RB|W/R/T
15,4.45,Fighteveryninjahere!,Starter,Brandon Myers,TB,TE|W/R/T
15,18.0,Fighteveryninjahere!,Starter,Kendall Wright,Ari,WR|W/R/T
15,0.0,Fighteveryninjahere!,Non-Starter,Wes Welker,LAR,WR|W/R/T
15,0.0,Fighteveryninjahere!,Non-Starter,Dallas Clark,Bal,TE|W/R/T
15,0.75,Fighteveryninjahere!,Non-Starter,Hakeem Nicks,NYG,WR|W/R/T
15,1.15,Fighteveryninjahere!,Non-Starter,Roy Helu,LV,RB|W/R/T
15,6.6,Fighteveryninjahere!,Non-Starter,Bilal Powell,NYJ,RB|W/R/T
15,9.64,Fighteveryninjahere!,Non-Starter,Ben Roethlisberger,Pit,QB
15,5.0,Fighteveryninjahere!,Starter,Green Bay Packers,GB,DEF
16,32.0,Fighteveryninjahere!,Starter,Peyton Manning,Den,QB
16,7.55,Fighteveryninjahere!,Starter,Marques Colston,NO,WR|W/R/T
16,1.35,Fighteveryninjahere!,Starter,Jacoby Jones,LAC,WR|W/R/T
16,8.1,Fighteveryninjahere!,Starter,Marshawn Lynch,Sea,RB|W/R/T
16,9.65,Fighteveryninjahere!,Starter,BenJarvus Green-Ellis,Cin,RB|W/R/T
16,6.3,Fighteveryninjahere!,Starter,Brandon Myers,TB,TE|W/R/T
16,3.2,Fighteveryninjahere!,Starter,Kendall Wright,Ari,WR|W/R/T
16,0.0,Fighteveryninjahere!,Non-Starter,Wes Welker,LAR,WR|W/R/T
16,0.0,Fighteveryninjahere!,Non-Starter,Dallas Clark,Bal,TE|W/R/T
16,6.2,Fighteveryninjahere!,Non-Starter,Hakeem Nicks,NYG,WR|W/R/T
16,0.8,Fighteveryninjahere!,Non-Starter,Roy Helu,LV,RB|W/R/T
16,9.0,Fighteveryninjahere!,Non-Starter,Bilal Powell,NYJ,RB|W/R/T
16,19.98,Fighteveryninjahere!,Non-Starter,Ben Roethlisberger,Pit,QB
16,6.0,Fighteveryninjahere!,Starter,Green Bay Packers,GB,DEF
1,9.64,LennayBukkakekua,Starter,Ben Roethlisberger,Pit,QB
1,19.15,LennayBukkakekua,Starter,Randall Cobb,NYJ,WR|W/R/T
1,30.05,LennayBukkakekua,Starter,Anquan Boldin,Det,WR|W/R/T
1,10.5,LennayBukkakekua,Starter,Arian Foster,Mia,RB|W/R/T
1,13.45,LennayBukkakekua,Starter,Steven Jackson,NE,RB|W/R/T
1,5.95,LennayBukkakekua,Starter,Tyler Eifert,Jax,TE|W/R/T
1,1.25,LennayBukkakekua,Starter,Lamar Miller,NO,RB|W/R/T
1,15.48,LennayBukkakekua,Non-Starter,Andy Dalton,Car,QB
1,0.0,LennayBukkakekua,Non-Starter,Justin Blackmon,Jax,WR|W/R/T
1,7.45,LennayBukkakekua,Non-Starter,Emmanuel Sanders,Buf,WR|W/R/T
1,2.2,LennayBukkakekua,Non-Starter,Bernard Pierce,Jax,RB|W/R/T
1,0.0,LennayBukkakekua,Non-Starter,Christine Michael,Ind,RB|W/R/T
1,0.0,LennayBukkakekua,Non-Starter,Felix Jones,Pit,RB|W/R/T
1,12.0,LennayBukkakekua,Starter,Arizona Cardinals,Ari,DEF
2,12.64,LennayBukkakekua,Starter,Ben Roethlisberger,Pit,QB
2,21.05,LennayBukkakekua,Starter,Randall Cobb,NYJ,WR|W/R/T
2,0.95,LennayBukkakekua,Starter,Anquan Boldin,Det,WR|W/R/T
2,16.75,LennayBukkakekua,Starter,Arian Foster,Mia,RB|W/R/T
2,7.05,LennayBukkakekua,Starter,Steven Jackson,NE,RB|W/R/T
2,12.2,LennayBukkakekua,Starter,Julius Thomas,Mia,TE|W/R/T
2,14.0,LennayBukkakekua,Starter,Lamar Miller,NO,RB|W/R/T
2,16.2,LennayBukkakekua,Non-Starter,Andy Dalton,Car,QB
2,9.05,LennayBukkakekua,Non-Starter,Emmanuel Sanders,Buf,WR|W/R/T
2,0.0,LennayBukkakekua,Non-Starter,Justin Blackmon,Jax,WR|W/R/T
2,11.75,LennayBukkakekua,Non-Starter,Bernard Pierce,Jax,RB|W/R/T
2,0.0,LennayBukkakekua,Non-Starter,Christine Michael,Ind,RB|W/R/T
2,3.7,LennayBukkakekua,Non-Starter,Felix Jones,Pit,RB|W/R/T
2,11.5,LennayBukkakekua,Starter,Arizona Cardinals,Ari,DEF
3,13.7,LennayBukkakekua,Starter,Andy Dalton,Car,QB
3,6.65,LennayBukkakekua,Starter,Randall Cobb,NYJ,WR|W/R/T
3,7.95,LennayBukkakekua,Starter,Anquan Boldin,Det,WR|W/R/T
3,5.45,LennayBukkakekua,Starter,Arian Foster,Mia,RB|W/R/T
3,13.7,LennayBukkakekua,Starter,Bernard Pierce,Jax,RB|W/R/T
3,10.45,LennayBukkakekua,Starter,Julius Thomas,Mia,TE|W/R/T
3,6.65,LennayBukkakekua,Starter,Lamar Miller,NO,RB|W/R/T
3,0.0,LennayBukkakekua,Non-Starter,Steven Jackson,NE,RB|W/R/T
3,14.94,LennayBukkakekua,Non-Starter,Ben Roethlisberger,Pit,QB
3,4.9,LennayBukkakekua,Non-Starter,Emmanuel Sanders,Buf,WR|W/R/T
3,0.0,LennayBukkakekua,Non-Starter,Justin Blackmon,Jax,WR|W/R/T
3,3.7,LennayBukkakekua,Non-Starter,Christine Michael,Ind,RB|W/R/T
3,3.2,LennayBukkakekua,Non-Starter,Felix Jones,Pit,RB|W/R/T
3,9.5,LennayBukkakekua,Starter,Tennessee Titans,Ten,DEF
4,5.54,LennayBukkakekua,Starter,Andy Dalton,Car,QB
4,16.25,LennayBukkakekua,Starter,Anquan Boldin,Det,WR|W/R/T
4,6.7,LennayBukkakekua,Starter,Emmanuel Sanders,Buf,WR|W/R/T
4,24.6,LennayBukkakekua,Starter,Arian Foster,Mia,RB|W/R/T
4,1.15,LennayBukkakekua,Starter,Bernard Pierce,Jax,RB|W/R/T
4,5.3,LennayBukkakekua,Starter,Julius Thomas,Mia,TE|W/R/T
4,13.05,LennayBukkakekua,Starter,Lamar Miller,NO,RB|W/R/T
4,0.0,LennayBukkakekua,Non-Starter,Randall Cobb,NYJ,WR|W/R/T
4,0.0,LennayBukkakekua,Non-Starter,Steven Jackson,NE,RB|W/R/T
4,0.0,LennayBukkakekua,Non-Starter,Justin Blackmon,Jax,WR|W/R/T
4,0.0,LennayBukkakekua,Non-Starter,Christine Michael,Ind,RB|W/R/T
4,1.15,LennayBukkakekua,Non-Starter,Cordarrelle Patterson,Pit,WR|W/R/T
4,0.0,LennayBukkakekua,Non-Starter,Terrelle Pryor,NYJ,QB
4,27.0,LennayBukkakekua,Starter,Tennessee Titans,Ten,DEF
5,18.44,LennayBukkakekua,Starter,Philip Rivers,Ind,QB
5,2.6,LennayBukkakekua,Starter,Anquan Boldin,Det,WR|W/R/T
5,11.7,LennayBukkakekua,Starter,Randall Cobb,NYJ,WR|W/R/T
5,12.8,LennayBukkakekua,Starter,Arian Foster,Mia,RB|W/R/T
5,1.5,LennayBukkakekua,Starter,Lamar Miller,NO,RB|W/R/T
5,26.45,LennayBukkakekua,Starter,Julius Thomas,Mia,TE|W/R/T
5,20.85,LennayBukkakekua,Starter,Justin Blackmon,Jax,WR|W/R/T
5,4.6,LennayBukkakekua,Non-Starter,Bernard Pierce,Jax,RB|W/R/T
5,8.98,LennayBukkakekua,Non-Starter,Andy Dalton,Car,QB
5,0.0,LennayBukkakekua,Non-Starter,Emmanuel Sanders,Buf,WR|W/R/T
5,0.0,LennayBukkakekua,Non-Starter,Christine Michael,Ind,RB|W/R/T
5,0.0,LennayBukkakekua,Non-Starter,Cordarrelle Patterson,Pit,WR|W/R/T
5,0.0,LennayBukkakekua,Non-Starter,Stevan Ridley,Pit,RB|W/R/T
5,19.5,LennayBukkakekua,Starter,Los Angeles Rams,LAR,DEF
6,13.38,LennayBukkakekua,Starter,Philip Rivers,Ind,QB
6,3.55,LennayBukkakekua,Starter,Anquan Boldin,Det,WR|W/R/T
6,6.3,LennayBukkakekua,Starter,Randall Cobb,NYJ,WR|W/R/T
6,20.8,LennayBukkakekua,Starter,Arian Foster,Mia,RB|W/R/T
6,23.25,LennayBukkakekua,Starter,Stevan Ridley,Pit,RB|W/R/T
6,9.2,LennayBukkakekua,Starter,Julius Thomas,Mia,TE|W/R/T
6,22.5,LennayBukkakekua,Starter,Justin Blackmon,Jax,WR|W/R/T
6,0.0,LennayBukkakekua,Non-Starter,Lamar Miller,NO,RB|W/R/T
6,3.6,LennayBukkakekua,Non-Starter,Bernard Pierce,Jax,RB|W/R/T
6,25.18,LennayBukkakekua,Non-Starter,Andy Dalton,Car,QB
6,13.75,LennayBukkakekua,Non-Starter,Emmanuel Sanders,Buf,WR|W/R/T
6,0.0,LennayBukkakekua,Non-Starter,Christine Michael,Ind,RB|W/R/T
6,0.8,LennayBukkakekua,Non-Starter,Cordarrelle Patterson,Pit,WR|W/R/T
6,32.0,LennayBukkakekua,Starter,Los Angeles Rams,LAR,DEF
7,15.8,LennayBukkakekua,Starter,Philip Rivers,Ind,QB
7,8.65,LennayBukkakekua,Starter,Anquan Boldin,Det,WR|W/R/T
7,7.3,LennayBukkakekua,Starter,Justin Blackmon,Jax,WR|W/R/T
7,1.1,LennayBukkakekua,Starter,Arian Foster,Mia,RB|W/R/T
7,11.8,LennayBukkakekua,Starter,Stevan Ridley,Pit,RB|W/R/T
7,11.35,LennayBukkakekua,Starter,Julius Thomas,Mia,TE|W/R/T
7,4.95,LennayBukkakekua,Starter,Lamar Miller,NO,RB|W/R/T
7,0.0,LennayBukkakekua,Non-Starter,Randall Cobb,NYJ,WR|W/R/T
7,2.45,LennayBukkakekua,Non-Starter,Bernard Pierce,Jax,RB|W/R/T
7,27.48,LennayBukkakekua,Non-Starter,Andy Dalton,Car,QB
7,0.95,LennayBukkakekua,Non-Starter,Emmanuel Sanders,Buf,WR|W/R/T
7,3.15,LennayBukkakekua,Non-Starter,Cordarrelle Patterson,Pit,WR|W/R/T
7,3.2,LennayBukkakekua,Non-Starter,Marlon Brown,Den,WR|W/R/T
7,26.0,LennayBukkakekua,Starter,Carolina Panthers,Car,DEF
8,31.0,LennayBukkakekua,Starter,Andy Dalton,Car,QB
8,6.6,LennayBukkakekua,Starter,Anquan Boldin,Det,WR|W/R/T
8,4.0,LennayBukkakekua,Starter,Justin Blackmon,Jax,WR|W/R/T
8,13.9,LennayBukkakekua,Starter,Stevan Ridley,Pit,RB|W/R/T
8,7.4,LennayBukkakekua,Starter,Mike James,TB,RB|W/R/T
8,3.65,LennayBukkakekua,Starter,Julius Thomas,Mia,TE|W/R/T
8,11.95,LennayBukkakekua,Starter,Lamar Miller,NO,RB|W/R/T
8,0.0,LennayBukkakekua,Non-Starter,Arian Foster,Mia,RB|W/R/T
8,0.0,LennayBukkakekua,Non-Starter,Philip Rivers,Ind,QB
8,0.0,LennayBukkakekua,Non-Starter,Randall Cobb,NYJ,WR|W/R/T
8,0.0,LennayBukkakekua,Non-Starter,Bernard Pierce,Jax,RB|W/R/T
8,18.55,LennayBukkakekua,Non-Starter,Emmanuel Sanders,Buf,WR|W/R/T
8,9.1,LennayBukkakekua,Non-Starter,Cordarrelle Patterson,Pit,WR|W/R/T
8,13.5,LennayBukkakekua,Starter,Carolina Panthers,Car,DEF
9,19.04,LennayBukkakekua,Starter,Philip Rivers,Ind,QB
9,11.3,LennayBukkakekua,Starter,Emmanuel Sanders,Buf,WR|W/R/T
9,1.95,LennayBukkakekua,Starter,Vincent Brown,LAC,WR|W/R/T
9,23.15,LennayBukkakekua,Starter,Stevan Ridley,Pit,RB|W/R/T
9,0.0,LennayBukkakekua,Starter,Arian Foster,Mia,RB|W/R/T
9,1.8,LennayBukkakekua,Starter,Delanie Walker,Ten,TE|W/R/T
9,11.9,LennayBukkakekua,Starter,Lamar Miller,NO,RB|W/R/T
9,21.18,LennayBukkakekua,Non-Starter,Mike James,TB,RB|W/R/T
9,0.0,LennayBukkakekua,Non-Starter,Julius Thomas,Mia,TE|W/R/T
9,0.0,LennayBukkakekua,Non-Starter,Anquan Boldin,Det,WR|W/R/T
9,4.72,LennayBukkakekua,Non-Starter,Andy Dalton,Car,QB
9,0.0,LennayBukkakekua,Non-Starter,Randall Cobb,NYJ,WR|W/R/T
9,1.35,LennayBukkakekua,Non-Starter,Julian Edelman,NE,WR|W/R/T
9,22.0,LennayBukkakekua,Starter,Carolina Panthers,Car,DEF
10,13.42,LennayBukkakekua,Starter,Philip Rivers,Ind,QB
10,4.8,LennayBukkakekua,Starter,Emmanuel Sanders,Buf,WR|W/R/T
10,4.25,LennayBukkakekua,Starter,Vincent Brown,LAC,WR|W/R/T
10,1.6,LennayBukkakekua,Starter,Lamar Miller,NO,RB|W/R/T
10,4.1,LennayBukkakekua,Starter,Mike James,TB,RB|W/R/T
10,16.35,LennayBukkakekua,Starter,Julius Thomas,Mia,TE|W/R/T
10,3.05,LennayBukkakekua,Starter,Anquan Boldin,Det,WR|W/R/T
10,0.0,LennayBukkakekua,Non-Starter,Stevan Ridley,Pit,RB|W/R/T
10,13.2,LennayBukkakekua,Non-Starter,Delanie Walker,Ten,TE|W/R/T
10,0.0,LennayBukkakekua,Non-Starter,Arian Foster,Mia,RB|W/R/T
10,15.16,LennayBukkakekua,Non-Starter,Andy Dalton,Car,QB
10,0.0,LennayBukkakekua,Non-Starter,Randall Cobb,NYJ,WR|W/R/T
10,0.0,LennayBukkakekua,Non-Starter,Julian Edelman,NE,WR|W/R/T
10,21.0,LennayBukkakekua,Starter,Carolina Panthers,Car,DEF
11,14.52,LennayBukkakekua,Starter,Philip Rivers,Ind,QB
11,0.45,LennayBukkakekua,Starter,Emmanuel Sanders,Buf,WR|W/R/T
11,2.2,LennayBukkakekua,Starter,Vincent Brown,LAC,WR|W/R/T
11,4.2,LennayBukkakekua,Starter,Lamar Miller,NO,RB|W/R/T
11,8.8,LennayBukkakekua,Starter,Stevan Ridley,Pit,RB|W/R/T
11,11.05,LennayBukkakekua,Starter,Julius Thomas,Mia,TE|W/R/T
11,4.7,LennayBukkakekua,Starter,Brian Leonard,NO,RB|W/R/T
11,13.1,LennayBukkakekua,Non-Starter,Anquan Boldin,Det,WR|W/R/T
11,17.6,LennayBukkakekua,Non-Starter,Delanie Walker,Ten,TE|W/R/T
11,0.0,LennayBukkakekua,Non-Starter,Arian Foster,Mia,RB|W/R/T
11,9.72,LennayBukkakekua,Non-Starter,Andy Dalton,Car,QB
11,0.0,LennayBukkakekua,Non-Starter,Randall Cobb,NYJ,WR|W/R/T
11,3.45,LennayBukkakekua,Non-Starter,Julian Edelman,NE,WR|W/R/T
11,8.5,LennayBukkakekua,Starter,Carolina Panthers,Car,DEF
12,27.78,LennayBukkakekua,Starter,Philip Rivers,Ind,QB
12,12.7,LennayBukkakekua,Starter,Emmanuel Sanders,Buf,WR|W/R/T
12,22.65,LennayBukkakekua,Starter,Anquan Boldin,Det,WR|W/R/T
12,-0.6,LennayBukkakekua,Starter,Stevan Ridley,Pit,RB|W/R/T
12,0.85,LennayBukkakekua,Starter,Brian Leonard,NO,RB|W/R/T
12,0.0,LennayBukkakekua,Starter,Julius Thomas,Mia,TE|W/R/T
12,5.85,LennayBukkakekua,Starter,Delanie Walker,Ten,TE|W/R/T
12,5.7,LennayBukkakekua,Non-Starter,Lamar Miller,NO,RB|W/R/T
12,0.0,LennayBukkakekua,Non-Starter,Vincent Brown,LAC,WR|W/R/T
12,0.0,LennayBukkakekua,Non-Starter,Andy Dalton,Car,QB
12,0.0,LennayBukkakekua,Non-Starter,Randall Cobb,NYJ,WR|W/R/T
12,25.25,LennayBukkakekua,Non-Starter,Julian Edelman,NE,WR|W/R/T
12,0.0,LennayBukkakekua,Non-Starter,Joel Dreessen,Den,TE|W/R/T
12,9.5,LennayBukkakekua,Starter,Carolina Panthers,Car,DEF
13,12.48,LennayBukkakekua,Starter,Philip Rivers,Ind,QB
13,11.8,LennayBukkakekua,Starter,Emmanuel Sanders,Buf,WR|W/R/T
13,12.05,LennayBukkakekua,Starter,Anquan Boldin,Det,WR|W/R/T
13,0.0,LennayBukkakekua,Starter,Stevan Ridley,Pit,RB|W/R/T
13,8.75,LennayBukkakekua,Starter,Lamar Miller,NO,RB|W/R/T
13,0.0,LennayBukkakekua,Starter,Julius Thomas,Mia,TE|W/R/T
13,12.35,LennayBukkakekua,Starter,Julian Edelman,NE,WR|W/R/T
13,1.5,LennayBukkakekua,Non-Starter,Brian Leonard,NO,RB|W/R/T
13,0.75,LennayBukkakekua,Non-Starter,Delanie Walker,Ten,TE|W/R/T
13,1.85,LennayBukkakekua,Non-Starter,Vincent Brown,LAC,WR|W/R/T
13,10.5,LennayBukkakekua,Non-Starter,Andy Dalton,Car,QB
13,0.0,LennayBukkakekua,Non-Starter,Randall Cobb,NYJ,WR|W/R/T
13,0.0,LennayBukkakekua,Non-Starter,Joel Dreessen,Den,TE|W/R/T
13,21.0,LennayBukkakekua,Starter,Carolina Panthers,Car,DEF
14,19.96,LennayBukkakekua,Starter,Philip Rivers,Ind,QB
14,13.5,LennayBukkakekua,Starter,Emmanuel Sanders,Buf,WR|W/R/T
14,10.8,LennayBukkakekua,Starter,Anquan Boldin,Det,WR|W/R/T
14,3.95,LennayBukkakekua,Starter,Stevan Ridley,Pit,RB|W/R/T
14,3.8,LennayBukkakekua,Starter,Lamar Miller,NO,RB|W/R/T
14,10.75,LennayBukkakekua,Starter,Julius Thomas,Mia,TE|W/R/T
14,15.9,LennayBukkakekua,Starter,Julian Edelman,NE,WR|W/R/T
14,2.6,LennayBukkakekua,Non-Starter,Brian Leonard,NO,RB|W/R/T
14,0.0,LennayBukkakekua,Non-Starter,Delanie Walker,Ten,TE|W/R/T
14,3.75,LennayBukkakekua,Non-Starter,Vincent Brown,LAC,WR|W/R/T
14,30.1,LennayBukkakekua,Non-Starter,Andy Dalton,Car,QB
14,0.0,LennayBukkakekua,Non-Starter,Randall Cobb,NYJ,WR|W/R/T
14,1.05,LennayBukkakekua,Non-Starter,Joel Dreessen,Den,TE|W/R/T
14,4.5,LennayBukkakekua,Starter,Carolina Panthers,Car,DEF
15,15.54,LennayBukkakekua,Starter,Philip Rivers,Ind,QB
15,5.05,LennayBukkakekua,Starter,Emmanuel Sanders,Buf,WR|W/R/T
15,5.05,LennayBukkakekua,Starter,Anquan Boldin,Det,WR|W/R/T
15,3.4,LennayBukkakekua,Starter,Stevan Ridley,Pit,RB|W/R/T
15,6.35,LennayBukkakekua,Starter,Lamar Miller,NO,RB|W/R/T
15,5.9,LennayBukkakekua,Starter,Julius Thomas,Mia,TE|W/R/T
15,23.15,LennayBukkakekua,Starter,Julian Edelman,NE,WR|W/R/T
15,1.2,LennayBukkakekua,Non-Starter,Brian Leonard,NO,RB|W/R/T
15,13.3,LennayBukkakekua,Non-Starter,Delanie Walker,Ten,TE|W/R/T
15,6.15,LennayBukkakekua,Non-Starter,Vincent Brown,LAC,WR|W/R/T
15,19.2,LennayBukkakekua,Non-Starter,Andy Dalton,Car,QB
15,0.0,LennayBukkakekua,Non-Starter,Randall Cobb,NYJ,WR|W/R/T
15,0.0,LennayBukkakekua,Non-Starter,Joel Dreessen,Den,TE|W/R/T
15,19.5,LennayBukkakekua,Starter,Carolina Panthers,Car,DEF
1,25.52,Hangin wit Mr Cooper,Starter,Michael Vick,Pit,QB
1,4.75,Hangin wit Mr Cooper,Starter,Cecil Shorts,TB,WR|W/R/T
1,4.0,Hangin wit Mr Cooper,Starter,Sidney Rice,Sea,WR|W/R/T
1,25.15,Hangin wit Mr Cooper,Starter,LeSean McCoy,TB,RB|W/R/T
1,30.1,Hangin wit Mr Cooper,Starter,Adrian Peterson,Sea,RB|W/R/T
1,12.85,Hangin wit Mr Cooper,Starter,Jermichael Finley,GB,TE|W/R/T
1,6.65,Hangin wit Mr Cooper,Starter,Rashard Mendenhall,Ari,RB|W/R/T
1,9.2,Hangin wit Mr Cooper,Non-Starter,Michael Floyd,Was,WR|W/R/T
1,0.0,Hangin wit Mr Cooper,Non-Starter,Josh Gordon,Ten,WR|W/R/T
1,6.65,Hangin wit Mr Cooper,Non-Starter,Santana Moss,Was,WR|W/R/T
1,0.0,Hangin wit Mr Cooper,Non-Starter,Percy Harvin,Buf,WR|W/R/T
1,0.65,Hangin wit Mr Cooper,Non-Starter,Mike Tolbert,Buf,RB|W/R/T
1,0.0,Hangin wit Mr Cooper,Non-Starter,Quinton Patton,SF,WR|W/R/T
1,10.0,Hangin wit Mr Cooper,Starter,Seattle Seahawks,Sea,DEF
2,34.32,Hangin wit Mr Cooper,Starter,Michael Vick,Pit,QB
2,11.3,Hangin wit Mr Cooper,Starter,Cecil Shorts,TB,WR|W/R/T
2,2.95,Hangin wit Mr Cooper,Starter,Michael Floyd,Was,WR|W/R/T
2,17.95,Hangin wit Mr Cooper,Starter,LeSean McCoy,TB,RB|W/R/T
2,8.95,Hangin wit Mr Cooper,Starter,Adrian Peterson,Sea,RB|W/R/T
2,14.0,Hangin wit Mr Cooper,Starter,Jermichael Finley,GB,TE|W/R/T
2,15.9,Hangin wit Mr Cooper,Starter,Rashard Mendenhall,Ari,RB|W/R/T
2,1.55,Hangin wit Mr Cooper,Non-Starter,Sidney Rice,Sea,WR|W/R/T
2,0.0,Hangin wit Mr Cooper,Non-Starter,Josh Gordon,Ten,WR|W/R/T
2,10.85,Hangin wit Mr Cooper,Non-Starter,Santana Moss,Was,WR|W/R/T
2,0.0,Hangin wit Mr Cooper,Non-Starter,Percy Harvin,Buf,WR|W/R/T
2,11.5,Hangin wit Mr Cooper,Non-Starter,Marlon Brown,Den,WR|W/R/T
2,9.72,Hangin wit Mr Cooper,Non-Starter,Carson Palmer,Ari,QB
2,24.5,Hangin wit Mr Cooper,Starter,Seattle Seahawks,Sea,DEF
3,13.94,Hangin wit Mr Cooper,Starter,Michael Vick,Pit,QB
3,16.3,Hangin wit Mr Cooper,Starter,Cecil Shorts,TB,WR|W/R/T
3,25.3,Hangin wit Mr Cooper,Starter,Josh Gordon,Ten,WR|W/R/T
3,21.8,Hangin wit Mr Cooper,Starter,LeSean McCoy,TB,RB|W/R/T
3,17.0,Hangin wit Mr Cooper,Starter,Adrian Peterson,Sea,RB|W/R/T
3,0.0,Hangin wit Mr Cooper,Starter,Jermichael Finley,GB,TE|W/R/T
3,4.35,Hangin wit Mr Cooper,Starter,Rashard Mendenhall,Ari,RB|W/R/T
3,5.9,Hangin wit Mr Cooper,Non-Starter,Michael Floyd,Was,WR|W/R/T
3,21.15,Hangin wit Mr Cooper,Non-Starter,Sidney Rice,Sea,WR|W/R/T
3,9.45,Hangin wit Mr Cooper,Non-Starter,Santana Moss,Was,WR|W/R/T
3,0.0,Hangin wit Mr Cooper,Non-Starter,Percy Harvin,Buf,WR|W/R/T
3,1.1,Hangin wit Mr Cooper,Non-Starter,Marlon Brown,Den,WR|W/R/T
3,3.48,Hangin wit Mr Cooper,Non-Starter,Carson Palmer,Ari,QB
3,16.0,Hangin wit Mr Cooper,Starter,Seattle Seahawks,Sea,DEF
4,14.02,Hangin wit Mr Cooper,Starter,Michael Vick,Pit,QB
4,7.85,Hangin wit Mr Cooper,Starter,Cecil Shorts,TB,WR|W/R/T
4,8.1,Hangin wit Mr Cooper,Starter,Josh Gordon,Ten,WR|W/R/T
4,9.65,Hangin wit Mr Cooper,Starter,LeSean McCoy,TB,RB|W/R/T
4,26.0,Hangin wit Mr Cooper,Starter,Adrian Peterson,Sea,RB|W/R/T
4,0.95,Hangin wit Mr Cooper,Starter,Zach Miller,Sea,TE|W/R/T
4,2.15,Hangin wit Mr Cooper,Starter,Rashard Mendenhall,Ari,RB|W/R/T
4,0.0,Hangin wit Mr Cooper,Non-Starter,Jermichael Finley,GB,TE|W/R/T
4,9.95,Hangin wit Mr Cooper,Non-Starter,Michael Floyd,Was,WR|W/R/T
4,1.35,Hangin wit Mr Cooper,Non-Starter,Sidney Rice,Sea,WR|W/R/T
4,0.0,Hangin wit Mr Cooper,Non-Starter,Santana Moss,Was,WR|W/R/T
4,0.0,Hangin wit Mr Cooper,Non-Starter,Percy Harvin,Buf,WR|W/R/T
4,17.58,Hangin wit Mr Cooper,Non-Starter,Jay Cutler,Mia,QB
4,20.5,Hangin wit Mr Cooper,Starter,Seattle Seahawks,Sea,DEF
5,12.1,Hangin wit Mr Cooper,Starter,Michael Vick,Pit,QB
5,14.65,Hangin wit Mr Cooper,Starter,Cecil Shorts,TB,WR|W/R/T
5,15.6,Hangin wit Mr Cooper,Starter,Josh Gordon,Ten,WR|W/R/T
5,16.7,Hangin wit Mr Cooper,Starter,LeSean McCoy,TB,RB|W/R/T
5,11.5,Hangin wit Mr Cooper,Starter,Rashard Mendenhall,Ari,RB|W/R/T
5,4.7,Hangin wit Mr Cooper,Starter,Jermichael Finley,GB,TE|W/R/T
5,7.35,Hangin wit Mr Cooper,Starter,Michael Floyd,Was,WR|W/R/T
5,0.0,Hangin wit Mr Cooper,Non-Starter,Zach Miller,Sea,TE|W/R/T
5,0.0,Hangin wit Mr Cooper,Non-Starter,Adrian Peterson,Sea,RB|W/R/T
5,1.05,Hangin wit Mr Cooper,Non-Starter,Sidney Rice,Sea,WR|W/R/T
5,0.0,Hangin wit Mr Cooper,Non-Starter,Santana Moss,Was,WR|W/R/T
5,0.0,Hangin wit Mr Cooper,Non-Starter,Percy Harvin,Buf,WR|W/R/T
5,23.02,Hangin wit Mr Cooper,Non-Starter,Jay Cutler,Mia,QB
5,10.5,Hangin wit Mr Cooper,Starter,Seattle Seahawks,Sea,DEF
6,20.48,Hangin wit Mr Cooper,Starter,Jay Cutler,Mia,QB
6,14.35,Hangin wit Mr Cooper,Starter,Josh Gordon,Ten,WR|W/R/T
6,11.65,Hangin wit Mr Cooper,Starter,Michael Floyd,Was,WR|W/R/T
6,15.6,Hangin wit Mr Cooper,Starter,LeSean McCoy,TB,RB|W/R/T
6,9.05,Hangin wit Mr Cooper,Starter,Adrian Peterson,Sea,RB|W/R/T
6,8.25,Hangin wit Mr Cooper,Starter,Jermichael Finley,GB,TE|W/R/T
6,0.0,Hangin wit Mr Cooper,Starter,Cecil Shorts,TB,WR|W/R/T
6,0.0,Hangin wit Mr Cooper,Non-Starter,Michael Vick,Pit,QB
6,4.45,Hangin wit Mr Cooper,Non-Starter,Rashard Mendenhall,Ari,RB|W/R/T
6,2.0,Hangin wit Mr Cooper,Non-Starter,Sidney Rice,Sea,WR|W/R/T
6,4.4,Hangin wit Mr Cooper,Non-Starter,Santana Moss,Was,WR|W/R/T
6,0.0,Hangin wit Mr Cooper,Non-Starter,Percy Harvin,Buf,WR|W/R/T
6,0.0,Hangin wit Mr Cooper,Non-Starter,Miles Austin,Phi,WR|W/R/T
6,13.5,Hangin wit Mr Cooper,Starter,Seattle Seahawks,Sea,DEF
7,-2.88,Hangin wit Mr Cooper,Starter,Jay Cutler,Mia,QB
7,2.6,Hangin wit Mr Cooper,Starter,Josh Gordon,Ten,WR|W/R/T
7,8.6,Hangin wit Mr Cooper,Starter,Michael Floyd,Was,WR|W/R/T
7,9.6,Hangin wit Mr Cooper,Starter,LeSean McCoy,TB,RB|W/R/T
7,6.1,Hangin wit Mr Cooper,Starter,Adrian Peterson,Sea,RB|W/R/T
7,14.45,Hangin wit Mr Cooper,Starter,Jermichael Finley,GB,TE|W/R/T
7,0.0,Hangin wit Mr Cooper,Starter,Miles Austin,Phi,WR|W/R/T
7,10.0,Hangin wit Mr Cooper,Non-Starter,Cecil Shorts,TB,WR|W/R/T
7,0.0,Hangin wit Mr Cooper,Non-Starter,Michael Vick,Pit,QB
7,8.2,Hangin wit Mr Cooper,Non-Starter,Rashard Mendenhall,Ari,RB|W/R/T
7,0.0,Hangin wit Mr Cooper,Non-Starter,Santana Moss,Was,WR|W/R/T
7,0.0,Hangin wit Mr Cooper,Non-Starter,Percy Harvin,Buf,WR|W/R/T
7,1.4,Hangin wit Mr Cooper,Non-Starter,Jason Snelling,Atl,RB|W/R/T
7,16.5,Hangin wit Mr Cooper,Starter,Seattle Seahawks,Sea,DEF
8,-0.7,Hangin wit Mr Cooper,Starter,Michael Vick,Pit,QB
8,9.75,Hangin wit Mr Cooper,Starter,Michael Floyd,Was,WR|W/R/T
8,20.45,Hangin wit Mr Cooper,Starter,Josh Gordon,Ten,WR|W/R/T
8,7.5,Hangin wit Mr Cooper,Starter,LeSean McCoy,TB,RB|W/R/T
8,15.05,Hangin wit Mr Cooper,Starter,Adrian Peterson,Sea,RB|W/R/T
8,3.85,Hangin wit Mr Cooper,Starter,Jared Cook,LAC,TE|W/R/T
8,9.15,Hangin wit Mr Cooper,Starter,Cecil Shorts,TB,WR|W/R/T
8,0.0,Hangin wit Mr Cooper,Non-Starter,Rashard Mendenhall,Ari,RB|W/R/T
8,2.5,Hangin wit Mr Cooper,Non-Starter,Santana Moss,Was,WR|W/R/T
8,0.0,Hangin wit Mr Cooper,Non-Starter,Percy Harvin,Buf,WR|W/R/T
8,0.0,Hangin wit Mr Cooper,Non-Starter,Jason Snelling,Atl,RB|W/R/T
8,-0.84,Hangin wit Mr Cooper,Non-Starter,Geno Smith,LV,QB
8,38.2,Hangin wit Mr Cooper,Non-Starter,Marvin Jones,Det,WR|W/R/T
8,14.0,Hangin wit Mr Cooper,Starter,Seattle Seahawks,Sea,DEF
9,12.4,Hangin wit Mr Cooper,Starter,Geno Smith,LV,QB
9,6.15,Hangin wit Mr Cooper,Starter,Josh Gordon,Ten,WR|W/R/T
9,7.6,Hangin wit Mr Cooper,Starter,Marvin Jones,Det,WR|W/R/T
9,15.0,Hangin wit Mr Cooper,Starter,LeSean McCoy,TB,RB|W/R/T
9,24.45,Hangin wit Mr Cooper,Starter,Adrian Peterson,Sea,RB|W/R/T
9,10.35,Hangin wit Mr Cooper,Starter,Jared Cook,LAC,TE|W/R/T
9,15.0,Hangin wit Mr Cooper,Starter,Doug Baldwin,Sea,WR|W/R/T
9,0.0,Hangin wit Mr Cooper,Non-Starter,Percy Harvin,Buf,WR|W/R/T
9,0.0,Hangin wit Mr Cooper,Non-Starter,Cecil Shorts,TB,WR|W/R/T
9,0.0,Hangin wit Mr Cooper,Non-Starter,Michael Floyd,Was,WR|W/R/T
9,0.0,Hangin wit Mr Cooper,Non-Starter,Michael Vick,Pit,QB
9,0.0,Hangin wit Mr Cooper,Non-Starter,Rashard Mendenhall,Ari,RB|W/R/T
9,2.25,Hangin wit Mr Cooper,Non-Starter,Santana Moss,Was,WR|W/R/T
9,5.0,Hangin wit Mr Cooper,Starter,Seattle Seahawks,Sea,DEF
10,15.36,Hangin wit Mr Cooper,Starter,Ryan Tannehill,Ten,QB
10,4.7,Hangin wit Mr Cooper,Starter,Cecil Shorts,TB,WR|W/R/T
10,3.6,Hangin wit Mr Cooper,Starter,Michael Floyd,Was,WR|W/R/T
10,16.35,Hangin wit Mr Cooper,Starter,LeSean McCoy,TB,RB|W/R/T
10,20.2,Hangin wit Mr Cooper,Starter,Adrian Peterson,Sea,RB|W/R/T
10,1.95,Hangin wit Mr Cooper,Starter,Jared Cook,LAC,TE|W/R/T
10,8.85,Hangin wit Mr Cooper,Starter,Doug Baldwin,Sea,WR|W/R/T
10,1.15,Hangin wit Mr Cooper,Non-Starter,Marvin Jones,Det,WR|W/R/T
10,0.0,Hangin wit Mr Cooper,Non-Starter,Josh Gordon,Ten,WR|W/R/T
10,0.0,Hangin wit Mr Cooper,Non-Starter,Percy Harvin,Buf,WR|W/R/T
10,0.0,Hangin wit Mr Cooper,Non-Starter,Michael Vick,Pit,QB
10,3.35,Hangin wit Mr Cooper,Non-Starter,Rashard Mendenhall,Ari,RB|W/R/T
10,1.55,Hangin wit Mr Cooper,Non-Starter,Santana Moss,Was,WR|W/R/T
10,11.0,Hangin wit Mr Cooper,Starter,Seattle Seahawks,Sea,DEF
11,14.82,Hangin wit Mr Cooper,Starter,Ryan Tannehill,Ten,QB
11,2.7,Hangin wit Mr Cooper,Starter,Cecil Shorts,TB,WR|W/R/T
11,19.75,Hangin wit Mr Cooper,Starter,Josh Gordon,Ten,WR|W/R/T
11,28.0,Hangin wit Mr Cooper,Starter,LeSean McCoy,TB,RB|W/R/T
11,6.5,Hangin wit Mr Cooper,Starter,Adrian Peterson,Sea,RB|W/R/T
11,3.6,Hangin wit Mr Cooper,Starter,Zach Ertz,Was,TE|W/R/T
11,9.45,Hangin wit Mr Cooper,Starter,Rashard Mendenhall,Ari,RB|W/R/T
11,12.8,Hangin wit Mr Cooper,Non-Starter,Doug Baldwin,Sea,WR|W/R/T
11,26.8,Hangin wit Mr Cooper,Non-Starter,Michael Floyd,Was,WR|W/R/T
11,1.05,Hangin wit Mr Cooper,Non-Starter,Marvin Jones,Det,WR|W/R/T
11,1.95,Hangin wit Mr Cooper,Non-Starter,Percy Harvin,Buf,WR|W/R/T
11,0.0,Hangin wit Mr Cooper,Non-Starter,Michael Vick,Pit,QB
11,4.6,Hangin wit Mr Cooper,Non-Starter,Santana Moss,Was,WR|W/R/T
11,20.5,Hangin wit Mr Cooper,Starter,Seattle Seahawks,Sea,DEF
12,18.0,Hangin wit Mr Cooper,Starter,Ryan Tannehill,Ten,QB
12,9.1,Hangin wit Mr Cooper,Starter,Cecil Shorts,TB,WR|W/R/T
12,33.2,Hangin wit Mr Cooper,Starter,Josh Gordon,Ten,WR|W/R/T
12,19.05,Hangin wit Mr Cooper,Starter,Adrian Peterson,Sea,RB|W/R/T
12,14.05,Hangin wit Mr Cooper,Starter,Rashard Mendenhall,Ari,RB|W/R/T
12,4.45,Hangin wit Mr Cooper,Starter,Garrett Graham,Hou,TE|W/R/T
12,12.15,Hangin wit Mr Cooper,Starter,Michael Floyd,Was,WR|W/R/T
12,0.0,Hangin wit Mr Cooper,Non-Starter,LeSean McCoy,TB,RB|W/R/T
12,0.0,Hangin wit Mr Cooper,Non-Starter,Doug Baldwin,Sea,WR|W/R/T
12,0.0,Hangin wit Mr Cooper,Non-Starter,Percy Harvin,Buf,WR|W/R/T
12,0.0,Hangin wit Mr Cooper,Non-Starter,Michael Vick,Pit,QB
12,3.45,Hangin wit Mr Cooper,Non-Starter,Santana Moss,Was,WR|W/R/T
12,9.0,Hangin wit Mr Cooper,Starter,New York Giants,NYG,DEF
12,0.0,Hangin wit Mr Cooper,Non-Starter,Seattle Seahawks,Sea,DEF
13,21.44,Hangin wit Mr Cooper,Starter,Ryan Tannehill,Ten,QB
13,13.9,Hangin wit Mr Cooper,Starter,Cecil Shorts,TB,WR|W/R/T
13,40.6,Hangin wit Mr Cooper,Starter,Josh Gordon,Ten,WR|W/R/T
13,21.6,Hangin wit Mr Cooper,Starter,Adrian Peterson,Sea,RB|W/R/T
13,12.75,Hangin wit Mr Cooper,Starter,LeSean McCoy,TB,RB|W/R/T
13,4.35,Hangin wit Mr Cooper,Starter,Garrett Graham,Hou,TE|W/R/T
13,17.15,Hangin wit Mr Cooper,Starter,Michael Floyd,Was,WR|W/R/T
13,7.6,Hangin wit Mr Cooper,Non-Starter,Rashard Mendenhall,Ari,RB|W/R/T
13,14.7,Hangin wit Mr Cooper,Non-Starter,Doug Baldwin,Sea,WR|W/R/T
13,0.0,Hangin wit Mr Cooper,Non-Starter,Percy Harvin,Buf,WR|W/R/T
13,0.0,Hangin wit Mr Cooper,Non-Starter,Michael Vick,Pit,QB
13,2.75,Hangin wit Mr Cooper,Non-Starter,Santana Moss,Was,WR|W/R/T
13,1.7,Hangin wit Mr Cooper,Non-Starter,Marvin Jones,Det,WR|W/R/T
13,17.0,Hangin wit Mr Cooper,Starter,Seattle Seahawks,Sea,DEF
14,21.6,Hangin wit Mr Cooper,Starter,Ryan Tannehill,Ten,QB
14,7.8,Hangin wit Mr Cooper,Starter,Cecil Shorts,TB,WR|W/R/T
14,26.25,Hangin wit Mr Cooper,Starter,Josh Gordon,Ten,WR|W/R/T
14,1.95,Hangin wit Mr Cooper,Starter,Adrian Peterson,Sea,RB|W/R/T
14,34.35,Hangin wit Mr Cooper,Starter,LeSean McCoy,TB,RB|W/R/T
14,15.3,Hangin wit Mr Cooper,Starter,Garrett Graham,Hou,TE|W/R/T
14,3.1,Hangin wit Mr Cooper,Starter,Michael Floyd,Was,WR|W/R/T
14,10.1,Hangin wit Mr Cooper,Non-Starter,Rashard Mendenhall,Ari,RB|W/R/T
14,4.35,Hangin wit Mr Cooper,Non-Starter,Doug Baldwin,Sea,WR|W/R/T
14,0.0,Hangin wit Mr Cooper,Non-Starter,Percy Harvin,Buf,WR|W/R/T
14,0.0,Hangin wit Mr Cooper,Non-Starter,Michael Vick,Pit,QB
14,3.75,Hangin wit Mr Cooper,Non-Starter,Santana Moss,Was,WR|W/R/T
14,12.45,Hangin wit Mr Cooper,Non-Starter,Marvin Jones,Det,WR|W/R/T
14,9.0,Hangin wit Mr Cooper,Starter,Seattle Seahawks,Sea,DEF
15,24.38,Hangin wit Mr Cooper,Starter,Ryan Tannehill,Ten,QB
15,13.45,Hangin wit Mr Cooper,Starter,Josh Gordon,Ten,WR|W/R/T
15,3.8,Hangin wit Mr Cooper,Starter,Michael Floyd,Was,WR|W/R/T
15,11.85,Hangin wit Mr Cooper,Starter,LeSean McCoy,TB,RB|W/R/T
15,20.05,Hangin wit Mr Cooper,Starter,Rashard Mendenhall,Ari,RB|W/R/T
15,6.65,Hangin wit Mr Cooper,Starter,Scott Chandler,NE,TE|W/R/T
15,14.9,Hangin wit Mr Cooper,Starter,Doug Baldwin,Sea,WR|W/R/T
15,12.05,Hangin wit Mr Cooper,Non-Starter,Marvin Jones,Det,WR|W/R/T
15,0.0,Hangin wit Mr Cooper,Non-Starter,Cecil Shorts,TB,WR|W/R/T
15,0.0,Hangin wit Mr Cooper,Non-Starter,Toby Gerhart,Jax,RB|W/R/T
15,0.0,Hangin wit Mr Cooper,Non-Starter,Garrett Graham,Hou,TE|W/R/T
15,0.0,Hangin wit Mr Cooper,Non-Starter,Adrian Peterson,Sea,RB|W/R/T
15,25.35,Hangin wit Mr Cooper,Non-Starter,Matt Asiata,Min,RB|W/R/T
15,29.0,Hangin wit Mr Cooper,Starter,Seattle Seahawks,Sea,DEF
16,3.28,Hangin wit Mr Cooper,Starter,Ryan Tannehill,Ten,QB
16,13.4,Hangin wit Mr Cooper,Starter,Josh Gordon,Ten,WR|W/R/T
16,1.05,Hangin wit Mr Cooper,Starter,Doug Baldwin,Sea,WR|W/R/T
16,29.7,Hangin wit Mr Cooper,Starter,LeSean McCoy,TB,RB|W/R/T
16,4.95,Hangin wit Mr Cooper,Starter,Adrian Peterson,Sea,RB|W/R/T
16,0.0,Hangin wit Mr Cooper,Starter,Garrett Graham,Hou,TE|W/R/T
16,8.3,Hangin wit Mr Cooper,Starter,Rashard Mendenhall,Ari,RB|W/R/T
16,3.6,Hangin wit Mr Cooper,Non-Starter,Scott Chandler,NE,TE|W/R/T
16,9.35,Hangin wit Mr Cooper,Non-Starter,Michael Floyd,Was,WR|W/R/T
16,10.6,Hangin wit Mr Cooper,Non-Starter,Marvin Jones,Det,WR|W/R/T
16,0.0,Hangin wit Mr Cooper,Non-Starter,Cecil Shorts,TB,WR|W/R/T
16,0.0,Hangin wit Mr Cooper,Non-Starter,Toby Gerhart,Jax,RB|W/R/T
16,0.0,Hangin wit Mr Cooper,Non-Starter,Matt Asiata,Min,RB|W/R/T
16,15.0,Hangin wit Mr Cooper,Starter,Seattle Seahawks,Sea,DEF
1,24.62,Weebstrosity,Starter,Aaron Rodgers,Pit,QB
1,17.15,Weebstrosity,Starter,Vincent Jackson,TB,WR|W/R/T
1,8.75,Weebstrosity,Starter,Antonio Brown,TB,WR|W/R/T
1,4.75,Weebstrosity,Starter,C.J. Spiller,KC,RB|W/R/T
1,-2.1,Weebstrosity,Starter,David Wilson,NYG,RB|W/R/T
1,6.85,Weebstrosity,Starter,Greg Olsen,Sea,TE|W/R/T
1,10.65,Weebstrosity,Starter,Steve Johnson,LAC,WR|W/R/T
1,18.06,Weebstrosity,Non-Starter,Sam Bradford,Ari,QB
1,4.05,Weebstrosity,Non-Starter,Darrius Heyward-Bey,Pit,WR|W/R/T
1,5.6,Weebstrosity,Non-Starter,Nate Washington,Hou,WR|W/R/T
1,4.8,Weebstrosity,Non-Starter,Scott Chandler,NE,TE|W/R/T
1,5.6,Weebstrosity,Non-Starter,Ronnie Brown,Hou,RB|W/R/T
1,3.5,Weebstrosity,Non-Starter,LaRod Stephens-Howling,Pit,RB|W/R/T
1,7.5,Weebstrosity,Starter,Pittsburgh Steelers,Pit,DEF
2,34.9,Weebstrosity,Starter,Aaron Rodgers,Pit,QB
2,8.95,Weebstrosity,Starter,Vincent Jackson,TB,WR|W/R/T
2,7.2,Weebstrosity,Starter,Antonio Brown,TB,WR|W/R/T
2,12.45,Weebstrosity,Starter,C.J. Spiller,KC,RB|W/R/T
2,2.05,Weebstrosity,Starter,Ronnie Brown,Hou,RB|W/R/T
2,16.15,Weebstrosity,Starter,Greg Olsen,Sea,TE|W/R/T
2,19.1,Weebstrosity,Starter,Steve Johnson,LAC,WR|W/R/T
2,1.7,Weebstrosity,Non-Starter,David Wilson,NYG,RB|W/R/T
2,24.58,Weebstrosity,Non-Starter,Sam Bradford,Ari,QB
2,1.5,Weebstrosity,Non-Starter,Darrius Heyward-Bey,Pit,WR|W/R/T
2,5.75,Weebstrosity,Non-Starter,Nate Washington,Hou,WR|W/R/T
2,1.75,Weebstrosity,Non-Starter,Scott Chandler,NE,TE|W/R/T
2,1.3,Weebstrosity,Non-Starter,Jackie Battle,Ten,RB|W/R/T
2,3.5,Weebstrosity,Starter,Pittsburgh Steelers,Pit,DEF
3,12.16,Weebstrosity,Starter,Aaron Rodgers,Pit,QB
3,4.15,Weebstrosity,Starter,Vincent Jackson,TB,WR|W/R/T
3,33.85,Weebstrosity,Starter,Antonio Brown,TB,WR|W/R/T
3,1.25,Weebstrosity,Starter,C.J. Spiller,KC,RB|W/R/T
3,6.6,Weebstrosity,Starter,Ronnie Brown,Hou,RB|W/R/T
3,6.4,Weebstrosity,Starter,Greg Olsen,Sea,TE|W/R/T
3,12.1,Weebstrosity,Starter,Steve Johnson,LAC,WR|W/R/T
3,3.9,Weebstrosity,Non-Starter,David Wilson,NYG,RB|W/R/T
3,13.6,Weebstrosity,Non-Starter,Sam Bradford,Ari,QB
3,7.15,Weebstrosity,Non-Starter,Darrius Heyward-Bey,Pit,WR|W/R/T
3,15.1,Weebstrosity,Non-Starter,Nate Washington,Hou,WR|W/R/T
3,15.15,Weebstrosity,Non-Starter,Scott Chandler,NE,TE|W/R/T
3,1.2,Weebstrosity,Non-Starter,Jackie Battle,Ten,RB|W/R/T
3,7.0,Weebstrosity,Starter,Pittsburgh Steelers,Pit,DEF
4,7.68,Weebstrosity,Starter,Sam Bradford,Ari,QB
4,3.2,Weebstrosity,Starter,Vincent Jackson,TB,WR|W/R/T
4,12.8,Weebstrosity,Starter,Antonio Brown,TB,WR|W/R/T
4,7.7,Weebstrosity,Starter,C.J. Spiller,KC,RB|W/R/T
4,0.7,Weebstrosity,Starter,Ronnie Brown,Hou,RB|W/R/T
4,3.3,Weebstrosity,Starter,Scott Chandler,NE,TE|W/R/T
4,0.15,Weebstrosity,Starter,Steve Johnson,LAC,WR|W/R/T
4,0.0,Weebstrosity,Non-Starter,Greg Olsen,Sea,TE|W/R/T
4,0.0,Weebstrosity,Non-Starter,Aaron Rodgers,Pit,QB
4,6.8,Weebstrosity,Non-Starter,David Wilson,NYG,RB|W/R/T
4,4.05,Weebstrosity,Non-Starter,Darrius Heyward-Bey,Pit,WR|W/R/T
4,23.5,Weebstrosity,Non-Starter,Nate Washington,Hou,WR|W/R/T
4,4.2,Weebstrosity,Non-Starter,Jackie Battle,Ten,RB|W/R/T
4,4.5,Weebstrosity,Starter,Miami Dolphins,Mia,DEF
5,21.28,Weebstrosity,Starter,Sam Bradford,Ari,QB
5,2.4,Weebstrosity,Starter,Steve Johnson,LAC,WR|W/R/T
5,3.75,Weebstrosity,Starter,Nate Washington,Hou,WR|W/R/T
5,12.6,Weebstrosity,Starter,C.J. Spiller,KC,RB|W/R/T
5,3.95,Weebstrosity,Starter,Ronnie Brown,Hou,RB|W/R/T
5,5.9,Weebstrosity,Starter,Scott Chandler,NE,TE|W/R/T
5,9.15,Weebstrosity,Starter,Greg Olsen,Sea,TE|W/R/T
5,0.7,Weebstrosity,Non-Starter,Darrius Heyward-Bey,Pit,WR|W/R/T
5,0.0,Weebstrosity,Non-Starter,Antonio Brown,TB,WR|W/R/T
5,0.0,Weebstrosity,Non-Starter,Vincent Jackson,TB,WR|W/R/T
5,15.76,Weebstrosity,Non-Starter,Aaron Rodgers,Pit,QB
5,8.8,Weebstrosity,Non-Starter,Ted Ginn,Chi,WR|W/R/T
5,0.0,Weebstrosity,Non-Starter,James Starks,GB,RB|W/R/T
5,16.5,Weebstrosity,Starter,Miami Dolphins,Mia,DEF
6,16.7,Weebstrosity,Starter,Aaron Rodgers,Pit,QB
6,0.0,Weebstrosity,Starter,Steve Johnson,LAC,WR|W/R/T
6,1.75,Weebstrosity,Starter,Nate Washington,Hou,WR|W/R/T
6,7.1,Weebstrosity,Starter,C.J. Spiller,KC,RB|W/R/T
6,0.3,Weebstrosity,Starter,Ronnie Brown,Hou,RB|W/R/T
6,2.4,Weebstrosity,Starter,Greg Olsen,Sea,TE|W/R/T
6,11.45,Weebstrosity,Starter,Antonio Brown,TB,WR|W/R/T
6,11.2,Weebstrosity,Non-Starter,Scott Chandler,NE,TE|W/R/T
6,17.08,Weebstrosity,Non-Starter,Sam Bradford,Ari,QB
6,1.35,Weebstrosity,Non-Starter,Darrius Heyward-Bey,Pit,WR|W/R/T
6,25.65,Weebstrosity,Non-Starter,Vincent Jackson,TB,WR|W/R/T
6,2.4,Weebstrosity,Non-Starter,Ted Ginn,Chi,WR|W/R/T
6,17.2,Weebstrosity,Non-Starter,Mike Tolbert,Buf,RB|W/R/T
6,12.5,Weebstrosity,Starter,Baltimore,Bal,DEF
7,23.6,Weebstrosity,Starter,Aaron Rodgers,Pit,QB
7,6.95,Weebstrosity,Starter,Nate Washington,Hou,WR|W/R/T
7,28.3,Weebstrosity,Starter,Vincent Jackson,TB,WR|W/R/T
7,1.45,Weebstrosity,Starter,C.J. Spiller,KC,RB|W/R/T
7,6.05,Weebstrosity,Starter,Daniel Thomas,Mia,RB|W/R/T
7,5.7,Weebstrosity,Starter,Greg Olsen,Sea,TE|W/R/T
7,6.8,Weebstrosity,Starter,Antonio Brown,TB,WR|W/R/T
7,1.4,Weebstrosity,Non-Starter,Ronnie Brown,Hou,RB|W/R/T
7,7.6,Weebstrosity,Non-Starter,Steve Johnson,LAC,WR|W/R/T
7,2.3,Weebstrosity,Non-Starter,Scott Chandler,NE,TE|W/R/T
7,10.3,Weebstrosity,Non-Starter,Sam Bradford,Ari,QB
7,14.4,Weebstrosity,Non-Starter,Darrius Heyward-Bey,Pit,WR|W/R/T
7,3.9,Weebstrosity,Non-Starter,Ted Ginn,Chi,WR|W/R/T
7,7.5,Weebstrosity,Starter,Baltimore,Bal,DEF
8,22.5,Weebstrosity,Starter,Aaron Rodgers,Pit,QB
8,9.15,Weebstrosity,Starter,Vincent Jackson,TB,WR|W/R/T
8,10.65,Weebstrosity,Starter,Antonio Brown,TB,WR|W/R/T
8,11.45,Weebstrosity,Starter,Daniel Thomas,Mia,RB|W/R/T
8,0.0,Weebstrosity,Starter,Alfonso Smith,SF,RB|W/R/T
8,8.85,Weebstrosity,Starter,Greg Olsen,Sea,TE|W/R/T
8,0.0,Weebstrosity,Starter,Joseph Fauria,Ari,TE|W/R/T
8,0.0,Weebstrosity,Non-Starter,C.J. Spiller,KC,RB|W/R/T
8,8.95,Weebstrosity,Non-Starter,Scott Chandler,NE,TE|W/R/T
8,0.0,Weebstrosity,Non-Starter,Nate Washington,Hou,WR|W/R/T
8,14.95,Weebstrosity,Non-Starter,Steve Johnson,LAC,WR|W/R/T
8,0.0,Weebstrosity,Non-Starter,Darrius Heyward-Bey,Pit,WR|W/R/T
8,15.0,Weebstrosity,Starter,Pittsburgh Steelers,Pit,DEF
8,0.0,Weebstrosity,Non-Starter,Baltimore,Bal,DEF
9,1.98,Weebstrosity,Starter,Aaron Rodgers,Pit,QB
9,1.6,Weebstrosity,Starter,Vincent Jackson,TB,WR|W/R/T
9,14.35,Weebstrosity,Starter,Antonio Brown,TB,WR|W/R/T
9,4.45,Weebstrosity,Starter,Daniel Thomas,Mia,RB|W/R/T
9,0.0,Weebstrosity,Starter,Ronnie Brown,Hou,RB|W/R/T
9,13.6,Weebstrosity,Starter,Greg Olsen,Sea,TE|W/R/T
9,0.0,Weebstrosity,Starter,Nate Washington,Hou,WR|W/R/T
9,0.0,Weebstrosity,Non-Starter,Joseph Fauria,Ari,TE|W/R/T
9,0.0,Weebstrosity,Non-Starter,Alfonso Smith,SF,RB|W/R/T
9,16.0,Weebstrosity,Non-Starter,C.J. Spiller,KC,RB|W/R/T
9,3.35,Weebstrosity,Non-Starter,Scott Chandler,NE,TE|W/R/T
9,5.85,Weebstrosity,Non-Starter,Steve Johnson,LAC,WR|W/R/T
9,1.35,Weebstrosity,Non-Starter,Darrius Heyward-Bey,Pit,WR|W/R/T
9,7.5,Weebstrosity,Starter,Baltimore,Bal,DEF
10,19.34,Weebstrosity,Starter,Case Keenum,Chi,QB
10,3.55,Weebstrosity,Starter,Vincent Jackson,TB,WR|W/R/T
10,11.9,Weebstrosity,Starter,Antonio Brown,TB,WR|W/R/T
10,-0.2,Weebstrosity,Starter,Daniel Thomas,Mia,RB|W/R/T
10,4.15,Weebstrosity,Starter,C.J. Spiller,KC,RB|W/R/T
10,1.65,Weebstrosity,Starter,Greg Olsen,Sea,TE|W/R/T
10,5.55,Weebstrosity,Starter,Steve Johnson,LAC,WR|W/R/T
10,3.65,Weebstrosity,Non-Starter,Nate Washington,Hou,WR|W/R/T
10,3.6,Weebstrosity,Non-Starter,Ronnie Brown,Hou,RB|W/R/T
10,0.0,Weebstrosity,Non-Starter,Aaron Rodgers,Pit,QB
10,2.75,Weebstrosity,Non-Starter,Joseph Fauria,Ari,TE|W/R/T
10,2.85,Weebstrosity,Non-Starter,Scott Chandler,NE,TE|W/R/T
10,3.75,Weebstrosity,Non-Starter,Darrius Heyward-Bey,Pit,WR|W/R/T
10,19.0,Weebstrosity,Starter,Baltimore,Bal,DEF
11,8.8,Weebstrosity,Starter,Case Keenum,Chi,QB
11,25.0,Weebstrosity,Starter,Vincent Jackson,TB,WR|W/R/T
11,27.65,Weebstrosity,Starter,Antonio Brown,TB,WR|W/R/T
11,12.15,Weebstrosity,Starter,Daniel Thomas,Mia,RB|W/R/T
11,2.1,Weebstrosity,Starter,C.J. Spiller,KC,RB|W/R/T
11,12.45,Weebstrosity,Starter,Greg Olsen,Sea,TE|W/R/T
11,5.8,Weebstrosity,Starter,Nate Washington,Hou,WR|W/R/T
11,0.0,Weebstrosity,Non-Starter,Steve Johnson,LAC,WR|W/R/T
11,0.0,Weebstrosity,Non-Starter,Ronnie Brown,Hou,RB|W/R/T
11,0.0,Weebstrosity,Non-Starter,Aaron Rodgers,Pit,QB
11,1.65,Weebstrosity,Non-Starter,Joseph Fauria,Ari,TE|W/R/T
11,4.5,Weebstrosity,Non-Starter,Scott Chandler,NE,TE|W/R/T
11,1.25,Weebstrosity,Non-Starter,Darrius Heyward-Bey,Pit,WR|W/R/T
11,6.5,Weebstrosity,Starter,Baltimore,Bal,DEF
12,23.4,Weebstrosity,Starter,Ryan Fitzpatrick,Was,QB
12,6.6,Weebstrosity,Starter,Vincent Jackson,TB,WR|W/R/T
12,15.9,Weebstrosity,Starter,Antonio Brown,TB,WR|W/R/T
12,1.5,Weebstrosity,Starter,Daniel Thomas,Mia,RB|W/R/T
12,2.4,Weebstrosity,Starter,Jason Snelling,Atl,RB|W/R/T
12,10.65,Weebstrosity,Starter,Greg Olsen,Sea,TE|W/R/T
12,0.0,Weebstrosity,Starter,Jerricho Cotchery,Car,WR|W/R/T
12,5.75,Weebstrosity,Non-Starter,Nate Washington,Hou,WR|W/R/T
12,0.0,Weebstrosity,Non-Starter,C.J. Spiller,KC,RB|W/R/T
12,4.96,Weebstrosity,Non-Starter,Case Keenum,Chi,QB
12,0.0,Weebstrosity,Non-Starter,Steve Johnson,LAC,WR|W/R/T
12,0.0,Weebstrosity,Non-Starter,Aaron Rodgers,Pit,QB
12,4.95,Weebstrosity,Non-Starter,Darrius Heyward-Bey,Pit,WR|W/R/T
12,21.5,Weebstrosity,Starter,Baltimore,Bal,DEF
13,15.44,Weebstrosity,Starter,Ryan Fitzpatrick,Was,QB
13,8.25,Weebstrosity,Starter,Vincent Jackson,TB,WR|W/R/T
13,7.15,Weebstrosity,Starter,Antonio Brown,TB,WR|W/R/T
13,0.55,Weebstrosity,Starter,Jason Snelling,Atl,RB|W/R/T
13,22.2,Weebstrosity,Starter,C.J. Spiller,KC,RB|W/R/T
13,9.75,Weebstrosity,Starter,Greg Olsen,Sea,TE|W/R/T
13,7.1,Weebstrosity,Starter,Jerricho Cotchery,Car,WR|W/R/T
13,0.0,Weebstrosity,Non-Starter,Daniel Thomas,Mia,RB|W/R/T
13,9.35,Weebstrosity,Non-Starter,Nate Washington,Hou,WR|W/R/T
13,4.75,Weebstrosity,Non-Starter,Steve Johnson,LAC,WR|W/R/T
13,0.0,Weebstrosity,Non-Starter,Aaron Rodgers,Pit,QB
13,1.45,Weebstrosity,Non-Starter,Darrius Heyward-Bey,Pit,WR|W/R/T
13,0.0,Weebstrosity,Non-Starter,Brandon Jacobs,NYG,RB|W/R/T
13,3.5,Weebstrosity,Starter,Baltimore,Bal,DEF
14,9.28,Weebstrosity,Starter,Ryan Fitzpatrick,Was,QB
14,13.75,Weebstrosity,Starter,Vincent Jackson,TB,WR|W/R/T
14,21.05,Weebstrosity,Starter,Antonio Brown,TB,WR|W/R/T
14,0.25,Weebstrosity,Starter,Jason Snelling,Atl,RB|W/R/T
14,5.05,Weebstrosity,Starter,C.J. Spiller,KC,RB|W/R/T
14,6.0,Weebstrosity,Starter,Greg Olsen,Sea,TE|W/R/T
14,12.95,Weebstrosity,Starter,Jerricho Cotchery,Car,WR|W/R/T
14,17.15,Weebstrosity,Non-Starter,Daniel Thomas,Mia,RB|W/R/T
14,2.9,Weebstrosity,Non-Starter,Nate Washington,Hou,WR|W/R/T
14,7.95,Weebstrosity,Non-Starter,Steve Johnson,LAC,WR|W/R/T
14,0.0,Weebstrosity,Non-Starter,Aaron Rodgers,Pit,QB
14,2.8,Weebstrosity,Non-Starter,Darrius Heyward-Bey,Pit,WR|W/R/T
14,0.0,Weebstrosity,Non-Starter,Brandon Jacobs,NYG,RB|W/R/T
14,12.5,Weebstrosity,Starter,Baltimore,Bal,DEF
15,28.28,Weebstrosity,Starter,Ryan Fitzpatrick,Was,QB
15,13.05,Weebstrosity,Starter,Vincent Jackson,TB,WR|W/R/T
15,19.95,Weebstrosity,Starter,Antonio Brown,TB,WR|W/R/T
15,0.55,Weebstrosity,Starter,Jason Snelling,Atl,RB|W/R/T
15,7.05,Weebstrosity,Starter,C.J. Spiller,KC,RB|W/R/T
15,10.05,Weebstrosity,Starter,Greg Olsen,Sea,TE|W/R/T
15,0.45,Weebstrosity,Starter,Jerricho Cotchery,Car,WR|W/R/T
15,8.05,Weebstrosity,Non-Starter,Daniel Thomas,Mia,RB|W/R/T
15,10.95,Weebstrosity,Non-Starter,Nate Washington,Hou,WR|W/R/T
15,0.65,Weebstrosity,Non-Starter,Steve Johnson,LAC,WR|W/R/T
15,0.0,Weebstrosity,Non-Starter,Aaron Rodgers,Pit,QB
15,0.0,Weebstrosity,Non-Starter,Darrius Heyward-Bey,Pit,WR|W/R/T
15,0.0,Weebstrosity,Non-Starter,Brandon Jacobs,NYG,RB|W/R/T
15,10.0,Weebstrosity,Starter,Baltimore,Bal,DEF
1,30.68,Riley's Racists,Starter,Colin Kaepernick,SF,QB
1,12.9,Riley's Racists,Starter,Danny Amendola,Hou,WR|W/R/T
1,31.05,Riley's Racists,Starter,Victor Cruz,NYG,WR|W/R/T
1,3.55,Riley's Racists,Starter,Ahmad Bradshaw,Ind,RB|W/R/T
1,2.4,Riley's Racists,Starter,Montee Ball,Den,RB|W/R/T
1,11.5,Riley's Racists,Starter,Jimmy Graham,NO,TE|W/R/T
1,5.5,Riley's Racists,Starter,Tavon Austin,Buf,WR|W/R/T
1,-0.2,Riley's Racists,Non-Starter,Jason Avant,KC,WR|W/R/T
1,0.0,Riley's Racists,Non-Starter,Kevin Ogletree,Det,WR|W/R/T
1,19.36,Riley's Racists,Non-Starter,Matt Ryan,Ind,QB
1,1.95,Riley's Racists,Non-Starter,Knile Davis,GB,RB|W/R/T
1,0.0,Riley's Racists,Non-Starter,Robert Meachem,NO,WR|W/R/T
1,3.85,Riley's Racists,Non-Starter,Benjamin Watson,NE,TE|W/R/T
1,8.5,Riley's Racists,Starter,San Francisco 49ers,SF,DEF
2,5.78,Riley's Racists,Starter,Colin Kaepernick,SF,QB
2,13.8,Riley's Racists,Starter,Victor Cruz,NYG,WR|W/R/T
2,4.9,Riley's Racists,Starter,Jason Avant,KC,WR|W/R/T
2,15.15,Riley's Racists,Starter,Ahmad Bradshaw,Ind,RB|W/R/T
2,0.0,Riley's Racists,Starter,Knile Davis,GB,RB|W/R/T
2,26.4,Riley's Racists,Starter,Jimmy Graham,NO,TE|W/R/T
2,19.0,Riley's Racists,Starter,Tavon Austin,Buf,WR|W/R/T
2,6.4,Riley's Racists,Non-Starter,Brandon Jacobs,NYG,RB|W/R/T
2,0.0,Riley's Racists,Non-Starter,Danny Amendola,Hou,WR|W/R/T
2,6.75,Riley's Racists,Non-Starter,Kevin Ogletree,Det,WR|W/R/T
2,22.96,Riley's Racists,Non-Starter,Matt Ryan,Ind,QB
2,0.0,Riley's Racists,Non-Starter,Robert Meachem,NO,WR|W/R/T
2,0.0,Riley's Racists,Non-Starter,Benjamin Watson,NE,TE|W/R/T
2,13.0,Riley's Racists,Starter,San Francisco 49ers,SF,DEF
3,4.0,Riley's Racists,Starter,Colin Kaepernick,SF,QB
3,3.25,Riley's Racists,Starter,Victor Cruz,NYG,WR|W/R/T
3,4.8,Riley's Racists,Starter,Tavon Austin,Buf,WR|W/R/T
3,17.85,Riley's Racists,Starter,Ahmad Bradshaw,Ind,RB|W/R/T
3,0.2,Riley's Racists,Starter,Brandon Jacobs,NYG,RB|W/R/T
3,27.65,Riley's Racists,Starter,Jimmy Graham,NO,TE|W/R/T
3,0.95,Riley's Racists,Starter,Tyler Eifert,Jax,TE|W/R/T
3,15.95,Riley's Racists,Non-Starter,Jason Avant,KC,WR|W/R/T
3,2.5,Riley's Racists,Non-Starter,Knile Davis,GB,RB|W/R/T
3,0.0,Riley's Racists,Non-Starter,Danny Amendola,Hou,WR|W/R/T
3,15.24,Riley's Racists,Non-Starter,Matt Ryan,Ind,QB
3,1.65,Riley's Racists,Non-Starter,Benjamin Watson,NE,TE|W/R/T
3,6.95,Riley's Racists,Non-Starter,Aaron Dobson,Det,WR|W/R/T
3,3.5,Riley's Racists,Starter,San Francisco 49ers,SF,DEF
4,22.84,Riley's Racists,Starter,Matt Ryan,Ind,QB
4,1.1,Riley's Racists,Starter,Tavon Austin,Buf,WR|W/R/T
4,1.25,Riley's Racists,Starter,Aaron Dobson,Det,WR|W/R/T
4,4.6,Riley's Racists,Starter,Willis McGahee,Cle,RB|W/R/T
4,1.25,Riley's Racists,Starter,Brandon Jacobs,NYG,RB|W/R/T
4,23.0,Riley's Racists,Starter,Jimmy Graham,NO,TE|W/R/T
4,2.8,Riley's Racists,Starter,Donnie Avery,KC,WR|W/R/T
4,0.0,Riley's Racists,Non-Starter,Ahmad Bradshaw,Ind,RB|W/R/T
4,13.78,Riley's Racists,Non-Starter,Colin Kaepernick,SF,QB
4,4.65,Riley's Racists,Non-Starter,Tyler Eifert,Jax,TE|W/R/T
4,0.95,Riley's Racists,Non-Starter,Jason Avant,KC,WR|W/R/T
4,0.2,Riley's Racists,Non-Starter,Knile Davis,GB,RB|W/R/T
4,0.0,Riley's Racists,Non-Starter,Danny Amendola,Hou,WR|W/R/T
4,19.0,Riley's Racists,Starter,San Francisco 49ers,SF,DEF
5,18.76,Riley's Racists,Starter,Matt Ryan,Ind,QB
5,3.95,Riley's Racists,Starter,Tavon Austin,Buf,WR|W/R/T
5,9.85,Riley's Racists,Starter,Donnie Avery,KC,WR|W/R/T
5,13.2,Riley's Racists,Starter,Willis McGahee,Cle,RB|W/R/T
5,1.7,Riley's Racists,Starter,Brandon Jacobs,NYG,RB|W/R/T
5,16.0,Riley's Racists,Starter,Jimmy Graham,NO,TE|W/R/T
5,6.5,Riley's Racists,Starter,Danny Amendola,Hou,WR|W/R/T
5,4.05,Riley's Racists,Non-Starter,Jason Avant,KC,WR|W/R/T
5,6.55,Riley's Racists,Non-Starter,Tyler Eifert,Jax,TE|W/R/T
5,5.4,Riley's Racists,Non-Starter,Aaron Dobson,Det,WR|W/R/T
5,0.0,Riley's Racists,Non-Starter,Ahmad Bradshaw,Ind,RB|W/R/T
5,9.92,Riley's Racists,Non-Starter,Colin Kaepernick,SF,QB
5,0.2,Riley's Racists,Non-Starter,Knile Davis,GB,RB|W/R/T
5,25.0,Riley's Racists,Starter,San Francisco 49ers,SF,DEF
6,15.88,Riley's Racists,Starter,Colin Kaepernick,SF,QB
6,0.55,Riley's Racists,Starter,Tavon Austin,Buf,WR|W/R/T
6,0.6,Riley's Racists,Starter,Danny Amendola,Hou,WR|W/R/T
6,4.15,Riley's Racists,Starter,Willis McGahee,Cle,RB|W/R/T
6,2.35,Riley's Racists,Starter,Da'Rel Scott,NYG,RB|W/R/T
6,0.0,Riley's Racists,Starter,Jimmy Graham,NO,TE|W/R/T
6,-0.9,Riley's Racists,Starter,Donnie Avery,KC,WR|W/R/T
6,23.65,Riley's Racists,Non-Starter,Brandon Jacobs,NYG,RB|W/R/T
6,0.0,Riley's Racists,Non-Starter,Matt Ryan,Ind,QB
6,1.8,Riley's Racists,Non-Starter,Tyler Eifert,Jax,TE|W/R/T
6,7.8,Riley's Racists,Non-Starter,Aaron Dobson,Det,WR|W/R/T
6,3.9,Riley's Racists,Non-Starter,Donald Brown,LAC,RB|W/R/T
6,4.55,Riley's Racists,Non-Starter,Golden Tate,Ten,WR|W/R/T
6,15.0,Riley's Racists,Starter,San Francisco 49ers,SF,DEF
7,21.72,Riley's Racists,Starter,Matt Ryan,Ind,QB
7,4.15,Riley's Racists,Starter,Aaron Dobson,Det,WR|W/R/T
7,8.7,Riley's Racists,Starter,Golden Tate,Ten,WR|W/R/T
7,3.9,Riley's Racists,Starter,Willis McGahee,Cle,RB|W/R/T
7,0.0,Riley's Racists,Starter,Brandon Jacobs,NYG,RB|W/R/T
7,11.25,Riley's Racists,Starter,Tyler Eifert,Jax,TE|W/R/T
7,18.3,Riley's Racists,Starter,Jarrett Boykin,GB,WR|W/R/T
7,7.25,Riley's Racists,Non-Starter,Donald Brown,LAC,RB|W/R/T
7,20.76,Riley's Racists,Non-Starter,Colin Kaepernick,SF,QB
7,0.0,Riley's Racists,Non-Starter,Jimmy Graham,NO,TE|W/R/T
7,3.15,Riley's Racists,Non-Starter,Tavon Austin,Buf,WR|W/R/T
7,0.0,Riley's Racists,Non-Starter,Danny Amendola,Hou,WR|W/R/T
7,4.25,Riley's Racists,Non-Starter,Brandon LaFell,LV,WR|W/R/T
7,17.5,Riley's Racists,Starter,San Francisco 49ers,SF,DEF
8,27.96,Riley's Racists,Starter,Colin Kaepernick,SF,QB
8,13.0,Riley's Racists,Starter,Aaron Dobson,Det,WR|W/R/T
8,22.55,Riley's Racists,Starter,Golden Tate,Ten,WR|W/R/T
8,3.3,Riley's Racists,Starter,Willis McGahee,Cle,RB|W/R/T
8,0.0,Riley's Racists,Starter,Brandon Jacobs,NYG,RB|W/R/T
8,16.45,Riley's Racists,Starter,Jimmy Graham,NO,TE|W/R/T
8,10.15,Riley's Racists,Starter,Jarrett Boykin,GB,WR|W/R/T
8,2.8,Riley's Racists,Non-Starter,Tyler Eifert,Jax,TE|W/R/T
8,9.34,Riley's Racists,Non-Starter,Matt Ryan,Ind,QB
8,0.0,Riley's Racists,Non-Starter,Donald Brown,LAC,RB|W/R/T
8,1.4,Riley's Racists,Non-Starter,Tavon Austin,Buf,WR|W/R/T
8,2.25,Riley's Racists,Non-Starter,Danny Amendola,Hou,WR|W/R/T
8,3.05,Riley's Racists,Non-Starter,Brandon LaFell,LV,WR|W/R/T
8,16.0,Riley's Racists,Starter,San Francisco 49ers,SF,DEF
9,4.96,Riley's Racists,Starter,Matt Ryan,Ind,QB
9,26.25,Riley's Racists,Starter,Aaron Dobson,Det,WR|W/R/T
9,3.65,Riley's Racists,Starter,Golden Tate,Ten,WR|W/R/T
9,1.1,Riley's Racists,Starter,Willis McGahee,Cle,RB|W/R/T
9,4.9,Riley's Racists,Starter,Donald Brown,LAC,RB|W/R/T
9,25.85,Riley's Racists,Starter,Jimmy Graham,NO,TE|W/R/T
9,1.75,Riley's Racists,Starter,Jarrett Boykin,GB,WR|W/R/T
9,0.0,Riley's Racists,Non-Starter,Brandon Jacobs,NYG,RB|W/R/T
9,0.0,Riley's Racists,Non-Starter,Colin Kaepernick,SF,QB
9,2.15,Riley's Racists,Non-Starter,Tyler Eifert,Jax,TE|W/R/T
9,0.6,Riley's Racists,Non-Starter,Tavon Austin,Buf,WR|W/R/T
9,19.2,Riley's Racists,Non-Starter,Danny Amendola,Hou,WR|W/R/T
9,1.25,Riley's Racists,Non-Starter,Ted Ginn,Chi,WR|W/R/T
9,0.0,Riley's Racists,Starter,San Francisco 49ers,SF,DEF
10,3.24,Riley's Racists,Starter,Colin Kaepernick,SF,QB
10,18.1,Riley's Racists,Starter,Golden Tate,Ten,WR|W/R/T
10,2.4,Riley's Racists,Starter,Ted Ginn,Chi,WR|W/R/T
10,13.55,Riley's Racists,Starter,Donald Brown,LAC,RB|W/R/T
10,0.0,Riley's Racists,Starter,Brandon Jacobs,NYG,RB|W/R/T
10,7.15,Riley's Racists,Starter,Jimmy Graham,NO,TE|W/R/T
10,22.95,Riley's Racists,Starter,Riley Cooper,Phi,WR|W/R/T
10,6.25,Riley's Racists,Non-Starter,Tyler Eifert,Jax,TE|W/R/T
10,13.2,Riley's Racists,Non-Starter,Jarrett Boykin,GB,WR|W/R/T
10,0.0,Riley's Racists,Non-Starter,Willis McGahee,Cle,RB|W/R/T
10,0.0,Riley's Racists,Non-Starter,Aaron Dobson,Det,WR|W/R/T
10,12.38,Riley's Racists,Non-Starter,Matt Ryan,Ind,QB
10,0.0,Riley's Racists,Non-Starter,Danny Amendola,Hou,WR|W/R/T
10,16.5,Riley's Racists,Starter,San Francisco 49ers,SF,DEF
11,12.16,Riley's Racists,Starter,Matt Ryan,Ind,QB
11,2.85,Riley's Racists,Starter,Golden Tate,Ten,WR|W/R/T
11,6.0,Riley's Racists,Starter,Danny Amendola,Hou,WR|W/R/T
11,21.65,Riley's Racists,Starter,Donald Brown,LAC,RB|W/R/T
11,2.2,Riley's Racists,Starter,Willis McGahee,Cle,RB|W/R/T
11,5.6,Riley's Racists,Starter,Jimmy Graham,NO,TE|W/R/T
11,4.45,Riley's Racists,Starter,Riley Cooper,Phi,WR|W/R/T
11,8.75,Riley's Racists,Non-Starter,Ted Ginn,Chi,WR|W/R/T
11,13.58,Riley's Racists,Non-Starter,Colin Kaepernick,SF,QB
11,1.75,Riley's Racists,Non-Starter,Tyler Eifert,Jax,TE|W/R/T
11,10.6,Riley's Racists,Non-Starter,Jarrett Boykin,GB,WR|W/R/T
11,4.8,Riley's Racists,Non-Starter,Aaron Dobson,Det,WR|W/R/T
11,1.8,Riley's Racists,Non-Starter,Bernard Pierce,Jax,RB|W/R/T
11,9.5,Riley's Racists,Starter,San Francisco 49ers,SF,DEF
12,23.4,Riley's Racists,Starter,Colin Kaepernick,SF,QB
12,2.45,Riley's Racists,Starter,Danny Amendola,Hou,WR|W/R/T
12,1.85,Riley's Racists,Starter,Ted Ginn,Chi,WR|W/R/T
12,0.15,Riley's Racists,Starter,Donald Brown,LAC,RB|W/R/T
12,1.2,Riley's Racists,Starter,Willis McGahee,Cle,RB|W/R/T
12,17.25,Riley's Racists,Starter,Jimmy Graham,NO,TE|W/R/T
12,13.25,Riley's Racists,Starter,Jarrett Boykin,GB,WR|W/R/T
12,12.68,Riley's Racists,Non-Starter,Matt Ryan,Ind,QB
12,0.0,Riley's Racists,Non-Starter,Riley Cooper,Phi,WR|W/R/T
12,0.0,Riley's Racists,Non-Starter,Golden Tate,Ten,WR|W/R/T
12,0.0,Riley's Racists,Non-Starter,Tyler Eifert,Jax,TE|W/R/T
12,0.0,Riley's Racists,Non-Starter,Aaron Dobson,Det,WR|W/R/T
12,3.0,Riley's Racists,Non-Starter,Bernard Pierce,Jax,RB|W/R/T
12,21.5,Riley's Racists,Starter,San Francisco 49ers,SF,DEF
13,17.1,Riley's Racists,Starter,Colin Kaepernick,SF,QB
13,5.55,Riley's Racists,Starter,Riley Cooper,Phi,WR|W/R/T
13,5.5,Riley's Racists,Starter,Golden Tate,Ten,WR|W/R/T
13,12.9,Riley's Racists,Starter,Donald Brown,LAC,RB|W/R/T
13,13.6,Riley's Racists,Starter,Willis McGahee,Cle,RB|W/R/T
13,10.95,Riley's Racists,Starter,Jimmy Graham,NO,TE|W/R/T
13,0.0,Riley's Racists,Starter,Jarrett Boykin,GB,WR|W/R/T
13,6.65,Riley's Racists,Non-Starter,Danny Amendola,Hou,WR|W/R/T
13,11.2,Riley's Racists,Non-Starter,Ted Ginn,Chi,WR|W/R/T
13,16.14,Riley's Racists,Non-Starter,Matt Ryan,Ind,QB
13,1.15,Riley's Racists,Non-Starter,Tyler Eifert,Jax,TE|W/R/T
13,0.0,Riley's Racists,Non-Starter,Aaron Dobson,Det,WR|W/R/T
13,4.65,Riley's Racists,Non-Starter,Bernard Pierce,Jax,RB|W/R/T
13,13.5,Riley's Racists,Starter,San Francisco 49ers,SF,DEF
14,12.1,Riley's Racists,Starter,Colin Kaepernick,SF,QB
14,10.15,Riley's Racists,Starter,Riley Cooper,Phi,WR|W/R/T
14,8.0,Riley's Racists,Starter,Golden Tate,Ten,WR|W/R/T
14,3.9,Riley's Racists,Starter,Donald Brown,LAC,RB|W/R/T
14,3.55,Riley's Racists,Starter,Willis McGahee,Cle,RB|W/R/T
14,19.3,Riley's Racists,Starter,Jimmy Graham,NO,TE|W/R/T
14,2.8,Riley's Racists,Starter,Jarrett Boykin,GB,WR|W/R/T
14,10.6,Riley's Racists,Non-Starter,Danny Amendola,Hou,WR|W/R/T
14,1.0,Riley's Racists,Non-Starter,Ted Ginn,Chi,WR|W/R/T
14,12.24,Riley's Racists,Non-Starter,Matt Ryan,Ind,QB
14,2.75,Riley's Racists,Non-Starter,Tyler Eifert,Jax,TE|W/R/T
14,0.0,Riley's Racists,Non-Starter,Aaron Dobson,Det,WR|W/R/T
14,1.95,Riley's Racists,Non-Starter,Bernard Pierce,Jax,RB|W/R/T
14,8.0,Riley's Racists,Starter,San Francisco 49ers,SF,DEF
15,8.3,Riley's Racists,Starter,Matt Ryan,Ind,QB
15,5.9,Riley's Racists,Starter,Riley Cooper,Phi,WR|W/R/T
15,3.0,Riley's Racists,Starter,Golden Tate,Ten,WR|W/R/T
15,3.8,Riley's Racists,Starter,Donald Brown,LAC,RB|W/R/T
15,2.1,Riley's Racists,Starter,Bernard Pierce,Jax,RB|W/R/T
15,3.0,Riley's Racists,Starter,Jimmy Graham,NO,TE|W/R/T
15,15.6,Riley's Racists,Starter,Danny Amendola,Hou,WR|W/R/T
15,20.32,Riley's Racists,Non-Starter,Colin Kaepernick,SF,QB
15,9.8,Riley's Racists,Non-Starter,Jarrett Boykin,GB,WR|W/R/T
15,0.0,Riley's Racists,Non-Starter,Willis McGahee,Cle,RB|W/R/T
15,2.65,Riley's Racists,Non-Starter,Ted Ginn,Chi,WR|W/R/T
15,10.05,Riley's Racists,Non-Starter,Tyler Eifert,Jax,TE|W/R/T
15,0.0,Riley's Racists,Non-Starter,Aaron Dobson,Det,WR|W/R/T
15,20.0,Riley's Racists,Starter,San Francisco 49ers,SF,DEF
16,15.92,Riley's Racists,Starter,Matt Ryan,Ind,QB
16,12.05,Riley's Racists,Starter,Riley Cooper,Phi,WR|W/R/T
16,3.9,Riley's Racists,Starter,Golden Tate,Ten,WR|W/R/T
16,23.5,Riley's Racists,Starter,Donald Brown,LAC,RB|W/R/T
16,6.55,Riley's Racists,Starter,Bernard Pierce,Jax,RB|W/R/T
16,14.55,Riley's Racists,Starter,Jimmy Graham,NO,TE|W/R/T
16,5.0,Riley's Racists,Starter,Danny Amendola,Hou,WR|W/R/T
16,22.98,Riley's Racists,Non-Starter,Colin Kaepernick,SF,QB
16,12.65,Riley's Racists,Non-Starter,Jarrett Boykin,GB,WR|W/R/T
16,0.0,Riley's Racists,Non-Starter,Willis McGahee,Cle,RB|W/R/T
16,7.8,Riley's Racists,Non-Starter,Ted Ginn,Chi,WR|W/R/T
16,0.85,Riley's Racists,Non-Starter,Tyler Eifert,Jax,TE|W/R/T
16,2.35,Riley's Racists,Non-Starter,Aaron Dobson,Det,WR|W/R/T
16,15.0,Riley's Racists,Starter,San Francisco 49ers,SF,DEF
1,15.5,Donte Hitler,Starter,Russell Wilson,NYG,QB
1,13.35,Donte Hitler,Starter,Julio Jones,Phi,WR|W/R/T
1,4.0,Donte Hitler,Starter,Dwayne Bowe,Cle,WR|W/R/T
1,16.1,Donte Hitler,Starter,Matt Forte,NYJ,RB|W/R/T
1,14.5,Donte Hitler,Starter,DeMarco Murray,Ten,RB|W/R/T
1,10.35,Donte Hitler,Starter,Tony Gonzalez,Atl,TE|W/R/T
1,2.75,Donte Hitler,Starter,T.Y. Hilton,Dal,WR|W/R/T
1,17.42,Donte Hitler,Non-Starter,Alex Smith,Was,QB
1,11.35,Donte Hitler,Non-Starter,Rueben Randle,NYG,WR|W/R/T
1,1.5,Donte Hitler,Non-Starter,Michael Bush,Ari,RB|W/R/T
1,0.0,Donte Hitler,Non-Starter,LaMichael James,Mia,RB|W/R/T
1,5.4,Donte Hitler,Non-Starter,Antonio Gates,LAC,TE|W/R/T
1,0.0,Donte Hitler,Non-Starter,Stepfan Taylor,Ari,RB|W/R/T
1,8.5,Donte Hitler,Starter,New England Patriots,NE,DEF
2,10.98,Donte Hitler,Starter,Russell Wilson,NYG,QB
2,26.95,Donte Hitler,Starter,Julio Jones,Phi,WR|W/R/T
2,12.6,Donte Hitler,Starter,Dwayne Bowe,Cle,WR|W/R/T
2,16.6,Donte Hitler,Starter,Matt Forte,NYJ,RB|W/R/T
2,8.65,Donte Hitler,Starter,DeMarco Murray,Ten,RB|W/R/T
2,4.3,Donte Hitler,Starter,Tony Gonzalez,Atl,TE|W/R/T
2,13.9,Donte Hitler,Starter,T.Y. Hilton,Dal,WR|W/R/T
2,22.62,Donte Hitler,Non-Starter,Alex Smith,Was,QB
2,2.15,Donte Hitler,Non-Starter,Rueben Randle,NYG,WR|W/R/T
2,0.0,Donte Hitler,Non-Starter,Michael Bush,Ari,RB|W/R/T
2,0.0,Donte Hitler,Non-Starter,LaMichael James,Mia,RB|W/R/T
2,12.4,Donte Hitler,Non-Starter,Antonio Gates,LAC,TE|W/R/T
2,0.2,Donte Hitler,Non-Starter,Stepfan Taylor,Ari,RB|W/R/T
2,23.0,Donte Hitler,Starter,New England Patriots,NE,DEF
3,21.48,Donte Hitler,Starter,Russell Wilson,NYG,QB
3,14.45,Donte Hitler,Starter,Julio Jones,Phi,WR|W/R/T
3,0.65,Donte Hitler,Starter,Dwayne Bowe,Cle,WR|W/R/T
3,18.1,Donte Hitler,Starter,Matt Forte,NYJ,RB|W/R/T
3,27.05,Donte Hitler,Starter,DeMarco Murray,Ten,RB|W/R/T
3,3.4,Donte Hitler,Starter,Tony Gonzalez,Atl,TE|W/R/T
3,1.8,Donte Hitler,Starter,T.Y. Hilton,Dal,WR|W/R/T
3,14.12,Donte Hitler,Non-Starter,Alex Smith,Was,QB
3,4.5,Donte Hitler,Non-Starter,Rueben Randle,NYG,WR|W/R/T
3,6.9,Donte Hitler,Non-Starter,Michael Bush,Ari,RB|W/R/T
3,0.0,Donte Hitler,Non-Starter,LaMichael James,Mia,RB|W/R/T
3,12.75,Donte Hitler,Non-Starter,Antonio Gates,LAC,TE|W/R/T
3,0.45,Donte Hitler,Non-Starter,Stepfan Taylor,Ari,RB|W/R/T
3,13.5,Donte Hitler,Starter,New England Patriots,NE,DEF
4,10.62,Donte Hitler,Starter,Russell Wilson,NYG,QB
4,12.3,Donte Hitler,Starter,Julio Jones,Phi,WR|W/R/T
4,12.8,Donte Hitler,Starter,Dwayne Bowe,Cle,WR|W/R/T
4,18.95,Donte Hitler,Starter,Matt Forte,NYJ,RB|W/R/T
4,10.45,Donte Hitler,Starter,DeMarco Murray,Ten,RB|W/R/T
4,29.9,Donte Hitler,Starter,Tony Gonzalez,Atl,TE|W/R/T
4,22.1,Donte Hitler,Starter,Antonio Gates,LAC,TE|W/R/T
4,6.1,Donte Hitler,Non-Starter,T.Y. Hilton,Dal,WR|W/R/T
4,23.22,Donte Hitler,Non-Starter,Alex Smith,Was,QB
4,0.95,Donte Hitler,Non-Starter,Rueben Randle,NYG,WR|W/R/T
4,0.0,Donte Hitler,Non-Starter,Michael Bush,Ari,RB|W/R/T
4,0.0,Donte Hitler,Non-Starter,LaMichael James,Mia,RB|W/R/T
4,0.0,Donte Hitler,Non-Starter,Stepfan Taylor,Ari,RB|W/R/T
4,5.5,Donte Hitler,Starter,New England Patriots,NE,DEF
5,22.6,Donte Hitler,Starter,Russell Wilson,NYG,QB
5,11.9,Donte Hitler,Starter,Julio Jones,Phi,WR|W/R/T
5,4.5,Donte Hitler,Starter,Dwayne Bowe,Cle,WR|W/R/T
5,12.5,Donte Hitler,Starter,Matt Forte,NYJ,RB|W/R/T
5,11.05,Donte Hitler,Starter,DeMarco Murray,Ten,RB|W/R/T
5,12.2,Donte Hitler,Starter,Tony Gonzalez,Atl,TE|W/R/T
5,9.15,Donte Hitler,Starter,Antonio Gates,LAC,TE|W/R/T
5,27.25,Donte Hitler,Non-Starter,T.Y. Hilton,Dal,WR|W/R/T
5,8.8,Donte Hitler,Non-Starter,Alex Smith,Was,QB
5,23.1,Donte Hitler,Non-Starter,Rueben Randle,NYG,WR|W/R/T
5,1.2,Donte Hitler,Non-Starter,Michael Bush,Ari,RB|W/R/T
5,3.1,Donte Hitler,Non-Starter,LaMichael James,Mia,RB|W/R/T
5,0.0,Donte Hitler,Non-Starter,Stepfan Taylor,Ari,RB|W/R/T
5,16.5,Donte Hitler,Starter,New England Patriots,NE,DEF
6,16.38,Donte Hitler,Starter,Russell Wilson,NYG,QB
6,5.55,Donte Hitler,Starter,T.Y. Hilton,Dal,WR|W/R/T
6,5.35,Donte Hitler,Starter,Dwayne Bowe,Cle,WR|W/R/T
6,12.6,Donte Hitler,Starter,Matt Forte,NYJ,RB|W/R/T
6,11.5,Donte Hitler,Starter,DeMarco Murray,Ten,RB|W/R/T
6,3.8,Donte Hitler,Starter,Antonio Gates,LAC,TE|W/R/T
6,14.25,Donte Hitler,Starter,Rueben Randle,NYG,WR|W/R/T
6,0.0,Donte Hitler,Non-Starter,Tony Gonzalez,Atl,TE|W/R/T
6,8.02,Donte Hitler,Non-Starter,Alex Smith,Was,QB
6,0.0,Donte Hitler,Non-Starter,LaMichael James,Mia,RB|W/R/T
6,0.7,Donte Hitler,Non-Starter,Stepfan Taylor,Ari,RB|W/R/T
6,1.4,Donte Hitler,Non-Starter,Robert Woods,Pit,WR|W/R/T
6,0.0,Donte Hitler,Non-Starter,James Starks,GB,RB|W/R/T
6,9.0,Donte Hitler,Starter,New England Patriots,NE,DEF
7,20.3,Donte Hitler,Starter,Russell Wilson,NYG,QB
7,3.2,Donte Hitler,Starter,T.Y. Hilton,Dal,WR|W/R/T
7,7.85,Donte Hitler,Starter,Dwayne Bowe,Cle,WR|W/R/T
7,29.4,Donte Hitler,Starter,Matt Forte,NYJ,RB|W/R/T
7,0.0,Donte Hitler,Starter,LaMichael James,Mia,RB|W/R/T
7,3.5,Donte Hitler,Starter,Tony Gonzalez,Atl,TE|W/R/T
7,4.6,Donte Hitler,Starter,Antonio Gates,LAC,TE|W/R/T
7,0.0,Donte Hitler,Non-Starter,DeMarco Murray,Ten,RB|W/R/T
7,8.75,Donte Hitler,Non-Starter,Rueben Randle,NYG,WR|W/R/T
7,16.25,Donte Hitler,Non-Starter,Alex Smith,Was,QB
7,3.15,Donte Hitler,Non-Starter,Robert Woods,Pit,WR|W/R/T
7,0.0,Donte Hitler,Non-Starter,James Starks,GB,RB|W/R/T
7,0.0,Donte Hitler,Non-Starter,Jonathan Stewart,NYG,RB|W/R/T
7,17.0,Donte Hitler,Starter,New England Patriots,NE,DEF
8,15.16,Donte Hitler,Starter,Russell Wilson,NYG,QB
8,0.0,Donte Hitler,Starter,Rueben Randle,NYG,WR|W/R/T
8,0.95,Donte Hitler,Starter,Dwayne Bowe,Cle,WR|W/R/T
8,9.25,Donte Hitler,Starter,Peyton Hillis,NYG,RB|W/R/T
8,11.7,Donte Hitler,Starter,James Starks,GB,RB|W/R/T
8,3.35,Donte Hitler,Starter,Tony Gonzalez,Atl,TE|W/R/T
8,0.0,Donte Hitler,Starter,DeMarco Murray,Ten,RB|W/R/T
8,0.0,Donte Hitler,Non-Starter,Matt Forte,NYJ,RB|W/R/T
8,0.0,Donte Hitler,Non-Starter,T.Y. Hilton,Dal,WR|W/R/T
8,0.0,Donte Hitler,Non-Starter,Antonio Gates,LAC,TE|W/R/T
8,21.0,Donte Hitler,Non-Starter,Alex Smith,Was,QB
8,0.95,Donte Hitler,Non-Starter,Robert Woods,Pit,WR|W/R/T
8,3.8,Donte Hitler,Non-Starter,Austin Pettis,LAC,WR|W/R/T
8,19.5,Donte Hitler,Starter,New England Patriots,NE,DEF
9,22.28,Donte Hitler,Starter,Russell Wilson,NYG,QB
9,8.45,Donte Hitler,Starter,Dwayne Bowe,Cle,WR|W/R/T
9,31.85,Donte Hitler,Starter,T.Y. Hilton,Dal,WR|W/R/T
9,25.15,Donte Hitler,Starter,Matt Forte,NYJ,RB|W/R/T
9,6.5,Donte Hitler,Starter,DeMarco Murray,Ten,RB|W/R/T
9,15.6,Donte Hitler,Starter,Tony Gonzalez,Atl,TE|W/R/T
9,6.8,Donte Hitler,Starter,Antonio Gates,LAC,TE|W/R/T
9,10.0,Donte Hitler,Non-Starter,James Starks,GB,RB|W/R/T
9,0.0,Donte Hitler,Non-Starter,Rueben Randle,NYG,WR|W/R/T
9,0.0,Donte Hitler,Non-Starter,Peyton Hillis,NYG,RB|W/R/T
9,5.66,Donte Hitler,Non-Starter,Alex Smith,Was,QB
9,5.4,Donte Hitler,Non-Starter,Robert Woods,Pit,WR|W/R/T
9,1.55,Donte Hitler,Non-Starter,Austin Pettis,LAC,WR|W/R/T
9,13.5,Donte Hitler,Starter,New England Patriots,NE,DEF
10,21.48,Donte Hitler,Starter,Russell Wilson,NYG,QB
10,14.75,Donte Hitler,Starter,T.Y. Hilton,Dal,WR|W/R/T
10,11.75,Donte Hitler,Starter,Rueben Randle,NYG,WR|W/R/T
10,5.9,Donte Hitler,Starter,Matt Forte,NYJ,RB|W/R/T
10,15.75,Donte Hitler,Starter,DeMarco Murray,Ten,RB|W/R/T
10,3.65,Donte Hitler,Starter,Tony Gonzalez,Atl,TE|W/R/T
10,7.2,Donte Hitler,Starter,Antonio Gates,LAC,TE|W/R/T
10,0.0,Donte Hitler,Non-Starter,Dwayne Bowe,Cle,WR|W/R/T
10,1.65,Donte Hitler,Non-Starter,James Starks,GB,RB|W/R/T
10,0.35,Donte Hitler,Non-Starter,Peyton Hillis,NYG,RB|W/R/T
10,0.0,Donte Hitler,Non-Starter,Alex Smith,Was,QB
10,0.0,Donte Hitler,Non-Starter,Robert Woods,Pit,WR|W/R/T
10,5.0,Donte Hitler,Starter,Washington Commanders,Was,DEF
10,0.0,Donte Hitler,Non-Starter,New England Patriots,NE,DEF
11,18.6,Donte Hitler,Starter,Russell Wilson,NYG,QB
11,5.65,Donte Hitler,Starter,T.Y. Hilton,Dal,WR|W/R/T
11,10.45,Donte Hitler,Starter,Rueben Randle,NYG,WR|W/R/T
11,19.75,Donte Hitler,Starter,Matt Forte,NYJ,RB|W/R/T
11,0.0,Donte Hitler,Starter,Peyton Hillis,NYG,RB|W/R/T
11,10.05,Donte Hitler,Starter,Tony Gonzalez,Atl,TE|W/R/T
11,12.2,Donte Hitler,Starter,Antonio Gates,LAC,TE|W/R/T
11,0.0,Donte Hitler,Non-Starter,DeMarco Murray,Ten,RB|W/R/T
11,12.7,Donte Hitler,Non-Starter,Dwayne Bowe,Cle,WR|W/R/T
11,-0.1,Donte Hitler,Non-Starter,James Starks,GB,RB|W/R/T
11,22.4,Donte Hitler,Non-Starter,Alex Smith,Was,QB
11,0.0,Donte Hitler,Non-Starter,Robert Woods,Pit,WR|W/R/T
11,5.5,Donte Hitler,Starter,New England Patriots,NE,DEF
11,8.5,Donte Hitler,Non-Starter,Washington Commanders,Was,DEF
12,21.46,Donte Hitler,Starter,Alex Smith,Was,QB
12,5.05,Donte Hitler,Starter,T.Y. Hilton,Dal,WR|W/R/T
12,12.35,Donte Hitler,Starter,Dwayne Bowe,Cle,WR|W/R/T
12,11.45,Donte Hitler,Starter,Matt Forte,NYJ,RB|W/R/T
12,13.35,Donte Hitler,Starter,DeMarco Murray,Ten,RB|W/R/T
12,5.3,Donte Hitler,Starter,Tony Gonzalez,Atl,TE|W/R/T
12,2.85,Donte Hitler,Starter,Antonio Gates,LAC,TE|W/R/T
12,7.15,Donte Hitler,Non-Starter,Rueben Randle,NYG,WR|W/R/T
12,0.0,Donte Hitler,Non-Starter,Peyton Hillis,NYG,RB|W/R/T
12,0.0,Donte Hitler,Non-Starter,Russell Wilson,NYG,QB
12,3.45,Donte Hitler,Non-Starter,James Starks,GB,RB|W/R/T
12,0.0,Donte Hitler,Non-Starter,Robert Woods,Pit,WR|W/R/T
12,7.5,Donte Hitler,Starter,Washington Commanders,Was,DEF
12,12.5,Donte Hitler,Non-Starter,New England Patriots,NE,DEF
13,22.32,Donte Hitler,Starter,Alex Smith,Was,QB
13,5.85,Donte Hitler,Starter,T.Y. Hilton,Dal,WR|W/R/T
13,6.35,Donte Hitler,Starter,Dwayne Bowe,Cle,WR|W/R/T
13,15.6,Donte Hitler,Starter,Matt Forte,NYJ,RB|W/R/T
13,29.45,Donte Hitler,Starter,DeMarco Murray,Ten,RB|W/R/T
13,11.2,Donte Hitler,Starter,Tony Gonzalez,Atl,TE|W/R/T
13,3.35,Donte Hitler,Starter,Antonio Gates,LAC,TE|W/R/T
13,2.75,Donte Hitler,Non-Starter,Rueben Randle,NYG,WR|W/R/T
13,5.35,Donte Hitler,Non-Starter,Peyton Hillis,NYG,RB|W/R/T
13,29.1,Donte Hitler,Non-Starter,Russell Wilson,NYG,QB
13,0.2,Donte Hitler,Non-Starter,James Starks,GB,RB|W/R/T
13,4.4,Donte Hitler,Non-Starter,Robert Woods,Pit,WR|W/R/T
13,4.0,Donte Hitler,Starter,New England Patriots,NE,DEF
13,9.0,Donte Hitler,Non-Starter,Washington Commanders,Was,DEF
14,14.18,Donte Hitler,Starter,Alex Smith,Was,QB
14,1.2,Donte Hitler,Starter,T.Y. Hilton,Dal,WR|W/R/T
14,14.0,Donte Hitler,Starter,Dwayne Bowe,Cle,WR|W/R/T
14,25.25,Donte Hitler,Starter,Matt Forte,NYJ,RB|W/R/T
14,16.0,Donte Hitler,Starter,DeMarco Murray,Ten,RB|W/R/T
14,9.25,Donte Hitler,Starter,Tony Gonzalez,Atl,TE|W/R/T
14,6.0,Donte Hitler,Starter,Antonio Gates,LAC,TE|W/R/T
14,3.2,Donte Hitler,Non-Starter,Rueben Randle,NYG,WR|W/R/T
14,7.1,Donte Hitler,Non-Starter,Peyton Hillis,NYG,RB|W/R/T
14,10.16,Donte Hitler,Non-Starter,Russell Wilson,NYG,QB
14,1.9,Donte Hitler,Non-Starter,James Starks,GB,RB|W/R/T
14,2.75,Donte Hitler,Non-Starter,Robert Woods,Pit,WR|W/R/T
14,3.0,Donte Hitler,Starter,New England Patriots,NE,DEF
14,1.5,Donte Hitler,Non-Starter,Washington Commanders,Was,DEF
15,31.18,Donte Hitler,Starter,Alex Smith,Was,QB
15,9.8,Donte Hitler,Starter,T.Y. Hilton,Dal,WR|W/R/T
15,3.15,Donte Hitler,Starter,Dwayne Bowe,Cle,WR|W/R/T
15,13.35,Donte Hitler,Starter,Matt Forte,NYJ,RB|W/R/T
15,22.3,Donte Hitler,Starter,DeMarco Murray,Ten,RB|W/R/T
15,2.8,Donte Hitler,Starter,Antonio Gates,LAC,TE|W/R/T
15,13.7,Donte Hitler,Starter,Tony Gonzalez,Atl,TE|W/R/T
15,0.0,Donte Hitler,Non-Starter,Rueben Randle,NYG,WR|W/R/T
15,3.7,Donte Hitler,Non-Starter,Peyton Hillis,NYG,RB|W/R/T
15,15.24,Donte Hitler,Non-Starter,Russell Wilson,NYG,QB
15,8.55,Donte Hitler,Non-Starter,James Starks,GB,RB|W/R/T
15,15.45,Donte Hitler,Non-Starter,Robert Woods,Pit,WR|W/R/T
15,9.5,Donte Hitler,Starter,New England Patriots,NE,DEF
15,10.0,Donte Hitler,Non-Starter,Washington Commanders,Was,DEF
16,4.82,Donte Hitler,Starter,Alex Smith,Was,QB
16,6.45,Donte Hitler,Starter,T.Y. Hilton,Dal,WR|W/R/T
16,5.0,Donte Hitler,Starter,Rueben Randle,NYG,WR|W/R/T
16,6.4,Donte Hitler,Starter,Matt Forte,NYJ,RB|W/R/T
16,23.85,Donte Hitler,Starter,DeMarco Murray,Ten,RB|W/R/T
16,14.3,Donte Hitler,Starter,Tony Gonzalez,Atl,TE|W/R/T
16,5.85,Donte Hitler,Starter,Dwayne Bowe,Cle,WR|W/R/T
16,7.75,Donte Hitler,Non-Starter,Robert Woods,Pit,WR|W/R/T
16,4.95,Donte Hitler,Non-Starter,Antonio Gates,LAC,TE|W/R/T
16,0.0,Donte Hitler,Non-Starter,Peyton Hillis,NYG,RB|W/R/T
16,9.52,Donte Hitler,Non-Starter,Russell Wilson,NYG,QB
16,7.25,Donte Hitler,Non-Starter,James Starks,GB,RB|W/R/T
16,31.0,Donte Hitler,Starter,New England Patriots,NE,DEF
16,8.5,Donte Hitler,Non-Starter,Washington Commanders,Was,DEF
1,26.8,Cock Salsa,Starter,Eli Manning,NYG,QB
1,3.2,Cock Salsa,Starter,Dez Bryant,Bal,WR|W/R/T
1,17.6,Cock Salsa,Starter,Reggie Wayne,Ind,WR|W/R/T
1,15.1,Cock Salsa,Starter,Ray Rice,Bal,RB|W/R/T
1,4.5,Cock Salsa,Starter,Maurice Jones-Drew,LV,RB|W/R/T
1,3.2,Cock Salsa,Starter,Kyle Rudolph,TB,TE|W/R/T
1,1.75,Cock Salsa,Starter,Mike Wallace,Phi,WR|W/R/T
1,11.55,Cock Salsa,Non-Starter,Denarius Moore,Buf,WR|W/R/T
1,0.0,Cock Salsa,Non-Starter,Kirk Cousins,Atl,QB
1,2.5,Cock Salsa,Non-Starter,Bryce Brown,Buf,RB|W/R/T
1,0.0,Cock Salsa,Non-Starter,Zach Sudfeld,NYJ,TE|W/R/T
1,0.0,Cock Salsa,Non-Starter,Johnathan Franklin,GB,RB|W/R/T
1,9.5,Cock Salsa,Starter,Chicago Bears,Chi,DEF
1,28.5,Cock Salsa,Non-Starter,Dallas,Dal,DEF
2,10.48,Cock Salsa,Starter,Eli Manning,NYG,QB
2,22.35,Cock Salsa,Starter,Dez Bryant,Bal,WR|W/R/T
2,5.85,Cock Salsa,Starter,Reggie Wayne,Ind,WR|W/R/T
2,3.25,Cock Salsa,Starter,Ray Rice,Bal,RB|W/R/T
2,3.05,Cock Salsa,Starter,Maurice Jones-Drew,LV,RB|W/R/T
2,10.95,Cock Salsa,Starter,Kyle Rudolph,TB,TE|W/R/T
2,19.75,Cock Salsa,Starter,Mike Wallace,Phi,WR|W/R/T
2,0.0,Cock Salsa,Non-Starter,Denarius Moore,Buf,WR|W/R/T
2,0.0,Cock Salsa,Non-Starter,Kirk Cousins,Atl,QB
2,1.65,Cock Salsa,Non-Starter,Bryce Brown,Buf,RB|W/R/T
2,0.0,Cock Salsa,Non-Starter,Zach Sudfeld,NYJ,TE|W/R/T
2,0.0,Cock Salsa,Non-Starter,Johnathan Franklin,GB,RB|W/R/T
2,14.0,Cock Salsa,Starter,Chicago Bears,Chi,DEF
2,12.0,Cock Salsa,Non-Starter,Dallas,Dal,DEF
3,4.16,Cock Salsa,Starter,Eli Manning,NYG,QB
3,10.8,Cock Salsa,Starter,Dez Bryant,Bal,WR|W/R/T
3,7.3,Cock Salsa,Starter,Reggie Wayne,Ind,WR|W/R/T
3,0.0,Cock Salsa,Starter,Ray Rice,Bal,RB|W/R/T
3,12.7,Cock Salsa,Starter,Maurice Jones-Drew,LV,RB|W/R/T
3,4.05,Cock Salsa,Starter,Kyle Rudolph,TB,TE|W/R/T
3,2.7,Cock Salsa,Starter,Mike Wallace,Phi,WR|W/R/T
3,19.9,Cock Salsa,Non-Starter,Denarius Moore,Buf,WR|W/R/T
3,0.0,Cock Salsa,Non-Starter,Kirk Cousins,Atl,QB
3,0.7,Cock Salsa,Non-Starter,Bryce Brown,Buf,RB|W/R/T
3,0.0,Cock Salsa,Non-Starter,Zach Sudfeld,NYJ,TE|W/R/T
3,17.35,Cock Salsa,Non-Starter,Johnathan Franklin,GB,RB|W/R/T
3,28.0,Cock Salsa,Starter,Chicago Bears,Chi,DEF
3,17.5,Cock Salsa,Non-Starter,Dallas,Dal,DEF
4,7.88,Cock Salsa,Starter,Eli Manning,NYG,QB
4,21.6,Cock Salsa,Starter,Dez Bryant,Bal,WR|W/R/T
4,17.25,Cock Salsa,Starter,Reggie Wayne,Ind,WR|W/R/T
4,1.7,Cock Salsa,Starter,Ray Rice,Bal,RB|W/R/T
4,3.05,Cock Salsa,Starter,Maurice Jones-Drew,LV,RB|W/R/T
4,1.1,Cock Salsa,Starter,Kyle Rudolph,TB,TE|W/R/T
4,3.15,Cock Salsa,Starter,Mike Wallace,Phi,WR|W/R/T
4,7.6,Cock Salsa,Non-Starter,Denarius Moore,Buf,WR|W/R/T
4,0.0,Cock Salsa,Non-Starter,Kirk Cousins,Atl,QB
4,6.5,Cock Salsa,Non-Starter,Bryce Brown,Buf,RB|W/R/T
4,0.0,Cock Salsa,Non-Starter,Zach Sudfeld,NYJ,TE|W/R/T
4,0.0,Cock Salsa,Non-Starter,Johnathan Franklin,GB,RB|W/R/T
4,8.0,Cock Salsa,Starter,Chicago Bears,Chi,DEF
4,10.0,Cock Salsa,Non-Starter,Dallas,Dal,DEF
5,15.36,Cock Salsa,Starter,Eli Manning,NYG,QB
5,25.6,Cock Salsa,Starter,Dez Bryant,Bal,WR|W/R/T
5,10.0,Cock Salsa,Starter,Reggie Wayne,Ind,WR|W/R/T
5,21.7,Cock Salsa,Starter,Ray Rice,Bal,RB|W/R/T
5,9.1,Cock Salsa,Starter,Maurice Jones-Drew,LV,RB|W/R/T
5,0.0,Cock Salsa,Starter,Zach Sudfeld,NYJ,TE|W/R/T
5,12.25,Cock Salsa,Starter,Mike Wallace,Phi,WR|W/R/T
5,0.0,Cock Salsa,Non-Starter,Kyle Rudolph,TB,TE|W/R/T
5,15.65,Cock Salsa,Non-Starter,Denarius Moore,Buf,WR|W/R/T
5,0.0,Cock Salsa,Non-Starter,Kirk Cousins,Atl,QB
5,1.95,Cock Salsa,Non-Starter,Bryce Brown,Buf,RB|W/R/T
5,0.1,Cock Salsa,Non-Starter,Johnathan Franklin,GB,RB|W/R/T
5,6.0,Cock Salsa,Starter,Chicago Bears,Chi,DEF
5,2.0,Cock Salsa,Non-Starter,Dallas,Dal,DEF
6,5.56,Cock Salsa,Starter,Eli Manning,NYG,QB
6,4.85,Cock Salsa,Starter,Dez Bryant,Bal,WR|W/R/T
6,10.05,Cock Salsa,Starter,Reggie Wayne,Ind,WR|W/R/T
6,5.65,Cock Salsa,Starter,Ray Rice,Bal,RB|W/R/T
6,13.9,Cock Salsa,Starter,Maurice Jones-Drew,LV,RB|W/R/T
6,0.0,Cock Salsa,Starter,Zach Sudfeld,NYJ,TE|W/R/T
6,15.45,Cock Salsa,Starter,Denarius Moore,Buf,WR|W/R/T
6,0.0,Cock Salsa,Non-Starter,Mike Wallace,Phi,WR|W/R/T
6,17.95,Cock Salsa,Non-Starter,Kyle Rudolph,TB,TE|W/R/T
6,0.0,Cock Salsa,Non-Starter,Kirk Cousins,Atl,QB
6,2.0,Cock Salsa,Non-Starter,Bryce Brown,Buf,RB|W/R/T
6,0.65,Cock Salsa,Non-Starter,Johnathan Franklin,GB,RB|W/R/T
6,16.0,Cock Salsa,Starter,Chicago Bears,Chi,DEF
6,16.0,Cock Salsa,Non-Starter,Dallas,Dal,DEF
7,12.5,Cock Salsa,Starter,Eli Manning,NYG,QB
7,13.0,Cock Salsa,Starter,Dez Bryant,Bal,WR|W/R/T
7,6.25,Cock Salsa,Starter,Reggie Wayne,Ind,WR|W/R/T
7,8.2,Cock Salsa,Starter,Ray Rice,Bal,RB|W/R/T
7,6.1,Cock Salsa,Starter,Maurice Jones-Drew,LV,RB|W/R/T
7,3.45,Cock Salsa,Starter,Kyle Rudolph,TB,TE|W/R/T
7,10.05,Cock Salsa,Starter,Mike Wallace,Phi,WR|W/R/T
7,0.0,Cock Salsa,Non-Starter,Zach Sudfeld,NYJ,TE|W/R/T
7,0.0,Cock Salsa,Non-Starter,Denarius Moore,Buf,WR|W/R/T
7,0.4,Cock Salsa,Non-Starter,Bryce Brown,Buf,RB|W/R/T
7,0.6,Cock Salsa,Non-Starter,Johnathan Franklin,GB,RB|W/R/T
7,14.0,Cock Salsa,Non-Starter,Joe Flacco,Cle,QB
7,11.0,Cock Salsa,Starter,Chicago Bears,Chi,DEF
7,21.0,Cock Salsa,Non-Starter,Dallas,Dal,DEF
8,9.74,Cock Salsa,Starter,Eli Manning,NYG,QB
8,20.05,Cock Salsa,Starter,Dez Bryant,Bal,WR|W/R/T
8,3.7,Cock Salsa,Starter,Denarius Moore,Buf,WR|W/R/T
8,13.7,Cock Salsa,Starter,Maurice Jones-Drew,LV,RB|W/R/T
8,3.45,Cock Salsa,Starter,Chris Ogbonnaya,NYG,RB|W/R/T
8,6.1,Cock Salsa,Starter,Kyle Rudolph,TB,TE|W/R/T
8,5.65,Cock Salsa,Starter,Mike Wallace,Phi,WR|W/R/T
8,0.35,Cock Salsa,Non-Starter,Bryce Brown,Buf,RB|W/R/T
8,0.0,Cock Salsa,Non-Starter,Ray Rice,Bal,RB|W/R/T
8,1.5,Cock Salsa,Non-Starter,Zach Sudfeld,NYJ,TE|W/R/T
8,0.0,Cock Salsa,Non-Starter,Johnathan Franklin,GB,RB|W/R/T
8,0.0,Cock Salsa,Non-Starter,Joe Flacco,Cle,QB
8,10.5,Cock Salsa,Starter,Dallas,Dal,DEF
8,0.0,Cock Salsa,Non-Starter,Chicago Bears,Chi,DEF
9,20.5,Cock Salsa,Starter,Joe Flacco,Cle,QB
9,7.9,Cock Salsa,Starter,Dez Bryant,Bal,WR|W/R/T
9,9.45,Cock Salsa,Starter,Denarius Moore,Buf,WR|W/R/T
9,5.15,Cock Salsa,Starter,Chris Ogbonnaya,NYG,RB|W/R/T
9,4.55,Cock Salsa,Starter,Ray Rice,Bal,RB|W/R/T
9,10.0,Cock Salsa,Starter,Kyle Rudolph,TB,TE|W/R/T
9,9.7,Cock Salsa,Starter,Mike Wallace,Phi,WR|W/R/T
9,0.0,Cock Salsa,Non-Starter,Eli Manning,NYG,QB
9,0.0,Cock Salsa,Non-Starter,Maurice Jones-Drew,LV,RB|W/R/T
9,6.25,Cock Salsa,Non-Starter,Bryce Brown,Buf,RB|W/R/T
9,5.1,Cock Salsa,Non-Starter,Zach Sudfeld,NYJ,TE|W/R/T
9,0.0,Cock Salsa,Non-Starter,Johnathan Franklin,GB,RB|W/R/T
9,12.0,Cock Salsa,Starter,Chicago Bears,Chi,DEF
9,14.5,Cock Salsa,Non-Starter,Dallas,Dal,DEF
10,8.0,Cock Salsa,Starter,Joe Flacco,Cle,QB
10,4.65,Cock Salsa,Starter,Dez Bryant,Bal,WR|W/R/T
10,5.25,Cock Salsa,Starter,Denarius Moore,Buf,WR|W/R/T
10,7.1,Cock Salsa,Starter,Ray Rice,Bal,RB|W/R/T
10,14.4,Cock Salsa,Starter,Maurice Jones-Drew,LV,RB|W/R/T
10,0.95,Cock Salsa,Starter,Brent Celek,Phi,TE|W/R/T
10,2.5,Cock Salsa,Starter,Mike Wallace,Phi,WR|W/R/T
10,0.0,Cock Salsa,Non-Starter,Chris Ogbonnaya,NYG,RB|W/R/T
10,0.0,Cock Salsa,Non-Starter,Kyle Rudolph,TB,TE|W/R/T
10,5.3,Cock Salsa,Non-Starter,Eli Manning,NYG,QB
10,1.1,Cock Salsa,Non-Starter,Bryce Brown,Buf,RB|W/R/T
10,0.0,Cock Salsa,Non-Starter,Johnathan Franklin,GB,RB|W/R/T
10,4.5,Cock Salsa,Starter,Chicago Bears,Chi,DEF
10,1.0,Cock Salsa,Non-Starter,Dallas,Dal,DEF
11,6.48,Cock Salsa,Starter,Joe Flacco,Cle,QB
11,7.6,Cock Salsa,Starter,Denarius Moore,Buf,WR|W/R/T
11,4.9,Cock Salsa,Starter,Mike Wallace,Phi,WR|W/R/T
11,21.55,Cock Salsa,Starter,Ray Rice,Bal,RB|W/R/T
11,10.5,Cock Salsa,Starter,Maurice Jones-Drew,LV,RB|W/R/T
11,4.45,Cock Salsa,Starter,Brent Celek,Phi,TE|W/R/T
11,0.0,Cock Salsa,Starter,Johnathan Franklin,GB,RB|W/R/T
11,0.0,Cock Salsa,Non-Starter,Dez Bryant,Bal,WR|W/R/T
11,9.4,Cock Salsa,Non-Starter,Chris Ogbonnaya,NYG,RB|W/R/T
11,0.0,Cock Salsa,Non-Starter,Kyle Rudolph,TB,TE|W/R/T
11,13.46,Cock Salsa,Non-Starter,Eli Manning,NYG,QB
11,3.5,Cock Salsa,Non-Starter,Bryce Brown,Buf,RB|W/R/T
11,19.5,Cock Salsa,Starter,Chicago Bears,Chi,DEF
11,0.0,Cock Salsa,Non-Starter,Dallas,Dal,DEF
12,12.92,Cock Salsa,Starter,Joe Flacco,Cle,QB
12,19.95,Cock Salsa,Starter,Mike Wallace,Phi,WR|W/R/T
12,10.85,Cock Salsa,Starter,Dez Bryant,Bal,WR|W/R/T
12,2.95,Cock Salsa,Starter,Ray Rice,Bal,RB|W/R/T
12,21.9,Cock Salsa,Starter,Maurice Jones-Drew,LV,RB|W/R/T
12,0.0,Cock Salsa,Starter,Brent Celek,Phi,TE|W/R/T
12,0.0,Cock Salsa,Starter,Johnathan Franklin,GB,RB|W/R/T
12,0.0,Cock Salsa,Non-Starter,Denarius Moore,Buf,WR|W/R/T
12,2.6,Cock Salsa,Non-Starter,Chris Ogbonnaya,NYG,RB|W/R/T
12,0.0,Cock Salsa,Non-Starter,Kyle Rudolph,TB,TE|W/R/T
12,14.96,Cock Salsa,Non-Starter,Eli Manning,NYG,QB
12,0.0,Cock Salsa,Non-Starter,Bryce Brown,Buf,RB|W/R/T
12,0.0,Cock Salsa,Starter,Chicago Bears,Chi,DEF
12,13.5,Cock Salsa,Non-Starter,Dallas,Dal,DEF
13,14.74,Cock Salsa,Starter,Joe Flacco,Cle,QB
13,15.95,Cock Salsa,Starter,Mike Wallace,Phi,WR|W/R/T
13,13.85,Cock Salsa,Starter,Dez Bryant,Bal,WR|W/R/T
13,8.5,Cock Salsa,Starter,Ray Rice,Bal,RB|W/R/T
13,12.92,Cock Salsa,Starter,Maurice Jones-Drew,LV,RB|W/R/T
13,5.65,Cock Salsa,Starter,Jared Cook,LAC,TE|W/R/T
13,0.0,Cock Salsa,Starter,Johnathan Franklin,GB,RB|W/R/T
13,0.0,Cock Salsa,Non-Starter,Kyle Rudolph,TB,TE|W/R/T
13,0.0,Cock Salsa,Non-Starter,Denarius Moore,Buf,WR|W/R/T
13,3.9,Cock Salsa,Non-Starter,Chris Ogbonnaya,NYG,RB|W/R/T
13,11.4,Cock Salsa,Non-Starter,Eli Manning,NYG,QB
13,0.4,Cock Salsa,Non-Starter,Bryce Brown,Buf,RB|W/R/T
13,10.5,Cock Salsa,Starter,Chicago Bears,Chi,DEF
13,7.5,Cock Salsa,Non-Starter,Dallas,Dal,DEF
