1,22.46,imdrunkrightnow,Starter,Peyton Manning,Den,QB
1,19.55,imdrunkrightnow,Starter,Cordarrelle Patterson,Pit,WR|W/R/T
1,4.65,imdrunkrightnow,Starter,Tavon Austin,Buf,WR|W/R/T
1,9.8,imdrunkrightnow,Starter,Adrian Peterson,Sea,RB|W/R/T
1,12.5,imdrunkrightnow,Starter,Giovani Bernard,TB,RB|W/R/T
1,15.0,imdrunkrightnow,Starter,Martellus Bennett,GB,TE|W/R/T
1,10.4,imdrunkrightnow,Starter,Pierre Thomas,SF,RB|W/R/T
1,2.1,imdrunkrightnow,Non-Starter,Andre Caldwell,Den,WR|W/R/T
1,10.85,imdrunkrightnow,Non-Starter,Hakeem Nicks,NYG,WR|W/R/T
1,0.9,imdrunkrightnow,Non-Starter,Andre Williams,LAC,RB|W/R/T
1,3.9,imdrunkrightnow,Non-Starter,Riley Cooper,Phi,WR|W/R/T
1,8.0,imdrunkrightnow,Starter,New York Jets,NYJ,DEF
1,28.5,imdrunkrightnow,Non-Starter,Houston,Hou,DEF
2,21.58,imdrunkrightnow,Starter,Peyton Manning,Den,QB
2,6.6,imdrunkrightnow,Starter,Cordarrelle Patterson,Pit,WR|W/R/T
2,0.0,imdrunkrightnow,Starter,Andre Caldwell,Den,WR|W/R/T
2,24.15,imdrunkrightnow,Starter,Giovani Bernard,TB,RB|W/R/T
2,3.95,imdrunkrightnow,Starter,Pierre Thomas,SF,RB|W/R/T
2,11.45,imdrunkrightnow,Starter,Martellus Bennett,GB,TE|W/R/T
2,-0.15,imdrunkrightnow,Starter,Hakeem Nicks,NYG,WR|W/R/T
2,0.0,imdrunkrightnow,Non-Starter,Adrian Peterson,Sea,RB|W/R/T
2,2.4,imdrunkrightnow,Non-Starter,Andre Williams,LAC,RB|W/R/T
2,1.05,imdrunkrightnow,Non-Starter,Riley Cooper,Phi,WR|W/R/T
2,7.25,imdrunkrightnow,Non-Starter,Markus Wheaton,Phi,WR|W/R/T
2,11.5,imdrunkrightnow,Starter,Houston,Hou,DEF
2,7.5,imdrunkrightnow,Non-Starter,New York Jets,NYJ,DEF
3,20.02,imdrunkrightnow,Starter,Peyton Manning,Den,QB
3,6.4,imdrunkrightnow,Starter,Cordarrelle Patterson,Pit,WR|W/R/T
3,4.5,imdrunkrightnow,Starter,Markus Wheaton,Phi,WR|W/R/T
3,17.65,imdrunkrightnow,Starter,Giovani Bernard,TB,RB|W/R/T
3,11.85,imdrunkrightnow,Starter,Pierre Thomas,SF,RB|W/R/T
3,18.65,imdrunkrightnow,Starter,Martellus Bennett,GB,TE|W/R/T
3,4.4,imdrunkrightnow,Starter,Riley Cooper,Phi,WR|W/R/T
3,12.0,imdrunkrightnow,Non-Starter,Hakeem Nicks,NYG,WR|W/R/T
3,0.0,imdrunkrightnow,Non-Starter,Adrian Peterson,Sea,RB|W/R/T
3,1.8,imdrunkrightnow,Non-Starter,Andre Williams,LAC,RB|W/R/T
3,11.35,imdrunkrightnow,Non-Starter,Steve Smith,Bal,WR|W/R/T
3,11.5,imdrunkrightnow,Non-Starter,Isaiah Crowell,LV,RB|W/R/T
3,4.5,imdrunkrightnow,Starter,Houston,Hou,DEF
4,32.1,imdrunkrightnow,Starter,Eli Manning,NYG,QB
4,4.3,imdrunkrightnow,Starter,Cordarrelle Patterson,Pit,WR|W/R/T
4,6.0,imdrunkrightnow,Starter,Markus Wheaton,Phi,WR|W/R/T
4,2.8,imdrunkrightnow,Starter,Pierre Thomas,SF,RB|W/R/T
4,6.6,imdrunkrightnow,Starter,Branden Oliver,LAC,RB|W/R/T
4,15.65,imdrunkrightnow,Starter,Martellus Bennett,GB,TE|W/R/T
4,27.65,imdrunkrightnow,Starter,Steve Smith,Bal,WR|W/R/T
4,0.0,imdrunkrightnow,Non-Starter,Giovani Bernard,TB,RB|W/R/T
4,0.0,imdrunkrightnow,Non-Starter,Peyton Manning,Den,QB
4,1.7,imdrunkrightnow,Non-Starter,Hakeem Nicks,NYG,WR|W/R/T
4,0.0,imdrunkrightnow,Non-Starter,Adrian Peterson,Sea,RB|W/R/T
4,0.0,imdrunkrightnow,Non-Starter,Isaiah Crowell,LV,RB|W/R/T
4,18.0,imdrunkrightnow,Starter,Houston,Hou,DEF
5,30.96,imdrunkrightnow,Starter,Peyton Manning,Den,QB
5,1.3,imdrunkrightnow,Starter,Cordarrelle Patterson,Pit,WR|W/R/T
5,1.95,imdrunkrightnow,Starter,Markus Wheaton,Phi,WR|W/R/T
5,25.2,imdrunkrightnow,Starter,Pierre Thomas,SF,RB|W/R/T
5,7.7,imdrunkrightnow,Starter,Giovani Bernard,TB,RB|W/R/T
5,2.45,imdrunkrightnow,Starter,Martellus Bennett,GB,TE|W/R/T
5,2.65,imdrunkrightnow,Starter,Steve Smith,Bal,WR|W/R/T
5,15.7,imdrunkrightnow,Non-Starter,Eli Manning,NYG,QB
5,31.2,imdrunkrightnow,Non-Starter,Branden Oliver,LAC,RB|W/R/T
5,3.65,imdrunkrightnow,Non-Starter,Hakeem Nicks,NYG,WR|W/R/T
5,0.0,imdrunkrightnow,Non-Starter,Adrian Peterson,Sea,RB|W/R/T
5,1.9,imdrunkrightnow,Non-Starter,Isaiah Crowell,LV,RB|W/R/T
5,11.0,imdrunkrightnow,Starter,Houston,Hou,DEF
6,21.48,imdrunkrightnow,Starter,Peyton Manning,Den,QB
6,2.2,imdrunkrightnow,Starter,Cordarrelle Patterson,Pit,WR|W/R/T
6,4.3,imdrunkrightnow,Starter,Markus Wheaton,Phi,WR|W/R/T
6,22.7,imdrunkrightnow,Starter,Giovani Bernard,TB,RB|W/R/T
6,19.4,imdrunkrightnow,Starter,Branden Oliver,LAC,RB|W/R/T
6,8.2,imdrunkrightnow,Starter,Martellus Bennett,GB,TE|W/R/T
6,18.25,imdrunkrightnow,Starter,Steve Smith,Bal,WR|W/R/T
6,0.0,imdrunkrightnow,Non-Starter,Pierre Thomas,SF,RB|W/R/T
6,6.34,imdrunkrightnow,Non-Starter,Eli Manning,NYG,QB
6,2.3,imdrunkrightnow,Non-Starter,Hakeem Nicks,NYG,WR|W/R/T
6,0.0,imdrunkrightnow,Non-Starter,Adrian Peterson,Sea,RB|W/R/T
6,11.7,imdrunkrightnow,Non-Starter,Isaiah Crowell,LV,RB|W/R/T
6,16.0,imdrunkrightnow,Starter,Houston,Hou,DEF
7,28.62,imdrunkrightnow,Starter,Peyton Manning,Den,QB
7,7.7,imdrunkrightnow,Starter,Cordarrelle Patterson,Pit,WR|W/R/T
7,7.45,imdrunkrightnow,Starter,Steve Smith,Bal,WR|W/R/T
7,2.1,imdrunkrightnow,Starter,Giovani Bernard,TB,RB|W/R/T
7,8.3,imdrunkrightnow,Starter,Branden Oliver,LAC,RB|W/R/T
7,7.05,imdrunkrightnow,Starter,Martellus Bennett,GB,TE|W/R/T
7,2.55,imdrunkrightnow,Starter,Isaiah Crowell,LV,RB|W/R/T
7,0.0,imdrunkrightnow,Non-Starter,Markus Wheaton,Phi,WR|W/R/T
7,4.0,imdrunkrightnow,Non-Starter,Pierre Thomas,SF,RB|W/R/T
7,23.02,imdrunkrightnow,Non-Starter,Eli Manning,NYG,QB
7,0.0,imdrunkrightnow,Non-Starter,Hakeem Nicks,NYG,WR|W/R/T
7,0.0,imdrunkrightnow,Non-Starter,Adrian Peterson,Sea,RB|W/R/T
7,7.0,imdrunkrightnow,Starter,Houston,Hou,DEF
8,23.44,imdrunkrightnow,Starter,Peyton Manning,Den,QB
8,11.1,imdrunkrightnow,Starter,Cordarrelle Patterson,Pit,WR|W/R/T
8,4.25,imdrunkrightnow,Starter,Steve Smith,Bal,WR|W/R/T
8,11.2,imdrunkrightnow,Starter,Giovani Bernard,TB,RB|W/R/T
8,8.05,imdrunkrightnow,Starter,Branden Oliver,LAC,RB|W/R/T
8,17.0,imdrunkrightnow,Starter,Martellus Bennett,GB,TE|W/R/T
8,1.15,imdrunkrightnow,Starter,Isaiah Crowell,LV,RB|W/R/T
8,12.85,imdrunkrightnow,Non-Starter,Markus Wheaton,Phi,WR|W/R/T
8,0.0,imdrunkrightnow,Non-Starter,Pierre Thomas,SF,RB|W/R/T
8,0.0,imdrunkrightnow,Non-Starter,Eli Manning,NYG,QB
8,2.95,imdrunkrightnow,Non-Starter,Hakeem Nicks,NYG,WR|W/R/T
8,0.0,imdrunkrightnow,Non-Starter,Adrian Peterson,Sea,RB|W/R/T
8,10.5,imdrunkrightnow,Starter,Houston,Hou,DEF
9,21.82,imdrunkrightnow,Starter,Peyton Manning,Den,QB
9,1.15,imdrunkrightnow,Starter,Cordarrelle Patterson,Pit,WR|W/R/T
9,4.85,imdrunkrightnow,Starter,Steve Smith,Bal,WR|W/R/T
9,2.85,imdrunkrightnow,Starter,Branden Oliver,LAC,RB|W/R/T
9,0.0,imdrunkrightnow,Starter,Isaiah Crowell,LV,RB|W/R/T
9,1.7,imdrunkrightnow,Starter,Jared Cook,LAC,TE|W/R/T
9,13.1,imdrunkrightnow,Starter,Markus Wheaton,Phi,WR|W/R/T
9,0.0,imdrunkrightnow,Non-Starter,Giovani Bernard,TB,RB|W/R/T
9,0.0,imdrunkrightnow,Non-Starter,Martellus Bennett,GB,TE|W/R/T
9,0.0,imdrunkrightnow,Non-Starter,Pierre Thomas,SF,RB|W/R/T
9,22.16,imdrunkrightnow,Non-Starter,Eli Manning,NYG,QB
9,0.0,imdrunkrightnow,Non-Starter,Adrian Peterson,Sea,RB|W/R/T
9,19.0,imdrunkrightnow,Starter,Houston,Hou,DEF
10,29.6,imdrunkrightnow,Starter,Peyton Manning,Den,QB
10,2.45,imdrunkrightnow,Starter,Steve Smith,Bal,WR|W/R/T
10,5.1,imdrunkrightnow,Starter,Markus Wheaton,Phi,WR|W/R/T
10,3.55,imdrunkrightnow,Starter,DeAngelo Williams,Pit,RB|W/R/T
10,10.3,imdrunkrightnow,Starter,Andre Williams,LAC,RB|W/R/T
10,5.0,imdrunkrightnow,Starter,Martellus Bennett,GB,TE|W/R/T
10,1.95,imdrunkrightnow,Starter,Justin Hunter,Pit,WR|W/R/T
10,0.0,imdrunkrightnow,Non-Starter,Pierre Thomas,SF,RB|W/R/T
10,0.0,imdrunkrightnow,Non-Starter,Branden Oliver,LAC,RB|W/R/T
10,0.0,imdrunkrightnow,Non-Starter,Cordarrelle Patterson,Pit,WR|W/R/T
10,0.0,imdrunkrightnow,Non-Starter,Giovani Bernard,TB,RB|W/R/T
10,0.0,imdrunkrightnow,Non-Starter,Adrian Peterson,Sea,RB|W/R/T
10,14.0,imdrunkrightnow,Starter,Atlanta Falcons,Atl,DEF
11,15.46,imdrunkrightnow,Starter,Peyton Manning,Den,QB
11,5.3,imdrunkrightnow,Starter,Justin Hunter,Pit,WR|W/R/T
11,3.2,imdrunkrightnow,Starter,Cordarrelle Patterson,Pit,WR|W/R/T
11,4.05,imdrunkrightnow,Starter,DeAngelo Williams,Pit,RB|W/R/T
11,0.85,imdrunkrightnow,Starter,Andre Williams,LAC,RB|W/R/T
11,3.9,imdrunkrightnow,Starter,Martellus Bennett,GB,TE|W/R/T
11,4.15,imdrunkrightnow,Starter,Branden Oliver,LAC,RB|W/R/T
11,0.85,imdrunkrightnow,Non-Starter,Markus Wheaton,Phi,WR|W/R/T
11,0.0,imdrunkrightnow,Non-Starter,Steve Smith,Bal,WR|W/R/T
11,0.0,imdrunkrightnow,Non-Starter,Pierre Thomas,SF,RB|W/R/T
11,0.0,imdrunkrightnow,Non-Starter,Giovani Bernard,TB,RB|W/R/T
11,0.0,imdrunkrightnow,Non-Starter,Adrian Peterson,Sea,RB|W/R/T
11,12.0,imdrunkrightnow,Starter,Atlanta Falcons,Atl,DEF
12,28.08,imdrunkrightnow,Starter,Peyton Manning,Den,QB
12,13.4,imdrunkrightnow,Starter,Justin Hunter,Pit,WR|W/R/T
12,2.3,imdrunkrightnow,Starter,Cordarrelle Patterson,Pit,WR|W/R/T
12,5.0,imdrunkrightnow,Starter,Branden Oliver,LAC,RB|W/R/T
12,7.2,imdrunkrightnow,Starter,Giovani Bernard,TB,RB|W/R/T
12,4.7,imdrunkrightnow,Starter,Martellus Bennett,GB,TE|W/R/T
12,15.9,imdrunkrightnow,Starter,Steve Smith,Bal,WR|W/R/T
12,10.95,imdrunkrightnow,Non-Starter,Andre Williams,LAC,RB|W/R/T
12,0.0,imdrunkrightnow,Non-Starter,DeAngelo Williams,Pit,RB|W/R/T
12,0.0,imdrunkrightnow,Non-Starter,Markus Wheaton,Phi,WR|W/R/T
12,7.1,imdrunkrightnow,Non-Starter,Pierre Thomas,SF,RB|W/R/T
12,0.0,imdrunkrightnow,Non-Starter,Adrian Peterson,Sea,RB|W/R/T
12,12.5,imdrunkrightnow,Starter,Cincinnati Bengals,Cin,DEF
13,12.56,imdrunkrightnow,Starter,Peyton Manning,Den,QB
13,2.05,imdrunkrightnow,Starter,Justin Hunter,Pit,WR|W/R/T
13,0.0,imdrunkrightnow,Starter,Cordarrelle Patterson,Pit,WR|W/R/T
13,5.55,imdrunkrightnow,Starter,Giovani Bernard,TB,RB|W/R/T
13,4.2,imdrunkrightnow,Starter,Pierre Thomas,SF,RB|W/R/T
13,12.9,imdrunkrightnow,Starter,Martellus Bennett,GB,TE|W/R/T
13,0.45,imdrunkrightnow,Starter,Steve Smith,Bal,WR|W/R/T
13,0.7,imdrunkrightnow,Non-Starter,Branden Oliver,LAC,RB|W/R/T
13,4.2,imdrunkrightnow,Non-Starter,Andre Williams,LAC,RB|W/R/T
13,2.1,imdrunkrightnow,Non-Starter,DeAngelo Williams,Pit,RB|W/R/T
13,7.35,imdrunkrightnow,Non-Starter,Markus Wheaton,Phi,WR|W/R/T
13,0.0,imdrunkrightnow,Non-Starter,Adrian Peterson,Sea,RB|W/R/T
13,11.5,imdrunkrightnow,Starter,Cincinnati Bengals,Cin,DEF
14,2.72,imdrunkrightnow,Starter,Peyton Manning,Den,QB
14,14.75,imdrunkrightnow,Starter,Steve Smith,Bal,WR|W/R/T
14,3.6,imdrunkrightnow,Starter,Markus Wheaton,Phi,WR|W/R/T
14,4.35,imdrunkrightnow,Starter,Giovani Bernard,TB,RB|W/R/T
14,6.2,imdrunkrightnow,Starter,Pierre Thomas,SF,RB|W/R/T
14,17.4,imdrunkrightnow,Starter,Martellus Bennett,GB,TE|W/R/T
14,21.45,imdrunkrightnow,Starter,Andre Williams,LAC,RB|W/R/T
14,-1.4,imdrunkrightnow,Non-Starter,Cordarrelle Patterson,Pit,WR|W/R/T
14,0.0,imdrunkrightnow,Non-Starter,Justin Hunter,Pit,WR|W/R/T
14,0.1,imdrunkrightnow,Non-Starter,Branden Oliver,LAC,RB|W/R/T
14,0.0,imdrunkrightnow,Non-Starter,DeAngelo Williams,Pit,RB|W/R/T
14,0.0,imdrunkrightnow,Non-Starter,Adrian Peterson,Sea,RB|W/R/T
14,-2.0,imdrunkrightnow,Starter,Cincinnati Bengals,Cin,DEF
15,13.02,imdrunkrightnow,Starter,Peyton Manning,Den,QB
15,4.95,imdrunkrightnow,Starter,Steve Smith,Bal,WR|W/R/T
15,7.85,imdrunkrightnow,Starter,Markus Wheaton,Phi,WR|W/R/T
15,11.05,imdrunkrightnow,Starter,Giovani Bernard,TB,RB|W/R/T
15,10.65,imdrunkrightnow,Starter,Pierre Thomas,SF,RB|W/R/T
15,6.6,imdrunkrightnow,Starter,Martellus Bennett,GB,TE|W/R/T
15,5.55,imdrunkrightnow,Starter,Andre Williams,LAC,RB|W/R/T
15,2.1,imdrunkrightnow,Non-Starter,Cordarrelle Patterson,Pit,WR|W/R/T
15,0.0,imdrunkrightnow,Non-Starter,Justin Hunter,Pit,WR|W/R/T
15,8.0,imdrunkrightnow,Non-Starter,Branden Oliver,LAC,RB|W/R/T
15,0.0,imdrunkrightnow,Non-Starter,DeAngelo Williams,Pit,RB|W/R/T
15,0.0,imdrunkrightnow,Non-Starter,Adrian Peterson,Sea,RB|W/R/T
15,23.0,imdrunkrightnow,Starter,Cincinnati Bengals,Cin,DEF
1,26.7,AirBudGoldenReceiver,Starter,Andrew Luck,Ind,QB
1,30.15,AirBudGoldenReceiver,Starter,Calvin Johnson,Det,WR|W/R/T
1,10.2,AirBudGoldenReceiver,Starter,Pierre Garcon,SF,WR|W/R/T
1,27.2,AirBudGoldenReceiver,Starter,Le'Veon Bell,TB,RB|W/R/T
1,15.5,AirBudGoldenReceiver,Starter,Darren Sproles,Phi,RB|W/R/T
1,8.1,AirBudGoldenReceiver,Starter,Kyle Rudolph,TB,TE|W/R/T
1,2.9,AirBudGoldenReceiver,Starter,Victor Cruz,NYG,WR|W/R/T
1,12.52,AirBudGoldenReceiver,Non-Starter,Philip Rivers,Ind,QB
1,1.35,AirBudGoldenReceiver,Non-Starter,Danny Woodhead,Bal,RB|W/R/T
1,15.9,AirBudGoldenReceiver,Non-Starter,DeAndre Hopkins,Bal,WR|W/R/T
1,0.0,AirBudGoldenReceiver,Non-Starter,Tre Mason,LAR,RB|W/R/T
1,4.45,AirBudGoldenReceiver,Non-Starter,Tyler Eifert,Jax,TE|W/R/T
1,7.0,AirBudGoldenReceiver,Starter,Kansas City Chiefs,KC,DEF
2,18.88,AirBudGoldenReceiver,Starter,Andrew Luck,Ind,QB
2,9.8,AirBudGoldenReceiver,Starter,Calvin Johnson,Det,WR|W/R/T
2,1.45,AirBudGoldenReceiver,Starter,Pierre Garcon,SF,WR|W/R/T
2,11.95,AirBudGoldenReceiver,Starter,Le'Veon Bell,TB,RB|W/R/T
2,18.15,AirBudGoldenReceiver,Starter,Bobby Rainey,Bal,RB|W/R/T
2,6.55,AirBudGoldenReceiver,Starter,Kyle Rudolph,TB,TE|W/R/T
2,7.25,AirBudGoldenReceiver,Starter,Victor Cruz,NYG,WR|W/R/T
2,25.55,AirBudGoldenReceiver,Non-Starter,Darren Sproles,Phi,RB|W/R/T
2,25.06,AirBudGoldenReceiver,Non-Starter,Philip Rivers,Ind,QB
2,7.0,AirBudGoldenReceiver,Non-Starter,Danny Woodhead,Bal,RB|W/R/T
2,8.95,AirBudGoldenReceiver,Non-Starter,DeAndre Hopkins,Bal,WR|W/R/T
2,9.85,AirBudGoldenReceiver,Non-Starter,Larry Donnell,NYG,TE|W/R/T
2,4.0,AirBudGoldenReceiver,Starter,Kansas City Chiefs,KC,DEF
3,32.3,AirBudGoldenReceiver,Starter,Andrew Luck,Ind,QB
3,9.7,AirBudGoldenReceiver,Starter,Calvin Johnson,Det,WR|W/R/T
3,22.55,AirBudGoldenReceiver,Starter,Pierre Garcon,SF,WR|W/R/T
3,16.2,AirBudGoldenReceiver,Starter,Le'Veon Bell,TB,RB|W/R/T
3,3.75,AirBudGoldenReceiver,Starter,Darren Sproles,Phi,RB|W/R/T
3,3.45,AirBudGoldenReceiver,Starter,Kyle Rudolph,TB,TE|W/R/T
3,8.25,AirBudGoldenReceiver,Starter,Bobby Rainey,Bal,RB|W/R/T
3,17.95,AirBudGoldenReceiver,Non-Starter,Victor Cruz,NYG,WR|W/R/T
3,19.14,AirBudGoldenReceiver,Non-Starter,Philip Rivers,Ind,QB
3,0.1,AirBudGoldenReceiver,Non-Starter,Danny Woodhead,Bal,RB|W/R/T
3,13.1,AirBudGoldenReceiver,Non-Starter,DeAndre Hopkins,Bal,WR|W/R/T
3,4.0,AirBudGoldenReceiver,Non-Starter,Larry Donnell,NYG,TE|W/R/T
3,10.0,AirBudGoldenReceiver,Starter,Kansas City Chiefs,KC,DEF
4,29.62,AirBudGoldenReceiver,Starter,Andrew Luck,Ind,QB
4,3.3,AirBudGoldenReceiver,Starter,Pierre Garcon,SF,WR|W/R/T
4,12.3,AirBudGoldenReceiver,Starter,Victor Cruz,NYG,WR|W/R/T
4,12.4,AirBudGoldenReceiver,Starter,Le'Veon Bell,TB,RB|W/R/T
4,7.1,AirBudGoldenReceiver,Starter,Darren Sproles,Phi,RB|W/R/T
4,25.15,AirBudGoldenReceiver,Starter,Larry Donnell,NYG,TE|W/R/T
4,1.7,AirBudGoldenReceiver,Starter,Calvin Johnson,Det,WR|W/R/T
4,0.0,AirBudGoldenReceiver,Non-Starter,Kyle Rudolph,TB,TE|W/R/T
4,2.05,AirBudGoldenReceiver,Non-Starter,Bobby Rainey,Bal,RB|W/R/T
4,27.08,AirBudGoldenReceiver,Non-Starter,Philip Rivers,Ind,QB
4,13.65,AirBudGoldenReceiver,Non-Starter,DeAndre Hopkins,Bal,WR|W/R/T
4,0.0,AirBudGoldenReceiver,Non-Starter,Benny Cunningham,Chi,RB|W/R/T
4,18.0,AirBudGoldenReceiver,Starter,Kansas City Chiefs,KC,DEF
5,20.68,AirBudGoldenReceiver,Starter,Andrew Luck,Ind,QB
5,2.8,AirBudGoldenReceiver,Starter,Pierre Garcon,SF,WR|W/R/T
5,2.95,AirBudGoldenReceiver,Starter,Victor Cruz,NYG,WR|W/R/T
5,13.05,AirBudGoldenReceiver,Starter,Le'Veon Bell,TB,RB|W/R/T
5,5.1,AirBudGoldenReceiver,Starter,Darren Sproles,Phi,RB|W/R/T
5,0.0,AirBudGoldenReceiver,Starter,Larry Donnell,NYG,TE|W/R/T
5,0.95,AirBudGoldenReceiver,Starter,Calvin Johnson,Det,WR|W/R/T
5,0.0,AirBudGoldenReceiver,Non-Starter,Kyle Rudolph,TB,TE|W/R/T
5,10.95,AirBudGoldenReceiver,Non-Starter,Bobby Rainey,Bal,RB|W/R/T
5,21.82,AirBudGoldenReceiver,Non-Starter,Philip Rivers,Ind,QB
5,7.8,AirBudGoldenReceiver,Non-Starter,DeAndre Hopkins,Bal,WR|W/R/T
5,13.85,AirBudGoldenReceiver,Non-Starter,Benny Cunningham,Chi,RB|W/R/T
5,7.5,AirBudGoldenReceiver,Starter,Kansas City Chiefs,KC,DEF
6,24.6,AirBudGoldenReceiver,Starter,Andrew Luck,Ind,QB
6,10.1,AirBudGoldenReceiver,Starter,Pierre Garcon,SF,WR|W/R/T
6,2.1,AirBudGoldenReceiver,Starter,Victor Cruz,NYG,WR|W/R/T
6,11.5,AirBudGoldenReceiver,Starter,Le'Veon Bell,TB,RB|W/R/T
6,9.9,AirBudGoldenReceiver,Starter,Darren Sproles,Phi,RB|W/R/T
6,0.85,AirBudGoldenReceiver,Starter,Larry Donnell,NYG,TE|W/R/T
6,1.45,AirBudGoldenReceiver,Starter,DeAndre Hopkins,Bal,WR|W/R/T
6,0.0,AirBudGoldenReceiver,Non-Starter,Calvin Johnson,Det,WR|W/R/T
6,0.0,AirBudGoldenReceiver,Non-Starter,Kyle Rudolph,TB,TE|W/R/T
6,4.2,AirBudGoldenReceiver,Non-Starter,Bobby Rainey,Bal,RB|W/R/T
6,25.82,AirBudGoldenReceiver,Non-Starter,Philip Rivers,Ind,QB
6,9.8,AirBudGoldenReceiver,Non-Starter,Benny Cunningham,Chi,RB|W/R/T
6,13.5,AirBudGoldenReceiver,Starter,Indianapolis Colts,Ind,DEF
7,20.26,AirBudGoldenReceiver,Starter,Andrew Luck,Ind,QB
7,15.95,AirBudGoldenReceiver,Starter,Pierre Garcon,SF,WR|W/R/T
7,10.3,AirBudGoldenReceiver,Starter,DeAndre Hopkins,Bal,WR|W/R/T
7,22.5,AirBudGoldenReceiver,Starter,Le'Veon Bell,TB,RB|W/R/T
7,12.15,AirBudGoldenReceiver,Starter,Benny Cunningham,Chi,RB|W/R/T
7,6.75,AirBudGoldenReceiver,Starter,Larry Donnell,NYG,TE|W/R/T
7,5.75,AirBudGoldenReceiver,Starter,Malcom Floyd,LAC,WR|W/R/T
7,0.0,AirBudGoldenReceiver,Non-Starter,Calvin Johnson,Det,WR|W/R/T
7,0.0,AirBudGoldenReceiver,Non-Starter,Darren Sproles,Phi,RB|W/R/T
7,0.0,AirBudGoldenReceiver,Non-Starter,Kyle Rudolph,TB,TE|W/R/T
7,0.0,AirBudGoldenReceiver,Non-Starter,Bobby Rainey,Bal,RB|W/R/T
7,14.2,AirBudGoldenReceiver,Non-Starter,Philip Rivers,Ind,QB
7,22.0,AirBudGoldenReceiver,Starter,Indianapolis Colts,Ind,DEF
8,24.6,AirBudGoldenReceiver,Starter,Andrew Luck,Ind,QB
8,5.7,AirBudGoldenReceiver,Starter,Pierre Garcon,SF,WR|W/R/T
8,10.75,AirBudGoldenReceiver,Starter,DeAndre Hopkins,Bal,WR|W/R/T
8,16.3,AirBudGoldenReceiver,Starter,Le'Veon Bell,TB,RB|W/R/T
8,3.55,AirBudGoldenReceiver,Starter,Tre Mason,LAR,RB|W/R/T
8,0.65,AirBudGoldenReceiver,Starter,Coby Fleener,NO,TE|W/R/T
8,8.1,AirBudGoldenReceiver,Starter,Bobby Rainey,Bal,RB|W/R/T
8,0.0,AirBudGoldenReceiver,Non-Starter,Larry Donnell,NYG,TE|W/R/T
8,3.75,AirBudGoldenReceiver,Non-Starter,Benny Cunningham,Chi,RB|W/R/T
8,0.0,AirBudGoldenReceiver,Non-Starter,Calvin Johnson,Det,WR|W/R/T
8,0.0,AirBudGoldenReceiver,Non-Starter,Darren Sproles,Phi,RB|W/R/T
8,19.78,AirBudGoldenReceiver,Non-Starter,Philip Rivers,Ind,QB
8,4.0,AirBudGoldenReceiver,Starter,Indianapolis Colts,Ind,DEF
9,30.66,AirBudGoldenReceiver,Starter,Andrew Luck,Ind,QB
9,2.25,AirBudGoldenReceiver,Starter,Pierre Garcon,SF,WR|W/R/T
9,19.0,AirBudGoldenReceiver,Starter,DeAndre Hopkins,Bal,WR|W/R/T
9,13.05,AirBudGoldenReceiver,Starter,Le'Veon Bell,TB,RB|W/R/T
9,5.95,AirBudGoldenReceiver,Starter,Tre Mason,LAR,RB|W/R/T
9,9.5,AirBudGoldenReceiver,Starter,Larry Donnell,NYG,TE|W/R/T
9,12.35,AirBudGoldenReceiver,Starter,Bobby Rainey,Bal,RB|W/R/T
9,7.3,AirBudGoldenReceiver,Non-Starter,Darren Sproles,Phi,RB|W/R/T
9,5.55,AirBudGoldenReceiver,Non-Starter,Benny Cunningham,Chi,RB|W/R/T
9,0.0,AirBudGoldenReceiver,Non-Starter,Calvin Johnson,Det,WR|W/R/T
9,0.0,AirBudGoldenReceiver,Non-Starter,Bishop Sankey,KC,RB|W/R/T
9,15.96,AirBudGoldenReceiver,Non-Starter,Alex Smith,Was,QB
9,10.0,AirBudGoldenReceiver,Starter,Indianapolis Colts,Ind,DEF
10,15.58,AirBudGoldenReceiver,Starter,Alex Smith,Was,QB
10,19.05,AirBudGoldenReceiver,Starter,Calvin Johnson,Det,WR|W/R/T
10,11.3,AirBudGoldenReceiver,Starter,Dwayne Bowe,Cle,WR|W/R/T
10,8.9,AirBudGoldenReceiver,Starter,Le'Veon Bell,TB,RB|W/R/T
10,8.15,AirBudGoldenReceiver,Starter,Bishop Sankey,KC,RB|W/R/T
10,3.6,AirBudGoldenReceiver,Starter,Larry Donnell,NYG,TE|W/R/T
10,6.6,AirBudGoldenReceiver,Starter,Bobby Rainey,Bal,RB|W/R/T
10,9.1,AirBudGoldenReceiver,Non-Starter,Tre Mason,LAR,RB|W/R/T
10,0.0,AirBudGoldenReceiver,Non-Starter,Pierre Garcon,SF,WR|W/R/T
10,0.0,AirBudGoldenReceiver,Non-Starter,Andrew Luck,Ind,QB
10,0.0,AirBudGoldenReceiver,Non-Starter,DeAndre Hopkins,Bal,WR|W/R/T
10,14.35,AirBudGoldenReceiver,Non-Starter,Darren Sproles,Phi,RB|W/R/T
10,21.5,AirBudGoldenReceiver,Starter,Green Bay Packers,GB,DEF
11,19.62,AirBudGoldenReceiver,Starter,Andrew Luck,Ind,QB
11,7.15,AirBudGoldenReceiver,Starter,Calvin Johnson,Det,WR|W/R/T
11,9.0,AirBudGoldenReceiver,Starter,DeAndre Hopkins,Bal,WR|W/R/T
11,28.7,AirBudGoldenReceiver,Starter,Le'Veon Bell,TB,RB|W/R/T
11,10.75,AirBudGoldenReceiver,Starter,Bishop Sankey,KC,RB|W/R/T
11,12.15,AirBudGoldenReceiver,Starter,Larry Donnell,NYG,TE|W/R/T
11,11.65,AirBudGoldenReceiver,Starter,Tre Mason,LAR,RB|W/R/T
11,0.85,AirBudGoldenReceiver,Non-Starter,Pierre Garcon,SF,WR|W/R/T
11,2.3,AirBudGoldenReceiver,Non-Starter,Dwayne Bowe,Cle,WR|W/R/T
11,0.4,AirBudGoldenReceiver,Non-Starter,Bobby Rainey,Bal,RB|W/R/T
11,4.22,AirBudGoldenReceiver,Non-Starter,Alex Smith,Was,QB
11,4.9,AirBudGoldenReceiver,Non-Starter,Darren Sproles,Phi,RB|W/R/T
11,5.0,AirBudGoldenReceiver,Starter,Cleveland Browns,Cle,DEF
12,15.02,AirBudGoldenReceiver,Starter,Andrew Luck,Ind,QB
12,6.8,AirBudGoldenReceiver,Starter,Calvin Johnson,Det,WR|W/R/T
12,5.15,AirBudGoldenReceiver,Starter,DeAndre Hopkins,Bal,WR|W/R/T
12,3.6,AirBudGoldenReceiver,Starter,Bishop Sankey,KC,RB|W/R/T
12,9.05,AirBudGoldenReceiver,Starter,Tre Mason,LAR,RB|W/R/T
12,2.9,AirBudGoldenReceiver,Starter,Larry Donnell,NYG,TE|W/R/T
12,4.15,AirBudGoldenReceiver,Starter,Pierre Garcon,SF,WR|W/R/T
12,0.0,AirBudGoldenReceiver,Non-Starter,Le'Veon Bell,TB,RB|W/R/T
12,4.95,AirBudGoldenReceiver,Non-Starter,Dwayne Bowe,Cle,WR|W/R/T
12,3.1,AirBudGoldenReceiver,Non-Starter,Bobby Rainey,Bal,RB|W/R/T
12,17.86,AirBudGoldenReceiver,Non-Starter,Alex Smith,Was,QB
12,10.65,AirBudGoldenReceiver,Non-Starter,Darren Sproles,Phi,RB|W/R/T
12,8.5,AirBudGoldenReceiver,Starter,Cleveland Browns,Cle,DEF
13,32.8,AirBudGoldenReceiver,Starter,Andrew Luck,Ind,QB
13,29.35,AirBudGoldenReceiver,Starter,Calvin Johnson,Det,WR|W/R/T
13,38.05,AirBudGoldenReceiver,Starter,DeAndre Hopkins,Bal,WR|W/R/T
13,35.15,AirBudGoldenReceiver,Starter,Tre Mason,LAR,RB|W/R/T
13,33.4,AirBudGoldenReceiver,Starter,Le'Veon Bell,TB,RB|W/R/T
13,4.75,AirBudGoldenReceiver,Starter,Larry Donnell,NYG,TE|W/R/T
13,4.2,AirBudGoldenReceiver,Starter,Bishop Sankey,KC,RB|W/R/T
13,1.65,AirBudGoldenReceiver,Non-Starter,Pierre Garcon,SF,WR|W/R/T
13,2.3,AirBudGoldenReceiver,Non-Starter,Dwayne Bowe,Cle,WR|W/R/T
13,12.72,AirBudGoldenReceiver,Non-Starter,Alex Smith,Was,QB
13,3.95,AirBudGoldenReceiver,Non-Starter,Darren Sproles,Phi,RB|W/R/T
13,0.0,AirBudGoldenReceiver,Non-Starter,Jordan Cameron,Mia,TE|W/R/T
13,10.5,AirBudGoldenReceiver,Starter,Cleveland Browns,Cle,DEF
14,21.46,AirBudGoldenReceiver,Starter,Andrew Luck,Ind,QB
14,23.8,AirBudGoldenReceiver,Starter,Calvin Johnson,Det,WR|W/R/T
14,5.9,AirBudGoldenReceiver,Starter,DeAndre Hopkins,Bal,WR|W/R/T
14,6.6,AirBudGoldenReceiver,Starter,Tre Mason,LAR,RB|W/R/T
14,43.0,AirBudGoldenReceiver,Starter,Le'Veon Bell,TB,RB|W/R/T
14,3.8,AirBudGoldenReceiver,Starter,Larry Donnell,NYG,TE|W/R/T
14,3.2,AirBudGoldenReceiver,Starter,Bishop Sankey,KC,RB|W/R/T
14,11.75,AirBudGoldenReceiver,Non-Starter,Pierre Garcon,SF,WR|W/R/T
14,3.4,AirBudGoldenReceiver,Non-Starter,Dwayne Bowe,Cle,WR|W/R/T
14,16.32,AirBudGoldenReceiver,Non-Starter,Alex Smith,Was,QB
14,0.0,AirBudGoldenReceiver,Non-Starter,Darren Sproles,Phi,RB|W/R/T
14,5.1,AirBudGoldenReceiver,Non-Starter,Jordan Cameron,Mia,TE|W/R/T
14,13.0,AirBudGoldenReceiver,Starter,Indianapolis Colts,Ind,DEF
15,13.28,AirBudGoldenReceiver,Starter,Andrew Luck,Ind,QB
15,6.3,AirBudGoldenReceiver,Starter,Calvin Johnson,Det,WR|W/R/T
15,8.95,AirBudGoldenReceiver,Starter,DeAndre Hopkins,Bal,WR|W/R/T
15,1.3,AirBudGoldenReceiver,Starter,Tre Mason,LAR,RB|W/R/T
15,25.15,AirBudGoldenReceiver,Starter,Le'Veon Bell,TB,RB|W/R/T
15,1.6,AirBudGoldenReceiver,Starter,Larry Donnell,NYG,TE|W/R/T
15,2.85,AirBudGoldenReceiver,Starter,Bishop Sankey,KC,RB|W/R/T
15,4.6,AirBudGoldenReceiver,Non-Starter,Pierre Garcon,SF,WR|W/R/T
15,7.65,AirBudGoldenReceiver,Non-Starter,Dwayne Bowe,Cle,WR|W/R/T
15,21.58,AirBudGoldenReceiver,Non-Starter,Alex Smith,Was,QB
15,7.8,AirBudGoldenReceiver,Non-Starter,Darren Sproles,Phi,RB|W/R/T
15,0.65,AirBudGoldenReceiver,Non-Starter,Jordan Cameron,Mia,TE|W/R/T
15,16.0,AirBudGoldenReceiver,Starter,Indianapolis Colts,Ind,DEF
16,0.36,AirBudGoldenReceiver,Starter,Andrew Luck,Ind,QB
16,11.8,AirBudGoldenReceiver,Starter,Calvin Johnson,Det,WR|W/R/T
16,7.1,AirBudGoldenReceiver,Starter,Pierre Garcon,SF,WR|W/R/T
16,14.55,AirBudGoldenReceiver,Starter,Tre Mason,LAR,RB|W/R/T
16,13.45,AirBudGoldenReceiver,Starter,Le'Veon Bell,TB,RB|W/R/T
16,5.2,AirBudGoldenReceiver,Starter,Larry Donnell,NYG,TE|W/R/T
16,5.55,AirBudGoldenReceiver,Starter,Bishop Sankey,KC,RB|W/R/T
16,5.05,AirBudGoldenReceiver,Non-Starter,DeAndre Hopkins,Bal,WR|W/R/T
16,7.2,AirBudGoldenReceiver,Non-Starter,Dwayne Bowe,Cle,WR|W/R/T
16,13.84,AirBudGoldenReceiver,Non-Starter,Alex Smith,Was,QB
16,8.2,AirBudGoldenReceiver,Non-Starter,Darren Sproles,Phi,RB|W/R/T
16,15.55,AirBudGoldenReceiver,Non-Starter,Jordan Cameron,Mia,TE|W/R/T
16,5.0,AirBudGoldenReceiver,Starter,Indianapolis Colts,Ind,DEF
1,21.06,Demaryius Stormborn,Starter,Carson Palmer,Ari,QB
1,6.5,Demaryius Stormborn,Starter,Dez Bryant,Bal,WR|W/R/T
1,21.1,Demaryius Stormborn,Starter,A.J. Green,Ari,WR|W/R/T
1,2.5,Demaryius Stormborn,Starter,Bishop Sankey,KC,RB|W/R/T
1,18.35,Demaryius Stormborn,Starter,Mark Ingram II,NO,RB|W/R/T
1,1.2,Demaryius Stormborn,Starter,Jace Amaro,Ten,TE|W/R/T
1,-0.3,Demaryius Stormborn,Starter,Bernard Pierce,Jax,RB|W/R/T
1,19.4,Demaryius Stormborn,Non-Starter,Knowshon Moreno,Mia,RB|W/R/T
1,12.8,Demaryius Stormborn,Non-Starter,Lamar Miller,NO,RB|W/R/T
1,0.0,Demaryius Stormborn,Non-Starter,Ray Rice,Bal,RB|W/R/T
1,10.0,Demaryius Stormborn,Non-Starter,Terrance West,Bal,RB|W/R/T
1,0.0,Demaryius Stormborn,Non-Starter,Josh Gordon,Ten,WR|W/R/T
1,20.0,Demaryius Stormborn,Starter,Philadelphia Eagles,Phi,DEF
2,10.26,Demaryius Stormborn,Starter,Jake Locker,Ten,QB
2,18.8,Demaryius Stormborn,Starter,Dez Bryant,Bal,WR|W/R/T
2,0.0,Demaryius Stormborn,Starter,A.J. Green,Ari,WR|W/R/T
2,17.15,Demaryius Stormborn,Starter,Mark Ingram II,NO,RB|W/R/T
2,0.4,Demaryius Stormborn,Starter,Knowshon Moreno,Mia,RB|W/R/T
2,22.7,Demaryius Stormborn,Starter,Delanie Walker,Ten,TE|W/R/T
2,15.5,Demaryius Stormborn,Starter,Terrance West,Bal,RB|W/R/T
2,10.55,Demaryius Stormborn,Non-Starter,Bernard Pierce,Jax,RB|W/R/T
2,0.3,Demaryius Stormborn,Non-Starter,Bishop Sankey,KC,RB|W/R/T
2,5.8,Demaryius Stormborn,Non-Starter,Lamar Miller,NO,RB|W/R/T
2,0.0,Demaryius Stormborn,Non-Starter,Josh Gordon,Ten,WR|W/R/T
2,5.95,Demaryius Stormborn,Non-Starter,Isaiah Crowell,LV,RB|W/R/T
2,25.5,Demaryius Stormborn,Starter,Buffalo Bills,Buf,DEF
3,15.92,Demaryius Stormborn,Starter,E.J. Manuel,LV,QB
3,16.4,Demaryius Stormborn,Starter,Dez Bryant,Bal,WR|W/R/T
3,12.7,Demaryius Stormborn,Starter,Brian Quick,Was,WR|W/R/T
3,10.6,Demaryius Stormborn,Starter,Terrance West,Bal,RB|W/R/T
3,14.2,Demaryius Stormborn,Starter,Lamar Miller,NO,RB|W/R/T
3,6.4,Demaryius Stormborn,Starter,Delanie Walker,Ten,TE|W/R/T
3,11.7,Demaryius Stormborn,Starter,A.J. Green,Ari,WR|W/R/T
3,0.0,Demaryius Stormborn,Non-Starter,Bernard Pierce,Jax,RB|W/R/T
3,0.0,Demaryius Stormborn,Non-Starter,Mark Ingram II,NO,RB|W/R/T
3,0.0,Demaryius Stormborn,Non-Starter,Knowshon Moreno,Mia,RB|W/R/T
3,7.25,Demaryius Stormborn,Non-Starter,Bishop Sankey,KC,RB|W/R/T
3,0.0,Demaryius Stormborn,Non-Starter,Josh Gordon,Ten,WR|W/R/T
3,5.0,Demaryius Stormborn,Starter,Cleveland Browns,Cle,DEF
4,12.56,Demaryius Stormborn,Starter,Blake Bortles,GB,QB
4,11.15,Demaryius Stormborn,Starter,Dez Bryant,Bal,WR|W/R/T
4,5.05,Demaryius Stormborn,Starter,Allen Robinson,Det,WR|W/R/T
4,17.2,Demaryius Stormborn,Starter,Lamar Miller,NO,RB|W/R/T
4,0.0,Demaryius Stormborn,Starter,Bernard Pierce,Jax,RB|W/R/T
4,15.65,Demaryius Stormborn,Starter,Delanie Walker,Ten,TE|W/R/T
4,12.2,Demaryius Stormborn,Starter,Bishop Sankey,KC,RB|W/R/T
4,0.0,Demaryius Stormborn,Non-Starter,A.J. Green,Ari,WR|W/R/T
4,0.0,Demaryius Stormborn,Non-Starter,Mark Ingram II,NO,RB|W/R/T
4,0.0,Demaryius Stormborn,Non-Starter,Knowshon Moreno,Mia,RB|W/R/T
4,0.0,Demaryius Stormborn,Non-Starter,Josh Gordon,Ten,WR|W/R/T
4,0.0,Demaryius Stormborn,Non-Starter,Demaryius Thomas,NE,WR|W/R/T
4,14.5,Demaryius Stormborn,Starter,Los Angeles Chargers,LAC,DEF
5,3.04,Demaryius Stormborn,Starter,Blake Bortles,GB,QB
5,16.75,Demaryius Stormborn,Starter,Dez Bryant,Bal,WR|W/R/T
5,13.35,Demaryius Stormborn,Starter,A.J. Green,Ari,WR|W/R/T
5,2.7,Demaryius Stormborn,Starter,Bishop Sankey,KC,RB|W/R/T
5,5.35,Demaryius Stormborn,Starter,Jerick McKinnon,KC,RB|W/R/T
5,5.7,Demaryius Stormborn,Starter,Delanie Walker,Ten,TE|W/R/T
5,36.6,Demaryius Stormborn,Starter,Demaryius Thomas,NE,WR|W/R/T
5,0.0,Demaryius Stormborn,Non-Starter,Lamar Miller,NO,RB|W/R/T
5,0.0,Demaryius Stormborn,Non-Starter,Mark Ingram II,NO,RB|W/R/T
5,0.0,Demaryius Stormborn,Non-Starter,Knowshon Moreno,Mia,RB|W/R/T
5,0.0,Demaryius Stormborn,Non-Starter,Josh Gordon,Ten,WR|W/R/T
5,5.35,Demaryius Stormborn,Non-Starter,Darrin Reaves,Car,RB|W/R/T
5,20.0,Demaryius Stormborn,Starter,Los Angeles Chargers,LAC,DEF
6,19.24,Demaryius Stormborn,Starter,Blake Bortles,GB,QB
6,7.3,Demaryius Stormborn,Starter,Dez Bryant,Bal,WR|W/R/T
6,20.9,Demaryius Stormborn,Starter,Demaryius Thomas,NE,WR|W/R/T
6,7.05,Demaryius Stormborn,Starter,Bishop Sankey,KC,RB|W/R/T
6,14.05,Demaryius Stormborn,Starter,Lamar Miller,NO,RB|W/R/T
6,6.45,Demaryius Stormborn,Starter,Delanie Walker,Ten,TE|W/R/T
6,7.95,Demaryius Stormborn,Starter,Storm Johnson,Jax,RB|W/R/T
6,9.7,Demaryius Stormborn,Non-Starter,Jerick McKinnon,KC,RB|W/R/T
6,2.05,Demaryius Stormborn,Non-Starter,Knowshon Moreno,Mia,RB|W/R/T
6,0.0,Demaryius Stormborn,Non-Starter,A.J. Green,Ari,WR|W/R/T
6,0.0,Demaryius Stormborn,Non-Starter,Mark Ingram II,NO,RB|W/R/T
6,0.0,Demaryius Stormborn,Non-Starter,Josh Gordon,Ten,WR|W/R/T
6,2.5,Demaryius Stormborn,Starter,Los Angeles Chargers,LAC,DEF
7,15.74,Demaryius Stormborn,Starter,Alex Smith,Was,QB
7,17.35,Demaryius Stormborn,Starter,Dez Bryant,Bal,WR|W/R/T
7,31.1,Demaryius Stormborn,Starter,Demaryius Thomas,NE,WR|W/R/T
7,14.8,Demaryius Stormborn,Starter,Lamar Miller,NO,RB|W/R/T
7,10.6,Demaryius Stormborn,Starter,Jerick McKinnon,KC,RB|W/R/T
7,2.2,Demaryius Stormborn,Starter,Delanie Walker,Ten,TE|W/R/T
7,5.6,Demaryius Stormborn,Starter,Bishop Sankey,KC,RB|W/R/T
7,3.4,Demaryius Stormborn,Non-Starter,Mark Ingram II,NO,RB|W/R/T
7,7.6,Demaryius Stormborn,Non-Starter,Storm Johnson,Jax,RB|W/R/T
7,0.0,Demaryius Stormborn,Non-Starter,A.J. Green,Ari,WR|W/R/T
7,0.0,Demaryius Stormborn,Non-Starter,Josh Gordon,Ten,WR|W/R/T
7,0.65,Demaryius Stormborn,Non-Starter,Brandon Bolden,LV,RB|W/R/T
7,9.5,Demaryius Stormborn,Starter,Chicago Bears,Chi,DEF
8,21.16,Demaryius Stormborn,Starter,Carson Palmer,Ari,QB
8,9.75,Demaryius Stormborn,Starter,Dez Bryant,Bal,WR|W/R/T
8,12.5,Demaryius Stormborn,Starter,Demaryius Thomas,NE,WR|W/R/T
8,10.65,Demaryius Stormborn,Starter,Lamar Miller,NO,RB|W/R/T
8,8.45,Demaryius Stormborn,Starter,Jerick McKinnon,KC,RB|W/R/T
8,10.7,Demaryius Stormborn,Starter,Delanie Walker,Ten,TE|W/R/T
8,23.75,Demaryius Stormborn,Starter,Mark Ingram II,NO,RB|W/R/T
8,7.0,Demaryius Stormborn,Non-Starter,Bishop Sankey,KC,RB|W/R/T
8,0.0,Demaryius Stormborn,Non-Starter,A.J. Green,Ari,WR|W/R/T
8,0.0,Demaryius Stormborn,Non-Starter,Josh Gordon,Ten,WR|W/R/T
8,4.4,Demaryius Stormborn,Non-Starter,Anthony Dixon,Buf,RB|W/R/T
8,0.0,Demaryius Stormborn,Non-Starter,Charles Sims,TB,RB|W/R/T
8,31.5,Demaryius Stormborn,Starter,Miami Dolphins,Mia,DEF
9,-2.18,Demaryius Stormborn,Starter,Philip Rivers,Ind,QB
9,8.0,Demaryius Stormborn,Starter,Dez Bryant,Bal,WR|W/R/T
9,14.45,Demaryius Stormborn,Starter,Demaryius Thomas,NE,WR|W/R/T
9,11.95,Demaryius Stormborn,Starter,Lamar Miller,NO,RB|W/R/T
9,7.55,Demaryius Stormborn,Starter,Jerick McKinnon,KC,RB|W/R/T
9,0.55,Demaryius Stormborn,Starter,Austin Seferian-Jenkins,Jax,TE|W/R/T
9,23.25,Demaryius Stormborn,Starter,Mark Ingram II,NO,RB|W/R/T
9,0.0,Demaryius Stormborn,Non-Starter,Delanie Walker,Ten,TE|W/R/T
9,10.85,Demaryius Stormborn,Non-Starter,A.J. Green,Ari,WR|W/R/T
9,0.0,Demaryius Stormborn,Non-Starter,Josh Gordon,Ten,WR|W/R/T
9,0.0,Demaryius Stormborn,Non-Starter,Charles Sims,TB,RB|W/R/T
9,4.25,Demaryius Stormborn,Non-Starter,Lorenzo Taliaferro,Bal,RB|W/R/T
9,11.5,Demaryius Stormborn,Starter,Dallas Cowboys,Dal,DEF
10,4.64,Demaryius Stormborn,Starter,Austin Davis,Ten,QB
10,29.3,Demaryius Stormborn,Starter,Dez Bryant,Bal,WR|W/R/T
10,13.55,Demaryius Stormborn,Starter,Demaryius Thomas,NE,WR|W/R/T
10,0.85,Demaryius Stormborn,Starter,Lamar Miller,NO,RB|W/R/T
10,14.65,Demaryius Stormborn,Starter,Mark Ingram II,NO,RB|W/R/T
10,4.45,Demaryius Stormborn,Starter,Delanie Walker,Ten,TE|W/R/T
10,3.05,Demaryius Stormborn,Starter,A.J. Green,Ari,WR|W/R/T
10,0.0,Demaryius Stormborn,Non-Starter,Philip Rivers,Ind,QB
10,0.0,Demaryius Stormborn,Non-Starter,Jerick McKinnon,KC,RB|W/R/T
10,0.0,Demaryius Stormborn,Non-Starter,Josh Gordon,Ten,WR|W/R/T
10,2.5,Demaryius Stormborn,Non-Starter,Charles Sims,TB,RB|W/R/T
10,1.0,Demaryius Stormborn,Non-Starter,Lorenzo Taliaferro,Bal,RB|W/R/T
10,16.0,Demaryius Stormborn,Starter,Dallas Cowboys,Dal,DEF
11,11.62,Demaryius Stormborn,Starter,Philip Rivers,Ind,QB
11,12.05,Demaryius Stormborn,Starter,Demaryius Thomas,NE,WR|W/R/T
11,20.2,Demaryius Stormborn,Starter,A.J. Green,Ari,WR|W/R/T
11,10.3,Demaryius Stormborn,Starter,Lamar Miller,NO,RB|W/R/T
11,11.45,Demaryius Stormborn,Starter,Mark Ingram II,NO,RB|W/R/T
11,16.15,Demaryius Stormborn,Starter,Coby Fleener,NO,TE|W/R/T
11,6.8,Demaryius Stormborn,Starter,Jerick McKinnon,KC,RB|W/R/T
11,0.0,Demaryius Stormborn,Non-Starter,Delanie Walker,Ten,TE|W/R/T
11,0.0,Demaryius Stormborn,Non-Starter,Dez Bryant,Bal,WR|W/R/T
11,0.0,Demaryius Stormborn,Non-Starter,Josh Gordon,Ten,WR|W/R/T
11,5.15,Demaryius Stormborn,Non-Starter,Charles Sims,TB,RB|W/R/T
11,11.5,Demaryius Stormborn,Starter,Chicago Bears,Chi,DEF
11,0.0,Demaryius Stormborn,Non-Starter,Dallas Cowboys,Dal,DEF
12,11.54,Demaryius Stormborn,Starter,Philip Rivers,Ind,QB
12,29.2,Demaryius Stormborn,Starter,Demaryius Thomas,NE,WR|W/R/T
12,15.1,Demaryius Stormborn,Starter,A.J. Green,Ari,WR|W/R/T
12,4.7,Demaryius Stormborn,Starter,Mark Ingram II,NO,RB|W/R/T
12,6.95,Demaryius Stormborn,Starter,Lamar Miller,NO,RB|W/R/T
12,3.3,Demaryius Stormborn,Starter,Coby Fleener,NO,TE|W/R/T
12,22.35,Demaryius Stormborn,Starter,Dez Bryant,Bal,WR|W/R/T
12,7.05,Demaryius Stormborn,Non-Starter,Jerick McKinnon,KC,RB|W/R/T
12,16.75,Demaryius Stormborn,Non-Starter,Delanie Walker,Ten,TE|W/R/T
12,14.0,Demaryius Stormborn,Non-Starter,Josh Gordon,Ten,WR|W/R/T
12,3.8,Demaryius Stormborn,Non-Starter,Charles Sims,TB,RB|W/R/T
12,21.5,Demaryius Stormborn,Starter,Chicago Bears,Chi,DEF
12,8.0,Demaryius Stormborn,Non-Starter,Dallas Cowboys,Dal,DEF
13,27.22,Demaryius Stormborn,Starter,Philip Rivers,Ind,QB
13,13.8,Demaryius Stormborn,Starter,Demaryius Thomas,NE,WR|W/R/T
13,8.3,Demaryius Stormborn,Starter,Dez Bryant,Bal,WR|W/R/T
13,12.6,Demaryius Stormborn,Starter,Mark Ingram II,NO,RB|W/R/T
13,13.2,Demaryius Stormborn,Starter,Lamar Miller,NO,RB|W/R/T
13,0.85,Demaryius Stormborn,Starter,Delanie Walker,Ten,TE|W/R/T
13,12.7,Demaryius Stormborn,Starter,A.J. Green,Ari,WR|W/R/T
13,25.7,Demaryius Stormborn,Non-Starter,Coby Fleener,NO,TE|W/R/T
13,0.0,Demaryius Stormborn,Non-Starter,Jerick McKinnon,KC,RB|W/R/T
13,9.25,Demaryius Stormborn,Non-Starter,Josh Gordon,Ten,WR|W/R/T
13,6.5,Demaryius Stormborn,Non-Starter,Charles Sims,TB,RB|W/R/T
13,18.0,Demaryius Stormborn,Starter,New York Giants,NYG,DEF
13,6.0,Demaryius Stormborn,Non-Starter,Chicago Bears,Chi,DEF
14,10.36,Demaryius Stormborn,Starter,Philip Rivers,Ind,QB
14,1.6,Demaryius Stormborn,Starter,Demaryius Thomas,NE,WR|W/R/T
14,9.7,Demaryius Stormborn,Starter,Dez Bryant,Bal,WR|W/R/T
14,4.1,Demaryius Stormborn,Starter,Mark Ingram II,NO,RB|W/R/T
14,10.15,Demaryius Stormborn,Starter,Lamar Miller,NO,RB|W/R/T
14,3.7,Demaryius Stormborn,Starter,Delanie Walker,Ten,TE|W/R/T
14,31.15,Demaryius Stormborn,Starter,A.J. Green,Ari,WR|W/R/T
14,6.85,Demaryius Stormborn,Non-Starter,Coby Fleener,NO,TE|W/R/T
14,0.0,Demaryius Stormborn,Non-Starter,Jerick McKinnon,KC,RB|W/R/T
14,2.0,Demaryius Stormborn,Non-Starter,Josh Gordon,Ten,WR|W/R/T
14,2.25,Demaryius Stormborn,Non-Starter,Charles Sims,TB,RB|W/R/T
14,34.5,Demaryius Stormborn,Starter,New York Giants,NYG,DEF
14,-1.5,Demaryius Stormborn,Non-Starter,Chicago Bears,Chi,DEF
15,9.58,Demaryius Stormborn,Starter,Philip Rivers,Ind,QB
15,19.8,Demaryius Stormborn,Starter,Demaryius Thomas,NE,WR|W/R/T
15,30.9,Demaryius Stormborn,Starter,Dez Bryant,Bal,WR|W/R/T
15,11.9,Demaryius Stormborn,Starter,Mark Ingram II,NO,RB|W/R/T
15,5.95,Demaryius Stormborn,Starter,Lamar Miller,NO,RB|W/R/T
15,10.3,Demaryius Stormborn,Starter,Delanie Walker,Ten,TE|W/R/T
15,6.15,Demaryius Stormborn,Starter,A.J. Green,Ari,WR|W/R/T
15,3.7,Demaryius Stormborn,Non-Starter,Coby Fleener,NO,TE|W/R/T
15,0.0,Demaryius Stormborn,Non-Starter,Jerick McKinnon,KC,RB|W/R/T
15,5.55,Demaryius Stormborn,Non-Starter,Josh Gordon,Ten,WR|W/R/T
15,8.65,Demaryius Stormborn,Non-Starter,Charles Sims,TB,RB|W/R/T
15,19.0,Demaryius Stormborn,Starter,New York Giants,NYG,DEF
15,6.5,Demaryius Stormborn,Non-Starter,Chicago Bears,Chi,DEF
1,8.88,Hail to the Gingers,Starter,Robert Griffin,Bal,QB
1,5.8,Hail to the Gingers,Starter,Demaryius Thomas,NE,WR|W/R/T
1,10.25,Hail to the Gingers,Starter,Marques Colston,NO,WR|W/R/T
1,1.85,Hail to the Gingers,Starter,Doug Martin,LV,RB|W/R/T
1,4.1,Hail to the Gingers,Starter,Ben Tate,Min,RB|W/R/T
1,1.9,Hail to the Gingers,Starter,Jason Witten,LV,TE|W/R/T
1,12.1,Hail to the Gingers,Starter,Kendall Wright,Ari,WR|W/R/T
1,12.05,Hail to the Gingers,Non-Starter,Reggie Wayne,Ind,WR|W/R/T
1,6.6,Hail to the Gingers,Non-Starter,Roy Helu,LV,RB|W/R/T
1,16.2,Hail to the Gingers,Non-Starter,Chris Ivory,Buf,RB|W/R/T
1,0.0,Hail to the Gingers,Non-Starter,Cecil Shorts,TB,WR|W/R/T
1,6.6,Hail to the Gingers,Non-Starter,Jared Cook,LAC,TE|W/R/T
1,2.0,Hail to the Gingers,Starter,Los Angeles Rams,LAR,DEF
2,3.72,Hail to the Gingers,Starter,Robert Griffin,Bal,QB
2,13.45,Hail to the Gingers,Starter,Demaryius Thomas,NE,WR|W/R/T
2,0.0,Hail to the Gingers,Starter,Marques Colston,NO,WR|W/R/T
2,0.0,Hail to the Gingers,Starter,Doug Martin,LV,RB|W/R/T
2,10.85,Hail to the Gingers,Starter,Chris Ivory,Buf,RB|W/R/T
2,4.2,Hail to the Gingers,Starter,Jason Witten,LV,TE|W/R/T
2,3.85,Hail to the Gingers,Starter,Kendall Wright,Ari,WR|W/R/T
2,0.0,Hail to the Gingers,Non-Starter,Ben Tate,Min,RB|W/R/T
2,3.55,Hail to the Gingers,Non-Starter,Reggie Wayne,Ind,WR|W/R/T
2,4.1,Hail to the Gingers,Non-Starter,Roy Helu,LV,RB|W/R/T
2,0.0,Hail to the Gingers,Non-Starter,Cecil Shorts,TB,WR|W/R/T
2,5.6,Hail to the Gingers,Non-Starter,Jared Cook,LAC,TE|W/R/T
2,12.5,Hail to the Gingers,Starter,Los Angeles Rams,LAR,DEF
3,27.58,Hail to the Gingers,Starter,Kirk Cousins,Atl,QB
3,6.1,Hail to the Gingers,Starter,Demaryius Thomas,NE,WR|W/R/T
3,9.0,Hail to the Gingers,Starter,Marques Colston,NO,WR|W/R/T
3,0.0,Hail to the Gingers,Starter,Doug Martin,LV,RB|W/R/T
3,10.6,Hail to the Gingers,Starter,Chris Ivory,Buf,RB|W/R/T
3,5.9,Hail to the Gingers,Starter,Jason Witten,LV,TE|W/R/T
3,7.2,Hail to the Gingers,Starter,Reggie Wayne,Ind,WR|W/R/T
3,5.65,Hail to the Gingers,Non-Starter,Kendall Wright,Ari,WR|W/R/T
3,0.0,Hail to the Gingers,Non-Starter,Robert Griffin,Bal,QB
3,0.0,Hail to the Gingers,Non-Starter,Ben Tate,Min,RB|W/R/T
3,11.85,Hail to the Gingers,Non-Starter,Roy Helu,LV,RB|W/R/T
3,10.75,Hail to the Gingers,Non-Starter,Cecil Shorts,TB,WR|W/R/T
3,12.0,Hail to the Gingers,Starter,Los Angeles Rams,LAR,DEF
4,5.48,Hail to the Gingers,Starter,Kirk Cousins,Atl,QB
4,19.65,Hail to the Gingers,Starter,Reggie Wayne,Ind,WR|W/R/T
4,3.0,Hail to the Gingers,Starter,Cecil Shorts,TB,WR|W/R/T
4,10.5,Hail to the Gingers,Starter,Chris Ivory,Buf,RB|W/R/T
4,12.1,Hail to the Gingers,Starter,Doug Martin,LV,RB|W/R/T
4,7.35,Hail to the Gingers,Starter,Jason Witten,LV,TE|W/R/T
4,6.25,Hail to the Gingers,Starter,Marques Colston,NO,WR|W/R/T
4,4.75,Hail to the Gingers,Non-Starter,Kendall Wright,Ari,WR|W/R/T
4,9.85,Hail to the Gingers,Non-Starter,Roy Helu,LV,RB|W/R/T
4,0.0,Hail to the Gingers,Non-Starter,Ben Tate,Min,RB|W/R/T
4,0.0,Hail to the Gingers,Non-Starter,Brian Quick,Was,WR|W/R/T
4,0.0,Hail to the Gingers,Non-Starter,Terrance West,Bal,RB|W/R/T
4,14.0,Hail to the Gingers,Starter,Buffalo Bills,Buf,DEF
5,19.72,Hail to the Gingers,Starter,Kirk Cousins,Atl,QB
5,9.45,Hail to the Gingers,Starter,Reggie Wayne,Ind,WR|W/R/T
5,22.5,Hail to the Gingers,Starter,Kendall Wright,Ari,WR|W/R/T
5,4.4,Hail to the Gingers,Starter,Chris Ivory,Buf,RB|W/R/T
5,8.15,Hail to the Gingers,Starter,Doug Martin,LV,RB|W/R/T
5,6.9,Hail to the Gingers,Starter,Jason Witten,LV,TE|W/R/T
5,7.05,Hail to the Gingers,Starter,Marques Colston,NO,WR|W/R/T
5,0.0,Hail to the Gingers,Non-Starter,Cecil Shorts,TB,WR|W/R/T
5,7.05,Hail to the Gingers,Non-Starter,Roy Helu,LV,RB|W/R/T
5,12.45,Hail to the Gingers,Non-Starter,Ben Tate,Min,RB|W/R/T
5,21.95,Hail to the Gingers,Non-Starter,Brian Quick,Was,WR|W/R/T
5,3.1,Hail to the Gingers,Non-Starter,Terrance West,Bal,RB|W/R/T
5,20.0,Hail to the Gingers,Starter,Buffalo Bills,Buf,DEF
6,14.16,Hail to the Gingers,Starter,Kirk Cousins,Atl,QB
6,4.5,Hail to the Gingers,Starter,Reggie Wayne,Ind,WR|W/R/T
6,0.85,Hail to the Gingers,Starter,Kendall Wright,Ari,WR|W/R/T
6,2.35,Hail to the Gingers,Starter,Chris Ivory,Buf,RB|W/R/T
6,5.05,Hail to the Gingers,Starter,Doug Martin,LV,RB|W/R/T
6,8.9,Hail to the Gingers,Starter,Jason Witten,LV,TE|W/R/T
6,19.8,Hail to the Gingers,Starter,Ben Tate,Min,RB|W/R/T
6,0.0,Hail to the Gingers,Non-Starter,Marques Colston,NO,WR|W/R/T
6,10.8,Hail to the Gingers,Non-Starter,Cecil Shorts,TB,WR|W/R/T
6,7.1,Hail to the Gingers,Non-Starter,Roy Helu,LV,RB|W/R/T
6,1.25,Hail to the Gingers,Non-Starter,Brian Quick,Was,WR|W/R/T
6,0.0,Hail to the Gingers,Non-Starter,Terrance West,Bal,RB|W/R/T
6,2.5,Hail to the Gingers,Starter,Buffalo Bills,Buf,DEF
7,1.56,Hail to the Gingers,Starter,Kirk Cousins,Atl,QB
7,2.5,Hail to the Gingers,Starter,Reggie Wayne,Ind,WR|W/R/T
7,14.3,Hail to the Gingers,Starter,Kendall Wright,Ari,WR|W/R/T
7,19.5,Hail to the Gingers,Starter,Chris Ivory,Buf,RB|W/R/T
7,3.65,Hail to the Gingers,Starter,Ben Tate,Min,RB|W/R/T
7,3.2,Hail to the Gingers,Starter,Jason Witten,LV,TE|W/R/T
7,1.95,Hail to the Gingers,Starter,Cecil Shorts,TB,WR|W/R/T
7,0.0,Hail to the Gingers,Non-Starter,Doug Martin,LV,RB|W/R/T
7,12.6,Hail to the Gingers,Non-Starter,Marques Colston,NO,WR|W/R/T
7,2.75,Hail to the Gingers,Non-Starter,Roy Helu,LV,RB|W/R/T
7,3.8,Hail to the Gingers,Non-Starter,Brian Quick,Was,WR|W/R/T
7,1.05,Hail to the Gingers,Non-Starter,Terrance West,Bal,RB|W/R/T
7,13.5,Hail to the Gingers,Starter,Buffalo Bills,Buf,DEF
8,14.64,Hail to the Gingers,Starter,Ryan Tannehill,Ten,QB
8,6.05,Hail to the Gingers,Starter,Kendall Wright,Ari,WR|W/R/T
8,1.25,Hail to the Gingers,Starter,Brian Quick,Was,WR|W/R/T
8,16.3,Hail to the Gingers,Starter,Chris Ivory,Buf,RB|W/R/T
8,9.65,Hail to the Gingers,Starter,Ben Tate,Min,RB|W/R/T
8,14.25,Hail to the Gingers,Starter,Jason Witten,LV,TE|W/R/T
8,4.85,Hail to the Gingers,Starter,Cecil Shorts,TB,WR|W/R/T
8,0.0,Hail to the Gingers,Non-Starter,Reggie Wayne,Ind,WR|W/R/T
8,5.9,Hail to the Gingers,Non-Starter,Marques Colston,NO,WR|W/R/T
8,4.8,Hail to the Gingers,Non-Starter,Roy Helu,LV,RB|W/R/T
8,2.35,Hail to the Gingers,Non-Starter,Terrance West,Bal,RB|W/R/T
8,5.5,Hail to the Gingers,Non-Starter,Travis Kelce,KC,TE|W/R/T
8,20.5,Hail to the Gingers,Starter,Buffalo Bills,Buf,DEF
9,28.22,Hail to the Gingers,Starter,Ryan Tannehill,Ten,QB
9,5.25,Hail to the Gingers,Starter,Cecil Shorts,TB,WR|W/R/T
9,4.35,Hail to the Gingers,Starter,Marques Colston,NO,WR|W/R/T
9,2.2,Hail to the Gingers,Starter,Chris Ivory,Buf,RB|W/R/T
9,4.2,Hail to the Gingers,Starter,Ben Tate,Min,RB|W/R/T
9,13.7,Hail to the Gingers,Starter,Travis Kelce,KC,TE|W/R/T
9,14.0,Hail to the Gingers,Starter,Reggie Wayne,Ind,WR|W/R/T
9,7.7,Hail to the Gingers,Non-Starter,Jason Witten,LV,TE|W/R/T
9,0.0,Hail to the Gingers,Non-Starter,Kendall Wright,Ari,WR|W/R/T
9,0.0,Hail to the Gingers,Non-Starter,Brian Quick,Was,WR|W/R/T
9,6.2,Hail to the Gingers,Non-Starter,Roy Helu,LV,RB|W/R/T
9,12.0,Hail to the Gingers,Starter,Cincinnati Bengals,Cin,DEF
9,0.0,Hail to the Gingers,Non-Starter,Buffalo Bills,Buf,DEF
10,10.28,Hail to the Gingers,Starter,Ryan Tannehill,Ten,QB
10,4.1,Hail to the Gingers,Starter,Marques Colston,NO,WR|W/R/T
10,6.4,Hail to the Gingers,Starter,Kendall Wright,Ari,WR|W/R/T
10,5.1,Hail to the Gingers,Starter,Chris Ivory,Buf,RB|W/R/T
10,12.6,Hail to the Gingers,Starter,Ben Tate,Min,RB|W/R/T
10,10.55,Hail to the Gingers,Starter,Jason Witten,LV,TE|W/R/T
10,3.85,Hail to the Gingers,Starter,Kenny Britt,NE,WR|W/R/T
10,0.0,Hail to the Gingers,Non-Starter,Roy Helu,LV,RB|W/R/T
10,13.15,Hail to the Gingers,Non-Starter,Cecil Shorts,TB,WR|W/R/T
10,0.0,Hail to the Gingers,Non-Starter,Reggie Wayne,Ind,WR|W/R/T
10,0.0,Hail to the Gingers,Non-Starter,Dwayne Allen,NE,TE|W/R/T
10,0.0,Hail to the Gingers,Non-Starter,Zac Stacy,NYJ,RB|W/R/T
10,15.0,Hail to the Gingers,Starter,Buffalo Bills,Buf,DEF
11,17.05,Hail to the Gingers,Starter,Ryan Tannehill,Ten,QB
11,6.6,Hail to the Gingers,Starter,Marques Colston,NO,WR|W/R/T
11,8.0,Hail to the Gingers,Starter,Kendall Wright,Ari,WR|W/R/T
11,-0.9,Hail to the Gingers,Starter,Ben Tate,Min,RB|W/R/T
11,11.2,Hail to the Gingers,Starter,Roy Helu,LV,RB|W/R/T
11,0.0,Hail to the Gingers,Starter,Dwayne Allen,NE,TE|W/R/T
11,19.8,Hail to the Gingers,Starter,Kenny Britt,NE,WR|W/R/T
11,0.0,Hail to the Gingers,Non-Starter,Chris Ivory,Buf,RB|W/R/T
11,0.0,Hail to the Gingers,Non-Starter,Jason Witten,LV,TE|W/R/T
11,0.0,Hail to the Gingers,Non-Starter,Cecil Shorts,TB,WR|W/R/T
11,10.35,Hail to the Gingers,Non-Starter,Reggie Wayne,Ind,WR|W/R/T
11,0.0,Hail to the Gingers,Non-Starter,Zac Stacy,NYJ,RB|W/R/T
11,13.5,Hail to the Gingers,Starter,Buffalo Bills,Buf,DEF
12,26.62,Hail to the Gingers,Starter,Ryan Tannehill,Ten,QB
12,15.2,Hail to the Gingers,Starter,Marques Colston,NO,WR|W/R/T
12,3.05,Hail to the Gingers,Starter,Kendall Wright,Ari,WR|W/R/T
12,0.0,Hail to the Gingers,Starter,Ben Tate,Min,RB|W/R/T
12,1.4,Hail to the Gingers,Starter,Roy Helu,LV,RB|W/R/T
12,10.0,Hail to the Gingers,Starter,Jason Witten,LV,TE|W/R/T
12,0.85,Hail to the Gingers,Starter,Cecil Shorts,TB,WR|W/R/T
12,4.2,Hail to the Gingers,Non-Starter,Kenny Britt,NE,WR|W/R/T
12,0.0,Hail to the Gingers,Non-Starter,Dwayne Allen,NE,TE|W/R/T
12,4.55,Hail to the Gingers,Non-Starter,Chris Ivory,Buf,RB|W/R/T
12,1.75,Hail to the Gingers,Non-Starter,Reggie Wayne,Ind,WR|W/R/T
12,0.0,Hail to the Gingers,Non-Starter,Zac Stacy,NYJ,RB|W/R/T
12,30.5,Hail to the Gingers,Starter,Buffalo Bills,Buf,DEF
13,8.7,Hail to the Gingers,Starter,Ryan Tannehill,Ten,QB
13,8.35,Hail to the Gingers,Starter,Marques Colston,NO,WR|W/R/T
13,4.1,Hail to the Gingers,Starter,Reggie Wayne,Ind,WR|W/R/T
13,13.6,Hail to the Gingers,Starter,Roy Helu,LV,RB|W/R/T
13,6.2,Hail to the Gingers,Starter,Chris Ivory,Buf,RB|W/R/T
13,1.05,Hail to the Gingers,Starter,Jason Witten,LV,TE|W/R/T
13,4.5,Hail to the Gingers,Starter,Cecil Shorts,TB,WR|W/R/T
13,20.95,Hail to the Gingers,Non-Starter,Kendall Wright,Ari,WR|W/R/T
13,1.5,Hail to the Gingers,Non-Starter,Ben Tate,Min,RB|W/R/T
13,1.55,Hail to the Gingers,Non-Starter,Kenny Britt,NE,WR|W/R/T
13,0.0,Hail to the Gingers,Non-Starter,Dwayne Allen,NE,TE|W/R/T
13,2.7,Hail to the Gingers,Non-Starter,Zac Stacy,NYJ,RB|W/R/T
13,23.0,Hail to the Gingers,Starter,Buffalo Bills,Buf,DEF
1,6.52,3rdDegree Brown Belt,Starter,Eli Manning,NYG,QB
1,18.85,3rdDegree Brown Belt,Starter,Antonio Brown,TB,WR|W/R/T
1,11.35,3rdDegree Brown Belt,Starter,Julio Jones,Phi,WR|W/R/T
1,6.6,3rdDegree Brown Belt,Starter,Frank Gore,NYJ,RB|W/R/T
1,14.35,3rdDegree Brown Belt,Starter,Shane Vereen,NYG,RB|W/R/T
1,30.15,3rdDegree Brown Belt,Starter,Julius Thomas,Mia,TE|W/R/T
1,8.15,3rdDegree Brown Belt,Starter,Fred Jackson,Sea,RB|W/R/T
1,11.0,3rdDegree Brown Belt,Non-Starter,Carlos Hyde,Jax,RB|W/R/T
1,2.15,3rdDegree Brown Belt,Non-Starter,Doug Baldwin,Sea,WR|W/R/T
1,11.85,3rdDegree Brown Belt,Non-Starter,Rod Streater,Cle,WR|W/R/T
1,7.05,3rdDegree Brown Belt,Non-Starter,Justin Hunter,Pit,WR|W/R/T
1,0.0,3rdDegree Brown Belt,Non-Starter,Eric Ebron,Pit,TE|W/R/T
1,8.5,3rdDegree Brown Belt,Starter,Cleveland Browns,Cle,DEF
2,12.74,3rdDegree Brown Belt,Starter,Ryan Tannehill,Ten,QB
2,11.75,3rdDegree Brown Belt,Starter,Antonio Brown,TB,WR|W/R/T
2,16.55,3rdDegree Brown Belt,Starter,Julio Jones,Phi,WR|W/R/T
2,14.0,3rdDegree Brown Belt,Starter,Frank Gore,NYJ,RB|W/R/T
2,4.0,3rdDegree Brown Belt,Starter,Shane Vereen,NYG,RB|W/R/T
2,10.9,3rdDegree Brown Belt,Starter,Julius Thomas,Mia,TE|W/R/T
2,5.6,3rdDegree Brown Belt,Starter,Fred Jackson,Sea,RB|W/R/T
2,0.75,3rdDegree Brown Belt,Non-Starter,Carlos Hyde,Jax,RB|W/R/T
2,4.25,3rdDegree Brown Belt,Non-Starter,Doug Baldwin,Sea,WR|W/R/T
2,0.85,3rdDegree Brown Belt,Non-Starter,Rod Streater,Cle,WR|W/R/T
2,3.1,3rdDegree Brown Belt,Non-Starter,Justin Hunter,Pit,WR|W/R/T
2,4.55,3rdDegree Brown Belt,Non-Starter,Eric Ebron,Pit,TE|W/R/T
2,20.0,3rdDegree Brown Belt,Starter,Arizona Cardinals,Ari,DEF
3,13.1,3rdDegree Brown Belt,Starter,Ryan Tannehill,Ten,QB
3,23.5,3rdDegree Brown Belt,Starter,Antonio Brown,TB,WR|W/R/T
3,30.35,3rdDegree Brown Belt,Starter,Julio Jones,Phi,WR|W/R/T
3,1.0,3rdDegree Brown Belt,Starter,Frank Gore,NYJ,RB|W/R/T
3,4.7,3rdDegree Brown Belt,Starter,Shane Vereen,NYG,RB|W/R/T
3,8.45,3rdDegree Brown Belt,Starter,Julius Thomas,Mia,TE|W/R/T
3,19.2,3rdDegree Brown Belt,Starter,Fred Jackson,Sea,RB|W/R/T
3,7.6,3rdDegree Brown Belt,Non-Starter,Carlos Hyde,Jax,RB|W/R/T
3,6.6,3rdDegree Brown Belt,Non-Starter,Doug Baldwin,Sea,WR|W/R/T
3,3.95,3rdDegree Brown Belt,Non-Starter,Rod Streater,Cle,WR|W/R/T
3,4.45,3rdDegree Brown Belt,Non-Starter,Justin Hunter,Pit,WR|W/R/T
3,0.0,3rdDegree Brown Belt,Non-Starter,Eric Ebron,Pit,TE|W/R/T
3,6.5,3rdDegree Brown Belt,Starter,Arizona Cardinals,Ari,DEF
4,20.62,3rdDegree Brown Belt,Starter,Ryan Tannehill,Ten,QB
4,27.53,3rdDegree Brown Belt,Starter,Antonio Brown,TB,WR|W/R/T
4,9.7,3rdDegree Brown Belt,Starter,Julio Jones,Phi,WR|W/R/T
4,23.65,3rdDegree Brown Belt,Starter,Frank Gore,NYJ,RB|W/R/T
4,10.0,3rdDegree Brown Belt,Starter,Fred Jackson,Sea,RB|W/R/T
4,17.3,3rdDegree Brown Belt,Starter,Travis Kelce,KC,TE|W/R/T
4,7.95,3rdDegree Brown Belt,Starter,Shane Vereen,NYG,RB|W/R/T
4,0.0,3rdDegree Brown Belt,Non-Starter,Julius Thomas,Mia,TE|W/R/T
4,2.6,3rdDegree Brown Belt,Non-Starter,Carlos Hyde,Jax,RB|W/R/T
4,0.0,3rdDegree Brown Belt,Non-Starter,Doug Baldwin,Sea,WR|W/R/T
4,1.45,3rdDegree Brown Belt,Non-Starter,Justin Hunter,Pit,WR|W/R/T
4,23.38,3rdDegree Brown Belt,Non-Starter,Teddy Bridgewater,TB,QB
4,-2.5,3rdDegree Brown Belt,Starter,Atlanta Falcons,Atl,DEF
5,17.76,3rdDegree Brown Belt,Starter,Andy Dalton,Car,QB
5,9.65,3rdDegree Brown Belt,Starter,Antonio Brown,TB,WR|W/R/T
5,13.25,3rdDegree Brown Belt,Starter,Julio Jones,Phi,WR|W/R/T
5,11.05,3rdDegree Brown Belt,Starter,Frank Gore,NYJ,RB|W/R/T
5,14.45,3rdDegree Brown Belt,Starter,Fred Jackson,Sea,RB|W/R/T
5,20.1,3rdDegree Brown Belt,Starter,Julius Thomas,Mia,TE|W/R/T
5,8.0,3rdDegree Brown Belt,Starter,Travis Kelce,KC,TE|W/R/T
5,0.0,3rdDegree Brown Belt,Non-Starter,Teddy Bridgewater,TB,QB
5,11.55,3rdDegree Brown Belt,Non-Starter,Shane Vereen,NYG,RB|W/R/T
5,4.3,3rdDegree Brown Belt,Non-Starter,Carlos Hyde,Jax,RB|W/R/T
5,6.0,3rdDegree Brown Belt,Non-Starter,Doug Baldwin,Sea,WR|W/R/T
5,16.65,3rdDegree Brown Belt,Non-Starter,Justin Hunter,Pit,WR|W/R/T
5,9.5,3rdDegree Brown Belt,Starter,Cleveland Browns,Cle,DEF
6,19.42,3rdDegree Brown Belt,Starter,Andy Dalton,Car,QB
6,13.35,3rdDegree Brown Belt,Starter,Antonio Brown,TB,WR|W/R/T
6,7.9,3rdDegree Brown Belt,Starter,Julio Jones,Phi,WR|W/R/T
6,3.8,3rdDegree Brown Belt,Starter,Frank Gore,NYJ,RB|W/R/T
6,11.3,3rdDegree Brown Belt,Starter,Fred Jackson,Sea,RB|W/R/T
6,18.1,3rdDegree Brown Belt,Starter,Julius Thomas,Mia,TE|W/R/T
6,8.45,3rdDegree Brown Belt,Starter,Justin Hunter,Pit,WR|W/R/T
6,0.0,3rdDegree Brown Belt,Non-Starter,Travis Kelce,KC,TE|W/R/T
6,2.62,3rdDegree Brown Belt,Non-Starter,Teddy Bridgewater,TB,QB
6,0.95,3rdDegree Brown Belt,Non-Starter,Shane Vereen,NYG,RB|W/R/T
6,1.75,3rdDegree Brown Belt,Non-Starter,Carlos Hyde,Jax,RB|W/R/T
6,3.7,3rdDegree Brown Belt,Non-Starter,Doug Baldwin,Sea,WR|W/R/T
6,10.0,3rdDegree Brown Belt,Starter,Green Bay Packers,GB,DEF
7,5.04,3rdDegree Brown Belt,Starter,Andy Dalton,Car,QB
7,15.37,3rdDegree Brown Belt,Starter,Antonio Brown,TB,WR|W/R/T
7,6.85,3rdDegree Brown Belt,Starter,Julio Jones,Phi,WR|W/R/T
7,3.55,3rdDegree Brown Belt,Starter,Fred Jackson,Sea,RB|W/R/T
7,24.65,3rdDegree Brown Belt,Starter,Shane Vereen,NYG,RB|W/R/T
7,3.7,3rdDegree Brown Belt,Starter,Julius Thomas,Mia,TE|W/R/T
7,2.0,3rdDegree Brown Belt,Starter,Frank Gore,NYJ,RB|W/R/T
7,0.85,3rdDegree Brown Belt,Non-Starter,Justin Hunter,Pit,WR|W/R/T
7,4.3,3rdDegree Brown Belt,Non-Starter,Travis Kelce,KC,TE|W/R/T
7,6.98,3rdDegree Brown Belt,Non-Starter,Teddy Bridgewater,TB,QB
7,2.8,3rdDegree Brown Belt,Non-Starter,Carlos Hyde,Jax,RB|W/R/T
7,20.05,3rdDegree Brown Belt,Non-Starter,Doug Baldwin,Sea,WR|W/R/T
7,20.5,3rdDegree Brown Belt,Starter,Minnesota Vikings,Min,DEF
8,20.04,3rdDegree Brown Belt,Starter,Andy Dalton,Car,QB
8,28.3,3rdDegree Brown Belt,Starter,Antonio Brown,TB,WR|W/R/T
8,6.8,3rdDegree Brown Belt,Starter,Julio Jones,Phi,WR|W/R/T
8,5.25,3rdDegree Brown Belt,Starter,Shane Vereen,NYG,RB|W/R/T
8,3.1,3rdDegree Brown Belt,Starter,Doug Martin,LV,RB|W/R/T
8,2.8,3rdDegree Brown Belt,Starter,Julius Thomas,Mia,TE|W/R/T
8,10.1,3rdDegree Brown Belt,Starter,Justin Hunter,Pit,WR|W/R/T
8,1.5,3rdDegree Brown Belt,Non-Starter,Bryce Brown,Buf,RB|W/R/T
8,0.0,3rdDegree Brown Belt,Non-Starter,Fred Jackson,Sea,RB|W/R/T
8,0.0,3rdDegree Brown Belt,Non-Starter,Frank Gore,NYJ,RB|W/R/T
8,0.0,3rdDegree Brown Belt,Non-Starter,Carlos Hyde,Jax,RB|W/R/T
8,0.0,3rdDegree Brown Belt,Non-Starter,Robert Griffin,Bal,QB
8,24.0,3rdDegree Brown Belt,Starter,Minnesota Vikings,Min,DEF
9,14.42,3rdDegree Brown Belt,Starter,Andy Dalton,Car,QB
9,23.15,3rdDegree Brown Belt,Starter,Antonio Brown,TB,WR|W/R/T
9,12.8,3rdDegree Brown Belt,Starter,Brandon LaFell,LV,WR|W/R/T
9,13.95,3rdDegree Brown Belt,Starter,Shane Vereen,NYG,RB|W/R/T
9,6.05,3rdDegree Brown Belt,Starter,Frank Gore,NYJ,RB|W/R/T
9,9.8,3rdDegree Brown Belt,Starter,Julius Thomas,Mia,TE|W/R/T
9,17.45,3rdDegree Brown Belt,Starter,Martavis Bryant,Was,WR|W/R/T
9,0.0,3rdDegree Brown Belt,Non-Starter,Doug Martin,LV,RB|W/R/T
9,0.0,3rdDegree Brown Belt,Non-Starter,Julio Jones,Phi,WR|W/R/T
9,0.0,3rdDegree Brown Belt,Non-Starter,Bryce Brown,Buf,RB|W/R/T
9,0.0,3rdDegree Brown Belt,Non-Starter,Fred Jackson,Sea,RB|W/R/T
9,2.45,3rdDegree Brown Belt,Non-Starter,Carlos Hyde,Jax,RB|W/R/T
9,11.5,3rdDegree Brown Belt,Starter,Minnesota Vikings,Min,DEF
10,-1.76,3rdDegree Brown Belt,Starter,Andy Dalton,Car,QB
10,5.4,3rdDegree Brown Belt,Starter,Antonio Brown,TB,WR|W/R/T
10,13.9,3rdDegree Brown Belt,Starter,Julio Jones,Phi,WR|W/R/T
10,14.55,3rdDegree Brown Belt,Starter,Frank Gore,NYJ,RB|W/R/T
10,9.5,3rdDegree Brown Belt,Starter,Bryce Brown,Buf,RB|W/R/T
10,19.8,3rdDegree Brown Belt,Starter,Julius Thomas,Mia,TE|W/R/T
10,21.3,3rdDegree Brown Belt,Starter,Martavis Bryant,Was,WR|W/R/T
10,0.0,3rdDegree Brown Belt,Non-Starter,Shane Vereen,NYG,RB|W/R/T
10,0.0,3rdDegree Brown Belt,Non-Starter,Brandon LaFell,LV,WR|W/R/T
10,0.0,3rdDegree Brown Belt,Non-Starter,Doug Martin,LV,RB|W/R/T
10,5.9,3rdDegree Brown Belt,Non-Starter,Fred Jackson,Sea,RB|W/R/T
10,9.6,3rdDegree Brown Belt,Non-Starter,Carlos Hyde,Jax,RB|W/R/T
10,9.0,3rdDegree Brown Belt,Starter,New Orleans Saints,NO,DEF
11,20.32,3rdDegree Brown Belt,Starter,Josh McCown,Hou,QB
11,17.35,3rdDegree Brown Belt,Starter,Antonio Brown,TB,WR|W/R/T
11,7.4,3rdDegree Brown Belt,Starter,Julio Jones,Phi,WR|W/R/T
11,9.9,3rdDegree Brown Belt,Starter,Frank Gore,NYJ,RB|W/R/T
11,8.7,3rdDegree Brown Belt,Starter,Shane Vereen,NYG,RB|W/R/T
11,0.8,3rdDegree Brown Belt,Starter,Julius Thomas,Mia,TE|W/R/T
11,1.6,3rdDegree Brown Belt,Starter,Martavis Bryant,Was,WR|W/R/T
11,8.85,3rdDegree Brown Belt,Non-Starter,Bryce Brown,Buf,RB|W/R/T
11,6.95,3rdDegree Brown Belt,Non-Starter,Brandon LaFell,LV,WR|W/R/T
11,0.0,3rdDegree Brown Belt,Non-Starter,Doug Martin,LV,RB|W/R/T
11,0.0,3rdDegree Brown Belt,Non-Starter,Fred Jackson,Sea,RB|W/R/T
11,3.25,3rdDegree Brown Belt,Non-Starter,Carlos Hyde,Jax,RB|W/R/T
11,5.0,3rdDegree Brown Belt,Starter,Minnesota Vikings,Min,DEF
12,12.84,3rdDegree Brown Belt,Starter,Josh McCown,Hou,QB
12,14.05,3rdDegree Brown Belt,Starter,Julio Jones,Phi,WR|W/R/T
12,12.05,3rdDegree Brown Belt,Starter,Brandon LaFell,LV,WR|W/R/T
12,1.6,3rdDegree Brown Belt,Starter,Frank Gore,NYJ,RB|W/R/T
12,8.0,3rdDegree Brown Belt,Starter,Shane Vereen,NYG,RB|W/R/T
12,0.15,3rdDegree Brown Belt,Starter,Jacob Tamme,Atl,TE|W/R/T
12,11.25,3rdDegree Brown Belt,Starter,Fred Jackson,Sea,RB|W/R/T
12,0.0,3rdDegree Brown Belt,Non-Starter,Julius Thomas,Mia,TE|W/R/T
12,0.0,3rdDegree Brown Belt,Non-Starter,Martavis Bryant,Was,WR|W/R/T
12,0.0,3rdDegree Brown Belt,Non-Starter,Antonio Brown,TB,WR|W/R/T
12,2.0,3rdDegree Brown Belt,Non-Starter,Bryce Brown,Buf,RB|W/R/T
12,5.6,3rdDegree Brown Belt,Non-Starter,Carlos Hyde,Jax,RB|W/R/T
12,17.0,3rdDegree Brown Belt,Starter,San Francisco 49ers,SF,DEF
13,9.88,3rdDegree Brown Belt,Starter,Eli Manning,NYG,QB
13,27.4,3rdDegree Brown Belt,Starter,Julio Jones,Phi,WR|W/R/T
13,25.7,3rdDegree Brown Belt,Starter,Antonio Brown,TB,WR|W/R/T
13,3.85,3rdDegree Brown Belt,Starter,Frank Gore,NYJ,RB|W/R/T
13,10.45,3rdDegree Brown Belt,Starter,Fred Jackson,Sea,RB|W/R/T
13,0.65,3rdDegree Brown Belt,Starter,Jacob Tamme,Atl,TE|W/R/T
13,17.05,3rdDegree Brown Belt,Starter,Brandon LaFell,LV,WR|W/R/T
13,0.0,3rdDegree Brown Belt,Non-Starter,Julius Thomas,Mia,TE|W/R/T
13,2.55,3rdDegree Brown Belt,Non-Starter,Martavis Bryant,Was,WR|W/R/T
13,3.45,3rdDegree Brown Belt,Non-Starter,Shane Vereen,NYG,RB|W/R/T
13,1.1,3rdDegree Brown Belt,Non-Starter,Bryce Brown,Buf,RB|W/R/T
13,6.45,3rdDegree Brown Belt,Non-Starter,Carlos Hyde,Jax,RB|W/R/T
13,38.0,3rdDegree Brown Belt,Starter,Los Angeles Rams,LAR,DEF
14,10.4,3rdDegree Brown Belt,Starter,Eli Manning,NYG,QB
14,34.65,3rdDegree Brown Belt,Starter,Julio Jones,Phi,WR|W/R/T
14,13.95,3rdDegree Brown Belt,Starter,Antonio Brown,TB,WR|W/R/T
14,6.3,3rdDegree Brown Belt,Starter,Frank Gore,NYJ,RB|W/R/T
14,9.7,3rdDegree Brown Belt,Starter,Fred Jackson,Sea,RB|W/R/T
14,-0.75,3rdDegree Brown Belt,Starter,Jacob Tamme,Atl,TE|W/R/T
14,3.1,3rdDegree Brown Belt,Starter,Brandon LaFell,LV,WR|W/R/T
14,0.0,3rdDegree Brown Belt,Non-Starter,Julius Thomas,Mia,TE|W/R/T
14,17.9,3rdDegree Brown Belt,Non-Starter,Martavis Bryant,Was,WR|W/R/T
14,3.85,3rdDegree Brown Belt,Non-Starter,Shane Vereen,NYG,RB|W/R/T
14,3.0,3rdDegree Brown Belt,Non-Starter,Bryce Brown,Buf,RB|W/R/T
14,1.45,3rdDegree Brown Belt,Non-Starter,Carlos Hyde,Jax,RB|W/R/T
14,32.5,3rdDegree Brown Belt,Starter,Los Angeles Rams,LAR,DEF
15,22.0,3rdDegree Brown Belt,Starter,Eli Manning,NYG,QB
15,14.8,3rdDegree Brown Belt,Starter,Antonio Brown,TB,WR|W/R/T
15,8.1,3rdDegree Brown Belt,Starter,Brandon LaFell,LV,WR|W/R/T
15,10.55,3rdDegree Brown Belt,Starter,Fred Jackson,Sea,RB|W/R/T
15,7.95,3rdDegree Brown Belt,Starter,Shane Vereen,NYG,RB|W/R/T
15,3.25,3rdDegree Brown Belt,Starter,Julius Thomas,Mia,TE|W/R/T
15,3.85,3rdDegree Brown Belt,Starter,Martavis Bryant,Was,WR|W/R/T
15,0.0,3rdDegree Brown Belt,Non-Starter,Julio Jones,Phi,WR|W/R/T
15,8.9,3rdDegree Brown Belt,Non-Starter,Frank Gore,NYJ,RB|W/R/T
15,0.0,3rdDegree Brown Belt,Non-Starter,Jacob Tamme,Atl,TE|W/R/T
15,6.25,3rdDegree Brown Belt,Non-Starter,Bryce Brown,Buf,RB|W/R/T
15,5.5,3rdDegree Brown Belt,Non-Starter,Carlos Hyde,Jax,RB|W/R/T
15,21.0,3rdDegree Brown Belt,Starter,Kansas City Chiefs,KC,DEF
16,7.9,3rdDegree Brown Belt,Starter,Robert Griffin,Bal,QB
16,14.95,3rdDegree Brown Belt,Starter,Antonio Brown,TB,WR|W/R/T
16,12.45,3rdDegree Brown Belt,Starter,Julio Jones,Phi,WR|W/R/T
16,12.55,3rdDegree Brown Belt,Starter,Fred Jackson,Sea,RB|W/R/T
16,21.8,3rdDegree Brown Belt,Starter,Frank Gore,NYJ,RB|W/R/T
16,3.8,3rdDegree Brown Belt,Starter,Julius Thomas,Mia,TE|W/R/T
16,8.15,3rdDegree Brown Belt,Starter,Brandon LaFell,LV,WR|W/R/T
16,5.25,3rdDegree Brown Belt,Non-Starter,Shane Vereen,NYG,RB|W/R/T
16,5.55,3rdDegree Brown Belt,Non-Starter,Martavis Bryant,Was,WR|W/R/T
16,2.65,3rdDegree Brown Belt,Non-Starter,Joseph Randle,Dal,RB|W/R/T
16,0.0,3rdDegree Brown Belt,Non-Starter,Chris Polk,Hou,RB|W/R/T
16,5.7,3rdDegree Brown Belt,Non-Starter,Harry Douglas,Ten,WR|W/R/T
16,10.0,3rdDegree Brown Belt,Starter,Miami Dolphins,Mia,DEF
1,18.34,DeSean of the Dead,Starter,Andy Dalton,Car,QB
1,10.55,DeSean of the Dead,Starter,Jordy Nelson,LV,WR|W/R/T
1,14.45,DeSean of the Dead,Starter,Roddy White,Atl,WR|W/R/T
1,16.6,DeSean of the Dead,Starter,Rashad Jennings,NYG,RB|W/R/T
1,16.35,DeSean of the Dead,Starter,Chris Johnson,Ari,RB|W/R/T
1,2.9,DeSean of the Dead,Starter,Ladarius Green,Pit,TE|W/R/T
1,13.35,DeSean of the Dead,Starter,Michael Floyd,Was,WR|W/R/T
1,11.85,DeSean of the Dead,Non-Starter,Joique Bell,Det,RB|W/R/T
1,2.35,DeSean of the Dead,Non-Starter,Darren McFadden,Dal,RB|W/R/T
1,3.3,DeSean of the Dead,Non-Starter,Stevan Ridley,Pit,RB|W/R/T
1,2.8,DeSean of the Dead,Non-Starter,Maurice Jones-Drew,LV,RB|W/R/T
1,4.45,DeSean of the Dead,Non-Starter,Jonathan Stewart,NYG,RB|W/R/T
1,11.0,DeSean of the Dead,Starter,Denver Broncos,Den,DEF
2,14.68,DeSean of the Dead,Starter,Andy Dalton,Car,QB
2,29.15,DeSean of the Dead,Starter,Jordy Nelson,LV,WR|W/R/T
2,5.45,DeSean of the Dead,Starter,Roddy White,Atl,WR|W/R/T
2,9.9,DeSean of the Dead,Starter,Rashad Jennings,NYG,RB|W/R/T
2,2.35,DeSean of the Dead,Starter,Chris Johnson,Ari,RB|W/R/T
2,0.0,DeSean of the Dead,Starter,Dwayne Allen,NE,TE|W/R/T
2,2.15,DeSean of the Dead,Starter,Michael Floyd,Was,WR|W/R/T
2,9.2,DeSean of the Dead,Non-Starter,Joique Bell,Det,RB|W/R/T
2,13.3,DeSean of the Dead,Non-Starter,Darren McFadden,Dal,RB|W/R/T
2,16.1,DeSean of the Dead,Non-Starter,Stevan Ridley,Pit,RB|W/R/T
2,0.0,DeSean of the Dead,Non-Starter,Maurice Jones-Drew,LV,RB|W/R/T
2,12.15,DeSean of the Dead,Non-Starter,Jonathan Stewart,NYG,RB|W/R/T
2,6.0,DeSean of the Dead,Starter,Denver Broncos,Den,DEF
3,13.11,DeSean of the Dead,Starter,Andy Dalton,Car,QB
3,7.15,DeSean of the Dead,Starter,Jordy Nelson,LV,WR|W/R/T
3,0.0,DeSean of the Dead,Starter,Roddy White,Atl,WR|W/R/T
3,23.6,DeSean of the Dead,Starter,Rashad Jennings,NYG,RB|W/R/T
3,3.3,DeSean of the Dead,Starter,Joique Bell,Det,RB|W/R/T
3,11.3,DeSean of the Dead,Starter,Dwayne Allen,NE,TE|W/R/T
3,12.65,DeSean of the Dead,Starter,Michael Floyd,Was,WR|W/R/T
3,3.4,DeSean of the Dead,Non-Starter,Chris Johnson,Ari,RB|W/R/T
3,7.5,DeSean of the Dead,Non-Starter,Darren McFadden,Dal,RB|W/R/T
3,6.35,DeSean of the Dead,Non-Starter,Stevan Ridley,Pit,RB|W/R/T
3,0.0,DeSean of the Dead,Non-Starter,Maurice Jones-Drew,LV,RB|W/R/T
3,5.75,DeSean of the Dead,Non-Starter,Jonathan Stewart,NYG,RB|W/R/T
3,13.0,DeSean of the Dead,Starter,Denver Broncos,Den,DEF
4,22.72,DeSean of the Dead,Starter,Alex Smith,Was,QB
4,25.3,DeSean of the Dead,Starter,Jordy Nelson,LV,WR|W/R/T
4,14.3,DeSean of the Dead,Starter,Roddy White,Atl,WR|W/R/T
4,5.45,DeSean of the Dead,Starter,Rashad Jennings,NYG,RB|W/R/T
4,4.4,DeSean of the Dead,Starter,Joique Bell,Det,RB|W/R/T
4,10.55,DeSean of the Dead,Starter,Dwayne Allen,NE,TE|W/R/T
4,2.8,DeSean of the Dead,Starter,Stevan Ridley,Pit,RB|W/R/T
4,0.0,DeSean of the Dead,Non-Starter,Michael Floyd,Was,WR|W/R/T
4,12.6,DeSean of the Dead,Non-Starter,Chris Johnson,Ari,RB|W/R/T
4,8.2,DeSean of the Dead,Non-Starter,Darren McFadden,Dal,RB|W/R/T
4,0.8,DeSean of the Dead,Non-Starter,Maurice Jones-Drew,LV,RB|W/R/T
4,0.0,DeSean of the Dead,Non-Starter,Jonathan Stewart,NYG,RB|W/R/T
4,-0.5,DeSean of the Dead,Starter,Chicago Bears,Chi,DEF
5,8.92,DeSean of the Dead,Starter,Alex Smith,Was,QB
5,12.85,DeSean of the Dead,Starter,Jordy Nelson,LV,WR|W/R/T
5,3.1,DeSean of the Dead,Starter,Roddy White,Atl,WR|W/R/T
5,7.7,DeSean of the Dead,Starter,Rashad Jennings,NYG,RB|W/R/T
5,17.3,DeSean of the Dead,Starter,Stevan Ridley,Pit,RB|W/R/T
5,12.9,DeSean of the Dead,Starter,Dwayne Allen,NE,TE|W/R/T
5,0.95,DeSean of the Dead,Starter,Michael Floyd,Was,WR|W/R/T
5,0.0,DeSean of the Dead,Non-Starter,Joique Bell,Det,RB|W/R/T
5,0.45,DeSean of the Dead,Non-Starter,Chris Johnson,Ari,RB|W/R/T
5,0.0,DeSean of the Dead,Non-Starter,Darren McFadden,Dal,RB|W/R/T
5,0.0,DeSean of the Dead,Non-Starter,Maurice Jones-Drew,LV,RB|W/R/T
5,0.0,DeSean of the Dead,Non-Starter,Jonathan Stewart,NYG,RB|W/R/T
5,12.0,DeSean of the Dead,Starter,Denver Broncos,Den,DEF
6,18.66,DeSean of the Dead,Starter,Ryan Tannehill,Ten,QB
6,18.95,DeSean of the Dead,Starter,Jordy Nelson,LV,WR|W/R/T
6,4.75,DeSean of the Dead,Starter,Roddy White,Atl,WR|W/R/T
6,12.35,DeSean of the Dead,Starter,Ronnie Hillman,LAC,RB|W/R/T
6,16.2,DeSean of the Dead,Starter,Joique Bell,Det,RB|W/R/T
6,5.65,DeSean of the Dead,Starter,Dwayne Allen,NE,TE|W/R/T
6,11.7,DeSean of the Dead,Starter,Michael Floyd,Was,WR|W/R/T
6,3.15,DeSean of the Dead,Non-Starter,Stevan Ridley,Pit,RB|W/R/T
6,0.0,DeSean of the Dead,Non-Starter,Rashad Jennings,NYG,RB|W/R/T
6,9.1,DeSean of the Dead,Non-Starter,Darren McFadden,Dal,RB|W/R/T
6,0.0,DeSean of the Dead,Non-Starter,Jonathan Stewart,NYG,RB|W/R/T
6,11.2,DeSean of the Dead,Non-Starter,Jordan Reed,SF,TE|W/R/T
6,20.5,DeSean of the Dead,Starter,Denver Broncos,Den,DEF
7,14.72,DeSean of the Dead,Starter,Joe Flacco,Cle,QB
7,15.0,DeSean of the Dead,Starter,Jordy Nelson,LV,WR|W/R/T
7,18.25,DeSean of the Dead,Starter,Roddy White,Atl,WR|W/R/T
7,23.3,DeSean of the Dead,Starter,Ronnie Hillman,LAC,RB|W/R/T
7,13.2,DeSean of the Dead,Starter,Joique Bell,Det,RB|W/R/T
7,6.65,DeSean of the Dead,Starter,Jordan Reed,SF,TE|W/R/T
7,11.45,DeSean of the Dead,Starter,Michael Floyd,Was,WR|W/R/T
7,11.95,DeSean of the Dead,Non-Starter,Dwayne Allen,NE,TE|W/R/T
7,0.0,DeSean of the Dead,Non-Starter,Rashad Jennings,NYG,RB|W/R/T
7,12.5,DeSean of the Dead,Non-Starter,Darren McFadden,Dal,RB|W/R/T
7,6.45,DeSean of the Dead,Non-Starter,Jonathan Stewart,NYG,RB|W/R/T
7,0.0,DeSean of the Dead,Non-Starter,Toby Gerhart,Jax,RB|W/R/T
7,15.5,DeSean of the Dead,Starter,Denver Broncos,Den,DEF
8,5.0,DeSean of the Dead,Starter,Joe Flacco,Cle,QB
8,3.25,DeSean of the Dead,Starter,Jordy Nelson,LV,WR|W/R/T
8,0.0,DeSean of the Dead,Starter,Michael Floyd,Was,WR|W/R/T
8,14.55,DeSean of the Dead,Starter,Ronnie Hillman,LAC,RB|W/R/T
8,6.6,DeSean of the Dead,Starter,Joique Bell,Det,RB|W/R/T
8,5.75,DeSean of the Dead,Starter,Jordan Reed,SF,TE|W/R/T
8,7.5,DeSean of the Dead,Starter,Darren McFadden,Dal,RB|W/R/T
8,7.6,DeSean of the Dead,Non-Starter,Doug Baldwin,Sea,WR|W/R/T
8,7.85,DeSean of the Dead,Non-Starter,Roddy White,Atl,WR|W/R/T
8,8.35,DeSean of the Dead,Non-Starter,Dwayne Allen,NE,TE|W/R/T
8,0.0,DeSean of the Dead,Non-Starter,Rashad Jennings,NYG,RB|W/R/T
8,10.15,DeSean of the Dead,Non-Starter,Jonathan Stewart,NYG,RB|W/R/T
8,10.0,DeSean of the Dead,Starter,Denver Broncos,Den,DEF
9,18.32,DeSean of the Dead,Starter,Joe Flacco,Cle,QB
9,4.6,DeSean of the Dead,Starter,Michael Floyd,Was,WR|W/R/T
9,5.05,DeSean of the Dead,Starter,Doug Baldwin,Sea,WR|W/R/T
9,20.05,DeSean of the Dead,Starter,Ronnie Hillman,LAC,RB|W/R/T
9,7.7,DeSean of the Dead,Starter,Darren McFadden,Dal,RB|W/R/T
9,1.95,DeSean of the Dead,Starter,Jordan Reed,SF,TE|W/R/T
9,4.6,DeSean of the Dead,Starter,Jonathan Stewart,NYG,RB|W/R/T
9,0.0,DeSean of the Dead,Non-Starter,Joique Bell,Det,RB|W/R/T
9,0.0,DeSean of the Dead,Non-Starter,Jordy Nelson,LV,WR|W/R/T
9,0.0,DeSean of the Dead,Non-Starter,Roddy White,Atl,WR|W/R/T
9,11.8,DeSean of the Dead,Non-Starter,Dwayne Allen,NE,TE|W/R/T
9,0.0,DeSean of the Dead,Non-Starter,Rashad Jennings,NYG,RB|W/R/T
9,2.5,DeSean of the Dead,Starter,Denver Broncos,Den,DEF
10,10.56,DeSean of the Dead,Starter,Joe Flacco,Cle,QB
10,28.7,DeSean of the Dead,Starter,Jordy Nelson,LV,WR|W/R/T
10,14.7,DeSean of the Dead,Starter,Roddy White,Atl,WR|W/R/T
10,2.7,DeSean of the Dead,Starter,Ronnie Hillman,LAC,RB|W/R/T
10,4.6,DeSean of the Dead,Starter,Darren McFadden,Dal,RB|W/R/T
10,2.4,DeSean of the Dead,Starter,Travis Kelce,KC,TE|W/R/T
10,8.6,DeSean of the Dead,Starter,Joique Bell,Det,RB|W/R/T
10,0.0,DeSean of the Dead,Non-Starter,Jordan Reed,SF,TE|W/R/T
10,12.9,DeSean of the Dead,Non-Starter,Jonathan Stewart,NYG,RB|W/R/T
10,4.1,DeSean of the Dead,Non-Starter,Doug Baldwin,Sea,WR|W/R/T
10,1.35,DeSean of the Dead,Non-Starter,Michael Floyd,Was,WR|W/R/T
10,0.0,DeSean of the Dead,Non-Starter,Rashad Jennings,NYG,RB|W/R/T
10,14.0,DeSean of the Dead,Starter,Denver Broncos,Den,DEF
11,11.84,DeSean of the Dead,Starter,Mark Sanchez,Was,QB
11,17.9,DeSean of the Dead,Starter,Jordy Nelson,LV,WR|W/R/T
11,15.5,DeSean of the Dead,Starter,Roddy White,Atl,WR|W/R/T
11,2.1,DeSean of the Dead,Starter,Darren McFadden,Dal,RB|W/R/T
11,7.7,DeSean of the Dead,Starter,Rashad Jennings,NYG,RB|W/R/T
11,2.45,DeSean of the Dead,Starter,Travis Kelce,KC,TE|W/R/T
11,12.25,DeSean of the Dead,Starter,Joique Bell,Det,RB|W/R/T
11,2.7,DeSean of the Dead,Non-Starter,Jordan Reed,SF,TE|W/R/T
11,0.0,DeSean of the Dead,Non-Starter,Ronnie Hillman,LAC,RB|W/R/T
11,4.65,DeSean of the Dead,Non-Starter,Jonathan Stewart,NYG,RB|W/R/T
11,12.0,DeSean of the Dead,Non-Starter,Doug Baldwin,Sea,WR|W/R/T
11,17.9,DeSean of the Dead,Non-Starter,Michael Floyd,Was,WR|W/R/T
11,7.0,DeSean of the Dead,Starter,Denver Broncos,Den,DEF
12,12.68,DeSean of the Dead,Starter,Mark Sanchez,Was,QB
12,8.8,DeSean of the Dead,Starter,Jordy Nelson,LV,WR|W/R/T
12,11.85,DeSean of the Dead,Starter,Roddy White,Atl,WR|W/R/T
12,14.0,DeSean of the Dead,Starter,Rashad Jennings,NYG,RB|W/R/T
12,4.85,DeSean of the Dead,Starter,Joique Bell,Det,RB|W/R/T
12,7.7,DeSean of the Dead,Starter,Travis Kelce,KC,TE|W/R/T
12,0.0,DeSean of the Dead,Starter,Michael Floyd,Was,WR|W/R/T
12,3.9,DeSean of the Dead,Non-Starter,Darren McFadden,Dal,RB|W/R/T
12,0.0,DeSean of the Dead,Non-Starter,Ronnie Hillman,LAC,RB|W/R/T
12,0.0,DeSean of the Dead,Non-Starter,Jordan Reed,SF,TE|W/R/T
12,0.0,DeSean of the Dead,Non-Starter,Jonathan Stewart,NYG,RB|W/R/T
12,1.1,DeSean of the Dead,Non-Starter,Doug Baldwin,Sea,WR|W/R/T
12,1.0,DeSean of the Dead,Starter,Denver Broncos,Den,DEF
13,21.48,DeSean of the Dead,Starter,Mark Sanchez,Was,QB
13,11.8,DeSean of the Dead,Starter,Jordy Nelson,LV,WR|W/R/T
13,4.55,DeSean of the Dead,Starter,Michael Floyd,Was,WR|W/R/T
13,22.15,DeSean of the Dead,Starter,Rashad Jennings,NYG,RB|W/R/T
13,23.2,DeSean of the Dead,Starter,Joique Bell,Det,RB|W/R/T
13,4.35,DeSean of the Dead,Starter,Travis Kelce,KC,TE|W/R/T
13,3.3,DeSean of the Dead,Starter,Doug Baldwin,Sea,WR|W/R/T
13,0.0,DeSean of the Dead,Non-Starter,Roddy White,Atl,WR|W/R/T
13,5.0,DeSean of the Dead,Non-Starter,Darren McFadden,Dal,RB|W/R/T
13,0.0,DeSean of the Dead,Non-Starter,Ronnie Hillman,LAC,RB|W/R/T
13,14.55,DeSean of the Dead,Non-Starter,Jordan Reed,SF,TE|W/R/T
13,11.5,DeSean of the Dead,Non-Starter,Jonathan Stewart,NYG,RB|W/R/T
13,19.5,DeSean of the Dead,Starter,Denver Broncos,Den,DEF
14,10.54,DeSean of the Dead,Starter,Mark Sanchez,Was,QB
14,28.6,DeSean of the Dead,Starter,Jordy Nelson,LV,WR|W/R/T
14,16.95,DeSean of the Dead,Starter,Doug Baldwin,Sea,WR|W/R/T
14,26.55,DeSean of the Dead,Starter,Joique Bell,Det,RB|W/R/T
14,21.5,DeSean of the Dead,Starter,Jonathan Stewart,NYG,RB|W/R/T
14,10.75,DeSean of the Dead,Starter,Travis Kelce,KC,TE|W/R/T
14,10.95,DeSean of the Dead,Starter,Roddy White,Atl,WR|W/R/T
14,2.45,DeSean of the Dead,Non-Starter,Rashad Jennings,NYG,RB|W/R/T
14,9.5,DeSean of the Dead,Non-Starter,Michael Floyd,Was,WR|W/R/T
14,0.5,DeSean of the Dead,Non-Starter,Darren McFadden,Dal,RB|W/R/T
14,3.25,DeSean of the Dead,Non-Starter,Jordan Reed,SF,TE|W/R/T
14,2.45,DeSean of the Dead,Non-Starter,Doug Martin,LV,RB|W/R/T
14,16.0,DeSean of the Dead,Starter,Denver Broncos,Den,DEF
15,6.08,DeSean of the Dead,Starter,Mark Sanchez,Was,QB
15,6.75,DeSean of the Dead,Starter,Jordy Nelson,LV,WR|W/R/T
15,13.55,DeSean of the Dead,Starter,Roddy White,Atl,WR|W/R/T
15,11.3,DeSean of the Dead,Starter,Joique Bell,Det,RB|W/R/T
15,6.35,DeSean of the Dead,Starter,Jonathan Stewart,NYG,RB|W/R/T
15,11.15,DeSean of the Dead,Starter,Travis Kelce,KC,TE|W/R/T
15,0.3,DeSean of the Dead,Starter,Rashad Jennings,NYG,RB|W/R/T
15,6.05,DeSean of the Dead,Non-Starter,Doug Baldwin,Sea,WR|W/R/T
15,6.0,DeSean of the Dead,Non-Starter,Michael Floyd,Was,WR|W/R/T
15,1.3,DeSean of the Dead,Non-Starter,Darren McFadden,Dal,RB|W/R/T
15,2.05,DeSean of the Dead,Non-Starter,Jordan Reed,SF,TE|W/R/T
15,10.15,DeSean of the Dead,Non-Starter,Doug Martin,LV,RB|W/R/T
15,12.5,DeSean of the Dead,Starter,Denver Broncos,Den,DEF
16,21.16,DeSean of the Dead,Starter,Mark Sanchez,Was,QB
16,19.55,DeSean of the Dead,Starter,Jordy Nelson,LV,WR|W/R/T
16,7.0,DeSean of the Dead,Starter,Roddy White,Atl,WR|W/R/T
16,15.2,DeSean of the Dead,Starter,Joique Bell,Det,RB|W/R/T
16,19.4,DeSean of the Dead,Starter,Jonathan Stewart,NYG,RB|W/R/T
16,4.1,DeSean of the Dead,Starter,Travis Kelce,KC,TE|W/R/T
16,1.7,DeSean of the Dead,Starter,Doug Martin,LV,RB|W/R/T
16,0.0,DeSean of the Dead,Non-Starter,Rashad Jennings,NYG,RB|W/R/T
16,13.05,DeSean of the Dead,Non-Starter,Doug Baldwin,Sea,WR|W/R/T
16,4.6,DeSean of the Dead,Non-Starter,Michael Floyd,Was,WR|W/R/T
16,5.65,DeSean of the Dead,Non-Starter,Darren McFadden,Dal,RB|W/R/T
16,1.0,DeSean of the Dead,Non-Starter,Jordan Reed,SF,TE|W/R/T
16,12.0,DeSean of the Dead,Starter,Denver Broncos,Den,DEF
1,17.14,FFB Ozymandias,Starter,Colin Kaepernick,SF,QB
1,4.95,FFB Ozymandias,Starter,Keenan Allen,LAC,WR|W/R/T
1,11.2,FFB Ozymandias,Starter,Golden Tate,Ten,WR|W/R/T
1,10.5,FFB Ozymandias,Starter,Arian Foster,Mia,RB|W/R/T
1,6.2,FFB Ozymandias,Starter,Toby Gerhart,Jax,RB|W/R/T
1,10.2,FFB Ozymandias,Starter,Jimmy Graham,NO,TE|W/R/T
1,0.6,FFB Ozymandias,Starter,Rueben Randle,NYG,WR|W/R/T
1,7.25,FFB Ozymandias,Non-Starter,Andre Ellington,Hou,RB|W/R/T
1,7.2,FFB Ozymandias,Non-Starter,DeAngelo Williams,Pit,RB|W/R/T
1,17.25,FFB Ozymandias,Non-Starter,Brandin Cooks,NO,WR|W/R/T
1,0.2,FFB Ozymandias,Non-Starter,Jonathan Grimes,Hou,RB|W/R/T
1,3.3,FFB Ozymandias,Non-Starter,Jonathan Dwyer,Ari,RB|W/R/T
1,11.0,FFB Ozymandias,Starter,Cincinnati Bengals,Cin,DEF
2,12.32,FFB Ozymandias,Starter,Colin Kaepernick,SF,QB
2,6.95,FFB Ozymandias,Starter,Golden Tate,Ten,WR|W/R/T
2,5.55,FFB Ozymandias,Starter,Brandin Cooks,NO,WR|W/R/T
2,21.5,FFB Ozymandias,Starter,Arian Foster,Mia,RB|W/R/T
2,10.35,FFB Ozymandias,Starter,Andre Ellington,Hou,RB|W/R/T
2,26.3,FFB Ozymandias,Starter,Jimmy Graham,NO,TE|W/R/T
2,2.2,FFB Ozymandias,Starter,Toby Gerhart,Jax,RB|W/R/T
2,6.75,FFB Ozymandias,Non-Starter,Keenan Allen,LAC,WR|W/R/T
2,10.9,FFB Ozymandias,Non-Starter,Rueben Randle,NYG,WR|W/R/T
2,0.0,FFB Ozymandias,Non-Starter,DeAngelo Williams,Pit,RB|W/R/T
2,0.9,FFB Ozymandias,Non-Starter,Jonathan Grimes,Hou,RB|W/R/T
2,9.1,FFB Ozymandias,Non-Starter,Jonathan Dwyer,Ari,RB|W/R/T
2,14.0,FFB Ozymandias,Starter,Cincinnati Bengals,Cin,DEF
3,19.2,FFB Ozymandias,Starter,Colin Kaepernick,SF,QB
3,6.35,FFB Ozymandias,Starter,Golden Tate,Ten,WR|W/R/T
3,9.4,FFB Ozymandias,Starter,Brandin Cooks,NO,WR|W/R/T
3,8.25,FFB Ozymandias,Starter,Andre Ellington,Hou,RB|W/R/T
3,9.05,FFB Ozymandias,Starter,Alfred Blue,Hou,RB|W/R/T
3,6.9,FFB Ozymandias,Starter,Jimmy Graham,NO,TE|W/R/T
3,2.2,FFB Ozymandias,Starter,Keenan Allen,LAC,WR|W/R/T
3,0.0,FFB Ozymandias,Non-Starter,Arian Foster,Mia,RB|W/R/T
3,6.8,FFB Ozymandias,Non-Starter,Toby Gerhart,Jax,RB|W/R/T
3,3.95,FFB Ozymandias,Non-Starter,Rueben Randle,NYG,WR|W/R/T
3,0.0,FFB Ozymandias,Non-Starter,DeAngelo Williams,Pit,RB|W/R/T
3,1.3,FFB Ozymandias,Non-Starter,Jerick McKinnon,KC,RB|W/R/T
3,13.5,FFB Ozymandias,Starter,Cincinnati Bengals,Cin,DEF
4,18.52,FFB Ozymandias,Starter,Colin Kaepernick,SF,QB
4,13.6,FFB Ozymandias,Starter,Golden Tate,Ten,WR|W/R/T
4,4.35,FFB Ozymandias,Starter,Brandin Cooks,NO,WR|W/R/T
4,7.85,FFB Ozymandias,Starter,Arian Foster,Mia,RB|W/R/T
4,3.4,FFB Ozymandias,Starter,DeAngelo Williams,Pit,RB|W/R/T
4,14.6,FFB Ozymandias,Starter,Jimmy Graham,NO,TE|W/R/T
4,16.0,FFB Ozymandias,Starter,Keenan Allen,LAC,WR|W/R/T
4,8.25,FFB Ozymandias,Non-Starter,Toby Gerhart,Jax,RB|W/R/T
4,0.0,FFB Ozymandias,Non-Starter,Andre Ellington,Hou,RB|W/R/T
4,3.0,FFB Ozymandias,Non-Starter,Alfred Blue,Hou,RB|W/R/T
4,10.9,FFB Ozymandias,Non-Starter,Rueben Randle,NYG,WR|W/R/T
4,20.5,FFB Ozymandias,Starter,Miami Dolphins,Mia,DEF
4,0.0,FFB Ozymandias,Non-Starter,Cincinnati Bengals,Cin,DEF
5,13.84,FFB Ozymandias,Starter,Colin Kaepernick,SF,QB
5,21.15,FFB Ozymandias,Starter,Golden Tate,Ten,WR|W/R/T
5,9.35,FFB Ozymandias,Starter,Brandin Cooks,NO,WR|W/R/T
5,29.7,FFB Ozymandias,Starter,Arian Foster,Mia,RB|W/R/T
5,27.4,FFB Ozymandias,Starter,Andre Ellington,Hou,RB|W/R/T
5,4.1,FFB Ozymandias,Starter,Jimmy Graham,NO,TE|W/R/T
5,3.25,FFB Ozymandias,Starter,Keenan Allen,LAC,WR|W/R/T
5,3.15,FFB Ozymandias,Non-Starter,Toby Gerhart,Jax,RB|W/R/T
5,1.6,FFB Ozymandias,Non-Starter,Alfred Blue,Hou,RB|W/R/T
5,10.3,FFB Ozymandias,Non-Starter,Rueben Randle,NYG,WR|W/R/T
5,14.8,FFB Ozymandias,Non-Starter,Andre Williams,LAC,RB|W/R/T
5,3.6,FFB Ozymandias,Non-Starter,Allen Hurns,Mia,WR|W/R/T
5,-1.5,FFB Ozymandias,Starter,Cincinnati Bengals,Cin,DEF
6,29.42,FFB Ozymandias,Starter,Colin Kaepernick,SF,QB
6,6.15,FFB Ozymandias,Starter,Golden Tate,Ten,WR|W/R/T
6,7.05,FFB Ozymandias,Starter,Rueben Randle,NYG,WR|W/R/T
6,26.85,FFB Ozymandias,Starter,Arian Foster,Mia,RB|W/R/T
6,10.8,FFB Ozymandias,Starter,Andre Ellington,Hou,RB|W/R/T
6,8.4,FFB Ozymandias,Starter,Jared Cook,LAC,TE|W/R/T
6,5.9,FFB Ozymandias,Starter,Andre Williams,LAC,RB|W/R/T
6,3.45,FFB Ozymandias,Non-Starter,Keenan Allen,LAC,WR|W/R/T
6,0.0,FFB Ozymandias,Non-Starter,Jimmy Graham,NO,TE|W/R/T
6,0.0,FFB Ozymandias,Non-Starter,Brandin Cooks,NO,WR|W/R/T
6,2.2,FFB Ozymandias,Non-Starter,Alfred Blue,Hou,RB|W/R/T
6,1.35,FFB Ozymandias,Non-Starter,Chris Johnson,Ari,RB|W/R/T
6,1.0,FFB Ozymandias,Starter,Cincinnati Bengals,Cin,DEF
7,14.32,FFB Ozymandias,Starter,Colin Kaepernick,SF,QB
7,23.9,FFB Ozymandias,Starter,Golden Tate,Ten,WR|W/R/T
7,8.9,FFB Ozymandias,Starter,Rueben Randle,NYG,WR|W/R/T
7,16.5,FFB Ozymandias,Starter,Arian Foster,Mia,RB|W/R/T
7,17.5,FFB Ozymandias,Starter,Andre Ellington,Hou,RB|W/R/T
7,0.0,FFB Ozymandias,Starter,Jimmy Graham,NO,TE|W/R/T
7,5.1,FFB Ozymandias,Starter,Andre Williams,LAC,RB|W/R/T
7,3.25,FFB Ozymandias,Non-Starter,Jared Cook,LAC,TE|W/R/T
7,7.3,FFB Ozymandias,Non-Starter,Keenan Allen,LAC,WR|W/R/T
7,2.8,FFB Ozymandias,Non-Starter,Brandin Cooks,NO,WR|W/R/T
7,8.75,FFB Ozymandias,Non-Starter,Alfred Blue,Hou,RB|W/R/T
7,4.15,FFB Ozymandias,Non-Starter,Andre Holmes,Buf,WR|W/R/T
7,10.5,FFB Ozymandias,Starter,Cleveland Browns,Cle,DEF
8,26.12,FFB Ozymandias,Starter,Kyle Orton,Buf,QB
8,22.85,FFB Ozymandias,Starter,Golden Tate,Ten,WR|W/R/T
8,15.55,FFB Ozymandias,Starter,Keenan Allen,LAC,WR|W/R/T
8,36.3,FFB Ozymandias,Starter,Arian Foster,Mia,RB|W/R/T
8,13.25,FFB Ozymandias,Starter,Andre Ellington,Hou,RB|W/R/T
8,13.15,FFB Ozymandias,Starter,Jimmy Graham,NO,TE|W/R/T
8,23.3,FFB Ozymandias,Starter,Brandin Cooks,NO,WR|W/R/T
8,0.0,FFB Ozymandias,Non-Starter,Colin Kaepernick,SF,QB
8,0.0,FFB Ozymandias,Non-Starter,Rueben Randle,NYG,WR|W/R/T
8,0.0,FFB Ozymandias,Non-Starter,Andre Williams,LAC,RB|W/R/T
8,6.65,FFB Ozymandias,Non-Starter,Alfred Blue,Hou,RB|W/R/T
8,14.15,FFB Ozymandias,Non-Starter,Andre Holmes,Buf,WR|W/R/T
8,18.0,FFB Ozymandias,Starter,Cleveland Browns,Cle,DEF
9,10.88,FFB Ozymandias,Starter,Colin Kaepernick,SF,QB
9,5.7,FFB Ozymandias,Starter,Keenan Allen,LAC,WR|W/R/T
9,4.55,FFB Ozymandias,Starter,Brandin Cooks,NO,WR|W/R/T
9,18.4,FFB Ozymandias,Starter,Arian Foster,Mia,RB|W/R/T
9,20.4,FFB Ozymandias,Starter,Andre Ellington,Hou,RB|W/R/T
9,16.05,FFB Ozymandias,Starter,Jimmy Graham,NO,TE|W/R/T
9,5.9,FFB Ozymandias,Starter,Rueben Randle,NYG,WR|W/R/T
9,10.85,FFB Ozymandias,Non-Starter,Andre Williams,LAC,RB|W/R/T
9,0.0,FFB Ozymandias,Non-Starter,Golden Tate,Ten,WR|W/R/T
9,1.25,FFB Ozymandias,Non-Starter,Alfred Blue,Hou,RB|W/R/T
9,3.3,FFB Ozymandias,Non-Starter,Andre Holmes,Buf,WR|W/R/T
9,0.0,FFB Ozymandias,Non-Starter,Ryan Mathews,Phi,RB|W/R/T
9,11.0,FFB Ozymandias,Starter,Cleveland Browns,Cle,DEF
10,12.8,FFB Ozymandias,Starter,Colin Kaepernick,SF,QB
10,16.25,FFB Ozymandias,Starter,Brandin Cooks,NO,WR|W/R/T
10,13.65,FFB Ozymandias,Starter,Golden Tate,Ten,WR|W/R/T
10,11.45,FFB Ozymandias,Starter,Andre Ellington,Hou,RB|W/R/T
10,15.4,FFB Ozymandias,Starter,Terrance West,Bal,RB|W/R/T
10,22.1,FFB Ozymandias,Starter,Jimmy Graham,NO,TE|W/R/T
10,0.0,FFB Ozymandias,Starter,Andre Holmes,Buf,WR|W/R/T
10,5.15,FFB Ozymandias,Non-Starter,Rueben Randle,NYG,WR|W/R/T
10,0.0,FFB Ozymandias,Non-Starter,Keenan Allen,LAC,WR|W/R/T
10,0.0,FFB Ozymandias,Non-Starter,Arian Foster,Mia,RB|W/R/T
10,0.0,FFB Ozymandias,Non-Starter,Alfred Blue,Hou,RB|W/R/T
10,0.0,FFB Ozymandias,Non-Starter,Ryan Mathews,Phi,RB|W/R/T
10,11.5,FFB Ozymandias,Starter,Miami Dolphins,Mia,DEF
11,14.12,FFB Ozymandias,Starter,Colin Kaepernick,SF,QB
11,6.75,FFB Ozymandias,Starter,Brandin Cooks,NO,WR|W/R/T
11,5.4,FFB Ozymandias,Starter,Golden Tate,Ten,WR|W/R/T
11,7.6,FFB Ozymandias,Starter,Andre Ellington,Hou,RB|W/R/T
11,7.75,FFB Ozymandias,Starter,Ryan Mathews,Phi,RB|W/R/T
11,3.65,FFB Ozymandias,Starter,Jimmy Graham,NO,TE|W/R/T
11,15.6,FFB Ozymandias,Starter,Alfred Blue,Hou,RB|W/R/T
11,1.2,FFB Ozymandias,Non-Starter,Terrance West,Bal,RB|W/R/T
11,0.0,FFB Ozymandias,Non-Starter,Arian Foster,Mia,RB|W/R/T
11,12.95,FFB Ozymandias,Non-Starter,Rueben Randle,NYG,WR|W/R/T
11,8.3,FFB Ozymandias,Non-Starter,Keenan Allen,LAC,WR|W/R/T
11,10.5,FFB Ozymandias,Starter,Miami Dolphins,Mia,DEF
11,0.0,FFB Ozymandias,Non-Starter,Indianapolis Colts,Ind,DEF
12,13.64,FFB Ozymandias,Starter,Colin Kaepernick,SF,QB
12,12.0,FFB Ozymandias,Starter,Golden Tate,Ten,WR|W/R/T
12,13.9,FFB Ozymandias,Starter,Keenan Allen,LAC,WR|W/R/T
12,7.55,FFB Ozymandias,Starter,Andre Ellington,Hou,RB|W/R/T
12,7.35,FFB Ozymandias,Starter,Alfred Blue,Hou,RB|W/R/T
12,18.2,FFB Ozymandias,Starter,Jimmy Graham,NO,TE|W/R/T
12,17.8,FFB Ozymandias,Starter,Ryan Mathews,Phi,RB|W/R/T
12,0.0,FFB Ozymandias,Non-Starter,Arian Foster,Mia,RB|W/R/T
12,7.35,FFB Ozymandias,Non-Starter,Terrance West,Bal,RB|W/R/T
12,4.35,FFB Ozymandias,Non-Starter,Rueben Randle,NYG,WR|W/R/T
12,6.85,FFB Ozymandias,Non-Starter,John Brown,Buf,WR|W/R/T
12,19.5,FFB Ozymandias,Starter,Indianapolis Colts,Ind,DEF
12,1.0,FFB Ozymandias,Non-Starter,Miami Dolphins,Mia,DEF
13,2.54,FFB Ozymandias,Starter,Colin Kaepernick,SF,QB
13,10.9,FFB Ozymandias,Starter,Golden Tate,Ten,WR|W/R/T
13,26.85,FFB Ozymandias,Starter,Keenan Allen,LAC,WR|W/R/T
13,1.2,FFB Ozymandias,Starter,Andre Ellington,Hou,RB|W/R/T
13,17.75,FFB Ozymandias,Starter,Arian Foster,Mia,RB|W/R/T
13,0.0,FFB Ozymandias,Starter,Jimmy Graham,NO,TE|W/R/T
13,10.85,FFB Ozymandias,Starter,Ryan Mathews,Phi,RB|W/R/T
13,4.5,FFB Ozymandias,Non-Starter,John Brown,Buf,WR|W/R/T
13,1.85,FFB Ozymandias,Non-Starter,Terrance West,Bal,RB|W/R/T
13,0.6,FFB Ozymandias,Non-Starter,Alfred Blue,Hou,RB|W/R/T
13,5.95,FFB Ozymandias,Non-Starter,Rueben Randle,NYG,WR|W/R/T
13,14.0,FFB Ozymandias,Starter,Miami Dolphins,Mia,DEF
13,19.0,FFB Ozymandias,Non-Starter,Indianapolis Colts,Ind,DEF
14,31.3,FFB Ozymandias,Starter,Matt Ryan,Ind,QB
14,6.0,FFB Ozymandias,Starter,Golden Tate,Ten,WR|W/R/T
14,0.8,FFB Ozymandias,Starter,Keenan Allen,LAC,WR|W/R/T
14,21.3,FFB Ozymandias,Starter,Arian Foster,Mia,RB|W/R/T
14,5.05,FFB Ozymandias,Starter,Ryan Mathews,Phi,RB|W/R/T
14,3.25,FFB Ozymandias,Starter,Jimmy Graham,NO,TE|W/R/T
14,1.15,FFB Ozymandias,Starter,Rueben Randle,NYG,WR|W/R/T
14,4.05,FFB Ozymandias,Non-Starter,Donte Moncrief,Hou,WR|W/R/T
14,0.6,FFB Ozymandias,Non-Starter,Marion Grice,Ari,RB|W/R/T
14,5.4,FFB Ozymandias,Non-Starter,Terrance West,Bal,RB|W/R/T
14,0.0,FFB Ozymandias,Non-Starter,Andre Ellington,Hou,RB|W/R/T
14,7.5,FFB Ozymandias,Non-Starter,Alfred Blue,Hou,RB|W/R/T
14,6.0,FFB Ozymandias,Starter,San Francisco 49ers,SF,DEF
15,19.1,FFB Ozymandias,Starter,Matt Ryan,Ind,QB
15,12.05,FFB Ozymandias,Starter,Golden Tate,Ten,WR|W/R/T
15,2.55,FFB Ozymandias,Starter,Keenan Allen,LAC,WR|W/R/T
15,12.45,FFB Ozymandias,Starter,Arian Foster,Mia,RB|W/R/T
15,2.3,FFB Ozymandias,Starter,Terrance West,Bal,RB|W/R/T
15,9.95,FFB Ozymandias,Starter,Jimmy Graham,NO,TE|W/R/T
15,0.0,FFB Ozymandias,Starter,Donte Moncrief,Hou,WR|W/R/T
15,0.0,FFB Ozymandias,Non-Starter,Ryan Mathews,Phi,RB|W/R/T
15,3.5,FFB Ozymandias,Non-Starter,Rueben Randle,NYG,WR|W/R/T
15,0.0,FFB Ozymandias,Non-Starter,Marion Grice,Ari,RB|W/R/T
15,0.0,FFB Ozymandias,Non-Starter,Andre Ellington,Hou,RB|W/R/T
15,2.6,FFB Ozymandias,Non-Starter,Alfred Blue,Hou,RB|W/R/T
15,11.5,FFB Ozymandias,Starter,San Francisco 49ers,SF,DEF
1,14.88,they not gang signs,Starter,Nick Foles,Ind,QB
1,16.7,they not gang signs,Starter,Kelvin Benjamin,KC,WR|W/R/T
1,4.95,they not gang signs,Starter,Mike Evans,TB,WR|W/R/T
1,4.4,they not gang signs,Starter,Jamaal Charles,Jax,RB|W/R/T
1,13.0,they not gang signs,Starter,LeSean McCoy,TB,RB|W/R/T
1,16.3,they not gang signs,Starter,Greg Olsen,Sea,TE|W/R/T
1,9.75,they not gang signs,Starter,Ahmad Bradshaw,Ind,RB|W/R/T
1,0.0,they not gang signs,Non-Starter,Kenny Stills,NO,WR|W/R/T
1,17.4,they not gang signs,Non-Starter,Ben Roethlisberger,Pit,QB
1,0.85,they not gang signs,Non-Starter,Knile Davis,GB,RB|W/R/T
1,0.0,they not gang signs,Non-Starter,Dwayne Bowe,Cle,WR|W/R/T
1,9.75,they not gang signs,Non-Starter,Jacquizz Rodgers,TB,RB|W/R/T
1,11.0,they not gang signs,Starter,Seattle Seahawks,Sea,DEF
2,17.44,they not gang signs,Starter,Nick Foles,Ind,QB
2,5.1,they not gang signs,Starter,Kelvin Benjamin,KC,WR|W/R/T
2,4.75,they not gang signs,Starter,Dwayne Bowe,Cle,WR|W/R/T
2,1.45,they not gang signs,Starter,Jamaal Charles,Jax,RB|W/R/T
2,17.2,they not gang signs,Starter,LeSean McCoy,TB,RB|W/R/T
2,8.7,they not gang signs,Starter,Greg Olsen,Sea,TE|W/R/T
2,22.85,they not gang signs,Starter,Ahmad Bradshaw,Ind,RB|W/R/T
2,5.9,they not gang signs,Non-Starter,Mike Evans,TB,WR|W/R/T
2,3.25,they not gang signs,Non-Starter,Kenny Stills,NO,WR|W/R/T
2,6.68,they not gang signs,Non-Starter,Ben Roethlisberger,Pit,QB
2,24.0,they not gang signs,Non-Starter,Knile Davis,GB,RB|W/R/T
2,2.3,they not gang signs,Non-Starter,Jacquizz Rodgers,TB,RB|W/R/T
2,3.5,they not gang signs,Starter,Seattle Seahawks,Sea,DEF
3,26.2,they not gang signs,Starter,Nick Foles,Ind,QB
3,19.5,they not gang signs,Starter,Kelvin Benjamin,KC,WR|W/R/T
3,6.2,they not gang signs,Starter,Mike Evans,TB,WR|W/R/T
3,2.2,they not gang signs,Starter,LeSean McCoy,TB,RB|W/R/T
3,17.2,they not gang signs,Starter,Knile Davis,GB,RB|W/R/T
3,14.15,they not gang signs,Starter,Greg Olsen,Sea,TE|W/R/T
3,14.8,they not gang signs,Starter,Ahmad Bradshaw,Ind,RB|W/R/T
3,0.0,they not gang signs,Non-Starter,Jamaal Charles,Jax,RB|W/R/T
3,4.8,they not gang signs,Non-Starter,Kenny Stills,NO,WR|W/R/T
3,15.94,they not gang signs,Non-Starter,Ben Roethlisberger,Pit,QB
3,1.15,they not gang signs,Non-Starter,Jacquizz Rodgers,TB,RB|W/R/T
3,10.37,they not gang signs,Non-Starter,Mohamed Sanu,SF,WR|W/R/T
3,10.0,they not gang signs,Starter,Seattle Seahawks,Sea,DEF
4,3.9,they not gang signs,Starter,Nick Foles,Ind,QB
4,14.85,they not gang signs,Starter,Kelvin Benjamin,KC,WR|W/R/T
4,13.5,they not gang signs,Starter,Mike Evans,TB,WR|W/R/T
4,1.7,they not gang signs,Starter,LeSean McCoy,TB,RB|W/R/T
4,29.55,they not gang signs,Starter,Jamaal Charles,Jax,RB|W/R/T
4,3.5,they not gang signs,Starter,Greg Olsen,Sea,TE|W/R/T
4,11.7,they not gang signs,Starter,Ahmad Bradshaw,Ind,RB|W/R/T
4,12.15,they not gang signs,Non-Starter,Knile Davis,GB,RB|W/R/T
4,6.7,they not gang signs,Non-Starter,Kenny Stills,NO,WR|W/R/T
4,22.36,they not gang signs,Non-Starter,Ben Roethlisberger,Pit,QB
4,0.0,they not gang signs,Non-Starter,Mohamed Sanu,SF,WR|W/R/T
4,30.5,they not gang signs,Starter,Philadelphia Eagles,Phi,DEF
4,0.0,they not gang signs,Non-Starter,Seattle Seahawks,Sea,DEF
5,12.72,they not gang signs,Starter,Ben Roethlisberger,Pit,QB
5,2.55,they not gang signs,Starter,Kelvin Benjamin,KC,WR|W/R/T
5,4.75,they not gang signs,Starter,Eddie Royal,Chi,WR|W/R/T
5,7.6,they not gang signs,Starter,LeSean McCoy,TB,RB|W/R/T
5,8.65,they not gang signs,Starter,Jamaal Charles,Jax,RB|W/R/T
5,20.7,they not gang signs,Starter,Greg Olsen,Sea,TE|W/R/T
5,7.5,they not gang signs,Starter,Ahmad Bradshaw,Ind,RB|W/R/T
5,13.58,they not gang signs,Non-Starter,Nick Foles,Ind,QB
5,1.85,they not gang signs,Non-Starter,Kenny Stills,NO,WR|W/R/T
5,0.0,they not gang signs,Non-Starter,Mike Evans,TB,WR|W/R/T
5,0.6,they not gang signs,Non-Starter,Knile Davis,GB,RB|W/R/T
5,25.5,they not gang signs,Starter,Philadelphia Eagles,Phi,DEF
5,6.0,they not gang signs,Non-Starter,Seattle Seahawks,Sea,DEF
6,14.42,they not gang signs,Starter,Nick Foles,Ind,QB
6,12.65,they not gang signs,Starter,Kelvin Benjamin,KC,WR|W/R/T
6,11.4,they not gang signs,Starter,Eddie Royal,Chi,WR|W/R/T
6,15.9,they not gang signs,Starter,LeSean McCoy,TB,RB|W/R/T
6,12.65,they not gang signs,Starter,Ahmad Bradshaw,Ind,RB|W/R/T
6,13.7,they not gang signs,Starter,Greg Olsen,Sea,TE|W/R/T
6,20.5,they not gang signs,Starter,Mohamed Sanu,SF,WR|W/R/T
6,0.0,they not gang signs,Non-Starter,Jamaal Charles,Jax,RB|W/R/T
6,11.82,they not gang signs,Non-Starter,Ben Roethlisberger,Pit,QB
6,12.5,they not gang signs,Non-Starter,Mike Evans,TB,WR|W/R/T
6,0.0,they not gang signs,Non-Starter,Knile Davis,GB,RB|W/R/T
6,28.0,they not gang signs,Starter,Philadelphia Eagles,Phi,DEF
6,13.5,they not gang signs,Non-Starter,Seattle Seahawks,Sea,DEF
7,16.9,they not gang signs,Starter,Ben Roethlisberger,Pit,QB
7,12.85,they not gang signs,Starter,Kelvin Benjamin,KC,WR|W/R/T
7,6.15,they not gang signs,Starter,Mohamed Sanu,SF,WR|W/R/T
7,19.55,they not gang signs,Starter,Ahmad Bradshaw,Ind,RB|W/R/T
7,17.2,they not gang signs,Starter,Jamaal Charles,Jax,RB|W/R/T
7,12.5,they not gang signs,Starter,Greg Olsen,Sea,TE|W/R/T
7,2.25,they not gang signs,Starter,Eddie Royal,Chi,WR|W/R/T
7,0.0,they not gang signs,Non-Starter,LeSean McCoy,TB,RB|W/R/T
7,0.0,they not gang signs,Non-Starter,Nick Foles,Ind,QB
7,0.0,they not gang signs,Non-Starter,Mike Evans,TB,WR|W/R/T
7,3.85,they not gang signs,Non-Starter,Knile Davis,GB,RB|W/R/T
7,2.5,they not gang signs,Starter,Seattle Seahawks,Sea,DEF
7,0.0,they not gang signs,Non-Starter,Philadelphia Eagles,Phi,DEF
8,21.84,they not gang signs,Starter,Nick Foles,Ind,QB
8,10.4,they not gang signs,Starter,Kelvin Benjamin,KC,WR|W/R/T
8,16.45,they not gang signs,Starter,Mohamed Sanu,SF,WR|W/R/T
8,22.1,they not gang signs,Starter,Jamaal Charles,Jax,RB|W/R/T
8,10.45,they not gang signs,Starter,LeSean McCoy,TB,RB|W/R/T
8,1.85,they not gang signs,Starter,Greg Olsen,Sea,TE|W/R/T
8,16.45,they not gang signs,Starter,Ahmad Bradshaw,Ind,RB|W/R/T
8,44.78,they not gang signs,Non-Starter,Ben Roethlisberger,Pit,QB
8,3.65,they not gang signs,Non-Starter,Eddie Royal,Chi,WR|W/R/T
8,8.8,they not gang signs,Non-Starter,Mike Evans,TB,WR|W/R/T
8,16.9,they not gang signs,Non-Starter,Knile Davis,GB,RB|W/R/T
8,6.5,they not gang signs,Starter,Philadelphia Eagles,Phi,DEF
8,14.0,they not gang signs,Non-Starter,Seattle Seahawks,Sea,DEF
9,5.06,they not gang signs,Starter,Nick Foles,Ind,QB
9,2.3,they not gang signs,Starter,Kelvin Benjamin,KC,WR|W/R/T
9,26.15,they not gang signs,Starter,Mike Evans,TB,WR|W/R/T
9,15.3,they not gang signs,Starter,Jamaal Charles,Jax,RB|W/R/T
9,12.55,they not gang signs,Starter,LeSean McCoy,TB,RB|W/R/T
9,3.75,they not gang signs,Starter,Greg Olsen,Sea,TE|W/R/T
9,8.65,they not gang signs,Starter,Ahmad Bradshaw,Ind,RB|W/R/T
9,35.7,they not gang signs,Non-Starter,Ben Roethlisberger,Pit,QB
9,17.4,they not gang signs,Non-Starter,Mohamed Sanu,SF,WR|W/R/T
9,0.0,they not gang signs,Non-Starter,Eddie Royal,Chi,WR|W/R/T
9,0.9,they not gang signs,Non-Starter,Knile Davis,GB,RB|W/R/T
9,17.5,they not gang signs,Starter,Seattle Seahawks,Sea,DEF
9,12.0,they not gang signs,Non-Starter,Philadelphia Eagles,Phi,DEF
10,13.72,they not gang signs,Starter,Ben Roethlisberger,Pit,QB
10,19.75,they not gang signs,Starter,Kelvin Benjamin,KC,WR|W/R/T
10,20.25,they not gang signs,Starter,Mike Evans,TB,WR|W/R/T
10,18.55,they not gang signs,Starter,Jamaal Charles,Jax,RB|W/R/T
10,7.95,they not gang signs,Starter,LeSean McCoy,TB,RB|W/R/T
10,13.4,they not gang signs,Starter,Greg Olsen,Sea,TE|W/R/T
10,2.5,they not gang signs,Starter,Mohamed Sanu,SF,WR|W/R/T
10,0.0,they not gang signs,Non-Starter,Ahmad Bradshaw,Ind,RB|W/R/T
10,0.0,they not gang signs,Non-Starter,Eddie Royal,Chi,WR|W/R/T
10,-1.15,they not gang signs,Non-Starter,Knile Davis,GB,RB|W/R/T
10,0.0,they not gang signs,Non-Starter,Jordan Cameron,Mia,TE|W/R/T
10,10.0,they not gang signs,Starter,Seattle Seahawks,Sea,DEF
10,38.0,they not gang signs,Non-Starter,Philadelphia Eagles,Phi,DEF
11,10.48,they not gang signs,Starter,Ben Roethlisberger,Pit,QB
11,19.15,they not gang signs,Starter,Kelvin Benjamin,KC,WR|W/R/T
11,34.65,they not gang signs,Starter,Mike Evans,TB,WR|W/R/T
11,28.3,they not gang signs,Starter,Jamaal Charles,Jax,RB|W/R/T
11,10.85,they not gang signs,Starter,LeSean McCoy,TB,RB|W/R/T
11,7.35,they not gang signs,Starter,Greg Olsen,Sea,TE|W/R/T
11,2.1,they not gang signs,Starter,Ahmad Bradshaw,Ind,RB|W/R/T
11,3.05,they not gang signs,Non-Starter,Mohamed Sanu,SF,WR|W/R/T
11,4.7,they not gang signs,Non-Starter,Eddie Royal,Chi,WR|W/R/T
11,8.05,they not gang signs,Non-Starter,Knile Davis,GB,RB|W/R/T
11,0.0,they not gang signs,Non-Starter,Jordan Cameron,Mia,TE|W/R/T
11,3.5,they not gang signs,Starter,Philadelphia Eagles,Phi,DEF
11,5.5,they not gang signs,Non-Starter,Seattle Seahawks,Sea,DEF
12,15.52,they not gang signs,Starter,Matt Ryan,Ind,QB
12,11.45,they not gang signs,Starter,Mike Evans,TB,WR|W/R/T
12,12.15,they not gang signs,Starter,Mohamed Sanu,SF,WR|W/R/T
12,19.2,they not gang signs,Starter,Jamaal Charles,Jax,RB|W/R/T
12,19.35,they not gang signs,Starter,LeSean McCoy,TB,RB|W/R/T
12,1.2,they not gang signs,Starter,Owen Daniels,Den,TE|W/R/T
12,11.6,they not gang signs,Starter,Kenny Stills,NO,WR|W/R/T
12,0.0,they not gang signs,Non-Starter,Ben Roethlisberger,Pit,QB
12,0.0,they not gang signs,Non-Starter,Greg Olsen,Sea,TE|W/R/T
12,0.0,they not gang signs,Non-Starter,Kelvin Benjamin,KC,WR|W/R/T
12,0.2,they not gang signs,Non-Starter,Knile Davis,GB,RB|W/R/T
12,23.0,they not gang signs,Starter,Philadelphia Eagles,Phi,DEF
12,18.0,they not gang signs,Non-Starter,Seattle Seahawks,Sea,DEF
13,26.2,they not gang signs,Starter,Ben Roethlisberger,Pit,QB
13,5.9,they not gang signs,Starter,Mike Evans,TB,WR|W/R/T
13,6.85,they not gang signs,Starter,Kelvin Benjamin,KC,WR|W/R/T
13,12.9,they not gang signs,Starter,Jamaal Charles,Jax,RB|W/R/T
13,19.9,they not gang signs,Starter,LeSean McCoy,TB,RB|W/R/T
13,7.15,they not gang signs,Starter,Greg Olsen,Sea,TE|W/R/T
13,3.84,they not gang signs,Starter,Mohamed Sanu,SF,WR|W/R/T
13,23.45,they not gang signs,Non-Starter,Kenny Stills,NO,WR|W/R/T
13,3.5,they not gang signs,Non-Starter,Owen Daniels,Den,TE|W/R/T
13,18.84,they not gang signs,Non-Starter,Matt Ryan,Ind,QB
13,0.0,they not gang signs,Non-Starter,Knile Davis,GB,RB|W/R/T
13,19.0,they not gang signs,Starter,Philadelphia Eagles,Phi,DEF
13,21.5,they not gang signs,Non-Starter,Seattle Seahawks,Sea,DEF
14,27.9,they not gang signs,Starter,Ben Roethlisberger,Pit,QB
14,17.5,they not gang signs,Starter,Mike Evans,TB,WR|W/R/T
14,8.9,they not gang signs,Starter,Kelvin Benjamin,KC,WR|W/R/T
14,23.6,they not gang signs,Starter,Jamaal Charles,Jax,RB|W/R/T
14,3.0,they not gang signs,Starter,LeSean McCoy,TB,RB|W/R/T
14,15.7,they not gang signs,Starter,Greg Olsen,Sea,TE|W/R/T
14,3.05,they not gang signs,Starter,Kenny Stills,NO,WR|W/R/T
14,2.1,they not gang signs,Non-Starter,Mohamed Sanu,SF,WR|W/R/T
14,3.2,they not gang signs,Non-Starter,Owen Daniels,Den,TE|W/R/T
14,1.45,they not gang signs,Non-Starter,Knile Davis,GB,RB|W/R/T
14,4.4,they not gang signs,Non-Starter,Reggie Bush,Buf,RB|W/R/T
14,10.5,they not gang signs,Starter,Philadelphia Eagles,Phi,DEF
14,12.5,they not gang signs,Non-Starter,Seattle Seahawks,Sea,DEF
15,14.2,they not gang signs,Starter,Ben Roethlisberger,Pit,QB
15,7.8,they not gang signs,Starter,Mike Evans,TB,WR|W/R/T
15,12.4,they not gang signs,Starter,Kelvin Benjamin,KC,WR|W/R/T
15,5.55,they not gang signs,Starter,Jamaal Charles,Jax,RB|W/R/T
15,6.75,they not gang signs,Starter,LeSean McCoy,TB,RB|W/R/T
15,13.5,they not gang signs,Starter,Greg Olsen,Sea,TE|W/R/T
15,7.95,they not gang signs,Starter,Kenny Stills,NO,WR|W/R/T
15,0.65,they not gang signs,Non-Starter,Mohamed Sanu,SF,WR|W/R/T
15,13.2,they not gang signs,Non-Starter,Owen Daniels,Den,TE|W/R/T
15,20.35,they not gang signs,Non-Starter,Knile Davis,GB,RB|W/R/T
15,1.95,they not gang signs,Non-Starter,Reggie Bush,Buf,RB|W/R/T
15,7.0,they not gang signs,Starter,Philadelphia Eagles,Phi,DEF
15,16.5,they not gang signs,Non-Starter,Seattle Seahawks,Sea,DEF
16,12.4,they not gang signs,Starter,Ben Roethlisberger,Pit,QB
16,5.9,they not gang signs,Starter,Mike Evans,TB,WR|W/R/T
16,5.95,they not gang signs,Starter,Kelvin Benjamin,KC,WR|W/R/T
16,6.95,they not gang signs,Starter,Jamaal Charles,Jax,RB|W/R/T
16,18.35,they not gang signs,Starter,LeSean McCoy,TB,RB|W/R/T
16,2.35,they not gang signs,Starter,Greg Olsen,Sea,TE|W/R/T
16,8.3,they not gang signs,Starter,Kenny Stills,NO,WR|W/R/T
16,1.85,they not gang signs,Non-Starter,Mohamed Sanu,SF,WR|W/R/T
16,0.95,they not gang signs,Non-Starter,Owen Daniels,Den,TE|W/R/T
16,1.35,they not gang signs,Non-Starter,Knile Davis,GB,RB|W/R/T
16,17.3,they not gang signs,Non-Starter,Reggie Bush,Buf,RB|W/R/T
16,8.5,they not gang signs,Starter,Philadelphia Eagles,Phi,DEF
16,17.5,they not gang signs,Non-Starter,Seattle Seahawks,Sea,DEF
1,15.52,Maybeitrythissober,Starter,Drew Brees,NO,QB
1,13.3,Maybeitrythissober,Starter,Randall Cobb,NYJ,WR|W/R/T
1,8.35,Maybeitrythissober,Starter,Alshon Jeffery,Phi,WR|W/R/T
1,24.65,Maybeitrythissober,Starter,Marshawn Lynch,Sea,RB|W/R/T
1,3.8,Maybeitrythissober,Starter,Devonta Freeman,Bal,RB|W/R/T
1,5.2,Maybeitrythissober,Starter,Jordan Cameron,Mia,TE|W/R/T
1,3.85,Maybeitrythissober,Starter,Sammy Watkins,Bal,WR|W/R/T
1,9.35,Maybeitrythissober,Non-Starter,Stepfan Taylor,Ari,RB|W/R/T
1,0.0,Maybeitrythissober,Non-Starter,Cam Newton,Car,QB
1,0.4,Maybeitrythissober,Non-Starter,Dri Archer,Pit,WR|RB|W/R/T
1,4.2,Maybeitrythissober,Non-Starter,Jordan Matthews,Car,WR|W/R/T
1,0.0,Maybeitrythissober,Non-Starter,Johnny Manziel,Cle,QB
1,9.5,Maybeitrythissober,Starter,Pittsburgh Steelers,Pit,DEF
2,13.78,Maybeitrythissober,Starter,Drew Brees,NO,QB
2,19.75,Maybeitrythissober,Starter,Randall Cobb,NYJ,WR|W/R/T
2,8.5,Maybeitrythissober,Starter,Andrew Hawkins,Cle,WR|W/R/T
2,13.3,Maybeitrythissober,Starter,Marshawn Lynch,Sea,RB|W/R/T
2,2.7,Maybeitrythissober,Starter,Devonta Freeman,Bal,RB|W/R/T
2,0.0,Maybeitrythissober,Starter,Ladarius Green,Pit,TE|W/R/T
2,19.7,Maybeitrythissober,Starter,Sammy Watkins,Bal,WR|W/R/T
2,5.45,Maybeitrythissober,Non-Starter,Alshon Jeffery,Phi,WR|W/R/T
2,0.0,Maybeitrythissober,Non-Starter,Jordan Cameron,Mia,TE|W/R/T
2,0.0,Maybeitrythissober,Non-Starter,Stepfan Taylor,Ari,RB|W/R/T
2,19.14,Maybeitrythissober,Non-Starter,Cam Newton,Car,QB
2,0.0,Maybeitrythissober,Non-Starter,Johnny Manziel,Cle,QB
2,2.5,Maybeitrythissober,Starter,Pittsburgh Steelers,Pit,DEF
3,19.52,Maybeitrythissober,Starter,Drew Brees,NO,QB
3,3.65,Maybeitrythissober,Starter,Randall Cobb,NYJ,WR|W/R/T
3,10.45,Maybeitrythissober,Starter,Andrew Hawkins,Cle,WR|W/R/T
3,25.55,Maybeitrythissober,Starter,Marshawn Lynch,Sea,RB|W/R/T
3,0.2,Maybeitrythissober,Starter,Stepfan Taylor,Ari,RB|W/R/T
3,2.55,Maybeitrythissober,Starter,Jordan Cameron,Mia,TE|W/R/T
3,2.4,Maybeitrythissober,Starter,Sammy Watkins,Bal,WR|W/R/T
3,0.15,Maybeitrythissober,Non-Starter,Devonta Freeman,Bal,RB|W/R/T
3,7.4,Maybeitrythissober,Non-Starter,Ladarius Green,Pit,TE|W/R/T
3,13.8,Maybeitrythissober,Non-Starter,Alshon Jeffery,Phi,WR|W/R/T
3,12.7,Maybeitrythissober,Non-Starter,Cam Newton,Car,QB
3,0.0,Maybeitrythissober,Non-Starter,Johnny Manziel,Cle,QB
3,16.5,Maybeitrythissober,Starter,Pittsburgh Steelers,Pit,DEF
4,20.2,Maybeitrythissober,Starter,Drew Brees,NO,QB
4,25.05,Maybeitrythissober,Starter,Randall Cobb,NYJ,WR|W/R/T
4,12.1,Maybeitrythissober,Starter,Alshon Jeffery,Phi,WR|W/R/T
4,0.0,Maybeitrythissober,Starter,Marshawn Lynch,Sea,RB|W/R/T
4,2.5,Maybeitrythissober,Starter,Devonta Freeman,Bal,RB|W/R/T
4,5.3,Maybeitrythissober,Starter,Owen Daniels,Den,TE|W/R/T
4,10.0,Maybeitrythissober,Starter,Sammy Watkins,Bal,WR|W/R/T
4,0.0,Maybeitrythissober,Non-Starter,Stepfan Taylor,Ari,RB|W/R/T
4,0.0,Maybeitrythissober,Non-Starter,Jordan Cameron,Mia,TE|W/R/T
4,0.0,Maybeitrythissober,Non-Starter,Andrew Hawkins,Cle,WR|W/R/T
4,0.0,Maybeitrythissober,Non-Starter,Ladarius Green,Pit,TE|W/R/T
4,12.58,Maybeitrythissober,Non-Starter,Cam Newton,Car,QB
4,5.5,Maybeitrythissober,Starter,Pittsburgh Steelers,Pit,DEF
5,14.74,Maybeitrythissober,Starter,Drew Brees,NO,QB
5,10.15,Maybeitrythissober,Starter,Randall Cobb,NYJ,WR|W/R/T
5,17.2,Maybeitrythissober,Starter,Alshon Jeffery,Phi,WR|W/R/T
5,18.95,Maybeitrythissober,Starter,Marshawn Lynch,Sea,RB|W/R/T
5,0.6,Maybeitrythissober,Starter,Stepfan Taylor,Ari,RB|W/R/T
5,4.05,Maybeitrythissober,Starter,Jordan Cameron,Mia,TE|W/R/T
5,10.45,Maybeitrythissober,Starter,Sammy Watkins,Bal,WR|W/R/T
5,8.25,Maybeitrythissober,Non-Starter,Owen Daniels,Den,TE|W/R/T
5,9.45,Maybeitrythissober,Non-Starter,Devonta Freeman,Bal,RB|W/R/T
5,3.35,Maybeitrythissober,Non-Starter,Andrew Hawkins,Cle,WR|W/R/T
5,1.05,Maybeitrythissober,Non-Starter,Ladarius Green,Pit,TE|W/R/T
5,15.1,Maybeitrythissober,Non-Starter,Cam Newton,Car,QB
5,18.5,Maybeitrythissober,Starter,Pittsburgh Steelers,Pit,DEF
6,34.06,Maybeitrythissober,Starter,Cam Newton,Car,QB
6,13.15,Maybeitrythissober,Starter,Randall Cobb,NYJ,WR|W/R/T
6,14.85,Maybeitrythissober,Starter,Alshon Jeffery,Phi,WR|W/R/T
6,6.45,Maybeitrythissober,Starter,Marshawn Lynch,Sea,RB|W/R/T
6,3.6,Maybeitrythissober,Starter,Devonta Freeman,Bal,RB|W/R/T
6,16.95,Maybeitrythissober,Starter,Jordan Cameron,Mia,TE|W/R/T
6,3.2,Maybeitrythissober,Starter,Sammy Watkins,Bal,WR|W/R/T
6,1.25,Maybeitrythissober,Non-Starter,Stepfan Taylor,Ari,RB|W/R/T
6,0.0,Maybeitrythissober,Non-Starter,Drew Brees,NO,QB
6,3.9,Maybeitrythissober,Non-Starter,Owen Daniels,Den,TE|W/R/T
6,0.0,Maybeitrythissober,Non-Starter,Andrew Hawkins,Cle,WR|W/R/T
6,7.0,Maybeitrythissober,Non-Starter,Ladarius Green,Pit,TE|W/R/T
6,7.0,Maybeitrythissober,Starter,Pittsburgh Steelers,Pit,DEF
7,20.98,Maybeitrythissober,Starter,Drew Brees,NO,QB
7,19.8,Maybeitrythissober,Starter,Randall Cobb,NYJ,WR|W/R/T
7,1.4,Maybeitrythissober,Starter,Alshon Jeffery,Phi,WR|W/R/T
7,7.6,Maybeitrythissober,Starter,Marshawn Lynch,Sea,RB|W/R/T
7,4.95,Maybeitrythissober,Starter,Devonta Freeman,Bal,RB|W/R/T
7,0.75,Maybeitrythissober,Starter,Jordan Cameron,Mia,TE|W/R/T
7,26.45,Maybeitrythissober,Starter,Sammy Watkins,Bal,WR|W/R/T
7,14.3,Maybeitrythissober,Non-Starter,Cam Newton,Car,QB
7,18.4,Maybeitrythissober,Non-Starter,Stepfan Taylor,Ari,RB|W/R/T
7,13.3,Maybeitrythissober,Non-Starter,Owen Daniels,Den,TE|W/R/T
7,13.25,Maybeitrythissober,Non-Starter,Andrew Hawkins,Cle,WR|W/R/T
7,0.0,Maybeitrythissober,Non-Starter,Ladarius Green,Pit,TE|W/R/T
7,9.0,Maybeitrythissober,Starter,Pittsburgh Steelers,Pit,DEF
8,25.04,Maybeitrythissober,Starter,Drew Brees,NO,QB
8,19.85,Maybeitrythissober,Starter,Randall Cobb,NYJ,WR|W/R/T
8,13.15,Maybeitrythissober,Starter,Alshon Jeffery,Phi,WR|W/R/T
8,6.65,Maybeitrythissober,Starter,Marshawn Lynch,Sea,RB|W/R/T
8,0.0,Maybeitrythissober,Starter,Stepfan Taylor,Ari,RB|W/R/T
8,0.0,Maybeitrythissober,Starter,Owen Daniels,Den,TE|W/R/T
8,22.45,Maybeitrythissober,Starter,Sammy Watkins,Bal,WR|W/R/T
8,1.7,Maybeitrythissober,Non-Starter,LeGarrette Blount,Det,RB|W/R/T
8,4.75,Maybeitrythissober,Non-Starter,Jordan Cameron,Mia,TE|W/R/T
8,5.24,Maybeitrythissober,Non-Starter,Cam Newton,Car,QB
8,16.55,Maybeitrythissober,Non-Starter,Andrew Hawkins,Cle,WR|W/R/T
8,1.15,Maybeitrythissober,Non-Starter,Ladarius Green,Pit,TE|W/R/T
8,15.0,Maybeitrythissober,Starter,Pittsburgh Steelers,Pit,DEF
9,18.08,Maybeitrythissober,Starter,Drew Brees,NO,QB
9,4.15,Maybeitrythissober,Starter,Andrew Hawkins,Cle,WR|W/R/T
9,7.0,Maybeitrythissober,Starter,Malcom Floyd,LAC,WR|W/R/T
9,27.55,Maybeitrythissober,Starter,Marshawn Lynch,Sea,RB|W/R/T
9,2.3,Maybeitrythissober,Starter,LeGarrette Blount,Det,RB|W/R/T
9,0.0,Maybeitrythissober,Starter,Jace Amaro,Ten,TE|W/R/T
9,4.5,Maybeitrythissober,Starter,Allen Robinson,Det,WR|W/R/T
9,0.0,Maybeitrythissober,Non-Starter,Stepfan Taylor,Ari,RB|W/R/T
9,0.0,Maybeitrythissober,Non-Starter,Sammy Watkins,Bal,WR|W/R/T
9,0.0,Maybeitrythissober,Non-Starter,Alshon Jeffery,Phi,WR|W/R/T
9,0.0,Maybeitrythissober,Non-Starter,Randall Cobb,NYJ,WR|W/R/T
9,12.34,Maybeitrythissober,Non-Starter,Cam Newton,Car,QB
9,11.5,Maybeitrythissober,Starter,Pittsburgh Steelers,Pit,DEF
10,18.38,Maybeitrythissober,Starter,Drew Brees,NO,QB
10,12.2,Maybeitrythissober,Starter,Randall Cobb,NYJ,WR|W/R/T
10,3.7,Maybeitrythissober,Starter,Sammy Watkins,Bal,WR|W/R/T
10,40.55,Maybeitrythissober,Starter,Marshawn Lynch,Sea,RB|W/R/T
10,0.0,Maybeitrythissober,Starter,LeGarrette Blount,Det,RB|W/R/T
10,7.1,Maybeitrythissober,Starter,Jace Amaro,Ten,TE|W/R/T
10,8.6,Maybeitrythissober,Starter,Alshon Jeffery,Phi,WR|W/R/T
10,9.25,Maybeitrythissober,Non-Starter,Allen Robinson,Det,WR|W/R/T
10,0.0,Maybeitrythissober,Non-Starter,Andrew Hawkins,Cle,WR|W/R/T
10,0.0,Maybeitrythissober,Non-Starter,Malcom Floyd,LAC,WR|W/R/T
10,0.0,Maybeitrythissober,Non-Starter,Stepfan Taylor,Ari,RB|W/R/T
10,10.84,Maybeitrythissober,Non-Starter,Cam Newton,Car,QB
10,8.5,Maybeitrythissober,Starter,Pittsburgh Steelers,Pit,DEF
11,14.5,Maybeitrythissober,Starter,Drew Brees,NO,QB
11,15.4,Maybeitrythissober,Starter,Randall Cobb,NYJ,WR|W/R/T
11,4.25,Maybeitrythissober,Starter,Sammy Watkins,Bal,WR|W/R/T
11,12.75,Maybeitrythissober,Starter,Marshawn Lynch,Sea,RB|W/R/T
11,0.0,Maybeitrythissober,Starter,LeGarrette Blount,Det,RB|W/R/T
11,8.35,Maybeitrythissober,Starter,Heath Miller,Pit,TE|W/R/T
11,22.25,Maybeitrythissober,Starter,Alshon Jeffery,Phi,WR|W/R/T
11,0.0,Maybeitrythissober,Non-Starter,Allen Robinson,Det,WR|W/R/T
11,17.2,Maybeitrythissober,Non-Starter,Andrew Hawkins,Cle,WR|W/R/T
11,11.4,Maybeitrythissober,Non-Starter,Malcom Floyd,LAC,WR|W/R/T
11,1.25,Maybeitrythissober,Non-Starter,Stepfan Taylor,Ari,RB|W/R/T
11,18.68,Maybeitrythissober,Non-Starter,Cam Newton,Car,QB
11,10.5,Maybeitrythissober,Starter,Pittsburgh Steelers,Pit,DEF
12,26.3,Maybeitrythissober,Starter,Drew Brees,NO,QB
12,6.8,Maybeitrythissober,Starter,Randall Cobb,NYJ,WR|W/R/T
12,4.25,Maybeitrythissober,Starter,Sammy Watkins,Bal,WR|W/R/T
12,8.95,Maybeitrythissober,Starter,Marshawn Lynch,Sea,RB|W/R/T
12,0.0,Maybeitrythissober,Starter,Lorenzo Taliaferro,Bal,RB|W/R/T
12,3.45,Maybeitrythissober,Starter,Jared Cook,LAC,TE|W/R/T
12,8.95,Maybeitrythissober,Starter,Alshon Jeffery,Phi,WR|W/R/T
12,0.0,Maybeitrythissober,Non-Starter,Heath Miller,Pit,TE|W/R/T
12,1.4,Maybeitrythissober,Non-Starter,Stepfan Taylor,Ari,RB|W/R/T
12,10.55,Maybeitrythissober,Non-Starter,Andrew Hawkins,Cle,WR|W/R/T
12,4.0,Maybeitrythissober,Non-Starter,Malcom Floyd,LAC,WR|W/R/T
12,0.0,Maybeitrythissober,Non-Starter,Cam Newton,Car,QB
12,5.5,Maybeitrythissober,Starter,Green Bay Packers,GB,DEF
13,30.28,Maybeitrythissober,Starter,Drew Brees,NO,QB
13,11.05,Maybeitrythissober,Starter,Randall Cobb,NYJ,WR|W/R/T
13,21.35,Maybeitrythissober,Starter,Alshon Jeffery,Phi,WR|W/R/T
13,11.35,Maybeitrythissober,Starter,Marshawn Lynch,Sea,RB|W/R/T
13,8.55,Maybeitrythissober,Starter,Stepfan Taylor,Ari,RB|W/R/T
13,0.0,Maybeitrythissober,Starter,Jared Cook,LAC,TE|W/R/T
13,1.85,Maybeitrythissober,Starter,Sammy Watkins,Bal,WR|W/R/T
13,0.0,Maybeitrythissober,Non-Starter,Lorenzo Taliaferro,Bal,RB|W/R/T
13,10.2,Maybeitrythissober,Non-Starter,Heath Miller,Pit,TE|W/R/T
13,2.9,Maybeitrythissober,Non-Starter,Andrew Hawkins,Cle,WR|W/R/T
13,9.25,Maybeitrythissober,Non-Starter,Malcom Floyd,LAC,WR|W/R/T
13,14.66,Maybeitrythissober,Non-Starter,Cam Newton,Car,QB
13,2.0,Maybeitrythissober,Starter,Green Bay Packers,GB,DEF
14,12.0,Maybeitrythissober,Starter,Drew Brees,NO,QB
14,6.7,Maybeitrythissober,Starter,Randall Cobb,NYJ,WR|W/R/T
14,17.0,Maybeitrythissober,Starter,Alshon Jeffery,Phi,WR|W/R/T
14,16.55,Maybeitrythissober,Starter,Marshawn Lynch,Sea,RB|W/R/T
14,2.85,Maybeitrythissober,Starter,Stepfan Taylor,Ari,RB|W/R/T
14,19.1,Maybeitrythissober,Starter,Jared Cook,LAC,TE|W/R/T
14,12.45,Maybeitrythissober,Starter,Sammy Watkins,Bal,WR|W/R/T
14,5.75,Maybeitrythissober,Non-Starter,Lorenzo Taliaferro,Bal,RB|W/R/T
14,8.35,Maybeitrythissober,Non-Starter,Heath Miller,Pit,TE|W/R/T
14,4.8,Maybeitrythissober,Non-Starter,Andrew Hawkins,Cle,WR|W/R/T
14,12.15,Maybeitrythissober,Non-Starter,Malcom Floyd,LAC,WR|W/R/T
14,35.34,Maybeitrythissober,Non-Starter,Cam Newton,Car,QB
14,4.0,Maybeitrythissober,Starter,Green Bay Packers,GB,DEF
15,27.2,Maybeitrythissober,Starter,Drew Brees,NO,QB
15,12.85,Maybeitrythissober,Starter,Randall Cobb,NYJ,WR|W/R/T
15,14.8,Maybeitrythissober,Starter,Alshon Jeffery,Phi,WR|W/R/T
15,16.05,Maybeitrythissober,Starter,Marshawn Lynch,Sea,RB|W/R/T
15,6.1,Maybeitrythissober,Starter,Stepfan Taylor,Ari,RB|W/R/T
15,7.8,Maybeitrythissober,Starter,Heath Miller,Pit,TE|W/R/T
15,3.05,Maybeitrythissober,Starter,Sammy Watkins,Bal,WR|W/R/T
15,2.95,Maybeitrythissober,Non-Starter,Jared Cook,LAC,TE|W/R/T
15,0.0,Maybeitrythissober,Non-Starter,Lorenzo Taliaferro,Bal,RB|W/R/T
15,1.2,Maybeitrythissober,Non-Starter,Andrew Hawkins,Cle,WR|W/R/T
15,4.15,Maybeitrythissober,Non-Starter,Malcom Floyd,LAC,WR|W/R/T
15,0.0,Maybeitrythissober,Non-Starter,Cam Newton,Car,QB
15,10.5,Maybeitrythissober,Starter,Green Bay Packers,GB,DEF
16,11.32,Maybeitrythissober,Starter,Drew Brees,NO,QB
16,15.85,Maybeitrythissober,Starter,Randall Cobb,NYJ,WR|W/R/T
16,14.7,Maybeitrythissober,Starter,Alshon Jeffery,Phi,WR|W/R/T
16,23.3,Maybeitrythissober,Starter,Marshawn Lynch,Sea,RB|W/R/T
16,4.9,Maybeitrythissober,Starter,Stepfan Taylor,Ari,RB|W/R/T
16,8.55,Maybeitrythissober,Starter,Heath Miller,Pit,TE|W/R/T
16,14.25,Maybeitrythissober,Starter,Sammy Watkins,Bal,WR|W/R/T
16,5.35,Maybeitrythissober,Non-Starter,Jared Cook,LAC,TE|W/R/T
16,0.0,Maybeitrythissober,Non-Starter,Lorenzo Taliaferro,Bal,RB|W/R/T
16,3.75,Maybeitrythissober,Non-Starter,Andrew Hawkins,Cle,WR|W/R/T
16,12.0,Maybeitrythissober,Non-Starter,Malcom Floyd,LAC,WR|W/R/T
16,22.34,Maybeitrythissober,Non-Starter,Cam Newton,Car,QB
16,22.5,Maybeitrythissober,Starter,Green Bay Packers,GB,DEF
1,10.26,The Washington Team,Starter,Tom Brady,TB,QB
1,11.75,The Washington Team,Starter,Percy Harvin,Buf,WR|W/R/T
1,13.1,The Washington Team,Starter,Julian Edelman,NE,WR|W/R/T
1,13.15,The Washington Team,Starter,C.J. Spiller,KC,RB|W/R/T
1,5.85,The Washington Team,Starter,Trenton Richardson,Ind,RB|W/R/T
1,14.45,The Washington Team,Starter,Zach Ertz,Was,TE|W/R/T
1,5.45,The Washington Team,Starter,Steven Jackson,NE,RB|W/R/T
1,13.85,The Washington Team,Non-Starter,Mike Wallace,Phi,WR|W/R/T
1,0.0,The Washington Team,Non-Starter,Wes Welker,LAR,WR|W/R/T
1,3.35,The Washington Team,Non-Starter,Heath Miller,Pit,TE|W/R/T
1,6.6,The Washington Team,Non-Starter,LeGarrette Blount,Det,RB|W/R/T
1,18.54,The Washington Team,Non-Starter,Russell Wilson,NYG,QB
1,8.5,The Washington Team,Starter,New England Patriots,NE,DEF
2,9.96,The Washington Team,Starter,Tom Brady,TB,QB
2,9.25,The Washington Team,Starter,Percy Harvin,Buf,WR|W/R/T
2,16.5,The Washington Team,Starter,Julian Edelman,NE,WR|W/R/T
2,14.05,The Washington Team,Starter,C.J. Spiller,KC,RB|W/R/T
2,7.75,The Washington Team,Starter,Trenton Richardson,Ind,RB|W/R/T
2,9.6,The Washington Team,Starter,Zach Ertz,Was,TE|W/R/T
2,12.85,The Washington Team,Starter,Mike Wallace,Phi,WR|W/R/T
2,5.55,The Washington Team,Non-Starter,Steven Jackson,NE,RB|W/R/T
2,0.0,The Washington Team,Non-Starter,Wes Welker,LAR,WR|W/R/T
2,2.5,The Washington Team,Non-Starter,Heath Miller,Pit,TE|W/R/T
2,0.8,The Washington Team,Non-Starter,LeGarrette Blount,Det,RB|W/R/T
2,17.88,The Washington Team,Non-Starter,Russell Wilson,NYG,QB
2,31.5,The Washington Team,Starter,New England Patriots,NE,DEF
3,12.66,The Washington Team,Starter,Tom Brady,TB,QB
3,5.95,The Washington Team,Starter,Percy Harvin,Buf,WR|W/R/T
3,11.4,The Washington Team,Starter,Julian Edelman,NE,WR|W/R/T
3,6.95,The Washington Team,Starter,C.J. Spiller,KC,RB|W/R/T
3,8.75,The Washington Team,Starter,Trenton Richardson,Ind,RB|W/R/T
3,1.9,The Washington Team,Starter,Zach Ertz,Was,TE|W/R/T
3,7.5,The Washington Team,Starter,Wes Welker,LAR,WR|W/R/T
3,9.85,The Washington Team,Non-Starter,Mike Wallace,Phi,WR|W/R/T
3,11.4,The Washington Team,Non-Starter,Steven Jackson,NE,RB|W/R/T
3,6.1,The Washington Team,Non-Starter,Heath Miller,Pit,TE|W/R/T
3,17.8,The Washington Team,Non-Starter,LeGarrette Blount,Det,RB|W/R/T
3,22.27,The Washington Team,Non-Starter,Russell Wilson,NYG,QB
3,8.0,The Washington Team,Starter,New England Patriots,NE,DEF
4,2.36,The Washington Team,Starter,Tom Brady,TB,QB
4,3.3,The Washington Team,Starter,Julian Edelman,NE,WR|W/R/T
4,10.25,The Washington Team,Starter,Mike Wallace,Phi,WR|W/R/T
4,9.15,The Washington Team,Starter,C.J. Spiller,KC,RB|W/R/T
4,16.9,The Washington Team,Starter,Trenton Richardson,Ind,RB|W/R/T
4,3.3,The Washington Team,Starter,Zach Ertz,Was,TE|W/R/T
4,6.7,The Washington Team,Starter,Steven Jackson,NE,RB|W/R/T
4,2.5,The Washington Team,Non-Starter,LeGarrette Blount,Det,RB|W/R/T
4,0.0,The Washington Team,Non-Starter,Wes Welker,LAR,WR|W/R/T
4,0.0,The Washington Team,Non-Starter,Percy Harvin,Buf,WR|W/R/T
4,17.0,The Washington Team,Non-Starter,Heath Miller,Pit,TE|W/R/T
4,0.0,The Washington Team,Non-Starter,Russell Wilson,NYG,QB
4,-1.0,The Washington Team,Starter,New England Patriots,NE,DEF
5,34.24,The Washington Team,Starter,Russell Wilson,NYG,QB
5,4.75,The Washington Team,Starter,Julian Edelman,NE,WR|W/R/T
5,4.4,The Washington Team,Starter,Percy Harvin,Buf,WR|W/R/T
5,4.05,The Washington Team,Starter,C.J. Spiller,KC,RB|W/R/T
5,5.7,The Washington Team,Starter,Trenton Richardson,Ind,RB|W/R/T
5,4.65,The Washington Team,Starter,Zach Ertz,Was,TE|W/R/T
5,7.55,The Washington Team,Starter,Wes Welker,LAR,WR|W/R/T
5,20.98,The Washington Team,Non-Starter,Tom Brady,TB,QB
5,14.65,The Washington Team,Non-Starter,Steven Jackson,NE,RB|W/R/T
5,0.0,The Washington Team,Non-Starter,Mike Wallace,Phi,WR|W/R/T
5,5.35,The Washington Team,Non-Starter,LeGarrette Blount,Det,RB|W/R/T
5,5.35,The Washington Team,Non-Starter,Heath Miller,Pit,TE|W/R/T
5,16.5,The Washington Team,Starter,New England Patriots,NE,DEF
6,10.24,The Washington Team,Starter,Russell Wilson,NYG,QB
6,12.35,The Washington Team,Starter,Julian Edelman,NE,WR|W/R/T
6,0.65,The Washington Team,Starter,Percy Harvin,Buf,WR|W/R/T
6,-0.1,The Washington Team,Starter,C.J. Spiller,KC,RB|W/R/T
6,10.1,The Washington Team,Starter,Trenton Richardson,Ind,RB|W/R/T
6,11.45,The Washington Team,Starter,Zach Ertz,Was,TE|W/R/T
6,1.05,The Washington Team,Starter,Wes Welker,LAR,WR|W/R/T
6,30.74,The Washington Team,Non-Starter,Tom Brady,TB,QB
6,2.5,The Washington Team,Non-Starter,Steven Jackson,NE,RB|W/R/T
6,13.95,The Washington Team,Non-Starter,Mike Wallace,Phi,WR|W/R/T
6,2.7,The Washington Team,Non-Starter,LeGarrette Blount,Det,RB|W/R/T
6,2.4,The Washington Team,Non-Starter,Heath Miller,Pit,TE|W/R/T
6,17.5,The Washington Team,Starter,New England Patriots,NE,DEF
7,22.44,The Washington Team,Starter,Tom Brady,TB,QB
7,6.2,The Washington Team,Starter,Julian Edelman,NE,WR|W/R/T
7,12.25,The Washington Team,Starter,Mike Wallace,Phi,WR|W/R/T
7,5.85,The Washington Team,Starter,C.J. Spiller,KC,RB|W/R/T
7,12.8,The Washington Team,Starter,Trenton Richardson,Ind,RB|W/R/T
7,1.55,The Washington Team,Starter,Heath Miller,Pit,TE|W/R/T
7,11.75,The Washington Team,Starter,Wes Welker,LAR,WR|W/R/T
7,0.0,The Washington Team,Non-Starter,Percy Harvin,Buf,WR|W/R/T
7,0.0,The Washington Team,Non-Starter,Zach Ertz,Was,TE|W/R/T
7,37.12,The Washington Team,Non-Starter,Russell Wilson,NYG,QB
7,2.75,The Washington Team,Non-Starter,Steven Jackson,NE,RB|W/R/T
7,5.75,The Washington Team,Non-Starter,Jermaine Kearse,Det,WR|W/R/T
7,7.5,The Washington Team,Starter,New England Patriots,NE,DEF
8,34.16,The Washington Team,Starter,Tom Brady,TB,QB
8,1.65,The Washington Team,Starter,Julian Edelman,NE,WR|W/R/T
8,6.4,The Washington Team,Starter,Mike Wallace,Phi,WR|W/R/T
8,0.0,The Washington Team,Starter,Trenton Richardson,Ind,RB|W/R/T
8,12.0,The Washington Team,Starter,Steven Jackson,NE,RB|W/R/T
8,6.05,The Washington Team,Starter,Zach Ertz,Was,TE|W/R/T
8,1.0,The Washington Team,Starter,Wes Welker,LAR,WR|W/R/T
8,18.95,The Washington Team,Non-Starter,Heath Miller,Pit,TE|W/R/T
8,5.75,The Washington Team,Non-Starter,Percy Harvin,Buf,WR|W/R/T
8,13.46,The Washington Team,Non-Starter,Russell Wilson,NYG,QB
8,2.0,The Washington Team,Non-Starter,Jermaine Kearse,Det,WR|W/R/T
8,2.5,The Washington Team,Non-Starter,Chris Johnson,Ari,RB|W/R/T
8,16.0,The Washington Team,Starter,New England Patriots,NE,DEF
9,27.72,The Washington Team,Starter,Tom Brady,TB,QB
9,23.15,The Washington Team,Starter,Julian Edelman,NE,WR|W/R/T
9,5.75,The Washington Team,Starter,Mike Wallace,Phi,WR|W/R/T
9,4.7,The Washington Team,Starter,Trenton Richardson,Ind,RB|W/R/T
9,3.3,The Washington Team,Starter,Jonas Gray,Jax,RB|W/R/T
9,0.65,The Washington Team,Starter,Zach Ertz,Was,TE|W/R/T
9,3.85,The Washington Team,Starter,Wes Welker,LAR,WR|W/R/T
9,0.0,The Washington Team,Non-Starter,Steven Jackson,NE,RB|W/R/T
9,16.45,The Washington Team,Non-Starter,Percy Harvin,Buf,WR|W/R/T
9,10.26,The Washington Team,Non-Starter,Russell Wilson,NYG,QB
9,0.65,The Washington Team,Non-Starter,Jermaine Kearse,Det,WR|W/R/T
9,10.6,The Washington Team,Non-Starter,Chris Johnson,Ari,RB|W/R/T
9,13.0,The Washington Team,Starter,New England Patriots,NE,DEF
10,19.58,The Washington Team,Starter,Russell Wilson,NYG,QB
10,12.35,The Washington Team,Starter,Mike Wallace,Phi,WR|W/R/T
10,6.35,The Washington Team,Starter,Percy Harvin,Buf,WR|W/R/T
10,16.0,The Washington Team,Starter,Steven Jackson,NE,RB|W/R/T
10,3.75,The Washington Team,Starter,Chris Johnson,Ari,RB|W/R/T
10,1.95,The Washington Team,Starter,Zach Ertz,Was,TE|W/R/T
10,3.4,The Washington Team,Starter,Wes Welker,LAR,WR|W/R/T
10,0.0,The Washington Team,Non-Starter,Jonas Gray,Jax,RB|W/R/T
10,0.0,The Washington Team,Non-Starter,Trenton Richardson,Ind,RB|W/R/T
10,0.0,The Washington Team,Non-Starter,Julian Edelman,NE,WR|W/R/T
10,0.0,The Washington Team,Non-Starter,Tom Brady,TB,QB
10,11.0,The Washington Team,Starter,San Francisco 49ers,SF,DEF
10,0.0,The Washington Team,Non-Starter,New England Patriots,NE,DEF
11,14.08,The Washington Team,Starter,Tom Brady,TB,QB
11,4.8,The Washington Team,Starter,Mike Wallace,Phi,WR|W/R/T
11,9.35,The Washington Team,Starter,Julian Edelman,NE,WR|W/R/T
11,5.2,The Washington Team,Starter,Steven Jackson,NE,RB|W/R/T
11,7.6,The Washington Team,Starter,Isaiah Crowell,LV,RB|W/R/T
11,6.5,The Washington Team,Starter,Zach Ertz,Was,TE|W/R/T
11,2.35,The Washington Team,Starter,Trenton Richardson,Ind,RB|W/R/T
11,3.8,The Washington Team,Non-Starter,Wes Welker,LAR,WR|W/R/T
11,0.0,The Washington Team,Non-Starter,Chris Johnson,Ari,RB|W/R/T
11,22.22,The Washington Team,Non-Starter,Russell Wilson,NYG,QB
11,0.0,The Washington Team,Non-Starter,Percy Harvin,Buf,WR|W/R/T
11,44.1,The Washington Team,Non-Starter,Jonas Gray,Jax,RB|W/R/T
11,7.5,The Washington Team,Starter,New England Patriots,NE,DEF
12,19.96,The Washington Team,Starter,Tom Brady,TB,QB
12,10.5,The Washington Team,Starter,Mike Wallace,Phi,WR|W/R/T
12,11.65,The Washington Team,Starter,Julian Edelman,NE,WR|W/R/T
12,11.6,The Washington Team,Starter,Steven Jackson,NE,RB|W/R/T
12,0.0,The Washington Team,Starter,Jonas Gray,Jax,RB|W/R/T
12,4.0,The Washington Team,Starter,Zach Ertz,Was,TE|W/R/T
12,0.45,The Washington Team,Starter,Percy Harvin,Buf,WR|W/R/T
12,20.8,The Washington Team,Non-Starter,Isaiah Crowell,LV,RB|W/R/T
12,10.2,The Washington Team,Non-Starter,Trenton Richardson,Ind,RB|W/R/T
12,8.8,The Washington Team,Non-Starter,Wes Welker,LAR,WR|W/R/T
12,6.95,The Washington Team,Non-Starter,Chris Johnson,Ari,RB|W/R/T
12,19.74,The Washington Team,Non-Starter,Russell Wilson,NYG,QB
12,11.5,The Washington Team,Starter,New England Patriots,NE,DEF
13,17.7,The Washington Team,Starter,Tom Brady,TB,QB
13,8.4,The Washington Team,Starter,Mike Wallace,Phi,WR|W/R/T
13,6.55,The Washington Team,Starter,Julian Edelman,NE,WR|W/R/T
13,10.1,The Washington Team,Starter,Steven Jackson,NE,RB|W/R/T
13,4.65,The Washington Team,Starter,Isaiah Crowell,LV,RB|W/R/T
13,0.0,The Washington Team,Starter,Zach Ertz,Was,TE|W/R/T
13,1.2,The Washington Team,Starter,Trenton Richardson,Ind,RB|W/R/T
13,3.55,The Washington Team,Non-Starter,Percy Harvin,Buf,WR|W/R/T
13,0.4,The Washington Team,Non-Starter,Jonas Gray,Jax,RB|W/R/T
13,1.45,The Washington Team,Non-Starter,Wes Welker,LAR,WR|W/R/T
13,10.5,The Washington Team,Non-Starter,Chris Johnson,Ari,RB|W/R/T
13,16.94,The Washington Team,Non-Starter,Russell Wilson,NYG,QB
13,5.5,The Washington Team,Starter,New England Patriots,NE,DEF
1,17.96,Football Yankees,Starter,Jay Cutler,Mia,QB
1,3.0,Football Yankees,Starter,Michael Crabtree,Ari,WR|W/R/T
1,8.65,Football Yankees,Starter,Eric Decker,Ten,WR|W/R/T
1,5.25,Football Yankees,Starter,Eddie Lacy,Sea,RB|W/R/T
1,5.35,Football Yankees,Starter,Zac Stacy,NYJ,RB|W/R/T
1,11.0,Football Yankees,Starter,Rob Gronkowski,TB,TE|W/R/T
1,5.75,Football Yankees,Starter,Torrey Smith,Car,WR|W/R/T
1,12.0,Football Yankees,Non-Starter,Terrance Williams,Dal,WR|W/R/T
1,5.3,Football Yankees,Non-Starter,James Starks,GB,RB|W/R/T
1,5.65,Football Yankees,Non-Starter,Travis Kelce,KC,TE|W/R/T
1,6.1,Football Yankees,Non-Starter,Benny Cunningham,Chi,RB|W/R/T
1,0.0,Football Yankees,Non-Starter,Cody Latimer,Was,WR|W/R/T
1,6.0,Football Yankees,Starter,Tampa Bay Buccaneers,TB,DEF
2,25.54,Football Yankees,Starter,Jay Cutler,Mia,QB
2,15.95,Football Yankees,Starter,Michael Crabtree,Ari,WR|W/R/T
2,13.3,Football Yankees,Starter,Eric Decker,Ten,WR|W/R/T
2,6.6,Football Yankees,Starter,Eddie Lacy,Sea,RB|W/R/T
2,11.1,Football Yankees,Starter,Zac Stacy,NYJ,RB|W/R/T
2,4.2,Football Yankees,Starter,Rob Gronkowski,TB,TE|W/R/T
2,1.25,Football Yankees,Starter,Torrey Smith,Car,WR|W/R/T
2,2.5,Football Yankees,Non-Starter,Terrance Williams,Dal,WR|W/R/T
2,0.0,Football Yankees,Non-Starter,James Starks,GB,RB|W/R/T
2,9.1,Football Yankees,Non-Starter,Travis Kelce,KC,TE|W/R/T
2,2.15,Football Yankees,Non-Starter,Benny Cunningham,Chi,RB|W/R/T
2,3.1,Football Yankees,Non-Starter,C.J. Anderson,Det,RB|W/R/T
2,7.5,Football Yankees,Starter,Green Bay Packers,GB,DEF
3,16.4,Football Yankees,Starter,Jay Cutler,Mia,QB
3,16.9,Football Yankees,Starter,Michael Crabtree,Ari,WR|W/R/T
3,2.15,Football Yankees,Starter,Eric Decker,Ten,WR|W/R/T
3,2.75,Football Yankees,Starter,Eddie Lacy,Sea,RB|W/R/T
3,13.35,Football Yankees,Starter,Zac Stacy,NYJ,RB|W/R/T
3,11.15,Football Yankees,Starter,Rob Gronkowski,TB,TE|W/R/T
3,3.0,Football Yankees,Starter,Torrey Smith,Car,WR|W/R/T
3,9.7,Football Yankees,Non-Starter,Terrance Williams,Dal,WR|W/R/T
3,3.8,Football Yankees,Non-Starter,James Starks,GB,RB|W/R/T
3,0.05,Football Yankees,Non-Starter,C.J. Anderson,Det,RB|W/R/T
3,15.85,Football Yankees,Non-Starter,Jeremy Kerley,Buf,WR|W/R/T
3,-0.3,Football Yankees,Non-Starter,Damien Williams,Ari,RB|W/R/T
3,9.0,Football Yankees,Starter,New Orleans Saints,NO,DEF
4,17.14,Football Yankees,Starter,Jay Cutler,Mia,QB
4,5.55,Football Yankees,Starter,Michael Crabtree,Ari,WR|W/R/T
4,21.2,Football Yankees,Starter,Terrance Williams,Dal,WR|W/R/T
4,12.15,Football Yankees,Starter,Eddie Lacy,Sea,RB|W/R/T
4,11.8,Football Yankees,Starter,Lorenzo Taliaferro,Bal,RB|W/R/T
4,9.6,Football Yankees,Starter,Rob Gronkowski,TB,TE|W/R/T
4,11.8,Football Yankees,Starter,Torrey Smith,Car,WR|W/R/T
4,0.0,Football Yankees,Non-Starter,James Starks,GB,RB|W/R/T
4,0.0,Football Yankees,Non-Starter,Zac Stacy,NYJ,RB|W/R/T
4,11.8,Football Yankees,Non-Starter,Eric Decker,Ten,WR|W/R/T
4,0.0,Football Yankees,Non-Starter,C.J. Anderson,Det,RB|W/R/T
4,3.8,Football Yankees,Non-Starter,Jordan Matthews,Car,WR|W/R/T
4,12.0,Football Yankees,Starter,Detroit Lions,Det,DEF
5,21.76,Football Yankees,Starter,Jay Cutler,Mia,QB
5,1.85,Football Yankees,Starter,Michael Crabtree,Ari,WR|W/R/T
5,13.6,Football Yankees,Starter,Terrance Williams,Dal,WR|W/R/T
5,25.95,Football Yankees,Starter,Eddie Lacy,Sea,RB|W/R/T
5,6.8,Football Yankees,Starter,Zac Stacy,NYJ,RB|W/R/T
5,17.5,Football Yankees,Starter,Rob Gronkowski,TB,TE|W/R/T
5,4.55,Football Yankees,Starter,Torrey Smith,Car,WR|W/R/T
5,1.8,Football Yankees,Non-Starter,Lorenzo Taliaferro,Bal,RB|W/R/T
5,5.3,Football Yankees,Non-Starter,James Starks,GB,RB|W/R/T
5,0.0,Football Yankees,Non-Starter,Eric Decker,Ten,WR|W/R/T
5,0.0,Football Yankees,Non-Starter,C.J. Anderson,Det,RB|W/R/T
5,15.25,Football Yankees,Non-Starter,Antone Smith,TB,RB|W/R/T
5,17.0,Football Yankees,Starter,Detroit Lions,Det,DEF
6,21.64,Football Yankees,Starter,Jay Cutler,Mia,QB
6,11.65,Football Yankees,Starter,Michael Crabtree,Ari,WR|W/R/T
6,7.5,Football Yankees,Starter,Terrance Williams,Dal,WR|W/R/T
6,4.0,Football Yankees,Starter,Eddie Lacy,Sea,RB|W/R/T
6,3.9,Football Yankees,Starter,Zac Stacy,NYJ,RB|W/R/T
6,11.15,Football Yankees,Starter,Rob Gronkowski,TB,TE|W/R/T
6,18.1,Football Yankees,Starter,Torrey Smith,Car,WR|W/R/T
6,5.2,Football Yankees,Non-Starter,Lorenzo Taliaferro,Bal,RB|W/R/T
6,4.7,Football Yankees,Non-Starter,James Starks,GB,RB|W/R/T
6,12.9,Football Yankees,Non-Starter,Eric Decker,Ten,WR|W/R/T
6,0.0,Football Yankees,Non-Starter,C.J. Anderson,Det,RB|W/R/T
6,4.05,Football Yankees,Non-Starter,Juwan Thompson,Den,RB|W/R/T
6,28.5,Football Yankees,Starter,Detroit Lions,Det,DEF
7,7.9,Football Yankees,Starter,Jay Cutler,Mia,QB
7,3.7,Football Yankees,Starter,Michael Crabtree,Ari,WR|W/R/T
7,8.05,Football Yankees,Starter,Terrance Williams,Dal,WR|W/R/T
7,14.05,Football Yankees,Starter,Eddie Lacy,Sea,RB|W/R/T
7,8.1,Football Yankees,Starter,Bernard Pierce,Jax,RB|W/R/T
7,8.05,Football Yankees,Starter,Rob Gronkowski,TB,TE|W/R/T
7,14.85,Football Yankees,Starter,Torrey Smith,Car,WR|W/R/T
7,0.0,Football Yankees,Non-Starter,Zac Stacy,NYJ,RB|W/R/T
7,0.3,Football Yankees,Non-Starter,Lorenzo Taliaferro,Bal,RB|W/R/T
7,10.55,Football Yankees,Non-Starter,James Starks,GB,RB|W/R/T
7,7.5,Football Yankees,Non-Starter,Eric Decker,Ten,WR|W/R/T
7,3.0,Football Yankees,Non-Starter,Juwan Thompson,Den,RB|W/R/T
7,9.0,Football Yankees,Starter,Detroit Lions,Det,DEF
8,21.68,Football Yankees,Starter,Jay Cutler,Mia,QB
8,8.4,Football Yankees,Starter,Terrance Williams,Dal,WR|W/R/T
8,5.75,Football Yankees,Starter,Eric Decker,Ten,WR|W/R/T
8,20.2,Football Yankees,Starter,Eddie Lacy,Sea,RB|W/R/T
8,12.05,Football Yankees,Starter,Denard Robinson,Jax,WR|RB|W/R/T
8,35.15,Football Yankees,Starter,Rob Gronkowski,TB,TE|W/R/T
8,0.0,Football Yankees,Starter,Torrey Smith,Car,WR|W/R/T
8,0.0,Football Yankees,Non-Starter,Bernard Pierce,Jax,RB|W/R/T
8,0.0,Football Yankees,Non-Starter,Michael Crabtree,Ari,WR|W/R/T
8,4.45,Football Yankees,Non-Starter,Zac Stacy,NYJ,RB|W/R/T
8,0.5,Football Yankees,Non-Starter,James Starks,GB,RB|W/R/T
8,14.4,Football Yankees,Non-Starter,Juwan Thompson,Den,RB|W/R/T
8,7.5,Football Yankees,Starter,Detroit Lions,Det,DEF
9,17.76,Football Yankees,Starter,Carson Palmer,Ari,QB
9,2.4,Football Yankees,Starter,Terrance Williams,Dal,WR|W/R/T
9,14.55,Football Yankees,Starter,Eric Decker,Ten,WR|W/R/T
9,16.9,Football Yankees,Starter,Denard Robinson,Jax,WR|RB|W/R/T
9,1.45,Football Yankees,Starter,Juwan Thompson,Den,RB|W/R/T
9,18.75,Football Yankees,Starter,Rob Gronkowski,TB,TE|W/R/T
9,13.3,Football Yankees,Starter,Torrey Smith,Car,WR|W/R/T
9,0.0,Football Yankees,Non-Starter,Jay Cutler,Mia,QB
9,0.0,Football Yankees,Non-Starter,Eddie Lacy,Sea,RB|W/R/T
9,5.25,Football Yankees,Non-Starter,Michael Crabtree,Ari,WR|W/R/T
9,0.0,Football Yankees,Non-Starter,Zac Stacy,NYJ,RB|W/R/T
9,13.5,Football Yankees,Starter,San Francisco 49ers,SF,DEF
9,0.0,Football Yankees,Non-Starter,Detroit Lions,Det,DEF
10,6.88,Football Yankees,Starter,Jay Cutler,Mia,QB
10,0.0,Football Yankees,Starter,Terrance Williams,Dal,WR|W/R/T
10,3.15,Football Yankees,Starter,Eric Decker,Ten,WR|W/R/T
10,17.5,Football Yankees,Starter,Denard Robinson,Jax,WR|RB|W/R/T
10,18.55,Football Yankees,Starter,Eddie Lacy,Sea,RB|W/R/T
10,13.9,Football Yankees,Starter,Mychal Rivera,LV,TE|W/R/T
10,14.75,Football Yankees,Starter,Torrey Smith,Car,WR|W/R/T
10,0.0,Football Yankees,Non-Starter,Rob Gronkowski,TB,TE|W/R/T
10,0.8,Football Yankees,Non-Starter,Juwan Thompson,Den,RB|W/R/T
10,7.74,Football Yankees,Non-Starter,Carson Palmer,Ari,QB
10,6.95,Football Yankees,Non-Starter,Michael Crabtree,Ari,WR|W/R/T
10,6.2,Football Yankees,Non-Starter,Anthony Dixon,Buf,RB|W/R/T
10,13.0,Football Yankees,Starter,Detroit Lions,Det,DEF
11,23.3,Football Yankees,Starter,Jay Cutler,Mia,QB
11,15.25,Football Yankees,Starter,Michael Crabtree,Ari,WR|W/R/T
11,17.95,Football Yankees,Starter,Jordan Matthews,Car,WR|W/R/T
11,24.15,Football Yankees,Starter,Eddie Lacy,Sea,RB|W/R/T
11,13.5,Football Yankees,Starter,C.J. Anderson,Det,RB|W/R/T
11,14.1,Football Yankees,Starter,Rob Gronkowski,TB,TE|W/R/T
11,4.75,Football Yankees,Starter,Mychal Rivera,LV,TE|W/R/T
11,0.0,Football Yankees,Non-Starter,Eric Decker,Ten,WR|W/R/T
11,0.0,Football Yankees,Non-Starter,Denard Robinson,Jax,WR|RB|W/R/T
11,0.0,Football Yankees,Non-Starter,Terrance Williams,Dal,WR|W/R/T
11,0.0,Football Yankees,Non-Starter,Torrey Smith,Car,WR|W/R/T
11,4.3,Football Yankees,Non-Starter,Damien Williams,Ari,RB|W/R/T
11,8.5,Football Yankees,Starter,Detroit Lions,Det,DEF
12,7.2,Football Yankees,Starter,Jay Cutler,Mia,QB
12,9.2,Football Yankees,Starter,Jordan Matthews,Car,WR|W/R/T
12,11.05,Football Yankees,Starter,Torrey Smith,Car,WR|W/R/T
12,26.3,Football Yankees,Starter,Eddie Lacy,Sea,RB|W/R/T
12,26.5,Football Yankees,Starter,C.J. Anderson,Det,RB|W/R/T
12,9.05,Football Yankees,Starter,Rob Gronkowski,TB,TE|W/R/T
12,6.2,Football Yankees,Starter,Denard Robinson,Jax,WR|RB|W/R/T
12,7.05,Football Yankees,Non-Starter,Michael Crabtree,Ari,WR|W/R/T
12,7.3,Football Yankees,Non-Starter,Eric Decker,Ten,WR|W/R/T
12,2.05,Football Yankees,Non-Starter,Terrance Williams,Dal,WR|W/R/T
12,0.0,Football Yankees,Non-Starter,Joseph Randle,Dal,RB|W/R/T
12,17.5,Football Yankees,Starter,Los Angeles Chargers,LAC,DEF
12,5.5,Football Yankees,Non-Starter,Detroit Lions,Det,DEF
13,15.1,Football Yankees,Starter,Jay Cutler,Mia,QB
13,12.1,Football Yankees,Starter,Jordan Matthews,Car,WR|W/R/T
13,20.0,Football Yankees,Starter,Torrey Smith,Car,WR|W/R/T
13,12.0,Football Yankees,Starter,Eddie Lacy,Sea,RB|W/R/T
13,25.0,Football Yankees,Starter,C.J. Anderson,Det,RB|W/R/T
13,11.55,Football Yankees,Starter,Rob Gronkowski,TB,TE|W/R/T
13,6.15,Football Yankees,Starter,Denard Robinson,Jax,WR|RB|W/R/T
13,1.75,Football Yankees,Non-Starter,Michael Crabtree,Ari,WR|W/R/T
13,2.3,Football Yankees,Non-Starter,Eric Decker,Ten,WR|W/R/T
13,4.3,Football Yankees,Non-Starter,Terrance Williams,Dal,WR|W/R/T
13,0.75,Football Yankees,Non-Starter,Joseph Randle,Dal,RB|W/R/T
13,12.0,Football Yankees,Starter,Detroit Lions,Det,DEF
13,7.0,Football Yankees,Non-Starter,Baltimore,Bal,DEF
14,26.54,Football Yankees,Starter,Jay Cutler,Mia,QB
14,2.8,Football Yankees,Starter,Jordan Matthews,Car,WR|W/R/T
14,0.0,Football Yankees,Starter,Torrey Smith,Car,WR|W/R/T
14,23.85,Football Yankees,Starter,Eddie Lacy,Sea,RB|W/R/T
14,23.8,Football Yankees,Starter,C.J. Anderson,Det,RB|W/R/T
14,16.7,Football Yankees,Starter,Rob Gronkowski,TB,TE|W/R/T
14,3.0,Football Yankees,Starter,Denard Robinson,Jax,WR|RB|W/R/T
14,7.85,Football Yankees,Non-Starter,Michael Crabtree,Ari,WR|W/R/T
14,10.4,Football Yankees,Non-Starter,Eric Decker,Ten,WR|W/R/T
14,0.0,Football Yankees,Non-Starter,Terrance Williams,Dal,WR|W/R/T
14,7.7,Football Yankees,Non-Starter,Joseph Randle,Dal,RB|W/R/T
14,20.0,Football Yankees,Starter,Detroit Lions,Det,DEF
14,14.0,Football Yankees,Non-Starter,Baltimore,Bal,DEF
15,13.76,Football Yankees,Starter,Jay Cutler,Mia,QB
15,0.0,Football Yankees,Starter,Jordan Matthews,Car,WR|W/R/T
15,11.75,Football Yankees,Starter,Eric Decker,Ten,WR|W/R/T
15,17.3,Football Yankees,Starter,Eddie Lacy,Sea,RB|W/R/T
15,10.1,Football Yankees,Starter,C.J. Anderson,Det,RB|W/R/T
15,16.35,Football Yankees,Starter,Rob Gronkowski,TB,TE|W/R/T
15,2.65,Football Yankees,Starter,Michael Crabtree,Ari,WR|W/R/T
15,2.1,Football Yankees,Non-Starter,Torrey Smith,Car,WR|W/R/T
15,0.0,Football Yankees,Non-Starter,Denard Robinson,Jax,WR|RB|W/R/T
15,2.4,Football Yankees,Non-Starter,Terrance Williams,Dal,WR|W/R/T
15,3.15,Football Yankees,Non-Starter,James Starks,GB,RB|W/R/T
15,28.5,Football Yankees,Starter,Baltimore,Bal,DEF
15,14.5,Football Yankees,Non-Starter,Detroit Lions,Det,DEF
16,0.0,Football Yankees,Starter,Jay Cutler,Mia,QB
16,6.55,Football Yankees,Starter,Jordan Matthews,Car,WR|W/R/T
16,2.6,Football Yankees,Starter,Eric Decker,Ten,WR|W/R/T
16,16.65,Football Yankees,Starter,Eddie Lacy,Sea,RB|W/R/T
16,21.8,Football Yankees,Starter,C.J. Anderson,Det,RB|W/R/T
16,10.6,Football Yankees,Starter,Rob Gronkowski,TB,TE|W/R/T
16,0.75,Football Yankees,Starter,Michael Crabtree,Ari,WR|W/R/T
16,19.15,Football Yankees,Non-Starter,Torrey Smith,Car,WR|W/R/T
16,0.0,Football Yankees,Non-Starter,Denard Robinson,Jax,WR|RB|W/R/T
16,17.7,Football Yankees,Non-Starter,Terrance Williams,Dal,WR|W/R/T
16,3.5,Football Yankees,Non-Starter,James Starks,GB,RB|W/R/T
16,8.0,Football Yankees,Starter,Baltimore,Bal,DEF
16,10.5,Football Yankees,Non-Starter,Detroit Lions,Det,DEF
1,30.04,Riley's Racists,Starter,Matthew Stafford,LAR,QB
1,13.1,Riley's Racists,Starter,Brandon Marshall,Sea,WR|W/R/T
1,10.3,Riley's Racists,Starter,Emmanuel Sanders,Buf,WR|W/R/T
1,14.8,Riley's Racists,Starter,Montee Ball,Den,RB|W/R/T
1,7.9,Riley's Racists,Starter,Reggie Bush,Buf,RB|W/R/T
1,9.6,Riley's Racists,Starter,Antonio Gates,LAC,TE|W/R/T
1,5.35,Riley's Racists,Starter,T.Y. Hilton,Dal,WR|W/R/T
1,16.7,Riley's Racists,Non-Starter,Jeremy Maclin,Bal,WR|W/R/T
1,11.9,Riley's Racists,Non-Starter,Anquan Boldin,Det,WR|W/R/T
1,1.9,Riley's Racists,Non-Starter,Jeremy Hill,NE,RB|W/R/T
1,16.5,Riley's Racists,Non-Starter,Joe Flacco,Cle,QB
1,0.0,Riley's Racists,Non-Starter,Christine Michael,Ind,RB|W/R/T
1,21.0,Riley's Racists,Starter,San Francisco 49ers,SF,DEF
2,14.44,Riley's Racists,Starter,Matthew Stafford,LAR,QB
2,12.6,Riley's Racists,Starter,Emmanuel Sanders,Buf,WR|W/R/T
2,8.0,Riley's Racists,Starter,T.Y. Hilton,Dal,WR|W/R/T
2,9.65,Riley's Racists,Starter,Montee Ball,Den,RB|W/R/T
2,16.1,Riley's Racists,Starter,Jeremy Hill,NE,RB|W/R/T
2,29.35,Riley's Racists,Starter,Antonio Gates,LAC,TE|W/R/T
2,8.2,Riley's Racists,Starter,Justin Forsett,Det,RB|W/R/T
2,24.05,Riley's Racists,Non-Starter,Brandon Marshall,Sea,WR|W/R/T
2,3.9,Riley's Racists,Non-Starter,Anquan Boldin,Det,WR|W/R/T
2,3.7,Riley's Racists,Non-Starter,Reggie Bush,Buf,RB|W/R/T
2,11.5,Riley's Racists,Non-Starter,Jeremy Maclin,Bal,WR|W/R/T
2,14.94,Riley's Racists,Non-Starter,Joe Flacco,Cle,QB
2,7.0,Riley's Racists,Starter,San Francisco 49ers,SF,DEF
3,4.64,Riley's Racists,Starter,Matthew Stafford,LAR,QB
3,17.65,Riley's Racists,Starter,Emmanuel Sanders,Buf,WR|W/R/T
3,9.25,Riley's Racists,Starter,T.Y. Hilton,Dal,WR|W/R/T
3,2.9,Riley's Racists,Starter,Montee Ball,Den,RB|W/R/T
3,7.5,Riley's Racists,Starter,Justin Forsett,Det,RB|W/R/T
3,1.05,Riley's Racists,Starter,Antonio Gates,LAC,TE|W/R/T
3,0.85,Riley's Racists,Starter,Brandon Marshall,Sea,WR|W/R/T
3,9.9,Riley's Racists,Non-Starter,Jeremy Hill,NE,RB|W/R/T
3,5.1,Riley's Racists,Non-Starter,Anquan Boldin,Det,WR|W/R/T
3,17.4,Riley's Racists,Non-Starter,Reggie Bush,Buf,RB|W/R/T
3,23.4,Riley's Racists,Non-Starter,Jeremy Maclin,Bal,WR|W/R/T
3,11.28,Riley's Racists,Non-Starter,Joe Flacco,Cle,QB
3,3.0,Riley's Racists,Starter,San Francisco 49ers,SF,DEF
4,26.52,Riley's Racists,Starter,Matthew Stafford,LAR,QB
4,7.45,Riley's Racists,Starter,Anquan Boldin,Det,WR|W/R/T
4,12.5,Riley's Racists,Starter,T.Y. Hilton,Dal,WR|W/R/T
4,16.45,Riley's Racists,Starter,Justin Forsett,Det,RB|W/R/T
4,7.5,Riley's Racists,Starter,Reggie Bush,Buf,RB|W/R/T
4,3.75,Riley's Racists,Starter,Antonio Gates,LAC,TE|W/R/T
4,8.4,Riley's Racists,Starter,Brandon Marshall,Sea,WR|W/R/T
4,6.7,Riley's Racists,Non-Starter,Jeremy Maclin,Bal,WR|W/R/T
4,0.0,Riley's Racists,Non-Starter,Emmanuel Sanders,Buf,WR|W/R/T
4,0.0,Riley's Racists,Non-Starter,Montee Ball,Den,RB|W/R/T
4,0.0,Riley's Racists,Non-Starter,Jeremy Hill,NE,RB|W/R/T
4,25.38,Riley's Racists,Non-Starter,Joe Flacco,Cle,QB
4,13.0,Riley's Racists,Starter,San Francisco 49ers,SF,DEF
5,12.04,Riley's Racists,Starter,Matthew Stafford,LAR,QB
5,12.65,Riley's Racists,Starter,Emmanuel Sanders,Buf,WR|W/R/T
5,5.15,Riley's Racists,Starter,Brandon Marshall,Sea,WR|W/R/T
5,17.45,Riley's Racists,Starter,Justin Forsett,Det,RB|W/R/T
5,4.8,Riley's Racists,Starter,Reggie Bush,Buf,RB|W/R/T
5,19.0,Riley's Racists,Starter,Antonio Gates,LAC,TE|W/R/T
5,2.3,Riley's Racists,Starter,Montee Ball,Den,RB|W/R/T
5,11.25,Riley's Racists,Non-Starter,T.Y. Hilton,Dal,WR|W/R/T
5,8.2,Riley's Racists,Non-Starter,Anquan Boldin,Det,WR|W/R/T
5,14.85,Riley's Racists,Non-Starter,Jeremy Maclin,Bal,WR|W/R/T
5,7.65,Riley's Racists,Non-Starter,Jeremy Hill,NE,RB|W/R/T
5,7.4,Riley's Racists,Non-Starter,Joe Flacco,Cle,QB
5,5.0,Riley's Racists,Starter,San Francisco 49ers,SF,DEF
6,32.24,Riley's Racists,Starter,Joe Flacco,Cle,QB
6,4.55,Riley's Racists,Starter,Emmanuel Sanders,Buf,WR|W/R/T
6,12.8,Riley's Racists,Starter,Brandon Marshall,Sea,WR|W/R/T
6,11.1,Riley's Racists,Starter,Justin Forsett,Det,RB|W/R/T
6,10.5,Riley's Racists,Starter,Jeremy Hill,NE,RB|W/R/T
6,9.45,Riley's Racists,Starter,Antonio Gates,LAC,TE|W/R/T
6,2.1,Riley's Racists,Starter,Jeremy Maclin,Bal,WR|W/R/T
6,11.5,Riley's Racists,Non-Starter,Matthew Stafford,LAR,QB
6,0.0,Riley's Racists,Non-Starter,Reggie Bush,Buf,RB|W/R/T
6,0.0,Riley's Racists,Non-Starter,Montee Ball,Den,RB|W/R/T
6,30.55,Riley's Racists,Non-Starter,T.Y. Hilton,Dal,WR|W/R/T
6,17.15,Riley's Racists,Non-Starter,Anquan Boldin,Det,WR|W/R/T
6,18.5,Riley's Racists,Starter,San Francisco 49ers,SF,DEF
7,16.06,Riley's Racists,Starter,Matthew Stafford,LAR,QB
7,10.85,Riley's Racists,Starter,Emmanuel Sanders,Buf,WR|W/R/T
7,6.3,Riley's Racists,Starter,Brandon Marshall,Sea,WR|W/R/T
7,9.5,Riley's Racists,Starter,Justin Forsett,Det,RB|W/R/T
7,1.5,Riley's Racists,Starter,Jeremy Hill,NE,RB|W/R/T
7,12.85,Riley's Racists,Starter,Antonio Gates,LAC,TE|W/R/T
7,12.45,Riley's Racists,Starter,T.Y. Hilton,Dal,WR|W/R/T
7,0.0,Riley's Racists,Non-Starter,Jeremy Maclin,Bal,WR|W/R/T
7,4.45,Riley's Racists,Non-Starter,Reggie Bush,Buf,RB|W/R/T
7,0.0,Riley's Racists,Non-Starter,Montee Ball,Den,RB|W/R/T
7,6.75,Riley's Racists,Non-Starter,Anquan Boldin,Det,WR|W/R/T
7,1.4,Riley's Racists,Non-Starter,Antone Smith,TB,RB|W/R/T
7,1.0,Riley's Racists,Starter,San Francisco 49ers,SF,DEF
8,19.9,Riley's Racists,Starter,Matthew Stafford,LAR,QB
8,32.85,Riley's Racists,Starter,Emmanuel Sanders,Buf,WR|W/R/T
8,4.25,Riley's Racists,Starter,Brandon Marshall,Sea,WR|W/R/T
8,11.25,Riley's Racists,Starter,Justin Forsett,Det,RB|W/R/T
8,0.5,Riley's Racists,Starter,Antone Smith,TB,RB|W/R/T
8,18.65,Riley's Racists,Starter,Antonio Gates,LAC,TE|W/R/T
8,23.0,Riley's Racists,Starter,T.Y. Hilton,Dal,WR|W/R/T
8,6.3,Riley's Racists,Non-Starter,Jeremy Hill,NE,RB|W/R/T
8,33.7,Riley's Racists,Non-Starter,Jeremy Maclin,Bal,WR|W/R/T
8,0.0,Riley's Racists,Non-Starter,Reggie Bush,Buf,RB|W/R/T
8,0.0,Riley's Racists,Non-Starter,Montee Ball,Den,RB|W/R/T
8,0.0,Riley's Racists,Non-Starter,Anquan Boldin,Det,WR|W/R/T
8,23.0,Riley's Racists,Starter,Kansas City Chiefs,KC,DEF
9,0.0,Riley's Racists,Starter,Matthew Stafford,LAR,QB
9,17.6,Riley's Racists,Starter,Emmanuel Sanders,Buf,WR|W/R/T
9,29.3,Riley's Racists,Starter,Jeremy Maclin,Bal,WR|W/R/T
9,11.75,Riley's Racists,Starter,Justin Forsett,Det,RB|W/R/T
9,28.55,Riley's Racists,Starter,Jeremy Hill,NE,RB|W/R/T
9,3.55,Riley's Racists,Starter,Antonio Gates,LAC,TE|W/R/T
9,13.85,Riley's Racists,Starter,T.Y. Hilton,Dal,WR|W/R/T
9,0.0,Riley's Racists,Non-Starter,Antone Smith,TB,RB|W/R/T
9,0.0,Riley's Racists,Non-Starter,Brandon Marshall,Sea,WR|W/R/T
9,0.0,Riley's Racists,Non-Starter,Reggie Bush,Buf,RB|W/R/T
9,0.0,Riley's Racists,Non-Starter,Montee Ball,Den,RB|W/R/T
9,16.8,Riley's Racists,Non-Starter,Anquan Boldin,Det,WR|W/R/T
9,10.5,Riley's Racists,Starter,Kansas City Chiefs,KC,DEF
10,17.1,Riley's Racists,Starter,Matthew Stafford,LAR,QB
10,4.55,Riley's Racists,Starter,Jeremy Maclin,Bal,WR|W/R/T
10,19.2,Riley's Racists,Starter,Brandon Marshall,Sea,WR|W/R/T
10,23.2,Riley's Racists,Starter,Justin Forsett,Det,RB|W/R/T
10,4.35,Riley's Racists,Starter,Jeremy Hill,NE,RB|W/R/T
10,0.0,Riley's Racists,Starter,Antonio Gates,LAC,TE|W/R/T
10,20.45,Riley's Racists,Starter,Emmanuel Sanders,Buf,WR|W/R/T
10,0.0,Riley's Racists,Non-Starter,T.Y. Hilton,Dal,WR|W/R/T
10,0.3,Riley's Racists,Non-Starter,Antone Smith,TB,RB|W/R/T
10,2.75,Riley's Racists,Non-Starter,Reggie Bush,Buf,RB|W/R/T
10,0.0,Riley's Racists,Non-Starter,Montee Ball,Den,RB|W/R/T
10,17.0,Riley's Racists,Non-Starter,Anquan Boldin,Det,WR|W/R/T
10,14.0,Riley's Racists,Starter,Kansas City Chiefs,KC,DEF
11,5.32,Riley's Racists,Starter,Matthew Stafford,LAR,QB
11,3.15,Riley's Racists,Starter,T.Y. Hilton,Dal,WR|W/R/T
11,22.75,Riley's Racists,Starter,Brandon Marshall,Sea,WR|W/R/T
11,16.75,Riley's Racists,Starter,Jeremy Hill,NE,RB|W/R/T
11,0.0,Riley's Racists,Starter,Montee Ball,Den,RB|W/R/T
11,3.95,Riley's Racists,Starter,Antonio Gates,LAC,TE|W/R/T
11,17.45,Riley's Racists,Starter,Emmanuel Sanders,Buf,WR|W/R/T
11,6.55,Riley's Racists,Non-Starter,Anquan Boldin,Det,WR|W/R/T
11,17.55,Riley's Racists,Non-Starter,Jeremy Maclin,Bal,WR|W/R/T
11,0.0,Riley's Racists,Non-Starter,Justin Forsett,Det,RB|W/R/T
11,0.55,Riley's Racists,Non-Starter,Antone Smith,TB,RB|W/R/T
11,0.0,Riley's Racists,Non-Starter,Reggie Bush,Buf,RB|W/R/T
11,6.0,Riley's Racists,Starter,Kansas City Chiefs,KC,DEF
12,10.36,Riley's Racists,Starter,Matthew Stafford,LAR,QB
12,20.7,Riley's Racists,Starter,T.Y. Hilton,Dal,WR|W/R/T
12,3.95,Riley's Racists,Starter,Brandon Marshall,Sea,WR|W/R/T
12,15.85,Riley's Racists,Starter,Jeremy Hill,NE,RB|W/R/T
12,31.5,Riley's Racists,Starter,Justin Forsett,Det,RB|W/R/T
12,1.9,Riley's Racists,Starter,Antonio Gates,LAC,TE|W/R/T
12,7.4,Riley's Racists,Starter,Jeremy Maclin,Bal,WR|W/R/T
12,17.05,Riley's Racists,Non-Starter,Emmanuel Sanders,Buf,WR|W/R/T
12,0.0,Riley's Racists,Non-Starter,Montee Ball,Den,RB|W/R/T
12,21.95,Riley's Racists,Non-Starter,Anquan Boldin,Det,WR|W/R/T
12,0.0,Riley's Racists,Non-Starter,Reggie Bush,Buf,RB|W/R/T
12,23.2,Riley's Racists,Non-Starter,Latavius Murray,Buf,RB|W/R/T
12,6.0,Riley's Racists,Starter,Kansas City Chiefs,KC,DEF
13,21.6,Riley's Racists,Starter,Matthew Stafford,LAR,QB
13,13.45,Riley's Racists,Starter,T.Y. Hilton,Dal,WR|W/R/T
13,5.7,Riley's Racists,Starter,Brandon Marshall,Sea,WR|W/R/T
13,6.2,Riley's Racists,Starter,Jeremy Hill,NE,RB|W/R/T
13,12.8,Riley's Racists,Starter,Justin Forsett,Det,RB|W/R/T
13,10.05,Riley's Racists,Starter,Antonio Gates,LAC,TE|W/R/T
13,8.8,Riley's Racists,Starter,Emmanuel Sanders,Buf,WR|W/R/T
13,12.8,Riley's Racists,Non-Starter,Jeremy Maclin,Bal,WR|W/R/T
13,0.0,Riley's Racists,Non-Starter,Montee Ball,Den,RB|W/R/T
13,2.55,Riley's Racists,Non-Starter,Anquan Boldin,Det,WR|W/R/T
13,0.0,Riley's Racists,Non-Starter,Latavius Murray,Buf,RB|W/R/T
13,5.8,Riley's Racists,Non-Starter,LeGarrette Blount,Det,RB|W/R/T
13,30.5,Riley's Racists,Starter,Minnesota Vikings,Min,DEF
14,24.24,Riley's Racists,Starter,Matthew Stafford,LAR,QB
14,27.5,Riley's Racists,Starter,T.Y. Hilton,Dal,WR|W/R/T
14,6.85,Riley's Racists,Starter,Brandon Marshall,Sea,WR|W/R/T
14,14.3,Riley's Racists,Starter,Justin Forsett,Det,RB|W/R/T
14,7.45,Riley's Racists,Starter,Jeremy Hill,NE,RB|W/R/T
14,4.65,Riley's Racists,Starter,Antonio Gates,LAC,TE|W/R/T
14,7.9,Riley's Racists,Starter,Emmanuel Sanders,Buf,WR|W/R/T
14,9.0,Riley's Racists,Non-Starter,Latavius Murray,Buf,RB|W/R/T
14,8.85,Riley's Racists,Non-Starter,Jeremy Maclin,Bal,WR|W/R/T
14,0.0,Riley's Racists,Non-Starter,Montee Ball,Den,RB|W/R/T
14,6.8,Riley's Racists,Non-Starter,Anquan Boldin,Det,WR|W/R/T
14,8.2,Riley's Racists,Non-Starter,LeGarrette Blount,Det,RB|W/R/T
14,15.0,Riley's Racists,Starter,Minnesota Vikings,Min,DEF
15,10.32,Riley's Racists,Starter,Matthew Stafford,LAR,QB
15,6.0,Riley's Racists,Starter,T.Y. Hilton,Dal,WR|W/R/T
15,6.05,Riley's Racists,Starter,Emmanuel Sanders,Buf,WR|W/R/T
15,4.95,Riley's Racists,Starter,Justin Forsett,Det,RB|W/R/T
15,27.45,Riley's Racists,Starter,Jeremy Hill,NE,RB|W/R/T
15,12.9,Riley's Racists,Starter,Antonio Gates,LAC,TE|W/R/T
15,8.9,Riley's Racists,Starter,LeGarrette Blount,Det,RB|W/R/T
15,0.0,Riley's Racists,Non-Starter,Brandon Marshall,Sea,WR|W/R/T
15,8.1,Riley's Racists,Non-Starter,Latavius Murray,Buf,RB|W/R/T
15,10.8,Riley's Racists,Non-Starter,Jeremy Maclin,Bal,WR|W/R/T
15,2.8,Riley's Racists,Non-Starter,Anquan Boldin,Det,WR|W/R/T
15,9.1,Riley's Racists,Non-Starter,Kerwynn Williams,Ari,RB|W/R/T
15,4.0,Riley's Racists,Starter,Minnesota Vikings,Min,DEF
16,5.92,Riley's Racists,Starter,Matthew Stafford,LAR,QB
16,20.5,Riley's Racists,Starter,Emmanuel Sanders,Buf,WR|W/R/T
16,7.2,Riley's Racists,Starter,Jeremy Maclin,Bal,WR|W/R/T
16,18.7,Riley's Racists,Starter,Jeremy Hill,NE,RB|W/R/T
16,11.55,Riley's Racists,Starter,Latavius Murray,Buf,RB|W/R/T
16,22.95,Riley's Racists,Starter,Antonio Gates,LAC,TE|W/R/T
16,4.2,Riley's Racists,Starter,Justin Forsett,Det,RB|W/R/T
16,0.0,Riley's Racists,Non-Starter,LeGarrette Blount,Det,RB|W/R/T
16,0.0,Riley's Racists,Non-Starter,T.Y. Hilton,Dal,WR|W/R/T
16,0.0,Riley's Racists,Non-Starter,Brandon Marshall,Sea,WR|W/R/T
16,7.85,Riley's Racists,Non-Starter,Anquan Boldin,Det,WR|W/R/T
16,0.4,Riley's Racists,Non-Starter,Kerwynn Williams,Ari,RB|W/R/T
16,2.5,Riley's Racists,Starter,Minnesota Vikings,Min,DEF
1,9.24,DeStonewall Jacksons,Starter,Tony Romo,Dal,QB
1,2.45,DeStonewall Jacksons,Starter,Larry Fitzgerald,Ari,WR|W/R/T
1,7.3,DeStonewall Jacksons,Starter,DeSean Jackson,Bal,WR|W/R/T
1,18.9,DeStonewall Jacksons,Starter,Matt Forte,NYJ,RB|W/R/T
1,12.5,DeStonewall Jacksons,Starter,Ryan Mathews,Phi,RB|W/R/T
1,17.4,DeStonewall Jacksons,Starter,Vernon Davis,Was,TE|W/R/T
1,0.65,DeStonewall Jacksons,Starter,Jordan Reed,SF,TE|W/R/T
1,31.42,DeStonewall Jacksons,Non-Starter,Matt Ryan,Ind,QB
1,8.8,DeStonewall Jacksons,Non-Starter,Khiry Robinson,NYJ,RB|W/R/T
1,13.3,DeStonewall Jacksons,Non-Starter,Greg Jennings,Mia,WR|W/R/T
1,3.1,DeStonewall Jacksons,Non-Starter,Brian Hartline,Cle,WR|W/R/T
1,0.0,DeStonewall Jacksons,Non-Starter,Ronnie Hillman,LAC,RB|W/R/T
1,3.0,DeStonewall Jacksons,Starter,Baltimore,Bal,DEF
2,10.04,DeStonewall Jacksons,Starter,Matt Ryan,Ind,QB
2,6.6,DeStonewall Jacksons,Starter,Larry Fitzgerald,Ari,WR|W/R/T
2,2.15,DeStonewall Jacksons,Starter,DeSean Jackson,Bal,WR|W/R/T
2,4.85,DeStonewall Jacksons,Starter,Matt Forte,NYJ,RB|W/R/T
2,6.2,DeStonewall Jacksons,Starter,Ryan Mathews,Phi,RB|W/R/T
2,4.65,DeStonewall Jacksons,Starter,Vernon Davis,Was,TE|W/R/T
2,0.65,DeStonewall Jacksons,Starter,Greg Jennings,Mia,WR|W/R/T
2,11.04,DeStonewall Jacksons,Non-Starter,Tony Romo,Dal,QB
2,0.0,DeStonewall Jacksons,Non-Starter,Jordan Reed,SF,TE|W/R/T
2,1.1,DeStonewall Jacksons,Non-Starter,Khiry Robinson,NYJ,RB|W/R/T
2,4.85,DeStonewall Jacksons,Non-Starter,Brian Hartline,Cle,WR|W/R/T
2,0.0,DeStonewall Jacksons,Non-Starter,Ronnie Hillman,LAC,RB|W/R/T
2,16.5,DeStonewall Jacksons,Starter,Baltimore,Bal,DEF
3,23.64,DeStonewall Jacksons,Starter,Matt Ryan,Ind,QB
3,2.15,DeStonewall Jacksons,Starter,Larry Fitzgerald,Ari,WR|W/R/T
3,18.95,DeStonewall Jacksons,Starter,DeSean Jackson,Bal,WR|W/R/T
3,9.1,DeStonewall Jacksons,Starter,Matt Forte,NYJ,RB|W/R/T
3,6.9,DeStonewall Jacksons,Starter,Khiry Robinson,NYJ,RB|W/R/T
3,8.3,DeStonewall Jacksons,Starter,Niles Paul,Jax,TE|W/R/T
3,7.85,DeStonewall Jacksons,Starter,Matt Asiata,Min,RB|W/R/T
3,8.25,DeStonewall Jacksons,Non-Starter,Greg Jennings,Mia,WR|W/R/T
3,0.0,DeStonewall Jacksons,Non-Starter,Ryan Mathews,Phi,RB|W/R/T
3,0.0,DeStonewall Jacksons,Non-Starter,Vernon Davis,Was,TE|W/R/T
3,14.08,DeStonewall Jacksons,Non-Starter,Tony Romo,Dal,QB
3,0.0,DeStonewall Jacksons,Non-Starter,Jordan Reed,SF,TE|W/R/T
3,6.0,DeStonewall Jacksons,Starter,Baltimore,Bal,DEF
4,20.12,DeStonewall Jacksons,Starter,Matt Ryan,Ind,QB
4,1.15,DeStonewall Jacksons,Starter,DeSean Jackson,Bal,WR|W/R/T
4,7.95,DeStonewall Jacksons,Starter,Greg Jennings,Mia,WR|W/R/T
4,18.35,DeStonewall Jacksons,Starter,Matt Forte,NYJ,RB|W/R/T
4,11.0,DeStonewall Jacksons,Starter,Khiry Robinson,NYJ,RB|W/R/T
4,6.75,DeStonewall Jacksons,Starter,Niles Paul,Jax,TE|W/R/T
4,28.75,DeStonewall Jacksons,Starter,Matt Asiata,Min,RB|W/R/T
4,0.0,DeStonewall Jacksons,Non-Starter,Larry Fitzgerald,Ari,WR|W/R/T
4,0.0,DeStonewall Jacksons,Non-Starter,Ryan Mathews,Phi,RB|W/R/T
4,1.3,DeStonewall Jacksons,Non-Starter,Vernon Davis,Was,TE|W/R/T
4,24.48,DeStonewall Jacksons,Non-Starter,Tony Romo,Dal,QB
4,0.0,DeStonewall Jacksons,Non-Starter,Jordan Reed,SF,TE|W/R/T
4,10.5,DeStonewall Jacksons,Starter,Baltimore,Bal,DEF
5,14.64,DeStonewall Jacksons,Starter,Matt Ryan,Ind,QB
5,6.45,DeStonewall Jacksons,Starter,Larry Fitzgerald,Ari,WR|W/R/T
5,4.95,DeStonewall Jacksons,Starter,Dwayne Bowe,Cle,WR|W/R/T
5,23.6,DeStonewall Jacksons,Starter,Matt Forte,NYJ,RB|W/R/T
5,15.95,DeStonewall Jacksons,Starter,Khiry Robinson,NYJ,RB|W/R/T
5,1.3,DeStonewall Jacksons,Starter,Eric Ebron,Pit,TE|W/R/T
5,5.2,DeStonewall Jacksons,Starter,Matt Asiata,Min,RB|W/R/T
5,22.95,DeStonewall Jacksons,Non-Starter,DeSean Jackson,Bal,WR|W/R/T
5,0.85,DeStonewall Jacksons,Non-Starter,Niles Paul,Jax,TE|W/R/T
5,0.0,DeStonewall Jacksons,Non-Starter,Ryan Mathews,Phi,RB|W/R/T
5,0.0,DeStonewall Jacksons,Non-Starter,Vernon Davis,Was,TE|W/R/T
5,18.96,DeStonewall Jacksons,Non-Starter,Tony Romo,Dal,QB
5,12.5,DeStonewall Jacksons,Starter,Baltimore,Bal,DEF
6,12.74,DeStonewall Jacksons,Starter,Matt Ryan,Ind,QB
6,17.3,DeStonewall Jacksons,Starter,Larry Fitzgerald,Ari,WR|W/R/T
6,18.75,DeStonewall Jacksons,Starter,DeSean Jackson,Bal,WR|W/R/T
6,30.2,DeStonewall Jacksons,Starter,Matt Forte,NYJ,RB|W/R/T
6,1.55,DeStonewall Jacksons,Starter,Matt Asiata,Min,RB|W/R/T
6,2.8,DeStonewall Jacksons,Starter,Eric Ebron,Pit,TE|W/R/T
6,3.3,DeStonewall Jacksons,Starter,Odell Beckham,Mia,WR|W/R/T
6,3.75,DeStonewall Jacksons,Non-Starter,Vernon Davis,Was,TE|W/R/T
6,0.0,DeStonewall Jacksons,Non-Starter,Khiry Robinson,NYJ,RB|W/R/T
6,0.95,DeStonewall Jacksons,Non-Starter,Niles Paul,Jax,TE|W/R/T
6,0.0,DeStonewall Jacksons,Non-Starter,Ryan Mathews,Phi,RB|W/R/T
6,15.9,DeStonewall Jacksons,Non-Starter,Tony Romo,Dal,QB
6,12.5,DeStonewall Jacksons,Starter,Baltimore,Bal,DEF
7,21.66,DeStonewall Jacksons,Starter,Tony Romo,Dal,QB
7,3.1,DeStonewall Jacksons,Starter,Larry Fitzgerald,Ari,WR|W/R/T
7,5.65,DeStonewall Jacksons,Starter,DeSean Jackson,Bal,WR|W/R/T
7,24.4,DeStonewall Jacksons,Starter,Matt Forte,NYJ,RB|W/R/T
7,3.95,DeStonewall Jacksons,Starter,Matt Asiata,Min,RB|W/R/T
7,2.6,DeStonewall Jacksons,Starter,Vernon Davis,Was,TE|W/R/T
7,17.7,DeStonewall Jacksons,Starter,Odell Beckham,Mia,WR|W/R/T
7,0.0,DeStonewall Jacksons,Non-Starter,Eric Ebron,Pit,TE|W/R/T
7,11.82,DeStonewall Jacksons,Non-Starter,Matt Ryan,Ind,QB
7,0.6,DeStonewall Jacksons,Non-Starter,Khiry Robinson,NYJ,RB|W/R/T
7,6.3,DeStonewall Jacksons,Non-Starter,Niles Paul,Jax,TE|W/R/T
7,0.0,DeStonewall Jacksons,Non-Starter,Ryan Mathews,Phi,RB|W/R/T
7,18.5,DeStonewall Jacksons,Starter,Baltimore,Bal,DEF
8,12.46,DeStonewall Jacksons,Starter,Tony Romo,Dal,QB
8,15.1,DeStonewall Jacksons,Starter,DeSean Jackson,Bal,WR|W/R/T
8,23.75,DeStonewall Jacksons,Starter,Larry Fitzgerald,Ari,WR|W/R/T
8,26.3,DeStonewall Jacksons,Starter,Matt Forte,NYJ,RB|W/R/T
8,3.7,DeStonewall Jacksons,Starter,Matt Asiata,Min,RB|W/R/T
8,3.45,DeStonewall Jacksons,Starter,Niles Paul,Jax,TE|W/R/T
8,5.7,DeStonewall Jacksons,Starter,Travaris Cadet,Car,RB|W/R/T
8,0.0,DeStonewall Jacksons,Non-Starter,Khiry Robinson,NYJ,RB|W/R/T
8,0.0,DeStonewall Jacksons,Non-Starter,Odell Beckham,Mia,WR|W/R/T
8,0.0,DeStonewall Jacksons,Non-Starter,Vernon Davis,Was,TE|W/R/T
8,0.0,DeStonewall Jacksons,Non-Starter,Eric Ebron,Pit,TE|W/R/T
8,15.72,DeStonewall Jacksons,Non-Starter,Matt Ryan,Ind,QB
8,7.5,DeStonewall Jacksons,Starter,Baltimore,Bal,DEF
9,14.44,DeStonewall Jacksons,Starter,Robert Griffin,Bal,QB
9,19.0,DeStonewall Jacksons,Starter,DeSean Jackson,Bal,WR|W/R/T
9,8.25,DeStonewall Jacksons,Starter,Larry Fitzgerald,Ari,WR|W/R/T
9,26.7,DeStonewall Jacksons,Starter,Matt Asiata,Min,RB|W/R/T
9,8.25,DeStonewall Jacksons,Starter,Peyton Hillis,NYG,RB|W/R/T
9,2.3,DeStonewall Jacksons,Starter,Niles Paul,Jax,TE|W/R/T
9,3.75,DeStonewall Jacksons,Starter,Travaris Cadet,Car,RB|W/R/T
9,0.0,DeStonewall Jacksons,Non-Starter,Matt Forte,NYJ,RB|W/R/T
9,0.0,DeStonewall Jacksons,Non-Starter,Tony Romo,Dal,QB
9,17.6,DeStonewall Jacksons,Non-Starter,Odell Beckham,Mia,WR|W/R/T
9,2.4,DeStonewall Jacksons,Non-Starter,Vernon Davis,Was,TE|W/R/T
9,0.0,DeStonewall Jacksons,Non-Starter,Matt Ryan,Ind,QB
9,10.5,DeStonewall Jacksons,Starter,Baltimore,Bal,DEF
10,15.66,DeStonewall Jacksons,Starter,Matt Ryan,Ind,QB
10,13.45,DeStonewall Jacksons,Starter,Larry Fitzgerald,Ari,WR|W/R/T
10,13.65,DeStonewall Jacksons,Starter,Odell Beckham,Mia,WR|W/R/T
10,1.15,DeStonewall Jacksons,Starter,Peyton Hillis,NYG,RB|W/R/T
10,8.85,DeStonewall Jacksons,Starter,Matt Forte,NYJ,RB|W/R/T
10,1.05,DeStonewall Jacksons,Starter,Vernon Davis,Was,TE|W/R/T
10,0.85,DeStonewall Jacksons,Starter,Riley Cooper,Phi,WR|W/R/T
10,3.45,DeStonewall Jacksons,Non-Starter,Travaris Cadet,Car,RB|W/R/T
10,21.84,DeStonewall Jacksons,Non-Starter,Tony Romo,Dal,QB
10,0.0,DeStonewall Jacksons,Non-Starter,Matt Asiata,Min,RB|W/R/T
10,0.0,DeStonewall Jacksons,Non-Starter,DeSean Jackson,Bal,WR|W/R/T
10,0.0,DeStonewall Jacksons,Non-Starter,Robert Griffin,Bal,QB
10,18.5,DeStonewall Jacksons,Starter,Baltimore,Bal,DEF
11,10.38,DeStonewall Jacksons,Starter,Robert Griffin,Bal,QB
11,3.8,DeStonewall Jacksons,Starter,Larry Fitzgerald,Ari,WR|W/R/T
11,10.8,DeStonewall Jacksons,Starter,Odell Beckham,Mia,WR|W/R/T
11,19.0,DeStonewall Jacksons,Starter,Matt Forte,NYJ,RB|W/R/T
11,2.15,DeStonewall Jacksons,Starter,Matt Asiata,Min,RB|W/R/T
11,1.35,DeStonewall Jacksons,Starter,Vernon Davis,Was,TE|W/R/T
11,4.7,DeStonewall Jacksons,Starter,DeSean Jackson,Bal,WR|W/R/T
11,0.0,DeStonewall Jacksons,Non-Starter,Tony Romo,Dal,QB
11,0.0,DeStonewall Jacksons,Non-Starter,Kyle Rudolph,TB,TE|W/R/T
11,0.65,DeStonewall Jacksons,Non-Starter,Greg Jennings,Mia,WR|W/R/T
11,0.0,DeStonewall Jacksons,Non-Starter,Toby Gerhart,Jax,RB|W/R/T
11,14.5,DeStonewall Jacksons,Starter,Houston,Hou,DEF
11,0.0,DeStonewall Jacksons,Non-Starter,Baltimore,Bal,DEF
12,24.8,DeStonewall Jacksons,Starter,Tony Romo,Dal,QB
12,28.9,DeStonewall Jacksons,Starter,Odell Beckham,Mia,WR|W/R/T
12,18.75,DeStonewall Jacksons,Starter,Jarvis Landry,NO,WR|W/R/T
12,24.45,DeStonewall Jacksons,Starter,Matt Forte,NYJ,RB|W/R/T
12,8.85,DeStonewall Jacksons,Starter,Dan Herron,Ind,RB|W/R/T
12,2.85,DeStonewall Jacksons,Starter,Vernon Davis,Was,TE|W/R/T
12,4.4,DeStonewall Jacksons,Starter,DeSean Jackson,Bal,WR|W/R/T
12,0.0,DeStonewall Jacksons,Non-Starter,Larry Fitzgerald,Ari,WR|W/R/T
12,0.0,DeStonewall Jacksons,Non-Starter,Matt Asiata,Min,RB|W/R/T
12,5.75,DeStonewall Jacksons,Non-Starter,Kyle Rudolph,TB,TE|W/R/T
12,10.8,DeStonewall Jacksons,Non-Starter,Greg Jennings,Mia,WR|W/R/T
12,12.5,DeStonewall Jacksons,Starter,Houston,Hou,DEF
12,15.5,DeStonewall Jacksons,Non-Starter,Baltimore,Bal,DEF
13,3.86,DeStonewall Jacksons,Starter,Tony Romo,Dal,QB
13,11.15,DeStonewall Jacksons,Starter,Odell Beckham,Mia,WR|W/R/T
13,8.8,DeStonewall Jacksons,Starter,Jarvis Landry,NO,WR|W/R/T
13,7.3,DeStonewall Jacksons,Starter,Matt Forte,NYJ,RB|W/R/T
13,14.1,DeStonewall Jacksons,Starter,Dan Herron,Ind,RB|W/R/T
13,2.85,DeStonewall Jacksons,Starter,Mychal Rivera,LV,TE|W/R/T
13,15.65,DeStonewall Jacksons,Starter,DeSean Jackson,Bal,WR|W/R/T
13,1.8,DeStonewall Jacksons,Non-Starter,Vernon Davis,Was,TE|W/R/T
13,0.0,DeStonewall Jacksons,Non-Starter,Larry Fitzgerald,Ari,WR|W/R/T
13,6.7,DeStonewall Jacksons,Non-Starter,Matt Asiata,Min,RB|W/R/T
13,7.2,DeStonewall Jacksons,Non-Starter,Kyle Rudolph,TB,TE|W/R/T
13,11.75,DeStonewall Jacksons,Non-Starter,Greg Jennings,Mia,WR|W/R/T
13,15.0,DeStonewall Jacksons,Starter,Houston,Hou,DEF
14,20.0,DeStonewall Jacksons,Starter,Tony Romo,Dal,QB
14,22.65,DeStonewall Jacksons,Starter,Odell Beckham,Mia,WR|W/R/T
14,7.0,DeStonewall Jacksons,Starter,Jarvis Landry,NO,WR|W/R/T
14,18.0,DeStonewall Jacksons,Starter,Matt Forte,NYJ,RB|W/R/T
14,8.1,DeStonewall Jacksons,Starter,Dan Herron,Ind,RB|W/R/T
14,18.65,DeStonewall Jacksons,Starter,Mychal Rivera,LV,TE|W/R/T
14,0.0,DeStonewall Jacksons,Starter,DeSean Jackson,Bal,WR|W/R/T
14,3.1,DeStonewall Jacksons,Non-Starter,Vernon Davis,Was,TE|W/R/T
14,4.4,DeStonewall Jacksons,Non-Starter,Larry Fitzgerald,Ari,WR|W/R/T
14,7.15,DeStonewall Jacksons,Non-Starter,Matt Asiata,Min,RB|W/R/T
14,1.4,DeStonewall Jacksons,Non-Starter,Kyle Rudolph,TB,TE|W/R/T
14,6.45,DeStonewall Jacksons,Non-Starter,Greg Jennings,Mia,WR|W/R/T
14,13.5,DeStonewall Jacksons,Starter,Houston,Hou,DEF
15,20.5,DeStonewall Jacksons,Starter,Tony Romo,Dal,QB
15,33.3,DeStonewall Jacksons,Starter,Odell Beckham,Mia,WR|W/R/T
15,11.9,DeStonewall Jacksons,Starter,Jarvis Landry,NO,WR|W/R/T
15,10.4,DeStonewall Jacksons,Starter,Matt Forte,NYJ,RB|W/R/T
15,7.7,DeStonewall Jacksons,Starter,Dan Herron,Ind,RB|W/R/T
15,5.65,DeStonewall Jacksons,Starter,Mychal Rivera,LV,TE|W/R/T
15,3.15,DeStonewall Jacksons,Starter,DeSean Jackson,Bal,WR|W/R/T
15,0.0,DeStonewall Jacksons,Non-Starter,Vernon Davis,Was,TE|W/R/T
15,4.75,DeStonewall Jacksons,Non-Starter,Larry Fitzgerald,Ari,WR|W/R/T
15,16.35,DeStonewall Jacksons,Non-Starter,Matt Asiata,Min,RB|W/R/T
15,8.65,DeStonewall Jacksons,Non-Starter,Kyle Rudolph,TB,TE|W/R/T
15,11.05,DeStonewall Jacksons,Non-Starter,Greg Jennings,Mia,WR|W/R/T
15,16.5,DeStonewall Jacksons,Starter,Houston,Hou,DEF
16,27.52,DeStonewall Jacksons,Starter,Tony Romo,Dal,QB
16,28.8,DeStonewall Jacksons,Starter,Odell Beckham,Mia,WR|W/R/T
16,3.1,DeStonewall Jacksons,Starter,Jarvis Landry,NO,WR|W/R/T
16,17.0,DeStonewall Jacksons,Starter,Matt Forte,NYJ,RB|W/R/T
16,4.75,DeStonewall Jacksons,Starter,Dan Herron,Ind,RB|W/R/T
16,0.75,DeStonewall Jacksons,Starter,Mychal Rivera,LV,TE|W/R/T
16,13.6,DeStonewall Jacksons,Starter,DeSean Jackson,Bal,WR|W/R/T
16,0.0,DeStonewall Jacksons,Non-Starter,Vernon Davis,Was,TE|W/R/T
16,4.3,DeStonewall Jacksons,Non-Starter,Larry Fitzgerald,Ari,WR|W/R/T
16,22.45,DeStonewall Jacksons,Non-Starter,Matt Asiata,Min,RB|W/R/T
16,0.0,DeStonewall Jacksons,Non-Starter,Kyle Rudolph,TB,TE|W/R/T
16,12.35,DeStonewall Jacksons,Non-Starter,Greg Jennings,Mia,WR|W/R/T
16,17.5,DeStonewall Jacksons,Starter,Houston,Hou,DEF
1,9.56,Cock Enchilada,Starter,Aaron Rodgers,Pit,QB
1,10.8,Cock Enchilada,Starter,Andre Johnson,Ten,WR|W/R/T
1,4.6,Cock Enchilada,Starter,Vincent Jackson,TB,WR|W/R/T
1,19.05,Cock Enchilada,Starter,DeMarco Murray,Ten,RB|W/R/T
1,9.1,Cock Enchilada,Starter,Alfred Morris,NYG,RB|W/R/T
1,10.8,Cock Enchilada,Starter,Dennis Pitta,Bal,TE|W/R/T
1,7.1,Cock Enchilada,Starter,Shonn Greene,Ten,RB|W/R/T
1,-0.2,Cock Enchilada,Non-Starter,Donald Brown,LAC,RB|W/R/T
1,0.0,Cock Enchilada,Non-Starter,Jarrett Boykin,GB,WR|W/R/T
1,10.15,Cock Enchilada,Non-Starter,James Jones,GB,WR|W/R/T
1,2.5,Cock Enchilada,Non-Starter,Miles Austin,Phi,WR|W/R/T
1,3.2,Cock Enchilada,Non-Starter,Charles Clay,Ari,TE|W/R/T
1,13.5,Cock Enchilada,Starter,Carolina Panthers,Car,DEF
2,28.64,Cock Enchilada,Starter,Aaron Rodgers,Pit,QB
2,8.9,Cock Enchilada,Starter,Andre Johnson,Ten,WR|W/R/T
2,6.1,Cock Enchilada,Starter,Vincent Jackson,TB,WR|W/R/T
2,21.55,Cock Enchilada,Starter,DeMarco Murray,Ten,RB|W/R/T
2,20.5,Cock Enchilada,Starter,Alfred Morris,NYG,RB|W/R/T
2,3.75,Cock Enchilada,Starter,Dennis Pitta,Bal,TE|W/R/T
2,4.0,Cock Enchilada,Starter,Shonn Greene,Ten,RB|W/R/T
2,3.85,Cock Enchilada,Non-Starter,Donald Brown,LAC,RB|W/R/T
2,0.85,Cock Enchilada,Non-Starter,Jarrett Boykin,GB,WR|W/R/T
2,17.45,Cock Enchilada,Non-Starter,James Jones,GB,WR|W/R/T
2,11.9,Cock Enchilada,Non-Starter,Miles Austin,Phi,WR|W/R/T
2,4.85,Cock Enchilada,Non-Starter,Charles Clay,Ari,TE|W/R/T
2,17.0,Cock Enchilada,Starter,Carolina Panthers,Car,DEF
3,10.48,Cock Enchilada,Starter,Aaron Rodgers,Pit,QB
3,3.4,Cock Enchilada,Starter,Andre Johnson,Ten,WR|W/R/T
3,8.0,Cock Enchilada,Starter,Vincent Jackson,TB,WR|W/R/T
3,18.1,Cock Enchilada,Starter,DeMarco Murray,Ten,RB|W/R/T
3,7.7,Cock Enchilada,Starter,Alfred Morris,NYG,RB|W/R/T
3,1.95,Cock Enchilada,Starter,Dennis Pitta,Bal,TE|W/R/T
3,9.3,Cock Enchilada,Starter,Shonn Greene,Ten,RB|W/R/T
3,10.15,Cock Enchilada,Non-Starter,Donald Brown,LAC,RB|W/R/T
3,1.35,Cock Enchilada,Non-Starter,Jarrett Boykin,GB,WR|W/R/T
3,5.05,Cock Enchilada,Non-Starter,James Jones,GB,WR|W/R/T
3,12.6,Cock Enchilada,Non-Starter,Miles Austin,Phi,WR|W/R/T
3,2.85,Cock Enchilada,Non-Starter,Charles Clay,Ari,TE|W/R/T
3,2.5,Cock Enchilada,Starter,Carolina Panthers,Car,DEF
4,28.88,Cock Enchilada,Starter,Aaron Rodgers,Pit,QB
4,6.6,Cock Enchilada,Starter,Andre Johnson,Ten,WR|W/R/T
4,9.95,Cock Enchilada,Starter,Vincent Jackson,TB,WR|W/R/T
4,27.75,Cock Enchilada,Starter,DeMarco Murray,Ten,RB|W/R/T
4,15.75,Cock Enchilada,Starter,Alfred Morris,NYG,RB|W/R/T
4,0.0,Cock Enchilada,Starter,Brandon Myers,TB,TE|W/R/T
4,9.8,Cock Enchilada,Starter,James Jones,GB,WR|W/R/T
4,1.0,Cock Enchilada,Non-Starter,Shonn Greene,Ten,RB|W/R/T
4,6.4,Cock Enchilada,Non-Starter,Donald Brown,LAC,RB|W/R/T
4,0.0,Cock Enchilada,Non-Starter,Jarrett Boykin,GB,WR|W/R/T
4,0.0,Cock Enchilada,Non-Starter,Miles Austin,Phi,WR|W/R/T
4,3.7,Cock Enchilada,Non-Starter,Charles Clay,Ari,TE|W/R/T
4,-2.5,Cock Enchilada,Starter,Carolina Panthers,Car,DEF
5,18.24,Cock Enchilada,Starter,Aaron Rodgers,Pit,QB
5,7.05,Cock Enchilada,Starter,Andre Johnson,Ten,WR|W/R/T
5,16.4,Cock Enchilada,Starter,Vincent Jackson,TB,WR|W/R/T
5,18.7,Cock Enchilada,Starter,DeMarco Murray,Ten,RB|W/R/T
5,2.95,Cock Enchilada,Starter,Alfred Morris,NYG,RB|W/R/T
5,0.0,Cock Enchilada,Starter,Brandon Myers,TB,TE|W/R/T
5,3.25,Cock Enchilada,Starter,Donald Brown,LAC,RB|W/R/T
5,0.0,Cock Enchilada,Non-Starter,James Jones,GB,WR|W/R/T
5,3.6,Cock Enchilada,Non-Starter,Shonn Greene,Ten,RB|W/R/T
5,0.0,Cock Enchilada,Non-Starter,Jarrett Boykin,GB,WR|W/R/T
5,5.9,Cock Enchilada,Non-Starter,Miles Austin,Phi,WR|W/R/T
5,0.0,Cock Enchilada,Non-Starter,Charles Clay,Ari,TE|W/R/T
5,21.0,Cock Enchilada,Starter,Carolina Panthers,Car,DEF
6,25.96,Cock Enchilada,Starter,Aaron Rodgers,Pit,QB
6,15.65,Cock Enchilada,Starter,Andre Johnson,Ten,WR|W/R/T
6,7.6,Cock Enchilada,Starter,Vincent Jackson,TB,WR|W/R/T
6,22.1,Cock Enchilada,Starter,DeMarco Murray,Ten,RB|W/R/T
6,5.75,Cock Enchilada,Starter,Alfred Morris,NYG,RB|W/R/T
6,4.25,Cock Enchilada,Starter,Charles Clay,Ari,TE|W/R/T
6,12.85,Cock Enchilada,Starter,James Jones,GB,WR|W/R/T
6,3.4,Cock Enchilada,Non-Starter,Miles Austin,Phi,WR|W/R/T
6,0.0,Cock Enchilada,Non-Starter,Donald Brown,LAC,RB|W/R/T
6,3.4,Cock Enchilada,Non-Starter,Brandon Myers,TB,TE|W/R/T
6,0.0,Cock Enchilada,Non-Starter,Shonn Greene,Ten,RB|W/R/T
6,0.0,Cock Enchilada,Non-Starter,Jarrett Boykin,GB,WR|W/R/T
6,2.0,Cock Enchilada,Starter,Carolina Panthers,Car,DEF
7,24.3,Cock Enchilada,Starter,Aaron Rodgers,Pit,QB
7,8.95,Cock Enchilada,Starter,Andre Johnson,Ten,WR|W/R/T
7,6.05,Cock Enchilada,Starter,Miles Austin,Phi,WR|W/R/T
7,19.45,Cock Enchilada,Starter,DeMarco Murray,Ten,RB|W/R/T
7,5.4,Cock Enchilada,Starter,Alfred Morris,NYG,RB|W/R/T
7,12.8,Cock Enchilada,Starter,Charles Clay,Ari,TE|W/R/T
7,4.5,Cock Enchilada,Starter,James Jones,GB,WR|W/R/T
7,0.0,Cock Enchilada,Non-Starter,Vincent Jackson,TB,WR|W/R/T
7,0.0,Cock Enchilada,Non-Starter,Donald Brown,LAC,RB|W/R/T
7,0.0,Cock Enchilada,Non-Starter,Brandon Myers,TB,TE|W/R/T
7,0.0,Cock Enchilada,Non-Starter,Shonn Greene,Ten,RB|W/R/T
7,0.0,Cock Enchilada,Non-Starter,Jarrett Boykin,GB,WR|W/R/T
7,3.0,Cock Enchilada,Starter,Carolina Panthers,Car,DEF
8,24.82,Cock Enchilada,Starter,Aaron Rodgers,Pit,QB
8,7.25,Cock Enchilada,Starter,Andre Johnson,Ten,WR|W/R/T
8,1.55,Cock Enchilada,Starter,Vincent Jackson,TB,WR|W/R/T
8,21.1,Cock Enchilada,Starter,DeMarco Murray,Ten,RB|W/R/T
8,14.75,Cock Enchilada,Starter,Alfred Morris,NYG,RB|W/R/T
8,0.35,Cock Enchilada,Starter,Charles Clay,Ari,TE|W/R/T
8,7.7,Cock Enchilada,Starter,James Jones,GB,WR|W/R/T
8,3.9,Cock Enchilada,Non-Starter,Miles Austin,Phi,WR|W/R/T
8,0.0,Cock Enchilada,Non-Starter,Donald Brown,LAC,RB|W/R/T
8,0.55,Cock Enchilada,Non-Starter,Brandon Myers,TB,TE|W/R/T
8,0.1,Cock Enchilada,Non-Starter,Shonn Greene,Ten,RB|W/R/T
8,2.0,Cock Enchilada,Starter,Green Bay Packers,GB,DEF
8,11.5,Cock Enchilada,Non-Starter,Carolina Panthers,Car,DEF
9,19.02,Cock Enchilada,Starter,Ryan Fitzpatrick,Was,QB
9,1.7,Cock Enchilada,Starter,Andre Johnson,Ten,WR|W/R/T
9,10.1,Cock Enchilada,Starter,Vincent Jackson,TB,WR|W/R/T
9,10.0,Cock Enchilada,Starter,DeMarco Murray,Ten,RB|W/R/T
9,23.4,Cock Enchilada,Starter,Alfred Morris,NYG,RB|W/R/T
9,13.75,Cock Enchilada,Starter,Charles Clay,Ari,TE|W/R/T
9,2.55,Cock Enchilada,Starter,James Jones,GB,WR|W/R/T
9,0.0,Cock Enchilada,Non-Starter,Aaron Rodgers,Pit,QB
9,6.15,Cock Enchilada,Non-Starter,Miles Austin,Phi,WR|W/R/T
9,3.15,Cock Enchilada,Non-Starter,Donald Brown,LAC,RB|W/R/T
9,1.65,Cock Enchilada,Non-Starter,Heath Miller,Pit,TE|W/R/T
9,14.0,Cock Enchilada,Starter,Arizona Cardinals,Ari,DEF
9,9.5,Cock Enchilada,Non-Starter,Carolina Panthers,Car,DEF
10,36.6,Cock Enchilada,Starter,Aaron Rodgers,Pit,QB
10,9.5,Cock Enchilada,Starter,Vincent Jackson,TB,WR|W/R/T
10,1.15,Cock Enchilada,Starter,Allen Hurns,Mia,WR|W/R/T
10,14.6,Cock Enchilada,Starter,DeMarco Murray,Ten,RB|W/R/T
10,9.3,Cock Enchilada,Starter,Benny Cunningham,Chi,RB|W/R/T
10,6.25,Cock Enchilada,Starter,Charles Clay,Ari,TE|W/R/T
10,4.0,Cock Enchilada,Starter,James Jones,GB,WR|W/R/T
10,0.0,Cock Enchilada,Non-Starter,Andre Johnson,Ten,WR|W/R/T
10,0.0,Cock Enchilada,Non-Starter,Alfred Morris,NYG,RB|W/R/T
10,0.0,Cock Enchilada,Non-Starter,Ryan Fitzpatrick,Was,QB
10,6.05,Cock Enchilada,Non-Starter,Miles Austin,Phi,WR|W/R/T
10,32.0,Cock Enchilada,Starter,Arizona Cardinals,Ari,DEF
10,1.5,Cock Enchilada,Non-Starter,Carolina Panthers,Car,DEF
11,28.84,Cock Enchilada,Starter,Aaron Rodgers,Pit,QB
11,5.05,Cock Enchilada,Starter,Vincent Jackson,TB,WR|W/R/T
11,8.55,Cock Enchilada,Starter,Andre Johnson,Ten,WR|W/R/T
11,4.8,Cock Enchilada,Starter,Benny Cunningham,Chi,RB|W/R/T
11,13.7,Cock Enchilada,Starter,Alfred Morris,NYG,RB|W/R/T
11,4.35,Cock Enchilada,Starter,Charles Clay,Ari,TE|W/R/T
11,4.0,Cock Enchilada,Starter,James Jones,GB,WR|W/R/T
11,0.0,Cock Enchilada,Non-Starter,Allen Hurns,Mia,WR|W/R/T
11,0.0,Cock Enchilada,Non-Starter,DeMarco Murray,Ten,RB|W/R/T
11,0.0,Cock Enchilada,Non-Starter,Ryan Fitzpatrick,Was,QB
11,3.85,Cock Enchilada,Non-Starter,Miles Austin,Phi,WR|W/R/T
11,17.5,Cock Enchilada,Starter,Arizona Cardinals,Ari,DEF
11,9.0,Cock Enchilada,Non-Starter,Carolina Panthers,Car,DEF
12,19.76,Cock Enchilada,Starter,Aaron Rodgers,Pit,QB
12,10.95,Cock Enchilada,Starter,Vincent Jackson,TB,WR|W/R/T
12,4.35,Cock Enchilada,Starter,Andre Johnson,Ten,WR|W/R/T
12,19.25,Cock Enchilada,Starter,Alfred Morris,NYG,RB|W/R/T
12,14.8,Cock Enchilada,Starter,DeMarco Murray,Ten,RB|W/R/T
12,0.0,Cock Enchilada,Starter,Charles Clay,Ari,TE|W/R/T
12,11.95,Cock Enchilada,Starter,James Jones,GB,WR|W/R/T
12,3.4,Cock Enchilada,Non-Starter,Benny Cunningham,Chi,RB|W/R/T
12,1.55,Cock Enchilada,Non-Starter,Allen Hurns,Mia,WR|W/R/T
12,0.0,Cock Enchilada,Non-Starter,Ryan Fitzpatrick,Was,QB
12,7.9,Cock Enchilada,Non-Starter,Miles Austin,Phi,WR|W/R/T
12,16.5,Cock Enchilada,Starter,Arizona Cardinals,Ari,DEF
12,0.0,Cock Enchilada,Non-Starter,Carolina Panthers,Car,DEF
13,24.92,Cock Enchilada,Starter,Aaron Rodgers,Pit,QB
13,2.9,Cock Enchilada,Starter,Vincent Jackson,TB,WR|W/R/T
13,11.05,Cock Enchilada,Starter,Andre Johnson,Ten,WR|W/R/T
13,9.05,Cock Enchilada,Starter,Alfred Morris,NYG,RB|W/R/T
13,18.8,Cock Enchilada,Starter,DeMarco Murray,Ten,RB|W/R/T
13,1.45,Cock Enchilada,Starter,Timothy Wright,Det,TE|W/R/T
13,4.8,Cock Enchilada,Starter,James Jones,GB,WR|W/R/T
13,0.0,Cock Enchilada,Non-Starter,Charles Clay,Ari,TE|W/R/T
13,0.3,Cock Enchilada,Non-Starter,Benny Cunningham,Chi,RB|W/R/T
13,39.32,Cock Enchilada,Non-Starter,Ryan Fitzpatrick,Was,QB
13,10.35,Cock Enchilada,Non-Starter,Miles Austin,Phi,WR|W/R/T
13,11.0,Cock Enchilada,Starter,Arizona Cardinals,Ari,DEF
13,6.0,Cock Enchilada,Non-Starter,Carolina Panthers,Car,DEF
14,27.88,Cock Enchilada,Starter,Aaron Rodgers,Pit,QB
14,18.4,Cock Enchilada,Starter,Vincent Jackson,TB,WR|W/R/T
14,2.7,Cock Enchilada,Starter,Andre Johnson,Ten,WR|W/R/T
14,1.95,Cock Enchilada,Starter,Alfred Morris,NYG,RB|W/R/T
14,31.05,Cock Enchilada,Starter,DeMarco Murray,Ten,RB|W/R/T
14,4.6,Cock Enchilada,Starter,Charles Clay,Ari,TE|W/R/T
14,1.6,Cock Enchilada,Starter,James Jones,GB,WR|W/R/T
14,0.0,Cock Enchilada,Non-Starter,Timothy Wright,Det,TE|W/R/T
14,6.05,Cock Enchilada,Non-Starter,Benny Cunningham,Chi,RB|W/R/T
14,12.9,Cock Enchilada,Non-Starter,Ryan Fitzpatrick,Was,QB
14,0.95,Cock Enchilada,Non-Starter,Niles Paul,Jax,TE|W/R/T
14,0.0,Cock Enchilada,Non-Starter,John Brown,Buf,WR|W/R/T
14,14.0,Cock Enchilada,Starter,Arizona Cardinals,Ari,DEF
15,6.1,Cock Enchilada,Starter,Aaron Rodgers,Pit,QB
15,8.5,Cock Enchilada,Starter,Vincent Jackson,TB,WR|W/R/T
15,0.0,Cock Enchilada,Starter,Andre Johnson,Ten,WR|W/R/T
15,4.9,Cock Enchilada,Starter,Alfred Morris,NYG,RB|W/R/T
15,20.65,Cock Enchilada,Starter,DeMarco Murray,Ten,RB|W/R/T
15,7.4,Cock Enchilada,Starter,Charles Clay,Ari,TE|W/R/T
15,13.7,Cock Enchilada,Starter,James Jones,GB,WR|W/R/T
15,0.0,Cock Enchilada,Non-Starter,Timothy Wright,Det,TE|W/R/T
15,3.45,Cock Enchilada,Non-Starter,Benny Cunningham,Chi,RB|W/R/T
15,2.8,Cock Enchilada,Non-Starter,Ryan Fitzpatrick,Was,QB
15,1.95,Cock Enchilada,Non-Starter,Niles Paul,Jax,TE|W/R/T
15,2.7,Cock Enchilada,Non-Starter,John Brown,Buf,WR|W/R/T
15,18.5,Cock Enchilada,Starter,Arizona Cardinals,Ari,DEF
