1,13.54,Football TSM,Starter,Justin Fields,NYJ,QB
1,15.9,Football TSM,Starter,Garrett Wilson,NYJ,WR|W/R/T
1,10.5,Football TSM,Starter,Jahan Dotson,Phi,WR|W/R/T
1,20.7,Football TSM,Starter,Nick Chubb,Hou,RB|W/R/T
1,1.3,Football TSM,Starter,D'Andre Swift,Chi,RB|W/R/T
1,9.9,Football TSM,Starter,Sam LaPorta,Det,TE|W/R/T
1,0.4,Football TSM,Starter,Skyy Moore,SF,WR|W/R/T
1,17.2,Football TSM,Non-Starter,Breece Hall,NYJ,RB|W/R/T
1,4.8,Football TSM,Non-Starter,Jaxon Smith-Njigba,Sea,WR|W/R/T
1,0.0,Football TSM,Non-Starter,De'Von Achane,Mia,RB|W/R/T
1,3.5,Football TSM,Starter,Denver Broncos,Den,DEF
2,11.24,Football TSM,Starter,Justin Fields,NYJ,QB
2,17.3,Football TSM,Starter,Garrett Wilson,NYJ,WR|W/R/T
2,5.7,Football TSM,Starter,Jahan Dotson,Phi,WR|W/R/T
2,6.9,Football TSM,Starter,Nick Chubb,Hou,RB|W/R/T
2,32.1,Football TSM,Starter,D'Andre Swift,Chi,RB|W/R/T
2,13.3,Football TSM,Starter,Sam LaPorta,Det,TE|W/R/T
2,0.9,Football TSM,Starter,Breece Hall,NYJ,RB|W/R/T
2,17.0,Football TSM,Non-Starter,Skyy Moore,SF,WR|W/R/T
2,8.9,Football TSM,Non-Starter,Jaxon Smith-Njigba,Sea,WR|W/R/T
2,1.9,Football TSM,Non-Starter,De'Von Achane,Mia,RB|W/R/T
2,4.5,Football TSM,Starter,Denver Broncos,Den,DEF
3,2.48,Football TSM,Starter,Daniel Jones,Ind,QB
3,10.3,Football TSM,Starter,Garrett Wilson,NYJ,WR|W/R/T
3,4.6,Football TSM,Starter,Jahan Dotson,Phi,WR|W/R/T
3,4.7,Football TSM,Starter,Breece Hall,NYJ,RB|W/R/T
3,17.8,Football TSM,Starter,D'Andre Swift,Chi,RB|W/R/T
3,23.9,Football TSM,Starter,Sam LaPorta,Det,TE|W/R/T
3,9.7,Football TSM,Starter,Skyy Moore,SF,WR|W/R/T
3,2.0,Football TSM,Non-Starter,Jaxon Smith-Njigba,Sea,WR|W/R/T
3,4.9,Football TSM,Non-Starter,Tyjae Spears,Ten,RB|W/R/T
3,12.66,Football TSM,Non-Starter,Justin Fields,NYJ,QB
3,15.5,Football TSM,Starter,New England Patriots,NE,DEF
4,34.4,Football TSM,Starter,Justin Fields,NYJ,QB
4,16.5,Football TSM,Starter,Garrett Wilson,NYJ,WR|W/R/T
4,13.2,Football TSM,Starter,Jahan Dotson,Phi,WR|W/R/T
4,10.9,Football TSM,Starter,Breece Hall,NYJ,RB|W/R/T
4,18.9,Football TSM,Starter,D'Andre Swift,Chi,RB|W/R/T
4,10.6,Football TSM,Starter,Sam LaPorta,Det,TE|W/R/T
4,2.4,Football TSM,Starter,Skyy Moore,SF,WR|W/R/T
4,27.34,Football TSM,Non-Starter,C.J. Stroud,Hou,QB
4,3.5,Football TSM,Non-Starter,Jaxon Smith-Njigba,Sea,WR|W/R/T
4,10.8,Football TSM,Non-Starter,Tyjae Spears,Ten,RB|W/R/T
4,6.5,Football TSM,Starter,New England Patriots,NE,DEF
5,43.98,Football TSM,Starter,Justin Fields,NYJ,QB
5,9.9,Football TSM,Starter,Garrett Wilson,NYJ,WR|W/R/T
5,6.5,Football TSM,Starter,Jahan Dotson,Phi,WR|W/R/T
5,31.9,Football TSM,Starter,Breece Hall,NYJ,RB|W/R/T
5,18.8,Football TSM,Starter,D'Andre Swift,Chi,RB|W/R/T
5,21.2,Football TSM,Starter,Sam LaPorta,Det,TE|W/R/T
5,3.1,Football TSM,Starter,Skyy Moore,SF,WR|W/R/T
5,16.66,Football TSM,Non-Starter,C.J. Stroud,Hou,QB
5,18.9,Football TSM,Non-Starter,Tyjae Spears,Ten,RB|W/R/T
5,2.2,Football TSM,Non-Starter,Jameson Williams,Det,WR|W/R/T
5,4.0,Football TSM,Starter,New England Patriots,NE,DEF
6,3.92,Football TSM,Starter,Justin Fields,NYJ,QB
6,19.0,Football TSM,Starter,Garrett Wilson,NYJ,WR|W/R/T
6,13.6,Football TSM,Starter,Josh Downs,Ind,WR|W/R/T
6,22.8,Football TSM,Starter,Breece Hall,NYJ,RB|W/R/T
6,19.8,Football TSM,Starter,D'Andre Swift,Chi,RB|W/R/T
6,8.6,Football TSM,Starter,Sam LaPorta,Det,TE|W/R/T
6,4.5,Football TSM,Starter,Tee Higgins,Cin,WR|W/R/T
6,8.3,Football TSM,Non-Starter,Tyjae Spears,Ten,RB|W/R/T
6,13.8,Football TSM,Non-Starter,Jameson Williams,Det,WR|W/R/T
6,0.0,Football TSM,Non-Starter,Jeff Wilson,SF,RB|W/R/T
6,13.5,Football TSM,Starter,Los Angeles Rams,LAR,DEF
7,-3.8,Football TSM,Starter,Deshaun Watson,Cle,QB
7,25.5,Football TSM,Starter,Josh Downs,Ind,WR|W/R/T
7,0.0,Football TSM,Starter,Jameson Williams,Det,WR|W/R/T
7,13.0,Football TSM,Starter,D'Andre Swift,Chi,RB|W/R/T
7,1.4,Football TSM,Starter,Jeff Wilson,SF,RB|W/R/T
7,12.2,Football TSM,Starter,Sam LaPorta,Det,TE|W/R/T
7,0.0,Football TSM,Starter,Tee Higgins,Cin,WR|W/R/T
7,0.0,Football TSM,Non-Starter,Breece Hall,NYJ,RB|W/R/T
7,0.0,Football TSM,Non-Starter,Garrett Wilson,NYJ,WR|W/R/T
7,0.0,Football TSM,Non-Starter,Tyjae Spears,Ten,RB|W/R/T
7,5.5,Football TSM,Starter,Los Angeles Rams,LAR,DEF
8,13.9,Football TSM,Starter,C.J. Stroud,Hou,QB
8,16.2,Football TSM,Starter,Josh Downs,Ind,WR|W/R/T
8,19.6,Football TSM,Starter,Garrett Wilson,NYJ,WR|W/R/T
8,15.4,Football TSM,Starter,D'Andre Swift,Chi,RB|W/R/T
8,22.3,Football TSM,Starter,Breece Hall,NYJ,RB|W/R/T
8,21.7,Football TSM,Starter,Sam LaPorta,Det,TE|W/R/T
8,13.9,Football TSM,Starter,Tee Higgins,Cin,WR|W/R/T
8,6.7,Football TSM,Non-Starter,Jeff Wilson,SF,RB|W/R/T
8,7.1,Football TSM,Non-Starter,Tyjae Spears,Ten,RB|W/R/T
8,28.0,Football TSM,Non-Starter,Trey McBride,Ari,TE|W/R/T
8,19.5,Football TSM,Starter,New York Jets,NYJ,DEF
9,51.8,Football TSM,Starter,C.J. Stroud,Hou,QB
9,14.0,Football TSM,Starter,Garrett Wilson,NYJ,WR|W/R/T
9,22.0,Football TSM,Starter,Tee Higgins,Cin,WR|W/R/T
9,10.9,Football TSM,Starter,D'Andre Swift,Chi,RB|W/R/T
9,11.5,Football TSM,Starter,Breece Hall,NYJ,RB|W/R/T
9,5.7,Football TSM,Starter,Trey McBride,Ari,TE|W/R/T
9,2.0,Football TSM,Starter,Josh Downs,Ind,WR|W/R/T
9,0.0,Football TSM,Non-Starter,Sam LaPorta,Det,TE|W/R/T
9,7.8,Football TSM,Non-Starter,Jeff Wilson,SF,RB|W/R/T
9,6.2,Football TSM,Non-Starter,Tyjae Spears,Ten,RB|W/R/T
9,9.5,Football TSM,Starter,New York Jets,NYJ,DEF
10,19.54,Football TSM,Starter,C.J. Stroud,Hou,QB
10,20.8,Football TSM,Starter,Garrett Wilson,NYJ,WR|W/R/T
10,27.7,Football TSM,Starter,Noah Brown,Was,WR|W/R/T
10,11.5,Football TSM,Starter,Breece Hall,NYJ,RB|W/R/T
10,11.5,Football TSM,Starter,Tyjae Spears,Ten,RB|W/R/T
10,24.6,Football TSM,Starter,Trey McBride,Ari,TE|W/R/T
10,9.0,Football TSM,Starter,Sam LaPorta,Det,TE|W/R/T
10,0.0,Football TSM,Non-Starter,Tee Higgins,Cin,WR|W/R/T
10,7.0,Football TSM,Non-Starter,Josh Downs,Ind,WR|W/R/T
10,0.0,Football TSM,Non-Starter,D'Andre Swift,Chi,RB|W/R/T
10,12.5,Football TSM,Starter,New York Jets,NYJ,DEF
11,13.34,Football TSM,Starter,C.J. Stroud,Hou,QB
11,0.9,Football TSM,Starter,Garrett Wilson,NYJ,WR|W/R/T
11,10.9,Football TSM,Starter,Robert Woods,Pit,WR|W/R/T
11,20.8,Football TSM,Starter,Breece Hall,NYJ,RB|W/R/T
11,22.2,Football TSM,Starter,D'Andre Swift,Chi,RB|W/R/T
11,10.8,Football TSM,Starter,Trey McBride,Ari,TE|W/R/T
11,7.3,Football TSM,Starter,Sam LaPorta,Det,TE|W/R/T
11,4.6,Football TSM,Non-Starter,Tyjae Spears,Ten,RB|W/R/T
11,0.0,Football TSM,Non-Starter,Tee Higgins,Cin,WR|W/R/T
11,0.0,Football TSM,Non-Starter,Josh Downs,Ind,WR|W/R/T
11,6.0,Football TSM,Starter,New York Jets,NYJ,DEF
12,36.36,Football TSM,Starter,C.J. Stroud,Hou,QB
12,18.9,Football TSM,Starter,Garrett Wilson,NYJ,WR|W/R/T
12,10.3,Football TSM,Starter,Josh Downs,Ind,WR|W/R/T
12,13.4,Football TSM,Starter,Breece Hall,NYJ,RB|W/R/T
12,10.9,Football TSM,Starter,D'Andre Swift,Chi,RB|W/R/T
12,14.5,Football TSM,Starter,Trey McBride,Ari,TE|W/R/T
12,18.7,Football TSM,Starter,Sam LaPorta,Det,TE|W/R/T
12,1.7,Football TSM,Non-Starter,Tyjae Spears,Ten,RB|W/R/T
12,0.0,Football TSM,Non-Starter,Tee Higgins,Cin,WR|W/R/T
12,7.4,Football TSM,Non-Starter,Odell Beckham,Mia,WR|W/R/T
12,14.0,Football TSM,Starter,New York Jets,NYJ,DEF
13,19.56,Football TSM,Starter,C.J. Stroud,Hou,QB
13,9.5,Football TSM,Starter,Garrett Wilson,NYJ,WR|W/R/T
13,4.4,Football TSM,Starter,Josh Downs,Ind,WR|W/R/T
13,11.0,Football TSM,Starter,Breece Hall,NYJ,RB|W/R/T
13,4.0,Football TSM,Starter,D'Andre Swift,Chi,RB|W/R/T
13,31.5,Football TSM,Starter,Sam LaPorta,Det,TE|W/R/T
13,8.1,Football TSM,Starter,Tee Higgins,Cin,WR|W/R/T
13,25.4,Football TSM,Non-Starter,Trey McBride,Ari,TE|W/R/T
13,15.3,Football TSM,Non-Starter,Tyjae Spears,Ten,RB|W/R/T
13,0.0,Football TSM,Non-Starter,Odell Beckham,Mia,WR|W/R/T
13,14.5,Football TSM,Starter,New York Jets,NYJ,DEF
14,3.64,Football TSM,Starter,C.J. Stroud,Hou,QB
14,23.1,Football TSM,Starter,Garrett Wilson,NYJ,WR|W/R/T
14,6.7,Football TSM,Starter,Josh Downs,Ind,WR|W/R/T
14,30.1,Football TSM,Starter,Breece Hall,NYJ,RB|W/R/T
14,4.9,Football TSM,Starter,D'Andre Swift,Chi,RB|W/R/T
14,5.7,Football TSM,Starter,Sam LaPorta,Det,TE|W/R/T
14,10.2,Football TSM,Starter,Tee Higgins,Cin,WR|W/R/T
14,0.0,Football TSM,Non-Starter,Trey McBride,Ari,TE|W/R/T
14,20.8,Football TSM,Non-Starter,Tyjae Spears,Ten,RB|W/R/T
14,21.7,Football TSM,Non-Starter,Odell Beckham,Mia,WR|W/R/T
14,17.5,Football TSM,Starter,New York Jets,NYJ,DEF
1,31.64,Some Elves,Starter,Tua Tagovailoa,Mia,QB
1,49.0,Some Elves,Starter,Tyreek Hill,Mia,WR|W/R/T
1,0.0,Some Elves,Starter,Drake London,Atl,WR|W/R/T
1,14.4,Some Elves,Starter,Alexander Mattison,Mia,RB|W/R/T
1,8.2,Some Elves,Starter,Jamaal Williams,NO,RB|W/R/T
1,9.4,Some Elves,Starter,Tyler Higbee,LAR,TE|W/R/T
1,16.9,Some Elves,Starter,Rhamondre Stevenson,NE,RB|W/R/T
1,13.4,Some Elves,Non-Starter,Khalil Herbert,Ind,RB|W/R/T
1,20.1,Some Elves,Non-Starter,Romeo Doubs,GB,WR|W/R/T
1,6.9,Some Elves,Non-Starter,Van Jefferson,Ten,WR|W/R/T
1,15.5,Some Elves,Starter,Baltimore Ravens,Bal,DEF
2,12.26,Some Elves,Starter,Tua Tagovailoa,Mia,QB
2,17.5,Some Elves,Starter,Tyreek Hill,Mia,WR|W/R/T
2,6.0,Some Elves,Starter,Romeo Doubs,GB,WR|W/R/T
2,5.4,Some Elves,Starter,Alexander Mattison,Mia,RB|W/R/T
2,18.0,Some Elves,Starter,Rhamondre Stevenson,NE,RB|W/R/T
2,4.2,Some Elves,Starter,Tyler Higbee,LAR,TE|W/R/T
2,3.4,Some Elves,Starter,Jamaal Williams,NO,RB|W/R/T
2,20.2,Some Elves,Non-Starter,Drake London,Atl,WR|W/R/T
2,8.8,Some Elves,Non-Starter,Khalil Herbert,Ind,RB|W/R/T
2,26.1,Some Elves,Non-Starter,Josh Reynolds,NYJ,WR|W/R/T
2,5.0,Some Elves,Starter,Baltimore Ravens,Bal,DEF
3,36.36,Some Elves,Starter,Tua Tagovailoa,Mia,QB
3,34.2,Some Elves,Starter,Tyreek Hill,Mia,WR|W/R/T
3,5.6,Some Elves,Starter,Drake London,Atl,WR|W/R/T
3,20.5,Some Elves,Starter,Alexander Mattison,Mia,RB|W/R/T
3,8.2,Some Elves,Starter,Rhamondre Stevenson,NE,RB|W/R/T
3,14.1,Some Elves,Starter,Tyler Higbee,LAR,TE|W/R/T
3,0.0,Some Elves,Starter,Josh Reynolds,NYJ,WR|W/R/T
3,4.0,Some Elves,Non-Starter,Khalil Herbert,Ind,RB|W/R/T
3,20.3,Some Elves,Non-Starter,Romeo Doubs,GB,WR|W/R/T
3,4.7,Some Elves,Non-Starter,Brandin Cooks,NO,WR|W/R/T
3,9.5,Some Elves,Starter,Baltimore Ravens,Bal,DEF
4,14.48,Some Elves,Starter,Tua Tagovailoa,Mia,QB
4,12.2,Some Elves,Starter,Tyreek Hill,Mia,WR|W/R/T
4,11.7,Some Elves,Starter,Joshua Palmer,Buf,WR|W/R/T
4,12.3,Some Elves,Starter,Alexander Mattison,Mia,RB|W/R/T
4,6.5,Some Elves,Starter,Rhamondre Stevenson,NE,RB|W/R/T
4,12.9,Some Elves,Starter,Tyler Higbee,LAR,TE|W/R/T
4,29.5,Some Elves,Starter,De'Von Achane,Mia,RB|W/R/T
4,12.8,Some Elves,Non-Starter,Drake London,Atl,WR|W/R/T
4,20.5,Some Elves,Non-Starter,Romeo Doubs,GB,WR|W/R/T
4,25.2,Some Elves,Non-Starter,Khalil Herbert,Ind,RB|W/R/T
4,23.5,Some Elves,Starter,Baltimore Ravens,Bal,DEF
5,14.92,Some Elves,Starter,Tua Tagovailoa,Mia,QB
5,34.6,Some Elves,Starter,Tyreek Hill,Mia,WR|W/R/T
5,6.8,Some Elves,Starter,Justin Jefferson,Min,WR|W/R/T
5,13.1,Some Elves,Starter,Alexander Mattison,Mia,RB|W/R/T
5,8.6,Some Elves,Starter,Khalil Herbert,Ind,RB|W/R/T
5,4.5,Some Elves,Starter,Tyler Higbee,LAR,TE|W/R/T
5,2.4,Some Elves,Starter,Rhamondre Stevenson,NE,RB|W/R/T
5,17.18,Some Elves,Non-Starter,Drake London,Atl,WR|W/R/T
5,0.0,Some Elves,Non-Starter,Joshua Palmer,Buf,WR|W/R/T
5,4.4,Some Elves,Non-Starter,Kenneth Gainwell,Pit,RB|W/R/T
5,9.5,Some Elves,Starter,Baltimore Ravens,Bal,DEF
6,28.48,Some Elves,Starter,Tua Tagovailoa,Mia,QB
6,31.3,Some Elves,Starter,Tyreek Hill,Mia,WR|W/R/T
6,25.0,Some Elves,Starter,Drake London,Atl,WR|W/R/T
6,11.7,Some Elves,Starter,Alexander Mattison,Mia,RB|W/R/T
6,19.5,Some Elves,Starter,Rhamondre Stevenson,NE,RB|W/R/T
6,3.8,Some Elves,Starter,Tyler Higbee,LAR,TE|W/R/T
6,11.5,Some Elves,Starter,Joshua Palmer,Buf,WR|W/R/T
6,0.0,Some Elves,Non-Starter,Justin Jefferson,Min,WR|W/R/T
6,0.0,Some Elves,Non-Starter,Khalil Herbert,Ind,RB|W/R/T
6,3.2,Some Elves,Non-Starter,Kenneth Gainwell,Pit,RB|W/R/T
6,16.0,Some Elves,Starter,Baltimore Ravens,Bal,DEF
7,10.34,Some Elves,Starter,Tua Tagovailoa,Mia,QB
7,27.8,Some Elves,Starter,Tyreek Hill,Mia,WR|W/R/T
7,12.9,Some Elves,Starter,Drake London,Atl,WR|W/R/T
7,6.7,Some Elves,Starter,Alexander Mattison,Mia,RB|W/R/T
7,16.0,Some Elves,Starter,Rhamondre Stevenson,NE,RB|W/R/T
7,8.0,Some Elves,Starter,Luke Musgrave,GB,TE|W/R/T
7,20.8,Some Elves,Starter,Joshua Palmer,Buf,WR|W/R/T
7,0.0,Some Elves,Non-Starter,Justin Jefferson,Min,WR|W/R/T
7,0.0,Some Elves,Non-Starter,Khalil Herbert,Ind,RB|W/R/T
7,8.1,Some Elves,Non-Starter,Kenneth Gainwell,Pit,RB|W/R/T
7,17.5,Some Elves,Starter,Baltimore Ravens,Bal,DEF
8,26.26,Some Elves,Starter,Tua Tagovailoa,Mia,QB
8,28.2,Some Elves,Starter,Tyreek Hill,Mia,WR|W/R/T
8,12.0,Some Elves,Starter,Drake London,Atl,WR|W/R/T
8,5.3,Some Elves,Starter,Alexander Mattison,Mia,RB|W/R/T
8,8.5,Some Elves,Starter,Rhamondre Stevenson,NE,RB|W/R/T
8,16.2,Some Elves,Starter,Jake Ferguson,Dal,TE|W/R/T
8,5.9,Some Elves,Starter,Joshua Palmer,Buf,WR|W/R/T
8,0.0,Some Elves,Non-Starter,Justin Jefferson,Min,WR|W/R/T
8,0.0,Some Elves,Non-Starter,Khalil Herbert,Ind,RB|W/R/T
8,0.0,Some Elves,Non-Starter,Justin Fields,NYJ,QB
8,10.0,Some Elves,Starter,Baltimore Ravens,Bal,DEF
9,14.42,Some Elves,Starter,Tua Tagovailoa,Mia,QB
9,15.0,Some Elves,Starter,Tyreek Hill,Mia,WR|W/R/T
9,12.0,Some Elves,Starter,DeMario Douglas,NE,WR|W/R/T
9,19.3,Some Elves,Starter,Alexander Mattison,Mia,RB|W/R/T
9,25.4,Some Elves,Starter,Rhamondre Stevenson,NE,RB|W/R/T
9,24.6,Some Elves,Starter,Jake Ferguson,Dal,TE|W/R/T
9,2.0,Some Elves,Starter,Jonathan Mingo,Dal,WR|W/R/T
9,0.0,Some Elves,Non-Starter,Drake London,Atl,WR|W/R/T
9,0.0,Some Elves,Non-Starter,Justin Jefferson,Min,WR|W/R/T
9,0.0,Some Elves,Non-Starter,Khalil Herbert,Ind,RB|W/R/T
9,20.0,Some Elves,Starter,Baltimore Ravens,Bal,DEF
10,16.26,Some Elves,Starter,Kyler Murray,Ari,QB
10,8.1,Some Elves,Starter,Drake London,Atl,WR|W/R/T
10,15.4,Some Elves,Starter,DeMario Douglas,NE,WR|W/R/T
10,5.3,Some Elves,Starter,Alexander Mattison,Mia,RB|W/R/T
10,16.2,Some Elves,Starter,Rhamondre Stevenson,NE,RB|W/R/T
10,13.6,Some Elves,Starter,Jake Ferguson,Dal,TE|W/R/T
10,14.4,Some Elves,Starter,Trenton Irwin,Jax,WR|W/R/T
10,0.0,Some Elves,Non-Starter,Justin Jefferson,Min,WR|W/R/T
10,0.0,Some Elves,Non-Starter,Tua Tagovailoa,Mia,QB
10,0.0,Some Elves,Non-Starter,Tyreek Hill,Mia,WR|W/R/T
10,16.5,Some Elves,Starter,Baltimore Ravens,Bal,DEF
11,19.6,Some Elves,Starter,Tua Tagovailoa,Mia,QB
11,33.6,Some Elves,Starter,Tyreek Hill,Mia,WR|W/R/T
11,21.7,Some Elves,Starter,Jayden Reed,GB,WR|W/R/T
11,8.5,Some Elves,Starter,Alexander Mattison,Mia,RB|W/R/T
11,4.5,Some Elves,Starter,Rico Dowdle,Car,RB|W/R/T
11,7.2,Some Elves,Starter,Jake Ferguson,Dal,TE|W/R/T
11,3.2,Some Elves,Starter,Tutu Atwell,LAR,WR|W/R/T
11,0.0,Some Elves,Non-Starter,Justin Jefferson,Min,WR|W/R/T
11,0.0,Some Elves,Non-Starter,Rhamondre Stevenson,NE,RB|W/R/T
11,0.0,Some Elves,Non-Starter,Drake London,Atl,WR|W/R/T
11,10.5,Some Elves,Starter,Baltimore Ravens,Bal,DEF
12,3.82,Some Elves,Starter,Tua Tagovailoa,Mia,QB
12,16.6,Some Elves,Starter,Drake London,Atl,WR|W/R/T
12,12.4,Some Elves,Starter,DeMario Douglas,NE,WR|W/R/T
12,9.8,Some Elves,Starter,Alexander Mattison,Mia,RB|W/R/T
12,25.7,Some Elves,Starter,Rhamondre Stevenson,NE,RB|W/R/T
12,5.0,Some Elves,Starter,Jake Ferguson,Dal,TE|W/R/T
12,28.4,Some Elves,Starter,Tyreek Hill,Mia,WR|W/R/T
12,0.0,Some Elves,Non-Starter,Justin Jefferson,Min,WR|W/R/T
12,17.0,Some Elves,Non-Starter,Jayden Reed,GB,WR|W/R/T
12,4.8,Some Elves,Non-Starter,Miles Sanders,Dal,RB|W/R/T
12,18.5,Some Elves,Starter,Baltimore Ravens,Bal,DEF
13,23.2,Some Elves,Starter,Tua Tagovailoa,Mia,QB
13,1.8,Some Elves,Starter,Drake London,Atl,WR|W/R/T
13,34.8,Some Elves,Starter,Tyreek Hill,Mia,WR|W/R/T
13,4.4,Some Elves,Starter,Rhamondre Stevenson,NE,RB|W/R/T
13,9.7,Some Elves,Starter,Zack Moss,Cin,RB|W/R/T
13,22.2,Some Elves,Starter,Jake Ferguson,Dal,TE|W/R/T
13,5.6,Some Elves,Starter,Jayden Reed,GB,WR|W/R/T
13,0.0,Some Elves,Non-Starter,Alexander Mattison,Mia,RB|W/R/T
13,0.0,Some Elves,Non-Starter,Justin Jefferson,Min,WR|W/R/T
13,6.5,Some Elves,Starter,Jacksonville Jaguars,Jax,DEF
13,0.0,Some Elves,Non-Starter,Baltimore Ravens,Bal,DEF
14,9.6,Some Elves,Starter,Tua Tagovailoa,Mia,QB
14,5.7,Some Elves,Starter,Justin Jefferson,Min,WR|W/R/T
14,11.6,Some Elves,Starter,Tyreek Hill,Mia,WR|W/R/T
14,11.6,Some Elves,Starter,Zack Moss,Cin,RB|W/R/T
14,8.1,Some Elves,Starter,Alexander Mattison,Mia,RB|W/R/T
14,13.7,Some Elves,Starter,Jake Ferguson,Dal,TE|W/R/T
14,32.7,Some Elves,Starter,Drake London,Atl,WR|W/R/T
14,0.0,Some Elves,Non-Starter,Rhamondre Stevenson,NE,RB|W/R/T
14,22.0,Some Elves,Non-Starter,Jayden Reed,GB,WR|W/R/T
14,5.62,Some Elves,Non-Starter,Joshua Dobbs,NE,QB
14,12.5,Some Elves,Starter,Baltimore Ravens,Bal,DEF
15,14.96,Some Elves,Starter,Tua Tagovailoa,Mia,QB
15,17.9,Some Elves,Starter,Justin Jefferson,Min,WR|W/R/T
15,4.9,Some Elves,Starter,Drake London,Atl,WR|W/R/T
15,13.3,Some Elves,Starter,Zack Moss,Cin,RB|W/R/T
15,28.2,Some Elves,Starter,Ty Chandler,Min,RB|W/R/T
15,11.4,Some Elves,Starter,Jake Ferguson,Dal,TE|W/R/T
15,18.2,Some Elves,Starter,Jayden Reed,GB,WR|W/R/T
15,0.0,Some Elves,Non-Starter,Tyreek Hill,Mia,WR|W/R/T
15,0.0,Some Elves,Non-Starter,Alexander Mattison,Mia,RB|W/R/T
15,0.0,Some Elves,Non-Starter,Rhamondre Stevenson,NE,RB|W/R/T
15,11.5,Some Elves,Starter,Baltimore Ravens,Bal,DEF
16,17.52,Some Elves,Starter,Tua Tagovailoa,Mia,QB
16,28.6,Some Elves,Starter,Justin Jefferson,Min,WR|W/R/T
16,7.9,Some Elves,Starter,Drake London,Atl,WR|W/R/T
16,8.2,Some Elves,Starter,Ty Chandler,Min,RB|W/R/T
16,9.3,Some Elves,Starter,Roschon Johnson,Chi,RB|W/R/T
16,10.0,Some Elves,Starter,Jake Ferguson,Dal,TE|W/R/T
16,21.9,Some Elves,Starter,Tyreek Hill,Mia,WR|W/R/T
16,0.0,Some Elves,Non-Starter,Rhamondre Stevenson,NE,RB|W/R/T
16,-0.1,Some Elves,Non-Starter,Alexander Mattison,Mia,RB|W/R/T
16,17.5,Some Elves,Non-Starter,Zamir White,LV,RB|W/R/T
16,18.0,Some Elves,Starter,Baltimore Ravens,Bal,DEF
17,16.26,Some Elves,Starter,Baker Mayfield,TB,QB
17,12.9,Some Elves,Starter,Justin Jefferson,Min,WR|W/R/T
17,15.6,Some Elves,Starter,Tyreek Hill,Mia,WR|W/R/T
17,10.9,Some Elves,Starter,Ty Chandler,Min,RB|W/R/T
17,17.1,Some Elves,Starter,Zamir White,LV,RB|W/R/T
17,7.3,Some Elves,Starter,Jake Ferguson,Dal,TE|W/R/T
17,28.4,Some Elves,Starter,Jayden Reed,GB,WR|W/R/T
17,14.88,Some Elves,Non-Starter,Tua Tagovailoa,Mia,QB
17,10.6,Some Elves,Non-Starter,Drake London,Atl,WR|W/R/T
17,5.0,Some Elves,Non-Starter,Alexander Mattison,Mia,RB|W/R/T
17,12.5,Some Elves,Starter,Baltimore Ravens,Bal,DEF
1,16.52,AirBudGoldenReceiver,Starter,Jared Goff,Det,QB
1,10.6,AirBudGoldenReceiver,Starter,Ja'Marr Chase,Cin,WR|W/R/T
1,26.1,AirBudGoldenReceiver,Starter,Calvin Ridley,Ten,WR|W/R/T
1,6.8,AirBudGoldenReceiver,Starter,Najee Harris,LAC,RB|W/R/T
1,10.9,AirBudGoldenReceiver,Starter,Cam Akers,NO,RB|W/R/T
1,4.9,AirBudGoldenReceiver,Starter,David Njoku,Cle,TE|W/R/T
1,6.1,AirBudGoldenReceiver,Starter,Terry McLaurin,Was,WR|W/R/T
1,14.3,AirBudGoldenReceiver,Non-Starter,Samaje Perine,Cin,RB|W/R/T
1,3.7,AirBudGoldenReceiver,Non-Starter,Adam Thielen,Car,WR|W/R/T
1,1.7,AirBudGoldenReceiver,Non-Starter,Evan Hull,Pit,RB|W/R/T
1,17.5,AirBudGoldenReceiver,Starter,Washington Commanders,Was,DEF
2,24.92,AirBudGoldenReceiver,Starter,Jared Goff,Det,QB
2,9.1,AirBudGoldenReceiver,Starter,Ja'Marr Chase,Cin,WR|W/R/T
2,6.2,AirBudGoldenReceiver,Starter,Calvin Ridley,Ten,WR|W/R/T
2,6.3,AirBudGoldenReceiver,Starter,Najee Harris,LAC,RB|W/R/T
2,22.7,AirBudGoldenReceiver,Starter,Zack Moss,Cin,RB|W/R/T
2,7.3,AirBudGoldenReceiver,Starter,David Njoku,Cle,TE|W/R/T
2,17.4,AirBudGoldenReceiver,Starter,Terry McLaurin,Was,WR|W/R/T
2,0.0,AirBudGoldenReceiver,Non-Starter,Cam Akers,NO,RB|W/R/T
2,5.4,AirBudGoldenReceiver,Non-Starter,Samaje Perine,Cin,RB|W/R/T
2,22.4,AirBudGoldenReceiver,Non-Starter,Adam Thielen,Car,WR|W/R/T
2,13.5,AirBudGoldenReceiver,Starter,Washington Commanders,Was,DEF
3,18.52,AirBudGoldenReceiver,Starter,Jared Goff,Det,QB
3,29.6,AirBudGoldenReceiver,Starter,Ja'Marr Chase,Cin,WR|W/R/T
3,8.0,AirBudGoldenReceiver,Starter,Calvin Ridley,Ten,WR|W/R/T
3,7.5,AirBudGoldenReceiver,Starter,Najee Harris,LAC,RB|W/R/T
3,28.0,AirBudGoldenReceiver,Starter,Zack Moss,Cin,RB|W/R/T
3,6.0,AirBudGoldenReceiver,Starter,David Njoku,Cle,TE|W/R/T
3,11.6,AirBudGoldenReceiver,Starter,Terry McLaurin,Was,WR|W/R/T
3,0.0,AirBudGoldenReceiver,Non-Starter,Cam Akers,NO,RB|W/R/T
3,4.4,AirBudGoldenReceiver,Non-Starter,Samaje Perine,Cin,RB|W/R/T
3,36.0,AirBudGoldenReceiver,Non-Starter,Adam Thielen,Car,WR|W/R/T
3,3.0,AirBudGoldenReceiver,Starter,Washington Commanders,Was,DEF
4,11.9,AirBudGoldenReceiver,Starter,Jared Goff,Det,QB
4,16.3,AirBudGoldenReceiver,Starter,Ja'Marr Chase,Cin,WR|W/R/T
4,17.2,AirBudGoldenReceiver,Starter,Adam Thielen,Car,WR|W/R/T
4,13.3,AirBudGoldenReceiver,Starter,Najee Harris,LAC,RB|W/R/T
4,10.5,AirBudGoldenReceiver,Starter,Zack Moss,Cin,RB|W/R/T
4,17.2,AirBudGoldenReceiver,Starter,Jake Ferguson,Dal,TE|W/R/T
4,24.6,AirBudGoldenReceiver,Starter,Terry McLaurin,Was,WR|W/R/T
4,12.3,AirBudGoldenReceiver,Non-Starter,Calvin Ridley,Ten,WR|W/R/T
4,7.6,AirBudGoldenReceiver,Non-Starter,Cam Akers,NO,RB|W/R/T
4,6.5,AirBudGoldenReceiver,Non-Starter,Samaje Perine,Cin,RB|W/R/T
4,6.0,AirBudGoldenReceiver,Starter,Washington Commanders,Was,DEF
5,33.94,AirBudGoldenReceiver,Starter,Jared Goff,Det,QB
5,59.2,AirBudGoldenReceiver,Starter,Ja'Marr Chase,Cin,WR|W/R/T
5,31.2,AirBudGoldenReceiver,Starter,Adam Thielen,Car,WR|W/R/T
5,6.0,AirBudGoldenReceiver,Starter,Najee Harris,LAC,RB|W/R/T
5,37.5,AirBudGoldenReceiver,Starter,Zack Moss,Cin,RB|W/R/T
5,6.3,AirBudGoldenReceiver,Starter,Jake Ferguson,Dal,TE|W/R/T
5,9.9,AirBudGoldenReceiver,Starter,Terry McLaurin,Was,WR|W/R/T
5,24.6,AirBudGoldenReceiver,Non-Starter,Calvin Ridley,Ten,WR|W/R/T
5,3.8,AirBudGoldenReceiver,Non-Starter,Cam Akers,NO,RB|W/R/T
5,13.5,AirBudGoldenReceiver,Non-Starter,Samaje Perine,Cin,RB|W/R/T
5,1.0,AirBudGoldenReceiver,Starter,Washington Commanders,Was,DEF
6,26.42,AirBudGoldenReceiver,Starter,Jared Goff,Det,QB
6,16.5,AirBudGoldenReceiver,Starter,Ja'Marr Chase,Cin,WR|W/R/T
6,32.5,AirBudGoldenReceiver,Starter,Adam Thielen,Car,WR|W/R/T
6,20.4,AirBudGoldenReceiver,Starter,Zack Moss,Cin,RB|W/R/T
6,2.1,AirBudGoldenReceiver,Starter,Samaje Perine,Cin,RB|W/R/T
6,2.5,AirBudGoldenReceiver,Starter,Jake Ferguson,Dal,TE|W/R/T
6,7.1,AirBudGoldenReceiver,Starter,Calvin Ridley,Ten,WR|W/R/T
6,16.6,AirBudGoldenReceiver,Non-Starter,Terry McLaurin,Was,WR|W/R/T
6,0.0,AirBudGoldenReceiver,Non-Starter,Najee Harris,LAC,RB|W/R/T
6,3.0,AirBudGoldenReceiver,Non-Starter,Cam Akers,NO,RB|W/R/T
6,12.0,AirBudGoldenReceiver,Starter,Washington Commanders,Was,DEF
7,7.36,AirBudGoldenReceiver,Starter,Jared Goff,Det,QB
7,16.5,AirBudGoldenReceiver,Starter,Terry McLaurin,Was,WR|W/R/T
7,1.5,AirBudGoldenReceiver,Starter,Calvin Ridley,Ten,WR|W/R/T
7,8.2,AirBudGoldenReceiver,Starter,Zack Moss,Cin,RB|W/R/T
7,0.0,AirBudGoldenReceiver,Starter,Keaontay Ingram,KC,RB|W/R/T
7,12.4,AirBudGoldenReceiver,Starter,David Njoku,Cle,TE|W/R/T
7,17.8,AirBudGoldenReceiver,Starter,Najee Harris,LAC,RB|W/R/T
7,0.0,AirBudGoldenReceiver,Non-Starter,Adam Thielen,Car,WR|W/R/T
7,0.0,AirBudGoldenReceiver,Non-Starter,Ja'Marr Chase,Cin,WR|W/R/T
7,9.6,AirBudGoldenReceiver,Non-Starter,Cam Akers,NO,RB|W/R/T
7,15.5,AirBudGoldenReceiver,Starter,Washington Commanders,Was,DEF
8,10.68,AirBudGoldenReceiver,Starter,Jared Goff,Det,QB
8,16.2,AirBudGoldenReceiver,Starter,Adam Thielen,Car,WR|W/R/T
8,27.7,AirBudGoldenReceiver,Starter,Ja'Marr Chase,Cin,WR|W/R/T
8,11.5,AirBudGoldenReceiver,Starter,Najee Harris,LAC,RB|W/R/T
8,10.4,AirBudGoldenReceiver,Starter,Emari Demercado,Ari,RB|W/R/T
8,18.7,AirBudGoldenReceiver,Starter,David Njoku,Cle,TE|W/R/T
8,18.3,AirBudGoldenReceiver,Starter,Terry McLaurin,Was,WR|W/R/T
8,15.9,AirBudGoldenReceiver,Non-Starter,Zack Moss,Cin,RB|W/R/T
8,15.3,AirBudGoldenReceiver,Non-Starter,Calvin Ridley,Ten,WR|W/R/T
8,10.5,AirBudGoldenReceiver,Non-Starter,Cam Akers,NO,RB|W/R/T
8,4.5,AirBudGoldenReceiver,Starter,Washington Commanders,Was,DEF
9,15.22,AirBudGoldenReceiver,Starter,Taylor Heinicke,LAC,QB
9,8.4,AirBudGoldenReceiver,Starter,Adam Thielen,Car,WR|W/R/T
9,9.1,AirBudGoldenReceiver,Starter,Ja'Marr Chase,Cin,WR|W/R/T
9,18.1,AirBudGoldenReceiver,Starter,Najee Harris,LAC,RB|W/R/T
9,3.1,AirBudGoldenReceiver,Starter,Zack Moss,Cin,RB|W/R/T
9,13.1,AirBudGoldenReceiver,Starter,David Njoku,Cle,TE|W/R/T
9,13.8,AirBudGoldenReceiver,Starter,Terry McLaurin,Was,WR|W/R/T
9,0.0,AirBudGoldenReceiver,Non-Starter,Emari Demercado,Ari,RB|W/R/T
9,0.0,AirBudGoldenReceiver,Non-Starter,Jared Goff,Det,QB
9,0.0,AirBudGoldenReceiver,Non-Starter,Calvin Ridley,Ten,WR|W/R/T
9,4.5,AirBudGoldenReceiver,Starter,Washington Commanders,Was,DEF
10,25.12,AirBudGoldenReceiver,Starter,Jared Goff,Det,QB
10,11.2,AirBudGoldenReceiver,Starter,Adam Thielen,Car,WR|W/R/T
10,24.9,AirBudGoldenReceiver,Starter,Ja'Marr Chase,Cin,WR|W/R/T
10,20.6,AirBudGoldenReceiver,Starter,Najee Harris,LAC,RB|W/R/T
10,0.2,AirBudGoldenReceiver,Starter,Zack Moss,Cin,RB|W/R/T
10,12.8,AirBudGoldenReceiver,Starter,David Njoku,Cle,TE|W/R/T
10,8.8,AirBudGoldenReceiver,Starter,Terry McLaurin,Was,WR|W/R/T
10,0.0,AirBudGoldenReceiver,Non-Starter,Emari Demercado,Ari,RB|W/R/T
10,4.0,AirBudGoldenReceiver,Non-Starter,Calvin Ridley,Ten,WR|W/R/T
10,0.0,AirBudGoldenReceiver,Non-Starter,Jahan Dotson,Phi,WR|W/R/T
10,3.5,AirBudGoldenReceiver,Starter,Washington Commanders,Was,DEF
11,11.74,AirBudGoldenReceiver,Starter,Jared Goff,Det,QB
11,17.9,AirBudGoldenReceiver,Starter,Adam Thielen,Car,WR|W/R/T
11,10.2,AirBudGoldenReceiver,Starter,Ja'Marr Chase,Cin,WR|W/R/T
11,5.1,AirBudGoldenReceiver,Starter,Najee Harris,LAC,RB|W/R/T
11,13.9,AirBudGoldenReceiver,Starter,Darrell Henderson,LAR,RB|W/R/T
11,14.6,AirBudGoldenReceiver,Starter,David Njoku,Cle,TE|W/R/T
11,10.3,AirBudGoldenReceiver,Starter,Terry McLaurin,Was,WR|W/R/T
11,0.0,AirBudGoldenReceiver,Non-Starter,Emari Demercado,Ari,RB|W/R/T
11,34.6,AirBudGoldenReceiver,Non-Starter,Calvin Ridley,Ten,WR|W/R/T
11,12.3,AirBudGoldenReceiver,Non-Starter,Jahan Dotson,Phi,WR|W/R/T
11,17.5,AirBudGoldenReceiver,Starter,Washington Commanders,Was,DEF
12,22.18,AirBudGoldenReceiver,Starter,Jared Goff,Det,QB
12,1.2,AirBudGoldenReceiver,Starter,Adam Thielen,Car,WR|W/R/T
12,13.6,AirBudGoldenReceiver,Starter,Ja'Marr Chase,Cin,WR|W/R/T
12,18.4,AirBudGoldenReceiver,Starter,Najee Harris,LAC,RB|W/R/T
12,3.3,AirBudGoldenReceiver,Starter,Dameon Pierce,Hou,RB|W/R/T
12,13.4,AirBudGoldenReceiver,Starter,David Njoku,Cle,TE|W/R/T
12,10.5,AirBudGoldenReceiver,Starter,Terry McLaurin,Was,WR|W/R/T
12,2.0,AirBudGoldenReceiver,Non-Starter,Emari Demercado,Ari,RB|W/R/T
12,24.4,AirBudGoldenReceiver,Non-Starter,Calvin Ridley,Ten,WR|W/R/T
12,11.7,AirBudGoldenReceiver,Non-Starter,Jahan Dotson,Phi,WR|W/R/T
12,-1.5,AirBudGoldenReceiver,Starter,Washington Commanders,Was,DEF
13,20.32,AirBudGoldenReceiver,Starter,Jared Goff,Det,QB
13,34.12,AirBudGoldenReceiver,Starter,Ja'Marr Chase,Cin,WR|W/R/T
13,8.3,AirBudGoldenReceiver,Starter,Calvin Ridley,Ten,WR|W/R/T
13,11.7,AirBudGoldenReceiver,Starter,Najee Harris,LAC,RB|W/R/T
13,10.6,AirBudGoldenReceiver,Starter,Dameon Pierce,Hou,RB|W/R/T
13,4.2,AirBudGoldenReceiver,Starter,David Njoku,Cle,TE|W/R/T
13,0.0,AirBudGoldenReceiver,Starter,Terry McLaurin,Was,WR|W/R/T
13,6.5,AirBudGoldenReceiver,Non-Starter,Adam Thielen,Car,WR|W/R/T
13,0.0,AirBudGoldenReceiver,Non-Starter,Emari Demercado,Ari,RB|W/R/T
13,5.3,AirBudGoldenReceiver,Non-Starter,Jahan Dotson,Phi,WR|W/R/T
13,23.0,AirBudGoldenReceiver,Starter,Los Angeles Chargers,LAC,DEF
14,2.44,AirBudGoldenReceiver,Starter,Jared Goff,Det,QB
14,6.9,AirBudGoldenReceiver,Starter,Ja'Marr Chase,Cin,WR|W/R/T
14,11.3,AirBudGoldenReceiver,Starter,Calvin Ridley,Ten,WR|W/R/T
14,8.3,AirBudGoldenReceiver,Starter,Najee Harris,LAC,RB|W/R/T
14,1.7,AirBudGoldenReceiver,Starter,Dameon Pierce,Hou,RB|W/R/T
14,29.1,AirBudGoldenReceiver,Starter,David Njoku,Cle,TE|W/R/T
14,13.9,AirBudGoldenReceiver,Starter,Adam Thielen,Car,WR|W/R/T
14,0.0,AirBudGoldenReceiver,Non-Starter,Terry McLaurin,Was,WR|W/R/T
14,0.0,AirBudGoldenReceiver,Non-Starter,Emari Demercado,Ari,RB|W/R/T
14,0.0,AirBudGoldenReceiver,Non-Starter,Jahan Dotson,Phi,WR|W/R/T
14,10.5,AirBudGoldenReceiver,Starter,Houston Texans,Hou,DEF
1,22.16,To the Window...To the Waller,Starter,Deshaun Watson,Cle,QB
1,36.9,To the Window...To the Waller,Starter,Brandon Aiyuk,SF,WR|W/R/T
1,19.6,To the Window...To the Waller,Starter,Mike Evans,TB,WR|W/R/T
1,11.1,To the Window...To the Waller,Starter,Josh Jacobs,GB,RB|W/R/T
1,14.0,To the Window...To the Waller,Starter,James Conner,Ari,RB|W/R/T
1,7.6,To the Window...To the Waller,Starter,Darren Waller,Mia,TE|W/R/T
1,1.1,To the Window...To the Waller,Starter,Zach Charbonnet,Sea,RB|W/R/T
1,0.0,To the Window...To the Waller,Non-Starter,Cooper Kupp,Sea,WR|W/R/T
1,3.0,To the Window...To the Waller,Non-Starter,Tyler Boyd,Ten,WR|W/R/T
1,4.3,To the Window...To the Waller,Non-Starter,Tyjae Spears,Ten,RB|W/R/T
1,11.5,To the Window...To the Waller,Starter,Cincinnati Bengals,Cin,DEF
2,10.6,To the Window...To the Waller,Starter,Deshaun Watson,Cle,QB
2,8.8,To the Window...To the Waller,Starter,Brandon Aiyuk,SF,WR|W/R/T
2,31.1,To the Window...To the Waller,Starter,Mike Evans,TB,WR|W/R/T
2,11.4,To the Window...To the Waller,Starter,Josh Jacobs,GB,RB|W/R/T
2,20.1,To the Window...To the Waller,Starter,James Conner,Ari,RB|W/R/T
2,15.6,To the Window...To the Waller,Starter,Darren Waller,Mia,TE|W/R/T
2,34.1,To the Window...To the Waller,Starter,Puka Nacua,LAR,WR|W/R/T
2,6.0,To the Window...To the Waller,Non-Starter,Zach Charbonnet,Sea,RB|W/R/T
2,0.0,To the Window...To the Waller,Non-Starter,Cooper Kupp,Sea,WR|W/R/T
2,9.5,To the Window...To the Waller,Non-Starter,Tyjae Spears,Ten,RB|W/R/T
2,8.0,To the Window...To the Waller,Starter,Cincinnati Bengals,Cin,DEF
3,26.16,To the Window...To the Waller,Starter,Deshaun Watson,Cle,QB
3,19.0,To the Window...To the Waller,Starter,Mike Evans,TB,WR|W/R/T
3,14.2,To the Window...To the Waller,Starter,Puka Nacua,LAR,WR|W/R/T
3,12.5,To the Window...To the Waller,Starter,Josh Jacobs,GB,RB|W/R/T
3,22.1,To the Window...To the Waller,Starter,James Conner,Ari,RB|W/R/T
3,5.5,To the Window...To the Waller,Starter,Darren Waller,Mia,TE|W/R/T
3,8.0,To the Window...To the Waller,Starter,Zach Charbonnet,Sea,RB|W/R/T
3,6.5,To the Window...To the Waller,Non-Starter,Kareem Hunt,KC,RB|W/R/T
3,0.0,To the Window...To the Waller,Non-Starter,Brandon Aiyuk,SF,WR|W/R/T
3,0.0,To the Window...To the Waller,Non-Starter,Cooper Kupp,Sea,WR|W/R/T
3,17.0,To the Window...To the Waller,Starter,Cincinnati Bengals,Cin,DEF
4,16.16,To the Window...To the Waller,Starter,Matthew Stafford,LAR,QB
4,8.0,To the Window...To the Waller,Starter,Mike Evans,TB,WR|W/R/T
4,35.3,To the Window...To the Waller,Starter,Puka Nacua,LAR,WR|W/R/T
4,31.9,To the Window...To the Waller,Starter,Josh Jacobs,GB,RB|W/R/T
4,7.1,To the Window...To the Waller,Starter,James Conner,Ari,RB|W/R/T
4,5.1,To the Window...To the Waller,Starter,Darren Waller,Mia,TE|W/R/T
4,23.8,To the Window...To the Waller,Starter,Brandon Aiyuk,SF,WR|W/R/T
4,5.5,To the Window...To the Waller,Non-Starter,Zach Charbonnet,Sea,RB|W/R/T
4,1.7,To the Window...To the Waller,Non-Starter,Kareem Hunt,KC,RB|W/R/T
4,0.0,To the Window...To the Waller,Non-Starter,Cooper Kupp,Sea,WR|W/R/T
4,8.0,To the Window...To the Waller,Starter,Cincinnati Bengals,Cin,DEF
5,20.88,To the Window...To the Waller,Starter,Matthew Stafford,LAR,QB
5,22.6,To the Window...To the Waller,Starter,Puka Nacua,LAR,WR|W/R/T
5,11.3,To the Window...To the Waller,Starter,Brandon Aiyuk,SF,WR|W/R/T
5,21.9,To the Window...To the Waller,Starter,Josh Jacobs,GB,RB|W/R/T
5,5.1,To the Window...To the Waller,Starter,James Conner,Ari,RB|W/R/T
5,18.6,To the Window...To the Waller,Starter,Darren Waller,Mia,TE|W/R/T
5,22.8,To the Window...To the Waller,Starter,Cooper Kupp,Sea,WR|W/R/T
5,7.4,To the Window...To the Waller,Non-Starter,Wan'Dale Robinson,NYG,WR|W/R/T
5,0.0,To the Window...To the Waller,Non-Starter,Mike Evans,TB,WR|W/R/T
5,0.0,To the Window...To the Waller,Non-Starter,Zach Charbonnet,Sea,RB|W/R/T
5,19.5,To the Window...To the Waller,Starter,Cincinnati Bengals,Cin,DEF
6,15.24,To the Window...To the Waller,Starter,Matthew Stafford,LAR,QB
6,30.3,To the Window...To the Waller,Starter,Cooper Kupp,Sea,WR|W/R/T
6,7.1,To the Window...To the Waller,Starter,Puka Nacua,LAR,WR|W/R/T
6,13.3,To the Window...To the Waller,Starter,Josh Jacobs,GB,RB|W/R/T
6,3.2,To the Window...To the Waller,Starter,Emari Demercado,Ari,RB|W/R/T
6,10.8,To the Window...To the Waller,Starter,Darren Waller,Mia,TE|W/R/T
6,10.4,To the Window...To the Waller,Starter,Mike Evans,TB,WR|W/R/T
6,12.6,To the Window...To the Waller,Non-Starter,Brandon Aiyuk,SF,WR|W/R/T
6,0.0,To the Window...To the Waller,Non-Starter,James Conner,Ari,RB|W/R/T
6,4.9,To the Window...To the Waller,Non-Starter,Zach Charbonnet,Sea,RB|W/R/T
6,16.5,To the Window...To the Waller,Starter,Cincinnati Bengals,Cin,DEF
7,14.54,To the Window...To the Waller,Starter,Matthew Stafford,LAR,QB
7,7.4,To the Window...To the Waller,Starter,Cooper Kupp,Sea,WR|W/R/T
7,12.2,To the Window...To the Waller,Starter,Brandon Aiyuk,SF,WR|W/R/T
7,5.6,To the Window...To the Waller,Starter,Josh Jacobs,GB,RB|W/R/T
7,8.6,To the Window...To the Waller,Starter,Royce Freeman,Chi,RB|W/R/T
7,24.8,To the Window...To the Waller,Starter,Darren Waller,Mia,TE|W/R/T
7,25.9,To the Window...To the Waller,Starter,Puka Nacua,LAR,WR|W/R/T
7,21.7,To the Window...To the Waller,Non-Starter,Mike Evans,TB,WR|W/R/T
7,0.0,To the Window...To the Waller,Non-Starter,James Conner,Ari,RB|W/R/T
7,0.0,To the Window...To the Waller,Non-Starter,Zach Charbonnet,Sea,RB|W/R/T
7,13.0,To the Window...To the Waller,Starter,Seattle Seahawks,Sea,DEF
8,9.38,To the Window...To the Waller,Starter,Matthew Stafford,LAR,QB
8,6.1,To the Window...To the Waller,Starter,Cooper Kupp,Sea,WR|W/R/T
8,18.4,To the Window...To the Waller,Starter,Brandon Aiyuk,SF,WR|W/R/T
8,19.3,To the Window...To the Waller,Starter,Josh Jacobs,GB,RB|W/R/T
8,11.9,To the Window...To the Waller,Starter,Royce Freeman,Chi,RB|W/R/T
8,1.4,To the Window...To the Waller,Starter,Darren Waller,Mia,TE|W/R/T
8,8.3,To the Window...To the Waller,Starter,Puka Nacua,LAR,WR|W/R/T
8,13.4,To the Window...To the Waller,Non-Starter,Mike Evans,TB,WR|W/R/T
8,0.0,To the Window...To the Waller,Non-Starter,James Conner,Ari,RB|W/R/T
8,9.9,To the Window...To the Waller,Non-Starter,Zach Charbonnet,Sea,RB|W/R/T
8,14.5,To the Window...To the Waller,Starter,Seattle Seahawks,Sea,DEF
9,23.46,To the Window...To the Waller,Starter,Deshaun Watson,Cle,QB
9,7.8,To the Window...To the Waller,Starter,Cooper Kupp,Sea,WR|W/R/T
9,14.2,To the Window...To the Waller,Starter,Mike Evans,TB,WR|W/R/T
9,24.3,To the Window...To the Waller,Starter,Josh Jacobs,GB,RB|W/R/T
9,1.3,To the Window...To the Waller,Starter,Keaontay Ingram,KC,RB|W/R/T
9,25.12,To the Window...To the Waller,Starter,Taysom Hill,NO,TE|W/R/T
9,7.7,To the Window...To the Waller,Starter,Puka Nacua,LAR,WR|W/R/T
9,2.8,To the Window...To the Waller,Non-Starter,Zach Charbonnet,Sea,RB|W/R/T
9,0.0,To the Window...To the Waller,Non-Starter,Brandon Aiyuk,SF,WR|W/R/T
9,0.0,To the Window...To the Waller,Non-Starter,James Conner,Ari,RB|W/R/T
9,3.5,To the Window...To the Waller,Starter,Seattle Seahawks,Sea,DEF
10,15.22,To the Window...To the Waller,Starter,Deshaun Watson,Cle,QB
10,29.3,To the Window...To the Waller,Starter,Mike Evans,TB,WR|W/R/T
10,16.0,To the Window...To the Waller,Starter,Brandon Aiyuk,SF,WR|W/R/T
10,15.7,To the Window...To the Waller,Starter,Josh Jacobs,GB,RB|W/R/T
10,12.2,To the Window...To the Waller,Starter,Zach Charbonnet,Sea,RB|W/R/T
10,4.8,To the Window...To the Waller,Starter,Taysom Hill,NO,TE|W/R/T
10,9.8,To the Window...To the Waller,Starter,James Conner,Ari,RB|W/R/T
10,14.6,To the Window...To the Waller,Non-Starter,Keaton Mitchell,Bal,RB|W/R/T
10,0.0,To the Window...To the Waller,Non-Starter,Puka Nacua,LAR,WR|W/R/T
10,0.0,To the Window...To the Waller,Non-Starter,Cooper Kupp,Sea,WR|W/R/T
10,8.0,To the Window...To the Waller,Starter,Seattle Seahawks,Sea,DEF
11,16.96,To the Window...To the Waller,Starter,Russell Wilson,NYG,QB
11,29.1,To the Window...To the Waller,Starter,Brandon Aiyuk,SF,WR|W/R/T
11,2.1,To the Window...To the Waller,Starter,Cooper Kupp,Sea,WR|W/R/T
11,7.1,To the Window...To the Waller,Starter,Josh Jacobs,GB,RB|W/R/T
11,10.8,To the Window...To the Waller,Starter,James Conner,Ari,RB|W/R/T
11,0.0,To the Window...To the Waller,Starter,Taysom Hill,NO,TE|W/R/T
11,17.3,To the Window...To the Waller,Starter,Mike Evans,TB,WR|W/R/T
11,20.7,To the Window...To the Waller,Non-Starter,Puka Nacua,LAR,WR|W/R/T
11,14.9,To the Window...To the Waller,Non-Starter,Zach Charbonnet,Sea,RB|W/R/T
11,6.1,To the Window...To the Waller,Non-Starter,Keaton Mitchell,Bal,RB|W/R/T
11,7.0,To the Window...To the Waller,Starter,Seattle Seahawks,Sea,DEF
12,20.26,To the Window...To the Waller,Starter,Russell Wilson,NYG,QB
12,14.0,To the Window...To the Waller,Starter,Brandon Aiyuk,SF,WR|W/R/T
12,27.0,To the Window...To the Waller,Starter,Mike Evans,TB,WR|W/R/T
12,23.5,To the Window...To the Waller,Starter,Josh Jacobs,GB,RB|W/R/T
12,8.2,To the Window...To the Waller,Starter,James Conner,Ari,RB|W/R/T
12,9.1,To the Window...To the Waller,Starter,Taysom Hill,NO,TE|W/R/T
12,5.8,To the Window...To the Waller,Starter,Cooper Kupp,Sea,WR|W/R/T
12,7.7,To the Window...To the Waller,Non-Starter,Puka Nacua,LAR,WR|W/R/T
12,12.3,To the Window...To the Waller,Non-Starter,Zach Charbonnet,Sea,RB|W/R/T
12,13.9,To the Window...To the Waller,Non-Starter,Keaton Mitchell,Bal,RB|W/R/T
12,12.0,To the Window...To the Waller,Starter,Seattle Seahawks,Sea,DEF
13,13.84,To the Window...To the Waller,Starter,Russell Wilson,NYG,QB
13,17.1,To the Window...To the Waller,Starter,Brandon Aiyuk,SF,WR|W/R/T
13,31.7,To the Window...To the Waller,Starter,Mike Evans,TB,WR|W/R/T
13,25.5,To the Window...To the Waller,Starter,James Conner,Ari,RB|W/R/T
13,18.4,To the Window...To the Waller,Starter,Zach Charbonnet,Sea,RB|W/R/T
13,17.4,To the Window...To the Waller,Starter,Taysom Hill,NO,TE|W/R/T
13,25.9,To the Window...To the Waller,Starter,Puka Nacua,LAR,WR|W/R/T
13,16.9,To the Window...To the Waller,Non-Starter,Cooper Kupp,Sea,WR|W/R/T
13,0.0,To the Window...To the Waller,Non-Starter,Josh Jacobs,GB,RB|W/R/T
13,0.0,To the Window...To the Waller,Non-Starter,Keaton Mitchell,Bal,RB|W/R/T
13,4.0,To the Window...To the Waller,Starter,Seattle Seahawks,Sea,DEF
14,18.46,To the Window...To the Waller,Starter,Russell Wilson,NYG,QB
14,19.1,To the Window...To the Waller,Starter,Brandon Aiyuk,SF,WR|W/R/T
14,2.3,To the Window...To the Waller,Starter,Mike Evans,TB,WR|W/R/T
14,8.0,To the Window...To the Waller,Starter,Josh Jacobs,GB,RB|W/R/T
14,8.7,To the Window...To the Waller,Starter,Keaton Mitchell,Bal,RB|W/R/T
14,11.9,To the Window...To the Waller,Starter,Tucker Kraft,GB,TE|W/R/T
14,15.5,To the Window...To the Waller,Starter,Puka Nacua,LAR,WR|W/R/T
14,0.0,To the Window...To the Waller,Non-Starter,Taysom Hill,NO,TE|W/R/T
14,0.0,To the Window...To the Waller,Non-Starter,James Conner,Ari,RB|W/R/T
14,28.0,To the Window...To the Waller,Non-Starter,Cooper Kupp,Sea,WR|W/R/T
14,24.0,To the Window...To the Waller,Starter,New Orleans Saints,NO,DEF
15,21.02,To the Window...To the Waller,Starter,Russell Wilson,NYG,QB
15,7.7,To the Window...To the Waller,Starter,Brandon Aiyuk,SF,WR|W/R/T
15,27.1,To the Window...To the Waller,Starter,Cooper Kupp,Sea,WR|W/R/T
15,20.9,To the Window...To the Waller,Starter,James Conner,Ari,RB|W/R/T
15,13.8,To the Window...To the Waller,Starter,Keaton Mitchell,Bal,RB|W/R/T
15,17.2,To the Window...To the Waller,Starter,Tucker Kraft,GB,TE|W/R/T
15,11.3,To the Window...To the Waller,Starter,Puka Nacua,LAR,WR|W/R/T
15,0.0,To the Window...To the Waller,Non-Starter,Josh Jacobs,GB,RB|W/R/T
15,17.2,To the Window...To the Waller,Non-Starter,Mike Evans,TB,WR|W/R/T
15,1.5,To the Window...To the Waller,Non-Starter,Taysom Hill,NO,TE|W/R/T
15,20.5,To the Window...To the Waller,Starter,New Orleans Saints,NO,DEF
16,29.52,To the Window...To the Waller,Starter,Russell Wilson,NYG,QB
16,19.3,To the Window...To the Waller,Starter,Brandon Aiyuk,SF,WR|W/R/T
16,12.9,To the Window...To the Waller,Starter,Cooper Kupp,Sea,WR|W/R/T
16,24.7,To the Window...To the Waller,Starter,James Conner,Ari,RB|W/R/T
16,0.0,To the Window...To the Waller,Starter,Josh Jacobs,GB,RB|W/R/T
16,11.5,To the Window...To the Waller,Starter,Tucker Kraft,GB,TE|W/R/T
16,37.5,To the Window...To the Waller,Starter,Puka Nacua,LAR,WR|W/R/T
16,0.0,To the Window...To the Waller,Non-Starter,Keaton Mitchell,Bal,RB|W/R/T
16,30.6,To the Window...To the Waller,Non-Starter,Mike Evans,TB,WR|W/R/T
16,0.7,To the Window...To the Waller,Non-Starter,Taysom Hill,NO,TE|W/R/T
16,2.0,To the Window...To the Waller,Starter,New Orleans Saints,NO,DEF
17,19.58,To the Window...To the Waller,Starter,Derek Carr,NO,QB
17,26.9,To the Window...To the Waller,Starter,Brandon Aiyuk,SF,WR|W/R/T
17,13.7,To the Window...To the Waller,Starter,Cooper Kupp,Sea,WR|W/R/T
17,31.3,To the Window...To the Waller,Starter,James Conner,Ari,RB|W/R/T
17,24.7,To the Window...To the Waller,Starter,Justice Hill,Bal,RB|W/R/T
17,12.3,To the Window...To the Waller,Starter,Tucker Kraft,GB,TE|W/R/T
17,11.0,To the Window...To the Waller,Starter,Mike Evans,TB,WR|W/R/T
17,0.0,To the Window...To the Waller,Non-Starter,Josh Jacobs,GB,RB|W/R/T
17,21.2,To the Window...To the Waller,Non-Starter,Puka Nacua,LAR,WR|W/R/T
17,12.04,To the Window...To the Waller,Non-Starter,Taysom Hill,NO,TE|W/R/T
17,18.5,To the Window...To the Waller,Starter,New Orleans Saints,NO,DEF
1,6.06,Chili Con Cussion,Starter,Lamar Jackson,Bal,QB
1,0.0,Chili Con Cussion,Starter,Tee Higgins,Cin,WR|W/R/T
1,8.8,Chili Con Cussion,Starter,Diontae Johnson,Cle,WR|W/R/T
1,22.3,Chili Con Cussion,Starter,Bijan Robinson,Atl,RB|W/R/T
1,13.3,Chili Con Cussion,Starter,Miles Sanders,Dal,RB|W/R/T
1,10.4,Chili Con Cussion,Starter,Cole Kmet,Chi,TE|W/R/T
1,14.5,Chili Con Cussion,Starter,Raheem Mostert,LV,RB|W/R/T
1,25.7,Chili Con Cussion,Non-Starter,Michael Pittman,Ind,WR|W/R/T
1,1.5,Chili Con Cussion,Non-Starter,Devin Singletary,NYG,RB|W/R/T
1,15.5,Chili Con Cussion,Non-Starter,Nico Collins,Hou,WR|W/R/T
1,12.0,Chili Con Cussion,Starter,New Orleans Saints,NO,DEF
2,28.38,Chili Con Cussion,Starter,Lamar Jackson,Bal,QB
2,31.9,Chili Con Cussion,Starter,Tee Higgins,Cin,WR|W/R/T
2,30.6,Chili Con Cussion,Starter,Nico Collins,Hou,WR|W/R/T
2,27.2,Chili Con Cussion,Starter,Bijan Robinson,Atl,RB|W/R/T
2,8.7,Chili Con Cussion,Starter,Miles Sanders,Dal,RB|W/R/T
2,8.8,Chili Con Cussion,Starter,Cole Kmet,Chi,TE|W/R/T
2,28.2,Chili Con Cussion,Starter,Raheem Mostert,LV,RB|W/R/T
2,0.0,Chili Con Cussion,Non-Starter,Diontae Johnson,Cle,WR|W/R/T
2,15.6,Chili Con Cussion,Non-Starter,Michael Pittman,Ind,WR|W/R/T
2,3.9,Chili Con Cussion,Non-Starter,Devin Singletary,NYG,RB|W/R/T
2,11.0,Chili Con Cussion,Starter,New Orleans Saints,NO,DEF
3,32.18,Chili Con Cussion,Starter,Lamar Jackson,Bal,QB
3,4.6,Chili Con Cussion,Starter,Tee Higgins,Cin,WR|W/R/T
3,5.9,Chili Con Cussion,Starter,Nico Collins,Hou,WR|W/R/T
3,11.5,Chili Con Cussion,Starter,Bijan Robinson,Atl,RB|W/R/T
3,19.2,Chili Con Cussion,Starter,Miles Sanders,Dal,RB|W/R/T
3,5.2,Chili Con Cussion,Starter,Cole Kmet,Chi,TE|W/R/T
3,18.2,Chili Con Cussion,Starter,Michael Pittman,Ind,WR|W/R/T
3,48.2,Chili Con Cussion,Non-Starter,Raheem Mostert,LV,RB|W/R/T
3,0.0,Chili Con Cussion,Non-Starter,Diontae Johnson,Cle,WR|W/R/T
3,7.0,Chili Con Cussion,Non-Starter,Devin Singletary,NYG,RB|W/R/T
3,12.0,Chili Con Cussion,Starter,New Orleans Saints,NO,DEF
4,33.64,Chili Con Cussion,Starter,Lamar Jackson,Bal,QB
4,4.4,Chili Con Cussion,Starter,Tee Higgins,Cin,WR|W/R/T
4,39.3,Chili Con Cussion,Starter,Nico Collins,Hou,WR|W/R/T
4,22.2,Chili Con Cussion,Starter,Bijan Robinson,Atl,RB|W/R/T
4,6.5,Chili Con Cussion,Starter,Raheem Mostert,LV,RB|W/R/T
4,30.6,Chili Con Cussion,Starter,Cole Kmet,Chi,TE|W/R/T
4,5.0,Chili Con Cussion,Starter,Michael Pittman,Ind,WR|W/R/T
4,7.2,Chili Con Cussion,Non-Starter,Miles Sanders,Dal,RB|W/R/T
4,0.0,Chili Con Cussion,Non-Starter,Diontae Johnson,Cle,WR|W/R/T
4,11.84,Chili Con Cussion,Non-Starter,Devin Singletary,NYG,RB|W/R/T
4,6.0,Chili Con Cussion,Starter,New Orleans Saints,NO,DEF
5,8.44,Chili Con Cussion,Starter,Lamar Jackson,Bal,QB
5,7.9,Chili Con Cussion,Starter,Nico Collins,Hou,WR|W/R/T
5,2.8,Chili Con Cussion,Starter,Brandin Cooks,NO,WR|W/R/T
5,13.8,Chili Con Cussion,Starter,Bijan Robinson,Atl,RB|W/R/T
5,17.8,Chili Con Cussion,Starter,Raheem Mostert,LV,RB|W/R/T
5,16.2,Chili Con Cussion,Starter,Cole Kmet,Chi,TE|W/R/T
5,11.2,Chili Con Cussion,Starter,Michael Pittman,Ind,WR|W/R/T
5,2.2,Chili Con Cussion,Non-Starter,Miles Sanders,Dal,RB|W/R/T
5,0.0,Chili Con Cussion,Non-Starter,Diontae Johnson,Cle,WR|W/R/T
5,0.0,Chili Con Cussion,Non-Starter,Devin Singletary,NYG,RB|W/R/T
5,28.0,Chili Con Cussion,Starter,New Orleans Saints,NO,DEF
6,19.62,Chili Con Cussion,Starter,Lamar Jackson,Bal,QB
6,13.5,Chili Con Cussion,Starter,Nico Collins,Hou,WR|W/R/T
6,17.0,Chili Con Cussion,Starter,Brandin Cooks,NO,WR|W/R/T
6,14.0,Chili Con Cussion,Starter,Bijan Robinson,Atl,RB|W/R/T
6,38.2,Chili Con Cussion,Starter,Raheem Mostert,LV,RB|W/R/T
6,3.4,Chili Con Cussion,Starter,Cole Kmet,Chi,TE|W/R/T
6,21.4,Chili Con Cussion,Starter,Michael Pittman,Ind,WR|W/R/T
6,0.0,Chili Con Cussion,Non-Starter,Miles Sanders,Dal,RB|W/R/T
6,0.0,Chili Con Cussion,Non-Starter,Diontae Johnson,Cle,WR|W/R/T
6,8.7,Chili Con Cussion,Non-Starter,Devin Singletary,NYG,RB|W/R/T
6,9.0,Chili Con Cussion,Starter,New Orleans Saints,NO,DEF
7,41.38,Chili Con Cussion,Starter,Lamar Jackson,Bal,QB
7,18.3,Chili Con Cussion,Starter,Jaxon Smith-Njigba,Sea,WR|W/R/T
7,17.3,Chili Con Cussion,Starter,Michael Pittman,Ind,WR|W/R/T
7,0.3,Chili Con Cussion,Starter,Bijan Robinson,Atl,RB|W/R/T
7,7.6,Chili Con Cussion,Starter,Raheem Mostert,LV,RB|W/R/T
7,0.0,Chili Con Cussion,Starter,Cole Kmet,Chi,TE|W/R/T
7,10.9,Chili Con Cussion,Starter,Elijah Moore,Buf,WR|W/R/T
7,0.0,Chili Con Cussion,Non-Starter,Brandin Cooks,NO,WR|W/R/T
7,0.0,Chili Con Cussion,Non-Starter,Nico Collins,Hou,WR|W/R/T
7,0.0,Chili Con Cussion,Non-Starter,Devin Singletary,NYG,RB|W/R/T
7,6.5,Chili Con Cussion,Starter,New Orleans Saints,NO,DEF
8,14.48,Chili Con Cussion,Starter,Lamar Jackson,Bal,QB
8,18.5,Chili Con Cussion,Starter,Michael Pittman,Ind,WR|W/R/T
8,8.5,Chili Con Cussion,Starter,Nico Collins,Hou,WR|W/R/T
8,13.2,Chili Con Cussion,Starter,Bijan Robinson,Atl,RB|W/R/T
8,11.6,Chili Con Cussion,Starter,Raheem Mostert,LV,RB|W/R/T
8,19.9,Chili Con Cussion,Starter,Cole Kmet,Chi,TE|W/R/T
8,6.0,Chili Con Cussion,Starter,Elijah Moore,Buf,WR|W/R/T
8,13.6,Chili Con Cussion,Non-Starter,Jaxon Smith-Njigba,Sea,WR|W/R/T
8,15.7,Chili Con Cussion,Non-Starter,Brandin Cooks,NO,WR|W/R/T
8,7.3,Chili Con Cussion,Non-Starter,Devin Singletary,NYG,RB|W/R/T
8,7.5,Chili Con Cussion,Starter,New Orleans Saints,NO,DEF
9,13.98,Chili Con Cussion,Starter,Lamar Jackson,Bal,QB
9,16.4,Chili Con Cussion,Starter,Michael Pittman,Ind,WR|W/R/T
9,15.9,Chili Con Cussion,Starter,Nico Collins,Hou,WR|W/R/T
9,7.4,Chili Con Cussion,Starter,Bijan Robinson,Atl,RB|W/R/T
9,16.5,Chili Con Cussion,Starter,Raheem Mostert,LV,RB|W/R/T
9,25.5,Chili Con Cussion,Starter,Cole Kmet,Chi,TE|W/R/T
9,3.9,Chili Con Cussion,Starter,Elijah Moore,Buf,WR|W/R/T
9,13.3,Chili Con Cussion,Non-Starter,Jaxon Smith-Njigba,Sea,WR|W/R/T
9,2.2,Chili Con Cussion,Non-Starter,Brandin Cooks,NO,WR|W/R/T
9,5.1,Chili Con Cussion,Non-Starter,Devin Singletary,NYG,RB|W/R/T
9,15.5,Chili Con Cussion,Starter,New Orleans Saints,NO,DEF
10,9.52,Chili Con Cussion,Starter,Lamar Jackson,Bal,QB
10,18.4,Chili Con Cussion,Starter,Michael Pittman,Ind,WR|W/R/T
10,0.0,Chili Con Cussion,Starter,Nico Collins,Hou,WR|W/R/T
10,21.1,Chili Con Cussion,Starter,Bijan Robinson,Atl,RB|W/R/T
10,27.1,Chili Con Cussion,Starter,Devin Singletary,NYG,RB|W/R/T
10,11.1,Chili Con Cussion,Starter,Cole Kmet,Chi,TE|W/R/T
10,16.9,Chili Con Cussion,Starter,Elijah Moore,Buf,WR|W/R/T
10,0.0,Chili Con Cussion,Non-Starter,Raheem Mostert,LV,RB|W/R/T
10,10.3,Chili Con Cussion,Non-Starter,Jaxon Smith-Njigba,Sea,WR|W/R/T
10,35.3,Chili Con Cussion,Non-Starter,Brandin Cooks,NO,WR|W/R/T
10,6.5,Chili Con Cussion,Starter,New Orleans Saints,NO,DEF
11,28.96,Chili Con Cussion,Starter,Lamar Jackson,Bal,QB
11,15.0,Chili Con Cussion,Starter,Nico Collins,Hou,WR|W/R/T
11,8.0,Chili Con Cussion,Starter,Jaxon Smith-Njigba,Sea,WR|W/R/T
11,21.8,Chili Con Cussion,Starter,Devin Singletary,NYG,RB|W/R/T
11,13.3,Chili Con Cussion,Starter,Raheem Mostert,LV,RB|W/R/T
11,6.0,Chili Con Cussion,Starter,Cole Kmet,Chi,TE|W/R/T
11,13.5,Chili Con Cussion,Starter,Elijah Moore,Buf,WR|W/R/T
11,0.0,Chili Con Cussion,Non-Starter,Michael Pittman,Ind,WR|W/R/T
11,0.0,Chili Con Cussion,Non-Starter,Bijan Robinson,Atl,RB|W/R/T
11,8.2,Chili Con Cussion,Non-Starter,Brandin Cooks,NO,WR|W/R/T
11,10.5,Chili Con Cussion,Starter,Denver Broncos,Den,DEF
12,17.48,Chili Con Cussion,Starter,Lamar Jackson,Bal,QB
12,24.9,Chili Con Cussion,Starter,Nico Collins,Hou,WR|W/R/T
12,23.7,Chili Con Cussion,Starter,Michael Pittman,Ind,WR|W/R/T
12,30.8,Chili Con Cussion,Starter,Bijan Robinson,Atl,RB|W/R/T
12,14.7,Chili Con Cussion,Starter,Devin Singletary,NYG,RB|W/R/T
12,12.3,Chili Con Cussion,Starter,Cole Kmet,Chi,TE|W/R/T
12,23.4,Chili Con Cussion,Starter,Raheem Mostert,LV,RB|W/R/T
12,6.6,Chili Con Cussion,Non-Starter,Jaxon Smith-Njigba,Sea,WR|W/R/T
12,5.9,Chili Con Cussion,Non-Starter,Elijah Moore,Buf,WR|W/R/T
12,18.7,Chili Con Cussion,Non-Starter,Brandin Cooks,NO,WR|W/R/T
12,19.0,Chili Con Cussion,Starter,Denver Broncos,Den,DEF
13,8.94,Chili Con Cussion,Starter,Derek Carr,NO,QB
13,36.6,Chili Con Cussion,Starter,Nico Collins,Hou,WR|W/R/T
13,30.5,Chili Con Cussion,Starter,Michael Pittman,Ind,WR|W/R/T
13,12.9,Chili Con Cussion,Starter,Bijan Robinson,Atl,RB|W/R/T
13,5.5,Chili Con Cussion,Starter,Devin Singletary,NYG,RB|W/R/T
13,4.0,Chili Con Cussion,Starter,Hunter Henry,NE,TE|W/R/T
13,13.6,Chili Con Cussion,Starter,Raheem Mostert,LV,RB|W/R/T
13,0.0,Chili Con Cussion,Non-Starter,Cole Kmet,Chi,TE|W/R/T
13,0.0,Chili Con Cussion,Non-Starter,Lamar Jackson,Bal,QB
13,18.0,Chili Con Cussion,Non-Starter,Brandin Cooks,NO,WR|W/R/T
13,9.5,Chili Con Cussion,Starter,Denver Broncos,Den,DEF
14,37.64,Chili Con Cussion,Starter,Lamar Jackson,Bal,QB
14,2.8,Chili Con Cussion,Starter,Nico Collins,Hou,WR|W/R/T
14,22.5,Chili Con Cussion,Starter,Michael Pittman,Ind,WR|W/R/T
14,21.8,Chili Con Cussion,Starter,Bijan Robinson,Atl,RB|W/R/T
14,26.5,Chili Con Cussion,Starter,Raheem Mostert,LV,RB|W/R/T
14,12.6,Chili Con Cussion,Starter,Cole Kmet,Chi,TE|W/R/T
14,6.2,Chili Con Cussion,Starter,Brandin Cooks,NO,WR|W/R/T
14,14.0,Chili Con Cussion,Non-Starter,Devin Singletary,NYG,RB|W/R/T
14,7.0,Chili Con Cussion,Non-Starter,Jaxon Smith-Njigba,Sea,WR|W/R/T
14,4.2,Chili Con Cussion,Non-Starter,Jonathan Mingo,Dal,WR|W/R/T
14,18.5,Chili Con Cussion,Starter,Denver Broncos,Den,DEF
15,21.04,Chili Con Cussion,Starter,Lamar Jackson,Bal,QB
15,13.3,Chili Con Cussion,Starter,Michael Pittman,Ind,WR|W/R/T
15,15.8,Chili Con Cussion,Starter,Jaxon Smith-Njigba,Sea,WR|W/R/T
15,0.9,Chili Con Cussion,Starter,Bijan Robinson,Atl,RB|W/R/T
15,20.3,Chili Con Cussion,Starter,Raheem Mostert,LV,RB|W/R/T
15,14.3,Chili Con Cussion,Starter,Cole Kmet,Chi,TE|W/R/T
15,24.0,Chili Con Cussion,Starter,Devin Singletary,NYG,RB|W/R/T
15,0.0,Chili Con Cussion,Non-Starter,Nico Collins,Hou,WR|W/R/T
15,3.0,Chili Con Cussion,Non-Starter,Brandin Cooks,NO,WR|W/R/T
15,7.7,Chili Con Cussion,Non-Starter,Jonathan Mingo,Dal,WR|W/R/T
15,1.5,Chili Con Cussion,Starter,Denver Broncos,Den,DEF
16,27.58,Chili Con Cussion,Starter,Lamar Jackson,Bal,QB
16,13.6,Chili Con Cussion,Starter,Jaxon Smith-Njigba,Sea,WR|W/R/T
16,14.8,Chili Con Cussion,Starter,Nico Collins,Hou,WR|W/R/T
16,21.7,Chili Con Cussion,Starter,Bijan Robinson,Atl,RB|W/R/T
16,14.0,Chili Con Cussion,Starter,Raheem Mostert,LV,RB|W/R/T
16,16.2,Chili Con Cussion,Starter,Cole Kmet,Chi,TE|W/R/T
16,10.8,Chili Con Cussion,Starter,Devin Singletary,NYG,RB|W/R/T
16,0.0,Chili Con Cussion,Non-Starter,Michael Pittman,Ind,WR|W/R/T
16,10.8,Chili Con Cussion,Non-Starter,Brandin Cooks,NO,WR|W/R/T
16,1.9,Chili Con Cussion,Non-Starter,Jonathan Mingo,Dal,WR|W/R/T
16,9.5,Chili Con Cussion,Starter,Denver Broncos,Den,DEF
17,46.84,Chili Con Cussion,Starter,Lamar Jackson,Bal,QB
17,18.2,Chili Con Cussion,Starter,Nico Collins,Hou,WR|W/R/T
17,10.6,Chili Con Cussion,Starter,Michael Pittman,Ind,WR|W/R/T
17,14.1,Chili Con Cussion,Starter,Bijan Robinson,Atl,RB|W/R/T
17,15.1,Chili Con Cussion,Starter,Devin Singletary,NYG,RB|W/R/T
17,0.0,Chili Con Cussion,Starter,Cole Kmet,Chi,TE|W/R/T
17,8.7,Chili Con Cussion,Starter,Jaxon Smith-Njigba,Sea,WR|W/R/T
17,0.0,Chili Con Cussion,Non-Starter,Raheem Mostert,LV,RB|W/R/T
17,19.0,Chili Con Cussion,Non-Starter,Brandin Cooks,NO,WR|W/R/T
17,8.3,Chili Con Cussion,Non-Starter,Tanner Hudson,Cin,TE|W/R/T
17,11.5,Chili Con Cussion,Starter,Denver Broncos,Den,DEF
1,6.54,Ian’s Great Team,Starter,Josh Allen,Buf,QB
1,29.2,Ian’s Great Team,Starter,Stefon Diggs,NE,WR|W/R/T
1,3.5,Ian’s Great Team,Starter,Tyler Lockett,Ten,WR|W/R/T
1,6.7,Ian’s Great Team,Starter,Dameon Pierce,Hou,RB|W/R/T
1,10.7,Ian’s Great Team,Starter,Javonte Williams,Dal,RB|W/R/T
1,2.4,Ian’s Great Team,Starter,Dalton Schultz,Hou,TE|W/R/T
1,5.2,Ian’s Great Team,Starter,Brandin Cooks,NO,WR|W/R/T
1,27.4,Ian’s Great Team,Non-Starter,Tyler Allgeier,Atl,RB|W/R/T
1,8.0,Ian’s Great Team,Non-Starter,Rondale Moore,Min,WR|W/R/T
1,19.1,Ian’s Great Team,Non-Starter,Joshua Kelley,Ten,RB|W/R/T
1,19.5,Ian’s Great Team,Starter,San Francisco 49ers,SF,DEF
2,30.66,Ian’s Great Team,Starter,Josh Allen,Buf,QB
2,15.1,Ian’s Great Team,Starter,Stefon Diggs,NE,WR|W/R/T
2,28.9,Ian’s Great Team,Starter,Tyler Lockett,Ten,WR|W/R/T
2,6.0,Ian’s Great Team,Starter,Dameon Pierce,Hou,RB|W/R/T
2,5.4,Ian’s Great Team,Starter,Joshua Kelley,Ten,RB|W/R/T
2,8.4,Ian’s Great Team,Starter,Dalton Schultz,Hou,TE|W/R/T
2,6.3,Ian’s Great Team,Starter,Tyler Allgeier,Atl,RB|W/R/T
2,8.8,Ian’s Great Team,Non-Starter,Javonte Williams,Dal,RB|W/R/T
2,2.9,Ian’s Great Team,Non-Starter,Rondale Moore,Min,WR|W/R/T
2,11.1,Ian’s Great Team,Non-Starter,Treylon Burks,Ten,WR|W/R/T
2,6.5,Ian’s Great Team,Starter,San Francisco 49ers,SF,DEF
3,22.82,Ian’s Great Team,Starter,Josh Allen,Buf,QB
3,21.6,Ian’s Great Team,Starter,Stefon Diggs,NE,WR|W/R/T
3,8.9,Ian’s Great Team,Starter,Tyler Lockett,Ten,WR|W/R/T
3,15.9,Ian’s Great Team,Starter,Dameon Pierce,Hou,RB|W/R/T
3,5.9,Ian’s Great Team,Starter,Tyler Allgeier,Atl,RB|W/R/T
3,1.9,Ian’s Great Team,Starter,Dalton Schultz,Hou,TE|W/R/T
3,10.0,Ian’s Great Team,Starter,Javonte Williams,Dal,RB|W/R/T
3,3.2,Ian’s Great Team,Non-Starter,Joshua Kelley,Ten,RB|W/R/T
3,17.2,Ian’s Great Team,Non-Starter,Rondale Moore,Min,WR|W/R/T
3,1.5,Ian’s Great Team,Non-Starter,Treylon Burks,Ten,WR|W/R/T
3,12.5,Ian’s Great Team,Starter,San Francisco 49ers,SF,DEF
4,45.0,Ian’s Great Team,Starter,Josh Allen,Buf,QB
4,38.5,Ian’s Great Team,Starter,Stefon Diggs,NE,WR|W/R/T
4,9.9,Ian’s Great Team,Starter,Tyler Lockett,Ten,WR|W/R/T
4,14.3,Ian’s Great Team,Starter,Dameon Pierce,Hou,RB|W/R/T
4,8.0,Ian’s Great Team,Starter,Joshua Kelley,Ten,RB|W/R/T
4,3.7,Ian’s Great Team,Starter,Pat Freiermuth,Pit,TE|W/R/T
4,3.9,Ian’s Great Team,Starter,Javonte Williams,Dal,RB|W/R/T
4,2.7,Ian’s Great Team,Non-Starter,Tyler Allgeier,Atl,RB|W/R/T
4,0.0,Ian’s Great Team,Non-Starter,Rondale Moore,Min,WR|W/R/T
4,0.0,Ian’s Great Team,Non-Starter,Treylon Burks,Ten,WR|W/R/T
4,4.0,Ian’s Great Team,Starter,San Francisco 49ers,SF,DEF
5,30.76,Ian’s Great Team,Starter,Josh Allen,Buf,QB
5,26.6,Ian’s Great Team,Starter,Stefon Diggs,NE,WR|W/R/T
5,19.6,Ian’s Great Team,Starter,Josh Reynolds,NYJ,WR|W/R/T
5,10.7,Ian’s Great Team,Starter,Dameon Pierce,Hou,RB|W/R/T
5,0.0,Ian’s Great Team,Starter,Javonte Williams,Dal,RB|W/R/T
5,4.4,Ian’s Great Team,Starter,Dalton Kincaid,Buf,TE|W/R/T
5,8.0,Ian’s Great Team,Starter,Tyler Allgeier,Atl,RB|W/R/T
5,11.6,Ian’s Great Team,Non-Starter,Rondale Moore,Min,WR|W/R/T
5,0.0,Ian’s Great Team,Non-Starter,Joshua Kelley,Ten,RB|W/R/T
5,0.0,Ian’s Great Team,Non-Starter,Tyler Lockett,Ten,WR|W/R/T
5,21.0,Ian’s Great Team,Starter,San Francisco 49ers,SF,DEF
6,15.86,Ian’s Great Team,Starter,Josh Allen,Buf,QB
6,23.5,Ian’s Great Team,Starter,Stefon Diggs,NE,WR|W/R/T
6,16.9,Ian’s Great Team,Starter,Tyler Lockett,Ten,WR|W/R/T
6,4.4,Ian’s Great Team,Starter,Dameon Pierce,Hou,RB|W/R/T
6,9.2,Ian’s Great Team,Starter,Javonte Williams,Dal,RB|W/R/T
6,17.6,Ian’s Great Team,Starter,Dalton Schultz,Hou,TE|W/R/T
6,9.0,Ian’s Great Team,Starter,Josh Reynolds,NYJ,WR|W/R/T
6,6.1,Ian’s Great Team,Non-Starter,Tyler Allgeier,Atl,RB|W/R/T
6,7.6,Ian’s Great Team,Non-Starter,Rondale Moore,Min,WR|W/R/T
6,1.4,Ian’s Great Team,Non-Starter,Joshua Kelley,Ten,RB|W/R/T
6,11.0,Ian’s Great Team,Starter,San Francisco 49ers,SF,DEF
7,27.3,Ian’s Great Team,Starter,Josh Allen,Buf,QB
7,18.8,Ian’s Great Team,Starter,Stefon Diggs,NE,WR|W/R/T
7,8.8,Ian’s Great Team,Starter,Tyler Lockett,Ten,WR|W/R/T
7,14.6,Ian’s Great Team,Starter,Javonte Williams,Dal,RB|W/R/T
7,16.7,Ian’s Great Team,Starter,Tyler Allgeier,Atl,RB|W/R/T
7,2.2,Ian’s Great Team,Starter,Tyler Higbee,LAR,TE|W/R/T
7,7.3,Ian’s Great Team,Starter,Josh Reynolds,NYJ,WR|W/R/T
7,0.0,Ian’s Great Team,Non-Starter,Dalton Schultz,Hou,TE|W/R/T
7,0.0,Ian’s Great Team,Non-Starter,Dameon Pierce,Hou,RB|W/R/T
7,5.6,Ian’s Great Team,Non-Starter,Rondale Moore,Min,WR|W/R/T
7,4.5,Ian’s Great Team,Starter,San Francisco 49ers,SF,DEF
8,32.56,Ian’s Great Team,Starter,Josh Allen,Buf,QB
8,18.0,Ian’s Great Team,Starter,Stefon Diggs,NE,WR|W/R/T
8,24.6,Ian’s Great Team,Starter,Tyler Lockett,Ten,WR|W/R/T
8,21.8,Ian’s Great Team,Starter,Javonte Williams,Dal,RB|W/R/T
8,5.1,Ian’s Great Team,Starter,Dameon Pierce,Hou,RB|W/R/T
8,3.0,Ian’s Great Team,Starter,Dalton Schultz,Hou,TE|W/R/T
8,3.6,Ian’s Great Team,Starter,Tyler Allgeier,Atl,RB|W/R/T
8,0.3,Ian’s Great Team,Non-Starter,Josh Reynolds,NYJ,WR|W/R/T
8,10.5,Ian’s Great Team,Non-Starter,Tyler Higbee,LAR,TE|W/R/T
8,5.1,Ian’s Great Team,Non-Starter,Rondale Moore,Min,WR|W/R/T
8,8.0,Ian’s Great Team,Starter,San Francisco 49ers,SF,DEF
9,27.72,Ian’s Great Team,Starter,Josh Allen,Buf,QB
9,24.6,Ian’s Great Team,Starter,Stefon Diggs,NE,WR|W/R/T
9,7.2,Ian’s Great Team,Starter,Tyler Lockett,Ten,WR|W/R/T
9,12.5,Ian’s Great Team,Starter,Tyler Allgeier,Atl,RB|W/R/T
9,4.2,Ian’s Great Team,Starter,Royce Freeman,Chi,RB|W/R/T
9,30.5,Ian’s Great Team,Starter,Dalton Schultz,Hou,TE|W/R/T
9,2.3,Ian’s Great Team,Starter,Rondale Moore,Min,WR|W/R/T
9,0.0,Ian’s Great Team,Non-Starter,Javonte Williams,Dal,RB|W/R/T
9,0.0,Ian’s Great Team,Non-Starter,Josh Reynolds,NYJ,WR|W/R/T
9,31.0,Ian’s Great Team,Starter,Los Angeles Chargers,LAC,DEF
9,0.0,Ian’s Great Team,Non-Starter,San Francisco 49ers,SF,DEF
10,12.88,Ian’s Great Team,Starter,Josh Allen,Buf,QB
10,7.4,Ian’s Great Team,Starter,Stefon Diggs,NE,WR|W/R/T
10,25.7,Ian’s Great Team,Starter,Tyler Lockett,Ten,WR|W/R/T
10,5.3,Ian’s Great Team,Starter,Tyler Allgeier,Atl,RB|W/R/T
10,23.0,Ian’s Great Team,Starter,Javonte Williams,Dal,RB|W/R/T
10,12.6,Ian’s Great Team,Starter,Dalton Schultz,Hou,TE|W/R/T
10,4.0,Ian’s Great Team,Starter,Josh Reynolds,NYJ,WR|W/R/T
10,9.8,Ian’s Great Team,Non-Starter,Rondale Moore,Min,WR|W/R/T
10,0.0,Ian’s Great Team,Non-Starter,Royce Freeman,Chi,RB|W/R/T
10,2.4,Ian’s Great Team,Non-Starter,JuJu Smith-Schuster,KC,WR|W/R/T
10,24.0,Ian’s Great Team,Starter,San Francisco 49ers,SF,DEF
11,27.5,Ian’s Great Team,Starter,Josh Allen,Buf,QB
11,6.7,Ian’s Great Team,Starter,Stefon Diggs,NE,WR|W/R/T
11,12.1,Ian’s Great Team,Starter,Tyler Lockett,Ten,WR|W/R/T
11,7.8,Ian’s Great Team,Starter,Javonte Williams,Dal,RB|W/R/T
11,9.3,Ian’s Great Team,Starter,Royce Freeman,Chi,RB|W/R/T
11,12.2,Ian’s Great Team,Starter,Dalton Schultz,Hou,TE|W/R/T
11,2.6,Ian’s Great Team,Starter,Josh Reynolds,NYJ,WR|W/R/T
11,0.0,Ian’s Great Team,Non-Starter,Tyler Allgeier,Atl,RB|W/R/T
11,12.9,Ian’s Great Team,Non-Starter,Rondale Moore,Min,WR|W/R/T
11,0.0,Ian’s Great Team,Non-Starter,JuJu Smith-Schuster,KC,WR|W/R/T
11,11.0,Ian’s Great Team,Starter,San Francisco 49ers,SF,DEF
12,45.16,Ian’s Great Team,Starter,Josh Allen,Buf,QB
12,21.4,Ian’s Great Team,Starter,Stefon Diggs,NE,WR|W/R/T
12,6.5,Ian’s Great Team,Starter,Tyler Lockett,Ten,WR|W/R/T
12,11.1,Ian’s Great Team,Starter,Javonte Williams,Dal,RB|W/R/T
12,8.4,Ian’s Great Team,Starter,Tyler Allgeier,Atl,RB|W/R/T
12,1.2,Ian’s Great Team,Starter,Dalton Schultz,Hou,TE|W/R/T
12,10.0,Ian’s Great Team,Starter,Josh Reynolds,NYJ,WR|W/R/T
12,15.2,Ian’s Great Team,Non-Starter,Royce Freeman,Chi,RB|W/R/T
12,6.0,Ian’s Great Team,Non-Starter,Rondale Moore,Min,WR|W/R/T
12,3.5,Ian’s Great Team,Non-Starter,JuJu Smith-Schuster,KC,WR|W/R/T
12,18.0,Ian’s Great Team,Starter,San Francisco 49ers,SF,DEF
13,3.1,Ian’s Great Team,Starter,Kenny Pickett,Cle,QB
13,11.2,Ian’s Great Team,Starter,Tyler Lockett,Ten,WR|W/R/T
13,1.6,Ian’s Great Team,Starter,Rondale Moore,Min,WR|W/R/T
13,12.0,Ian’s Great Team,Starter,Javonte Williams,Dal,RB|W/R/T
13,3.1,Ian’s Great Team,Starter,Tyler Allgeier,Atl,RB|W/R/T
13,10.9,Ian’s Great Team,Starter,Brevin Jordan,Hou,TE|W/R/T
13,2.7,Ian’s Great Team,Starter,Josh Reynolds,NYJ,WR|W/R/T
13,0.0,Ian’s Great Team,Non-Starter,Dalton Schultz,Hou,TE|W/R/T
13,0.0,Ian’s Great Team,Non-Starter,Josh Allen,Buf,QB
13,0.0,Ian’s Great Team,Non-Starter,Stefon Diggs,NE,WR|W/R/T
13,7.0,Ian’s Great Team,Starter,San Francisco 49ers,SF,DEF
14,22.02,Ian’s Great Team,Starter,Josh Allen,Buf,QB
14,17.4,Ian’s Great Team,Starter,Tyler Lockett,Ten,WR|W/R/T
14,6.9,Ian’s Great Team,Starter,Stefon Diggs,NE,WR|W/R/T
14,21.1,Ian’s Great Team,Starter,Javonte Williams,Dal,RB|W/R/T
14,5.0,Ian’s Great Team,Starter,Tyler Allgeier,Atl,RB|W/R/T
14,7.5,Ian’s Great Team,Starter,Brevin Jordan,Hou,TE|W/R/T
14,14.4,Ian’s Great Team,Starter,Josh Reynolds,NYJ,WR|W/R/T
14,0.0,Ian’s Great Team,Non-Starter,Dalton Schultz,Hou,TE|W/R/T
14,0.0,Ian’s Great Team,Non-Starter,Kenny Pickett,Cle,QB
14,0.0,Ian’s Great Team,Non-Starter,Rondale Moore,Min,WR|W/R/T
14,12.5,Ian’s Great Team,Starter,San Francisco 49ers,SF,DEF
1,3.18,Hells Wells,Starter,Joe Burrow,Cin,QB
1,1.9,Hells Wells,Starter,Christian Kirk,Hou,WR|W/R/T
1,14.6,Hells Wells,Starter,Davante Adams,LAR,WR|W/R/T
1,16.6,Hells Wells,Starter,Brian Robinson,SF,RB|W/R/T
1,0.0,Hells Wells,Starter,Cordarrelle Patterson,Pit,RB|W/R/T
1,6.6,Hells Wells,Starter,Dalton Kincaid,Buf,TE|W/R/T
1,21.1,Hells Wells,Starter,Amon-Ra St. Brown,Det,WR|W/R/T
1,0.0,Hells Wells,Non-Starter,Kendre Miller,NO,RB|W/R/T
1,0.0,Hells Wells,Non-Starter,Jonathan Taylor,Ind,RB|W/R/T
1,5.2,Hells Wells,Non-Starter,Treylon Burks,Ten,WR|W/R/T
1,5.5,Hells Wells,Starter,Miami Dolphins,Mia,DEF
2,17.38,Hells Wells,Starter,Joe Burrow,Cin,QB
2,24.96,Hells Wells,Starter,Christian Kirk,Hou,WR|W/R/T
2,22.9,Hells Wells,Starter,Davante Adams,LAR,WR|W/R/T
2,33.9,Hells Wells,Starter,Brian Robinson,SF,RB|W/R/T
2,26.1,Hells Wells,Starter,Jerome Ford,Cle,RB|W/R/T
2,5.0,Hells Wells,Starter,Hayden Hurst,LAC,TE|W/R/T
2,15.7,Hells Wells,Starter,Amon-Ra St. Brown,Det,WR|W/R/T
2,0.0,Hells Wells,Non-Starter,Jonathan Taylor,Ind,RB|W/R/T
2,26.84,Hells Wells,Non-Starter,Jordan Love,GB,QB
2,11.8,Hells Wells,Non-Starter,Rashid Shaheed,NO,WR|W/R/T
2,7.5,Hells Wells,Starter,Arizona Cardinals,Ari,DEF
3,25.26,Hells Wells,Starter,Jordan Love,GB,QB
3,16.4,Hells Wells,Starter,Christian Kirk,Hou,WR|W/R/T
3,46.7,Hells Wells,Starter,Davante Adams,LAR,WR|W/R/T
3,8.5,Hells Wells,Starter,Brian Robinson,SF,RB|W/R/T
3,20.6,Hells Wells,Starter,Jerome Ford,Cle,RB|W/R/T
3,4.2,Hells Wells,Starter,Hunter Henry,NE,TE|W/R/T
3,22.1,Hells Wells,Starter,Amon-Ra St. Brown,Det,WR|W/R/T
3,6.16,Hells Wells,Non-Starter,Joe Burrow,Cin,QB
3,0.0,Hells Wells,Non-Starter,Jonathan Taylor,Ind,RB|W/R/T
3,10.7,Hells Wells,Non-Starter,Tony Jones,Ari,RB|W/R/T
3,6.5,Hells Wells,Starter,Tampa Bay Buccaneers,TB,DEF
4,16.14,Hells Wells,Starter,Jordan Love,GB,QB
4,18.4,Hells Wells,Starter,Christian Kirk,Hou,WR|W/R/T
4,18.0,Hells Wells,Starter,Davante Adams,LAR,WR|W/R/T
4,15.1,Hells Wells,Starter,Brian Robinson,SF,RB|W/R/T
4,10.5,Hells Wells,Starter,Jerome Ford,Cle,RB|W/R/T
4,10.6,Hells Wells,Starter,Hunter Henry,NE,TE|W/R/T
4,18.6,Hells Wells,Starter,Amon-Ra St. Brown,Det,WR|W/R/T
4,5.2,Hells Wells,Non-Starter,Joe Burrow,Cin,QB
4,0.0,Hells Wells,Non-Starter,Jonathan Taylor,Ind,RB|W/R/T
4,2.3,Hells Wells,Non-Starter,Clyde Edwards-Helaire,NO,RB|W/R/T
4,15.5,Hells Wells,Starter,Tampa Bay Buccaneers,TB,DEF
5,-0.02,Hells Wells,Starter,Jordan Love,GB,QB
5,10.0,Hells Wells,Starter,Davante Adams,LAR,WR|W/R/T
5,0.0,Hells Wells,Starter,Amon-Ra St. Brown,Det,WR|W/R/T
5,9.3,Hells Wells,Starter,Brian Robinson,SF,RB|W/R/T
5,4.9,Hells Wells,Starter,Jonathan Taylor,Ind,RB|W/R/T
5,0.0,Hells Wells,Starter,Hunter Henry,NE,TE|W/R/T
5,15.9,Hells Wells,Starter,Christian Kirk,Hou,WR|W/R/T
5,0.0,Hells Wells,Non-Starter,Jerome Ford,Cle,RB|W/R/T
5,27.88,Hells Wells,Non-Starter,Joe Burrow,Cin,QB
5,1.7,Hells Wells,Non-Starter,Latavius Murray,Buf,RB|W/R/T
5,8.5,Hells Wells,Starter,Detroit Lions,Det,DEF
6,16.3,Hells Wells,Starter,Joe Burrow,Cin,QB
6,5.4,Hells Wells,Starter,Davante Adams,LAR,WR|W/R/T
6,14.9,Hells Wells,Starter,Christian Kirk,Hou,WR|W/R/T
6,14.6,Hells Wells,Starter,Brian Robinson,SF,RB|W/R/T
6,13.0,Hells Wells,Starter,Jonathan Taylor,Ind,RB|W/R/T
6,1.7,Hells Wells,Starter,Hunter Henry,NE,TE|W/R/T
6,12.6,Hells Wells,Starter,Jerome Ford,Cle,RB|W/R/T
6,33.9,Hells Wells,Non-Starter,Amon-Ra St. Brown,Det,WR|W/R/T
6,0.0,Hells Wells,Non-Starter,Jordan Love,GB,QB
6,6.0,Hells Wells,Non-Starter,Latavius Murray,Buf,RB|W/R/T
6,12.0,Hells Wells,Starter,Detroit Lions,Det,DEF
7,17.8,Hells Wells,Starter,Jordan Love,GB,QB
7,14.7,Hells Wells,Starter,Davante Adams,LAR,WR|W/R/T
7,25.7,Hells Wells,Starter,Amon-Ra St. Brown,Det,WR|W/R/T
7,8.8,Hells Wells,Starter,Brian Robinson,SF,RB|W/R/T
7,24.0,Hells Wells,Starter,Jonathan Taylor,Ind,RB|W/R/T
7,5.7,Hells Wells,Starter,Hunter Henry,NE,TE|W/R/T
7,18.4,Hells Wells,Starter,Jerome Ford,Cle,RB|W/R/T
7,21.0,Hells Wells,Non-Starter,Christian Kirk,Hou,WR|W/R/T
7,0.0,Hells Wells,Non-Starter,Joe Burrow,Cin,QB
7,16.6,Hells Wells,Non-Starter,Kareem Hunt,KC,RB|W/R/T
7,-0.5,Hells Wells,Starter,Detroit Lions,Det,DEF
8,35.62,Hells Wells,Starter,Joe Burrow,Cin,QB
8,2.6,Hells Wells,Starter,Davante Adams,LAR,WR|W/R/T
8,19.3,Hells Wells,Starter,Amon-Ra St. Brown,Det,WR|W/R/T
8,12.2,Hells Wells,Starter,Jonathan Taylor,Ind,RB|W/R/T
8,16.2,Hells Wells,Starter,Kareem Hunt,KC,RB|W/R/T
8,19.0,Hells Wells,Starter,Dalton Kincaid,Buf,TE|W/R/T
8,9.6,Hells Wells,Starter,Christian Kirk,Hou,WR|W/R/T
8,11.9,Hells Wells,Non-Starter,Brian Robinson,SF,RB|W/R/T
8,14.56,Hells Wells,Non-Starter,Jordan Love,GB,QB
8,5.4,Hells Wells,Non-Starter,Jerome Ford,Cle,RB|W/R/T
8,16.5,Hells Wells,Starter,Detroit Lions,Det,DEF
9,26.82,Hells Wells,Starter,Joe Burrow,Cin,QB
9,8.4,Hells Wells,Starter,Davante Adams,LAR,WR|W/R/T
9,5.7,Hells Wells,Starter,Rashid Shaheed,NO,WR|W/R/T
9,19.9,Hells Wells,Starter,Jonathan Taylor,Ind,RB|W/R/T
9,11.8,Hells Wells,Starter,Kareem Hunt,KC,RB|W/R/T
9,18.6,Hells Wells,Starter,Dalton Kincaid,Buf,TE|W/R/T
9,13.7,Hells Wells,Starter,Brian Robinson,SF,RB|W/R/T
9,0.0,Hells Wells,Non-Starter,Amon-Ra St. Brown,Det,WR|W/R/T
9,0.0,Hells Wells,Non-Starter,Christian Kirk,Hou,WR|W/R/T
9,14.7,Hells Wells,Non-Starter,Jerome Ford,Cle,RB|W/R/T
9,8.0,Hells Wells,Starter,Minnesota Vikings,Min,DEF
10,20.38,Hells Wells,Starter,Joe Burrow,Cin,QB
10,16.1,Hells Wells,Starter,Davante Adams,LAR,WR|W/R/T
10,33.5,Hells Wells,Starter,Amon-Ra St. Brown,Det,WR|W/R/T
10,16.5,Hells Wells,Starter,Jonathan Taylor,Ind,RB|W/R/T
10,30.2,Hells Wells,Starter,Brian Robinson,SF,RB|W/R/T
10,16.6,Hells Wells,Starter,Dalton Kincaid,Buf,TE|W/R/T
10,16.4,Hells Wells,Starter,Christian Kirk,Hou,WR|W/R/T
10,10.7,Hells Wells,Non-Starter,Kareem Hunt,KC,RB|W/R/T
10,8.4,Hells Wells,Non-Starter,Rashid Shaheed,NO,WR|W/R/T
10,15.4,Hells Wells,Non-Starter,Jerome Ford,Cle,RB|W/R/T
10,13.0,Hells Wells,Starter,Minnesota Vikings,Min,DEF
11,10.74,Hells Wells,Starter,Joe Burrow,Cin,QB
11,22.2,Hells Wells,Starter,Davante Adams,LAR,WR|W/R/T
11,24.7,Hells Wells,Starter,Amon-Ra St. Brown,Det,WR|W/R/T
11,24.2,Hells Wells,Starter,Brian Robinson,SF,RB|W/R/T
11,12.9,Hells Wells,Starter,Jerome Ford,Cle,RB|W/R/T
11,12.6,Hells Wells,Starter,Dalton Kincaid,Buf,TE|W/R/T
11,9.3,Hells Wells,Starter,Christian Kirk,Hou,WR|W/R/T
11,0.0,Hells Wells,Non-Starter,Jonathan Taylor,Ind,RB|W/R/T
11,8.2,Hells Wells,Non-Starter,Kareem Hunt,KC,RB|W/R/T
11,5.0,Hells Wells,Non-Starter,Latavius Murray,Buf,RB|W/R/T
11,6.5,Hells Wells,Starter,Minnesota Vikings,Min,DEF
12,33.12,Hells Wells,Starter,Jordan Love,GB,QB
12,13.8,Hells Wells,Starter,Davante Adams,LAR,WR|W/R/T
12,21.0,Hells Wells,Starter,Amon-Ra St. Brown,Det,WR|W/R/T
12,9.9,Hells Wells,Starter,Brian Robinson,SF,RB|W/R/T
12,25.1,Hells Wells,Starter,Jonathan Taylor,Ind,RB|W/R/T
12,9.3,Hells Wells,Starter,Dalton Kincaid,Buf,TE|W/R/T
12,14.4,Hells Wells,Starter,Christian Kirk,Hou,WR|W/R/T
12,13.9,Hells Wells,Non-Starter,Jerome Ford,Cle,RB|W/R/T
12,3.7,Hells Wells,Non-Starter,Kareem Hunt,KC,RB|W/R/T
12,9.3,Hells Wells,Non-Starter,Latavius Murray,Buf,RB|W/R/T
12,14.0,Hells Wells,Starter,Minnesota Vikings,Min,DEF
13,30.68,Hells Wells,Starter,Jordan Love,GB,QB
13,13.9,Hells Wells,Starter,Amon-Ra St. Brown,Det,WR|W/R/T
13,4.1,Hells Wells,Starter,Christian Kirk,Hou,WR|W/R/T
13,6.3,Hells Wells,Starter,Brian Robinson,SF,RB|W/R/T
13,2.6,Hells Wells,Starter,Samaje Perine,Cin,RB|W/R/T
13,16.2,Hells Wells,Starter,Jerome Ford,Cle,RB|W/R/T
13,8.3,Hells Wells,Non-Starter,Kareem Hunt,KC,RB|W/R/T
13,0.0,Hells Wells,Non-Starter,Jonathan Taylor,Ind,RB|W/R/T
13,0.0,Hells Wells,Non-Starter,Dalton Kincaid,Buf,TE|W/R/T
13,0.0,Hells Wells,Non-Starter,Davante Adams,LAR,WR|W/R/T
13,22.5,Hells Wells,Starter,Indianapolis Colts,Ind,DEF
14,8.92,Hells Wells,Starter,Jordan Love,GB,QB
14,5.1,Hells Wells,Starter,Amon-Ra St. Brown,Det,WR|W/R/T
14,12.3,Hells Wells,Starter,Davante Adams,LAR,WR|W/R/T
14,5.0,Hells Wells,Starter,Latavius Murray,Buf,RB|W/R/T
14,14.2,Hells Wells,Starter,Jerome Ford,Cle,RB|W/R/T
14,7.6,Hells Wells,Starter,Dalton Kincaid,Buf,TE|W/R/T
14,11.0,Hells Wells,Starter,Kareem Hunt,KC,RB|W/R/T
14,9.2,Hells Wells,Non-Starter,Parker Washington,Jax,WR|W/R/T
14,0.0,Hells Wells,Non-Starter,Brian Robinson,SF,RB|W/R/T
14,0.0,Hells Wells,Non-Starter,Jonathan Taylor,Ind,RB|W/R/T
14,10.5,Hells Wells,Starter,Indianapolis Colts,Ind,DEF
1,15.5,imdrunkrightnow,Starter,Jalen Hurts,Phi,QB
1,13.2,imdrunkrightnow,Starter,CeeDee Lamb,Dal,WR|W/R/T
1,15.0,imdrunkrightnow,Starter,DeAndre Hopkins,Bal,WR|W/R/T
1,15.4,imdrunkrightnow,Starter,David Montgomery,Det,RB|W/R/T
1,10.4,imdrunkrightnow,Starter,Dalvin Cook,Dal,RB|W/R/T
1,0.0,imdrunkrightnow,Starter,Mark Andrews,Bal,TE|W/R/T
1,17.1,imdrunkrightnow,Starter,Jordan Addison,Min,WR|W/R/T
1,10.7,imdrunkrightnow,Non-Starter,Elijah Moore,Buf,WR|W/R/T
1,18.5,imdrunkrightnow,Non-Starter,Zay Jones,Ari,WR|W/R/T
1,6.7,imdrunkrightnow,Non-Starter,Odell Beckham,Mia,WR|W/R/T
1,4.0,imdrunkrightnow,Starter,Seattle Seahawks,Sea,DEF
2,27.72,imdrunkrightnow,Starter,Jalen Hurts,Phi,QB
2,28.8,imdrunkrightnow,Starter,CeeDee Lamb,Dal,WR|W/R/T
2,9.5,imdrunkrightnow,Starter,DeAndre Hopkins,Bal,WR|W/R/T
2,14.4,imdrunkrightnow,Starter,David Montgomery,Det,RB|W/R/T
2,0.2,imdrunkrightnow,Starter,Dalvin Cook,Dal,RB|W/R/T
2,17.0,imdrunkrightnow,Starter,Mark Andrews,Bal,TE|W/R/T
2,16.7,imdrunkrightnow,Starter,Jordan Addison,Min,WR|W/R/T
2,8.1,imdrunkrightnow,Non-Starter,Elijah Moore,Buf,WR|W/R/T
2,0.0,imdrunkrightnow,Non-Starter,Zay Jones,Ari,WR|W/R/T
2,6.9,imdrunkrightnow,Non-Starter,Odell Beckham,Mia,WR|W/R/T
2,16.5,imdrunkrightnow,Starter,Seattle Seahawks,Sea,DEF
3,20.88,imdrunkrightnow,Starter,Jalen Hurts,Phi,QB
3,11.2,imdrunkrightnow,Starter,CeeDee Lamb,Dal,WR|W/R/T
3,13.3,imdrunkrightnow,Starter,Elijah Moore,Buf,WR|W/R/T
3,6.9,imdrunkrightnow,Starter,Dalvin Cook,Dal,RB|W/R/T
3,5.9,imdrunkrightnow,Starter,Kendre Miller,NO,RB|W/R/T
3,8.0,imdrunkrightnow,Starter,Mark Andrews,Bal,TE|W/R/T
3,12.7,imdrunkrightnow,Starter,Jordan Addison,Min,WR|W/R/T
3,9.3,imdrunkrightnow,Non-Starter,DeAndre Hopkins,Bal,WR|W/R/T
3,0.0,imdrunkrightnow,Non-Starter,David Montgomery,Det,RB|W/R/T
3,0.0,imdrunkrightnow,Non-Starter,Zay Jones,Ari,WR|W/R/T
3,6.0,imdrunkrightnow,Starter,Seattle Seahawks,Sea,DEF
4,30.16,imdrunkrightnow,Starter,Jalen Hurts,Phi,QB
4,16.3,imdrunkrightnow,Starter,CeeDee Lamb,Dal,WR|W/R/T
4,2.0,imdrunkrightnow,Starter,Elijah Moore,Buf,WR|W/R/T
4,2.8,imdrunkrightnow,Starter,Dalvin Cook,Dal,RB|W/R/T
4,39.1,imdrunkrightnow,Starter,David Montgomery,Det,RB|W/R/T
4,27.0,imdrunkrightnow,Starter,Mark Andrews,Bal,TE|W/R/T
4,0.0,imdrunkrightnow,Starter,Jordan Addison,Min,WR|W/R/T
4,1.8,imdrunkrightnow,Non-Starter,Kendre Miller,NO,RB|W/R/T
4,11.8,imdrunkrightnow,Non-Starter,DeAndre Hopkins,Bal,WR|W/R/T
4,0.0,imdrunkrightnow,Non-Starter,Zay Jones,Ari,WR|W/R/T
4,36.0,imdrunkrightnow,Starter,Seattle Seahawks,Sea,DEF
5,31.32,imdrunkrightnow,Starter,Jalen Hurts,Phi,QB
5,9.4,imdrunkrightnow,Starter,CeeDee Lamb,Dal,WR|W/R/T
5,25.5,imdrunkrightnow,Starter,DeAndre Hopkins,Bal,WR|W/R/T
5,24.9,imdrunkrightnow,Starter,David Montgomery,Det,RB|W/R/T
5,13.4,imdrunkrightnow,Starter,Jaylen Warren,Pit,RB|W/R/T
5,14.5,imdrunkrightnow,Starter,Mark Andrews,Bal,TE|W/R/T
5,20.4,imdrunkrightnow,Starter,Jordan Addison,Min,WR|W/R/T
5,3.3,imdrunkrightnow,Non-Starter,Dalvin Cook,Dal,RB|W/R/T
5,11.8,imdrunkrightnow,Non-Starter,Zay Jones,Ari,WR|W/R/T
5,10.4,imdrunkrightnow,Non-Starter,Tyler Boyd,Ten,WR|W/R/T
5,14.0,imdrunkrightnow,Starter,Green Bay Packers,GB,DEF
6,17.4,imdrunkrightnow,Starter,Jalen Hurts,Phi,QB
6,22.2,imdrunkrightnow,Starter,CeeDee Lamb,Dal,WR|W/R/T
6,3.5,imdrunkrightnow,Starter,DeAndre Hopkins,Bal,WR|W/R/T
6,4.8,imdrunkrightnow,Starter,David Montgomery,Det,RB|W/R/T
6,9.2,imdrunkrightnow,Starter,D'Onta Foreman,Cle,RB|W/R/T
6,12.4,imdrunkrightnow,Starter,Mark Andrews,Bal,TE|W/R/T
6,12.8,imdrunkrightnow,Starter,Jordan Addison,Min,WR|W/R/T
6,2.9,imdrunkrightnow,Non-Starter,Dalvin Cook,Dal,RB|W/R/T
6,0.0,imdrunkrightnow,Non-Starter,Jaylen Warren,Pit,RB|W/R/T
6,17.8,imdrunkrightnow,Non-Starter,Tyler Boyd,Ten,WR|W/R/T
6,25.0,imdrunkrightnow,Starter,Minnesota Vikings,Min,DEF
7,26.26,imdrunkrightnow,Starter,Jalen Hurts,Phi,QB
7,33.8,imdrunkrightnow,Starter,Jordan Addison,Min,WR|W/R/T
7,17.3,imdrunkrightnow,Starter,Kendrick Bourne,NE,WR|W/R/T
7,37.5,imdrunkrightnow,Starter,D'Onta Foreman,Cle,RB|W/R/T
7,10.6,imdrunkrightnow,Starter,Jaylen Warren,Pit,RB|W/R/T
7,24.3,imdrunkrightnow,Starter,Mark Andrews,Bal,TE|W/R/T
7,3.7,imdrunkrightnow,Starter,Wan'Dale Robinson,NYG,WR|W/R/T
7,0.0,imdrunkrightnow,Non-Starter,David Montgomery,Det,RB|W/R/T
7,0.0,imdrunkrightnow,Non-Starter,DeAndre Hopkins,Bal,WR|W/R/T
7,0.0,imdrunkrightnow,Non-Starter,CeeDee Lamb,Dal,WR|W/R/T
7,11.5,imdrunkrightnow,Starter,Jacksonville Jaguars,Jax,DEF
8,35.86,imdrunkrightnow,Starter,Jalen Hurts,Phi,QB
8,23.4,imdrunkrightnow,Starter,Jordan Addison,Min,WR|W/R/T
8,45.0,imdrunkrightnow,Starter,CeeDee Lamb,Dal,WR|W/R/T
8,5.6,imdrunkrightnow,Starter,D'Onta Foreman,Cle,RB|W/R/T
8,8.8,imdrunkrightnow,Starter,Jaylen Warren,Pit,RB|W/R/T
8,16.0,imdrunkrightnow,Starter,Mark Andrews,Bal,TE|W/R/T
8,13.1,imdrunkrightnow,Starter,Kendrick Bourne,NE,WR|W/R/T
8,36.3,imdrunkrightnow,Non-Starter,DeAndre Hopkins,Bal,WR|W/R/T
8,2.2,imdrunkrightnow,Non-Starter,Wan'Dale Robinson,NYG,WR|W/R/T
8,0.0,imdrunkrightnow,Non-Starter,David Montgomery,Det,RB|W/R/T
8,6.5,imdrunkrightnow,Starter,Atlanta Falcons,Atl,DEF
9,31.88,imdrunkrightnow,Starter,Jalen Hurts,Phi,QB
9,11.2,imdrunkrightnow,Starter,Jordan Addison,Min,WR|W/R/T
9,31.6,imdrunkrightnow,Starter,CeeDee Lamb,Dal,WR|W/R/T
9,16.8,imdrunkrightnow,Starter,Jaylen Warren,Pit,RB|W/R/T
9,5.5,imdrunkrightnow,Starter,Darrell Henderson,LAR,RB|W/R/T
9,18.0,imdrunkrightnow,Starter,Mark Andrews,Bal,TE|W/R/T
9,12.5,imdrunkrightnow,Starter,DeAndre Hopkins,Bal,WR|W/R/T
9,9.3,imdrunkrightnow,Non-Starter,D'Onta Foreman,Cle,RB|W/R/T
9,0.0,imdrunkrightnow,Non-Starter,David Montgomery,Det,RB|W/R/T
9,0.0,imdrunkrightnow,Non-Starter,Leonard Fournette,Buf,RB|W/R/T
9,14.5,imdrunkrightnow,Starter,Atlanta Falcons,Atl,DEF
10,28.62,imdrunkrightnow,Starter,Joshua Dobbs,NE,QB
10,11.9,imdrunkrightnow,Starter,Jordan Addison,Min,WR|W/R/T
10,43.0,imdrunkrightnow,Starter,CeeDee Lamb,Dal,WR|W/R/T
10,22.5,imdrunkrightnow,Starter,Jaylen Warren,Pit,RB|W/R/T
10,19.1,imdrunkrightnow,Starter,David Montgomery,Det,RB|W/R/T
10,6.9,imdrunkrightnow,Starter,Mark Andrews,Bal,TE|W/R/T
10,6.2,imdrunkrightnow,Starter,DeAndre Hopkins,Bal,WR|W/R/T
10,0.0,imdrunkrightnow,Non-Starter,Jalen Hurts,Phi,QB
10,20.7,imdrunkrightnow,Non-Starter,D'Onta Foreman,Cle,RB|W/R/T
10,0.0,imdrunkrightnow,Non-Starter,Leonard Fournette,Buf,RB|W/R/T
10,11.5,imdrunkrightnow,Starter,Chicago Bears,Chi,DEF
11,19.4,imdrunkrightnow,Starter,Jalen Hurts,Phi,QB
11,8.4,imdrunkrightnow,Starter,Jordan Addison,Min,WR|W/R/T
11,18.0,imdrunkrightnow,Starter,CeeDee Lamb,Dal,WR|W/R/T
11,26.5,imdrunkrightnow,Starter,Jaylen Warren,Pit,RB|W/R/T
11,20.8,imdrunkrightnow,Starter,David Montgomery,Det,RB|W/R/T
11,4.8,imdrunkrightnow,Starter,Mark Andrews,Bal,TE|W/R/T
11,16.9,imdrunkrightnow,Starter,DeAndre Hopkins,Bal,WR|W/R/T
11,18.44,imdrunkrightnow,Non-Starter,Joshua Dobbs,NE,QB
11,8.4,imdrunkrightnow,Non-Starter,D'Onta Foreman,Cle,RB|W/R/T
11,4.3,imdrunkrightnow,Non-Starter,Tyler Conklin,LAC,TE|W/R/T
11,8.5,imdrunkrightnow,Starter,Jacksonville Jaguars,Jax,DEF
12,41.0,imdrunkrightnow,Starter,Jalen Hurts,Phi,QB
12,10.9,imdrunkrightnow,Starter,Jordan Addison,Min,WR|W/R/T
12,19.3,imdrunkrightnow,Starter,CeeDee Lamb,Dal,WR|W/R/T
12,8.7,imdrunkrightnow,Starter,Jaylen Warren,Pit,RB|W/R/T
12,17.1,imdrunkrightnow,Starter,David Montgomery,Det,RB|W/R/T
12,8.0,imdrunkrightnow,Starter,Isaiah Likely,Bal,TE|W/R/T
12,8.9,imdrunkrightnow,Starter,DeAndre Hopkins,Bal,WR|W/R/T
12,-1.5,imdrunkrightnow,Non-Starter,Joshua Dobbs,NE,QB
12,0.0,imdrunkrightnow,Non-Starter,D'Onta Foreman,Cle,RB|W/R/T
12,8.3,imdrunkrightnow,Non-Starter,Tyler Conklin,LAC,TE|W/R/T
12,27.5,imdrunkrightnow,Starter,Miami Dolphins,Mia,DEF
13,26.42,imdrunkrightnow,Starter,Jalen Hurts,Phi,QB
13,36.1,imdrunkrightnow,Starter,CeeDee Lamb,Dal,WR|W/R/T
13,20.9,imdrunkrightnow,Starter,DeAndre Hopkins,Bal,WR|W/R/T
13,7.5,imdrunkrightnow,Starter,Jaylen Warren,Pit,RB|W/R/T
13,15.0,imdrunkrightnow,Starter,David Montgomery,Det,RB|W/R/T
13,7.5,imdrunkrightnow,Starter,Tyler Conklin,LAC,TE|W/R/T
13,11.0,imdrunkrightnow,Starter,Jameson Williams,Det,WR|W/R/T
13,0.0,imdrunkrightnow,Non-Starter,Jordan Addison,Min,WR|W/R/T
13,0.0,imdrunkrightnow,Non-Starter,Isaiah Likely,Bal,TE|W/R/T
13,0.0,imdrunkrightnow,Non-Starter,D'Onta Foreman,Cle,RB|W/R/T
13,15.0,imdrunkrightnow,Starter,Miami Dolphins,Mia,DEF
14,9.88,imdrunkrightnow,Starter,Jalen Hurts,Phi,QB
14,21.1,imdrunkrightnow,Starter,CeeDee Lamb,Dal,WR|W/R/T
14,27.9,imdrunkrightnow,Starter,DeAndre Hopkins,Bal,WR|W/R/T
14,9.5,imdrunkrightnow,Starter,Jaylen Warren,Pit,RB|W/R/T
14,13.5,imdrunkrightnow,Starter,David Montgomery,Det,RB|W/R/T
14,20.3,imdrunkrightnow,Starter,Isaiah Likely,Bal,TE|W/R/T
14,5.2,imdrunkrightnow,Starter,Jordan Addison,Min,WR|W/R/T
14,11.2,imdrunkrightnow,Non-Starter,Tyler Conklin,LAC,TE|W/R/T
14,10.7,imdrunkrightnow,Non-Starter,D'Onta Foreman,Cle,RB|W/R/T
14,8.2,imdrunkrightnow,Non-Starter,Elijah Moore,Buf,WR|W/R/T
14,15.0,imdrunkrightnow,Starter,Miami Dolphins,Mia,DEF
15,21.92,imdrunkrightnow,Starter,Jalen Hurts,Phi,QB
15,21.1,imdrunkrightnow,Starter,CeeDee Lamb,Dal,WR|W/R/T
15,4.6,imdrunkrightnow,Starter,DeAndre Hopkins,Bal,WR|W/R/T
15,12.8,imdrunkrightnow,Starter,Jaylen Warren,Pit,RB|W/R/T
15,12.7,imdrunkrightnow,Starter,David Montgomery,Det,RB|W/R/T
15,19.5,imdrunkrightnow,Starter,Isaiah Likely,Bal,TE|W/R/T
15,31.6,imdrunkrightnow,Starter,Jordan Addison,Min,WR|W/R/T
15,-0.6,imdrunkrightnow,Non-Starter,D'Onta Foreman,Cle,RB|W/R/T
15,0.0,imdrunkrightnow,Non-Starter,Isiah Pacheco,KC,RB|W/R/T
15,0.0,imdrunkrightnow,Non-Starter,Marcus Mariota,Was,QB
15,28.0,imdrunkrightnow,Starter,Miami Dolphins,Mia,DEF
16,23.94,imdrunkrightnow,Starter,Jalen Hurts,Phi,QB
16,27.2,imdrunkrightnow,Starter,CeeDee Lamb,Dal,WR|W/R/T
16,4.5,imdrunkrightnow,Starter,DeAndre Hopkins,Bal,WR|W/R/T
16,17.9,imdrunkrightnow,Starter,David Montgomery,Det,RB|W/R/T
16,11.6,imdrunkrightnow,Starter,Isiah Pacheco,KC,RB|W/R/T
16,9.1,imdrunkrightnow,Starter,Isaiah Likely,Bal,TE|W/R/T
16,1.2,imdrunkrightnow,Starter,Jordan Addison,Min,WR|W/R/T
16,11.9,imdrunkrightnow,Non-Starter,Jaylen Warren,Pit,RB|W/R/T
16,0.0,imdrunkrightnow,Non-Starter,D'Onta Foreman,Cle,RB|W/R/T
16,12.5,imdrunkrightnow,Starter,Seattle Seahawks,Sea,DEF
16,9.5,imdrunkrightnow,Non-Starter,Miami Dolphins,Mia,DEF
17,24.18,imdrunkrightnow,Starter,Jalen Hurts,Phi,QB
17,43.7,imdrunkrightnow,Starter,CeeDee Lamb,Dal,WR|W/R/T
17,15.7,imdrunkrightnow,Starter,DeAndre Hopkins,Bal,WR|W/R/T
17,14.0,imdrunkrightnow,Starter,David Montgomery,Det,RB|W/R/T
17,22.3,imdrunkrightnow,Starter,Jaylen Warren,Pit,RB|W/R/T
17,19.2,imdrunkrightnow,Starter,Isaiah Likely,Bal,TE|W/R/T
17,32.0,imdrunkrightnow,Starter,Isiah Pacheco,KC,RB|W/R/T
17,6.3,imdrunkrightnow,Non-Starter,Jordan Addison,Min,WR|W/R/T
17,0.0,imdrunkrightnow,Non-Starter,D'Onta Foreman,Cle,RB|W/R/T
17,13.0,imdrunkrightnow,Starter,Chicago Bears,Chi,DEF
17,1.5,imdrunkrightnow,Non-Starter,Miami Dolphins,Mia,DEF
1,0.0,Bieniemy Combatants,Starter,Aaron Rodgers,Pit,QB
1,22.2,Bieniemy Combatants,Starter,Chris Olave,NO,WR|W/R/T
1,5.5,Bieniemy Combatants,Starter,D.J. Moore,Chi,WR|W/R/T
1,29.9,Bieniemy Combatants,Starter,Christian McCaffrey,SF,RB|W/R/T
1,29.2,Bieniemy Combatants,Starter,Aaron Jones,Min,RB|W/R/T
1,10.9,Bieniemy Combatants,Starter,Evan Engram,Den,TE|W/R/T
1,5.4,Bieniemy Combatants,Starter,George Kittle,SF,TE|W/R/T
1,3.4,Bieniemy Combatants,Non-Starter,Quentin Johnston,LAC,WR|W/R/T
1,0.0,Bieniemy Combatants,Non-Starter,Jeff Wilson,SF,RB|W/R/T
1,5.4,Bieniemy Combatants,Non-Starter,D'Onta Foreman,Cle,RB|W/R/T
1,17.5,Bieniemy Combatants,Starter,Philadelphia Eagles,Phi,DEF
2,15.74,Bieniemy Combatants,Starter,Mac Jones,SF,QB
2,16.1,Bieniemy Combatants,Starter,Chris Olave,NO,WR|W/R/T
2,18.4,Bieniemy Combatants,Starter,D.J. Moore,Chi,WR|W/R/T
2,24.5,Bieniemy Combatants,Starter,Christian McCaffrey,SF,RB|W/R/T
2,5.2,Bieniemy Combatants,Starter,Jerick McKinnon,KC,RB|W/R/T
2,13.7,Bieniemy Combatants,Starter,Evan Engram,Den,TE|W/R/T
2,7.5,Bieniemy Combatants,Starter,George Kittle,SF,TE|W/R/T
2,0.0,Bieniemy Combatants,Non-Starter,D'Onta Foreman,Cle,RB|W/R/T
2,0.0,Bieniemy Combatants,Non-Starter,Aaron Jones,Min,RB|W/R/T
2,1.7,Bieniemy Combatants,Non-Starter,Quentin Johnston,LAC,WR|W/R/T
2,9.5,Bieniemy Combatants,Starter,Philadelphia Eagles,Phi,DEF
3,-8.9,Bieniemy Combatants,Starter,Sam Howell,Phi,QB
3,21.4,Bieniemy Combatants,Starter,Chris Olave,NO,WR|W/R/T
3,14.1,Bieniemy Combatants,Starter,D.J. Moore,Chi,WR|W/R/T
3,26.4,Bieniemy Combatants,Starter,Christian McCaffrey,SF,RB|W/R/T
3,19.8,Bieniemy Combatants,Starter,Jerick McKinnon,KC,RB|W/R/T
3,14.7,Bieniemy Combatants,Starter,Evan Engram,Den,TE|W/R/T
3,17.0,Bieniemy Combatants,Starter,George Kittle,SF,TE|W/R/T
3,0.0,Bieniemy Combatants,Non-Starter,D'Onta Foreman,Cle,RB|W/R/T
3,0.0,Bieniemy Combatants,Non-Starter,Aaron Jones,Min,RB|W/R/T
3,3.5,Bieniemy Combatants,Non-Starter,Quentin Johnston,LAC,WR|W/R/T
3,14.5,Bieniemy Combatants,Starter,Philadelphia Eagles,Phi,DEF
4,22.6,Bieniemy Combatants,Starter,Sam Howell,Phi,QB
4,1.4,Bieniemy Combatants,Starter,Chris Olave,NO,WR|W/R/T
4,30.6,Bieniemy Combatants,Starter,D.J. Moore,Chi,WR|W/R/T
4,56.2,Bieniemy Combatants,Starter,Christian McCaffrey,SF,RB|W/R/T
4,1.2,Bieniemy Combatants,Starter,Jerick McKinnon,KC,RB|W/R/T
4,14.4,Bieniemy Combatants,Starter,Evan Engram,Den,TE|W/R/T
4,2.4,Bieniemy Combatants,Starter,George Kittle,SF,TE|W/R/T
4,0.0,Bieniemy Combatants,Non-Starter,D'Onta Foreman,Cle,RB|W/R/T
4,2.4,Bieniemy Combatants,Non-Starter,Aaron Jones,Min,RB|W/R/T
4,3.3,Bieniemy Combatants,Non-Starter,Quentin Johnston,LAC,WR|W/R/T
4,7.5,Bieniemy Combatants,Starter,Philadelphia Eagles,Phi,DEF
5,27.42,Bieniemy Combatants,Starter,Sam Howell,Phi,QB
5,9.7,Bieniemy Combatants,Starter,Chris Olave,NO,WR|W/R/T
5,52.0,Bieniemy Combatants,Starter,D.J. Moore,Chi,WR|W/R/T
5,16.8,Bieniemy Combatants,Starter,Christian McCaffrey,SF,RB|W/R/T
5,5.5,Bieniemy Combatants,Starter,Jerick McKinnon,KC,RB|W/R/T
5,7.3,Bieniemy Combatants,Starter,Evan Engram,Den,TE|W/R/T
5,29.2,Bieniemy Combatants,Starter,George Kittle,SF,TE|W/R/T
5,0.0,Bieniemy Combatants,Non-Starter,Aaron Jones,Min,RB|W/R/T
5,0.0,Bieniemy Combatants,Non-Starter,Quentin Johnston,LAC,WR|W/R/T
5,0.8,Bieniemy Combatants,Non-Starter,Tank Bigsby,Jax,RB|W/R/T
5,8.0,Bieniemy Combatants,Starter,Philadelphia Eagles,Phi,DEF
6,24.84,Bieniemy Combatants,Starter,Sam Howell,Phi,QB
6,19.6,Bieniemy Combatants,Starter,Chris Olave,NO,WR|W/R/T
6,11.6,Bieniemy Combatants,Starter,D.J. Moore,Chi,WR|W/R/T
6,15.7,Bieniemy Combatants,Starter,Christian McCaffrey,SF,RB|W/R/T
6,5.0,Bieniemy Combatants,Starter,Jerick McKinnon,KC,RB|W/R/T
6,11.6,Bieniemy Combatants,Starter,Evan Engram,Den,TE|W/R/T
6,1.1,Bieniemy Combatants,Starter,George Kittle,SF,TE|W/R/T
6,0.0,Bieniemy Combatants,Non-Starter,Aaron Jones,Min,RB|W/R/T
6,0.0,Bieniemy Combatants,Non-Starter,Quentin Johnston,LAC,WR|W/R/T
6,2.3,Bieniemy Combatants,Non-Starter,Tank Bigsby,Jax,RB|W/R/T
6,9.5,Bieniemy Combatants,Starter,Philadelphia Eagles,Phi,DEF
7,7.96,Bieniemy Combatants,Starter,Sam Howell,Phi,QB
7,14.2,Bieniemy Combatants,Starter,Chris Olave,NO,WR|W/R/T
7,15.4,Bieniemy Combatants,Starter,D.J. Moore,Chi,WR|W/R/T
7,25.6,Bieniemy Combatants,Starter,Christian McCaffrey,SF,RB|W/R/T
7,10.7,Bieniemy Combatants,Starter,Aaron Jones,Min,RB|W/R/T
7,10.5,Bieniemy Combatants,Starter,Evan Engram,Den,TE|W/R/T
7,15.5,Bieniemy Combatants,Starter,George Kittle,SF,TE|W/R/T
7,5.1,Bieniemy Combatants,Non-Starter,Jerick McKinnon,KC,RB|W/R/T
7,3.5,Bieniemy Combatants,Non-Starter,Quentin Johnston,LAC,WR|W/R/T
7,0.2,Bieniemy Combatants,Non-Starter,Tank Bigsby,Jax,RB|W/R/T
7,14.5,Bieniemy Combatants,Starter,Philadelphia Eagles,Phi,DEF
8,37.98,Bieniemy Combatants,Starter,Sam Howell,Phi,QB
8,10.6,Bieniemy Combatants,Starter,Chris Olave,NO,WR|W/R/T
8,11.0,Bieniemy Combatants,Starter,D.J. Moore,Chi,WR|W/R/T
8,33.3,Bieniemy Combatants,Starter,Christian McCaffrey,SF,RB|W/R/T
8,10.1,Bieniemy Combatants,Starter,Aaron Jones,Min,RB|W/R/T
8,18.8,Bieniemy Combatants,Starter,Evan Engram,Den,TE|W/R/T
8,26.9,Bieniemy Combatants,Starter,George Kittle,SF,TE|W/R/T
8,2.8,Bieniemy Combatants,Non-Starter,Jerick McKinnon,KC,RB|W/R/T
8,12.0,Bieniemy Combatants,Non-Starter,Quentin Johnston,LAC,WR|W/R/T
8,-0.6,Bieniemy Combatants,Non-Starter,Tank Bigsby,Jax,RB|W/R/T
8,4.0,Bieniemy Combatants,Starter,Philadelphia Eagles,Phi,DEF
9,18.2,Bieniemy Combatants,Starter,Sam Howell,Phi,QB
9,18.1,Bieniemy Combatants,Starter,Chris Olave,NO,WR|W/R/T
9,6.4,Bieniemy Combatants,Starter,D.J. Moore,Chi,WR|W/R/T
9,19.9,Bieniemy Combatants,Starter,Aaron Jones,Min,RB|W/R/T
9,10.9,Bieniemy Combatants,Starter,Jerick McKinnon,KC,RB|W/R/T
9,15.4,Bieniemy Combatants,Starter,Hunter Henry,NE,TE|W/R/T
9,14.5,Bieniemy Combatants,Starter,Wan'Dale Robinson,NYG,WR|W/R/T
9,0.0,Bieniemy Combatants,Non-Starter,Christian McCaffrey,SF,RB|W/R/T
9,0.0,Bieniemy Combatants,Non-Starter,Evan Engram,Den,TE|W/R/T
9,0.0,Bieniemy Combatants,Non-Starter,George Kittle,SF,TE|W/R/T
9,9.5,Bieniemy Combatants,Starter,Philadelphia Eagles,Phi,DEF
10,30.68,Bieniemy Combatants,Starter,Sam Howell,Phi,QB
10,23.4,Bieniemy Combatants,Starter,Chris Olave,NO,WR|W/R/T
10,12.4,Bieniemy Combatants,Starter,D.J. Moore,Chi,WR|W/R/T
10,10.9,Bieniemy Combatants,Starter,Aaron Jones,Min,RB|W/R/T
10,24.2,Bieniemy Combatants,Starter,Christian McCaffrey,SF,RB|W/R/T
10,22.1,Bieniemy Combatants,Starter,George Kittle,SF,TE|W/R/T
10,5.2,Bieniemy Combatants,Starter,Evan Engram,Den,TE|W/R/T
10,0.0,Bieniemy Combatants,Non-Starter,Jerick McKinnon,KC,RB|W/R/T
10,2.6,Bieniemy Combatants,Non-Starter,Wan'Dale Robinson,NYG,WR|W/R/T
10,10.5,Bieniemy Combatants,Starter,Tennessee Titans,Ten,DEF
10,0.0,Bieniemy Combatants,Non-Starter,Philadelphia Eagles,Phi,DEF
11,13.24,Bieniemy Combatants,Starter,Sam Howell,Phi,QB
11,25.1,Bieniemy Combatants,Starter,D.J. Moore,Chi,WR|W/R/T
11,4.6,Bieniemy Combatants,Starter,Quentin Johnston,LAC,WR|W/R/T
11,2.7,Bieniemy Combatants,Starter,Aaron Jones,Min,RB|W/R/T
11,24.3,Bieniemy Combatants,Starter,Christian McCaffrey,SF,RB|W/R/T
11,25.4,Bieniemy Combatants,Starter,George Kittle,SF,TE|W/R/T
11,7.4,Bieniemy Combatants,Starter,Evan Engram,Den,TE|W/R/T
11,7.7,Bieniemy Combatants,Non-Starter,Wan'Dale Robinson,NYG,WR|W/R/T
11,0.0,Bieniemy Combatants,Non-Starter,Chris Olave,NO,WR|W/R/T
11,4.0,Bieniemy Combatants,Non-Starter,Jerick McKinnon,KC,RB|W/R/T
11,10.5,Bieniemy Combatants,Starter,Detroit Lions,Det,DEF
12,14.3,Bieniemy Combatants,Starter,Sam Howell,Phi,QB
12,25.4,Bieniemy Combatants,Starter,D.J. Moore,Chi,WR|W/R/T
12,20.4,Bieniemy Combatants,Starter,Chris Olave,NO,WR|W/R/T
12,0.0,Bieniemy Combatants,Starter,Aaron Jones,Min,RB|W/R/T
12,35.4,Bieniemy Combatants,Starter,Christian McCaffrey,SF,RB|W/R/T
12,5.4,Bieniemy Combatants,Starter,George Kittle,SF,TE|W/R/T
12,10.4,Bieniemy Combatants,Starter,Evan Engram,Den,TE|W/R/T
12,1.7,Bieniemy Combatants,Non-Starter,Quentin Johnston,LAC,WR|W/R/T
12,7.1,Bieniemy Combatants,Non-Starter,Wan'Dale Robinson,NYG,WR|W/R/T
12,0.0,Bieniemy Combatants,Non-Starter,Jerick McKinnon,KC,RB|W/R/T
12,1.5,Bieniemy Combatants,Starter,Detroit Lions,Det,DEF
13,16.18,Bieniemy Combatants,Starter,Sam Howell,Phi,QB
13,18.9,Bieniemy Combatants,Starter,Chris Olave,NO,WR|W/R/T
13,11.2,Bieniemy Combatants,Starter,Quentin Johnston,LAC,WR|W/R/T
13,26.3,Bieniemy Combatants,Starter,Christian McCaffrey,SF,RB|W/R/T
13,4.4,Bieniemy Combatants,Starter,Miles Sanders,Dal,RB|W/R/T
13,12.3,Bieniemy Combatants,Starter,George Kittle,SF,TE|W/R/T
13,25.2,Bieniemy Combatants,Starter,Evan Engram,Den,TE|W/R/T
13,0.0,Bieniemy Combatants,Non-Starter,Aaron Jones,Min,RB|W/R/T
13,0.0,Bieniemy Combatants,Non-Starter,D.J. Moore,Chi,WR|W/R/T
13,0.0,Bieniemy Combatants,Non-Starter,Wan'Dale Robinson,NYG,WR|W/R/T
13,10.0,Bieniemy Combatants,Starter,Detroit Lions,Det,DEF
14,24.56,Bieniemy Combatants,Starter,Baker Mayfield,TB,QB
14,14.3,Bieniemy Combatants,Starter,Chris Olave,NO,WR|W/R/T
14,28.8,Bieniemy Combatants,Starter,D.J. Moore,Chi,WR|W/R/T
14,18.3,Bieniemy Combatants,Starter,Christian McCaffrey,SF,RB|W/R/T
14,0.0,Bieniemy Combatants,Starter,Aaron Jones,Min,RB|W/R/T
14,17.6,Bieniemy Combatants,Starter,George Kittle,SF,TE|W/R/T
14,36.0,Bieniemy Combatants,Starter,Evan Engram,Den,TE|W/R/T
14,8.4,Bieniemy Combatants,Non-Starter,Miles Sanders,Dal,RB|W/R/T
14,0.0,Bieniemy Combatants,Non-Starter,Sam Howell,Phi,QB
14,19.5,Bieniemy Combatants,Non-Starter,Wan'Dale Robinson,NYG,WR|W/R/T
14,8.0,Bieniemy Combatants,Starter,Detroit Lions,Det,DEF
15,8.78,Bieniemy Combatants,Starter,Sam Howell,Phi,QB
15,10.2,Bieniemy Combatants,Starter,D.J. Moore,Chi,WR|W/R/T
15,11.9,Bieniemy Combatants,Starter,Zay Jones,Ari,WR|W/R/T
15,46.7,Bieniemy Combatants,Starter,Christian McCaffrey,SF,RB|W/R/T
15,9.0,Bieniemy Combatants,Starter,Antonio Gibson,NE,RB|W/R/T
15,8.4,Bieniemy Combatants,Starter,George Kittle,SF,TE|W/R/T
15,11.9,Bieniemy Combatants,Starter,Aaron Jones,Min,RB|W/R/T
15,7.3,Bieniemy Combatants,Non-Starter,Evan Engram,Den,TE|W/R/T
15,0.0,Bieniemy Combatants,Non-Starter,Chris Olave,NO,WR|W/R/T
15,8.0,Bieniemy Combatants,Non-Starter,Wan'Dale Robinson,NYG,WR|W/R/T
15,8.0,Bieniemy Combatants,Starter,Detroit Lions,Det,DEF
16,-5.76,Bieniemy Combatants,Starter,Sam Howell,Phi,QB
16,5.3,Bieniemy Combatants,Starter,D.J. Moore,Chi,WR|W/R/T
16,0.0,Bieniemy Combatants,Starter,Zay Jones,Ari,WR|W/R/T
16,27.6,Bieniemy Combatants,Starter,Christian McCaffrey,SF,RB|W/R/T
16,11.2,Bieniemy Combatants,Starter,Antonio Gibson,NE,RB|W/R/T
16,22.1,Bieniemy Combatants,Starter,George Kittle,SF,TE|W/R/T
16,19.0,Bieniemy Combatants,Starter,Aaron Jones,Min,RB|W/R/T
16,20.0,Bieniemy Combatants,Non-Starter,Evan Engram,Den,TE|W/R/T
16,26.8,Bieniemy Combatants,Non-Starter,Chris Olave,NO,WR|W/R/T
16,4.6,Bieniemy Combatants,Non-Starter,Wan'Dale Robinson,NYG,WR|W/R/T
16,14.5,Bieniemy Combatants,Starter,Detroit Lions,Det,DEF
17,4.66,Bieniemy Combatants,Starter,Sam Howell,Phi,QB
17,34.4,Bieniemy Combatants,Starter,D.J. Moore,Chi,WR|W/R/T
17,0.0,Bieniemy Combatants,Starter,Zay Jones,Ari,WR|W/R/T
17,17.1,Bieniemy Combatants,Starter,Christian McCaffrey,SF,RB|W/R/T
17,6.6,Bieniemy Combatants,Starter,Antonio Gibson,NE,RB|W/R/T
17,6.4,Bieniemy Combatants,Starter,George Kittle,SF,TE|W/R/T
17,17.5,Bieniemy Combatants,Starter,Aaron Jones,Min,RB|W/R/T
17,14.0,Bieniemy Combatants,Non-Starter,Evan Engram,Den,TE|W/R/T
17,6.6,Bieniemy Combatants,Non-Starter,Chris Olave,NO,WR|W/R/T
17,21.9,Bieniemy Combatants,Non-Starter,Wan'Dale Robinson,NYG,WR|W/R/T
17,10.5,Bieniemy Combatants,Starter,Detroit Lions,Det,DEF
1,-0.04,Surtain II Lose in the 1st Rnd,Starter,Daniel Jones,Ind,QB
1,12.8,Surtain II Lose in the 1st Rnd,Starter,Deebo Samuel,Was,WR|W/R/T
1,9.0,Surtain II Lose in the 1st Rnd,Starter,Mike Williams,Pit,WR|W/R/T
1,16.4,Surtain II Lose in the 1st Rnd,Starter,Derrick Henry,Bal,RB|W/R/T
1,12.8,Surtain II Lose in the 1st Rnd,Starter,James Cook,Buf,RB|W/R/T
1,7.8,Surtain II Lose in the 1st Rnd,Starter,Pat Freiermuth,Pit,TE|W/R/T
1,23.4,Surtain II Lose in the 1st Rnd,Starter,Travis Etienne,Jax,RB|W/R/T
1,7.8,Surtain II Lose in the 1st Rnd,Non-Starter,JuJu Smith-Schuster,KC,WR|W/R/T
1,8.8,Surtain II Lose in the 1st Rnd,Non-Starter,Ezekiel Elliott,Dal,RB|W/R/T
1,4.3,Surtain II Lose in the 1st Rnd,Non-Starter,Deon Jackson,Det,RB|W/R/T
1,9.5,Surtain II Lose in the 1st Rnd,Starter,New England Patriots,NE,DEF
2,15.74,Surtain II Lose in the 1st Rnd,Starter,Brock Purdy,SF,QB
2,24.6,Surtain II Lose in the 1st Rnd,Starter,Deebo Samuel,Was,WR|W/R/T
2,19.1,Surtain II Lose in the 1st Rnd,Starter,Mike Williams,Pit,WR|W/R/T
2,21.0,Surtain II Lose in the 1st Rnd,Starter,Derrick Henry,Bal,RB|W/R/T
2,22.4,Surtain II Lose in the 1st Rnd,Starter,James Cook,Buf,RB|W/R/T
2,1.2,Surtain II Lose in the 1st Rnd,Starter,Pat Freiermuth,Pit,TE|W/R/T
2,6.2,Surtain II Lose in the 1st Rnd,Starter,Travis Etienne,Jax,RB|W/R/T
2,8.8,Surtain II Lose in the 1st Rnd,Non-Starter,JuJu Smith-Schuster,KC,WR|W/R/T
2,1.8,Surtain II Lose in the 1st Rnd,Non-Starter,Ezekiel Elliott,Dal,RB|W/R/T
2,0.0,Surtain II Lose in the 1st Rnd,Non-Starter,Deon Jackson,Det,RB|W/R/T
2,11.0,Surtain II Lose in the 1st Rnd,Starter,Cleveland Browns,Cle,DEF
3,24.8,Surtain II Lose in the 1st Rnd,Starter,Brock Purdy,SF,QB
3,27.6,Surtain II Lose in the 1st Rnd,Starter,Deebo Samuel,Was,WR|W/R/T
3,26.6,Surtain II Lose in the 1st Rnd,Starter,Mike Williams,Pit,WR|W/R/T
3,2.0,Surtain II Lose in the 1st Rnd,Starter,Derrick Henry,Bal,RB|W/R/T
3,15.7,Surtain II Lose in the 1st Rnd,Starter,James Cook,Buf,RB|W/R/T
3,2.6,Surtain II Lose in the 1st Rnd,Starter,Zach Ertz,Was,TE|W/R/T
3,21.8,Surtain II Lose in the 1st Rnd,Starter,Travis Etienne,Jax,RB|W/R/T
3,2.0,Surtain II Lose in the 1st Rnd,Non-Starter,JuJu Smith-Schuster,KC,WR|W/R/T
3,11.7,Surtain II Lose in the 1st Rnd,Non-Starter,Ezekiel Elliott,Dal,RB|W/R/T
3,7.9,Surtain II Lose in the 1st Rnd,Non-Starter,Robert Woods,Pit,WR|W/R/T
3,9.0,Surtain II Lose in the 1st Rnd,Starter,Tennessee Titans,Ten,DEF
4,23.82,Surtain II Lose in the 1st Rnd,Starter,Brock Purdy,SF,QB
4,1.1,Surtain II Lose in the 1st Rnd,Starter,Deebo Samuel,Was,WR|W/R/T
4,6.1,Surtain II Lose in the 1st Rnd,Starter,Robert Woods,Pit,WR|W/R/T
4,29.88,Surtain II Lose in the 1st Rnd,Starter,Derrick Henry,Bal,RB|W/R/T
4,16.2,Surtain II Lose in the 1st Rnd,Starter,James Cook,Buf,RB|W/R/T
4,12.3,Surtain II Lose in the 1st Rnd,Starter,Zach Ertz,Was,TE|W/R/T
4,11.7,Surtain II Lose in the 1st Rnd,Starter,Travis Etienne,Jax,RB|W/R/T
4,2.4,Surtain II Lose in the 1st Rnd,Non-Starter,JuJu Smith-Schuster,KC,WR|W/R/T
4,4.7,Surtain II Lose in the 1st Rnd,Non-Starter,Ezekiel Elliott,Dal,RB|W/R/T
4,6.7,Surtain II Lose in the 1st Rnd,Non-Starter,Rashee Rice,KC,WR|W/R/T
4,15.5,Surtain II Lose in the 1st Rnd,Starter,Tennessee Titans,Ten,DEF
5,34.08,Surtain II Lose in the 1st Rnd,Starter,Brock Purdy,SF,QB
5,12.0,Surtain II Lose in the 1st Rnd,Starter,Deebo Samuel,Was,WR|W/R/T
5,14.8,Surtain II Lose in the 1st Rnd,Starter,Rashee Rice,KC,WR|W/R/T
5,10.2,Surtain II Lose in the 1st Rnd,Starter,Derrick Henry,Bal,RB|W/R/T
5,5.6,Surtain II Lose in the 1st Rnd,Starter,James Cook,Buf,RB|W/R/T
5,9.5,Surtain II Lose in the 1st Rnd,Starter,Zach Ertz,Was,TE|W/R/T
5,41.4,Surtain II Lose in the 1st Rnd,Starter,Travis Etienne,Jax,RB|W/R/T
5,7.0,Surtain II Lose in the 1st Rnd,Non-Starter,Robert Woods,Pit,WR|W/R/T
5,3.6,Surtain II Lose in the 1st Rnd,Non-Starter,JuJu Smith-Schuster,KC,WR|W/R/T
5,8.3,Surtain II Lose in the 1st Rnd,Non-Starter,Ezekiel Elliott,Dal,RB|W/R/T
5,8.5,Surtain II Lose in the 1st Rnd,Starter,Houston Texans,Hou,DEF
6,8.2,Surtain II Lose in the 1st Rnd,Starter,Brock Purdy,SF,QB
6,1.1,Surtain II Lose in the 1st Rnd,Starter,Deebo Samuel,Was,WR|W/R/T
6,12.2,Surtain II Lose in the 1st Rnd,Starter,Rashee Rice,KC,WR|W/R/T
6,8.6,Surtain II Lose in the 1st Rnd,Starter,James Cook,Buf,RB|W/R/T
6,25.8,Surtain II Lose in the 1st Rnd,Starter,Travis Etienne,Jax,RB|W/R/T
6,4.7,Surtain II Lose in the 1st Rnd,Starter,Zach Ertz,Was,TE|W/R/T
6,10.3,Surtain II Lose in the 1st Rnd,Starter,K.J. Osborn,Was,WR|W/R/T
6,8.1,Surtain II Lose in the 1st Rnd,Non-Starter,Robert Woods,Pit,WR|W/R/T
6,20.8,Surtain II Lose in the 1st Rnd,Non-Starter,Derrick Henry,Bal,RB|W/R/T
6,14.4,Surtain II Lose in the 1st Rnd,Non-Starter,Ezekiel Elliott,Dal,RB|W/R/T
6,12.0,Surtain II Lose in the 1st Rnd,Starter,Las Vegas Raiders,LV,DEF
7,11.78,Surtain II Lose in the 1st Rnd,Starter,Brock Purdy,SF,QB
7,18.5,Surtain II Lose in the 1st Rnd,Starter,Rashee Rice,KC,WR|W/R/T
7,10.2,Surtain II Lose in the 1st Rnd,Starter,K.J. Osborn,Was,WR|W/R/T
7,23.2,Surtain II Lose in the 1st Rnd,Starter,James Cook,Buf,RB|W/R/T
7,25.2,Surtain II Lose in the 1st Rnd,Starter,Travis Etienne,Jax,RB|W/R/T
7,5.4,Surtain II Lose in the 1st Rnd,Starter,Zach Ertz,Was,TE|W/R/T
7,10.1,Surtain II Lose in the 1st Rnd,Starter,Ezekiel Elliott,Dal,RB|W/R/T
7,0.0,Surtain II Lose in the 1st Rnd,Non-Starter,Deebo Samuel,Was,WR|W/R/T
7,0.0,Surtain II Lose in the 1st Rnd,Non-Starter,Robert Woods,Pit,WR|W/R/T
7,0.0,Surtain II Lose in the 1st Rnd,Non-Starter,Derrick Henry,Bal,RB|W/R/T
7,6.5,Surtain II Lose in the 1st Rnd,Starter,Las Vegas Raiders,LV,DEF
8,17.3,Surtain II Lose in the 1st Rnd,Starter,Brock Purdy,SF,QB
8,10.1,Surtain II Lose in the 1st Rnd,Starter,Rashee Rice,KC,WR|W/R/T
8,19.9,Surtain II Lose in the 1st Rnd,Starter,K.J. Osborn,Was,WR|W/R/T
8,10.3,Surtain II Lose in the 1st Rnd,Starter,James Cook,Buf,RB|W/R/T
8,29.9,Surtain II Lose in the 1st Rnd,Starter,Travis Etienne,Jax,RB|W/R/T
8,3.4,Surtain II Lose in the 1st Rnd,Starter,Michael Mayer,LV,TE|W/R/T
8,18.7,Surtain II Lose in the 1st Rnd,Starter,Derrick Henry,Bal,RB|W/R/T
8,5.1,Surtain II Lose in the 1st Rnd,Non-Starter,Ezekiel Elliott,Dal,RB|W/R/T
8,0.0,Surtain II Lose in the 1st Rnd,Non-Starter,Deebo Samuel,Was,WR|W/R/T
8,0.0,Surtain II Lose in the 1st Rnd,Non-Starter,Robert Woods,Pit,WR|W/R/T
8,9.5,Surtain II Lose in the 1st Rnd,Starter,Miami Dolphins,Mia,DEF
9,20.74,Surtain II Lose in the 1st Rnd,Starter,Derek Carr,NO,QB
9,10.7,Surtain II Lose in the 1st Rnd,Starter,Rashee Rice,KC,WR|W/R/T
9,4.7,Surtain II Lose in the 1st Rnd,Starter,K.J. Osborn,Was,WR|W/R/T
9,8.4,Surtain II Lose in the 1st Rnd,Starter,James Cook,Buf,RB|W/R/T
9,7.2,Surtain II Lose in the 1st Rnd,Starter,Ezekiel Elliott,Dal,RB|W/R/T
9,3.1,Surtain II Lose in the 1st Rnd,Starter,Michael Mayer,LV,TE|W/R/T
9,22.2,Surtain II Lose in the 1st Rnd,Starter,Derrick Henry,Bal,RB|W/R/T
9,0.0,Surtain II Lose in the 1st Rnd,Non-Starter,Brock Purdy,SF,QB
9,0.0,Surtain II Lose in the 1st Rnd,Non-Starter,Travis Etienne,Jax,RB|W/R/T
9,0.0,Surtain II Lose in the 1st Rnd,Non-Starter,Deebo Samuel,Was,WR|W/R/T
9,24.5,Surtain II Lose in the 1st Rnd,Starter,Las Vegas Raiders,LV,DEF
10,29.84,Surtain II Lose in the 1st Rnd,Starter,Brock Purdy,SF,QB
10,16.4,Surtain II Lose in the 1st Rnd,Starter,Deebo Samuel,Was,WR|W/R/T
10,3.9,Surtain II Lose in the 1st Rnd,Starter,Khalil Shakir,Buf,WR|W/R/T
10,14.0,Surtain II Lose in the 1st Rnd,Starter,James Cook,Buf,RB|W/R/T
10,3.5,Surtain II Lose in the 1st Rnd,Starter,Derrick Henry,Bal,RB|W/R/T
10,3.5,Surtain II Lose in the 1st Rnd,Starter,Cade Otton,TB,TE|W/R/T
10,7.4,Surtain II Lose in the 1st Rnd,Starter,Travis Etienne,Jax,RB|W/R/T
10,0.0,Surtain II Lose in the 1st Rnd,Non-Starter,K.J. Osborn,Was,WR|W/R/T
10,0.0,Surtain II Lose in the 1st Rnd,Non-Starter,Rashee Rice,KC,WR|W/R/T
10,13.3,Surtain II Lose in the 1st Rnd,Non-Starter,Ezekiel Elliott,Dal,RB|W/R/T
10,10.5,Surtain II Lose in the 1st Rnd,Starter,Las Vegas Raiders,LV,DEF
11,33.72,Surtain II Lose in the 1st Rnd,Starter,Brock Purdy,SF,QB
11,10.2,Surtain II Lose in the 1st Rnd,Starter,Deebo Samuel,Was,WR|W/R/T
11,9.2,Surtain II Lose in the 1st Rnd,Starter,Rashee Rice,KC,WR|W/R/T
11,21.7,Surtain II Lose in the 1st Rnd,Starter,James Cook,Buf,RB|W/R/T
11,6.4,Surtain II Lose in the 1st Rnd,Starter,Derrick Henry,Bal,RB|W/R/T
11,9.4,Surtain II Lose in the 1st Rnd,Starter,Cade Otton,TB,TE|W/R/T
11,10.9,Surtain II Lose in the 1st Rnd,Starter,Travis Etienne,Jax,RB|W/R/T
11,21.5,Surtain II Lose in the 1st Rnd,Non-Starter,Khalil Shakir,Buf,WR|W/R/T
11,1.7,Surtain II Lose in the 1st Rnd,Non-Starter,K.J. Osborn,Was,WR|W/R/T
11,0.0,Surtain II Lose in the 1st Rnd,Non-Starter,Ezekiel Elliott,Dal,RB|W/R/T
11,27.0,Surtain II Lose in the 1st Rnd,Starter,New York Giants,NYG,DEF
12,8.46,Surtain II Lose in the 1st Rnd,Starter,Brock Purdy,SF,QB
12,25.4,Surtain II Lose in the 1st Rnd,Starter,Deebo Samuel,Was,WR|W/R/T
12,26.7,Surtain II Lose in the 1st Rnd,Starter,Rashee Rice,KC,WR|W/R/T
12,17.5,Surtain II Lose in the 1st Rnd,Starter,James Cook,Buf,RB|W/R/T
12,23.6,Surtain II Lose in the 1st Rnd,Starter,Derrick Henry,Bal,RB|W/R/T
12,9.0,Surtain II Lose in the 1st Rnd,Starter,Cade Otton,TB,TE|W/R/T
12,14.1,Surtain II Lose in the 1st Rnd,Starter,Travis Etienne,Jax,RB|W/R/T
12,8.7,Surtain II Lose in the 1st Rnd,Non-Starter,Khalil Shakir,Buf,WR|W/R/T
12,7.4,Surtain II Lose in the 1st Rnd,Non-Starter,K.J. Osborn,Was,WR|W/R/T
12,8.7,Surtain II Lose in the 1st Rnd,Non-Starter,Ezekiel Elliott,Dal,RB|W/R/T
12,16.0,Surtain II Lose in the 1st Rnd,Starter,New York Giants,NYG,DEF
13,37.96,Surtain II Lose in the 1st Rnd,Starter,Brock Purdy,SF,QB
13,38.3,Surtain II Lose in the 1st Rnd,Starter,Deebo Samuel,Was,WR|W/R/T
13,16.4,Surtain II Lose in the 1st Rnd,Starter,Rashee Rice,KC,WR|W/R/T
13,29.0,Surtain II Lose in the 1st Rnd,Starter,Derrick Henry,Bal,RB|W/R/T
13,20.9,Surtain II Lose in the 1st Rnd,Starter,Travis Etienne,Jax,RB|W/R/T
13,0.0,Surtain II Lose in the 1st Rnd,Starter,Cade Otton,TB,TE|W/R/T
13,3.4,Surtain II Lose in the 1st Rnd,Starter,Greg Dortch,Ari,WR|W/R/T
13,14.2,Surtain II Lose in the 1st Rnd,Non-Starter,Ezekiel Elliott,Dal,RB|W/R/T
13,0.0,Surtain II Lose in the 1st Rnd,Non-Starter,James Cook,Buf,RB|W/R/T
13,2.4,Surtain II Lose in the 1st Rnd,Non-Starter,D'Ernest Johnson,Bal,RB|W/R/T
13,23.5,Surtain II Lose in the 1st Rnd,Starter,Atlanta Falcons,Atl,DEF
14,23.42,Surtain II Lose in the 1st Rnd,Starter,Brock Purdy,SF,QB
14,37.0,Surtain II Lose in the 1st Rnd,Starter,Deebo Samuel,Was,WR|W/R/T
14,19.7,Surtain II Lose in the 1st Rnd,Starter,Rashee Rice,KC,WR|W/R/T
14,20.1,Surtain II Lose in the 1st Rnd,Starter,Derrick Henry,Bal,RB|W/R/T
14,19.2,Surtain II Lose in the 1st Rnd,Starter,Travis Etienne,Jax,RB|W/R/T
14,10.1,Surtain II Lose in the 1st Rnd,Starter,Cade Otton,TB,TE|W/R/T
14,28.1,Surtain II Lose in the 1st Rnd,Starter,James Cook,Buf,RB|W/R/T
14,29.5,Surtain II Lose in the 1st Rnd,Non-Starter,Ezekiel Elliott,Dal,RB|W/R/T
14,4.8,Surtain II Lose in the 1st Rnd,Non-Starter,D'Ernest Johnson,Bal,RB|W/R/T
14,0.0,Surtain II Lose in the 1st Rnd,Non-Starter,Darren Waller,Mia,TE|W/R/T
14,5.0,Surtain II Lose in the 1st Rnd,Starter,Atlanta Falcons,Atl,DEF
15,33.68,Surtain II Lose in the 1st Rnd,Starter,Brock Purdy,SF,QB
15,23.9,Surtain II Lose in the 1st Rnd,Starter,Deebo Samuel,Was,WR|W/R/T
15,27.1,Surtain II Lose in the 1st Rnd,Starter,Rashee Rice,KC,WR|W/R/T
15,6.0,Surtain II Lose in the 1st Rnd,Starter,Derrick Henry,Bal,RB|W/R/T
15,11.9,Surtain II Lose in the 1st Rnd,Starter,Travis Etienne,Jax,RB|W/R/T
15,7.4,Surtain II Lose in the 1st Rnd,Starter,Cade Otton,TB,TE|W/R/T
15,41.6,Surtain II Lose in the 1st Rnd,Starter,James Cook,Buf,RB|W/R/T
15,9.6,Surtain II Lose in the 1st Rnd,Non-Starter,Ezekiel Elliott,Dal,RB|W/R/T
15,1.0,Surtain II Lose in the 1st Rnd,Non-Starter,D'Ernest Johnson,Bal,RB|W/R/T
15,8.5,Surtain II Lose in the 1st Rnd,Non-Starter,Darren Waller,Mia,TE|W/R/T
15,13.5,Surtain II Lose in the 1st Rnd,Starter,Atlanta Falcons,Atl,DEF
16,-5.1,Surtain II Lose in the 1st Rnd,Starter,Brock Purdy,SF,QB
16,10.9,Surtain II Lose in the 1st Rnd,Starter,Deebo Samuel,Was,WR|W/R/T
16,12.7,Surtain II Lose in the 1st Rnd,Starter,Rashee Rice,KC,WR|W/R/T
16,6.6,Surtain II Lose in the 1st Rnd,Starter,Travis Etienne,Jax,RB|W/R/T
16,22.5,Surtain II Lose in the 1st Rnd,Starter,Ezekiel Elliott,Dal,RB|W/R/T
16,6.2,Surtain II Lose in the 1st Rnd,Starter,Darren Waller,Mia,TE|W/R/T
16,6.0,Surtain II Lose in the 1st Rnd,Starter,James Cook,Buf,RB|W/R/T
16,26.38,Surtain II Lose in the 1st Rnd,Non-Starter,Derrick Henry,Bal,RB|W/R/T
16,1.7,Surtain II Lose in the 1st Rnd,Non-Starter,Cade Otton,TB,TE|W/R/T
16,0.2,Surtain II Lose in the 1st Rnd,Non-Starter,D'Ernest Johnson,Bal,RB|W/R/T
16,4.5,Surtain II Lose in the 1st Rnd,Starter,Washington Commanders,Was,DEF
17,22.1,Surtain II Lose in the 1st Rnd,Starter,Brock Purdy,SF,QB
17,20.2,Surtain II Lose in the 1st Rnd,Starter,Deebo Samuel,Was,WR|W/R/T
17,19.7,Surtain II Lose in the 1st Rnd,Starter,Rashee Rice,KC,WR|W/R/T
17,27.8,Surtain II Lose in the 1st Rnd,Starter,Travis Etienne,Jax,RB|W/R/T
17,5.2,Surtain II Lose in the 1st Rnd,Starter,Derrick Henry,Bal,RB|W/R/T
17,11.1,Surtain II Lose in the 1st Rnd,Starter,Darren Waller,Mia,TE|W/R/T
17,5.9,Surtain II Lose in the 1st Rnd,Starter,James Cook,Buf,RB|W/R/T
17,12.5,Surtain II Lose in the 1st Rnd,Non-Starter,Ezekiel Elliott,Dal,RB|W/R/T
17,3.5,Surtain II Lose in the 1st Rnd,Non-Starter,Cade Otton,TB,TE|W/R/T
17,0.0,Surtain II Lose in the 1st Rnd,Non-Starter,D'Ernest Johnson,Bal,RB|W/R/T
17,25.0,Surtain II Lose in the 1st Rnd,Starter,Jacksonville Jaguars,Jax,DEF
1,22.42,Rachaad White Gladis,Starter,Anthony Richardson,Ind,QB
1,12.1,Rachaad White Gladis,Starter,Chris Godwin,TB,WR|W/R/T
1,7.7,Rachaad White Gladis,Starter,Amari Cooper,Buf,WR|W/R/T
1,9.5,Rachaad White Gladis,Starter,Jahmyr Gibbs,Det,RB|W/R/T
1,7.4,Rachaad White Gladis,Starter,Rachaad White,TB,RB|W/R/T
1,6.6,Rachaad White Gladis,Starter,Noah Gray,KC,TE|W/R/T
1,12.1,Rachaad White Gladis,Starter,Michael Thomas,NO,WR|W/R/T
1,0.0,Rachaad White Gladis,Non-Starter,Travis Kelce,KC,TE|W/R/T
1,2.5,Rachaad White Gladis,Non-Starter,Jerick McKinnon,KC,RB|W/R/T
1,11.08,Rachaad White Gladis,Non-Starter,Geno Smith,LV,QB
1,6.5,Rachaad White Gladis,Starter,Pittsburgh Steelers,Pit,DEF
2,27.12,Rachaad White Gladis,Starter,Geno Smith,LV,QB
2,11.8,Rachaad White Gladis,Starter,Chris Godwin,TB,WR|W/R/T
2,19.0,Rachaad White Gladis,Starter,Amari Cooper,Buf,WR|W/R/T
2,14.1,Rachaad White Gladis,Starter,Jahmyr Gibbs,Det,RB|W/R/T
2,24.8,Rachaad White Gladis,Starter,Rachaad White,TB,RB|W/R/T
2,13.1,Rachaad White Gladis,Starter,Travis Kelce,KC,TE|W/R/T
2,14.5,Rachaad White Gladis,Starter,Michael Thomas,NO,WR|W/R/T
2,18.74,Rachaad White Gladis,Non-Starter,Anthony Richardson,Ind,QB
2,7.8,Rachaad White Gladis,Non-Starter,Noah Gray,KC,TE|W/R/T
2,15.2,Rachaad White Gladis,Non-Starter,Gus Edwards,LAC,RB|W/R/T
2,32.0,Rachaad White Gladis,Starter,Pittsburgh Steelers,Pit,DEF
3,15.44,Rachaad White Gladis,Starter,Geno Smith,LV,QB
3,9.7,Rachaad White Gladis,Starter,Chris Godwin,TB,WR|W/R/T
3,26.6,Rachaad White Gladis,Starter,Amari Cooper,Buf,WR|W/R/T
3,10.7,Rachaad White Gladis,Starter,Jahmyr Gibbs,Det,RB|W/R/T
3,8.2,Rachaad White Gladis,Starter,Rachaad White,TB,RB|W/R/T
3,21.9,Rachaad White Gladis,Starter,Travis Kelce,KC,TE|W/R/T
3,11.5,Rachaad White Gladis,Starter,Michael Thomas,NO,WR|W/R/T
3,0.0,Rachaad White Gladis,Non-Starter,Anthony Richardson,Ind,QB
3,6.6,Rachaad White Gladis,Non-Starter,Gus Edwards,LAC,RB|W/R/T
3,18.7,Rachaad White Gladis,Non-Starter,Tutu Atwell,LAR,WR|W/R/T
3,15.5,Rachaad White Gladis,Starter,Pittsburgh Steelers,Pit,DEF
4,11.2,Rachaad White Gladis,Starter,Geno Smith,LV,QB
4,21.9,Rachaad White Gladis,Starter,Chris Godwin,TB,WR|W/R/T
4,3.1,Rachaad White Gladis,Starter,Amari Cooper,Buf,WR|W/R/T
4,10.6,Rachaad White Gladis,Starter,Jahmyr Gibbs,Det,RB|W/R/T
4,12.8,Rachaad White Gladis,Starter,Rachaad White,TB,RB|W/R/T
4,14.0,Rachaad White Gladis,Starter,Travis Kelce,KC,TE|W/R/T
4,11.3,Rachaad White Gladis,Starter,Michael Thomas,NO,WR|W/R/T
4,35.1,Rachaad White Gladis,Non-Starter,Anthony Richardson,Ind,QB
4,7.4,Rachaad White Gladis,Non-Starter,Gus Edwards,LAC,RB|W/R/T
4,8.4,Rachaad White Gladis,Non-Starter,Tutu Atwell,LAR,WR|W/R/T
4,1.0,Rachaad White Gladis,Starter,Pittsburgh Steelers,Pit,DEF
5,4.42,Rachaad White Gladis,Starter,Anthony Richardson,Ind,QB
5,0.0,Rachaad White Gladis,Starter,Chris Godwin,TB,WR|W/R/T
5,9.4,Rachaad White Gladis,Starter,Tutu Atwell,LAR,WR|W/R/T
5,0.0,Rachaad White Gladis,Starter,Jahmyr Gibbs,Det,RB|W/R/T
5,5.8,Rachaad White Gladis,Starter,Gus Edwards,LAC,RB|W/R/T
5,24.2,Rachaad White Gladis,Starter,Travis Kelce,KC,TE|W/R/T
5,12.5,Rachaad White Gladis,Starter,Michael Thomas,NO,WR|W/R/T
5,0.0,Rachaad White Gladis,Non-Starter,Amari Cooper,Buf,WR|W/R/T
5,0.0,Rachaad White Gladis,Non-Starter,Rachaad White,TB,RB|W/R/T
5,0.0,Rachaad White Gladis,Non-Starter,Geno Smith,LV,QB
5,22.0,Rachaad White Gladis,Starter,Pittsburgh Steelers,Pit,DEF
6,7.54,Rachaad White Gladis,Starter,Geno Smith,LV,QB
6,16.2,Rachaad White Gladis,Starter,Chris Godwin,TB,WR|W/R/T
6,16.3,Rachaad White Gladis,Starter,Amari Cooper,Buf,WR|W/R/T
6,6.8,Rachaad White Gladis,Starter,Rachaad White,TB,RB|W/R/T
6,8.3,Rachaad White Gladis,Starter,Gus Edwards,LAC,RB|W/R/T
6,24.4,Rachaad White Gladis,Starter,Travis Kelce,KC,TE|W/R/T
6,10.0,Rachaad White Gladis,Starter,Michael Thomas,NO,WR|W/R/T
6,0.0,Rachaad White Gladis,Non-Starter,Jahmyr Gibbs,Det,RB|W/R/T
6,4.5,Rachaad White Gladis,Non-Starter,Tutu Atwell,LAR,WR|W/R/T
6,0.0,Rachaad White Gladis,Non-Starter,Anthony Richardson,Ind,QB
6,8.5,Rachaad White Gladis,Starter,Atlanta Falcons,Atl,DEF
7,16.76,Rachaad White Gladis,Starter,Geno Smith,LV,QB
7,14.1,Rachaad White Gladis,Starter,Chris Godwin,TB,WR|W/R/T
7,4.7,Rachaad White Gladis,Starter,Amari Cooper,Buf,WR|W/R/T
7,17.4,Rachaad White Gladis,Starter,Rachaad White,TB,RB|W/R/T
7,30.6,Rachaad White Gladis,Starter,Jahmyr Gibbs,Det,RB|W/R/T
7,40.4,Rachaad White Gladis,Starter,Travis Kelce,KC,TE|W/R/T
7,14.2,Rachaad White Gladis,Starter,Michael Thomas,NO,WR|W/R/T
7,23.4,Rachaad White Gladis,Non-Starter,Gus Edwards,LAC,RB|W/R/T
7,10.6,Rachaad White Gladis,Non-Starter,Tutu Atwell,LAR,WR|W/R/T
7,0.0,Rachaad White Gladis,Non-Starter,Anthony Richardson,Ind,QB
7,7.5,Rachaad White Gladis,Starter,Pittsburgh Steelers,Pit,DEF
8,13.86,Rachaad White Gladis,Starter,Geno Smith,LV,QB
8,16.9,Rachaad White Gladis,Starter,Amari Cooper,Buf,WR|W/R/T
8,12.3,Rachaad White Gladis,Starter,Michael Thomas,NO,WR|W/R/T
8,20.4,Rachaad White Gladis,Starter,Rachaad White,TB,RB|W/R/T
8,34.4,Rachaad White Gladis,Starter,Jahmyr Gibbs,Det,RB|W/R/T
8,13.8,Rachaad White Gladis,Starter,Travis Kelce,KC,TE|W/R/T
8,19.8,Rachaad White Gladis,Starter,Chris Godwin,TB,WR|W/R/T
8,32.9,Rachaad White Gladis,Non-Starter,Gus Edwards,LAC,RB|W/R/T
8,0.0,Rachaad White Gladis,Non-Starter,Miles Sanders,Dal,RB|W/R/T
8,15.6,Rachaad White Gladis,Non-Starter,Tyler Boyd,Ten,WR|W/R/T
8,13.5,Rachaad White Gladis,Starter,Pittsburgh Steelers,Pit,DEF
9,0.68,Rachaad White Gladis,Starter,Geno Smith,LV,QB
9,26.9,Rachaad White Gladis,Starter,Amari Cooper,Buf,WR|W/R/T
9,0.0,Rachaad White Gladis,Starter,Michael Thomas,NO,WR|W/R/T
9,32.4,Rachaad White Gladis,Starter,Rachaad White,TB,RB|W/R/T
9,18.7,Rachaad White Gladis,Starter,Gus Edwards,LAC,RB|W/R/T
9,4.4,Rachaad White Gladis,Starter,Travis Kelce,KC,TE|W/R/T
9,3.6,Rachaad White Gladis,Starter,Chris Godwin,TB,WR|W/R/T
9,0.0,Rachaad White Gladis,Non-Starter,Jahmyr Gibbs,Det,RB|W/R/T
9,11.6,Rachaad White Gladis,Non-Starter,Miles Sanders,Dal,RB|W/R/T
9,9.6,Rachaad White Gladis,Non-Starter,Tyler Boyd,Ten,WR|W/R/T
9,10.5,Rachaad White Gladis,Starter,Pittsburgh Steelers,Pit,DEF
10,28.56,Rachaad White Gladis,Starter,Geno Smith,LV,QB
10,17.8,Rachaad White Gladis,Starter,Amari Cooper,Buf,WR|W/R/T
10,10.9,Rachaad White Gladis,Starter,Chris Godwin,TB,WR|W/R/T
10,18.8,Rachaad White Gladis,Starter,Rachaad White,TB,RB|W/R/T
10,10.3,Rachaad White Gladis,Starter,Gus Edwards,LAC,RB|W/R/T
10,9.4,Rachaad White Gladis,Starter,Luke Musgrave,GB,TE|W/R/T
10,29.2,Rachaad White Gladis,Starter,Jahmyr Gibbs,Det,RB|W/R/T
10,1.9,Rachaad White Gladis,Non-Starter,Michael Thomas,NO,WR|W/R/T
10,0.0,Rachaad White Gladis,Non-Starter,Travis Kelce,KC,TE|W/R/T
10,21.7,Rachaad White Gladis,Non-Starter,Tyler Boyd,Ten,WR|W/R/T
10,12.0,Rachaad White Gladis,Starter,Pittsburgh Steelers,Pit,DEF
11,15.22,Rachaad White Gladis,Starter,Geno Smith,LV,QB
11,8.9,Rachaad White Gladis,Starter,Amari Cooper,Buf,WR|W/R/T
11,11.4,Rachaad White Gladis,Starter,Chris Godwin,TB,WR|W/R/T
11,20.8,Rachaad White Gladis,Starter,Rachaad White,TB,RB|W/R/T
11,24.0,Rachaad White Gladis,Starter,Gus Edwards,LAC,RB|W/R/T
11,16.9,Rachaad White Gladis,Starter,Travis Kelce,KC,TE|W/R/T
11,24.5,Rachaad White Gladis,Starter,Jahmyr Gibbs,Det,RB|W/R/T
11,7.8,Rachaad White Gladis,Non-Starter,Luke Musgrave,GB,TE|W/R/T
11,0.0,Rachaad White Gladis,Non-Starter,Michael Thomas,NO,WR|W/R/T
11,5.7,Rachaad White Gladis,Non-Starter,Tyler Boyd,Ten,WR|W/R/T
11,12.0,Rachaad White Gladis,Starter,Pittsburgh Steelers,Pit,DEF
12,22.94,Rachaad White Gladis,Starter,Kyler Murray,Ari,QB
12,8.5,Rachaad White Gladis,Starter,Chris Godwin,TB,WR|W/R/T
12,4.1,Rachaad White Gladis,Starter,Amari Cooper,Buf,WR|W/R/T
12,15.0,Rachaad White Gladis,Starter,Rachaad White,TB,RB|W/R/T
12,6.2,Rachaad White Gladis,Starter,Gus Edwards,LAC,RB|W/R/T
12,17.6,Rachaad White Gladis,Starter,Travis Kelce,KC,TE|W/R/T
12,12.8,Rachaad White Gladis,Starter,Jahmyr Gibbs,Det,RB|W/R/T
12,5.8,Rachaad White Gladis,Non-Starter,Tyler Boyd,Ten,WR|W/R/T
12,5.8,Rachaad White Gladis,Non-Starter,Geno Smith,LV,QB
12,15.8,Rachaad White Gladis,Non-Starter,Gerald Everett,Chi,TE|W/R/T
12,13.5,Rachaad White Gladis,Starter,Pittsburgh Steelers,Pit,DEF
13,14.3,Rachaad White Gladis,Starter,Kyler Murray,Ari,QB
13,8.4,Rachaad White Gladis,Starter,Chris Godwin,TB,WR|W/R/T
13,6.9,Rachaad White Gladis,Starter,Amari Cooper,Buf,WR|W/R/T
13,21.6,Rachaad White Gladis,Starter,Rachaad White,TB,RB|W/R/T
13,6.9,Rachaad White Gladis,Starter,Jahmyr Gibbs,Det,RB|W/R/T
13,14.1,Rachaad White Gladis,Starter,Travis Kelce,KC,TE|W/R/T
13,5.7,Rachaad White Gladis,Starter,Tyler Boyd,Ten,WR|W/R/T
13,0.0,Rachaad White Gladis,Non-Starter,Gus Edwards,LAC,RB|W/R/T
13,34.96,Rachaad White Gladis,Non-Starter,Geno Smith,LV,QB
13,9.4,Rachaad White Gladis,Non-Starter,Gerald Everett,Chi,TE|W/R/T
13,6.0,Rachaad White Gladis,Starter,Pittsburgh Steelers,Pit,DEF
14,0.0,Rachaad White Gladis,Starter,Geno Smith,LV,QB
14,11.3,Rachaad White Gladis,Starter,Chris Godwin,TB,WR|W/R/T
14,13.7,Rachaad White Gladis,Starter,Amari Cooper,Buf,WR|W/R/T
14,24.5,Rachaad White Gladis,Starter,Rachaad White,TB,RB|W/R/T
14,19.2,Rachaad White Gladis,Starter,Jahmyr Gibbs,Det,RB|W/R/T
14,16.8,Rachaad White Gladis,Starter,Travis Kelce,KC,TE|W/R/T
14,1.5,Rachaad White Gladis,Starter,Gus Edwards,LAC,RB|W/R/T
14,4.8,Rachaad White Gladis,Non-Starter,Tyler Boyd,Ten,WR|W/R/T
14,0.0,Rachaad White Gladis,Non-Starter,Kyler Murray,Ari,QB
14,9.9,Rachaad White Gladis,Non-Starter,Gerald Everett,Chi,TE|W/R/T
14,9.0,Rachaad White Gladis,Starter,Pittsburgh Steelers,Pit,DEF
1,21.04,KC Masterpiece,Starter,Patrick Mahomes,KC,QB
1,10.7,KC Masterpiece,Starter,Marquise Brown,KC,WR|W/R/T
1,14.2,KC Masterpiece,Starter,Courtland Sutton,Den,WR|W/R/T
1,11.3,KC Masterpiece,Starter,Saquon Barkley,Phi,RB|W/R/T
1,7.3,KC Masterpiece,Starter,Jaylen Warren,Pit,RB|W/R/T
1,13.0,KC Masterpiece,Starter,T.J. Hockenson,Min,TE|W/R/T
1,7.0,KC Masterpiece,Starter,Rashod Bateman,Bal,WR|W/R/T
1,6.8,KC Masterpiece,Non-Starter,Tank Bigsby,Jax,RB|W/R/T
1,0.0,KC Masterpiece,Non-Starter,Alvin Kamara,NO,RB|W/R/T
1,4.2,KC Masterpiece,Non-Starter,Jonathan Mingo,Dal,WR|W/R/T
1,16.5,KC Masterpiece,Starter,Jacksonville Jaguars,Jax,DEF
2,24.7,KC Masterpiece,Starter,Patrick Mahomes,KC,QB
2,19.4,KC Masterpiece,Starter,Marquise Brown,KC,WR|W/R/T
2,13.1,KC Masterpiece,Starter,Courtland Sutton,Den,WR|W/R/T
2,30.7,KC Masterpiece,Starter,Saquon Barkley,Phi,RB|W/R/T
2,32.5,KC Masterpiece,Starter,Kyren Williams,LAR,RB|W/R/T
2,27.6,KC Masterpiece,Starter,T.J. Hockenson,Min,TE|W/R/T
2,5.3,KC Masterpiece,Starter,Rashod Bateman,Bal,WR|W/R/T
2,14.1,KC Masterpiece,Non-Starter,Jaylen Warren,Pit,RB|W/R/T
2,0.0,KC Masterpiece,Non-Starter,Tank Bigsby,Jax,RB|W/R/T
2,0.0,KC Masterpiece,Non-Starter,Alvin Kamara,NO,RB|W/R/T
2,3.5,KC Masterpiece,Starter,New York Giants,NYG,DEF
3,32.68,KC Masterpiece,Starter,Patrick Mahomes,KC,QB
3,19.1,KC Masterpiece,Starter,Marquise Brown,KC,WR|W/R/T
3,21.1,KC Masterpiece,Starter,Courtland Sutton,Den,WR|W/R/T
3,9.0,KC Masterpiece,Starter,Kyren Williams,LAR,RB|W/R/T
3,11.3,KC Masterpiece,Starter,Matt Breida,SF,RB|W/R/T
3,15.3,KC Masterpiece,Starter,T.J. Hockenson,Min,TE|W/R/T
3,28.0,KC Masterpiece,Starter,Tank Dell,Hou,WR|W/R/T
3,9.2,KC Masterpiece,Non-Starter,Jaylen Warren,Pit,RB|W/R/T
3,0.0,KC Masterpiece,Non-Starter,Saquon Barkley,Phi,RB|W/R/T
3,0.0,KC Masterpiece,Non-Starter,Alvin Kamara,NO,RB|W/R/T
3,0.0,KC Masterpiece,Starter,Jacksonville Jaguars,Jax,DEF
4,13.22,KC Masterpiece,Starter,Patrick Mahomes,KC,QB
4,19.1,KC Masterpiece,Starter,Marquise Brown,KC,WR|W/R/T
4,12.2,KC Masterpiece,Starter,Courtland Sutton,Den,WR|W/R/T
4,31.2,KC Masterpiece,Starter,Kyren Williams,LAR,RB|W/R/T
4,23.4,KC Masterpiece,Starter,Alvin Kamara,NO,RB|W/R/T
4,5.4,KC Masterpiece,Starter,T.J. Hockenson,Min,TE|W/R/T
4,4.4,KC Masterpiece,Starter,Tank Dell,Hou,WR|W/R/T
4,14.8,KC Masterpiece,Non-Starter,Matt Breida,SF,RB|W/R/T
4,13.0,KC Masterpiece,Non-Starter,Jaylen Warren,Pit,RB|W/R/T
4,0.0,KC Masterpiece,Non-Starter,Saquon Barkley,Phi,RB|W/R/T
4,11.5,KC Masterpiece,Starter,Cleveland Browns,Cle,DEF
5,23.24,KC Masterpiece,Starter,Patrick Mahomes,KC,QB
5,17.6,KC Masterpiece,Starter,Marquise Brown,KC,WR|W/R/T
5,2.8,KC Masterpiece,Starter,Courtland Sutton,Den,WR|W/R/T
5,8.7,KC Masterpiece,Starter,Kyren Williams,LAR,RB|W/R/T
5,21.7,KC Masterpiece,Starter,Alvin Kamara,NO,RB|W/R/T
5,11.1,KC Masterpiece,Starter,T.J. Hockenson,Min,TE|W/R/T
5,3.4,KC Masterpiece,Starter,Matt Breida,SF,RB|W/R/T
5,0.0,KC Masterpiece,Non-Starter,Saquon Barkley,Phi,RB|W/R/T
5,9.3,KC Masterpiece,Non-Starter,Tank Dell,Hou,WR|W/R/T
5,19.4,KC Masterpiece,Non-Starter,Jaleel McLaughlin,Den,RB|W/R/T
5,16.0,KC Masterpiece,Starter,Miami Dolphins,Mia,DEF
6,18.34,KC Masterpiece,Starter,Patrick Mahomes,KC,QB
6,8.4,KC Masterpiece,Starter,Marquise Brown,KC,WR|W/R/T
6,15.2,KC Masterpiece,Starter,Curtis Samuel,Buf,WR|W/R/T
6,26.3,KC Masterpiece,Starter,Kyren Williams,LAR,RB|W/R/T
6,20.9,KC Masterpiece,Starter,Alvin Kamara,NO,RB|W/R/T
6,12.0,KC Masterpiece,Starter,T.J. Hockenson,Min,TE|W/R/T
6,15.8,KC Masterpiece,Starter,Saquon Barkley,Phi,RB|W/R/T
6,0.0,KC Masterpiece,Non-Starter,Tank Dell,Hou,WR|W/R/T
6,15.6,KC Masterpiece,Non-Starter,Courtland Sutton,Den,WR|W/R/T
6,6.2,KC Masterpiece,Non-Starter,Jaleel McLaughlin,Den,RB|W/R/T
6,8.0,KC Masterpiece,Starter,Miami Dolphins,Mia,DEF
7,40.86,KC Masterpiece,Starter,Patrick Mahomes,KC,QB
7,9.4,KC Masterpiece,Starter,Marquise Brown,KC,WR|W/R/T
7,7.5,KC Masterpiece,Starter,Curtis Samuel,Buf,WR|W/R/T
7,34.3,KC Masterpiece,Starter,Alvin Kamara,NO,RB|W/R/T
7,21.3,KC Masterpiece,Starter,Saquon Barkley,Phi,RB|W/R/T
7,22.6,KC Masterpiece,Starter,T.J. Hockenson,Min,TE|W/R/T
7,21.6,KC Masterpiece,Starter,Courtland Sutton,Den,WR|W/R/T
7,0.0,KC Masterpiece,Non-Starter,Kyren Williams,LAR,RB|W/R/T
7,0.0,KC Masterpiece,Non-Starter,Tank Dell,Hou,WR|W/R/T
7,14.4,KC Masterpiece,Non-Starter,Diontae Johnson,Cle,WR|W/R/T
7,21.0,KC Masterpiece,Starter,Cleveland Browns,Cle,DEF
8,2.1,KC Masterpiece,Starter,Patrick Mahomes,KC,QB
8,16.3,KC Masterpiece,Starter,Marquise Brown,KC,WR|W/R/T
8,19.5,KC Masterpiece,Starter,Diontae Johnson,Cle,WR|W/R/T
8,29.0,KC Masterpiece,Starter,Alvin Kamara,NO,RB|W/R/T
8,17.8,KC Masterpiece,Starter,Saquon Barkley,Phi,RB|W/R/T
8,23.3,KC Masterpiece,Starter,T.J. Hockenson,Min,TE|W/R/T
8,11.9,KC Masterpiece,Starter,Courtland Sutton,Den,WR|W/R/T
8,6.2,KC Masterpiece,Non-Starter,Curtis Samuel,Buf,WR|W/R/T
8,0.0,KC Masterpiece,Non-Starter,Kyren Williams,LAR,RB|W/R/T
8,7.1,KC Masterpiece,Non-Starter,Tank Dell,Hou,WR|W/R/T
8,9.0,KC Masterpiece,Starter,Cleveland Browns,Cle,DEF
9,19.8,KC Masterpiece,Starter,Patrick Mahomes,KC,QB
9,6.9,KC Masterpiece,Starter,Marquise Brown,KC,WR|W/R/T
9,24.5,KC Masterpiece,Starter,Diontae Johnson,Cle,WR|W/R/T
9,13.0,KC Masterpiece,Starter,Alvin Kamara,NO,RB|W/R/T
9,17.3,KC Masterpiece,Starter,Saquon Barkley,Phi,RB|W/R/T
9,15.9,KC Masterpiece,Starter,T.J. Hockenson,Min,TE|W/R/T
9,17.9,KC Masterpiece,Starter,Jahan Dotson,Phi,WR|W/R/T
9,32.6,KC Masterpiece,Non-Starter,Tank Dell,Hou,WR|W/R/T
9,0.0,KC Masterpiece,Non-Starter,Courtland Sutton,Den,WR|W/R/T
9,0.0,KC Masterpiece,Non-Starter,Kyren Williams,LAR,RB|W/R/T
9,31.0,KC Masterpiece,Starter,Cleveland Browns,Cle,DEF
10,3.96,KC Masterpiece,Starter,Will Levis,Ten,QB
10,4.3,KC Masterpiece,Starter,Marquise Brown,KC,WR|W/R/T
10,3.2,KC Masterpiece,Starter,Diontae Johnson,Cle,WR|W/R/T
10,20.5,KC Masterpiece,Starter,Alvin Kamara,NO,RB|W/R/T
10,9.6,KC Masterpiece,Starter,Saquon Barkley,Phi,RB|W/R/T
10,33.9,KC Masterpiece,Starter,T.J. Hockenson,Min,TE|W/R/T
10,20.9,KC Masterpiece,Starter,Tank Dell,Hou,WR|W/R/T
10,0.0,KC Masterpiece,Non-Starter,Patrick Mahomes,KC,QB
10,19.3,KC Masterpiece,Non-Starter,Courtland Sutton,Den,WR|W/R/T
10,0.0,KC Masterpiece,Non-Starter,Kyren Williams,LAR,RB|W/R/T
10,17.5,KC Masterpiece,Starter,Cleveland Browns,Cle,DEF
11,19.88,KC Masterpiece,Starter,Patrick Mahomes,KC,QB
11,3.7,KC Masterpiece,Starter,Marquise Brown,KC,WR|W/R/T
11,18.1,KC Masterpiece,Starter,Courtland Sutton,Den,WR|W/R/T
11,33.0,KC Masterpiece,Starter,Saquon Barkley,Phi,RB|W/R/T
11,16.5,KC Masterpiece,Starter,Ty Chandler,Min,RB|W/R/T
11,10.5,KC Masterpiece,Starter,T.J. Hockenson,Min,TE|W/R/T
11,32.9,KC Masterpiece,Starter,Tank Dell,Hou,WR|W/R/T
11,0.0,KC Masterpiece,Non-Starter,Alvin Kamara,NO,RB|W/R/T
11,4.1,KC Masterpiece,Non-Starter,Diontae Johnson,Cle,WR|W/R/T
11,0.0,KC Masterpiece,Non-Starter,Kyren Williams,LAR,RB|W/R/T
11,13.5,KC Masterpiece,Starter,Cleveland Browns,Cle,DEF
12,25.32,KC Masterpiece,Starter,Patrick Mahomes,KC,QB
12,10.1,KC Masterpiece,Starter,Courtland Sutton,Den,WR|W/R/T
12,19.2,KC Masterpiece,Starter,Tank Dell,Hou,WR|W/R/T
12,7.2,KC Masterpiece,Starter,Saquon Barkley,Phi,RB|W/R/T
12,18.4,KC Masterpiece,Starter,Alvin Kamara,NO,RB|W/R/T
12,17.0,KC Masterpiece,Starter,T.J. Hockenson,Min,TE|W/R/T
12,43.4,KC Masterpiece,Starter,Kyren Williams,LAR,RB|W/R/T
12,16.3,KC Masterpiece,Non-Starter,Marquise Brown,KC,WR|W/R/T
12,2.1,KC Masterpiece,Non-Starter,Ty Chandler,Min,RB|W/R/T
12,10.0,KC Masterpiece,Non-Starter,Diontae Johnson,Cle,WR|W/R/T
12,8.0,KC Masterpiece,Starter,Cleveland Browns,Cle,DEF
13,13.5,KC Masterpiece,Starter,Patrick Mahomes,KC,QB
13,16.7,KC Masterpiece,Starter,Courtland Sutton,Den,WR|W/R/T
13,0.0,KC Masterpiece,Starter,Tank Dell,Hou,WR|W/R/T
13,33.4,KC Masterpiece,Starter,Alvin Kamara,NO,RB|W/R/T
13,22.7,KC Masterpiece,Starter,Kyren Williams,LAR,RB|W/R/T
13,0.0,KC Masterpiece,Starter,Juwan Johnson,NO,TE|W/R/T
13,0.0,KC Masterpiece,Starter,Marquise Brown,KC,WR|W/R/T
13,0.0,KC Masterpiece,Non-Starter,T.J. Hockenson,Min,TE|W/R/T
13,0.0,KC Masterpiece,Non-Starter,Saquon Barkley,Phi,RB|W/R/T
13,14.8,KC Masterpiece,Non-Starter,Diontae Johnson,Cle,WR|W/R/T
13,1.0,KC Masterpiece,Starter,Cleveland Browns,Cle,DEF
14,14.14,KC Masterpiece,Starter,Patrick Mahomes,KC,QB
14,16.2,KC Masterpiece,Starter,Courtland Sutton,Den,WR|W/R/T
14,15.7,KC Masterpiece,Starter,Diontae Johnson,Cle,WR|W/R/T
14,14.5,KC Masterpiece,Starter,Alvin Kamara,NO,RB|W/R/T
14,16.8,KC Masterpiece,Starter,Kyren Williams,LAR,RB|W/R/T
14,11.3,KC Masterpiece,Starter,T.J. Hockenson,Min,TE|W/R/T
14,26.1,KC Masterpiece,Starter,Saquon Barkley,Phi,RB|W/R/T
14,0.0,KC Masterpiece,Non-Starter,Marquise Brown,KC,WR|W/R/T
14,0.0,KC Masterpiece,Non-Starter,Noah Brown,Was,WR|W/R/T
14,18.0,KC Masterpiece,Starter,Cleveland Browns,Cle,DEF
14,12.0,KC Masterpiece,Non-Starter,Philadelphia Eagles,Phi,DEF
15,15.7,KC Masterpiece,Starter,Patrick Mahomes,KC,QB
15,14.1,KC Masterpiece,Starter,Courtland Sutton,Den,WR|W/R/T
15,18.2,KC Masterpiece,Starter,Diontae Johnson,Cle,WR|W/R/T
15,19.0,KC Masterpiece,Starter,Alvin Kamara,NO,RB|W/R/T
15,30.0,KC Masterpiece,Starter,Kyren Williams,LAR,RB|W/R/T
15,13.8,KC Masterpiece,Starter,T.J. Hockenson,Min,TE|W/R/T
15,6.7,KC Masterpiece,Starter,Saquon Barkley,Phi,RB|W/R/T
15,0.0,KC Masterpiece,Non-Starter,Marquise Brown,KC,WR|W/R/T
15,24.7,KC Masterpiece,Non-Starter,Noah Brown,Was,WR|W/R/T
15,22.5,KC Masterpiece,Starter,Cleveland Browns,Cle,DEF
15,7.5,KC Masterpiece,Non-Starter,Philadelphia Eagles,Phi,DEF
16,16.7,KC Masterpiece,Starter,Patrick Mahomes,KC,QB
16,0.0,KC Masterpiece,Starter,Courtland Sutton,Den,WR|W/R/T
16,4.0,KC Masterpiece,Starter,Diontae Johnson,Cle,WR|W/R/T
16,9.0,KC Masterpiece,Starter,Alvin Kamara,NO,RB|W/R/T
16,17.9,KC Masterpiece,Starter,Kyren Williams,LAR,RB|W/R/T
16,10.3,KC Masterpiece,Starter,T.J. Hockenson,Min,TE|W/R/T
16,21.9,KC Masterpiece,Starter,Saquon Barkley,Phi,RB|W/R/T
16,0.0,KC Masterpiece,Non-Starter,Marquise Brown,KC,WR|W/R/T
16,8.3,KC Masterpiece,Non-Starter,Noah Brown,Was,WR|W/R/T
16,7.0,KC Masterpiece,Starter,Philadelphia Eagles,Phi,DEF
16,10.5,KC Masterpiece,Non-Starter,Cleveland Browns,Cle,DEF
17,14.5,KC Masterpiece,Starter,Patrick Mahomes,KC,QB
17,13.6,KC Masterpiece,Starter,Diontae Johnson,Cle,WR|W/R/T
17,2.3,KC Masterpiece,Starter,Noah Brown,Was,WR|W/R/T
17,8.4,KC Masterpiece,Starter,Alvin Kamara,NO,RB|W/R/T
17,33.1,KC Masterpiece,Starter,Kyren Williams,LAR,RB|W/R/T
17,26.5,KC Masterpiece,Starter,Juwan Johnson,NO,TE|W/R/T
17,10.8,KC Masterpiece,Starter,Saquon Barkley,Phi,RB|W/R/T
17,0.0,KC Masterpiece,Non-Starter,Courtland Sutton,Den,WR|W/R/T
17,0.0,KC Masterpiece,Non-Starter,Marquise Brown,KC,WR|W/R/T
17,20.0,KC Masterpiece,Starter,Cleveland Browns,Cle,DEF
17,6.5,KC Masterpiece,Non-Starter,Philadelphia Eagles,Phi,DEF
1,6.32,Cock Pasta,Starter,Dak Prescott,Dal,QB
1,13.3,Cock Pasta,Starter,Jaylen Waddle,Mia,WR|W/R/T
1,9.1,Cock Pasta,Starter,George Pickens,Dal,WR|W/R/T
1,25.2,Cock Pasta,Starter,Tony Pollard,Ten,RB|W/R/T
1,12.7,Cock Pasta,Starter,Kenneth Walker III,Sea,RB|W/R/T
1,0.0,Cock Pasta,Starter,Dallas Goedert,Phi,TE|W/R/T
1,2.5,Cock Pasta,Starter,Michael Gallup,Was,WR|W/R/T
1,31.6,Cock Pasta,Non-Starter,Jakobi Meyers,LV,WR|W/R/T
1,11.9,Cock Pasta,Non-Starter,Chuba Hubbard,Car,RB|W/R/T
1,0.0,Cock Pasta,Non-Starter,Ronald Jones,Dal,RB|W/R/T
1,43.0,Cock Pasta,Starter,Dallas Cowboys,Dal,DEF
2,24.6,Cock Pasta,Starter,Dak Prescott,Dal,QB
2,14.4,Cock Pasta,Starter,Jaylen Waddle,Mia,WR|W/R/T
2,24.2,Cock Pasta,Starter,George Pickens,Dal,WR|W/R/T
2,22.4,Cock Pasta,Starter,Tony Pollard,Ten,RB|W/R/T
2,21.4,Cock Pasta,Starter,Kenneth Walker III,Sea,RB|W/R/T
2,8.2,Cock Pasta,Starter,Dallas Goedert,Phi,TE|W/R/T
2,1.3,Cock Pasta,Starter,Michael Gallup,Was,WR|W/R/T
2,0.0,Cock Pasta,Non-Starter,Jakobi Meyers,LV,WR|W/R/T
2,11.5,Cock Pasta,Non-Starter,Chuba Hubbard,Car,RB|W/R/T
2,0.0,Cock Pasta,Non-Starter,Ronald Jones,Dal,RB|W/R/T
2,19.5,Cock Pasta,Starter,Dallas Cowboys,Dal,DEF
3,15.36,Cock Pasta,Starter,Dak Prescott,Dal,QB
3,0.0,Cock Pasta,Starter,Jaylen Waddle,Mia,WR|W/R/T
3,13.5,Cock Pasta,Starter,George Pickens,Dal,WR|W/R/T
3,19.1,Cock Pasta,Starter,Tony Pollard,Ten,RB|W/R/T
3,34.1,Cock Pasta,Starter,Kenneth Walker III,Sea,RB|W/R/T
3,10.1,Cock Pasta,Starter,Dallas Goedert,Phi,TE|W/R/T
3,16.5,Cock Pasta,Starter,Jakobi Meyers,LV,WR|W/R/T
3,17.2,Cock Pasta,Non-Starter,Michael Gallup,Was,WR|W/R/T
3,2.4,Cock Pasta,Non-Starter,Chuba Hubbard,Car,RB|W/R/T
3,4.5,Cock Pasta,Starter,Dallas Cowboys,Dal,DEF
4,16.34,Cock Pasta,Starter,Dak Prescott,Dal,QB
4,10.1,Cock Pasta,Starter,Jaylen Waddle,Mia,WR|W/R/T
4,5.5,Cock Pasta,Starter,George Pickens,Dal,WR|W/R/T
4,10.5,Cock Pasta,Starter,Tony Pollard,Ten,RB|W/R/T
4,15.9,Cock Pasta,Starter,Kenneth Walker III,Sea,RB|W/R/T
4,5.5,Cock Pasta,Starter,Dallas Goedert,Phi,TE|W/R/T
4,5.8,Cock Pasta,Starter,Jakobi Meyers,LV,WR|W/R/T
4,12.0,Cock Pasta,Non-Starter,Michael Gallup,Was,WR|W/R/T
4,9.8,Cock Pasta,Non-Starter,Chuba Hubbard,Car,RB|W/R/T
4,31.0,Cock Pasta,Starter,Dallas Cowboys,Dal,DEF
5,0.82,Cock Pasta,Starter,Dak Prescott,Dal,QB
5,16.0,Cock Pasta,Starter,Jaylen Waddle,Mia,WR|W/R/T
5,30.1,Cock Pasta,Starter,George Pickens,Dal,WR|W/R/T
5,9.4,Cock Pasta,Starter,Tony Pollard,Ten,RB|W/R/T
5,5.5,Cock Pasta,Starter,Chuba Hubbard,Car,RB|W/R/T
5,28.2,Cock Pasta,Starter,Dallas Goedert,Phi,TE|W/R/T
5,23.5,Cock Pasta,Starter,Jakobi Meyers,LV,WR|W/R/T
5,0.0,Cock Pasta,Non-Starter,Kenneth Walker III,Sea,RB|W/R/T
5,3.5,Cock Pasta,Non-Starter,Michael Gallup,Was,WR|W/R/T
5,2.5,Cock Pasta,Starter,Dallas Cowboys,Dal,DEF
6,27.88,Cock Pasta,Starter,Dak Prescott,Dal,QB
6,19.6,Cock Pasta,Starter,Jaylen Waddle,Mia,WR|W/R/T
6,5.9,Cock Pasta,Starter,Michael Gallup,Was,WR|W/R/T
6,18.5,Cock Pasta,Starter,Tony Pollard,Ten,RB|W/R/T
6,20.4,Cock Pasta,Starter,Kenneth Walker III,Sea,RB|W/R/T
6,11.7,Cock Pasta,Starter,Dallas Goedert,Phi,TE|W/R/T
6,19.1,Cock Pasta,Starter,Jakobi Meyers,LV,WR|W/R/T
6,18.5,Cock Pasta,Non-Starter,Chuba Hubbard,Car,RB|W/R/T
6,0.0,Cock Pasta,Non-Starter,George Pickens,Dal,WR|W/R/T
6,6.0,Cock Pasta,Starter,Dallas Cowboys,Dal,DEF
7,17.2,Cock Pasta,Starter,Baker Mayfield,TB,QB
7,13.8,Cock Pasta,Starter,Jaylen Waddle,Mia,WR|W/R/T
7,18.2,Cock Pasta,Starter,George Pickens,Dal,WR|W/R/T
7,0.0,Cock Pasta,Starter,Tony Pollard,Ten,RB|W/R/T
7,15.1,Cock Pasta,Starter,Kenneth Walker III,Sea,RB|W/R/T
7,20.7,Cock Pasta,Starter,Dallas Goedert,Phi,TE|W/R/T
7,20.5,Cock Pasta,Starter,Jakobi Meyers,LV,WR|W/R/T
7,0.0,Cock Pasta,Non-Starter,Dak Prescott,Dal,QB
7,0.0,Cock Pasta,Non-Starter,Chuba Hubbard,Car,RB|W/R/T
7,11.5,Cock Pasta,Starter,Indianapolis Colts,Ind,DEF
7,0.0,Cock Pasta,Non-Starter,Dallas Cowboys,Dal,DEF
8,35.06,Cock Pasta,Starter,Dak Prescott,Dal,QB
8,27.6,Cock Pasta,Starter,Jaylen Waddle,Mia,WR|W/R/T
8,9.7,Cock Pasta,Starter,George Pickens,Dal,WR|W/R/T
8,7.5,Cock Pasta,Starter,Tony Pollard,Ten,RB|W/R/T
8,8.5,Cock Pasta,Starter,Kenneth Walker III,Sea,RB|W/R/T
8,9.1,Cock Pasta,Starter,Dallas Goedert,Phi,TE|W/R/T
8,3.4,Cock Pasta,Starter,Jakobi Meyers,LV,WR|W/R/T
8,25.88,Cock Pasta,Non-Starter,Baker Mayfield,TB,QB
8,9.4,Cock Pasta,Non-Starter,Chuba Hubbard,Car,RB|W/R/T
8,20.5,Cock Pasta,Starter,Dallas Cowboys,Dal,DEF
8,0.5,Cock Pasta,Non-Starter,Indianapolis Colts,Ind,DEF
9,35.36,Cock Pasta,Starter,Dak Prescott,Dal,QB
9,10.4,Cock Pasta,Starter,Jaylen Waddle,Mia,WR|W/R/T
9,1.9,Cock Pasta,Starter,George Pickens,Dal,WR|W/R/T
9,9.8,Cock Pasta,Starter,Tony Pollard,Ten,RB|W/R/T
9,2.7,Cock Pasta,Starter,Kenneth Walker III,Sea,RB|W/R/T
9,9.0,Cock Pasta,Starter,Dallas Goedert,Phi,TE|W/R/T
9,15.0,Cock Pasta,Starter,Jakobi Meyers,LV,WR|W/R/T
9,23.5,Cock Pasta,Non-Starter,Baker Mayfield,TB,QB
9,12.7,Cock Pasta,Non-Starter,Chuba Hubbard,Car,RB|W/R/T
9,5.0,Cock Pasta,Starter,Dallas Cowboys,Dal,DEF
9,29.5,Cock Pasta,Non-Starter,Indianapolis Colts,Ind,DEF
10,44.86,Cock Pasta,Starter,Dak Prescott,Dal,QB
10,9.0,Cock Pasta,Starter,George Pickens,Dal,WR|W/R/T
10,4.6,Cock Pasta,Starter,Jakobi Meyers,LV,WR|W/R/T
10,21.2,Cock Pasta,Starter,Kenneth Walker III,Sea,RB|W/R/T
10,1.6,Cock Pasta,Starter,Joshua Kelley,Ten,RB|W/R/T
10,6.1,Cock Pasta,Starter,Hunter Henry,NE,TE|W/R/T
10,7.0,Cock Pasta,Starter,Tony Pollard,Ten,RB|W/R/T
10,0.0,Cock Pasta,Non-Starter,Dallas Goedert,Phi,TE|W/R/T
10,0.0,Cock Pasta,Non-Starter,Jaylen Waddle,Mia,WR|W/R/T
10,6.4,Cock Pasta,Non-Starter,Chuba Hubbard,Car,RB|W/R/T
10,14.0,Cock Pasta,Starter,Dallas Cowboys,Dal,DEF
11,20.66,Cock Pasta,Starter,Dak Prescott,Dal,QB
11,8.7,Cock Pasta,Starter,George Pickens,Dal,WR|W/R/T
11,9.9,Cock Pasta,Starter,Jakobi Meyers,LV,WR|W/R/T
11,2.6,Cock Pasta,Starter,Kenneth Walker III,Sea,RB|W/R/T
11,20.0,Cock Pasta,Starter,Tony Pollard,Ten,RB|W/R/T
11,3.2,Cock Pasta,Starter,Tyler Higbee,LAR,TE|W/R/T
11,11.0,Cock Pasta,Starter,Jaylen Waddle,Mia,WR|W/R/T
11,1.3,Cock Pasta,Non-Starter,Joshua Kelley,Ten,RB|W/R/T
11,0.0,Cock Pasta,Non-Starter,Dallas Goedert,Phi,TE|W/R/T
11,9.5,Cock Pasta,Non-Starter,Chuba Hubbard,Car,RB|W/R/T
11,25.5,Cock Pasta,Starter,Dallas Cowboys,Dal,DEF
12,40.74,Cock Pasta,Starter,Dak Prescott,Dal,QB
12,9.8,Cock Pasta,Starter,George Pickens,Dal,WR|W/R/T
12,22.6,Cock Pasta,Starter,Jakobi Meyers,LV,WR|W/R/T
12,0.0,Cock Pasta,Starter,Kenneth Walker III,Sea,RB|W/R/T
12,24.3,Cock Pasta,Starter,Tony Pollard,Ten,RB|W/R/T
12,20.9,Cock Pasta,Starter,Tyler Higbee,LAR,TE|W/R/T
12,22.4,Cock Pasta,Starter,Jaylen Waddle,Mia,WR|W/R/T
12,3.9,Cock Pasta,Non-Starter,Joshua Kelley,Ten,RB|W/R/T
12,0.0,Cock Pasta,Non-Starter,Dallas Goedert,Phi,TE|W/R/T
12,22.2,Cock Pasta,Non-Starter,Chuba Hubbard,Car,RB|W/R/T
12,18.5,Cock Pasta,Starter,Dallas Cowboys,Dal,DEF
13,34.76,Cock Pasta,Starter,Dak Prescott,Dal,QB
13,14.6,Cock Pasta,Starter,George Pickens,Dal,WR|W/R/T
13,11.2,Cock Pasta,Starter,Jaylen Waddle,Mia,WR|W/R/T
13,21.3,Cock Pasta,Starter,Tony Pollard,Ten,RB|W/R/T
13,10.7,Cock Pasta,Starter,Kenneth Gainwell,Pit,RB|W/R/T
13,0.0,Cock Pasta,Starter,Dallas Goedert,Phi,TE|W/R/T
13,25.4,Cock Pasta,Starter,Chuba Hubbard,Car,RB|W/R/T
13,6.5,Cock Pasta,Non-Starter,Tyler Higbee,LAR,TE|W/R/T
13,0.0,Cock Pasta,Non-Starter,Kenneth Walker III,Sea,RB|W/R/T
13,0.0,Cock Pasta,Non-Starter,Jakobi Meyers,LV,WR|W/R/T
13,-0.5,Cock Pasta,Starter,Dallas Cowboys,Dal,DEF
14,22.94,Cock Pasta,Starter,Dak Prescott,Dal,QB
14,6.9,Cock Pasta,Starter,George Pickens,Dal,WR|W/R/T
14,15.4,Cock Pasta,Starter,Jaylen Waddle,Mia,WR|W/R/T
14,18.6,Cock Pasta,Starter,Tony Pollard,Ten,RB|W/R/T
14,3.8,Cock Pasta,Starter,Kenneth Gainwell,Pit,RB|W/R/T
14,8.0,Cock Pasta,Starter,Dallas Goedert,Phi,TE|W/R/T
14,8.5,Cock Pasta,Starter,Jakobi Meyers,LV,WR|W/R/T
14,14.1,Cock Pasta,Non-Starter,Chuba Hubbard,Car,RB|W/R/T
14,0.0,Cock Pasta,Non-Starter,Tyler Higbee,LAR,TE|W/R/T
14,10.9,Cock Pasta,Non-Starter,Kenneth Walker III,Sea,RB|W/R/T
14,14.0,Cock Pasta,Starter,Dallas Cowboys,Dal,DEF
1,18.96,Where Da Gold At?,Starter,Kirk Cousins,Atl,QB
1,15.7,Where Da Gold At?,Starter,Keenan Allen,LAC,WR|W/R/T
1,14.7,Where Da Gold At?,Starter,DK Metcalf,Pit,WR|W/R/T
1,29.4,Where Da Gold At?,Starter,Austin Ekeler,Was,RB|W/R/T
1,6.1,Where Da Gold At?,Starter,A.J. Dillon,Phi,RB|W/R/T
1,7.4,Where Da Gold At?,Starter,Kyle Pitts,Atl,TE|W/R/T
1,6.2,Where Da Gold At?,Starter,Gabriel Davis,Jax,WR|W/R/T
1,1.0,Where Da Gold At?,Non-Starter,Elijah Mitchell,KC,RB|W/R/T
1,3.9,Where Da Gold At?,Non-Starter,Damien Harris,Buf,RB|W/R/T
1,0.0,Where Da Gold At?,Non-Starter,DJ Chark,Atl,WR|W/R/T
1,25.0,Where Da Gold At?,Starter,New York Jets,NYJ,DEF
2,36.56,Where Da Gold At?,Starter,Kirk Cousins,Atl,QB
2,33.6,Where Da Gold At?,Starter,Keenan Allen,LAC,WR|W/R/T
2,15.5,Where Da Gold At?,Starter,DK Metcalf,Pit,WR|W/R/T
2,8.8,Where Da Gold At?,Starter,A.J. Dillon,Phi,RB|W/R/T
2,0.0,Where Da Gold At?,Starter,Elijah Mitchell,KC,RB|W/R/T
2,3.5,Where Da Gold At?,Starter,Kyle Pitts,Atl,TE|W/R/T
2,24.2,Where Da Gold At?,Starter,Gabriel Davis,Jax,WR|W/R/T
2,0.0,Where Da Gold At?,Non-Starter,Austin Ekeler,Was,RB|W/R/T
2,10.8,Where Da Gold At?,Non-Starter,Damien Harris,Buf,RB|W/R/T
2,3.0,Where Da Gold At?,Non-Starter,DJ Chark,Atl,WR|W/R/T
2,5.0,Where Da Gold At?,Starter,New York Jets,NYJ,DEF
3,29.68,Where Da Gold At?,Starter,Kirk Cousins,Atl,QB
3,52.46,Where Da Gold At?,Starter,Keenan Allen,LAC,WR|W/R/T
3,19.7,Where Da Gold At?,Starter,DK Metcalf,Pit,WR|W/R/T
3,4.3,Where Da Gold At?,Starter,A.J. Dillon,Phi,RB|W/R/T
3,2.0,Where Da Gold At?,Starter,Damien Harris,Buf,RB|W/R/T
3,9.7,Where Da Gold At?,Starter,Kyle Pitts,Atl,TE|W/R/T
3,10.8,Where Da Gold At?,Starter,Gabriel Davis,Jax,WR|W/R/T
3,0.0,Where Da Gold At?,Non-Starter,Austin Ekeler,Was,RB|W/R/T
3,8.4,Where Da Gold At?,Non-Starter,Elijah Mitchell,KC,RB|W/R/T
3,19.6,Where Da Gold At?,Non-Starter,DJ Chark,Atl,WR|W/R/T
3,6.5,Where Da Gold At?,Starter,New York Jets,NYJ,DEF
4,7.56,Where Da Gold At?,Starter,Kirk Cousins,Atl,QB
4,13.2,Where Da Gold At?,Starter,Keenan Allen,LAC,WR|W/R/T
4,13.9,Where Da Gold At?,Starter,DK Metcalf,Pit,WR|W/R/T
4,1.6,Where Da Gold At?,Starter,A.J. Dillon,Phi,RB|W/R/T
4,0.0,Where Da Gold At?,Starter,Elijah Mitchell,KC,RB|W/R/T
4,4.6,Where Da Gold At?,Starter,Kyle Pitts,Atl,TE|W/R/T
4,16.1,Where Da Gold At?,Starter,Gabriel Davis,Jax,WR|W/R/T
4,0.0,Where Da Gold At?,Non-Starter,Austin Ekeler,Was,RB|W/R/T
4,4.4,Where Da Gold At?,Non-Starter,Damien Harris,Buf,RB|W/R/T
4,5.3,Where Da Gold At?,Non-Starter,DJ Chark,Atl,WR|W/R/T
4,9.5,Where Da Gold At?,Starter,New York Jets,NYJ,DEF
5,25.36,Where Da Gold At?,Starter,Kirk Cousins,Atl,QB
5,24.0,Where Da Gold At?,Starter,Gabriel Davis,Jax,WR|W/R/T
5,14.7,Where Da Gold At?,Starter,DJ Chark,Atl,WR|W/R/T
5,16.6,Where Da Gold At?,Starter,A.J. Dillon,Phi,RB|W/R/T
5,0.0,Where Da Gold At?,Starter,Elijah Mitchell,KC,RB|W/R/T
5,18.2,Where Da Gold At?,Starter,Kyle Pitts,Atl,TE|W/R/T
5,1.8,Where Da Gold At?,Starter,Damien Harris,Buf,RB|W/R/T
5,0.0,Where Da Gold At?,Non-Starter,Keenan Allen,LAC,WR|W/R/T
5,0.0,Where Da Gold At?,Non-Starter,DK Metcalf,Pit,WR|W/R/T
5,0.0,Where Da Gold At?,Non-Starter,Austin Ekeler,Was,RB|W/R/T
5,23.5,Where Da Gold At?,Starter,New York Jets,NYJ,DEF
6,11.24,Where Da Gold At?,Starter,Kirk Cousins,Atl,QB
6,3.6,Where Da Gold At?,Starter,Gabriel Davis,Jax,WR|W/R/T
6,12.9,Where Da Gold At?,Starter,DK Metcalf,Pit,WR|W/R/T
6,-0.3,Where Da Gold At?,Starter,Elijah Mitchell,KC,RB|W/R/T
6,11.2,Where Da Gold At?,Starter,Austin Ekeler,Was,RB|W/R/T
6,15.8,Where Da Gold At?,Starter,Kyle Pitts,Atl,TE|W/R/T
6,23.5,Where Da Gold At?,Starter,Keenan Allen,LAC,WR|W/R/T
6,6.1,Where Da Gold At?,Non-Starter,DJ Chark,Atl,WR|W/R/T
6,0.6,Where Da Gold At?,Non-Starter,Damien Harris,Buf,RB|W/R/T
6,0.0,Where Da Gold At?,Non-Starter,A.J. Dillon,Phi,RB|W/R/T
6,13.5,Where Da Gold At?,Starter,New York Jets,NYJ,DEF
7,23.02,Where Da Gold At?,Starter,Kirk Cousins,Atl,QB
7,1.6,Where Da Gold At?,Starter,Gabriel Davis,Jax,WR|W/R/T
7,0.0,Where Da Gold At?,Starter,DK Metcalf,Pit,WR|W/R/T
7,6.1,Where Da Gold At?,Starter,Austin Ekeler,Was,RB|W/R/T
7,12.5,Where Da Gold At?,Starter,A.J. Dillon,Phi,RB|W/R/T
7,8.2,Where Da Gold At?,Starter,Kyle Pitts,Atl,TE|W/R/T
7,10.5,Where Da Gold At?,Starter,Keenan Allen,LAC,WR|W/R/T
7,-0.1,Where Da Gold At?,Non-Starter,Elijah Mitchell,KC,RB|W/R/T
7,0.0,Where Da Gold At?,Non-Starter,DJ Chark,Atl,WR|W/R/T
7,0.0,Where Da Gold At?,Non-Starter,Damien Harris,Buf,RB|W/R/T
7,8.5,Where Da Gold At?,Starter,Tampa Bay Buccaneers,TB,DEF
8,24.36,Where Da Gold At?,Starter,Kirk Cousins,Atl,QB
8,26.2,Where Da Gold At?,Starter,Gabriel Davis,Jax,WR|W/R/T
8,13.2,Where Da Gold At?,Starter,DK Metcalf,Pit,WR|W/R/T
8,26.3,Where Da Gold At?,Starter,Austin Ekeler,Was,RB|W/R/T
8,11.2,Where Da Gold At?,Starter,A.J. Dillon,Phi,RB|W/R/T
8,8.0,Where Da Gold At?,Starter,Kyle Pitts,Atl,TE|W/R/T
8,16.4,Where Da Gold At?,Starter,Keenan Allen,LAC,WR|W/R/T
8,0.7,Where Da Gold At?,Non-Starter,Elijah Mitchell,KC,RB|W/R/T
8,4.8,Where Da Gold At?,Non-Starter,DJ Chark,Atl,WR|W/R/T
8,0.0,Where Da Gold At?,Non-Starter,Damien Harris,Buf,RB|W/R/T
8,6.0,Where Da Gold At?,Starter,Tampa Bay Buccaneers,TB,DEF
9,1.9,Where Da Gold At?,Starter,Daniel Jones,Ind,QB
9,0.0,Where Da Gold At?,Starter,Gabriel Davis,Jax,WR|W/R/T
9,6.5,Where Da Gold At?,Starter,DK Metcalf,Pit,WR|W/R/T
9,23.0,Where Da Gold At?,Starter,Austin Ekeler,Was,RB|W/R/T
9,6.8,Where Da Gold At?,Starter,A.J. Dillon,Phi,RB|W/R/T
9,11.1,Where Da Gold At?,Starter,Kyle Pitts,Atl,TE|W/R/T
9,17.7,Where Da Gold At?,Starter,Keenan Allen,LAC,WR|W/R/T
9,0.0,Where Da Gold At?,Non-Starter,Kirk Cousins,Atl,QB
9,0.0,Where Da Gold At?,Non-Starter,Elijah Mitchell,KC,RB|W/R/T
9,9.4,Where Da Gold At?,Non-Starter,DJ Chark,Atl,WR|W/R/T
9,7.0,Where Da Gold At?,Starter,Tampa Bay Buccaneers,TB,DEF
10,0.0,Where Da Gold At?,Starter,Daniel Jones,Ind,QB
10,10.6,Where Da Gold At?,Starter,Gabriel Davis,Jax,WR|W/R/T
10,19.8,Where Da Gold At?,Starter,DK Metcalf,Pit,WR|W/R/T
10,24.0,Where Da Gold At?,Starter,Austin Ekeler,Was,RB|W/R/T
10,10.6,Where Da Gold At?,Starter,A.J. Dillon,Phi,RB|W/R/T
10,6.0,Where Da Gold At?,Starter,Kyle Pitts,Atl,TE|W/R/T
10,45.0,Where Da Gold At?,Starter,Keenan Allen,LAC,WR|W/R/T
10,0.0,Where Da Gold At?,Non-Starter,Kirk Cousins,Atl,QB
10,2.8,Where Da Gold At?,Non-Starter,Elijah Mitchell,KC,RB|W/R/T
10,0.0,Where Da Gold At?,Non-Starter,DJ Chark,Atl,WR|W/R/T
10,19.0,Where Da Gold At?,Starter,Tampa Bay Buccaneers,TB,DEF
11,25.16,Where Da Gold At?,Starter,Justin Fields,NYJ,QB
11,0.0,Where Da Gold At?,Starter,Gabriel Davis,Jax,WR|W/R/T
11,22.4,Where Da Gold At?,Starter,DK Metcalf,Pit,WR|W/R/T
11,8.0,Where Da Gold At?,Starter,Austin Ekeler,Was,RB|W/R/T
11,12.1,Where Da Gold At?,Starter,A.J. Dillon,Phi,RB|W/R/T
11,1.6,Where Da Gold At?,Starter,Chig Okonkwo,Ten,TE|W/R/T
11,29.6,Where Da Gold At?,Starter,Keenan Allen,LAC,WR|W/R/T
11,0.0,Where Da Gold At?,Non-Starter,Daniel Jones,Ind,QB
11,0.0,Where Da Gold At?,Non-Starter,Kyle Pitts,Atl,TE|W/R/T
11,0.0,Where Da Gold At?,Non-Starter,DJ Chark,Atl,WR|W/R/T
11,9.5,Where Da Gold At?,Starter,Tampa Bay Buccaneers,TB,DEF
12,12.58,Where Da Gold At?,Starter,Justin Fields,NYJ,QB
12,25.5,Where Da Gold At?,Starter,Gabriel Davis,Jax,WR|W/R/T
12,6.7,Where Da Gold At?,Starter,DK Metcalf,Pit,WR|W/R/T
12,11.9,Where Da Gold At?,Starter,Austin Ekeler,Was,RB|W/R/T
12,13.1,Where Da Gold At?,Starter,A.J. Dillon,Phi,RB|W/R/T
12,5.2,Where Da Gold At?,Starter,Kyle Pitts,Atl,TE|W/R/T
12,25.1,Where Da Gold At?,Starter,Keenan Allen,LAC,WR|W/R/T
12,9.0,Where Da Gold At?,Non-Starter,Chig Okonkwo,Ten,TE|W/R/T
12,6.9,Where Da Gold At?,Non-Starter,DJ Chark,Atl,WR|W/R/T
12,3.4,Where Da Gold At?,Non-Starter,Rashid Shaheed,NO,WR|W/R/T
12,7.0,Where Da Gold At?,Starter,Tampa Bay Buccaneers,TB,DEF
13,28.96,Where Da Gold At?,Starter,Matthew Stafford,LAR,QB
13,40.4,Where Da Gold At?,Starter,DK Metcalf,Pit,WR|W/R/T
13,9.6,Where Da Gold At?,Starter,DJ Chark,Atl,WR|W/R/T
13,7.2,Where Da Gold At?,Starter,Austin Ekeler,Was,RB|W/R/T
13,12.7,Where Da Gold At?,Starter,A.J. Dillon,Phi,RB|W/R/T
13,11.1,Where Da Gold At?,Starter,Kyle Pitts,Atl,TE|W/R/T
13,11.8,Where Da Gold At?,Starter,Keenan Allen,LAC,WR|W/R/T
13,0.0,Where Da Gold At?,Non-Starter,Justin Fields,NYJ,QB
13,0.0,Where Da Gold At?,Non-Starter,Gabriel Davis,Jax,WR|W/R/T
13,0.0,Where Da Gold At?,Non-Starter,Rashid Shaheed,NO,WR|W/R/T
13,13.0,Where Da Gold At?,Starter,Tampa Bay Buccaneers,TB,DEF
14,28.72,Where Da Gold At?,Starter,Justin Fields,NYJ,QB
14,14.2,Where Da Gold At?,Starter,DK Metcalf,Pit,WR|W/R/T
14,0.0,Where Da Gold At?,Starter,Gabriel Davis,Jax,WR|W/R/T
14,23.5,Where Da Gold At?,Starter,Austin Ekeler,Was,RB|W/R/T
14,11.3,Where Da Gold At?,Starter,A.J. Dillon,Phi,RB|W/R/T
14,16.2,Where Da Gold At?,Starter,Kyle Pitts,Atl,TE|W/R/T
14,15.3,Where Da Gold At?,Starter,Keenan Allen,LAC,WR|W/R/T
14,5.1,Where Da Gold At?,Non-Starter,DJ Chark,Atl,WR|W/R/T
14,29.66,Where Da Gold At?,Non-Starter,Matthew Stafford,LAR,QB
14,0.0,Where Da Gold At?,Non-Starter,Rashid Shaheed,NO,WR|W/R/T
14,9.0,Where Da Gold At?,Starter,Tampa Bay Buccaneers,TB,DEF
15,8.64,Where Da Gold At?,Starter,Justin Fields,NYJ,QB
15,14.3,Where Da Gold At?,Starter,DK Metcalf,Pit,WR|W/R/T
15,7.6,Where Da Gold At?,Starter,Rashid Shaheed,NO,WR|W/R/T
15,8.8,Where Da Gold At?,Starter,Austin Ekeler,Was,RB|W/R/T
15,2.1,Where Da Gold At?,Starter,Zach Charbonnet,Sea,RB|W/R/T
15,8.2,Where Da Gold At?,Starter,Kyle Pitts,Atl,TE|W/R/T
15,0.0,Where Da Gold At?,Starter,Gabriel Davis,Jax,WR|W/R/T
15,0.0,Where Da Gold At?,Non-Starter,A.J. Dillon,Phi,RB|W/R/T
15,3.3,Where Da Gold At?,Non-Starter,DJ Chark,Atl,WR|W/R/T
15,22.52,Where Da Gold At?,Non-Starter,Matthew Stafford,LAR,QB
15,8.5,Where Da Gold At?,Starter,Tampa Bay Buccaneers,TB,DEF
16,27.0,Where Da Gold At?,Starter,Justin Fields,NYJ,QB
16,17.1,Where Da Gold At?,Starter,DK Metcalf,Pit,WR|W/R/T
16,19.4,Where Da Gold At?,Starter,Rashid Shaheed,NO,WR|W/R/T
16,14.1,Where Da Gold At?,Starter,Austin Ekeler,Was,RB|W/R/T
16,0.6,Where Da Gold At?,Starter,Zach Charbonnet,Sea,RB|W/R/T
16,14.9,Where Da Gold At?,Starter,Kyle Pitts,Atl,TE|W/R/T
16,25.0,Where Da Gold At?,Starter,Gabriel Davis,Jax,WR|W/R/T
16,7.7,Where Da Gold At?,Non-Starter,A.J. Dillon,Phi,RB|W/R/T
16,30.8,Where Da Gold At?,Non-Starter,DJ Chark,Atl,WR|W/R/T
16,24.72,Where Da Gold At?,Non-Starter,Matthew Stafford,LAR,QB
16,19.0,Where Da Gold At?,Starter,Tampa Bay Buccaneers,TB,DEF
17,29.22,Where Da Gold At?,Starter,Justin Fields,NYJ,QB
17,17.6,Where Da Gold At?,Starter,DK Metcalf,Pit,WR|W/R/T
17,3.9,Where Da Gold At?,Starter,Rashid Shaheed,NO,WR|W/R/T
17,6.0,Where Da Gold At?,Starter,Austin Ekeler,Was,RB|W/R/T
17,10.1,Where Da Gold At?,Starter,Zach Charbonnet,Sea,RB|W/R/T
17,1.5,Where Da Gold At?,Starter,Kyle Pitts,Atl,TE|W/R/T
17,4.6,Where Da Gold At?,Starter,Gabriel Davis,Jax,WR|W/R/T
17,3.2,Where Da Gold At?,Non-Starter,A.J. Dillon,Phi,RB|W/R/T
17,3.3,Where Da Gold At?,Non-Starter,DJ Chark,Atl,WR|W/R/T
17,10.58,Where Da Gold At?,Non-Starter,Matthew Stafford,LAR,QB
17,6.5,Where Da Gold At?,Starter,Tampa Bay Buccaneers,TB,DEF
1,20.74,Make it Hurts so good,Starter,Trevor Lawrence,Jax,QB
1,26.5,Make it Hurts so good,Starter,Justin Jefferson,Min,WR|W/R/T
1,19.2,Make it Hurts so good,Starter,DeVonta Smith,Phi,WR|W/R/T
1,12.2,Make it Hurts so good,Starter,J.K. Dobbins,Den,RB|W/R/T
1,10.9,Make it Hurts so good,Starter,Isiah Pacheco,KC,RB|W/R/T
1,8.1,Make it Hurts so good,Starter,Mike Gesicki,Cin,TE|W/R/T
1,1.0,Make it Hurts so good,Starter,Kadarius Toney,Cle,WR|W/R/T
1,13.4,Make it Hurts so good,Non-Starter,Kenneth Gainwell,Pit,RB|W/R/T
1,0.0,Make it Hurts so good,Non-Starter,Rashaad Penny,Phi,RB|W/R/T
1,7.6,Make it Hurts so good,Non-Starter,Allen Lazard,NYJ,WR|W/R/T
1,8.0,Make it Hurts so good,Starter,Kansas City Chiefs,KC,DEF
2,9.74,Make it Hurts so good,Starter,Trevor Lawrence,Jax,QB
2,29.4,Make it Hurts so good,Starter,Justin Jefferson,Min,WR|W/R/T
2,24.1,Make it Hurts so good,Starter,DeVonta Smith,Phi,WR|W/R/T
2,10.0,Make it Hurts so good,Starter,Isiah Pacheco,KC,RB|W/R/T
2,9.3,Make it Hurts so good,Starter,Justice Hill,Bal,RB|W/R/T
2,8.3,Make it Hurts so good,Starter,Mike Gesicki,Cin,TE|W/R/T
2,10.3,Make it Hurts so good,Starter,Kadarius Toney,Cle,WR|W/R/T
2,4.8,Make it Hurts so good,Non-Starter,Allen Lazard,NYJ,WR|W/R/T
2,0.0,Make it Hurts so good,Non-Starter,Kenneth Gainwell,Pit,RB|W/R/T
2,2.9,Make it Hurts so good,Non-Starter,Rashaad Penny,Phi,RB|W/R/T
2,13.0,Make it Hurts so good,Starter,Kansas City Chiefs,KC,DEF
3,14.86,Make it Hurts so good,Starter,Trevor Lawrence,Jax,QB
3,30.9,Make it Hurts so good,Starter,Justin Jefferson,Min,WR|W/R/T
3,7.8,Make it Hurts so good,Starter,DeVonta Smith,Phi,WR|W/R/T
3,18.3,Make it Hurts so good,Starter,Isiah Pacheco,KC,RB|W/R/T
3,5.8,Make it Hurts so good,Starter,Kenneth Gainwell,Pit,RB|W/R/T
3,3.3,Make it Hurts so good,Starter,Mike Gesicki,Cin,TE|W/R/T
3,0.9,Make it Hurts so good,Starter,Kadarius Toney,Cle,WR|W/R/T
3,0.0,Make it Hurts so good,Non-Starter,Rashaad Penny,Phi,RB|W/R/T
3,0.0,Make it Hurts so good,Non-Starter,Justice Hill,Bal,RB|W/R/T
3,7.9,Make it Hurts so good,Non-Starter,Allen Lazard,NYJ,WR|W/R/T
3,13.5,Make it Hurts so good,Starter,Kansas City Chiefs,KC,DEF
4,19.98,Make it Hurts so good,Starter,Trevor Lawrence,Jax,QB
4,29.5,Make it Hurts so good,Starter,Justin Jefferson,Min,WR|W/R/T
4,15.8,Make it Hurts so good,Starter,DeVonta Smith,Phi,WR|W/R/T
4,27.8,Make it Hurts so good,Starter,Isiah Pacheco,KC,RB|W/R/T
4,4.3,Make it Hurts so good,Starter,Justice Hill,Bal,RB|W/R/T
4,2.7,Make it Hurts so good,Starter,Mike Gesicki,Cin,TE|W/R/T
4,7.1,Make it Hurts so good,Starter,Kenneth Gainwell,Pit,RB|W/R/T
4,4.7,Make it Hurts so good,Non-Starter,Kadarius Toney,Cle,WR|W/R/T
4,0.0,Make it Hurts so good,Non-Starter,Rashaad Penny,Phi,RB|W/R/T
4,16.6,Make it Hurts so good,Non-Starter,Allen Lazard,NYJ,WR|W/R/T
4,8.0,Make it Hurts so good,Starter,Kansas City Chiefs,KC,DEF
5,18.2,Make it Hurts so good,Starter,Trevor Lawrence,Jax,QB
5,1.6,Make it Hurts so good,Starter,DeVonta Smith,Phi,WR|W/R/T
5,1.9,Make it Hurts so good,Starter,Romeo Doubs,GB,WR|W/R/T
5,15.4,Make it Hurts so good,Starter,Isiah Pacheco,KC,RB|W/R/T
5,24.5,Make it Hurts so good,Starter,De'Von Achane,Mia,RB|W/R/T
5,3.7,Make it Hurts so good,Starter,Mike Gesicki,Cin,TE|W/R/T
5,7.8,Make it Hurts so good,Starter,Allen Lazard,NYJ,WR|W/R/T
5,15.0,Make it Hurts so good,Non-Starter,Justice Hill,Bal,RB|W/R/T
5,9.2,Make it Hurts so good,Non-Starter,Kadarius Toney,Cle,WR|W/R/T
5,0.0,Make it Hurts so good,Non-Starter,Rashaad Penny,Phi,RB|W/R/T
5,9.0,Make it Hurts so good,Starter,Kansas City Chiefs,KC,DEF
6,16.74,Make it Hurts so good,Starter,Trevor Lawrence,Jax,QB
6,10.4,Make it Hurts so good,Starter,DeVonta Smith,Phi,WR|W/R/T
6,2.3,Make it Hurts so good,Starter,Allen Lazard,NYJ,WR|W/R/T
6,18.8,Make it Hurts so good,Starter,Isiah Pacheco,KC,RB|W/R/T
6,7.0,Make it Hurts so good,Starter,Justice Hill,Bal,RB|W/R/T
6,1.2,Make it Hurts so good,Starter,Logan Thomas,SF,TE|W/R/T
6,9.9,Make it Hurts so good,Starter,Kadarius Toney,Cle,WR|W/R/T
6,6.8,Make it Hurts so good,Non-Starter,Mike Gesicki,Cin,TE|W/R/T
6,0.0,Make it Hurts so good,Non-Starter,De'Von Achane,Mia,RB|W/R/T
6,0.0,Make it Hurts so good,Non-Starter,Romeo Doubs,GB,WR|W/R/T
6,17.5,Make it Hurts so good,Starter,Kansas City Chiefs,KC,DEF
7,21.56,Make it Hurts so good,Starter,Trevor Lawrence,Jax,QB
7,10.4,Make it Hurts so good,Starter,DeVonta Smith,Phi,WR|W/R/T
7,12.0,Make it Hurts so good,Starter,Romeo Doubs,GB,WR|W/R/T
7,17.5,Make it Hurts so good,Starter,Isiah Pacheco,KC,RB|W/R/T
7,6.3,Make it Hurts so good,Starter,Justice Hill,Bal,RB|W/R/T
7,10.1,Make it Hurts so good,Starter,Logan Thomas,SF,TE|W/R/T
7,2.8,Make it Hurts so good,Starter,Kadarius Toney,Cle,WR|W/R/T
7,0.0,Make it Hurts so good,Non-Starter,Allen Lazard,NYJ,WR|W/R/T
7,9.0,Make it Hurts so good,Non-Starter,Mike Gesicki,Cin,TE|W/R/T
7,0.0,Make it Hurts so good,Non-Starter,De'Von Achane,Mia,RB|W/R/T
7,14.0,Make it Hurts so good,Starter,Kansas City Chiefs,KC,DEF
8,14.68,Make it Hurts so good,Starter,Trevor Lawrence,Jax,QB
8,24.9,Make it Hurts so good,Starter,DeVonta Smith,Phi,WR|W/R/T
8,12.8,Make it Hurts so good,Starter,Romeo Doubs,GB,WR|W/R/T
8,7.2,Make it Hurts so good,Starter,Isiah Pacheco,KC,RB|W/R/T
8,10.0,Make it Hurts so good,Starter,Justice Hill,Bal,RB|W/R/T
8,17.9,Make it Hurts so good,Starter,Logan Thomas,SF,TE|W/R/T
8,1.1,Make it Hurts so good,Starter,Kadarius Toney,Cle,WR|W/R/T
8,8.0,Make it Hurts so good,Non-Starter,Allen Lazard,NYJ,WR|W/R/T
8,3.1,Make it Hurts so good,Non-Starter,Mike Gesicki,Cin,TE|W/R/T
8,0.0,Make it Hurts so good,Non-Starter,De'Von Achane,Mia,RB|W/R/T
8,14.5,Make it Hurts so good,Starter,Kansas City Chiefs,KC,DEF
9,12.08,Make it Hurts so good,Starter,Gardner Minshew,KC,QB
9,15.1,Make it Hurts so good,Starter,DeVonta Smith,Phi,WR|W/R/T
9,8.1,Make it Hurts so good,Starter,Romeo Doubs,GB,WR|W/R/T
9,8.6,Make it Hurts so good,Starter,Isiah Pacheco,KC,RB|W/R/T
9,5.0,Make it Hurts so good,Starter,Justice Hill,Bal,RB|W/R/T
9,7.6,Make it Hurts so good,Starter,Logan Thomas,SF,TE|W/R/T
9,3.3,Make it Hurts so good,Starter,Kadarius Toney,Cle,WR|W/R/T
9,0.0,Make it Hurts so good,Non-Starter,Trevor Lawrence,Jax,QB
9,4.8,Make it Hurts so good,Non-Starter,Allen Lazard,NYJ,WR|W/R/T
9,0.0,Make it Hurts so good,Non-Starter,De'Von Achane,Mia,RB|W/R/T
9,15.0,Make it Hurts so good,Starter,Kansas City Chiefs,KC,DEF
10,-1.9,Make it Hurts so good,Starter,Trevor Lawrence,Jax,QB
10,13.1,Make it Hurts so good,Starter,Romeo Doubs,GB,WR|W/R/T
10,2.6,Make it Hurts so good,Starter,Curtis Samuel,Buf,WR|W/R/T
10,0.0,Make it Hurts so good,Starter,Isiah Pacheco,KC,RB|W/R/T
10,0.7,Make it Hurts so good,Starter,Justice Hill,Bal,RB|W/R/T
10,10.0,Make it Hurts so good,Starter,Logan Thomas,SF,TE|W/R/T
10,3.2,Make it Hurts so good,Starter,Allen Lazard,NYJ,WR|W/R/T
10,0.0,Make it Hurts so good,Non-Starter,DeVonta Smith,Phi,WR|W/R/T
10,0.0,Make it Hurts so good,Non-Starter,De'Von Achane,Mia,RB|W/R/T
10,7.5,Make it Hurts so good,Starter,Cincinnati Bengals,Cin,DEF
10,0.0,Make it Hurts so good,Non-Starter,Kansas City Chiefs,KC,DEF
11,37.18,Make it Hurts so good,Starter,Trevor Lawrence,Jax,QB
11,17.8,Make it Hurts so good,Starter,Romeo Doubs,GB,WR|W/R/T
11,17.9,Make it Hurts so good,Starter,DeVonta Smith,Phi,WR|W/R/T
11,12.6,Make it Hurts so good,Starter,Isiah Pacheco,KC,RB|W/R/T
11,7.6,Make it Hurts so good,Starter,Khalil Herbert,Ind,RB|W/R/T
11,9.3,Make it Hurts so good,Starter,Logan Thomas,SF,TE|W/R/T
11,1.5,Make it Hurts so good,Starter,De'Von Achane,Mia,RB|W/R/T
11,1.5,Make it Hurts so good,Non-Starter,Curtis Samuel,Buf,WR|W/R/T
11,0.0,Make it Hurts so good,Non-Starter,Allen Lazard,NYJ,WR|W/R/T
11,6.0,Make it Hurts so good,Non-Starter,Zay Jones,Ari,WR|W/R/T
11,14.0,Make it Hurts so good,Starter,Kansas City Chiefs,KC,DEF
12,25.06,Make it Hurts so good,Starter,Trevor Lawrence,Jax,QB
12,7.7,Make it Hurts so good,Starter,Romeo Doubs,GB,WR|W/R/T
12,26.6,Make it Hurts so good,Starter,DeVonta Smith,Phi,WR|W/R/T
12,30.4,Make it Hurts so good,Starter,Isiah Pacheco,KC,RB|W/R/T
12,6.8,Make it Hurts so good,Starter,Khalil Herbert,Ind,RB|W/R/T
12,4.0,Make it Hurts so good,Starter,Logan Thomas,SF,TE|W/R/T
12,2.5,Make it Hurts so good,Starter,Zay Jones,Ari,WR|W/R/T
12,0.0,Make it Hurts so good,Non-Starter,De'Von Achane,Mia,RB|W/R/T
12,21.5,Make it Hurts so good,Non-Starter,Curtis Samuel,Buf,WR|W/R/T
12,0.0,Make it Hurts so good,Non-Starter,Allen Lazard,NYJ,WR|W/R/T
12,4.0,Make it Hurts so good,Starter,Kansas City Chiefs,KC,DEF
13,30.62,Make it Hurts so good,Starter,Trevor Lawrence,Jax,QB
13,12.2,Make it Hurts so good,Starter,Romeo Doubs,GB,WR|W/R/T
13,28.6,Make it Hurts so good,Starter,DeVonta Smith,Phi,WR|W/R/T
13,25.3,Make it Hurts so good,Starter,Isiah Pacheco,KC,RB|W/R/T
13,27.8,Make it Hurts so good,Starter,De'Von Achane,Mia,RB|W/R/T
13,2.0,Make it Hurts so good,Starter,Logan Thomas,SF,TE|W/R/T
13,11.5,Make it Hurts so good,Starter,Curtis Samuel,Buf,WR|W/R/T
13,14.3,Make it Hurts so good,Non-Starter,Zay Jones,Ari,WR|W/R/T
13,0.0,Make it Hurts so good,Non-Starter,Khalil Herbert,Ind,RB|W/R/T
13,0.0,Make it Hurts so good,Non-Starter,Allen Lazard,NYJ,WR|W/R/T
13,4.0,Make it Hurts so good,Starter,Kansas City Chiefs,KC,DEF
14,14.6,Make it Hurts so good,Starter,Gardner Minshew,KC,QB
14,8.2,Make it Hurts so good,Starter,Romeo Doubs,GB,WR|W/R/T
14,11.3,Make it Hurts so good,Starter,DeVonta Smith,Phi,WR|W/R/T
14,13.6,Make it Hurts so good,Starter,De'Von Achane,Mia,RB|W/R/T
14,0.8,Make it Hurts so good,Starter,Khalil Herbert,Ind,RB|W/R/T
14,11.1,Make it Hurts so good,Starter,Chig Okonkwo,Ten,TE|W/R/T
14,10.3,Make it Hurts so good,Starter,Clyde Edwards-Helaire,NO,RB|W/R/T
14,17.38,Make it Hurts so good,Non-Starter,Trevor Lawrence,Jax,QB
14,0.0,Make it Hurts so good,Non-Starter,Logan Thomas,SF,TE|W/R/T
14,0.0,Make it Hurts so good,Non-Starter,Curtis Samuel,Buf,WR|W/R/T
14,9.0,Make it Hurts so good,Starter,Kansas City Chiefs,KC,DEF
1,24.86,Herbert’s Sherbert Sandwich,Starter,Justin Herbert,LAC,QB
1,16.9,Herbert’s Sherbert Sandwich,Starter,A.J. Brown,Phi,WR|W/R/T
1,0.0,Herbert’s Sherbert Sandwich,Starter,Jerry Jeudy,Cle,WR|W/R/T
1,11.3,Herbert’s Sherbert Sandwich,Starter,Joe Mixon,Hou,RB|W/R/T
1,0.9,Herbert’s Sherbert Sandwich,Starter,Antonio Gibson,NE,RB|W/R/T
1,0.0,Herbert’s Sherbert Sandwich,Starter,Chig Okonkwo,Ten,TE|W/R/T
1,16.8,Herbert’s Sherbert Sandwich,Starter,Darnell Mooney,Atl,WR|W/R/T
1,0.0,Herbert’s Sherbert Sandwich,Non-Starter,Christian Watson,GB,WR|W/R/T
1,20.2,Herbert’s Sherbert Sandwich,Non-Starter,Zay Flowers,Bal,WR|W/R/T
1,19.5,Herbert’s Sherbert Sandwich,Non-Starter,Roschon Johnson,Chi,RB|W/R/T
1,8.5,Herbert’s Sherbert Sandwich,Starter,Buffalo Bills,Buf,DEF
2,26.2,Herbert’s Sherbert Sandwich,Starter,Justin Herbert,LAC,QB
2,7.9,Herbert’s Sherbert Sandwich,Starter,A.J. Brown,Phi,WR|W/R/T
2,11.8,Herbert’s Sherbert Sandwich,Starter,Zay Flowers,Bal,WR|W/R/T
2,16.0,Herbert’s Sherbert Sandwich,Starter,Joe Mixon,Hou,RB|W/R/T
2,9.3,Herbert’s Sherbert Sandwich,Starter,Antonio Gibson,NE,RB|W/R/T
2,8.5,Herbert’s Sherbert Sandwich,Starter,Chig Okonkwo,Ten,TE|W/R/T
2,6.0,Herbert’s Sherbert Sandwich,Starter,Jerry Jeudy,Cle,WR|W/R/T
2,6.7,Herbert’s Sherbert Sandwich,Non-Starter,Roschon Johnson,Chi,RB|W/R/T
2,0.0,Herbert’s Sherbert Sandwich,Non-Starter,Darnell Mooney,Atl,WR|W/R/T
2,0.0,Herbert’s Sherbert Sandwich,Non-Starter,Christian Watson,GB,WR|W/R/T
2,12.5,Herbert’s Sherbert Sandwich,Starter,Buffalo Bills,Buf,DEF
3,35.8,Herbert’s Sherbert Sandwich,Starter,Justin Herbert,LAC,QB
3,25.6,Herbert’s Sherbert Sandwich,Starter,A.J. Brown,Phi,WR|W/R/T
3,13.5,Herbert’s Sherbert Sandwich,Starter,Zay Flowers,Bal,WR|W/R/T
3,16.5,Herbert’s Sherbert Sandwich,Starter,Joe Mixon,Hou,RB|W/R/T
3,7.4,Herbert’s Sherbert Sandwich,Starter,Roschon Johnson,Chi,RB|W/R/T
3,3.7,Herbert’s Sherbert Sandwich,Starter,Chig Okonkwo,Ten,TE|W/R/T
3,15.1,Herbert’s Sherbert Sandwich,Starter,Jerry Jeudy,Cle,WR|W/R/T
3,4.4,Herbert’s Sherbert Sandwich,Non-Starter,Antonio Gibson,NE,RB|W/R/T
3,0.0,Herbert’s Sherbert Sandwich,Non-Starter,Darnell Mooney,Atl,WR|W/R/T
3,0.0,Herbert’s Sherbert Sandwich,Non-Starter,Christian Watson,GB,WR|W/R/T
3,38.0,Herbert’s Sherbert Sandwich,Starter,Buffalo Bills,Buf,DEF
4,24.88,Herbert’s Sherbert Sandwich,Starter,Justin Herbert,LAC,QB
4,42.0,Herbert’s Sherbert Sandwich,Starter,A.J. Brown,Phi,WR|W/R/T
4,9.0,Herbert’s Sherbert Sandwich,Starter,Zay Flowers,Bal,WR|W/R/T
4,10.6,Herbert’s Sherbert Sandwich,Starter,Joe Mixon,Hou,RB|W/R/T
4,2.5,Herbert’s Sherbert Sandwich,Starter,Roschon Johnson,Chi,RB|W/R/T
4,6.4,Herbert’s Sherbert Sandwich,Starter,Chig Okonkwo,Ten,TE|W/R/T
4,9.2,Herbert’s Sherbert Sandwich,Starter,Jerry Jeudy,Cle,WR|W/R/T
4,4.6,Herbert’s Sherbert Sandwich,Non-Starter,Antonio Gibson,NE,RB|W/R/T
4,10.6,Herbert’s Sherbert Sandwich,Non-Starter,Darnell Mooney,Atl,WR|W/R/T
4,11.5,Herbert’s Sherbert Sandwich,Non-Starter,Christian Watson,GB,WR|W/R/T
4,13.0,Herbert’s Sherbert Sandwich,Starter,Buffalo Bills,Buf,DEF
5,23.74,Herbert’s Sherbert Sandwich,Starter,Russell Wilson,NYG,QB
5,21.7,Herbert’s Sherbert Sandwich,Starter,A.J. Brown,Phi,WR|W/R/T
5,13.8,Herbert’s Sherbert Sandwich,Starter,Zay Flowers,Bal,WR|W/R/T
5,15.9,Herbert’s Sherbert Sandwich,Starter,Joe Mixon,Hou,RB|W/R/T
5,11.9,Herbert’s Sherbert Sandwich,Starter,Antonio Gibson,NE,RB|W/R/T
5,9.3,Herbert’s Sherbert Sandwich,Starter,Chig Okonkwo,Ten,TE|W/R/T
5,12.1,Herbert’s Sherbert Sandwich,Starter,Christian Watson,GB,WR|W/R/T
5,0.0,Herbert’s Sherbert Sandwich,Non-Starter,Justin Herbert,LAC,QB
5,12.5,Herbert’s Sherbert Sandwich,Non-Starter,Jerry Jeudy,Cle,WR|W/R/T
5,2.4,Herbert’s Sherbert Sandwich,Non-Starter,Roschon Johnson,Chi,RB|W/R/T
5,12.5,Herbert’s Sherbert Sandwich,Starter,Buffalo Bills,Buf,DEF
6,22.08,Herbert’s Sherbert Sandwich,Starter,Justin Herbert,LAC,QB
6,23.1,Herbert’s Sherbert Sandwich,Starter,A.J. Brown,Phi,WR|W/R/T
6,18.1,Herbert’s Sherbert Sandwich,Starter,Zay Flowers,Bal,WR|W/R/T
6,10.7,Herbert’s Sherbert Sandwich,Starter,Joe Mixon,Hou,RB|W/R/T
6,9.1,Herbert’s Sherbert Sandwich,Starter,Antonio Gibson,NE,RB|W/R/T
6,3.8,Herbert’s Sherbert Sandwich,Starter,Chig Okonkwo,Ten,TE|W/R/T
6,4.9,Herbert’s Sherbert Sandwich,Starter,Jerry Jeudy,Cle,WR|W/R/T
6,0.0,Herbert’s Sherbert Sandwich,Non-Starter,Roschon Johnson,Chi,RB|W/R/T
6,0.0,Herbert’s Sherbert Sandwich,Non-Starter,Christian Watson,GB,WR|W/R/T
6,6.4,Herbert’s Sherbert Sandwich,Non-Starter,Russell Wilson,NYG,QB
6,13.0,Herbert’s Sherbert Sandwich,Starter,Buffalo Bills,Buf,DEF
7,8.86,Herbert’s Sherbert Sandwich,Starter,Justin Herbert,LAC,QB
7,31.7,Herbert’s Sherbert Sandwich,Starter,A.J. Brown,Phi,WR|W/R/T
7,13.0,Herbert’s Sherbert Sandwich,Starter,Zay Flowers,Bal,WR|W/R/T
7,5.1,Herbert’s Sherbert Sandwich,Starter,Antonio Gibson,NE,RB|W/R/T
7,6.1,Herbert’s Sherbert Sandwich,Starter,Jaleel McLaughlin,Den,RB|W/R/T
7,6.7,Herbert’s Sherbert Sandwich,Starter,Jonnu Smith,Pit,TE|W/R/T
7,0.0,Herbert’s Sherbert Sandwich,Starter,Roschon Johnson,Chi,RB|W/R/T
7,12.9,Herbert’s Sherbert Sandwich,Non-Starter,Jerry Jeudy,Cle,WR|W/R/T
7,0.0,Herbert’s Sherbert Sandwich,Non-Starter,Joe Mixon,Hou,RB|W/R/T
7,6.7,Herbert’s Sherbert Sandwich,Non-Starter,Christian Watson,GB,WR|W/R/T
7,5.0,Herbert’s Sherbert Sandwich,Starter,Buffalo Bills,Buf,DEF
8,30.02,Herbert’s Sherbert Sandwich,Starter,Justin Herbert,LAC,QB
8,36.5,Herbert’s Sherbert Sandwich,Starter,A.J. Brown,Phi,WR|W/R/T
8,7.4,Herbert’s Sherbert Sandwich,Starter,Zay Flowers,Bal,WR|W/R/T
8,10.2,Herbert’s Sherbert Sandwich,Starter,Antonio Gibson,NE,RB|W/R/T
8,6.9,Herbert’s Sherbert Sandwich,Starter,Jaleel McLaughlin,Den,RB|W/R/T
8,2.3,Herbert’s Sherbert Sandwich,Starter,Jonnu Smith,Pit,TE|W/R/T
8,14.0,Herbert’s Sherbert Sandwich,Starter,Jerry Jeudy,Cle,WR|W/R/T
8,7.1,Herbert’s Sherbert Sandwich,Non-Starter,Roschon Johnson,Chi,RB|W/R/T
8,23.0,Herbert’s Sherbert Sandwich,Non-Starter,Joe Mixon,Hou,RB|W/R/T
8,7.3,Herbert’s Sherbert Sandwich,Non-Starter,Christian Watson,GB,WR|W/R/T
8,9.0,Herbert’s Sherbert Sandwich,Starter,Buffalo Bills,Buf,DEF
9,7.64,Herbert’s Sherbert Sandwich,Starter,Justin Herbert,LAC,QB
9,21.1,Herbert’s Sherbert Sandwich,Starter,A.J. Brown,Phi,WR|W/R/T
9,2.6,Herbert’s Sherbert Sandwich,Starter,Zay Flowers,Bal,WR|W/R/T
9,15.6,Herbert’s Sherbert Sandwich,Starter,Antonio Gibson,NE,RB|W/R/T
9,20.3,Herbert’s Sherbert Sandwich,Starter,Joe Mixon,Hou,RB|W/R/T
9,22.5,Herbert’s Sherbert Sandwich,Starter,Jonnu Smith,Pit,TE|W/R/T
9,5.2,Herbert’s Sherbert Sandwich,Starter,Christian Watson,GB,WR|W/R/T
9,0.0,Herbert’s Sherbert Sandwich,Non-Starter,Jerry Jeudy,Cle,WR|W/R/T
9,0.0,Herbert’s Sherbert Sandwich,Non-Starter,Jaleel McLaughlin,Den,RB|W/R/T
9,2.5,Herbert’s Sherbert Sandwich,Non-Starter,Roschon Johnson,Chi,RB|W/R/T
9,3.5,Herbert’s Sherbert Sandwich,Starter,Buffalo Bills,Buf,DEF
10,35.42,Herbert’s Sherbert Sandwich,Starter,Justin Herbert,LAC,QB
10,14.8,Herbert’s Sherbert Sandwich,Starter,Zay Flowers,Bal,WR|W/R/T
10,7.5,Herbert’s Sherbert Sandwich,Starter,Jerry Jeudy,Cle,WR|W/R/T
10,17.5,Herbert’s Sherbert Sandwich,Starter,Antonio Gibson,NE,RB|W/R/T
10,14.5,Herbert’s Sherbert Sandwich,Starter,Joe Mixon,Hou,RB|W/R/T
10,1.1,Herbert’s Sherbert Sandwich,Starter,Jonnu Smith,Pit,TE|W/R/T
10,4.8,Herbert’s Sherbert Sandwich,Starter,Christian Watson,GB,WR|W/R/T
10,0.0,Herbert’s Sherbert Sandwich,Non-Starter,A.J. Brown,Phi,WR|W/R/T
10,3.2,Herbert’s Sherbert Sandwich,Non-Starter,Jaleel McLaughlin,Den,RB|W/R/T
10,8.2,Herbert’s Sherbert Sandwich,Non-Starter,Roschon Johnson,Chi,RB|W/R/T
10,8.5,Herbert’s Sherbert Sandwich,Starter,Buffalo Bills,Buf,DEF
11,31.2,Herbert’s Sherbert Sandwich,Starter,Justin Herbert,LAC,QB
11,8.5,Herbert’s Sherbert Sandwich,Starter,Zay Flowers,Bal,WR|W/R/T
11,11.8,Herbert’s Sherbert Sandwich,Starter,Jerry Jeudy,Cle,WR|W/R/T
11,0.0,Herbert’s Sherbert Sandwich,Starter,Antonio Gibson,NE,RB|W/R/T
11,23.5,Herbert’s Sherbert Sandwich,Starter,Joe Mixon,Hou,RB|W/R/T
11,1.7,Herbert’s Sherbert Sandwich,Starter,Pat Freiermuth,Pit,TE|W/R/T
11,11.2,Herbert’s Sherbert Sandwich,Starter,Christian Watson,GB,WR|W/R/T
11,0.0,Herbert’s Sherbert Sandwich,Non-Starter,Jonnu Smith,Pit,TE|W/R/T
11,1.8,Herbert’s Sherbert Sandwich,Non-Starter,A.J. Brown,Phi,WR|W/R/T
11,7.0,Herbert’s Sherbert Sandwich,Non-Starter,Jaleel McLaughlin,Den,RB|W/R/T
11,24.5,Herbert’s Sherbert Sandwich,Starter,Buffalo Bills,Buf,DEF
12,13.88,Herbert’s Sherbert Sandwich,Starter,Justin Herbert,LAC,QB
12,24.7,Herbert’s Sherbert Sandwich,Starter,Zay Flowers,Bal,WR|W/R/T
12,3.1,Herbert’s Sherbert Sandwich,Starter,Jerry Jeudy,Cle,WR|W/R/T
12,8.5,Herbert’s Sherbert Sandwich,Starter,Joe Mixon,Hou,RB|W/R/T
12,0.4,Herbert’s Sherbert Sandwich,Starter,Jaleel McLaughlin,Den,RB|W/R/T
12,24.0,Herbert’s Sherbert Sandwich,Starter,Pat Freiermuth,Pit,TE|W/R/T
12,15.7,Herbert’s Sherbert Sandwich,Starter,A.J. Brown,Phi,WR|W/R/T
12,21.9,Herbert’s Sherbert Sandwich,Non-Starter,Christian Watson,GB,WR|W/R/T
12,7.7,Herbert’s Sherbert Sandwich,Non-Starter,Antonio Gibson,NE,RB|W/R/T
12,0.0,Herbert’s Sherbert Sandwich,Non-Starter,Jonnu Smith,Pit,TE|W/R/T
12,6.5,Herbert’s Sherbert Sandwich,Starter,Buffalo Bills,Buf,DEF
13,7.98,Herbert’s Sherbert Sandwich,Starter,Justin Herbert,LAC,QB
13,8.6,Herbert’s Sherbert Sandwich,Starter,Jerry Jeudy,Cle,WR|W/R/T
13,21.9,Herbert’s Sherbert Sandwich,Starter,A.J. Brown,Phi,WR|W/R/T
13,33.2,Herbert’s Sherbert Sandwich,Starter,Joe Mixon,Hou,RB|W/R/T
13,12.2,Herbert’s Sherbert Sandwich,Starter,Antonio Gibson,NE,RB|W/R/T
13,7.4,Herbert’s Sherbert Sandwich,Starter,Pat Freiermuth,Pit,TE|W/R/T
13,31.1,Herbert’s Sherbert Sandwich,Starter,Christian Watson,GB,WR|W/R/T
13,4.6,Herbert’s Sherbert Sandwich,Non-Starter,Jaleel McLaughlin,Den,RB|W/R/T
13,0.0,Herbert’s Sherbert Sandwich,Non-Starter,Zay Flowers,Bal,WR|W/R/T
13,11.0,Herbert’s Sherbert Sandwich,Starter,Los Angeles Rams,LAR,DEF
13,0.0,Herbert’s Sherbert Sandwich,Non-Starter,Buffalo Bills,Buf,DEF
14,-0.16,Herbert’s Sherbert Sandwich,Starter,Justin Herbert,LAC,QB
14,3.6,Herbert’s Sherbert Sandwich,Starter,Jerry Jeudy,Cle,WR|W/R/T
14,18.9,Herbert’s Sherbert Sandwich,Starter,A.J. Brown,Phi,WR|W/R/T
14,24.0,Herbert’s Sherbert Sandwich,Starter,Joe Mixon,Hou,RB|W/R/T
14,4.7,Herbert’s Sherbert Sandwich,Starter,Jaleel McLaughlin,Den,RB|W/R/T
14,7.3,Herbert’s Sherbert Sandwich,Starter,Pat Freiermuth,Pit,TE|W/R/T
14,22.5,Herbert’s Sherbert Sandwich,Starter,Zay Flowers,Bal,WR|W/R/T
14,0.0,Herbert’s Sherbert Sandwich,Non-Starter,Christian Watson,GB,WR|W/R/T
14,14.2,Herbert’s Sherbert Sandwich,Non-Starter,Jerick McKinnon,KC,RB|W/R/T
14,7.5,Herbert’s Sherbert Sandwich,Starter,Green Bay Packers,GB,DEF
14,7.5,Herbert’s Sherbert Sandwich,Non-Starter,Buffalo Bills,Buf,DEF
