1,10.26,Vick's Dog House,Starter,Donovan McNabb,Min,QB
1,6.6,Vick's Dog House,Starter,Donald Driver,GB,WR|W/R
1,3.6,Vick's Dog House,Starter,Darrell Jackson,Den,WR|W/R
1,8.7,Vick's Dog House,Starter,Willie Parker,Pit,RB|W/R
1,18.3,Vick's Dog House,Starter,Travis Henry,Den,RB|W/R
1,4.1,Vick's Dog House,Starter,Jeremy Shockey,Car,TE
1,21.9,Vick's Dog House,Starter,LaMont Jordan,Den,RB|W/R
1,1.4,Vick's Dog House,Non-Starter,Reggie Brown,Phi,WR|W/R
1,0.5,Vick's Dog House,Non-Starter,Reuben Droughns,NYG,RB|W/R
1,0.8,Vick's Dog House,Non-Starter,Muhsin Muhammad,Car,WR|W/R
1,9.1,Vick's Dog House,Non-Starter,Amani Toomer,NYG,WR|W/R
1,21.24,Vick's Dog House,Non-Starter,Jake Delhomme,Hou,QB
1,0.0,Vick's Dog House,Non-Starter,Dominic Rhodes,Ind,RB|W/R
1,3.0,Vick's Dog House,Starter,Neil Rackers,Hou,K
1,7.0,Vick's Dog House,Starter,Miami Dolphins,Mia,DEF
2,11.1,Vick's Dog House,Starter,Donovan McNabb,Min,QB
2,13.3,Vick's Dog House,Starter,Donald Driver,GB,WR|W/R
2,6.1,Vick's Dog House,Starter,Darrell Jackson,Den,WR|W/R
2,19.3,Vick's Dog House,Starter,Willie Parker,Pit,RB|W/R
2,13.6,Vick's Dog House,Starter,Travis Henry,Den,RB|W/R
2,6.0,Vick's Dog House,Starter,Jeremy Shockey,Car,TE
2,15.9,Vick's Dog House,Starter,LaMont Jordan,Den,RB|W/R
2,2.7,Vick's Dog House,Non-Starter,Reggie Brown,Phi,WR|W/R
2,0.7,Vick's Dog House,Non-Starter,Muhsin Muhammad,Car,WR|W/R
2,4.8,Vick's Dog House,Non-Starter,Amani Toomer,NYG,WR|W/R
2,23.94,Vick's Dog House,Non-Starter,Jake Delhomme,Hou,QB
2,11.1,Vick's Dog House,Non-Starter,Sammy Morris,Dal,RB|W/R
2,1.9,Vick's Dog House,Non-Starter,Donte' Stallworth,NE,WR|W/R
2,12.0,Vick's Dog House,Starter,Neil Rackers,Hou,K
2,-3.0,Vick's Dog House,Starter,Miami Dolphins,Mia,DEF
3,12.46,Vick's Dog House,Starter,Jake Delhomme,Hou,QB
3,18.6,Vick's Dog House,Starter,Donald Driver,GB,WR|W/R
3,6.9,Vick's Dog House,Starter,Darrell Jackson,Den,WR|W/R
3,14.2,Vick's Dog House,Starter,Willie Parker,Pit,RB|W/R
3,9.5,Vick's Dog House,Starter,Travis Henry,Den,RB|W/R
3,7.9,Vick's Dog House,Starter,Jeremy Shockey,Car,TE
3,21.3,Vick's Dog House,Starter,LaMont Jordan,Den,RB|W/R
3,29.94,Vick's Dog House,Non-Starter,Donovan McNabb,Min,QB
3,2.3,Vick's Dog House,Non-Starter,Reggie Brown,Phi,WR|W/R
3,2.1,Vick's Dog House,Non-Starter,Muhsin Muhammad,Car,WR|W/R
3,2.4,Vick's Dog House,Non-Starter,Amani Toomer,NYG,WR|W/R
3,10.6,Vick's Dog House,Non-Starter,Sammy Morris,Dal,RB|W/R
3,2.8,Vick's Dog House,Non-Starter,Donte' Stallworth,NE,WR|W/R
3,12.0,Vick's Dog House,Starter,Neil Rackers,Hou,K
3,0.0,Vick's Dog House,Starter,Miami Dolphins,Mia,DEF
4,3.92,Vick's Dog House,Starter,Donovan McNabb,Min,QB
4,5.7,Vick's Dog House,Starter,Donald Driver,GB,WR|W/R
4,3.8,Vick's Dog House,Starter,Darrell Jackson,Den,WR|W/R
4,6.6,Vick's Dog House,Starter,Willie Parker,Pit,RB|W/R
4,13.1,Vick's Dog House,Starter,Travis Henry,Den,RB|W/R
4,1.7,Vick's Dog House,Starter,Jeremy Shockey,Car,TE
4,8.1,Vick's Dog House,Starter,LaMont Jordan,Den,RB|W/R
4,0.0,Vick's Dog House,Non-Starter,Jake Delhomme,Hou,QB
4,1.7,Vick's Dog House,Non-Starter,Reggie Brown,Phi,WR|W/R
4,5.4,Vick's Dog House,Non-Starter,Amani Toomer,NYG,WR|W/R
4,19.2,Vick's Dog House,Non-Starter,Sammy Morris,Dal,RB|W/R
4,4.9,Vick's Dog House,Non-Starter,Donte' Stallworth,NE,WR|W/R
4,3.5,Vick's Dog House,Non-Starter,Vernand Morency,GB,RB|W/R
4,0.0,Vick's Dog House,Starter,Neil Rackers,Hou,K
4,19.0,Vick's Dog House,Starter,Seattle Seahawks,Sea,DEF
5,7.76,Vick's Dog House,Starter,Chad Pennington,Mia,QB
5,5.1,Vick's Dog House,Starter,Donald Driver,GB,WR|W/R
5,0.6,Vick's Dog House,Starter,Darrell Jackson,Den,WR|W/R
5,10.2,Vick's Dog House,Starter,Willie Parker,Pit,RB|W/R
5,6.5,Vick's Dog House,Starter,Travis Henry,Den,RB|W/R
5,9.3,Vick's Dog House,Starter,Jeremy Shockey,Car,TE
5,11.1,Vick's Dog House,Starter,Sammy Morris,Dal,RB|W/R
5,0.0,Vick's Dog House,Non-Starter,Donovan McNabb,Min,QB
5,0.0,Vick's Dog House,Non-Starter,LaMont Jordan,Den,RB|W/R
5,0.0,Vick's Dog House,Non-Starter,Reggie Brown,Phi,WR|W/R
5,0.0,Vick's Dog House,Non-Starter,Amani Toomer,NYG,WR|W/R
5,9.1,Vick's Dog House,Non-Starter,Vernand Morency,GB,RB|W/R
5,0.0,Vick's Dog House,Non-Starter,Dominic Rhodes,Ind,RB|W/R
5,8.0,Vick's Dog House,Starter,Neil Rackers,Hou,K
5,3.0,Vick's Dog House,Starter,Seattle Seahawks,Sea,DEF
6,13.42,Vick's Dog House,Starter,Donovan McNabb,Min,QB
6,3.8,Vick's Dog House,Starter,Donald Driver,GB,WR|W/R
6,8.9,Vick's Dog House,Starter,Reggie Brown,Phi,WR|W/R
6,13.8,Vick's Dog House,Starter,Jason Wright,Ari,RB|W/R
6,0.0,Vick's Dog House,Starter,Dominic Rhodes,Ind,RB|W/R
6,6.3,Vick's Dog House,Starter,Jeremy Shockey,Car,TE
6,1.4,Vick's Dog House,Starter,Sammy Morris,Dal,RB|W/R
6,8.8,Vick's Dog House,Non-Starter,LaMont Jordan,Den,RB|W/R
6,0.0,Vick's Dog House,Non-Starter,Darrell Jackson,Den,WR|W/R
6,0.0,Vick's Dog House,Non-Starter,Willie Parker,Pit,RB|W/R
6,0.0,Vick's Dog House,Non-Starter,Travis Henry,Den,RB|W/R
6,14.9,Vick's Dog House,Non-Starter,Amani Toomer,NYG,WR|W/R
6,3.4,Vick's Dog House,Non-Starter,Vernand Morency,GB,RB|W/R
6,5.0,Vick's Dog House,Starter,Neil Rackers,Hou,K
6,2.0,Vick's Dog House,Starter,Seattle Seahawks,Sea,DEF
7,14.84,Vick's Dog House,Starter,Donovan McNabb,Min,QB
7,9.6,Vick's Dog House,Starter,Amani Toomer,NYG,WR|W/R
7,6.6,Vick's Dog House,Starter,Darrell Jackson,Den,WR|W/R
7,12.7,Vick's Dog House,Starter,Willie Parker,Pit,RB|W/R
7,5.1,Vick's Dog House,Starter,Travis Henry,Den,RB|W/R
7,9.9,Vick's Dog House,Starter,Jeremy Shockey,Car,TE
7,6.9,Vick's Dog House,Starter,LaMont Jordan,Den,RB|W/R
7,5.6,Vick's Dog House,Non-Starter,Reggie Brown,Phi,WR|W/R
7,0.0,Vick's Dog House,Non-Starter,Donald Driver,GB,WR|W/R
7,0.0,Vick's Dog House,Non-Starter,Jason Wright,Ari,RB|W/R
7,3.1,Vick's Dog House,Non-Starter,Dominic Rhodes,Ind,RB|W/R
7,0.0,Vick's Dog House,Non-Starter,Sammy Morris,Dal,RB|W/R
7,0.0,Vick's Dog House,Non-Starter,Vernand Morency,GB,RB|W/R
7,0.0,Vick's Dog House,Starter,Neil Rackers,Hou,K
7,24.0,Vick's Dog House,Starter,Seattle Seahawks,Sea,DEF
8,18.62,Vick's Dog House,Starter,Donovan McNabb,Min,QB
8,1.3,Vick's Dog House,Starter,Amani Toomer,NYG,WR|W/R
8,2.8,Vick's Dog House,Starter,Donald Driver,GB,WR|W/R
8,19.4,Vick's Dog House,Starter,Willie Parker,Pit,RB|W/R
8,0.0,Vick's Dog House,Starter,Travis Henry,Den,RB|W/R
8,3.2,Vick's Dog House,Starter,Jeremy Shockey,Car,TE
8,1.6,Vick's Dog House,Starter,LaMont Jordan,Den,RB|W/R
8,0.0,Vick's Dog House,Non-Starter,Darrell Jackson,Den,WR|W/R
8,10.5,Vick's Dog House,Non-Starter,Reggie Brown,Phi,WR|W/R
8,2.6,Vick's Dog House,Non-Starter,Jason Wright,Ari,RB|W/R
8,0.0,Vick's Dog House,Non-Starter,Dominic Rhodes,Ind,RB|W/R
8,0.0,Vick's Dog House,Non-Starter,Sammy Morris,Dal,RB|W/R
8,11.0,Vick's Dog House,Starter,Jason Hanson,Det,K
8,11.0,Vick's Dog House,Starter,New York Giants,NYG,DEF
8,0.0,Vick's Dog House,Non-Starter,Seattle Seahawks,Sea,DEF
9,8.66,Vick's Dog House,Starter,Donovan McNabb,Min,QB
9,9.9,Vick's Dog House,Starter,Donald Driver,GB,WR|W/R
9,5.5,Vick's Dog House,Starter,Reggie Brown,Phi,WR|W/R
9,5.9,Vick's Dog House,Starter,Willie Parker,Pit,RB|W/R
9,4.4,Vick's Dog House,Starter,Travis Henry,Den,RB|W/R
9,7.8,Vick's Dog House,Starter,Donald Lee,Cin,TE
9,2.6,Vick's Dog House,Starter,LaMont Jordan,Den,RB|W/R
9,0.0,Vick's Dog House,Non-Starter,Jeremy Shockey,Car,TE
9,0.0,Vick's Dog House,Non-Starter,Amani Toomer,NYG,WR|W/R
9,2.1,Vick's Dog House,Non-Starter,Darrell Jackson,Den,WR|W/R
9,1.9,Vick's Dog House,Non-Starter,Jason Wright,Ari,RB|W/R
9,0.0,Vick's Dog House,Non-Starter,Sammy Morris,Dal,RB|W/R
9,12.0,Vick's Dog House,Starter,Jason Hanson,Det,K
9,1.0,Vick's Dog House,Starter,Seattle Seahawks,Sea,DEF
9,0.0,Vick's Dog House,Non-Starter,New York Giants,NYG,DEF
10,27.74,Vick's Dog House,Starter,Donovan McNabb,Min,QB
10,6.3,Vick's Dog House,Starter,Donald Driver,GB,WR|W/R
10,11.5,Vick's Dog House,Starter,Reggie Brown,Phi,WR|W/R
10,7.9,Vick's Dog House,Starter,Priest Holmes,KC,RB|W/R
10,11.3,Vick's Dog House,Starter,Willie Parker,Pit,RB|W/R
10,18.9,Vick's Dog House,Starter,Jeremy Shockey,Car,TE
10,3.7,Vick's Dog House,Starter,Amani Toomer,NYG,WR|W/R
10,1.3,Vick's Dog House,Non-Starter,Chris Henry,Sea,RB|W/R
10,0.0,Vick's Dog House,Non-Starter,Travis Henry,Den,RB|W/R
10,0.0,Vick's Dog House,Non-Starter,LaMont Jordan,Den,RB|W/R
10,0.0,Vick's Dog House,Non-Starter,Ron Dayne,Hou,RB|W/R
10,0.0,Vick's Dog House,Non-Starter,Andre Davis,Hou,WR|W/R
10,0.0,Vick's Dog House,Starter,Jason Hanson,Det,K
10,17.0,Vick's Dog House,Starter,Seattle Seahawks,Sea,DEF
10,2.0,Vick's Dog House,Non-Starter,New York Giants,NYG,DEF
11,0.16,Vick's Dog House,Starter,Donovan McNabb,Min,QB
11,8.8,Vick's Dog House,Starter,Donald Driver,GB,WR|W/R
11,1.8,Vick's Dog House,Starter,Reggie Brown,Phi,WR|W/R
11,5.6,Vick's Dog House,Starter,Priest Holmes,KC,RB|W/R
11,5.2,Vick's Dog House,Starter,Willie Parker,Pit,RB|W/R
11,4.1,Vick's Dog House,Starter,Jeremy Shockey,Car,TE
11,11.5,Vick's Dog House,Starter,Ron Dayne,Hou,RB|W/R
11,0.0,Vick's Dog House,Non-Starter,Travis Henry,Den,RB|W/R
11,3.9,Vick's Dog House,Non-Starter,Amani Toomer,NYG,WR|W/R
11,0.0,Vick's Dog House,Non-Starter,LaMont Jordan,Den,RB|W/R
11,0.0,Vick's Dog House,Non-Starter,T.J. Duckett,Sea,RB|W/R
11,16.24,Vick's Dog House,Non-Starter,Kurt Warner,Ari,QB
11,4.0,Vick's Dog House,Starter,Jason Hanson,Det,K
11,7.0,Vick's Dog House,Starter,Seattle Seahawks,Sea,DEF
11,17.0,Vick's Dog House,Non-Starter,New York Giants,NYG,DEF
12,21.36,Vick's Dog House,Starter,Kurt Warner,Ari,QB
12,14.7,Vick's Dog House,Starter,Donald Driver,GB,WR|W/R
12,8.3,Vick's Dog House,Starter,Amani Toomer,NYG,WR|W/R
12,8.9,Vick's Dog House,Starter,Willie Parker,Pit,RB|W/R
12,8.5,Vick's Dog House,Starter,Ron Dayne,Hou,RB|W/R
12,4.4,Vick's Dog House,Starter,Jeremy Shockey,Car,TE
12,27.2,Vick's Dog House,Starter,Kolby Smith,KC,RB|W/R
12,5.0,Vick's Dog House,Non-Starter,Brandon Stokley,Bal,WR|W/R
12,0.0,Vick's Dog House,Non-Starter,Donovan McNabb,Min,QB
12,0.0,Vick's Dog House,Non-Starter,Travis Henry,Den,RB|W/R
12,6.4,Vick's Dog House,Non-Starter,LaMont Jordan,Den,RB|W/R
12,22.7,Vick's Dog House,Non-Starter,Andre Hall,Den,RB|W/R
12,17.0,Vick's Dog House,Starter,Jason Hanson,Det,K
12,9.0,Vick's Dog House,Starter,Seattle Seahawks,Sea,DEF
12,4.0,Vick's Dog House,Non-Starter,New York Giants,NYG,DEF
13,12.76,Vick's Dog House,Starter,Kurt Warner,Ari,QB
13,6.6,Vick's Dog House,Starter,Donald Driver,GB,WR|W/R
13,12.9,Vick's Dog House,Starter,Amani Toomer,NYG,WR|W/R
13,6.1,Vick's Dog House,Starter,Willie Parker,Pit,RB|W/R
13,14.9,Vick's Dog House,Starter,Travis Henry,Den,RB|W/R
13,2.5,Vick's Dog House,Starter,Jeremy Shockey,Car,TE
13,8.4,Vick's Dog House,Starter,Kolby Smith,KC,RB|W/R
13,0.0,Vick's Dog House,Non-Starter,Andre Hall,Den,RB|W/R
13,17.1,Vick's Dog House,Non-Starter,Ron Dayne,Hou,RB|W/R
13,10.2,Vick's Dog House,Non-Starter,Brandon Stokley,Bal,WR|W/R
13,0.0,Vick's Dog House,Non-Starter,Donovan McNabb,Min,QB
13,0.3,Vick's Dog House,Non-Starter,LaMont Jordan,Den,RB|W/R
13,3.0,Vick's Dog House,Starter,Jason Hanson,Det,K
13,7.0,Vick's Dog House,Starter,New York Giants,NYG,DEF
13,9.0,Vick's Dog House,Non-Starter,Seattle Seahawks,Sea,DEF
1,23.52,The Mighty Mullet,Starter,Peyton Manning,Den,QB
1,8.0,The Mighty Mullet,Starter,Roy Williams,Chi,WR|W/R
1,1.9,The Mighty Mullet,Starter,Donte' Stallworth,NE,WR|W/R
1,4.5,The Mighty Mullet,Starter,Deuce McAllister,NO,RB|W/R
1,4.8,The Mighty Mullet,Starter,Thomas Jones,KC,RB|W/R
1,1.4,The Mighty Mullet,Starter,L.J. Smith,Bal,TE
1,2.6,The Mighty Mullet,Starter,Brandon Jacobs,NYG,RB|W/R
1,5.7,The Mighty Mullet,Non-Starter,Jerricho Cotchery,Car,WR|W/R
1,0.0,The Mighty Mullet,Non-Starter,Terry Glenn,Dal,WR|W/R
1,0.8,The Mighty Mullet,Non-Starter,Correll Buckhalter,Den,RB|W/R
1,19.3,The Mighty Mullet,Non-Starter,Ronald Curry,LV,WR|W/R
1,8.34,The Mighty Mullet,Non-Starter,Jeff Garcia,Hou,QB
1,7.0,The Mighty Mullet,Starter,David Akers,Det,K
1,20.0,The Mighty Mullet,Starter,Pittsburgh Steelers,Pit,DEF
1,4.0,The Mighty Mullet,Non-Starter,Buffalo,Buf,DEF
2,14.28,The Mighty Mullet,Starter,Peyton Manning,Den,QB
2,16.0,The Mighty Mullet,Starter,Roy Williams,Chi,WR|W/R
2,3.2,The Mighty Mullet,Starter,Ronald Curry,LV,WR|W/R
2,3.6,The Mighty Mullet,Starter,Deuce McAllister,NO,RB|W/R
2,8.7,The Mighty Mullet,Starter,Thomas Jones,KC,RB|W/R
2,1.2,The Mighty Mullet,Starter,L.J. Smith,Bal,TE
2,5.4,The Mighty Mullet,Starter,Derrick Mason,NYJ,WR|W/R
2,16.5,The Mighty Mullet,Non-Starter,Jerricho Cotchery,Car,WR|W/R
2,0.0,The Mighty Mullet,Non-Starter,Brandon Jacobs,NYG,RB|W/R
2,0.3,The Mighty Mullet,Non-Starter,Correll Buckhalter,Den,RB|W/R
2,18.32,The Mighty Mullet,Non-Starter,Jeff Garcia,Hou,QB
2,1.8,The Mighty Mullet,Non-Starter,Eric Johnson,NO,TE
2,12.0,The Mighty Mullet,Starter,David Akers,Det,K
2,11.0,The Mighty Mullet,Starter,Pittsburgh Steelers,Pit,DEF
2,3.0,The Mighty Mullet,Non-Starter,Buffalo,Buf,DEF
3,14.92,The Mighty Mullet,Starter,Peyton Manning,Den,QB
3,26.4,The Mighty Mullet,Starter,Roy Williams,Chi,WR|W/R
3,12.2,The Mighty Mullet,Starter,Ronald Curry,LV,WR|W/R
3,11.1,The Mighty Mullet,Starter,Thomas Jones,KC,RB|W/R
3,11.6,The Mighty Mullet,Starter,Jeff King,Ari,TE
3,13.9,The Mighty Mullet,Starter,Derrick Mason,NYJ,WR|W/R
3,0.6,The Mighty Mullet,Non-Starter,Deuce McAllister,NO,RB|W/R
3,10.3,The Mighty Mullet,Non-Starter,Correll Buckhalter,Den,RB|W/R
3,5.4,The Mighty Mullet,Non-Starter,Jerricho Cotchery,Car,WR|W/R
3,0.0,The Mighty Mullet,Non-Starter,Brandon Jacobs,NYG,RB|W/R
3,6.34,The Mighty Mullet,Non-Starter,Jeff Garcia,Hou,QB
3,19.5,The Mighty Mullet,Non-Starter,Earnest Graham,TB,RB|W/R
3,12.1,The Mighty Mullet,Non-Starter,Kenny Watson,Cin,RB|W/R
3,0.0,The Mighty Mullet,Starter,David Akers,Det,K
3,11.0,The Mighty Mullet,Starter,Pittsburgh Steelers,Pit,DEF
4,25.42,The Mighty Mullet,Starter,Peyton Manning,Den,QB
4,5.3,The Mighty Mullet,Starter,Roy Williams,Chi,WR|W/R
4,10.5,The Mighty Mullet,Starter,Jerricho Cotchery,Car,WR|W/R
4,5.5,The Mighty Mullet,Starter,Thomas Jones,KC,RB|W/R
4,13.8,The Mighty Mullet,Starter,Correll Buckhalter,Den,RB|W/R
4,1.4,The Mighty Mullet,Starter,Jeff King,Ari,TE
4,1.6,The Mighty Mullet,Starter,Ronald Curry,LV,WR|W/R
4,6.3,The Mighty Mullet,Non-Starter,Kenny Watson,Cin,RB|W/R
4,11.6,The Mighty Mullet,Non-Starter,Earnest Graham,TB,RB|W/R
4,7.8,The Mighty Mullet,Non-Starter,Derrick Mason,NYJ,WR|W/R
4,0.0,The Mighty Mullet,Non-Starter,Brandon Jacobs,NYG,RB|W/R
4,14.04,The Mighty Mullet,Non-Starter,Jeff Garcia,Hou,QB
4,22.4,The Mighty Mullet,Non-Starter,Dwayne Bowe,Cle,WR|W/R
4,5.0,The Mighty Mullet,Starter,David Akers,Det,K
4,6.0,The Mighty Mullet,Starter,Pittsburgh Steelers,Pit,DEF
5,15.92,The Mighty Mullet,Starter,Peyton Manning,Den,QB
5,3.6,The Mighty Mullet,Starter,Roy Williams,Chi,WR|W/R
5,7.0,The Mighty Mullet,Starter,Dwayne Bowe,Cle,WR|W/R
5,5.0,The Mighty Mullet,Starter,Thomas Jones,KC,RB|W/R
5,2.9,The Mighty Mullet,Starter,Earnest Graham,TB,RB|W/R
5,3.3,The Mighty Mullet,Starter,Jeff King,Ari,TE
5,3.1,The Mighty Mullet,Starter,Jerricho Cotchery,Car,WR|W/R
5,0.0,The Mighty Mullet,Non-Starter,Correll Buckhalter,Den,RB|W/R
5,0.0,The Mighty Mullet,Non-Starter,Ronald Curry,LV,WR|W/R
5,0.0,The Mighty Mullet,Non-Starter,Kenny Watson,Cin,RB|W/R
5,8.5,The Mighty Mullet,Non-Starter,Derrick Mason,NYJ,WR|W/R
5,14.0,The Mighty Mullet,Non-Starter,Brandon Jacobs,NYG,RB|W/R
5,14.42,The Mighty Mullet,Non-Starter,Jeff Garcia,Hou,QB
5,6.0,The Mighty Mullet,Starter,Mason Crosby,NYG,K
5,15.0,The Mighty Mullet,Starter,Pittsburgh Steelers,Pit,DEF
6,15.06,The Mighty Mullet,Starter,Jeff Garcia,Hou,QB
6,4.6,The Mighty Mullet,Starter,Dwayne Bowe,Cle,WR|W/R
6,8.5,The Mighty Mullet,Starter,Jerricho Cotchery,Car,WR|W/R
6,8.8,The Mighty Mullet,Starter,Brandon Jacobs,NYG,RB|W/R
6,14.1,The Mighty Mullet,Starter,Thomas Jones,KC,RB|W/R
6,1.2,The Mighty Mullet,Starter,Jeff King,Ari,TE
6,4.6,The Mighty Mullet,Starter,Earnest Graham,TB,RB|W/R
6,7.9,The Mighty Mullet,Non-Starter,Derrick Mason,NYJ,WR|W/R
6,0.0,The Mighty Mullet,Non-Starter,Peyton Manning,Den,QB
6,0.0,The Mighty Mullet,Non-Starter,Roy Williams,Chi,WR|W/R
6,2.3,The Mighty Mullet,Non-Starter,Correll Buckhalter,Den,RB|W/R
6,7.3,The Mighty Mullet,Non-Starter,Ronald Curry,LV,WR|W/R
6,3.0,The Mighty Mullet,Starter,Mason Crosby,NYG,K
6,9.0,The Mighty Mullet,Starter,Philadelphia Eagles,Phi,DEF
6,0.0,The Mighty Mullet,Non-Starter,Pittsburgh Steelers,Pit,DEF
7,18.36,The Mighty Mullet,Starter,Peyton Manning,Den,QB
7,8.4,The Mighty Mullet,Starter,Dwayne Bowe,Cle,WR|W/R
7,2.3,The Mighty Mullet,Starter,Roy Williams,Chi,WR|W/R
7,18.3,The Mighty Mullet,Starter,Brandon Jacobs,NYG,RB|W/R
7,6.7,The Mighty Mullet,Starter,Thomas Jones,KC,RB|W/R
7,0.0,The Mighty Mullet,Starter,Chris Baker,Sea,TE
7,3.4,The Mighty Mullet,Starter,Kevin Faulk,NE,RB|W/R
7,17.64,The Mighty Mullet,Non-Starter,Jeff Garcia,Hou,QB
7,13.8,The Mighty Mullet,Non-Starter,Derrick Mason,NYJ,WR|W/R
7,11.9,The Mighty Mullet,Non-Starter,Jerricho Cotchery,Car,WR|W/R
7,19.1,The Mighty Mullet,Non-Starter,Earnest Graham,TB,RB|W/R
7,2.4,The Mighty Mullet,Non-Starter,Correll Buckhalter,Den,RB|W/R
7,10.5,The Mighty Mullet,Non-Starter,Ronald Curry,LV,WR|W/R
7,0.0,The Mighty Mullet,Starter,Stephen Gostkowski,Ten,K
7,6.0,The Mighty Mullet,Starter,Pittsburgh Steelers,Pit,DEF
8,18.2,The Mighty Mullet,Starter,Peyton Manning,Den,QB
8,7.7,The Mighty Mullet,Starter,Roy Williams,Chi,WR|W/R
8,4.7,The Mighty Mullet,Starter,Jerricho Cotchery,Car,WR|W/R
8,13.7,The Mighty Mullet,Starter,Brandon Jacobs,NYG,RB|W/R
8,10.4,The Mighty Mullet,Starter,Thomas Jones,KC,RB|W/R
8,11.9,The Mighty Mullet,Starter,Greg Olsen,Sea,TE
8,7.4,The Mighty Mullet,Starter,Earnest Graham,TB,RB|W/R
8,8.9,The Mighty Mullet,Non-Starter,Kevin Faulk,NE,RB|W/R
8,0.0,The Mighty Mullet,Non-Starter,Dwayne Bowe,Cle,WR|W/R
8,13.18,The Mighty Mullet,Non-Starter,Jeff Garcia,Hou,QB
8,0.0,The Mighty Mullet,Non-Starter,Derrick Mason,NYJ,WR|W/R
8,3.1,The Mighty Mullet,Non-Starter,Correll Buckhalter,Den,RB|W/R
8,4.5,The Mighty Mullet,Non-Starter,Ronald Curry,LV,WR|W/R
8,3.0,The Mighty Mullet,Starter,Stephen Gostkowski,Ten,K
8,6.0,The Mighty Mullet,Starter,Pittsburgh Steelers,Pit,DEF
9,15.1,The Mighty Mullet,Starter,Peyton Manning,Den,QB
9,3.6,The Mighty Mullet,Starter,Roy Williams,Chi,WR|W/R
9,8.1,The Mighty Mullet,Starter,Jerricho Cotchery,Car,WR|W/R
9,6.5,The Mighty Mullet,Starter,Thomas Jones,KC,RB|W/R
9,19.7,The Mighty Mullet,Starter,Earnest Graham,TB,RB|W/R
9,0.0,The Mighty Mullet,Starter,Jerramy Stevens,TB,TE
9,0.0,The Mighty Mullet,Starter,Dwayne Bowe,Cle,WR|W/R
9,0.0,The Mighty Mullet,Non-Starter,Brandon Jacobs,NYG,RB|W/R
9,0.0,The Mighty Mullet,Non-Starter,Greg Olsen,Sea,TE
9,10.9,The Mighty Mullet,Non-Starter,Kevin Faulk,NE,RB|W/R
9,14.44,The Mighty Mullet,Non-Starter,Jeff Garcia,Hou,QB
9,3.5,The Mighty Mullet,Non-Starter,Derrick Mason,NYJ,WR|W/R
9,1.2,The Mighty Mullet,Non-Starter,Ronald Curry,LV,WR|W/R
9,3.0,The Mighty Mullet,Starter,Stephen Gostkowski,Ten,K
9,18.0,The Mighty Mullet,Starter,Pittsburgh Steelers,Pit,DEF
10,11.12,The Mighty Mullet,Starter,Peyton Manning,Den,QB
10,16.5,The Mighty Mullet,Starter,Roy Williams,Chi,WR|W/R
10,2.9,The Mighty Mullet,Starter,Derrick Mason,NYJ,WR|W/R
10,10.5,The Mighty Mullet,Starter,Brandon Jacobs,NYG,RB|W/R
10,14.3,The Mighty Mullet,Starter,Maurice Morris,Det,RB|W/R
10,0.0,The Mighty Mullet,Starter,Greg Olsen,Sea,TE
10,10.5,The Mighty Mullet,Starter,Dwayne Bowe,Cle,WR|W/R
10,0.0,The Mighty Mullet,Non-Starter,Jerricho Cotchery,Car,WR|W/R
10,0.0,The Mighty Mullet,Non-Starter,Thomas Jones,KC,RB|W/R
10,0.0,The Mighty Mullet,Non-Starter,Earnest Graham,TB,RB|W/R
10,0.0,The Mighty Mullet,Non-Starter,Kevin Faulk,NE,RB|W/R
10,0.0,The Mighty Mullet,Non-Starter,Jeff Garcia,Hou,QB
10,2.0,The Mighty Mullet,Non-Starter,Ronald Curry,LV,WR|W/R
10,3.0,The Mighty Mullet,Starter,Robbie Gould,SF,K
10,1.0,The Mighty Mullet,Starter,Pittsburgh Steelers,Pit,DEF
11,4.22,The Mighty Mullet,Starter,Peyton Manning,Den,QB
11,10.6,The Mighty Mullet,Starter,Roy Williams,Chi,WR|W/R
11,12.4,The Mighty Mullet,Starter,Dwayne Bowe,Cle,WR|W/R
11,14.3,The Mighty Mullet,Starter,Brandon Jacobs,NYG,RB|W/R
11,12.4,The Mighty Mullet,Starter,Thomas Jones,KC,RB|W/R
11,4.3,The Mighty Mullet,Starter,Greg Olsen,Sea,TE
11,16.8,The Mighty Mullet,Starter,Earnest Graham,TB,RB|W/R
11,8.3,The Mighty Mullet,Non-Starter,Derrick Mason,NYJ,WR|W/R
11,16.6,The Mighty Mullet,Non-Starter,Maurice Morris,Det,RB|W/R
11,0.5,The Mighty Mullet,Non-Starter,Jerricho Cotchery,Car,WR|W/R
11,1.8,The Mighty Mullet,Non-Starter,Kevin Faulk,NE,RB|W/R
11,14.86,The Mighty Mullet,Non-Starter,Jeff Garcia,Hou,QB
11,12.0,The Mighty Mullet,Non-Starter,Ronald Curry,LV,WR|W/R
11,11.0,The Mighty Mullet,Starter,Robbie Gould,SF,K
11,6.0,The Mighty Mullet,Starter,Pittsburgh Steelers,Pit,DEF
12,20.88,The Mighty Mullet,Starter,Peyton Manning,Den,QB
12,3.2,The Mighty Mullet,Starter,Roy Williams,Chi,WR|W/R
12,6.3,The Mighty Mullet,Starter,Dwayne Bowe,Cle,WR|W/R
12,5.7,The Mighty Mullet,Starter,Thomas Jones,KC,RB|W/R
12,14.4,The Mighty Mullet,Starter,Earnest Graham,TB,RB|W/R
12,1.0,The Mighty Mullet,Starter,Greg Olsen,Sea,TE
12,8.4,The Mighty Mullet,Starter,Maurice Morris,Det,RB|W/R
12,0.0,The Mighty Mullet,Non-Starter,Brandon Jacobs,NYG,RB|W/R
12,9.9,The Mighty Mullet,Non-Starter,Derrick Mason,NYJ,WR|W/R
12,4.3,The Mighty Mullet,Non-Starter,Jerricho Cotchery,Car,WR|W/R
12,3.0,The Mighty Mullet,Non-Starter,Kevin Faulk,NE,RB|W/R
12,0.36,The Mighty Mullet,Non-Starter,Jeff Garcia,Hou,QB
12,3.9,The Mighty Mullet,Non-Starter,Ronald Curry,LV,WR|W/R
12,10.0,The Mighty Mullet,Starter,Robbie Gould,SF,K
12,18.0,The Mighty Mullet,Starter,Pittsburgh Steelers,Pit,DEF
13,25.72,The Mighty Mullet,Starter,Peyton Manning,Den,QB
13,8.5,The Mighty Mullet,Starter,Roy Williams,Chi,WR|W/R
13,5.5,The Mighty Mullet,Starter,Dwayne Bowe,Cle,WR|W/R
13,16.0,The Mighty Mullet,Starter,Thomas Jones,KC,RB|W/R
13,20.3,The Mighty Mullet,Starter,Earnest Graham,TB,RB|W/R
13,0.7,The Mighty Mullet,Starter,Greg Olsen,Sea,TE
13,3.4,The Mighty Mullet,Starter,Ronald Curry,LV,WR|W/R
13,12.4,The Mighty Mullet,Non-Starter,Maurice Morris,Det,RB|W/R
13,0.0,The Mighty Mullet,Non-Starter,Brandon Jacobs,NYG,RB|W/R
13,12.7,The Mighty Mullet,Non-Starter,Derrick Mason,NYJ,WR|W/R
13,0.0,The Mighty Mullet,Non-Starter,Jerricho Cotchery,Car,WR|W/R
13,5.1,The Mighty Mullet,Non-Starter,Kevin Faulk,NE,RB|W/R
13,0.0,The Mighty Mullet,Non-Starter,Jeff Garcia,Hou,QB
13,11.0,The Mighty Mullet,Starter,Robbie Gould,SF,K
13,7.0,The Mighty Mullet,Starter,Pittsburgh Steelers,Pit,DEF
1,3.5,yourmotherscunt,Starter,Philip Rivers,Ind,QB
1,21.5,yourmotherscunt,Starter,Reggie Wayne,Ind,WR|W/R
1,9.2,yourmotherscunt,Starter,Chris Chambers,KC,WR|W/R
1,7.6,yourmotherscunt,Starter,Rudi Johnson,Det,RB|W/R
1,11.1,yourmotherscunt,Starter,Willis McGahee,Cle,RB|W/R
1,16.7,yourmotherscunt,Starter,Antonio Gates,LAC,TE
1,24.3,yourmotherscunt,Starter,Randy Moss,SF,WR|W/R
1,1.6,yourmotherscunt,Non-Starter,Fred Taylor,NE,RB|W/R
1,21.26,yourmotherscunt,Non-Starter,Jon Kitna,Dal,QB
1,4.1,yourmotherscunt,Non-Starter,Michael Turner,Atl,RB|W/R
1,5.2,yourmotherscunt,Non-Starter,Mike Furrey,Cle,WR|W/R
1,0.7,yourmotherscunt,Non-Starter,Ted Ginn,Chi,WR|W/R
1,0.7,yourmotherscunt,Non-Starter,Selvin Young,Den,RB|W/R
1,3.0,yourmotherscunt,Starter,Olindo Mare,Chi,K
1,29.0,yourmotherscunt,Starter,Minnesota Vikings,Min,DEF
2,9.76,yourmotherscunt,Starter,Philip Rivers,Ind,QB
2,7.0,yourmotherscunt,Starter,Reggie Wayne,Ind,WR|W/R
2,22.5,yourmotherscunt,Starter,Randy Moss,SF,WR|W/R
2,19.1,yourmotherscunt,Starter,Rudi Johnson,Det,RB|W/R
2,16.3,yourmotherscunt,Starter,Willis McGahee,Cle,RB|W/R
2,13.7,yourmotherscunt,Starter,Antonio Gates,LAC,TE
2,10.4,yourmotherscunt,Starter,Chris Chambers,KC,WR|W/R
2,14.0,yourmotherscunt,Non-Starter,Jon Kitna,Dal,QB
2,6.7,yourmotherscunt,Non-Starter,Fred Taylor,NE,RB|W/R
2,1.7,yourmotherscunt,Non-Starter,Michael Turner,Atl,RB|W/R
2,6.0,yourmotherscunt,Non-Starter,Mike Furrey,Cle,WR|W/R
2,-0.3,yourmotherscunt,Non-Starter,Ted Ginn,Chi,WR|W/R
2,4.4,yourmotherscunt,Non-Starter,Selvin Young,Den,RB|W/R
2,6.0,yourmotherscunt,Starter,Josh Brown,NYG,K
2,21.0,yourmotherscunt,Starter,Minnesota Vikings,Min,DEF
3,19.94,yourmotherscunt,Starter,Jon Kitna,Dal,QB
3,8.4,yourmotherscunt,Starter,Reggie Wayne,Ind,WR|W/R
3,23.5,yourmotherscunt,Starter,Randy Moss,SF,WR|W/R
3,4.2,yourmotherscunt,Starter,Rudi Johnson,Det,RB|W/R
3,12.1,yourmotherscunt,Starter,Willis McGahee,Cle,RB|W/R
3,11.3,yourmotherscunt,Starter,Antonio Gates,LAC,TE
3,10.1,yourmotherscunt,Starter,Chris Chambers,KC,WR|W/R
3,22.14,yourmotherscunt,Non-Starter,Philip Rivers,Ind,QB
3,8.4,yourmotherscunt,Non-Starter,Fred Taylor,NE,RB|W/R
3,1.2,yourmotherscunt,Non-Starter,Michael Turner,Atl,RB|W/R
3,4.3,yourmotherscunt,Non-Starter,Mike Furrey,Cle,WR|W/R
3,1.5,yourmotherscunt,Non-Starter,Ted Ginn,Chi,WR|W/R
3,2.4,yourmotherscunt,Non-Starter,Selvin Young,Den,RB|W/R
3,3.0,yourmotherscunt,Starter,Josh Brown,NYG,K
3,7.0,yourmotherscunt,Starter,Minnesota Vikings,Min,DEF
4,15.78,yourmotherscunt,Starter,Jon Kitna,Dal,QB
4,9.8,yourmotherscunt,Starter,Reggie Wayne,Ind,WR|W/R
4,22.2,yourmotherscunt,Starter,Randy Moss,SF,WR|W/R
4,13.6,yourmotherscunt,Starter,Willis McGahee,Cle,RB|W/R
4,-2.2,yourmotherscunt,Starter,Michael Turner,Atl,RB|W/R
4,7.9,yourmotherscunt,Starter,Antonio Gates,LAC,TE
4,2.1,yourmotherscunt,Starter,Chris Chambers,KC,WR|W/R
4,0.0,yourmotherscunt,Non-Starter,Rudi Johnson,Det,RB|W/R
4,2.44,yourmotherscunt,Non-Starter,Philip Rivers,Ind,QB
4,0.0,yourmotherscunt,Non-Starter,Fred Taylor,NE,RB|W/R
4,9.1,yourmotherscunt,Non-Starter,Mike Furrey,Cle,WR|W/R
4,0.0,yourmotherscunt,Non-Starter,Ted Ginn,Chi,WR|W/R
4,10.0,yourmotherscunt,Non-Starter,Selvin Young,Den,RB|W/R
4,9.0,yourmotherscunt,Starter,Josh Brown,NYG,K
4,5.0,yourmotherscunt,Starter,Minnesota Vikings,Min,DEF
5,0.34,yourmotherscunt,Starter,Jon Kitna,Dal,QB
5,12.6,yourmotherscunt,Starter,Reggie Wayne,Ind,WR|W/R
5,4.6,yourmotherscunt,Starter,Randy Moss,SF,WR|W/R
5,13.6,yourmotherscunt,Starter,Willis McGahee,Cle,RB|W/R
5,6.0,yourmotherscunt,Starter,Fred Taylor,NE,RB|W/R
5,17.3,yourmotherscunt,Starter,Antonio Gates,LAC,TE
5,1.9,yourmotherscunt,Starter,Chris Chambers,KC,WR|W/R
5,20.7,yourmotherscunt,Non-Starter,Michael Turner,Atl,RB|W/R
5,0.0,yourmotherscunt,Non-Starter,Rudi Johnson,Det,RB|W/R
5,24.5,yourmotherscunt,Non-Starter,Philip Rivers,Ind,QB
5,1.4,yourmotherscunt,Non-Starter,Mike Furrey,Cle,WR|W/R
5,2.0,yourmotherscunt,Non-Starter,Selvin Young,Den,RB|W/R
5,0.0,yourmotherscunt,Starter,Josh Brown,NYG,K
5,14.0,yourmotherscunt,Starter,New York Giants,NYG,DEF
5,0.0,yourmotherscunt,Non-Starter,Minnesota Vikings,Min,DEF
6,4.34,yourmotherscunt,Starter,Philip Rivers,Ind,QB
6,11.9,yourmotherscunt,Starter,Randy Moss,SF,WR|W/R
6,7.3,yourmotherscunt,Starter,Chris Chambers,KC,WR|W/R
6,13.0,yourmotherscunt,Starter,Willis McGahee,Cle,RB|W/R
6,8.8,yourmotherscunt,Starter,Fred Taylor,NE,RB|W/R
6,5.8,yourmotherscunt,Starter,Antonio Gates,LAC,TE
6,0.8,yourmotherscunt,Starter,Rudi Johnson,Det,RB|W/R
6,0.8,yourmotherscunt,Non-Starter,Michael Turner,Atl,RB|W/R
6,0.0,yourmotherscunt,Non-Starter,Jon Kitna,Dal,QB
6,0.0,yourmotherscunt,Non-Starter,Reggie Wayne,Ind,WR|W/R
6,0.0,yourmotherscunt,Non-Starter,Mike Furrey,Cle,WR|W/R
6,0.0,yourmotherscunt,Non-Starter,Selvin Young,Den,RB|W/R
6,5.0,yourmotherscunt,Starter,Josh Brown,NYG,K
6,8.0,yourmotherscunt,Starter,Minnesota Vikings,Min,DEF
6,10.0,yourmotherscunt,Non-Starter,New York Giants,NYG,DEF
7,6.78,yourmotherscunt,Starter,Jon Kitna,Dal,QB
7,24.2,yourmotherscunt,Starter,Randy Moss,SF,WR|W/R
7,13.1,yourmotherscunt,Starter,Reggie Wayne,Ind,WR|W/R
7,17.5,yourmotherscunt,Starter,Willis McGahee,Cle,RB|W/R
7,5.3,yourmotherscunt,Starter,Fred Taylor,NE,RB|W/R
7,2.9,yourmotherscunt,Starter,Bo Scaife,Ten,TE
7,2.4,yourmotherscunt,Starter,Mike Furrey,Cle,WR|W/R
7,0.0,yourmotherscunt,Non-Starter,Rudi Johnson,Det,RB|W/R
7,0.0,yourmotherscunt,Non-Starter,Antonio Gates,LAC,TE
7,0.0,yourmotherscunt,Non-Starter,Philip Rivers,Ind,QB
7,0.0,yourmotherscunt,Non-Starter,Chris Chambers,KC,WR|W/R
7,0.0,yourmotherscunt,Non-Starter,Michael Turner,Atl,RB|W/R
7,1.7,yourmotherscunt,Non-Starter,Selvin Young,Den,RB|W/R
7,15.0,yourmotherscunt,Starter,Josh Brown,NYG,K
7,14.0,yourmotherscunt,Starter,Minnesota Vikings,Min,DEF
8,10.62,yourmotherscunt,Starter,Jon Kitna,Dal,QB
8,10.7,yourmotherscunt,Starter,Randy Moss,SF,WR|W/R
8,22.8,yourmotherscunt,Starter,Reggie Wayne,Ind,WR|W/R
8,6.8,yourmotherscunt,Starter,Fred Taylor,NE,RB|W/R
8,1.0,yourmotherscunt,Starter,Michael Turner,Atl,RB|W/R
8,21.2,yourmotherscunt,Starter,Antonio Gates,LAC,TE
8,4.4,yourmotherscunt,Starter,Mike Furrey,Cle,WR|W/R
8,9.5,yourmotherscunt,Non-Starter,Chris Chambers,KC,WR|W/R
8,0.0,yourmotherscunt,Non-Starter,Rudi Johnson,Det,RB|W/R
8,0.0,yourmotherscunt,Non-Starter,Willis McGahee,Cle,RB|W/R
8,17.7,yourmotherscunt,Non-Starter,Philip Rivers,Ind,QB
8,12.0,yourmotherscunt,Non-Starter,Selvin Young,Den,RB|W/R
8,6.0,yourmotherscunt,Starter,Mason Crosby,NYG,K
8,0.0,yourmotherscunt,Non-Starter,Josh Brown,NYG,K
8,2.0,yourmotherscunt,Starter,Minnesota Vikings,Min,DEF
9,18.58,yourmotherscunt,Starter,Jon Kitna,Dal,QB
9,20.5,yourmotherscunt,Starter,Randy Moss,SF,WR|W/R
9,6.2,yourmotherscunt,Starter,Reggie Wayne,Ind,WR|W/R
9,10.2,yourmotherscunt,Starter,Willis McGahee,Cle,RB|W/R
9,1.7,yourmotherscunt,Starter,Rudi Johnson,Det,RB|W/R
9,1.0,yourmotherscunt,Starter,Antonio Gates,LAC,TE
9,5.9,yourmotherscunt,Starter,Chris Chambers,KC,WR|W/R
9,2.7,yourmotherscunt,Non-Starter,Selvin Young,Den,RB|W/R
9,5.8,yourmotherscunt,Non-Starter,Fred Taylor,NE,RB|W/R
9,-0.3,yourmotherscunt,Non-Starter,Michael Turner,Atl,RB|W/R
9,9.2,yourmotherscunt,Non-Starter,Mike Furrey,Cle,WR|W/R
9,4.38,yourmotherscunt,Non-Starter,Philip Rivers,Ind,QB
9,9.0,yourmotherscunt,Starter,Josh Brown,NYG,K
9,8.0,yourmotherscunt,Starter,Houston Texans,Hou,DEF
9,9.0,yourmotherscunt,Non-Starter,Minnesota Vikings,Min,DEF
10,11.84,yourmotherscunt,Starter,Jon Kitna,Dal,QB
10,20.0,yourmotherscunt,Starter,Reggie Wayne,Ind,WR|W/R
10,6.4,yourmotherscunt,Starter,Mike Furrey,Cle,WR|W/R
10,11.0,yourmotherscunt,Starter,Willis McGahee,Cle,RB|W/R
10,10.5,yourmotherscunt,Starter,Fred Taylor,NE,RB|W/R
10,2.6,yourmotherscunt,Starter,Antonio Gates,LAC,TE
10,1.7,yourmotherscunt,Starter,Chris Chambers,KC,WR|W/R
10,0.0,yourmotherscunt,Non-Starter,Randy Moss,SF,WR|W/R
10,4.8,yourmotherscunt,Non-Starter,Rudi Johnson,Det,RB|W/R
10,18.9,yourmotherscunt,Non-Starter,Selvin Young,Den,RB|W/R
10,0.0,yourmotherscunt,Non-Starter,Michael Turner,Atl,RB|W/R
10,-1.84,yourmotherscunt,Non-Starter,Philip Rivers,Ind,QB
10,3.0,yourmotherscunt,Starter,Josh Brown,NYG,K
10,-1.0,yourmotherscunt,Starter,Minnesota Vikings,Min,DEF
10,0.0,yourmotherscunt,Non-Starter,Houston Texans,Hou,DEF
11,13.96,yourmotherscunt,Starter,Philip Rivers,Ind,QB
11,7.5,yourmotherscunt,Starter,Reggie Wayne,Ind,WR|W/R
11,36.8,yourmotherscunt,Starter,Randy Moss,SF,WR|W/R
11,6.3,yourmotherscunt,Starter,Selvin Young,Den,RB|W/R
11,18.6,yourmotherscunt,Starter,Willis McGahee,Cle,RB|W/R
11,11.4,yourmotherscunt,Starter,Antonio Gates,LAC,TE
11,8.5,yourmotherscunt,Starter,Fred Taylor,NE,RB|W/R
11,13.08,yourmotherscunt,Non-Starter,Jon Kitna,Dal,QB
11,4.1,yourmotherscunt,Non-Starter,Mike Furrey,Cle,WR|W/R
11,9.3,yourmotherscunt,Non-Starter,Chris Chambers,KC,WR|W/R
11,2.7,yourmotherscunt,Non-Starter,Rudi Johnson,Det,RB|W/R
11,0.0,yourmotherscunt,Non-Starter,Michael Turner,Atl,RB|W/R
11,11.0,yourmotherscunt,Starter,Josh Brown,NYG,K
11,11.0,yourmotherscunt,Starter,Minnesota Vikings,Min,DEF
11,11.0,yourmotherscunt,Non-Starter,Houston Texans,Hou,DEF
12,11.86,yourmotherscunt,Starter,Jon Kitna,Dal,QB
12,12.6,yourmotherscunt,Starter,Reggie Wayne,Ind,WR|W/R
12,4.3,yourmotherscunt,Starter,Randy Moss,SF,WR|W/R
12,0.0,yourmotherscunt,Starter,Selvin Young,Den,RB|W/R
12,12.1,yourmotherscunt,Starter,Willis McGahee,Cle,RB|W/R
12,22.5,yourmotherscunt,Starter,Antonio Gates,LAC,TE
12,17.8,yourmotherscunt,Starter,Fred Taylor,NE,RB|W/R
12,22.26,yourmotherscunt,Non-Starter,Philip Rivers,Ind,QB
12,0.0,yourmotherscunt,Non-Starter,Mike Furrey,Cle,WR|W/R
12,8.2,yourmotherscunt,Non-Starter,Chris Chambers,KC,WR|W/R
12,14.8,yourmotherscunt,Non-Starter,Rudi Johnson,Det,RB|W/R
12,0.2,yourmotherscunt,Non-Starter,Michael Turner,Atl,RB|W/R
12,3.0,yourmotherscunt,Starter,Josh Brown,NYG,K
12,30.0,yourmotherscunt,Starter,Minnesota Vikings,Min,DEF
12,3.0,yourmotherscunt,Non-Starter,Houston Texans,Hou,DEF
13,8.08,yourmotherscunt,Starter,Philip Rivers,Ind,QB
13,21.8,yourmotherscunt,Starter,Reggie Wayne,Ind,WR|W/R
13,9.4,yourmotherscunt,Starter,Randy Moss,SF,WR|W/R
13,4.5,yourmotherscunt,Starter,Selvin Young,Den,RB|W/R
13,21.9,yourmotherscunt,Starter,Willis McGahee,Cle,RB|W/R
13,-0.1,yourmotherscunt,Starter,Antonio Gates,LAC,TE
13,10.4,yourmotherscunt,Starter,Fred Taylor,NE,RB|W/R
13,12.4,yourmotherscunt,Non-Starter,Jon Kitna,Dal,QB
13,5.7,yourmotherscunt,Non-Starter,Mike Furrey,Cle,WR|W/R
13,5.0,yourmotherscunt,Non-Starter,Chris Chambers,KC,WR|W/R
13,9.4,yourmotherscunt,Non-Starter,Rudi Johnson,Det,RB|W/R
13,1.6,yourmotherscunt,Non-Starter,Michael Turner,Atl,RB|W/R
13,0.0,yourmotherscunt,Starter,Josh Brown,NYG,K
13,10.0,yourmotherscunt,Starter,Minnesota Vikings,Min,DEF
13,4.0,yourmotherscunt,Non-Starter,Houston Texans,Hou,DEF
1,12.48,Football Yankees,Starter,Marc Bulger,Bal,QB
1,0.5,Football Yankees,Starter,Lee Evans,Bal,WR|W/R
1,18.2,Football Yankees,Starter,Andre Johnson,Ten,WR|W/R
1,13.6,Football Yankees,Starter,Frank Gore,NYJ,RB|W/R
1,4.0,Football Yankees,Starter,Maurice Jones-Drew,LV,RB|W/R
1,6.2,Football Yankees,Starter,Dallas Clark,Bal,TE
1,0.0,Football Yankees,Starter,Deion Branch,Ind,WR|W/R
1,15.3,Football Yankees,Non-Starter,Tatum Bell,Den,RB|W/R
1,0.0,Football Yankees,Non-Starter,Mark Clayton,LAR,WR|W/R
1,7.58,Football Yankees,Non-Starter,Matt Leinart,LV,QB
1,2.8,Football Yankees,Non-Starter,Vincent Jackson,TB,WR|W/R
1,12.1,Football Yankees,Non-Starter,Wes Welker,LAR,WR|W/R
1,3.3,Football Yankees,Non-Starter,Ron Dayne,Hou,RB|W/R
1,3.0,Football Yankees,Starter,Josh Scobee,Pit,K
1,2.0,Football Yankees,Starter,Las Vegas Raiders,LV,DEF
2,16.72,Football Yankees,Starter,Marc Bulger,Bal,QB
2,1.7,Football Yankees,Starter,Lee Evans,Bal,WR|W/R
2,24.0,Football Yankees,Starter,Andre Johnson,Ten,WR|W/R
2,20.5,Football Yankees,Starter,Frank Gore,NYJ,RB|W/R
2,4.1,Football Yankees,Starter,Maurice Jones-Drew,LV,RB|W/R
2,12.9,Football Yankees,Starter,Dallas Clark,Bal,TE
2,3.9,Football Yankees,Starter,Tatum Bell,Den,RB|W/R
2,12.2,Football Yankees,Non-Starter,Deion Branch,Ind,WR|W/R
2,-0.1,Football Yankees,Non-Starter,Mark Clayton,LAR,WR|W/R
2,13.56,Football Yankees,Non-Starter,Matt Leinart,LV,QB
2,5.3,Football Yankees,Non-Starter,Vincent Jackson,TB,WR|W/R
2,9.7,Football Yankees,Non-Starter,Wes Welker,LAR,WR|W/R
2,5.4,Football Yankees,Non-Starter,Ron Dayne,Hou,RB|W/R
2,3.0,Football Yankees,Starter,Stephen Gostkowski,Ten,K
2,14.0,Football Yankees,Starter,Las Vegas Raiders,LV,DEF
3,-1.36,Football Yankees,Starter,Marc Bulger,Bal,QB
3,13.7,Football Yankees,Starter,Deion Branch,Ind,WR|W/R
3,6.9,Football Yankees,Starter,Wes Welker,LAR,WR|W/R
3,5.1,Football Yankees,Starter,Frank Gore,NYJ,RB|W/R
3,3.5,Football Yankees,Starter,Maurice Jones-Drew,LV,RB|W/R
3,11.8,Football Yankees,Starter,Dallas Clark,Bal,TE
3,4.5,Football Yankees,Starter,Tatum Bell,Den,RB|W/R
3,0.0,Football Yankees,Non-Starter,Andre Johnson,Ten,WR|W/R
3,0.7,Football Yankees,Non-Starter,Lee Evans,Bal,WR|W/R
3,3.4,Football Yankees,Non-Starter,Mark Clayton,LAR,WR|W/R
3,2.32,Football Yankees,Non-Starter,Matt Leinart,LV,QB
3,15.8,Football Yankees,Non-Starter,Vincent Jackson,TB,WR|W/R
3,0.0,Football Yankees,Non-Starter,Ron Dayne,Hou,RB|W/R
3,4.0,Football Yankees,Starter,Shaun Suisham,Pit,K
3,7.0,Football Yankees,Starter,Las Vegas Raiders,LV,DEF
4,14.24,Football Yankees,Starter,Brian Griese,TB,QB
4,13.0,Football Yankees,Starter,Deion Branch,Ind,WR|W/R
4,4.9,Football Yankees,Starter,Wes Welker,LAR,WR|W/R
4,10.1,Football Yankees,Starter,Frank Gore,NYJ,RB|W/R
4,7.4,Football Yankees,Starter,Ron Dayne,Hou,RB|W/R
4,19.6,Football Yankees,Starter,Dallas Clark,Bal,TE
4,5.2,Football Yankees,Starter,Vincent Jackson,TB,WR|W/R
4,0.0,Football Yankees,Non-Starter,Maurice Jones-Drew,LV,RB|W/R
4,0.0,Football Yankees,Non-Starter,Andre Johnson,Ten,WR|W/R
4,4.62,Football Yankees,Non-Starter,Matt Leinart,LV,QB
4,0.0,Football Yankees,Non-Starter,Reggie Bush,Buf,RB|W/R
4,0.0,Football Yankees,Non-Starter,Drew Brees,NO,QB
4,17.7,Football Yankees,Non-Starter,Andre Davis,Hou,WR|W/R
4,0.0,Football Yankees,Starter,Jeff Reed,Pit,K
4,7.0,Football Yankees,Starter,Las Vegas Raiders,LV,DEF
5,6.08,Football Yankees,Starter,Drew Brees,NO,QB
5,7.9,Football Yankees,Starter,Andre Davis,Hou,WR|W/R
5,1.4,Football Yankees,Starter,Deion Branch,Ind,WR|W/R
5,7.5,Football Yankees,Starter,Frank Gore,NYJ,RB|W/R
5,11.9,Football Yankees,Starter,Reggie Bush,Buf,RB|W/R
5,10.9,Football Yankees,Starter,Dallas Clark,Bal,TE
5,10.5,Football Yankees,Starter,Ron Dayne,Hou,RB|W/R
5,17.2,Football Yankees,Non-Starter,Maurice Jones-Drew,LV,RB|W/R
5,1.9,Football Yankees,Non-Starter,Wes Welker,LAR,WR|W/R
5,14.4,Football Yankees,Non-Starter,Vincent Jackson,TB,WR|W/R
5,0.0,Football Yankees,Non-Starter,Andre Johnson,Ten,WR|W/R
5,0.0,Football Yankees,Non-Starter,Justin Fargas,LV,RB|W/R
5,0.0,Football Yankees,Non-Starter,Marc Bulger,Bal,QB
5,0.0,Football Yankees,Starter,Jeff Reed,Pit,K
5,16.0,Football Yankees,Starter,Tennessee Titans,Ten,DEF
6,-1.16,Football Yankees,Starter,Kurt Warner,Ari,QB
6,1.0,Football Yankees,Starter,Andre Davis,Hou,WR|W/R
6,0.5,Football Yankees,Starter,Vincent Jackson,TB,WR|W/R
6,12.1,Football Yankees,Starter,Reggie Bush,Buf,RB|W/R
6,30.4,Football Yankees,Starter,Maurice Jones-Drew,LV,RB|W/R
6,4.8,Football Yankees,Starter,Desmond Clark,Chi,TE
6,0.0,Football Yankees,Starter,Ron Dayne,Hou,RB|W/R
6,24.4,Football Yankees,Non-Starter,Wes Welker,LAR,WR|W/R
6,17.84,Football Yankees,Non-Starter,Drew Brees,NO,QB
6,0.0,Football Yankees,Non-Starter,Deion Branch,Ind,WR|W/R
6,0.0,Football Yankees,Non-Starter,Frank Gore,NYJ,RB|W/R
6,0.0,Football Yankees,Non-Starter,Dallas Clark,Bal,TE
6,0.0,Football Yankees,Non-Starter,Andre Johnson,Ten,WR|W/R
6,9.0,Football Yankees,Starter,Kris Brown,Dal,K
6,6.0,Football Yankees,Starter,Tennessee Titans,Ten,DEF
7,15.56,Football Yankees,Starter,Drew Brees,NO,QB
7,25.8,Football Yankees,Starter,Wes Welker,LAR,WR|W/R
7,2.0,Football Yankees,Starter,Dennis Northcutt,Det,WR|W/R
7,15.3,Football Yankees,Starter,Reggie Bush,Buf,RB|W/R
7,12.9,Football Yankees,Starter,Maurice Jones-Drew,LV,RB|W/R
7,12.6,Football Yankees,Starter,Dallas Clark,Bal,TE
7,11.1,Football Yankees,Starter,Frank Gore,NYJ,RB|W/R
7,0.0,Football Yankees,Non-Starter,Andre Johnson,Ten,WR|W/R
7,0.0,Football Yankees,Non-Starter,Vincent Jackson,TB,WR|W/R
7,3.2,Football Yankees,Non-Starter,Desmond Clark,Chi,TE
7,0.0,Football Yankees,Non-Starter,Deion Branch,Ind,WR|W/R
7,-1.0,Football Yankees,Non-Starter,Marc Bulger,Bal,QB
7,15.7,Football Yankees,Non-Starter,Kevin Walter,Hou,WR|W/R
7,0.0,Football Yankees,Starter,Kris Brown,Dal,K
7,13.0,Football Yankees,Starter,Tennessee Titans,Ten,DEF
8,29.44,Football Yankees,Starter,Drew Brees,NO,QB
8,14.9,Football Yankees,Starter,Wes Welker,LAR,WR|W/R
8,7.7,Football Yankees,Starter,Kevin Walter,Hou,WR|W/R
8,11.3,Football Yankees,Starter,Reggie Bush,Buf,RB|W/R
8,6.2,Football Yankees,Starter,Maurice Jones-Drew,LV,RB|W/R
8,2.2,Football Yankees,Starter,Dallas Clark,Bal,TE
8,4.1,Football Yankees,Starter,Frank Gore,NYJ,RB|W/R
8,0.0,Football Yankees,Non-Starter,Deion Branch,Ind,WR|W/R
8,0.5,Football Yankees,Non-Starter,Dennis Northcutt,Det,WR|W/R
8,0.0,Football Yankees,Non-Starter,Andre Johnson,Ten,WR|W/R
8,0.0,Football Yankees,Non-Starter,Vincent Jackson,TB,WR|W/R
8,14.4,Football Yankees,Non-Starter,Marc Bulger,Bal,QB
8,0.0,Football Yankees,Non-Starter,Chris Henry,Cin,WR|W/R
8,4.0,Football Yankees,Starter,Kris Brown,Dal,K
8,13.0,Football Yankees,Starter,Tennessee Titans,Ten,DEF
9,28.5,Football Yankees,Starter,Drew Brees,NO,QB
9,9.8,Football Yankees,Starter,Wes Welker,LAR,WR|W/R
9,1.6,Football Yankees,Starter,Vincent Jackson,TB,WR|W/R
9,23.5,Football Yankees,Starter,Reggie Bush,Buf,RB|W/R
9,11.9,Football Yankees,Starter,Maurice Jones-Drew,LV,RB|W/R
9,1.5,Football Yankees,Starter,Dallas Clark,Bal,TE
9,3.3,Football Yankees,Starter,Kevin Walter,Hou,WR|W/R
9,0.0,Football Yankees,Non-Starter,Frank Gore,NYJ,RB|W/R
9,0.0,Football Yankees,Non-Starter,Deion Branch,Ind,WR|W/R
9,7.6,Football Yankees,Non-Starter,Dennis Northcutt,Det,WR|W/R
9,0.0,Football Yankees,Non-Starter,Andre Johnson,Ten,WR|W/R
9,0.0,Football Yankees,Non-Starter,Marc Bulger,Bal,QB
9,0.0,Football Yankees,Non-Starter,Chris Henry,Cin,WR|W/R
9,4.0,Football Yankees,Starter,Kris Brown,Dal,K
9,15.0,Football Yankees,Starter,Tennessee Titans,Ten,DEF
10,14.88,Football Yankees,Starter,Drew Brees,NO,QB
10,9.9,Football Yankees,Starter,Chris Henry,Cin,WR|W/R
10,5.6,Football Yankees,Starter,Nate Washington,Hou,WR|W/R
10,14.4,Football Yankees,Starter,Reggie Bush,Buf,RB|W/R
10,18.9,Football Yankees,Starter,Maurice Jones-Drew,LV,RB|W/R
10,0.0,Football Yankees,Starter,Dallas Clark,Bal,TE
10,7.9,Football Yankees,Starter,Frank Gore,NYJ,RB|W/R
10,1.2,Football Yankees,Non-Starter,Dennis Northcutt,Det,WR|W/R
10,0.0,Football Yankees,Non-Starter,Deion Branch,Ind,WR|W/R
10,0.0,Football Yankees,Non-Starter,Wes Welker,LAR,WR|W/R
10,0.0,Football Yankees,Non-Starter,Kevin Walter,Hou,WR|W/R
10,0.0,Football Yankees,Non-Starter,Andre Johnson,Ten,WR|W/R
10,19.98,Football Yankees,Non-Starter,Marc Bulger,Bal,QB
10,3.0,Football Yankees,Starter,Rian Lindell,TB,K
10,2.0,Football Yankees,Starter,Tennessee Titans,Ten,DEF
11,12.2,Football Yankees,Starter,Drew Brees,NO,QB
11,8.1,Football Yankees,Starter,Wes Welker,LAR,WR|W/R
11,18.0,Football Yankees,Starter,Andre Johnson,Ten,WR|W/R
11,8.4,Football Yankees,Starter,Reggie Bush,Buf,RB|W/R
11,9.7,Football Yankees,Starter,Maurice Jones-Drew,LV,RB|W/R
11,1.5,Football Yankees,Starter,Dallas Clark,Bal,TE
11,6.3,Football Yankees,Starter,Frank Gore,NYJ,RB|W/R
11,14.1,Football Yankees,Non-Starter,Chris Henry,Cin,WR|W/R
11,3.6,Football Yankees,Non-Starter,Dennis Northcutt,Det,WR|W/R
11,3.1,Football Yankees,Non-Starter,Deion Branch,Ind,WR|W/R
11,3.6,Football Yankees,Non-Starter,Kevin Walter,Hou,WR|W/R
11,10.1,Football Yankees,Non-Starter,Marc Bulger,Bal,QB
11,2.2,Football Yankees,Non-Starter,Leonard Pope,Pit,TE
11,0.0,Football Yankees,Starter,Morten Andersen,Atl,K
11,2.0,Football Yankees,Starter,Tennessee Titans,Ten,DEF
12,27.2,Football Yankees,Starter,Drew Brees,NO,QB
12,14.9,Football Yankees,Starter,Wes Welker,LAR,WR|W/R
12,3.7,Football Yankees,Starter,Andre Johnson,Ten,WR|W/R
12,6.2,Football Yankees,Starter,Reggie Bush,Buf,RB|W/R
12,8.6,Football Yankees,Starter,Maurice Jones-Drew,LV,RB|W/R
12,10.9,Football Yankees,Starter,Dallas Clark,Bal,TE
12,33.4,Football Yankees,Starter,Frank Gore,NYJ,RB|W/R
12,4.1,Football Yankees,Non-Starter,Chris Henry,Cin,WR|W/R
12,6.5,Football Yankees,Non-Starter,Dennis Northcutt,Det,WR|W/R
12,15.2,Football Yankees,Non-Starter,Deion Branch,Ind,WR|W/R
12,12.5,Football Yankees,Non-Starter,Kevin Walter,Hou,WR|W/R
12,-0.72,Football Yankees,Non-Starter,Marc Bulger,Bal,QB
12,0.0,Football Yankees,Starter,Shayne Graham,Atl,K
12,10.0,Football Yankees,Starter,Indianapolis Colts,Ind,DEF
12,-1.0,Football Yankees,Non-Starter,Tennessee Titans,Ten,DEF
13,15.56,Football Yankees,Starter,Drew Brees,NO,QB
13,1.8,Football Yankees,Starter,Wes Welker,LAR,WR|W/R
13,17.6,Football Yankees,Starter,Andre Johnson,Ten,WR|W/R
13,5.7,Football Yankees,Starter,Reggie Bush,Buf,RB|W/R
13,11.7,Football Yankees,Starter,Maurice Jones-Drew,LV,RB|W/R
13,18.0,Football Yankees,Starter,Dallas Clark,Bal,TE
13,11.1,Football Yankees,Starter,Frank Gore,NYJ,RB|W/R
13,3.1,Football Yankees,Non-Starter,Chris Henry,Cin,WR|W/R
13,10.1,Football Yankees,Non-Starter,Dennis Northcutt,Det,WR|W/R
13,4.0,Football Yankees,Non-Starter,Deion Branch,Ind,WR|W/R
13,1.1,Football Yankees,Non-Starter,Kevin Walter,Hou,WR|W/R
13,0.0,Football Yankees,Non-Starter,Marc Bulger,Bal,QB
13,3.0,Football Yankees,Starter,Shayne Graham,Atl,K
13,7.0,Football Yankees,Starter,Tennessee Titans,Ten,DEF
13,7.0,Football Yankees,Non-Starter,Indianapolis Colts,Ind,DEF
14,25.02,Football Yankees,Starter,Drew Brees,NO,QB
14,13.8,Football Yankees,Starter,Wes Welker,LAR,WR|W/R
14,14.2,Football Yankees,Starter,Andre Johnson,Ten,WR|W/R
14,4.5,Football Yankees,Starter,Maurice Jones-Drew,LV,RB|W/R
14,7.7,Football Yankees,Starter,Frank Gore,NYJ,RB|W/R
14,1.5,Football Yankees,Starter,Dallas Clark,Bal,TE
14,10.7,Football Yankees,Starter,Aaron Stecker,Atl,RB|W/R
14,11.2,Football Yankees,Non-Starter,Deion Branch,Ind,WR|W/R
14,0.0,Football Yankees,Non-Starter,Reggie Bush,Buf,RB|W/R
14,1.6,Football Yankees,Non-Starter,Chris Henry,Cin,WR|W/R
14,10.7,Football Yankees,Non-Starter,Kevin Walter,Hou,WR|W/R
14,0.0,Football Yankees,Non-Starter,Marc Bulger,Bal,QB
14,13.0,Football Yankees,Starter,Shayne Graham,Atl,K
14,19.0,Football Yankees,Starter,Indianapolis Colts,Ind,DEF
14,11.0,Football Yankees,Non-Starter,Tennessee Titans,Ten,DEF
15,20.4,Football Yankees,Starter,Drew Brees,NO,QB
15,2.8,Football Yankees,Starter,Wes Welker,LAR,WR|W/R
15,14.6,Football Yankees,Starter,Andre Johnson,Ten,WR|W/R
15,9.9,Football Yankees,Starter,Maurice Jones-Drew,LV,RB|W/R
15,14.7,Football Yankees,Starter,Frank Gore,NYJ,RB|W/R
15,0.9,Football Yankees,Starter,Dallas Clark,Bal,TE
15,24.1,Football Yankees,Starter,Aaron Stecker,Atl,RB|W/R
15,13.9,Football Yankees,Non-Starter,Deion Branch,Ind,WR|W/R
15,0.0,Football Yankees,Non-Starter,Reggie Bush,Buf,RB|W/R
15,11.2,Football Yankees,Non-Starter,Chris Henry,Cin,WR|W/R
15,8.66,Football Yankees,Non-Starter,Marc Bulger,Bal,QB
15,14.6,Football Yankees,Non-Starter,Anthony Gonzalez,Ind,WR|W/R
15,6.0,Football Yankees,Starter,Shayne Graham,Atl,K
15,1.0,Football Yankees,Starter,Indianapolis Colts,Ind,DEF
15,7.0,Football Yankees,Non-Starter,Tennessee Titans,Ten,DEF
16,10.26,Football Yankees,Starter,Drew Brees,NO,QB
16,4.9,Football Yankees,Starter,Wes Welker,LAR,WR|W/R
16,13.4,Football Yankees,Starter,Andre Johnson,Ten,WR|W/R
16,20.0,Football Yankees,Starter,Maurice Jones-Drew,LV,RB|W/R
16,19.2,Football Yankees,Starter,Frank Gore,NYJ,RB|W/R
16,19.5,Football Yankees,Starter,Dallas Clark,Bal,TE
16,20.4,Football Yankees,Starter,Aaron Stecker,Atl,RB|W/R
16,2.4,Football Yankees,Non-Starter,Deion Branch,Ind,WR|W/R
16,0.0,Football Yankees,Non-Starter,Reggie Bush,Buf,RB|W/R
16,0.0,Football Yankees,Non-Starter,Chris Henry,Cin,WR|W/R
16,16.32,Football Yankees,Non-Starter,Marc Bulger,Bal,QB
16,2.2,Football Yankees,Non-Starter,Anthony Gonzalez,Ind,WR|W/R
16,6.0,Football Yankees,Starter,Shayne Graham,Atl,K
16,19.0,Football Yankees,Starter,Tennessee Titans,Ten,DEF
16,7.0,Football Yankees,Non-Starter,Indianapolis Colts,Ind,DEF
1,26.68,Kellen in the Name,Starter,Eli Manning,NYG,QB
1,18.0,Kellen in the Name,Starter,Steve Smith,Bal,WR|W/R
1,15.7,Kellen in the Name,Starter,Chad Johnson,NE,WR|W/R
1,17.7,Kellen in the Name,Starter,Shaun Alexander,Was,RB|W/R
1,22.3,Kellen in the Name,Starter,Adrian Peterson,Sea,RB|W/R
1,8.3,Kellen in the Name,Starter,Kellen Winslow,NYJ,TE
1,7.5,Kellen in the Name,Starter,Brandon Jackson,Cle,RB|W/R
1,2.1,Kellen in the Name,Non-Starter,Chester Taylor,Ari,RB|W/R
1,0.0,Kellen in the Name,Non-Starter,Kevin Jones,Chi,RB|W/R
1,5.3,Kellen in the Name,Non-Starter,LenDale White,Ten,RB|W/R
1,0.0,Kellen in the Name,Non-Starter,Vernand Morency,GB,RB|W/R
1,3.9,Kellen in the Name,Non-Starter,Devery Henderson,NO,WR|W/R
1,1.2,Kellen in the Name,Non-Starter,Brian Leonard,NO,RB|W/R
1,6.0,Kellen in the Name,Starter,Matt Stover,Ind,K
1,9.0,Kellen in the Name,Starter,Carolina Panthers,Car,DEF
2,12.38,Kellen in the Name,Starter,Trent Green,LAR,QB
2,33.3,Kellen in the Name,Starter,Steve Smith,Bal,WR|W/R
2,32.9,Kellen in the Name,Starter,Chad Johnson,NE,WR|W/R
2,13.5,Kellen in the Name,Starter,Shaun Alexander,Was,RB|W/R
2,11.8,Kellen in the Name,Starter,Adrian Peterson,Sea,RB|W/R
2,16.0,Kellen in the Name,Starter,Kellen Winslow,NYJ,TE
2,5.9,Kellen in the Name,Starter,Brandon Jackson,Cle,RB|W/R
2,10.44,Kellen in the Name,Non-Starter,Eli Manning,NYG,QB
2,0.0,Kellen in the Name,Non-Starter,Chester Taylor,Ari,RB|W/R
2,0.0,Kellen in the Name,Non-Starter,Kevin Jones,Chi,RB|W/R
2,12.4,Kellen in the Name,Non-Starter,LenDale White,Ten,RB|W/R
2,0.0,Kellen in the Name,Non-Starter,Vernand Morency,GB,RB|W/R
2,0.0,Kellen in the Name,Non-Starter,Devery Henderson,NO,WR|W/R
2,7.0,Kellen in the Name,Starter,Matt Stover,Ind,K
2,1.0,Kellen in the Name,Starter,Carolina Panthers,Car,DEF
3,7.18,Kellen in the Name,Starter,Eli Manning,NYG,QB
3,1.6,Kellen in the Name,Starter,Steve Smith,Bal,WR|W/R
3,13.8,Kellen in the Name,Starter,Chad Johnson,NE,WR|W/R
3,10.8,Kellen in the Name,Starter,Shaun Alexander,Was,RB|W/R
3,19.0,Kellen in the Name,Starter,Adrian Peterson,Sea,RB|W/R
3,8.8,Kellen in the Name,Starter,Kellen Winslow,NYJ,TE
3,12.0,Kellen in the Name,Starter,LenDale White,Ten,RB|W/R
3,13.3,Kellen in the Name,Non-Starter,Brandon Marshall,Sea,WR|W/R
3,2.3,Kellen in the Name,Non-Starter,DeShawn Wynn,NO,RB|W/R
3,10.4,Kellen in the Name,Non-Starter,Brandon Jackson,Cle,RB|W/R
3,0.0,Kellen in the Name,Non-Starter,Chester Taylor,Ari,RB|W/R
3,8.1,Kellen in the Name,Non-Starter,Kevin Jones,Chi,RB|W/R
3,0.0,Kellen in the Name,Non-Starter,Maurice Morris,Det,RB|W/R
3,14.0,Kellen in the Name,Starter,Matt Stover,Ind,K
3,6.0,Kellen in the Name,Starter,Carolina Panthers,Car,DEF
4,6.9,Kellen in the Name,Starter,Eli Manning,NYG,QB
4,3.2,Kellen in the Name,Starter,Steve Smith,Bal,WR|W/R
4,5.3,Kellen in the Name,Starter,Chad Johnson,NE,WR|W/R
4,8.3,Kellen in the Name,Starter,Shaun Alexander,Was,RB|W/R
4,11.8,Kellen in the Name,Starter,Adrian Peterson,Sea,RB|W/R
4,9.6,Kellen in the Name,Starter,Kellen Winslow,NYJ,TE
4,5.9,Kellen in the Name,Starter,Brian Leonard,NO,RB|W/R
4,0.0,Kellen in the Name,Non-Starter,LenDale White,Ten,RB|W/R
4,8.3,Kellen in the Name,Non-Starter,Brandon Marshall,Sea,WR|W/R
4,3.0,Kellen in the Name,Non-Starter,DeShawn Wynn,NO,RB|W/R
4,0.0,Kellen in the Name,Non-Starter,Brandon Jackson,Cle,RB|W/R
4,5.1,Kellen in the Name,Non-Starter,Chester Taylor,Ari,RB|W/R
4,10.4,Kellen in the Name,Non-Starter,Kevin Jones,Chi,RB|W/R
4,6.0,Kellen in the Name,Starter,Matt Stover,Ind,K
4,3.0,Kellen in the Name,Starter,Carolina Panthers,Car,DEF
5,15.14,Kellen in the Name,Starter,Eli Manning,NYG,QB
5,10.7,Kellen in the Name,Starter,Steve Smith,Bal,WR|W/R
5,5.2,Kellen in the Name,Starter,Brandon Marshall,Sea,WR|W/R
5,3.2,Kellen in the Name,Starter,Shaun Alexander,Was,RB|W/R
5,13.5,Kellen in the Name,Starter,Brian Leonard,NO,RB|W/R
5,8.9,Kellen in the Name,Starter,Kellen Winslow,NYJ,TE
5,6.5,Kellen in the Name,Starter,Kevin Jones,Chi,RB|W/R
5,1.2,Kellen in the Name,Non-Starter,LenDale White,Ten,RB|W/R
5,0.0,Kellen in the Name,Non-Starter,Adrian Peterson,Sea,RB|W/R
5,0.0,Kellen in the Name,Non-Starter,Chad Johnson,NE,WR|W/R
5,0.0,Kellen in the Name,Non-Starter,Brandon Jackson,Cle,RB|W/R
5,0.0,Kellen in the Name,Non-Starter,Chester Taylor,Ari,RB|W/R
5,0.0,Kellen in the Name,Non-Starter,Jerry Porter,Jax,WR|W/R
5,10.0,Kellen in the Name,Starter,Matt Stover,Ind,K
5,10.0,Kellen in the Name,Starter,Carolina Panthers,Car,DEF
6,14.12,Kellen in the Name,Starter,Eli Manning,NYG,QB
6,21.1,Kellen in the Name,Starter,Steve Smith,Bal,WR|W/R
6,8.3,Kellen in the Name,Starter,Chad Johnson,NE,WR|W/R
6,3.5,Kellen in the Name,Starter,Shaun Alexander,Was,RB|W/R
6,13.3,Kellen in the Name,Starter,LenDale White,Ten,RB|W/R
6,9.0,Kellen in the Name,Starter,Kellen Winslow,NYJ,TE
6,41.3,Kellen in the Name,Starter,Adrian Peterson,Sea,RB|W/R
6,4.1,Kellen in the Name,Non-Starter,Brian Leonard,NO,RB|W/R
6,0.0,Kellen in the Name,Non-Starter,Brandon Marshall,Sea,WR|W/R
6,0.0,Kellen in the Name,Non-Starter,Kevin Jones,Chi,RB|W/R
6,0.0,Kellen in the Name,Non-Starter,Brandon Jackson,Cle,RB|W/R
6,8.3,Kellen in the Name,Non-Starter,Chester Taylor,Ari,RB|W/R
6,2.8,Kellen in the Name,Non-Starter,Jerry Porter,Jax,WR|W/R
6,17.0,Kellen in the Name,Starter,Matt Stover,Ind,K
6,16.0,Kellen in the Name,Starter,Carolina Panthers,Car,DEF
7,11.84,Kellen in the Name,Starter,Eli Manning,NYG,QB
7,7.7,Kellen in the Name,Starter,Brandon Marshall,Sea,WR|W/R
7,11.7,Kellen in the Name,Starter,Chad Johnson,NE,WR|W/R
7,6.5,Kellen in the Name,Starter,Shaun Alexander,Was,RB|W/R
7,18.6,Kellen in the Name,Starter,LenDale White,Ten,RB|W/R
7,2.2,Kellen in the Name,Starter,Vernon Davis,Was,TE
7,11.5,Kellen in the Name,Starter,Adrian Peterson,Sea,RB|W/R
7,17.0,Kellen in the Name,Non-Starter,Kevin Jones,Chi,RB|W/R
7,4.4,Kellen in the Name,Non-Starter,Brian Leonard,NO,RB|W/R
7,0.0,Kellen in the Name,Non-Starter,Kellen Winslow,NYJ,TE
7,0.0,Kellen in the Name,Non-Starter,Steve Smith,Bal,WR|W/R
7,6.6,Kellen in the Name,Non-Starter,Chester Taylor,Ari,RB|W/R
7,0.0,Kellen in the Name,Starter,Matt Stover,Ind,K
7,10.0,Kellen in the Name,Starter,Kansas City Chiefs,KC,DEF
7,0.0,Kellen in the Name,Non-Starter,Carolina Panthers,Car,DEF
8,8.86,Kellen in the Name,Starter,Eli Manning,NYG,QB
8,5.1,Kellen in the Name,Starter,Chad Johnson,NE,WR|W/R
8,1.8,Kellen in the Name,Starter,Steve Smith,Bal,WR|W/R
8,15.5,Kellen in the Name,Starter,Kevin Jones,Chi,RB|W/R
8,14.1,Kellen in the Name,Starter,LenDale White,Ten,RB|W/R
8,8.6,Kellen in the Name,Starter,Kellen Winslow,NYJ,TE
8,7.0,Kellen in the Name,Starter,Adrian Peterson,Sea,RB|W/R
8,10.0,Kellen in the Name,Non-Starter,Jesse Chatman,NYJ,RB|W/R
8,0.0,Kellen in the Name,Non-Starter,Shaun Alexander,Was,RB|W/R
8,7.4,Kellen in the Name,Non-Starter,Brandon Marshall,Sea,WR|W/R
8,6.4,Kellen in the Name,Non-Starter,Brian Leonard,NO,RB|W/R
8,3.7,Kellen in the Name,Non-Starter,Chester Taylor,Ari,RB|W/R
8,7.0,Kellen in the Name,Starter,Rian Lindell,TB,K
8,0.0,Kellen in the Name,Non-Starter,Matt Stover,Ind,K
8,6.0,Kellen in the Name,Starter,Las Vegas Raiders,LV,DEF
9,8.9,Kellen in the Name,Starter,Vince Young,Phi,QB
9,4.9,Kellen in the Name,Starter,Chad Johnson,NE,WR|W/R
9,1.5,Kellen in the Name,Starter,Steve Smith,Bal,WR|W/R
9,7.6,Kellen in the Name,Starter,Kevin Jones,Chi,RB|W/R
9,3.3,Kellen in the Name,Starter,Shaun Alexander,Was,RB|W/R
9,12.5,Kellen in the Name,Starter,Kellen Winslow,NYJ,TE
9,47.5,Kellen in the Name,Starter,Adrian Peterson,Sea,RB|W/R
9,14.1,Kellen in the Name,Non-Starter,LenDale White,Ten,RB|W/R
9,0.0,Kellen in the Name,Non-Starter,Eli Manning,NYG,QB
9,9.6,Kellen in the Name,Non-Starter,Brandon Marshall,Sea,WR|W/R
9,0.0,Kellen in the Name,Non-Starter,Brian Leonard,NO,RB|W/R
9,12.3,Kellen in the Name,Non-Starter,Chester Taylor,Ari,RB|W/R
9,14.1,Kellen in the Name,Non-Starter,David Patten,NO,WR|W/R
9,0.0,Kellen in the Name,Starter,Matt Stover,Ind,K
9,4.0,Kellen in the Name,Starter,Las Vegas Raiders,LV,DEF
10,9.74,Kellen in the Name,Starter,Eli Manning,NYG,QB
10,3.7,Kellen in the Name,Starter,David Patten,NO,WR|W/R
10,7.3,Kellen in the Name,Starter,Chad Johnson,NE,WR|W/R
10,9.4,Kellen in the Name,Starter,Kevin Jones,Chi,RB|W/R
10,1.7,Kellen in the Name,Starter,LenDale White,Ten,RB|W/R
10,10.6,Kellen in the Name,Starter,Kellen Winslow,NYJ,TE
10,5.9,Kellen in the Name,Starter,Adrian Peterson,Sea,RB|W/R
10,8.5,Kellen in the Name,Non-Starter,Brandon Marshall,Sea,WR|W/R
10,15.48,Kellen in the Name,Non-Starter,Vince Young,Phi,QB
10,4.1,Kellen in the Name,Non-Starter,Steve Smith,Bal,WR|W/R
10,0.0,Kellen in the Name,Non-Starter,Shaun Alexander,Was,RB|W/R
10,2.2,Kellen in the Name,Non-Starter,Brian Leonard,NO,RB|W/R
10,9.6,Kellen in the Name,Non-Starter,Chester Taylor,Ari,RB|W/R
10,0.0,Kellen in the Name,Starter,Matt Stover,Ind,K
10,7.0,Kellen in the Name,Starter,Kansas City Chiefs,KC,DEF
11,15.82,Kellen in the Name,Starter,Eli Manning,NYG,QB
11,6.6,Kellen in the Name,Starter,Chad Johnson,NE,WR|W/R
11,19.6,Kellen in the Name,Starter,D.J. Hackett,Car,WR|W/R
11,4.4,Kellen in the Name,Starter,LenDale White,Ten,RB|W/R
11,3.7,Kellen in the Name,Starter,Kevin Jones,Chi,RB|W/R
11,6.4,Kellen in the Name,Starter,Kellen Winslow,NYJ,TE
11,36.2,Kellen in the Name,Starter,Chester Taylor,Ari,RB|W/R
11,0.0,Kellen in the Name,Non-Starter,Shaun Alexander,Was,RB|W/R
11,13.2,Kellen in the Name,Non-Starter,Brandon Marshall,Sea,WR|W/R
11,0.0,Kellen in the Name,Non-Starter,Adrian Peterson,Sea,RB|W/R
11,25.6,Kellen in the Name,Non-Starter,Vince Young,Phi,QB
11,0.0,Kellen in the Name,Non-Starter,Steve Smith,Bal,WR|W/R
11,1.0,Kellen in the Name,Non-Starter,Brian Leonard,NO,RB|W/R
11,11.0,Kellen in the Name,Starter,Kris Brown,Dal,K
11,4.0,Kellen in the Name,Starter,Philadelphia Eagles,Phi,DEF
12,6.44,Kellen in the Name,Starter,Vince Young,Phi,QB
12,28.3,Kellen in the Name,Starter,Chad Johnson,NE,WR|W/R
12,4.1,Kellen in the Name,Starter,D.J. Hackett,Car,WR|W/R
12,2.6,Kellen in the Name,Starter,LenDale White,Ten,RB|W/R
12,14.9,Kellen in the Name,Starter,Chester Taylor,Ari,RB|W/R
12,16.7,Kellen in the Name,Starter,Kellen Winslow,NYJ,TE
12,6.9,Kellen in the Name,Starter,Steve Smith,Bal,WR|W/R
12,15.7,Kellen in the Name,Non-Starter,Brandon Marshall,Sea,WR|W/R
12,18.0,Kellen in the Name,Non-Starter,Kevin Jones,Chi,RB|W/R
12,6.92,Kellen in the Name,Non-Starter,Eli Manning,NYG,QB
12,0.0,Kellen in the Name,Non-Starter,Shaun Alexander,Was,RB|W/R
12,0.0,Kellen in the Name,Non-Starter,Adrian Peterson,Sea,RB|W/R
12,0.0,Kellen in the Name,Non-Starter,Javon Walker,LV,WR|W/R
12,4.0,Kellen in the Name,Starter,Kris Brown,Dal,K
12,5.0,Kellen in the Name,Starter,Kansas City Chiefs,KC,DEF
13,20.32,Kellen in the Name,Starter,Vince Young,Phi,QB
13,9.0,Kellen in the Name,Starter,Chad Johnson,NE,WR|W/R
13,6.7,Kellen in the Name,Starter,Brandon Marshall,Sea,WR|W/R
13,24.6,Kellen in the Name,Starter,Adrian Peterson,Sea,RB|W/R
13,22.3,Kellen in the Name,Starter,Derrick Ward,Hou,RB|W/R
13,5.5,Kellen in the Name,Starter,Kellen Winslow,NYJ,TE
13,1.7,Kellen in the Name,Starter,Kevin Jones,Chi,RB|W/R
13,12.7,Kellen in the Name,Non-Starter,LenDale White,Ten,RB|W/R
13,14.7,Kellen in the Name,Non-Starter,Chester Taylor,Ari,RB|W/R
13,8.5,Kellen in the Name,Non-Starter,Steve Smith,Bal,WR|W/R
13,6.0,Kellen in the Name,Non-Starter,Eli Manning,NYG,QB
13,12.5,Kellen in the Name,Non-Starter,Shaun Alexander,Was,RB|W/R
13,0.7,Kellen in the Name,Non-Starter,Javon Walker,LV,WR|W/R
13,6.0,Kellen in the Name,Starter,Phil Dawson,Ari,K
13,5.0,Kellen in the Name,Starter,Kansas City Chiefs,KC,DEF
1,13.58,KingDavid's WildRide,Starter,Matt Hasselbeck,Ind,QB
1,14.3,KingDavid's WildRide,Starter,Marvin Harrison,Ind,WR|W/R
1,11.1,KingDavid's WildRide,Starter,Hines Ward,Pit,WR|W/R
1,13.1,KingDavid's WildRide,Starter,Brian Westbrook,SF,RB|W/R
1,9.6,KingDavid's WildRide,Starter,Ahman Green,GB,RB|W/R
1,2.8,KingDavid's WildRide,Starter,Tony Gonzalez,Atl,TE
1,8.1,KingDavid's WildRide,Starter,Warrick Dunn,TB,RB|W/R
1,5.3,KingDavid's WildRide,Non-Starter,Kevin Curtis,Mia,WR|W/R
1,4.5,KingDavid's WildRide,Non-Starter,Leon Washington,Ten,RB|W/R
1,0.7,KingDavid's WildRide,Non-Starter,Anthony Thomas,Buf,RB|W/R
1,0.7,KingDavid's WildRide,Non-Starter,D.J. Hackett,Car,WR|W/R
1,14.86,KingDavid's WildRide,Non-Starter,David Garrard,NYJ,QB
1,7.0,KingDavid's WildRide,Starter,Jeff Wilkins,LAR,K
1,6.0,KingDavid's WildRide,Starter,New England Patriots,NE,DEF
1,6.0,KingDavid's WildRide,Non-Starter,San Francisco,SF,DEF
2,16.88,KingDavid's WildRide,Starter,David Garrard,NYJ,QB
2,8.7,KingDavid's WildRide,Starter,Marvin Harrison,Ind,WR|W/R
2,5.5,KingDavid's WildRide,Starter,Hines Ward,Pit,WR|W/R
2,16.2,KingDavid's WildRide,Starter,Brian Westbrook,SF,RB|W/R
2,13.1,KingDavid's WildRide,Starter,Ahman Green,GB,RB|W/R
2,4.3,KingDavid's WildRide,Starter,Tony Gonzalez,Atl,TE
2,2.8,KingDavid's WildRide,Starter,Kevin Curtis,Mia,WR|W/R
2,13.04,KingDavid's WildRide,Non-Starter,Matt Hasselbeck,Ind,QB
2,11.4,KingDavid's WildRide,Non-Starter,Warrick Dunn,TB,RB|W/R
2,0.0,KingDavid's WildRide,Non-Starter,Leon Washington,Ten,RB|W/R
2,0.0,KingDavid's WildRide,Non-Starter,Anthony Thomas,Buf,RB|W/R
2,0.0,KingDavid's WildRide,Non-Starter,D.J. Hackett,Car,WR|W/R
2,11.0,KingDavid's WildRide,Starter,Jeff Wilkins,LAR,K
2,16.0,KingDavid's WildRide,Starter,New England Patriots,NE,DEF
2,13.0,KingDavid's WildRide,Non-Starter,San Francisco,SF,DEF
3,17.82,KingDavid's WildRide,Starter,Matt Hasselbeck,Ind,QB
3,5.3,KingDavid's WildRide,Starter,Marvin Harrison,Ind,WR|W/R
3,0.9,KingDavid's WildRide,Starter,Hines Ward,Pit,WR|W/R
3,40.1,KingDavid's WildRide,Starter,Brian Westbrook,SF,RB|W/R
3,1.6,KingDavid's WildRide,Starter,Ahman Green,GB,RB|W/R
3,9.6,KingDavid's WildRide,Starter,Tony Gonzalez,Atl,TE
3,4.8,KingDavid's WildRide,Starter,Warrick Dunn,TB,RB|W/R
3,13.36,KingDavid's WildRide,Non-Starter,David Garrard,NYJ,QB
3,40.1,KingDavid's WildRide,Non-Starter,Kevin Curtis,Mia,WR|W/R
3,7.8,KingDavid's WildRide,Non-Starter,Leon Washington,Ten,RB|W/R
3,0.0,KingDavid's WildRide,Non-Starter,Anthony Thomas,Buf,RB|W/R
3,13.6,KingDavid's WildRide,Non-Starter,Shaun McDonald,Pit,WR|W/R
3,3.0,KingDavid's WildRide,Starter,Jeff Wilkins,LAR,K
3,10.0,KingDavid's WildRide,Starter,New England Patriots,NE,DEF
3,3.0,KingDavid's WildRide,Non-Starter,San Francisco,SF,DEF
4,16.94,KingDavid's WildRide,Starter,Matt Hasselbeck,Ind,QB
4,0.8,KingDavid's WildRide,Starter,Marvin Harrison,Ind,WR|W/R
4,2.1,KingDavid's WildRide,Starter,Kevin Curtis,Mia,WR|W/R
4,7.1,KingDavid's WildRide,Starter,Warrick Dunn,TB,RB|W/R
4,0.8,KingDavid's WildRide,Starter,Reuben Droughns,NYG,RB|W/R
4,13.1,KingDavid's WildRide,Starter,Tony Gonzalez,Atl,TE
4,10.0,KingDavid's WildRide,Starter,Shaun McDonald,Pit,WR|W/R
4,0.0,KingDavid's WildRide,Non-Starter,Brian Westbrook,SF,RB|W/R
4,0.0,KingDavid's WildRide,Non-Starter,Ahman Green,GB,RB|W/R
4,0.0,KingDavid's WildRide,Non-Starter,Hines Ward,Pit,WR|W/R
4,0.0,KingDavid's WildRide,Non-Starter,David Garrard,NYJ,QB
4,12.2,KingDavid's WildRide,Non-Starter,Leon Washington,Ten,RB|W/R
4,0.0,KingDavid's WildRide,Starter,Jeff Wilkins,LAR,K
4,9.0,KingDavid's WildRide,Starter,New England Patriots,NE,DEF
4,4.0,KingDavid's WildRide,Non-Starter,San Francisco,SF,DEF
5,13.62,KingDavid's WildRide,Starter,David Garrard,NYJ,QB
5,1.9,KingDavid's WildRide,Starter,Shaun McDonald,Pit,WR|W/R
5,2.1,KingDavid's WildRide,Starter,James Jones,GB,WR|W/R
5,3.9,KingDavid's WildRide,Starter,Warrick Dunn,TB,RB|W/R
5,7.2,KingDavid's WildRide,Starter,Leon Washington,Ten,RB|W/R
5,10.0,KingDavid's WildRide,Starter,Tony Gonzalez,Atl,TE
5,15.1,KingDavid's WildRide,Starter,DeShawn Wynn,NO,RB|W/R
5,0.0,KingDavid's WildRide,Non-Starter,Marvin Harrison,Ind,WR|W/R
5,0.0,KingDavid's WildRide,Non-Starter,Ahman Green,GB,RB|W/R
5,2.64,KingDavid's WildRide,Non-Starter,Matt Hasselbeck,Ind,QB
5,0.0,KingDavid's WildRide,Non-Starter,Hines Ward,Pit,WR|W/R
5,0.0,KingDavid's WildRide,Non-Starter,Kevin Curtis,Mia,WR|W/R
5,0.0,KingDavid's WildRide,Non-Starter,Brian Westbrook,SF,RB|W/R
5,10.0,KingDavid's WildRide,Starter,Jeff Wilkins,LAR,K
5,18.0,KingDavid's WildRide,Starter,New England Patriots,NE,DEF
6,21.78,KingDavid's WildRide,Starter,Matt Hasselbeck,Ind,QB
6,0.0,KingDavid's WildRide,Starter,James Jones,GB,WR|W/R
6,18.1,KingDavid's WildRide,Starter,Kevin Curtis,Mia,WR|W/R
6,15.6,KingDavid's WildRide,Starter,Brian Westbrook,SF,RB|W/R
6,2.8,KingDavid's WildRide,Starter,Warrick Dunn,TB,RB|W/R
6,22.2,KingDavid's WildRide,Starter,Tony Gonzalez,Atl,TE
6,9.7,KingDavid's WildRide,Starter,DeShawn Wynn,NO,RB|W/R
6,19.44,KingDavid's WildRide,Non-Starter,David Garrard,NYJ,QB
6,4.8,KingDavid's WildRide,Non-Starter,Ahman Green,GB,RB|W/R
6,0.0,KingDavid's WildRide,Non-Starter,Shaun McDonald,Pit,WR|W/R
6,1.3,KingDavid's WildRide,Non-Starter,Leon Washington,Ten,RB|W/R
6,0.0,KingDavid's WildRide,Non-Starter,Marvin Harrison,Ind,WR|W/R
6,0.0,KingDavid's WildRide,Non-Starter,Hines Ward,Pit,WR|W/R
6,3.0,KingDavid's WildRide,Starter,Jeff Wilkins,LAR,K
6,4.0,KingDavid's WildRide,Starter,New England Patriots,NE,DEF
7,13.8,KingDavid's WildRide,Starter,Matt Hasselbeck,Ind,QB
7,6.2,KingDavid's WildRide,Starter,Kevin Curtis,Mia,WR|W/R
7,7.8,KingDavid's WildRide,Starter,Hines Ward,Pit,WR|W/R
7,11.9,KingDavid's WildRide,Starter,Brian Westbrook,SF,RB|W/R
7,2.9,KingDavid's WildRide,Starter,Warrick Dunn,TB,RB|W/R
7,6.6,KingDavid's WildRide,Starter,Tony Gonzalez,Atl,TE
7,7.1,KingDavid's WildRide,Starter,Ahman Green,GB,RB|W/R
7,1.6,KingDavid's WildRide,Non-Starter,Marvin Harrison,Ind,WR|W/R
7,0.0,KingDavid's WildRide,Non-Starter,James Jones,GB,WR|W/R
7,0.0,KingDavid's WildRide,Non-Starter,DeShawn Wynn,NO,RB|W/R
7,2.88,KingDavid's WildRide,Non-Starter,David Garrard,NYJ,QB
7,1.7,KingDavid's WildRide,Non-Starter,Shaun McDonald,Pit,WR|W/R
7,5.2,KingDavid's WildRide,Non-Starter,Leon Washington,Ten,RB|W/R
7,6.0,KingDavid's WildRide,Starter,Jeff Wilkins,LAR,K
7,7.0,KingDavid's WildRide,Starter,New England Patriots,NE,DEF
8,5.12,KingDavid's WildRide,Starter,Brian Griese,TB,QB
8,7.6,KingDavid's WildRide,Starter,Kevin Curtis,Mia,WR|W/R
8,20.8,KingDavid's WildRide,Starter,Hines Ward,Pit,WR|W/R
8,21.2,KingDavid's WildRide,Starter,Brian Westbrook,SF,RB|W/R
8,0.1,KingDavid's WildRide,Starter,DeShawn Wynn,NO,RB|W/R
8,1.9,KingDavid's WildRide,Starter,Kyle Brady,NE,TE
8,1.2,KingDavid's WildRide,Starter,Leon Washington,Ten,RB|W/R
8,0.0,KingDavid's WildRide,Non-Starter,Marvin Harrison,Ind,WR|W/R
8,0.0,KingDavid's WildRide,Non-Starter,Ahman Green,GB,RB|W/R
8,0.0,KingDavid's WildRide,Non-Starter,Tony Gonzalez,Atl,TE
8,0.0,KingDavid's WildRide,Non-Starter,David Garrard,NYJ,QB
8,0.0,KingDavid's WildRide,Non-Starter,Matt Hasselbeck,Ind,QB
8,0.0,KingDavid's WildRide,Non-Starter,Warrick Dunn,TB,RB|W/R
8,8.0,KingDavid's WildRide,Starter,Jeff Wilkins,LAR,K
8,21.0,KingDavid's WildRide,Starter,New England Patriots,NE,DEF
9,18.42,KingDavid's WildRide,Starter,Matt Hasselbeck,Ind,QB
9,5.1,KingDavid's WildRide,Starter,Kevin Curtis,Mia,WR|W/R
9,2.8,KingDavid's WildRide,Starter,Hines Ward,Pit,WR|W/R
9,21.5,KingDavid's WildRide,Starter,Brian Westbrook,SF,RB|W/R
9,16.0,KingDavid's WildRide,Starter,Warrick Dunn,TB,RB|W/R
9,16.9,KingDavid's WildRide,Starter,Tony Gonzalez,Atl,TE
9,3.2,KingDavid's WildRide,Starter,James Jones,GB,WR|W/R
9,0.0,KingDavid's WildRide,Non-Starter,Marvin Harrison,Ind,WR|W/R
9,14.1,KingDavid's WildRide,Non-Starter,Ahman Green,GB,RB|W/R
9,0.0,KingDavid's WildRide,Non-Starter,DeShawn Wynn,NO,RB|W/R
9,9.1,KingDavid's WildRide,Non-Starter,Leon Washington,Ten,RB|W/R
9,0.0,KingDavid's WildRide,Non-Starter,David Garrard,NYJ,QB
9,6.0,KingDavid's WildRide,Starter,Morten Andersen,Atl,K
9,0.0,KingDavid's WildRide,Non-Starter,Jeff Wilkins,LAR,K
9,8.0,KingDavid's WildRide,Starter,New England Patriots,NE,DEF
10,18.72,KingDavid's WildRide,Starter,Matt Hasselbeck,Ind,QB
10,2.0,KingDavid's WildRide,Starter,Kevin Curtis,Mia,WR|W/R
10,16.0,KingDavid's WildRide,Starter,Hines Ward,Pit,WR|W/R
10,36.3,KingDavid's WildRide,Starter,Brian Westbrook,SF,RB|W/R
10,20.0,KingDavid's WildRide,Starter,Warrick Dunn,TB,RB|W/R
10,2.9,KingDavid's WildRide,Starter,Tony Gonzalez,Atl,TE
10,6.2,KingDavid's WildRide,Starter,James Jones,GB,WR|W/R
10,4.0,KingDavid's WildRide,Non-Starter,Josh Reed,Buf,WR|W/R
10,0.0,KingDavid's WildRide,Non-Starter,Marvin Harrison,Ind,WR|W/R
10,0.0,KingDavid's WildRide,Non-Starter,Ahman Green,GB,RB|W/R
10,0.0,KingDavid's WildRide,Non-Starter,Leon Washington,Ten,RB|W/R
10,0.0,KingDavid's WildRide,Non-Starter,David Garrard,NYJ,QB
10,11.0,KingDavid's WildRide,Starter,Jeff Wilkins,LAR,K
10,14.0,KingDavid's WildRide,Starter,Indianapolis Colts,Ind,DEF
10,0.0,KingDavid's WildRide,Non-Starter,New England Patriots,NE,DEF
11,19.98,KingDavid's WildRide,Starter,Matt Hasselbeck,Ind,QB
11,6.9,KingDavid's WildRide,Starter,Kevin Curtis,Mia,WR|W/R
11,4.7,KingDavid's WildRide,Starter,Hines Ward,Pit,WR|W/R
11,14.8,KingDavid's WildRide,Starter,Brian Westbrook,SF,RB|W/R
11,7.2,KingDavid's WildRide,Starter,Warrick Dunn,TB,RB|W/R
11,4.6,KingDavid's WildRide,Starter,Tony Gonzalez,Atl,TE
11,2.5,KingDavid's WildRide,Starter,James Jones,GB,WR|W/R
11,0.0,KingDavid's WildRide,Non-Starter,Ahman Green,GB,RB|W/R
11,0.0,KingDavid's WildRide,Non-Starter,Marvin Harrison,Ind,WR|W/R
11,4.4,KingDavid's WildRide,Non-Starter,Josh Reed,Buf,WR|W/R
11,1.0,KingDavid's WildRide,Non-Starter,Leon Washington,Ten,RB|W/R
11,15.96,KingDavid's WildRide,Non-Starter,David Garrard,NYJ,QB
11,7.0,KingDavid's WildRide,Starter,Jeff Wilkins,LAR,K
11,18.0,KingDavid's WildRide,Starter,New England Patriots,NE,DEF
11,10.0,KingDavid's WildRide,Non-Starter,Indianapolis Colts,Ind,DEF
12,12.26,KingDavid's WildRide,Starter,Matt Hasselbeck,Ind,QB
12,7.1,KingDavid's WildRide,Starter,Kevin Curtis,Mia,WR|W/R
12,8.8,KingDavid's WildRide,Starter,Hines Ward,Pit,WR|W/R
12,15.2,KingDavid's WildRide,Starter,Brian Westbrook,SF,RB|W/R
12,8.0,KingDavid's WildRide,Starter,Warrick Dunn,TB,RB|W/R
12,4.8,KingDavid's WildRide,Starter,Tony Gonzalez,Atl,TE
12,7.5,KingDavid's WildRide,Starter,James Jones,GB,WR|W/R
12,0.0,KingDavid's WildRide,Non-Starter,Ahman Green,GB,RB|W/R
12,0.0,KingDavid's WildRide,Non-Starter,Marvin Harrison,Ind,WR|W/R
12,5.0,KingDavid's WildRide,Non-Starter,Josh Reed,Buf,WR|W/R
12,-0.1,KingDavid's WildRide,Non-Starter,Leon Washington,Ten,RB|W/R
12,16.54,KingDavid's WildRide,Non-Starter,David Garrard,NYJ,QB
12,-0.5,KingDavid's WildRide,Non-Starter,Ricky Williams,Bal,RB|W/R
12,3.0,KingDavid's WildRide,Starter,Jeff Wilkins,LAR,K
12,13.0,KingDavid's WildRide,Starter,New England Patriots,NE,DEF
13,13.38,KingDavid's WildRide,Starter,Matt Hasselbeck,Ind,QB
13,21.0,KingDavid's WildRide,Starter,Hines Ward,Pit,WR|W/R
13,17.1,KingDavid's WildRide,Starter,Kevin Curtis,Mia,WR|W/R
13,19.9,KingDavid's WildRide,Starter,Brian Westbrook,SF,RB|W/R
13,4.0,KingDavid's WildRide,Starter,Warrick Dunn,TB,RB|W/R
13,14.0,KingDavid's WildRide,Starter,Tony Gonzalez,Atl,TE
13,6.7,KingDavid's WildRide,Starter,Josh Reed,Buf,WR|W/R
13,0.0,KingDavid's WildRide,Non-Starter,Marvin Harrison,Ind,WR|W/R
13,0.0,KingDavid's WildRide,Non-Starter,Ahman Green,GB,RB|W/R
13,3.9,KingDavid's WildRide,Non-Starter,James Jones,GB,WR|W/R
13,22.3,KingDavid's WildRide,Non-Starter,Leon Washington,Ten,RB|W/R
13,16.78,KingDavid's WildRide,Non-Starter,David Garrard,NYJ,QB
13,4.4,KingDavid's WildRide,Non-Starter,Joe Jerevicius,Cle,WR|W/R
13,0.0,KingDavid's WildRide,Starter,Jeff Wilkins,LAR,K
13,4.0,KingDavid's WildRide,Starter,New England Patriots,NE,DEF
14,27.18,KingDavid's WildRide,Starter,Matt Hasselbeck,Ind,QB
14,3.9,KingDavid's WildRide,Starter,Hines Ward,Pit,WR|W/R
14,2.6,KingDavid's WildRide,Starter,Kevin Curtis,Mia,WR|W/R
14,19.4,KingDavid's WildRide,Starter,Brian Westbrook,SF,RB|W/R
14,1.4,KingDavid's WildRide,Starter,Warrick Dunn,TB,RB|W/R
14,13.6,KingDavid's WildRide,Starter,Tony Gonzalez,Atl,TE
14,3.0,KingDavid's WildRide,Starter,Josh Reed,Buf,WR|W/R
14,0.0,KingDavid's WildRide,Non-Starter,Marvin Harrison,Ind,WR|W/R
14,0.0,KingDavid's WildRide,Non-Starter,Ahman Green,GB,RB|W/R
14,0.0,KingDavid's WildRide,Non-Starter,James Jones,GB,WR|W/R
14,3.6,KingDavid's WildRide,Non-Starter,Leon Washington,Ten,RB|W/R
14,18.0,KingDavid's WildRide,Non-Starter,David Garrard,NYJ,QB
14,0.7,KingDavid's WildRide,Non-Starter,Joe Jerevicius,Cle,WR|W/R
14,5.0,KingDavid's WildRide,Starter,Jeff Wilkins,LAR,K
14,9.0,KingDavid's WildRide,Starter,New England Patriots,NE,DEF
15,14.06,KingDavid's WildRide,Starter,Matt Hasselbeck,Ind,QB
15,9.1,KingDavid's WildRide,Starter,Hines Ward,Pit,WR|W/R
15,4.0,KingDavid's WildRide,Starter,Kevin Curtis,Mia,WR|W/R
15,14.4,KingDavid's WildRide,Starter,Brian Westbrook,SF,RB|W/R
15,1.9,KingDavid's WildRide,Starter,Warrick Dunn,TB,RB|W/R
15,1.7,KingDavid's WildRide,Starter,Tony Gonzalez,Atl,TE
15,2.9,KingDavid's WildRide,Starter,James Jones,GB,WR|W/R
15,6.6,KingDavid's WildRide,Non-Starter,Leon Washington,Ten,RB|W/R
15,2.3,KingDavid's WildRide,Non-Starter,Josh Reed,Buf,WR|W/R
15,0.0,KingDavid's WildRide,Non-Starter,Marvin Harrison,Ind,WR|W/R
15,0.0,KingDavid's WildRide,Non-Starter,Ahman Green,GB,RB|W/R
15,18.68,KingDavid's WildRide,Non-Starter,David Garrard,NYJ,QB
15,3.4,KingDavid's WildRide,Non-Starter,Joe Jerevicius,Cle,WR|W/R
15,0.0,KingDavid's WildRide,Starter,Jeff Wilkins,LAR,K
15,21.0,KingDavid's WildRide,Starter,New England Patriots,NE,DEF
16,13.16,KingDavid's WildRide,Starter,Matt Hasselbeck,Ind,QB
16,5.9,KingDavid's WildRide,Starter,Hines Ward,Pit,WR|W/R
16,19.8,KingDavid's WildRide,Starter,Kevin Curtis,Mia,WR|W/R
16,10.9,KingDavid's WildRide,Starter,Brian Westbrook,SF,RB|W/R
16,2.1,KingDavid's WildRide,Starter,Warrick Dunn,TB,RB|W/R
16,13.7,KingDavid's WildRide,Starter,Tony Gonzalez,Atl,TE
16,0.0,KingDavid's WildRide,Starter,James Jones,GB,WR|W/R
16,0.7,KingDavid's WildRide,Non-Starter,Leon Washington,Ten,RB|W/R
16,1.1,KingDavid's WildRide,Non-Starter,Josh Reed,Buf,WR|W/R
16,0.0,KingDavid's WildRide,Non-Starter,Marvin Harrison,Ind,WR|W/R
16,0.0,KingDavid's WildRide,Non-Starter,Ahman Green,GB,RB|W/R
16,21.86,KingDavid's WildRide,Non-Starter,David Garrard,NYJ,QB
16,3.1,KingDavid's WildRide,Non-Starter,Joe Jerevicius,Cle,WR|W/R
16,5.0,KingDavid's WildRide,Starter,Jeff Wilkins,LAR,K
16,11.0,KingDavid's WildRide,Starter,New England Patriots,NE,DEF
1,6.64,ItsMikeVickInABox,Starter,Alex Smith,Was,QB
1,11.9,ItsMikeVickInABox,Starter,Javon Walker,LV,WR|W/R
1,32.4,ItsMikeVickInABox,Starter,Plaxico Burress,Pit,WR|W/R
1,2.1,ItsMikeVickInABox,Starter,Steven Jackson,NE,RB|W/R
1,15.9,ItsMikeVickInABox,Starter,Marshawn Lynch,Sea,RB|W/R
1,0.0,ItsMikeVickInABox,Starter,Greg Olsen,Sea,TE
1,17.2,ItsMikeVickInABox,Starter,Edgerrin James,Sea,RB|W/R
1,5.5,ItsMikeVickInABox,Non-Starter,DeAngelo Williams,Pit,RB|W/R
1,7.5,ItsMikeVickInABox,Non-Starter,Ladell Betts,NO,RB|W/R
1,8.1,ItsMikeVickInABox,Non-Starter,DeShaun Foster,SF,RB|W/R
1,12.6,ItsMikeVickInABox,Non-Starter,Santonio Holmes,Chi,WR|W/R
1,3.18,ItsMikeVickInABox,Non-Starter,J.P. Losman,Mia,QB
1,17.6,ItsMikeVickInABox,Non-Starter,Derrick Ward,Hou,RB|W/R
1,11.0,ItsMikeVickInABox,Starter,Jason Hanson,Det,K
1,10.0,ItsMikeVickInABox,Starter,Jacksonville Jaguars,Jax,DEF
2,2.94,ItsMikeVickInABox,Starter,Alex Smith,Was,QB
2,10.0,ItsMikeVickInABox,Starter,Javon Walker,LV,WR|W/R
2,9.2,ItsMikeVickInABox,Starter,Plaxico Burress,Pit,WR|W/R
2,9.6,ItsMikeVickInABox,Starter,Steven Jackson,NE,RB|W/R
2,21.0,ItsMikeVickInABox,Starter,Edgerrin James,Sea,RB|W/R
2,0.0,ItsMikeVickInABox,Starter,Greg Olsen,Sea,TE
2,12.5,ItsMikeVickInABox,Starter,Derrick Ward,Hou,RB|W/R
2,8.5,ItsMikeVickInABox,Non-Starter,Marshawn Lynch,Sea,RB|W/R
2,5.1,ItsMikeVickInABox,Non-Starter,DeAngelo Williams,Pit,RB|W/R
2,4.0,ItsMikeVickInABox,Non-Starter,Ladell Betts,NO,RB|W/R
2,3.1,ItsMikeVickInABox,Non-Starter,DeShaun Foster,SF,RB|W/R
2,5.3,ItsMikeVickInABox,Non-Starter,Santonio Holmes,Chi,WR|W/R
2,9.96,ItsMikeVickInABox,Non-Starter,J.P. Losman,Mia,QB
2,6.0,ItsMikeVickInABox,Starter,Jason Hanson,Det,K
2,11.0,ItsMikeVickInABox,Starter,Jacksonville Jaguars,Jax,DEF
3,26.86,ItsMikeVickInABox,Starter,Brett Favre,Min,QB
3,0.8,ItsMikeVickInABox,Starter,Javon Walker,LV,WR|W/R
3,14.6,ItsMikeVickInABox,Starter,Plaxico Burress,Pit,WR|W/R
3,13.3,ItsMikeVickInABox,Starter,Steven Jackson,NE,RB|W/R
3,14.0,ItsMikeVickInABox,Starter,Marshawn Lynch,Sea,RB|W/R
3,2.8,ItsMikeVickInABox,Starter,Greg Olsen,Sea,TE
3,12.0,ItsMikeVickInABox,Starter,Derrick Ward,Hou,RB|W/R
3,-1.84,ItsMikeVickInABox,Non-Starter,J.P. Losman,Mia,QB
3,6.7,ItsMikeVickInABox,Non-Starter,Edgerrin James,Sea,RB|W/R
3,4.7,ItsMikeVickInABox,Non-Starter,DeAngelo Williams,Pit,RB|W/R
3,2.2,ItsMikeVickInABox,Non-Starter,Ladell Betts,NO,RB|W/R
3,25.5,ItsMikeVickInABox,Non-Starter,DeShaun Foster,SF,RB|W/R
3,4.9,ItsMikeVickInABox,Non-Starter,Santonio Holmes,Chi,WR|W/R
3,0.0,ItsMikeVickInABox,Starter,Jason Hanson,Det,K
3,8.0,ItsMikeVickInABox,Starter,Jacksonville Jaguars,Jax,DEF
4,19.86,ItsMikeVickInABox,Starter,Brett Favre,Min,QB
4,0.0,ItsMikeVickInABox,Starter,Javon Walker,LV,WR|W/R
4,8.4,ItsMikeVickInABox,Starter,Plaxico Burress,Pit,WR|W/R
4,13.9,ItsMikeVickInABox,Starter,Marshawn Lynch,Sea,RB|W/R
4,6.1,ItsMikeVickInABox,Starter,DeShaun Foster,SF,RB|W/R
4,0.0,ItsMikeVickInABox,Starter,Greg Olsen,Sea,TE
4,10.6,ItsMikeVickInABox,Starter,Derrick Ward,Hou,RB|W/R
4,0.0,ItsMikeVickInABox,Non-Starter,Steven Jackson,NE,RB|W/R
4,14.4,ItsMikeVickInABox,Non-Starter,Edgerrin James,Sea,RB|W/R
4,10.2,ItsMikeVickInABox,Non-Starter,DeAngelo Williams,Pit,RB|W/R
4,0.0,ItsMikeVickInABox,Non-Starter,Ladell Betts,NO,RB|W/R
4,24.7,ItsMikeVickInABox,Non-Starter,Santonio Holmes,Chi,WR|W/R
4,4.0,ItsMikeVickInABox,Starter,Jason Hanson,Det,K
4,6.0,ItsMikeVickInABox,Starter,Indianapolis Colts,Ind,DEF
4,0.0,ItsMikeVickInABox,Non-Starter,Jacksonville Jaguars,Jax,DEF
5,12.88,ItsMikeVickInABox,Starter,Brett Favre,Min,QB
5,18.4,ItsMikeVickInABox,Starter,Plaxico Burress,Pit,WR|W/R
5,0.0,ItsMikeVickInABox,Starter,Santonio Holmes,Chi,WR|W/R
5,9.8,ItsMikeVickInABox,Starter,Marshawn Lynch,Sea,RB|W/R
5,9.7,ItsMikeVickInABox,Starter,Edgerrin James,Sea,RB|W/R
5,11.7,ItsMikeVickInABox,Starter,Greg Olsen,Sea,TE
5,5.9,ItsMikeVickInABox,Starter,DeShaun Foster,SF,RB|W/R
5,12.4,ItsMikeVickInABox,Non-Starter,Derrick Ward,Hou,RB|W/R
5,0.0,ItsMikeVickInABox,Non-Starter,Javon Walker,LV,WR|W/R
5,0.0,ItsMikeVickInABox,Non-Starter,Steven Jackson,NE,RB|W/R
5,2.3,ItsMikeVickInABox,Non-Starter,DeAngelo Williams,Pit,RB|W/R
5,3.0,ItsMikeVickInABox,Non-Starter,Ladell Betts,NO,RB|W/R
5,3.0,ItsMikeVickInABox,Starter,Jason Hanson,Det,K
5,9.0,ItsMikeVickInABox,Starter,Jacksonville Jaguars,Jax,DEF
5,4.0,ItsMikeVickInABox,Non-Starter,Indianapolis Colts,Ind,DEF
6,4.32,ItsMikeVickInABox,Starter,Brett Favre,Min,QB
6,15.7,ItsMikeVickInABox,Starter,Plaxico Burress,Pit,WR|W/R
6,5.9,ItsMikeVickInABox,Starter,Ike Hilliard,TB,WR|W/R
6,14.0,ItsMikeVickInABox,Starter,Edgerrin James,Sea,RB|W/R
6,4.9,ItsMikeVickInABox,Starter,DeShaun Foster,SF,RB|W/R
6,6.3,ItsMikeVickInABox,Starter,Greg Olsen,Sea,TE
6,8.8,ItsMikeVickInABox,Starter,Derrick Ward,Hou,RB|W/R
6,0.0,ItsMikeVickInABox,Non-Starter,Santonio Holmes,Chi,WR|W/R
6,0.0,ItsMikeVickInABox,Non-Starter,Marshawn Lynch,Sea,RB|W/R
6,0.0,ItsMikeVickInABox,Non-Starter,Javon Walker,LV,WR|W/R
6,0.0,ItsMikeVickInABox,Non-Starter,Steven Jackson,NE,RB|W/R
6,18.1,ItsMikeVickInABox,Non-Starter,DeAngelo Williams,Pit,RB|W/R
6,3.1,ItsMikeVickInABox,Non-Starter,Ladell Betts,NO,RB|W/R
6,6.0,ItsMikeVickInABox,Starter,Shayne Graham,Atl,K
6,15.0,ItsMikeVickInABox,Starter,Jacksonville Jaguars,Jax,DEF
7,4.88,ItsMikeVickInABox,Starter,Damon Huard,KC,QB
7,4.3,ItsMikeVickInABox,Starter,Plaxico Burress,Pit,WR|W/R
7,11.4,ItsMikeVickInABox,Starter,Santonio Holmes,Chi,WR|W/R
7,8.3,ItsMikeVickInABox,Starter,Edgerrin James,Sea,RB|W/R
7,15.8,ItsMikeVickInABox,Starter,Marshawn Lynch,Sea,RB|W/R
7,4.8,ItsMikeVickInABox,Starter,Greg Olsen,Sea,TE
7,11.1,ItsMikeVickInABox,Starter,Donte' Stallworth,NE,WR|W/R
7,3.9,ItsMikeVickInABox,Non-Starter,Derrick Ward,Hou,RB|W/R
7,0.0,ItsMikeVickInABox,Non-Starter,Brett Favre,Min,QB
7,0.0,ItsMikeVickInABox,Non-Starter,DeShaun Foster,SF,RB|W/R
7,0.0,ItsMikeVickInABox,Non-Starter,Javon Walker,LV,WR|W/R
7,0.0,ItsMikeVickInABox,Non-Starter,Steven Jackson,NE,RB|W/R
7,0.0,ItsMikeVickInABox,Non-Starter,DeAngelo Williams,Pit,RB|W/R
7,3.0,ItsMikeVickInABox,Starter,Shayne Graham,Atl,K
7,4.0,ItsMikeVickInABox,Starter,Jacksonville Jaguars,Jax,DEF
8,20.44,ItsMikeVickInABox,Starter,Brett Favre,Min,QB
8,1.4,ItsMikeVickInABox,Starter,Plaxico Burress,Pit,WR|W/R
8,8.9,ItsMikeVickInABox,Starter,Santonio Holmes,Chi,WR|W/R
8,8.7,ItsMikeVickInABox,Starter,Marshawn Lynch,Sea,RB|W/R
8,11.0,ItsMikeVickInABox,Starter,Steven Jackson,NE,RB|W/R
8,2.9,ItsMikeVickInABox,Starter,Eric Johnson,NO,TE
8,19.8,ItsMikeVickInABox,Starter,Lee Evans,Bal,WR|W/R
8,4.4,ItsMikeVickInABox,Non-Starter,Donte' Stallworth,NE,WR|W/R
8,2.5,ItsMikeVickInABox,Non-Starter,DeAngelo Williams,Pit,RB|W/R
8,0.0,ItsMikeVickInABox,Non-Starter,Edgerrin James,Sea,RB|W/R
8,12.7,ItsMikeVickInABox,Non-Starter,DeShaun Foster,SF,RB|W/R
8,0.0,ItsMikeVickInABox,Non-Starter,Todd Heap,Ari,TE
8,13.26,ItsMikeVickInABox,Non-Starter,Jay Cutler,Mia,QB
8,0.0,ItsMikeVickInABox,Starter,John Kasay,NO,K
8,14.0,ItsMikeVickInABox,Starter,Jacksonville Jaguars,Jax,DEF
9,18.3,ItsMikeVickInABox,Starter,Brett Favre,Min,QB
9,23.0,ItsMikeVickInABox,Starter,Santonio Holmes,Chi,WR|W/R
9,4.2,ItsMikeVickInABox,Starter,Donte' Stallworth,NE,WR|W/R
9,26.32,ItsMikeVickInABox,Starter,Marshawn Lynch,Sea,RB|W/R
9,7.5,ItsMikeVickInABox,Starter,Edgerrin James,Sea,RB|W/R
9,0.0,ItsMikeVickInABox,Starter,Todd Heap,Ari,TE
9,22.5,ItsMikeVickInABox,Starter,Lee Evans,Bal,WR|W/R
9,0.0,ItsMikeVickInABox,Non-Starter,Plaxico Burress,Pit,WR|W/R
9,0.0,ItsMikeVickInABox,Non-Starter,Steven Jackson,NE,RB|W/R
9,2.7,ItsMikeVickInABox,Non-Starter,Eric Johnson,NO,TE
9,2.5,ItsMikeVickInABox,Non-Starter,DeAngelo Williams,Pit,RB|W/R
9,6.9,ItsMikeVickInABox,Non-Starter,DeShaun Foster,SF,RB|W/R
9,0.8,ItsMikeVickInABox,Non-Starter,Jay Cutler,Mia,QB
9,0.0,ItsMikeVickInABox,Starter,John Kasay,NO,K
9,-1.0,ItsMikeVickInABox,Starter,Jacksonville Jaguars,Jax,DEF
10,26.14,ItsMikeVickInABox,Starter,Brett Favre,Min,QB
10,6.5,ItsMikeVickInABox,Starter,Lee Evans,Bal,WR|W/R
10,2.4,ItsMikeVickInABox,Starter,Plaxico Burress,Pit,WR|W/R
10,16.5,ItsMikeVickInABox,Starter,Marshawn Lynch,Sea,RB|W/R
10,7.8,ItsMikeVickInABox,Starter,Edgerrin James,Sea,RB|W/R
10,3.8,ItsMikeVickInABox,Starter,Todd Heap,Ari,TE
10,5.1,ItsMikeVickInABox,Starter,Santonio Holmes,Chi,WR|W/R
10,20.08,ItsMikeVickInABox,Non-Starter,Steven Jackson,NE,RB|W/R
10,0.0,ItsMikeVickInABox,Non-Starter,Donte' Stallworth,NE,WR|W/R
10,9.8,ItsMikeVickInABox,Non-Starter,Eric Johnson,NO,TE
10,2.7,ItsMikeVickInABox,Non-Starter,DeAngelo Williams,Pit,RB|W/R
10,6.4,ItsMikeVickInABox,Non-Starter,DeShaun Foster,SF,RB|W/R
10,11.78,ItsMikeVickInABox,Non-Starter,Jay Cutler,Mia,QB
10,6.0,ItsMikeVickInABox,Starter,Mason Crosby,NYG,K
10,14.0,ItsMikeVickInABox,Starter,Jacksonville Jaguars,Jax,DEF
11,20.42,ItsMikeVickInABox,Starter,Brett Favre,Min,QB
11,4.7,ItsMikeVickInABox,Starter,Plaxico Burress,Pit,WR|W/R
11,13.5,ItsMikeVickInABox,Starter,Santonio Holmes,Chi,WR|W/R
11,12.1,ItsMikeVickInABox,Starter,Edgerrin James,Sea,RB|W/R
11,11.2,ItsMikeVickInABox,Starter,Steven Jackson,NE,RB|W/R
11,1.7,ItsMikeVickInABox,Starter,Eric Johnson,NO,TE
11,4.0,ItsMikeVickInABox,Starter,Lee Evans,Bal,WR|W/R
11,0.0,ItsMikeVickInABox,Non-Starter,Todd Heap,Ari,TE
11,0.0,ItsMikeVickInABox,Non-Starter,Marshawn Lynch,Sea,RB|W/R
11,5.6,ItsMikeVickInABox,Non-Starter,Donte' Stallworth,NE,WR|W/R
11,4.0,ItsMikeVickInABox,Non-Starter,DeAngelo Williams,Pit,RB|W/R
11,10.8,ItsMikeVickInABox,Non-Starter,DeShaun Foster,SF,RB|W/R
11,16.7,ItsMikeVickInABox,Non-Starter,Jay Cutler,Mia,QB
11,4.0,ItsMikeVickInABox,Starter,Mason Crosby,NYG,K
11,5.0,ItsMikeVickInABox,Starter,Jacksonville Jaguars,Jax,DEF
12,25.14,ItsMikeVickInABox,Starter,Brett Favre,Min,QB
12,15.3,ItsMikeVickInABox,Starter,Plaxico Burress,Pit,WR|W/R
12,1.9,ItsMikeVickInABox,Starter,Lee Evans,Bal,WR|W/R
12,8.9,ItsMikeVickInABox,Starter,Edgerrin James,Sea,RB|W/R
12,16.5,ItsMikeVickInABox,Starter,Steven Jackson,NE,RB|W/R
12,1.9,ItsMikeVickInABox,Starter,Eric Johnson,NO,TE
12,5.4,ItsMikeVickInABox,Starter,Donte' Stallworth,NE,WR|W/R
12,-0.9,ItsMikeVickInABox,Non-Starter,DeShaun Foster,SF,RB|W/R
12,0.0,ItsMikeVickInABox,Non-Starter,Santonio Holmes,Chi,WR|W/R
12,0.0,ItsMikeVickInABox,Non-Starter,Todd Heap,Ari,TE
12,0.0,ItsMikeVickInABox,Non-Starter,Marshawn Lynch,Sea,RB|W/R
12,1.9,ItsMikeVickInABox,Non-Starter,DeAngelo Williams,Pit,RB|W/R
12,19.28,ItsMikeVickInABox,Non-Starter,Jay Cutler,Mia,QB
12,9.0,ItsMikeVickInABox,Starter,Mason Crosby,NYG,K
12,8.0,ItsMikeVickInABox,Starter,Jacksonville Jaguars,Jax,DEF
13,-1.76,ItsMikeVickInABox,Starter,Brett Favre,Min,QB
13,3.6,ItsMikeVickInABox,Starter,Plaxico Burress,Pit,WR|W/R
13,5.1,ItsMikeVickInABox,Starter,Lee Evans,Bal,WR|W/R
13,11.4,ItsMikeVickInABox,Starter,Edgerrin James,Sea,RB|W/R
13,22.7,ItsMikeVickInABox,Starter,Steven Jackson,NE,RB|W/R
13,1.2,ItsMikeVickInABox,Starter,Eric Johnson,NO,TE
13,6.8,ItsMikeVickInABox,Starter,Donte' Stallworth,NE,WR|W/R
13,15.3,ItsMikeVickInABox,Non-Starter,DeShaun Foster,SF,RB|W/R
13,0.0,ItsMikeVickInABox,Non-Starter,Santonio Holmes,Chi,WR|W/R
13,0.0,ItsMikeVickInABox,Non-Starter,Todd Heap,Ari,TE
13,0.0,ItsMikeVickInABox,Non-Starter,Marshawn Lynch,Sea,RB|W/R
13,12.8,ItsMikeVickInABox,Non-Starter,DeAngelo Williams,Pit,RB|W/R
13,3.46,ItsMikeVickInABox,Non-Starter,Jay Cutler,Mia,QB
13,9.0,ItsMikeVickInABox,Starter,Mason Crosby,NYG,K
13,2.0,ItsMikeVickInABox,Starter,Jacksonville Jaguars,Jax,DEF
14,16.64,ItsMikeVickInABox,Starter,Brett Favre,Min,QB
14,19.9,ItsMikeVickInABox,Starter,Lee Evans,Bal,WR|W/R
14,1.3,ItsMikeVickInABox,Starter,Santonio Holmes,Chi,WR|W/R
14,7.0,ItsMikeVickInABox,Starter,Edgerrin James,Sea,RB|W/R
14,11.7,ItsMikeVickInABox,Starter,Steven Jackson,NE,RB|W/R
14,8.7,ItsMikeVickInABox,Starter,Marshawn Lynch,Sea,RB|W/R
14,1.7,ItsMikeVickInABox,Non-Starter,Eric Johnson,NO,TE
14,19.6,ItsMikeVickInABox,Non-Starter,Plaxico Burress,Pit,WR|W/R
14,0.0,ItsMikeVickInABox,Non-Starter,Todd Heap,Ari,TE
14,0.9,ItsMikeVickInABox,Non-Starter,Donte' Stallworth,NE,WR|W/R
14,2.9,ItsMikeVickInABox,Non-Starter,DeShaun Foster,SF,RB|W/R
14,1.2,ItsMikeVickInABox,Non-Starter,DeAngelo Williams,Pit,RB|W/R
14,27.96,ItsMikeVickInABox,Non-Starter,Jay Cutler,Mia,QB
14,4.0,ItsMikeVickInABox,Starter,Mason Crosby,NYG,K
14,18.0,ItsMikeVickInABox,Starter,Jacksonville Jaguars,Jax,DEF
15,12.78,ItsMikeVickInABox,Starter,Brett Favre,Min,QB
15,3.6,ItsMikeVickInABox,Starter,Lee Evans,Bal,WR|W/R
15,3.5,ItsMikeVickInABox,Starter,Plaxico Burress,Pit,WR|W/R
15,9.5,ItsMikeVickInABox,Starter,Edgerrin James,Sea,RB|W/R
15,23.0,ItsMikeVickInABox,Starter,Steven Jackson,NE,RB|W/R
15,16.0,ItsMikeVickInABox,Starter,Tony Scheffler,Det,TE
15,8.2,ItsMikeVickInABox,Starter,Marshawn Lynch,Sea,RB|W/R
15,5.4,ItsMikeVickInABox,Non-Starter,Santonio Holmes,Chi,WR|W/R
15,0.0,ItsMikeVickInABox,Non-Starter,Todd Heap,Ari,TE
15,0.0,ItsMikeVickInABox,Non-Starter,Donte' Stallworth,NE,WR|W/R
15,15.26,ItsMikeVickInABox,Non-Starter,Jay Cutler,Mia,QB
15,-0.1,ItsMikeVickInABox,Non-Starter,Jason Snelling,Atl,RB|W/R
15,4.0,ItsMikeVickInABox,Starter,Kris Brown,Dal,K
15,22.0,ItsMikeVickInABox,Starter,Tampa Bay Buccaneers,TB,DEF
15,5.0,ItsMikeVickInABox,Non-Starter,Jacksonville Jaguars,Jax,DEF
16,2.12,ItsMikeVickInABox,Starter,Brett Favre,Min,QB
16,10.3,ItsMikeVickInABox,Starter,Lee Evans,Bal,WR|W/R
16,0.6,ItsMikeVickInABox,Starter,Plaxico Burress,Pit,WR|W/R
16,9.7,ItsMikeVickInABox,Starter,Edgerrin James,Sea,RB|W/R
16,16.6,ItsMikeVickInABox,Starter,Steven Jackson,NE,RB|W/R
16,3.7,ItsMikeVickInABox,Starter,Tony Scheffler,Det,TE
16,17.2,ItsMikeVickInABox,Starter,Marshawn Lynch,Sea,RB|W/R
16,14.0,ItsMikeVickInABox,Non-Starter,Santonio Holmes,Chi,WR|W/R
16,0.0,ItsMikeVickInABox,Non-Starter,Todd Heap,Ari,TE
16,2.5,ItsMikeVickInABox,Non-Starter,Donte' Stallworth,NE,WR|W/R
16,4.4,ItsMikeVickInABox,Non-Starter,Jay Cutler,Mia,QB
16,7.8,ItsMikeVickInABox,Non-Starter,Jason Snelling,Atl,RB|W/R
16,0.0,ItsMikeVickInABox,Starter,Kris Brown,Dal,K
16,16.0,ItsMikeVickInABox,Starter,Jacksonville Jaguars,Jax,DEF
16,6.0,ItsMikeVickInABox,Non-Starter,Tampa Bay Buccaneers,TB,DEF
1,2.28,3 07CR274,Starter,Drew Brees,NO,QB
1,17.9,3 07CR274,Starter,Laveranues Coles,NYJ,WR|W/R
1,7.3,3 07CR274,Starter,Joey Galloway,Was,WR|W/R
1,4.5,3 07CR274,Starter,Reggie Bush,Buf,RB|W/R
1,15.4,3 07CR274,Starter,Marion Barber,Chi,RB|W/R
1,2.9,3 07CR274,Starter,Todd Heap,Ari,TE
1,13.3,3 07CR274,Starter,Torry Holt,Jax,WR|W/R
1,7.7,3 07CR274,Non-Starter,Julius Jones,Sea,RB|W/R
1,15.96,3 07CR274,Non-Starter,Jay Cutler,Mia,QB
1,6.9,3 07CR274,Non-Starter,Benjamin Watson,NE,TE
1,0.5,3 07CR274,Non-Starter,Eddie Kennison,LAR,WR|W/R
1,0.0,3 07CR274,Non-Starter,Chris Henry,Sea,RB|W/R
1,7.0,3 07CR274,Starter,Shayne Graham,Atl,K
1,5.0,3 07CR274,Starter,Denver Broncos,Den,DEF
1,-1.0,3 07CR274,Non-Starter,Dallas,Dal,DEF
2,10.56,3 07CR274,Starter,Jay Cutler,Mia,QB
2,5.7,3 07CR274,Starter,Laveranues Coles,NYJ,WR|W/R
2,25.5,3 07CR274,Starter,Joey Galloway,Was,WR|W/R
2,7.0,3 07CR274,Starter,Reggie Bush,Buf,RB|W/R
2,21.5,3 07CR274,Starter,Marion Barber,Chi,RB|W/R
2,13.6,3 07CR274,Starter,Todd Heap,Ari,TE
2,11.4,3 07CR274,Starter,Torry Holt,Jax,WR|W/R
2,13.4,3 07CR274,Non-Starter,Drew Brees,NO,QB
2,5.6,3 07CR274,Non-Starter,Julius Jones,Sea,RB|W/R
2,10.9,3 07CR274,Non-Starter,Benjamin Watson,NE,TE
2,0.0,3 07CR274,Non-Starter,Eddie Kennison,LAR,WR|W/R
2,0.0,3 07CR274,Non-Starter,Chris Henry,Sea,RB|W/R
2,3.0,3 07CR274,Starter,Shayne Graham,Atl,K
2,14.0,3 07CR274,Starter,Denver Broncos,Den,DEF
2,13.0,3 07CR274,Non-Starter,Dallas,Dal,DEF
3,10.78,3 07CR274,Starter,Jay Cutler,Mia,QB
3,9.0,3 07CR274,Starter,Laveranues Coles,NYJ,WR|W/R
3,4.2,3 07CR274,Starter,Joey Galloway,Was,WR|W/R
3,15.5,3 07CR274,Starter,Reggie Bush,Buf,RB|W/R
3,23.2,3 07CR274,Starter,Marion Barber,Chi,RB|W/R
3,6.0,3 07CR274,Starter,Todd Heap,Ari,TE
3,6.3,3 07CR274,Starter,Torry Holt,Jax,WR|W/R
3,-0.1,3 07CR274,Non-Starter,Drew Brees,NO,QB
3,5.5,3 07CR274,Non-Starter,Julius Jones,Sea,RB|W/R
3,7.7,3 07CR274,Non-Starter,Benjamin Watson,NE,TE
3,0.0,3 07CR274,Non-Starter,Eddie Kennison,LAR,WR|W/R
3,0.0,3 07CR274,Non-Starter,Chris Henry,Sea,RB|W/R
3,7.0,3 07CR274,Starter,Shayne Graham,Atl,K
3,7.0,3 07CR274,Starter,Denver Broncos,Den,DEF
3,21.0,3 07CR274,Non-Starter,Dallas,Dal,DEF
4,12.34,3 07CR274,Starter,Jay Cutler,Mia,QB
4,12.5,3 07CR274,Starter,Laveranues Coles,NYJ,WR|W/R
4,0.7,3 07CR274,Starter,Joey Galloway,Was,WR|W/R
4,7.2,3 07CR274,Starter,Marion Barber,Chi,RB|W/R
4,3.3,3 07CR274,Starter,Tatum Bell,Den,RB|W/R
4,3.6,3 07CR274,Starter,Todd Heap,Ari,TE
4,5.2,3 07CR274,Starter,Torry Holt,Jax,WR|W/R
4,12.3,3 07CR274,Non-Starter,Julius Jones,Sea,RB|W/R
4,1.2,3 07CR274,Non-Starter,Benjamin Watson,NE,TE
4,0.0,3 07CR274,Non-Starter,Eddie Kennison,LAR,WR|W/R
4,2.36,3 07CR274,Non-Starter,Marc Bulger,Bal,QB
4,7.2,3 07CR274,Non-Starter,Lee Evans,Bal,WR|W/R
4,8.0,3 07CR274,Starter,Shayne Graham,Atl,K
4,9.0,3 07CR274,Starter,Dallas,Dal,DEF
4,-4.0,3 07CR274,Non-Starter,Denver Broncos,Den,DEF
5,7.98,3 07CR274,Starter,Jay Cutler,Mia,QB
5,8.9,3 07CR274,Starter,Laveranues Coles,NYJ,WR|W/R
5,5.0,3 07CR274,Starter,Joey Galloway,Was,WR|W/R
5,7.3,3 07CR274,Starter,Marion Barber,Chi,RB|W/R
5,1.5,3 07CR274,Starter,Tatum Bell,Den,RB|W/R
5,0.0,3 07CR274,Starter,Todd Heap,Ari,TE
5,16.9,3 07CR274,Starter,Torry Holt,Jax,WR|W/R
5,14.18,3 07CR274,Non-Starter,Derek Anderson,Buf,QB
5,4.1,3 07CR274,Non-Starter,Julius Jones,Sea,RB|W/R
5,23.8,3 07CR274,Non-Starter,Benjamin Watson,NE,TE
5,0.0,3 07CR274,Non-Starter,Eddie Kennison,LAR,WR|W/R
5,1.2,3 07CR274,Non-Starter,Lee Evans,Bal,WR|W/R
5,15.0,3 07CR274,Starter,Nick Folk,NYJ,K
5,9.0,3 07CR274,Starter,Dallas,Dal,DEF
5,-2.0,3 07CR274,Non-Starter,Denver Broncos,Den,DEF
6,29.1,3 07CR274,Starter,Derek Anderson,Buf,QB
6,2.7,3 07CR274,Starter,Laveranues Coles,NYJ,WR|W/R
6,15.7,3 07CR274,Starter,Joey Galloway,Was,WR|W/R
6,6.1,3 07CR274,Starter,Marion Barber,Chi,RB|W/R
6,2.6,3 07CR274,Starter,Justin Fargas,LV,RB|W/R
6,2.8,3 07CR274,Starter,Benjamin Watson,NE,TE
6,3.3,3 07CR274,Starter,Torry Holt,Jax,WR|W/R
6,0.0,3 07CR274,Non-Starter,Tatum Bell,Den,RB|W/R
6,0.0,3 07CR274,Non-Starter,Jay Cutler,Mia,QB
6,0.0,3 07CR274,Non-Starter,Todd Heap,Ari,TE
6,5.3,3 07CR274,Non-Starter,Julius Jones,Sea,RB|W/R
6,0.0,3 07CR274,Non-Starter,Lee Evans,Bal,WR|W/R
6,6.0,3 07CR274,Starter,Nick Folk,NYJ,K
6,7.0,3 07CR274,Starter,Dallas,Dal,DEF
6,0.0,3 07CR274,Non-Starter,Denver Broncos,Den,DEF
7,23.58,3 07CR274,Starter,Chad Pennington,Mia,QB
7,25.3,3 07CR274,Starter,Laveranues Coles,NYJ,WR|W/R
7,4.6,3 07CR274,Starter,Joey Galloway,Was,WR|W/R
7,16.5,3 07CR274,Starter,Marion Barber,Chi,RB|W/R
7,0.0,3 07CR274,Starter,Tatum Bell,Den,RB|W/R
7,3.4,3 07CR274,Starter,Randy McMichael,LAC,TE
7,8.2,3 07CR274,Starter,Torry Holt,Jax,WR|W/R
7,0.0,3 07CR274,Non-Starter,Benjamin Watson,NE,TE
7,2.0,3 07CR274,Non-Starter,Justin Fargas,LV,RB|W/R
7,0.0,3 07CR274,Non-Starter,Derek Anderson,Buf,QB
7,5.8,3 07CR274,Non-Starter,Julius Jones,Sea,RB|W/R
7,9.8,3 07CR274,Non-Starter,Lee Evans,Bal,WR|W/R
7,4.0,3 07CR274,Starter,Nick Folk,NYJ,K
7,17.0,3 07CR274,Starter,Dallas,Dal,DEF
7,15.0,3 07CR274,Non-Starter,Denver Broncos,Den,DEF
8,21.82,3 07CR274,Starter,Derek Anderson,Buf,QB
8,1.3,3 07CR274,Starter,Laveranues Coles,NYJ,WR|W/R
8,17.5,3 07CR274,Starter,Joey Galloway,Was,WR|W/R
8,9.7,3 07CR274,Starter,Justin Fargas,LV,RB|W/R
8,0.0,3 07CR274,Starter,Derrick Ward,Hou,RB|W/R
8,3.9,3 07CR274,Starter,Randy McMichael,LAC,TE
8,17.0,3 07CR274,Starter,Torry Holt,Jax,WR|W/R
8,0.0,3 07CR274,Non-Starter,Benjamin Watson,NE,TE
8,4.74,3 07CR274,Non-Starter,Chad Pennington,Mia,QB
8,0.0,3 07CR274,Non-Starter,Marion Barber,Chi,RB|W/R
8,0.0,3 07CR274,Non-Starter,Julius Jones,Sea,RB|W/R
8,6.0,3 07CR274,Starter,Rob Bironas,Ten,K
8,0.0,3 07CR274,Non-Starter,Nick Folk,NYJ,K
8,2.0,3 07CR274,Starter,Denver Broncos,Den,DEF
8,0.0,3 07CR274,Non-Starter,Dallas,Dal,DEF
9,16.66,3 07CR274,Starter,Derek Anderson,Buf,QB
9,14.4,3 07CR274,Starter,Joey Galloway,Was,WR|W/R
9,14.4,3 07CR274,Starter,Shaun McDonald,Pit,WR|W/R
9,17.9,3 07CR274,Starter,Justin Fargas,LV,RB|W/R
9,16.6,3 07CR274,Starter,Marion Barber,Chi,RB|W/R
9,1.0,3 07CR274,Starter,Benjamin Watson,NE,TE
9,13.9,3 07CR274,Starter,Julius Jones,Sea,RB|W/R
9,1.4,3 07CR274,Non-Starter,Jeff King,Ari,TE
9,0.0,3 07CR274,Non-Starter,Laveranues Coles,NYJ,WR|W/R
9,0.0,3 07CR274,Non-Starter,Randy McMichael,LAC,TE
9,0.0,3 07CR274,Non-Starter,Torry Holt,Jax,WR|W/R
9,0.0,3 07CR274,Non-Starter,Chad Pennington,Mia,QB
9,3.0,3 07CR274,Starter,Nick Folk,NYJ,K
9,9.0,3 07CR274,Non-Starter,Rob Bironas,Ten,K
9,10.0,3 07CR274,Starter,Dallas,Dal,DEF
10,17.42,3 07CR274,Starter,Derek Anderson,Buf,QB
10,3.8,3 07CR274,Starter,Shaun McDonald,Pit,WR|W/R
10,12.4,3 07CR274,Starter,Torry Holt,Jax,WR|W/R
10,8.4,3 07CR274,Starter,Justin Fargas,LV,RB|W/R
10,3.3,3 07CR274,Starter,Marion Barber,Chi,RB|W/R
10,10.1,3 07CR274,Starter,Randy McMichael,LAC,TE
10,4.8,3 07CR274,Starter,Julius Jones,Sea,RB|W/R
10,3.1,3 07CR274,Non-Starter,Jeff King,Ari,TE
10,0.0,3 07CR274,Non-Starter,Joey Galloway,Was,WR|W/R
10,0.0,3 07CR274,Non-Starter,Benjamin Watson,NE,TE
10,0.0,3 07CR274,Non-Starter,Laveranues Coles,NYJ,WR|W/R
10,0.0,3 07CR274,Non-Starter,Chad Pennington,Mia,QB
10,4.0,3 07CR274,Starter,Nick Folk,NYJ,K
10,7.0,3 07CR274,Non-Starter,Rob Bironas,Ten,K
10,10.0,3 07CR274,Starter,Dallas,Dal,DEF
11,14.56,3 07CR274,Starter,Derek Anderson,Buf,QB
11,11.5,3 07CR274,Starter,Torry Holt,Jax,WR|W/R
11,12.3,3 07CR274,Starter,Joey Galloway,Was,WR|W/R
11,5.0,3 07CR274,Starter,Marion Barber,Chi,RB|W/R
11,8.9,3 07CR274,Starter,Justin Fargas,LV,RB|W/R
11,10.3,3 07CR274,Starter,Benjamin Watson,NE,TE
11,5.6,3 07CR274,Starter,Laveranues Coles,NYJ,WR|W/R
11,16.9,3 07CR274,Non-Starter,Donald Lee,Cin,TE
11,2.7,3 07CR274,Non-Starter,Julius Jones,Sea,RB|W/R
11,0.4,3 07CR274,Non-Starter,Randy McMichael,LAC,TE
11,9.3,3 07CR274,Non-Starter,Shaun McDonald,Pit,WR|W/R
11,0.0,3 07CR274,Non-Starter,Chad Pennington,Mia,QB
11,8.0,3 07CR274,Starter,Rob Bironas,Ten,K
11,0.0,3 07CR274,Non-Starter,Nick Folk,NYJ,K
11,5.0,3 07CR274,Starter,Dallas,Dal,DEF
12,16.12,3 07CR274,Starter,Derek Anderson,Buf,QB
12,5.4,3 07CR274,Starter,Torry Holt,Jax,WR|W/R
12,2.1,3 07CR274,Starter,Joey Galloway,Was,WR|W/R
12,17.5,3 07CR274,Starter,Marion Barber,Chi,RB|W/R
12,21.7,3 07CR274,Starter,Justin Fargas,LV,RB|W/R
12,1.7,3 07CR274,Starter,Benjamin Watson,NE,TE
12,1.8,3 07CR274,Starter,Shaun McDonald,Pit,WR|W/R
12,0.0,3 07CR274,Non-Starter,Laveranues Coles,NYJ,WR|W/R
12,1.0,3 07CR274,Non-Starter,Donald Lee,Cin,TE
12,9.0,3 07CR274,Non-Starter,Julius Jones,Sea,RB|W/R
12,2.6,3 07CR274,Non-Starter,Randy McMichael,LAC,TE
12,0.0,3 07CR274,Non-Starter,Chad Pennington,Mia,QB
12,6.0,3 07CR274,Starter,Rob Bironas,Ten,K
12,7.0,3 07CR274,Non-Starter,Nick Folk,NYJ,K
12,20.0,3 07CR274,Starter,Dallas,Dal,DEF
13,15.16,3 07CR274,Starter,Derek Anderson,Buf,QB
13,19.5,3 07CR274,Starter,Torry Holt,Jax,WR|W/R
13,15.9,3 07CR274,Starter,Joey Galloway,Was,WR|W/R
13,7.8,3 07CR274,Starter,Marion Barber,Chi,RB|W/R
13,22.4,3 07CR274,Starter,Justin Fargas,LV,RB|W/R
13,2.6,3 07CR274,Starter,Benjamin Watson,NE,TE
13,5.4,3 07CR274,Starter,Shaun McDonald,Pit,WR|W/R
13,3.0,3 07CR274,Non-Starter,Donald Lee,Cin,TE
13,6.9,3 07CR274,Non-Starter,Laveranues Coles,NYJ,WR|W/R
13,4.7,3 07CR274,Non-Starter,Julius Jones,Sea,RB|W/R
13,7.0,3 07CR274,Non-Starter,Randy McMichael,LAC,TE
13,0.0,3 07CR274,Non-Starter,Chad Pennington,Mia,QB
13,0.0,3 07CR274,Starter,Rob Bironas,Ten,K
13,11.0,3 07CR274,Non-Starter,Nick Folk,NYJ,K
13,7.0,3 07CR274,Starter,Dallas,Dal,DEF
14,13.7,3 07CR274,Starter,Derek Anderson,Buf,QB
14,9.0,3 07CR274,Starter,Torry Holt,Jax,WR|W/R
14,8.7,3 07CR274,Starter,Joey Galloway,Was,WR|W/R
14,28.4,3 07CR274,Starter,Marion Barber,Chi,RB|W/R
14,5.7,3 07CR274,Starter,Justin Fargas,LV,RB|W/R
14,3.3,3 07CR274,Starter,Benjamin Watson,NE,TE
14,4.8,3 07CR274,Starter,Laveranues Coles,NYJ,WR|W/R
14,9.6,3 07CR274,Non-Starter,Shaun McDonald,Pit,WR|W/R
14,13.1,3 07CR274,Non-Starter,Donald Lee,Cin,TE
14,4.2,3 07CR274,Non-Starter,Julius Jones,Sea,RB|W/R
14,2.3,3 07CR274,Non-Starter,Randy McMichael,LAC,TE
14,0.0,3 07CR274,Non-Starter,Chad Pennington,Mia,QB
14,4.0,3 07CR274,Starter,Rob Bironas,Ten,K
14,0.0,3 07CR274,Non-Starter,Nick Folk,NYJ,K
14,1.0,3 07CR274,Starter,Dallas,Dal,DEF
15,5.48,3 07CR274,Starter,Derek Anderson,Buf,QB
15,8.1,3 07CR274,Starter,Torry Holt,Jax,WR|W/R
15,0.7,3 07CR274,Starter,Joey Galloway,Was,WR|W/R
15,3.2,3 07CR274,Starter,Marion Barber,Chi,RB|W/R
15,15.6,3 07CR274,Starter,Justin Fargas,LV,RB|W/R
15,0.0,3 07CR274,Starter,Benjamin Watson,NE,TE
15,0.0,3 07CR274,Starter,Laveranues Coles,NYJ,WR|W/R
15,10.8,3 07CR274,Non-Starter,Shaun McDonald,Pit,WR|W/R
15,6.4,3 07CR274,Non-Starter,Donald Lee,Cin,TE
15,0.6,3 07CR274,Non-Starter,Julius Jones,Sea,RB|W/R
15,2.2,3 07CR274,Non-Starter,Randy McMichael,LAC,TE
15,7.76,3 07CR274,Non-Starter,Chad Pennington,Mia,QB
15,13.0,3 07CR274,Starter,Rob Bironas,Ten,K
15,6.0,3 07CR274,Non-Starter,Nick Folk,NYJ,K
15,10.0,3 07CR274,Starter,Dallas,Dal,DEF
1,7.78,AirBudGoldenReceiver,Starter,Jason Campbell,Cin,QB
1,2.0,AirBudGoldenReceiver,Starter,Larry Fitzgerald,Ari,WR|W/R
1,15.9,AirBudGoldenReceiver,Starter,Antwaan Randle El,Pit,WR|W/R
1,7.2,AirBudGoldenReceiver,Starter,Laurence Maroney,NE,RB|W/R
1,15.8,AirBudGoldenReceiver,Starter,Clinton Portis,Was,RB|W/R
1,4.0,AirBudGoldenReceiver,Starter,Alge Crumpler,NE,TE
1,5.4,AirBudGoldenReceiver,Starter,Cadillac Williams,LAR,RB|W/R
1,13.0,AirBudGoldenReceiver,Non-Starter,Calvin Johnson,Det,WR|W/R
1,10.9,AirBudGoldenReceiver,Non-Starter,Matt Schaub,Atl,QB
1,9.5,AirBudGoldenReceiver,Non-Starter,Heath Miller,Pit,TE
1,0.0,AirBudGoldenReceiver,Non-Starter,Drew Bennett,LAR,WR|W/R
1,0.6,AirBudGoldenReceiver,Non-Starter,J.J. Arrington,Ari,RB|W/R
1,3.0,AirBudGoldenReceiver,Starter,Robbie Gould,SF,K
1,18.0,AirBudGoldenReceiver,Starter,Los Angeles Chargers,LAC,DEF
1,8.0,AirBudGoldenReceiver,Non-Starter,Washington,Was,DEF
2,14.26,AirBudGoldenReceiver,Starter,Jason Campbell,Cin,QB
2,8.7,AirBudGoldenReceiver,Starter,Larry Fitzgerald,Ari,WR|W/R
2,4.4,AirBudGoldenReceiver,Starter,Antwaan Randle El,Pit,WR|W/R
2,7.7,AirBudGoldenReceiver,Starter,Laurence Maroney,NE,RB|W/R
2,13.6,AirBudGoldenReceiver,Starter,Clinton Portis,Was,RB|W/R
2,3.4,AirBudGoldenReceiver,Starter,Heath Miller,Pit,TE
2,12.8,AirBudGoldenReceiver,Starter,Calvin Johnson,Det,WR|W/R
2,5.3,AirBudGoldenReceiver,Non-Starter,Alge Crumpler,NE,TE
2,18.1,AirBudGoldenReceiver,Non-Starter,Cadillac Williams,LAR,RB|W/R
2,17.38,AirBudGoldenReceiver,Non-Starter,Matt Schaub,Atl,QB
2,4.2,AirBudGoldenReceiver,Non-Starter,Drew Bennett,LAR,WR|W/R
2,3.2,AirBudGoldenReceiver,Non-Starter,Adrian Peterson,Chi,RB|W/R
2,7.0,AirBudGoldenReceiver,Starter,Robbie Gould,SF,K
2,7.0,AirBudGoldenReceiver,Starter,Washington,Was,DEF
2,5.0,AirBudGoldenReceiver,Non-Starter,Los Angeles Chargers,LAC,DEF
3,10.8,AirBudGoldenReceiver,Starter,Jason Campbell,Cin,QB
3,6.5,AirBudGoldenReceiver,Starter,Larry Fitzgerald,Ari,WR|W/R
3,5.8,AirBudGoldenReceiver,Starter,Calvin Johnson,Det,WR|W/R
3,10.3,AirBudGoldenReceiver,Starter,Laurence Maroney,NE,RB|W/R
3,15.7,AirBudGoldenReceiver,Starter,Clinton Portis,Was,RB|W/R
3,8.2,AirBudGoldenReceiver,Starter,Heath Miller,Pit,TE
3,8.9,AirBudGoldenReceiver,Starter,Cadillac Williams,LAR,RB|W/R
3,3.1,AirBudGoldenReceiver,Non-Starter,Antwaan Randle El,Pit,WR|W/R
3,12.3,AirBudGoldenReceiver,Non-Starter,Alge Crumpler,NE,TE
3,9.94,AirBudGoldenReceiver,Non-Starter,Matt Schaub,Atl,QB
3,0.0,AirBudGoldenReceiver,Non-Starter,Drew Bennett,LAR,WR|W/R
3,2.4,AirBudGoldenReceiver,Non-Starter,Adrian Peterson,Chi,RB|W/R
3,3.0,AirBudGoldenReceiver,Starter,Robbie Gould,SF,K
3,1.0,AirBudGoldenReceiver,Starter,Los Angeles Chargers,LAC,DEF
3,8.0,AirBudGoldenReceiver,Non-Starter,Washington,Was,DEF
4,16.58,AirBudGoldenReceiver,Starter,Matt Schaub,Atl,QB
4,10.0,AirBudGoldenReceiver,Starter,Larry Fitzgerald,Ari,WR|W/R
4,7.0,AirBudGoldenReceiver,Starter,Joe Jerevicius,Cle,WR|W/R
4,0.0,AirBudGoldenReceiver,Starter,Laurence Maroney,NE,RB|W/R
4,4.1,AirBudGoldenReceiver,Starter,Cadillac Williams,LAR,RB|W/R
4,4.6,AirBudGoldenReceiver,Starter,Heath Miller,Pit,TE
4,6.4,AirBudGoldenReceiver,Starter,Roddy White,Atl,WR|W/R
4,0.0,AirBudGoldenReceiver,Non-Starter,Calvin Johnson,Det,WR|W/R
4,0.0,AirBudGoldenReceiver,Non-Starter,Jason Campbell,Cin,QB
4,0.0,AirBudGoldenReceiver,Non-Starter,Clinton Portis,Was,RB|W/R
4,0.0,AirBudGoldenReceiver,Non-Starter,Antwaan Randle El,Pit,WR|W/R
4,3.4,AirBudGoldenReceiver,Non-Starter,Alge Crumpler,NE,TE
4,8.0,AirBudGoldenReceiver,Starter,Robbie Gould,SF,K
4,6.0,AirBudGoldenReceiver,Starter,Los Angeles Chargers,LAC,DEF
4,0.0,AirBudGoldenReceiver,Non-Starter,Washington,Was,DEF
5,19.92,AirBudGoldenReceiver,Starter,Jason Campbell,Cin,QB
5,19.6,AirBudGoldenReceiver,Starter,Larry Fitzgerald,Ari,WR|W/R
5,0.3,AirBudGoldenReceiver,Starter,Calvin Johnson,Det,WR|W/R
5,7.1,AirBudGoldenReceiver,Starter,Clinton Portis,Was,RB|W/R
5,1.1,AirBudGoldenReceiver,Starter,Musa Smith,Bal,RB|W/R
5,10.4,AirBudGoldenReceiver,Starter,Heath Miller,Pit,TE
5,10.0,AirBudGoldenReceiver,Starter,Antwaan Randle El,Pit,WR|W/R
5,0.0,AirBudGoldenReceiver,Non-Starter,Laurence Maroney,NE,RB|W/R
5,5.3,AirBudGoldenReceiver,Non-Starter,Roddy White,Atl,WR|W/R
5,8.36,AirBudGoldenReceiver,Non-Starter,Matt Schaub,Atl,QB
5,0.4,AirBudGoldenReceiver,Non-Starter,Alge Crumpler,NE,TE
5,7.0,AirBudGoldenReceiver,Starter,Robbie Gould,SF,K
5,4.0,AirBudGoldenReceiver,Starter,Green Bay Packers,GB,DEF
5,20.0,AirBudGoldenReceiver,Non-Starter,Los Angeles Chargers,LAC,DEF
5,25.0,AirBudGoldenReceiver,Non-Starter,Washington,Was,DEF
6,17.28,AirBudGoldenReceiver,Starter,Jason Campbell,Cin,QB
6,7.7,AirBudGoldenReceiver,Starter,Larry Fitzgerald,Ari,WR|W/R
6,6.4,AirBudGoldenReceiver,Starter,Roddy White,Atl,WR|W/R
6,6.9,AirBudGoldenReceiver,Starter,Clinton Portis,Was,RB|W/R
6,1.5,AirBudGoldenReceiver,Starter,Mike Sellers,Was,RB|W/R
6,0.9,AirBudGoldenReceiver,Starter,Alge Crumpler,NE,TE
6,3.0,AirBudGoldenReceiver,Starter,Antwaan Randle El,Pit,WR|W/R
6,0.0,AirBudGoldenReceiver,Non-Starter,Laurence Maroney,NE,RB|W/R
6,2.3,AirBudGoldenReceiver,Non-Starter,Musa Smith,Bal,RB|W/R
6,0.0,AirBudGoldenReceiver,Non-Starter,Calvin Johnson,Det,WR|W/R
6,0.0,AirBudGoldenReceiver,Non-Starter,Heath Miller,Pit,TE
6,6.96,AirBudGoldenReceiver,Non-Starter,Matt Schaub,Atl,QB
6,3.0,AirBudGoldenReceiver,Starter,Robbie Gould,SF,K
6,10.0,AirBudGoldenReceiver,Starter,Washington,Was,DEF
6,16.0,AirBudGoldenReceiver,Non-Starter,Los Angeles Chargers,LAC,DEF
7,2.5,AirBudGoldenReceiver,Starter,Jason Campbell,Cin,QB
7,9.7,AirBudGoldenReceiver,Starter,Larry Fitzgerald,Ari,WR|W/R
7,12.9,AirBudGoldenReceiver,Starter,Calvin Johnson,Det,WR|W/R
7,17.7,AirBudGoldenReceiver,Starter,Clinton Portis,Was,RB|W/R
7,3.1,AirBudGoldenReceiver,Starter,Laurence Maroney,NE,RB|W/R
7,17.0,AirBudGoldenReceiver,Starter,Heath Miller,Pit,TE
7,17.0,AirBudGoldenReceiver,Starter,Roddy White,Atl,WR|W/R
7,2.2,AirBudGoldenReceiver,Non-Starter,Mike Sellers,Was,RB|W/R
7,0.0,AirBudGoldenReceiver,Non-Starter,Alge Crumpler,NE,TE
7,5.4,AirBudGoldenReceiver,Non-Starter,Antwaan Randle El,Pit,WR|W/R
7,0.92,AirBudGoldenReceiver,Non-Starter,Matt Schaub,Atl,QB
7,0.0,AirBudGoldenReceiver,Non-Starter,Brandon Jackson,Cle,RB|W/R
7,14.0,AirBudGoldenReceiver,Starter,Robbie Gould,SF,K
7,16.0,AirBudGoldenReceiver,Starter,Washington,Was,DEF
7,0.0,AirBudGoldenReceiver,Non-Starter,Los Angeles Chargers,LAC,DEF
8,4.58,AirBudGoldenReceiver,Starter,Jason Campbell,Cin,QB
8,5.5,AirBudGoldenReceiver,Starter,Calvin Johnson,Det,WR|W/R
8,4.3,AirBudGoldenReceiver,Starter,Antwaan Randle El,Pit,WR|W/R
8,8.1,AirBudGoldenReceiver,Starter,Clinton Portis,Was,RB|W/R
8,11.2,AirBudGoldenReceiver,Starter,Laurence Maroney,NE,RB|W/R
8,4.2,AirBudGoldenReceiver,Starter,Heath Miller,Pit,TE
8,2.0,AirBudGoldenReceiver,Starter,Vernand Morency,GB,RB|W/R
8,0.4,AirBudGoldenReceiver,Non-Starter,Mike Sellers,Was,RB|W/R
8,0.0,AirBudGoldenReceiver,Non-Starter,Larry Fitzgerald,Ari,WR|W/R
8,0.0,AirBudGoldenReceiver,Non-Starter,Roddy White,Atl,WR|W/R
8,0.0,AirBudGoldenReceiver,Non-Starter,Alge Crumpler,NE,TE
8,-0.92,AirBudGoldenReceiver,Non-Starter,Matt Schaub,Atl,QB
8,0.0,AirBudGoldenReceiver,Starter,Robbie Gould,SF,K
8,27.0,AirBudGoldenReceiver,Starter,Los Angeles Chargers,LAC,DEF
8,-1.0,AirBudGoldenReceiver,Non-Starter,Washington,Was,DEF
9,8.78,AirBudGoldenReceiver,Starter,Jason Campbell,Cin,QB
9,4.7,AirBudGoldenReceiver,Starter,Calvin Johnson,Det,WR|W/R
9,9.5,AirBudGoldenReceiver,Starter,Larry Fitzgerald,Ari,WR|W/R
9,25.6,AirBudGoldenReceiver,Starter,Clinton Portis,Was,RB|W/R
9,5.9,AirBudGoldenReceiver,Starter,Laurence Maroney,NE,RB|W/R
9,7.7,AirBudGoldenReceiver,Starter,Heath Miller,Pit,TE
9,5.5,AirBudGoldenReceiver,Starter,Roddy White,Atl,WR|W/R
9,3.4,AirBudGoldenReceiver,Non-Starter,Antwaan Randle El,Pit,WR|W/R
9,2.6,AirBudGoldenReceiver,Non-Starter,Mike Sellers,Was,RB|W/R
9,0.0,AirBudGoldenReceiver,Non-Starter,Alge Crumpler,NE,TE
9,0.0,AirBudGoldenReceiver,Non-Starter,Matt Schaub,Atl,QB
9,9.2,AirBudGoldenReceiver,Non-Starter,Ryan Grant,GB,RB|W/R
9,4.0,AirBudGoldenReceiver,Starter,Neil Rackers,Hou,K
9,6.0,AirBudGoldenReceiver,Starter,Washington,Was,DEF
9,7.0,AirBudGoldenReceiver,Non-Starter,Los Angeles Chargers,LAC,DEF
10,20.2,AirBudGoldenReceiver,Starter,Jason Campbell,Cin,QB
10,3.7,AirBudGoldenReceiver,Starter,Calvin Johnson,Det,WR|W/R
10,19.4,AirBudGoldenReceiver,Starter,Larry Fitzgerald,Ari,WR|W/R
10,15.7,AirBudGoldenReceiver,Starter,Clinton Portis,Was,RB|W/R
10,19.9,AirBudGoldenReceiver,Starter,Ryan Grant,GB,RB|W/R
10,13.1,AirBudGoldenReceiver,Starter,Heath Miller,Pit,TE
10,5.7,AirBudGoldenReceiver,Starter,Roddy White,Atl,WR|W/R
10,0.0,AirBudGoldenReceiver,Non-Starter,Laurence Maroney,NE,RB|W/R
10,4.4,AirBudGoldenReceiver,Non-Starter,Antwaan Randle El,Pit,WR|W/R
10,0.0,AirBudGoldenReceiver,Non-Starter,Mike Sellers,Was,RB|W/R
10,9.9,AirBudGoldenReceiver,Non-Starter,Alge Crumpler,NE,TE
10,0.0,AirBudGoldenReceiver,Non-Starter,Matt Schaub,Atl,QB
10,3.0,AirBudGoldenReceiver,Starter,Neil Rackers,Hou,K
10,5.0,AirBudGoldenReceiver,Starter,Washington,Was,DEF
10,15.0,AirBudGoldenReceiver,Non-Starter,Los Angeles Chargers,LAC,DEF
11,19.72,AirBudGoldenReceiver,Starter,Jason Campbell,Cin,QB
11,15.3,AirBudGoldenReceiver,Starter,Larry Fitzgerald,Ari,WR|W/R
11,10.5,AirBudGoldenReceiver,Starter,Calvin Johnson,Det,WR|W/R
11,4.5,AirBudGoldenReceiver,Starter,Clinton Portis,Was,RB|W/R
11,9.0,AirBudGoldenReceiver,Starter,Ryan Grant,GB,RB|W/R
11,3.6,AirBudGoldenReceiver,Starter,Heath Miller,Pit,TE
11,7.9,AirBudGoldenReceiver,Starter,Laurence Maroney,NE,RB|W/R
11,0.8,AirBudGoldenReceiver,Non-Starter,Roddy White,Atl,WR|W/R
11,6.06,AirBudGoldenReceiver,Non-Starter,Antwaan Randle El,Pit,WR|W/R
11,1.3,AirBudGoldenReceiver,Non-Starter,Mike Sellers,Was,RB|W/R
11,2.8,AirBudGoldenReceiver,Non-Starter,Alge Crumpler,NE,TE
11,20.42,AirBudGoldenReceiver,Non-Starter,Matt Schaub,Atl,QB
11,0.0,AirBudGoldenReceiver,Starter,Neil Rackers,Hou,K
11,0.0,AirBudGoldenReceiver,Starter,Los Angeles Chargers,LAC,DEF
11,2.0,AirBudGoldenReceiver,Non-Starter,Washington,Was,DEF
12,10.44,AirBudGoldenReceiver,Starter,Jason Campbell,Cin,QB
12,27.6,AirBudGoldenReceiver,Starter,Larry Fitzgerald,Ari,WR|W/R
12,14.3,AirBudGoldenReceiver,Starter,Calvin Johnson,Det,WR|W/R
12,6.1,AirBudGoldenReceiver,Starter,Clinton Portis,Was,RB|W/R
12,19.2,AirBudGoldenReceiver,Starter,Ryan Grant,GB,RB|W/R
12,0.0,AirBudGoldenReceiver,Starter,Heath Miller,Pit,TE
12,9.1,AirBudGoldenReceiver,Starter,Laurence Maroney,NE,RB|W/R
12,16.4,AirBudGoldenReceiver,Non-Starter,Roddy White,Atl,WR|W/R
12,0.1,AirBudGoldenReceiver,Non-Starter,Antwaan Randle El,Pit,WR|W/R
12,0.0,AirBudGoldenReceiver,Non-Starter,Mike Sellers,Was,RB|W/R
12,1.4,AirBudGoldenReceiver,Non-Starter,Alge Crumpler,NE,TE
12,14.94,AirBudGoldenReceiver,Non-Starter,Matt Schaub,Atl,QB
12,3.0,AirBudGoldenReceiver,Starter,Neil Rackers,Hou,K
12,9.0,AirBudGoldenReceiver,Starter,Los Angeles Chargers,LAC,DEF
12,4.0,AirBudGoldenReceiver,Non-Starter,Washington,Was,DEF
13,6.44,AirBudGoldenReceiver,Starter,Jason Campbell,Cin,QB
13,0.0,AirBudGoldenReceiver,Starter,Larry Fitzgerald,Ari,WR|W/R
13,1.7,AirBudGoldenReceiver,Starter,Calvin Johnson,Det,WR|W/R
13,12.0,AirBudGoldenReceiver,Starter,Clinton Portis,Was,RB|W/R
13,21.8,AirBudGoldenReceiver,Starter,Ryan Grant,GB,RB|W/R
13,3.0,AirBudGoldenReceiver,Starter,Heath Miller,Pit,TE
13,12.3,AirBudGoldenReceiver,Starter,Laurence Maroney,NE,RB|W/R
13,18.6,AirBudGoldenReceiver,Non-Starter,Roddy White,Atl,WR|W/R
13,0.0,AirBudGoldenReceiver,Non-Starter,Antwaan Randle El,Pit,WR|W/R
13,6.5,AirBudGoldenReceiver,Non-Starter,Alge Crumpler,NE,TE
13,1.36,AirBudGoldenReceiver,Non-Starter,Matt Schaub,Atl,QB
13,11.9,AirBudGoldenReceiver,Non-Starter,Chris Brown,Hou,RB|W/R
13,7.0,AirBudGoldenReceiver,Starter,Sebastian Janikowski,Sea,K
13,3.0,AirBudGoldenReceiver,Starter,Washington,Was,DEF
13,20.0,AirBudGoldenReceiver,Non-Starter,Los Angeles Chargers,LAC,DEF
14,3.8,AirBudGoldenReceiver,Starter,Jason Campbell,Cin,QB
14,13.9,AirBudGoldenReceiver,Starter,Larry Fitzgerald,Ari,WR|W/R
14,13.5,AirBudGoldenReceiver,Starter,Roddy White,Atl,WR|W/R
14,12.2,AirBudGoldenReceiver,Starter,Clinton Portis,Was,RB|W/R
14,22.2,AirBudGoldenReceiver,Starter,Ryan Grant,GB,RB|W/R
14,2.8,AirBudGoldenReceiver,Starter,Heath Miller,Pit,TE
14,1.8,AirBudGoldenReceiver,Starter,Laurence Maroney,NE,RB|W/R
14,5.1,AirBudGoldenReceiver,Non-Starter,Calvin Johnson,Det,WR|W/R
14,6.0,AirBudGoldenReceiver,Non-Starter,Antwaan Randle El,Pit,WR|W/R
14,1.6,AirBudGoldenReceiver,Non-Starter,Alge Crumpler,NE,TE
14,0.0,AirBudGoldenReceiver,Non-Starter,Matt Schaub,Atl,QB
14,8.7,AirBudGoldenReceiver,Non-Starter,Chris Brown,Hou,RB|W/R
14,0.0,AirBudGoldenReceiver,Starter,Sebastian Janikowski,Sea,K
14,7.0,AirBudGoldenReceiver,Starter,Los Angeles Chargers,LAC,DEF
14,9.0,AirBudGoldenReceiver,Non-Starter,Washington,Was,DEF
15,6.44,AirBudGoldenReceiver,Starter,Todd Collins,Chi,QB
15,8.7,AirBudGoldenReceiver,Starter,Larry Fitzgerald,Ari,WR|W/R
15,0.4,AirBudGoldenReceiver,Starter,Roddy White,Atl,WR|W/R
15,18.6,AirBudGoldenReceiver,Starter,Clinton Portis,Was,RB|W/R
15,10.0,AirBudGoldenReceiver,Starter,Ryan Grant,GB,RB|W/R
15,8.4,AirBudGoldenReceiver,Starter,Heath Miller,Pit,TE
15,16.4,AirBudGoldenReceiver,Starter,Laurence Maroney,NE,RB|W/R
15,0.0,AirBudGoldenReceiver,Non-Starter,Matt Schaub,Atl,QB
15,10.2,AirBudGoldenReceiver,Non-Starter,Calvin Johnson,Det,WR|W/R
15,0.0,AirBudGoldenReceiver,Non-Starter,Antwaan Randle El,Pit,WR|W/R
15,0.0,AirBudGoldenReceiver,Non-Starter,Alge Crumpler,NE,TE
15,2.9,AirBudGoldenReceiver,Non-Starter,Chris Brown,Hou,RB|W/R
15,0.0,AirBudGoldenReceiver,Starter,Sebastian Janikowski,Sea,K
15,19.0,AirBudGoldenReceiver,Starter,Los Angeles Chargers,LAC,DEF
15,8.0,AirBudGoldenReceiver,Non-Starter,Washington,Was,DEF
1,15.76,Zombie Redskins 2.0,Starter,Carson Palmer,Ari,QB
1,9.6,Zombie Redskins 2.0,Starter,Anquan Boldin,Det,WR|W/R
1,2.8,Zombie Redskins 2.0,Starter,Santana Moss,Was,WR|W/R
1,8.7,Zombie Redskins 2.0,Starter,Larry Johnson,Mia,RB|W/R
1,3.3,Zombie Redskins 2.0,Starter,Cedric Benson,GB,RB|W/R
1,1.0,Zombie Redskins 2.0,Starter,Chris Cooley,Was,TE
1,8.3,Zombie Redskins 2.0,Starter,Bernard Berrian,Min,WR|W/R
1,2.0,Zombie Redskins 2.0,Non-Starter,Isaac Bruce,SF,WR|W/R
1,0.12,Zombie Redskins 2.0,Non-Starter,Steve McNair,Bal,QB
1,0.0,Zombie Redskins 2.0,Non-Starter,Reggie Williams,Jax,WR|W/R
1,2.6,Zombie Redskins 2.0,Non-Starter,Jerry Porter,Jax,WR|W/R
1,1.9,Zombie Redskins 2.0,Non-Starter,Justin Fargas,LV,RB|W/R
1,1.4,Zombie Redskins 2.0,Non-Starter,Owen Daniels,Den,TE
1,0.0,Zombie Redskins 2.0,Starter,Nate Kaeding,LAC,K
1,7.0,Zombie Redskins 2.0,Starter,Baltimore Ravens,Bal,DEF
2,37.04,Zombie Redskins 2.0,Starter,Carson Palmer,Ari,QB
2,8.3,Zombie Redskins 2.0,Starter,Anquan Boldin,Det,WR|W/R
2,8.9,Zombie Redskins 2.0,Starter,Santana Moss,Was,WR|W/R
2,8.7,Zombie Redskins 2.0,Starter,Larry Johnson,Mia,RB|W/R
2,11.0,Zombie Redskins 2.0,Starter,Cedric Benson,GB,RB|W/R
2,8.5,Zombie Redskins 2.0,Starter,Chris Cooley,Was,TE
2,4.5,Zombie Redskins 2.0,Starter,Bernard Berrian,Min,WR|W/R
2,14.2,Zombie Redskins 2.0,Non-Starter,Isaac Bruce,SF,WR|W/R
2,0.0,Zombie Redskins 2.0,Non-Starter,Steve McNair,Bal,QB
2,10.6,Zombie Redskins 2.0,Non-Starter,Jerry Porter,Jax,WR|W/R
2,1.3,Zombie Redskins 2.0,Non-Starter,Justin Fargas,LV,RB|W/R
2,3.8,Zombie Redskins 2.0,Non-Starter,Owen Daniels,Den,TE
2,2.9,Zombie Redskins 2.0,Non-Starter,Michael Pittman,Den,RB|W/R
2,0.0,Zombie Redskins 2.0,Starter,Nate Kaeding,LAC,K
2,12.0,Zombie Redskins 2.0,Starter,Baltimore Ravens,Bal,DEF
3,13.58,Zombie Redskins 2.0,Starter,Carson Palmer,Ari,QB
3,30.1,Zombie Redskins 2.0,Starter,Anquan Boldin,Det,WR|W/R
3,8.4,Zombie Redskins 2.0,Starter,Santana Moss,Was,WR|W/R
3,3.7,Zombie Redskins 2.0,Starter,Larry Johnson,Mia,RB|W/R
3,9.4,Zombie Redskins 2.0,Starter,Cedric Benson,GB,RB|W/R
3,7.9,Zombie Redskins 2.0,Starter,Chris Cooley,Was,TE
3,7.3,Zombie Redskins 2.0,Starter,Bernard Berrian,Min,WR|W/R
3,1.4,Zombie Redskins 2.0,Non-Starter,Isaac Bruce,SF,WR|W/R
3,11.32,Zombie Redskins 2.0,Non-Starter,Steve McNair,Bal,QB
3,2.0,Zombie Redskins 2.0,Non-Starter,Jerry Porter,Jax,WR|W/R
3,5.7,Zombie Redskins 2.0,Non-Starter,Justin Fargas,LV,RB|W/R
3,5.6,Zombie Redskins 2.0,Non-Starter,Owen Daniels,Den,TE
3,9.1,Zombie Redskins 2.0,Non-Starter,Michael Pittman,Den,RB|W/R
3,4.0,Zombie Redskins 2.0,Starter,Nate Kaeding,LAC,K
3,3.0,Zombie Redskins 2.0,Starter,Baltimore Ravens,Bal,DEF
4,9.36,Zombie Redskins 2.0,Starter,Carson Palmer,Ari,QB
4,9.9,Zombie Redskins 2.0,Starter,Bernard Berrian,Min,WR|W/R
4,1.0,Zombie Redskins 2.0,Starter,Nate Burleson,Det,WR|W/R
4,14.8,Zombie Redskins 2.0,Starter,Larry Johnson,Mia,RB|W/R
4,7.4,Zombie Redskins 2.0,Starter,Cedric Benson,GB,RB|W/R
4,6.9,Zombie Redskins 2.0,Starter,Owen Daniels,Den,TE
4,2.4,Zombie Redskins 2.0,Starter,Isaac Bruce,SF,WR|W/R
4,0.0,Zombie Redskins 2.0,Non-Starter,Anquan Boldin,Det,WR|W/R
4,0.0,Zombie Redskins 2.0,Non-Starter,Santana Moss,Was,WR|W/R
4,0.0,Zombie Redskins 2.0,Non-Starter,Chris Cooley,Was,TE
4,14.48,Zombie Redskins 2.0,Non-Starter,Steve McNair,Bal,QB
4,9.0,Zombie Redskins 2.0,Non-Starter,Michael Pittman,Den,RB|W/R
4,3.7,Zombie Redskins 2.0,Non-Starter,Adrian Peterson,Chi,RB|W/R
4,11.0,Zombie Redskins 2.0,Starter,Nate Kaeding,LAC,K
4,2.0,Zombie Redskins 2.0,Starter,Baltimore Ravens,Bal,DEF
5,9.56,Zombie Redskins 2.0,Starter,Steve McNair,Bal,QB
5,1.0,Zombie Redskins 2.0,Starter,Bernard Berrian,Min,WR|W/R
5,0.0,Zombie Redskins 2.0,Starter,Anquan Boldin,Det,WR|W/R
5,1.5,Zombie Redskins 2.0,Starter,Larry Johnson,Mia,RB|W/R
5,12.9,Zombie Redskins 2.0,Starter,Cedric Benson,GB,RB|W/R
5,10.6,Zombie Redskins 2.0,Starter,Chris Cooley,Was,TE
5,0.0,Zombie Redskins 2.0,Starter,Santana Moss,Was,WR|W/R
5,0.7,Zombie Redskins 2.0,Non-Starter,Nate Burleson,Det,WR|W/R
5,9.6,Zombie Redskins 2.0,Non-Starter,Owen Daniels,Den,TE
5,0.0,Zombie Redskins 2.0,Non-Starter,Isaac Bruce,SF,WR|W/R
5,0.0,Zombie Redskins 2.0,Non-Starter,Carson Palmer,Ari,QB
5,1.5,Zombie Redskins 2.0,Non-Starter,Michael Pittman,Den,RB|W/R
5,4.4,Zombie Redskins 2.0,Non-Starter,Adrian Peterson,Chi,RB|W/R
5,7.0,Zombie Redskins 2.0,Starter,Nate Kaeding,LAC,K
5,9.0,Zombie Redskins 2.0,Starter,Baltimore Ravens,Bal,DEF
6,15.0,Zombie Redskins 2.0,Starter,Carson Palmer,Ari,QB
6,13.8,Zombie Redskins 2.0,Starter,Bernard Berrian,Min,WR|W/R
6,-2.0,Zombie Redskins 2.0,Starter,Santana Moss,Was,WR|W/R
6,18.3,Zombie Redskins 2.0,Starter,Larry Johnson,Mia,RB|W/R
6,8.5,Zombie Redskins 2.0,Starter,Cedric Benson,GB,RB|W/R
6,16.5,Zombie Redskins 2.0,Starter,Chris Cooley,Was,TE
6,12.3,Zombie Redskins 2.0,Starter,Nate Burleson,Det,WR|W/R
6,0.0,Zombie Redskins 2.0,Non-Starter,Anquan Boldin,Det,WR|W/R
6,0.0,Zombie Redskins 2.0,Non-Starter,Steve McNair,Bal,QB
6,7.9,Zombie Redskins 2.0,Non-Starter,Owen Daniels,Den,TE
6,0.0,Zombie Redskins 2.0,Non-Starter,Isaac Bruce,SF,WR|W/R
6,0.0,Zombie Redskins 2.0,Non-Starter,Michael Pittman,Den,RB|W/R
6,3.9,Zombie Redskins 2.0,Non-Starter,Adrian Peterson,Chi,RB|W/R
6,0.0,Zombie Redskins 2.0,Starter,Nate Kaeding,LAC,K
6,23.0,Zombie Redskins 2.0,Starter,Baltimore Ravens,Bal,DEF
7,11.04,Zombie Redskins 2.0,Starter,Carson Palmer,Ari,QB
7,6.5,Zombie Redskins 2.0,Starter,Bernard Berrian,Min,WR|W/R
7,0.8,Zombie Redskins 2.0,Starter,Santana Moss,Was,WR|W/R
7,19.3,Zombie Redskins 2.0,Starter,Larry Johnson,Mia,RB|W/R
7,6.5,Zombie Redskins 2.0,Starter,Cedric Benson,GB,RB|W/R
7,0.3,Zombie Redskins 2.0,Starter,Chris Cooley,Was,TE
7,1.2,Zombie Redskins 2.0,Starter,Ladell Betts,NO,RB|W/R
7,14.9,Zombie Redskins 2.0,Non-Starter,Anquan Boldin,Det,WR|W/R
7,7.2,Zombie Redskins 2.0,Non-Starter,Nate Burleson,Det,WR|W/R
7,2.0,Zombie Redskins 2.0,Non-Starter,Owen Daniels,Den,TE
7,5.2,Zombie Redskins 2.0,Non-Starter,Isaac Bruce,SF,WR|W/R
7,0.0,Zombie Redskins 2.0,Non-Starter,Michael Pittman,Den,RB|W/R
7,5.4,Zombie Redskins 2.0,Non-Starter,Adrian Peterson,Chi,RB|W/R
7,9.0,Zombie Redskins 2.0,Starter,David Akers,Det,K
7,5.0,Zombie Redskins 2.0,Starter,Baltimore Ravens,Bal,DEF
8,12.4,Zombie Redskins 2.0,Starter,Carson Palmer,Ari,QB
8,4.5,Zombie Redskins 2.0,Starter,Bernard Berrian,Min,WR|W/R
8,4.1,Zombie Redskins 2.0,Starter,Santana Moss,Was,WR|W/R
8,6.0,Zombie Redskins 2.0,Starter,Cedric Benson,GB,RB|W/R
8,5.2,Zombie Redskins 2.0,Starter,Adrian Peterson,Chi,RB|W/R
8,9.1,Zombie Redskins 2.0,Starter,Chris Cooley,Was,TE
8,0.9,Zombie Redskins 2.0,Starter,Ladell Betts,NO,RB|W/R
8,0.0,Zombie Redskins 2.0,Non-Starter,Larry Johnson,Mia,RB|W/R
8,0.0,Zombie Redskins 2.0,Non-Starter,Anquan Boldin,Det,WR|W/R
8,0.0,Zombie Redskins 2.0,Non-Starter,Nate Burleson,Det,WR|W/R
8,3.5,Zombie Redskins 2.0,Non-Starter,Owen Daniels,Den,TE
8,7.0,Zombie Redskins 2.0,Non-Starter,Isaac Bruce,SF,WR|W/R
8,9.0,Zombie Redskins 2.0,Starter,David Akers,Det,K
8,16.0,Zombie Redskins 2.0,Starter,Buffalo,Buf,DEF
8,0.0,Zombie Redskins 2.0,Non-Starter,Baltimore Ravens,Bal,DEF
9,17.34,Zombie Redskins 2.0,Starter,Carson Palmer,Ari,QB
9,4.9,Zombie Redskins 2.0,Starter,Santana Moss,Was,WR|W/R
9,11.9,Zombie Redskins 2.0,Starter,Nate Burleson,Det,WR|W/R
9,6.4,Zombie Redskins 2.0,Starter,Ladell Betts,NO,RB|W/R
9,21.5,Zombie Redskins 2.0,Starter,Larry Johnson,Mia,RB|W/R
9,5.8,Zombie Redskins 2.0,Starter,Chris Cooley,Was,TE
9,4.0,Zombie Redskins 2.0,Starter,Anquan Boldin,Det,WR|W/R
9,0.0,Zombie Redskins 2.0,Non-Starter,Bernard Berrian,Min,WR|W/R
9,0.0,Zombie Redskins 2.0,Non-Starter,Cedric Benson,GB,RB|W/R
9,0.0,Zombie Redskins 2.0,Non-Starter,Adrian Peterson,Chi,RB|W/R
9,4.1,Zombie Redskins 2.0,Non-Starter,Owen Daniels,Den,TE
9,0.0,Zombie Redskins 2.0,Non-Starter,Isaac Bruce,SF,WR|W/R
9,3.0,Zombie Redskins 2.0,Starter,David Akers,Det,K
9,1.0,Zombie Redskins 2.0,Starter,Baltimore Ravens,Bal,DEF
9,2.0,Zombie Redskins 2.0,Non-Starter,Buffalo,Buf,DEF
10,10.64,Zombie Redskins 2.0,Starter,Carson Palmer,Ari,QB
10,5.1,Zombie Redskins 2.0,Starter,Nate Burleson,Det,WR|W/R
10,12.1,Zombie Redskins 2.0,Starter,Isaac Bruce,SF,WR|W/R
10,15.3,Zombie Redskins 2.0,Starter,Cedric Benson,GB,RB|W/R
10,-1.5,Zombie Redskins 2.0,Starter,Ladell Betts,NO,RB|W/R
10,3.3,Zombie Redskins 2.0,Starter,Chris Cooley,Was,TE
10,2.5,Zombie Redskins 2.0,Starter,Anquan Boldin,Det,WR|W/R
10,0.0,Zombie Redskins 2.0,Non-Starter,Santana Moss,Was,WR|W/R
10,0.0,Zombie Redskins 2.0,Non-Starter,Larry Johnson,Mia,RB|W/R
10,14.9,Zombie Redskins 2.0,Non-Starter,Bernard Berrian,Min,WR|W/R
10,2.0,Zombie Redskins 2.0,Non-Starter,Adrian Peterson,Chi,RB|W/R
10,0.0,Zombie Redskins 2.0,Non-Starter,Owen Daniels,Den,TE
10,0.0,Zombie Redskins 2.0,Starter,David Akers,Det,K
10,3.0,Zombie Redskins 2.0,Starter,Baltimore Ravens,Bal,DEF
10,7.0,Zombie Redskins 2.0,Non-Starter,Buffalo,Buf,DEF
11,13.06,Zombie Redskins 2.0,Starter,Carson Palmer,Ari,QB
11,6.4,Zombie Redskins 2.0,Starter,Nate Burleson,Det,WR|W/R
11,5.4,Zombie Redskins 2.0,Starter,Isaac Bruce,SF,WR|W/R
11,14.7,Zombie Redskins 2.0,Starter,Cedric Benson,GB,RB|W/R
11,1.4,Zombie Redskins 2.0,Starter,Ladell Betts,NO,RB|W/R
11,14.9,Zombie Redskins 2.0,Starter,Chris Cooley,Was,TE
11,13.1,Zombie Redskins 2.0,Starter,Anquan Boldin,Det,WR|W/R
11,18.1,Zombie Redskins 2.0,Non-Starter,Santana Moss,Was,WR|W/R
11,0.0,Zombie Redskins 2.0,Non-Starter,Larry Johnson,Mia,RB|W/R
11,10.2,Zombie Redskins 2.0,Non-Starter,Bernard Berrian,Min,WR|W/R
11,7.6,Zombie Redskins 2.0,Non-Starter,Adrian Peterson,Chi,RB|W/R
11,5.4,Zombie Redskins 2.0,Non-Starter,Owen Daniels,Den,TE
11,3.0,Zombie Redskins 2.0,Starter,David Akers,Det,K
11,11.0,Zombie Redskins 2.0,Starter,Baltimore Ravens,Bal,DEF
11,-4.0,Zombie Redskins 2.0,Non-Starter,Buffalo,Buf,DEF
12,21.32,Zombie Redskins 2.0,Starter,Carson Palmer,Ari,QB
12,0.0,Zombie Redskins 2.0,Starter,Nate Burleson,Det,WR|W/R
12,12.3,Zombie Redskins 2.0,Starter,Isaac Bruce,SF,WR|W/R
12,4.7,Zombie Redskins 2.0,Starter,Cedric Benson,GB,RB|W/R
12,7.9,Zombie Redskins 2.0,Starter,Ladell Betts,NO,RB|W/R
12,15.6,Zombie Redskins 2.0,Starter,Chris Cooley,Was,TE
12,5.6,Zombie Redskins 2.0,Starter,Anquan Boldin,Det,WR|W/R
12,1.7,Zombie Redskins 2.0,Non-Starter,Santana Moss,Was,WR|W/R
12,0.0,Zombie Redskins 2.0,Non-Starter,Larry Johnson,Mia,RB|W/R
12,8.4,Zombie Redskins 2.0,Non-Starter,Bernard Berrian,Min,WR|W/R
12,14.6,Zombie Redskins 2.0,Non-Starter,Adrian Peterson,Chi,RB|W/R
12,12.2,Zombie Redskins 2.0,Non-Starter,Owen Daniels,Den,TE
12,0.0,Zombie Redskins 2.0,Starter,David Akers,Det,K
12,-1.0,Zombie Redskins 2.0,Starter,Baltimore Ravens,Bal,DEF
12,-1.0,Zombie Redskins 2.0,Non-Starter,Buffalo,Buf,DEF
13,7.12,Zombie Redskins 2.0,Starter,Carson Palmer,Ari,QB
13,13.1,Zombie Redskins 2.0,Starter,Nate Burleson,Det,WR|W/R
13,9.1,Zombie Redskins 2.0,Starter,Isaac Bruce,SF,WR|W/R
13,0.0,Zombie Redskins 2.0,Starter,Cedric Benson,GB,RB|W/R
13,1.4,Zombie Redskins 2.0,Starter,Ladell Betts,NO,RB|W/R
13,8.9,Zombie Redskins 2.0,Starter,Chris Cooley,Was,TE
13,2.5,Zombie Redskins 2.0,Starter,Anquan Boldin,Det,WR|W/R
13,7.4,Zombie Redskins 2.0,Non-Starter,Santana Moss,Was,WR|W/R
13,0.0,Zombie Redskins 2.0,Non-Starter,Larry Johnson,Mia,RB|W/R
13,5.9,Zombie Redskins 2.0,Non-Starter,Bernard Berrian,Min,WR|W/R
13,14.9,Zombie Redskins 2.0,Non-Starter,Adrian Peterson,Chi,RB|W/R
13,4.2,Zombie Redskins 2.0,Non-Starter,Owen Daniels,Den,TE
13,3.0,Zombie Redskins 2.0,Starter,David Akers,Det,K
13,5.0,Zombie Redskins 2.0,Starter,Baltimore Ravens,Bal,DEF
13,11.0,Zombie Redskins 2.0,Non-Starter,Buffalo,Buf,DEF
1,22.64,Weekend at Benoit's,Starter,Ben Roethlisberger,Pit,QB
1,4.7,Weekend at Benoit's,Starter,Marques Colston,NO,WR|W/R
1,2.9,Weekend at Benoit's,Starter,Braylon Edwards,Sea,WR|W/R
1,20.3,Weekend at Benoit's,Starter,Joseph Addai,Ind,RB|W/R
1,7.2,Weekend at Benoit's,Starter,Ronnie Brown,Hou,RB|W/R
1,0.4,Weekend at Benoit's,Starter,Vernon Davis,Was,TE
1,5.7,Weekend at Benoit's,Starter,Jerious Norwood,LAR,RB|W/R
1,9.32,Weekend at Benoit's,Non-Starter,Vince Young,Phi,QB
1,1.4,Weekend at Benoit's,Non-Starter,Joe Horn,Atl,WR|W/R
1,17.8,Weekend at Benoit's,Non-Starter,Chris Brown,Hou,RB|W/R
1,3.4,Weekend at Benoit's,Non-Starter,Michael Bennett,LV,RB|W/R
1,0.0,Weekend at Benoit's,Non-Starter,Devin Hester,Bal,WR|W/R
1,3.0,Weekend at Benoit's,Non-Starter,Kenton Keith,Ind,RB|W/R
1,11.0,Weekend at Benoit's,Starter,Jason Elam,Atl,K
1,9.0,Weekend at Benoit's,Starter,Philadelphia Eagles,Phi,DEF
2,12.68,Weekend at Benoit's,Starter,Ben Roethlisberger,Pit,QB
2,13.0,Weekend at Benoit's,Starter,Marques Colston,NO,WR|W/R
2,26.6,Weekend at Benoit's,Starter,Braylon Edwards,Sea,WR|W/R
2,14.7,Weekend at Benoit's,Starter,Joseph Addai,Ind,RB|W/R
2,6.9,Weekend at Benoit's,Starter,Ronnie Brown,Hou,RB|W/R
2,2.3,Weekend at Benoit's,Starter,Vernon Davis,Was,TE
2,3.6,Weekend at Benoit's,Starter,Chris Brown,Hou,RB|W/R
2,4.3,Weekend at Benoit's,Non-Starter,Jerious Norwood,LAR,RB|W/R
2,16.66,Weekend at Benoit's,Non-Starter,Vince Young,Phi,QB
2,3.4,Weekend at Benoit's,Non-Starter,Joe Horn,Atl,WR|W/R
2,1.6,Weekend at Benoit's,Non-Starter,Michael Bennett,LV,RB|W/R
2,6.0,Weekend at Benoit's,Non-Starter,Devin Hester,Bal,WR|W/R
2,0.2,Weekend at Benoit's,Non-Starter,Kenton Keith,Ind,RB|W/R
2,9.0,Weekend at Benoit's,Starter,Jason Elam,Atl,K
2,4.0,Weekend at Benoit's,Starter,Philadelphia Eagles,Phi,DEF
3,10.2,Weekend at Benoit's,Starter,Ben Roethlisberger,Pit,QB
3,6.8,Weekend at Benoit's,Starter,Marques Colston,NO,WR|W/R
3,14.3,Weekend at Benoit's,Starter,Braylon Edwards,Sea,WR|W/R
3,21.1,Weekend at Benoit's,Starter,Joseph Addai,Ind,RB|W/R
3,41.1,Weekend at Benoit's,Starter,Ronnie Brown,Hou,RB|W/R
3,0.4,Weekend at Benoit's,Starter,Marcus Pollard,Atl,TE
3,5.6,Weekend at Benoit's,Starter,Chris Brown,Hou,RB|W/R
3,6.6,Weekend at Benoit's,Non-Starter,Jerious Norwood,LAR,RB|W/R
3,14.66,Weekend at Benoit's,Non-Starter,Vince Young,Phi,QB
3,3.6,Weekend at Benoit's,Non-Starter,Joe Horn,Atl,WR|W/R
3,1.6,Weekend at Benoit's,Non-Starter,Michael Bennett,LV,RB|W/R
3,0.0,Weekend at Benoit's,Non-Starter,Devin Hester,Bal,WR|W/R
3,2.0,Weekend at Benoit's,Non-Starter,Kenton Keith,Ind,RB|W/R
3,0.0,Weekend at Benoit's,Starter,Jason Elam,Atl,K
3,7.0,Weekend at Benoit's,Starter,Indianapolis Colts,Ind,DEF
4,16.36,Weekend at Benoit's,Starter,Ben Roethlisberger,Pit,QB
4,0.0,Weekend at Benoit's,Starter,Marques Colston,NO,WR|W/R
4,15.7,Weekend at Benoit's,Starter,Braylon Edwards,Sea,WR|W/R
4,20.6,Weekend at Benoit's,Starter,Joseph Addai,Ind,RB|W/R
4,26.7,Weekend at Benoit's,Starter,Ronnie Brown,Hou,RB|W/R
4,0.0,Weekend at Benoit's,Starter,Vernon Davis,Was,TE
4,0.0,Weekend at Benoit's,Starter,Chris Brown,Hou,RB|W/R
4,4.5,Weekend at Benoit's,Non-Starter,Jerious Norwood,LAR,RB|W/R
4,0.0,Weekend at Benoit's,Non-Starter,Vince Young,Phi,QB
4,0.5,Weekend at Benoit's,Non-Starter,Joe Horn,Atl,WR|W/R
4,0.6,Weekend at Benoit's,Non-Starter,Michael Bennett,LV,RB|W/R
4,6.3,Weekend at Benoit's,Non-Starter,Devin Hester,Bal,WR|W/R
4,8.4,Weekend at Benoit's,Non-Starter,Kenton Keith,Ind,RB|W/R
4,6.0,Weekend at Benoit's,Starter,Jason Elam,Atl,K
4,4.0,Weekend at Benoit's,Starter,Houston Texans,Hou,DEF
5,2.98,Weekend at Benoit's,Starter,Vince Young,Phi,QB
5,3.1,Weekend at Benoit's,Starter,Marques Colston,NO,WR|W/R
5,11.0,Weekend at Benoit's,Starter,Braylon Edwards,Sea,WR|W/R
5,0.0,Weekend at Benoit's,Starter,Joseph Addai,Ind,RB|W/R
5,21.3,Weekend at Benoit's,Starter,Ronnie Brown,Hou,RB|W/R
5,0.0,Weekend at Benoit's,Starter,Vernon Davis,Was,TE
5,27.8,Weekend at Benoit's,Starter,Kenton Keith,Ind,RB|W/R
5,12.34,Weekend at Benoit's,Non-Starter,Ben Roethlisberger,Pit,QB
5,9.4,Weekend at Benoit's,Non-Starter,Chris Brown,Hou,RB|W/R
5,2.7,Weekend at Benoit's,Non-Starter,Jerious Norwood,LAR,RB|W/R
5,0.3,Weekend at Benoit's,Non-Starter,Joe Horn,Atl,WR|W/R
5,-0.2,Weekend at Benoit's,Non-Starter,Michael Bennett,LV,RB|W/R
5,0.5,Weekend at Benoit's,Non-Starter,Devin Hester,Bal,WR|W/R
5,3.0,Weekend at Benoit's,Starter,Jason Elam,Atl,K
5,4.0,Weekend at Benoit's,Starter,Houston Texans,Hou,DEF
6,1.4,Weekend at Benoit's,Starter,Vince Young,Phi,QB
6,6.2,Weekend at Benoit's,Starter,Marques Colston,NO,WR|W/R
6,24.7,Weekend at Benoit's,Starter,Braylon Edwards,Sea,WR|W/R
6,17.0,Weekend at Benoit's,Starter,Ronnie Brown,Hou,RB|W/R
6,2.6,Weekend at Benoit's,Starter,Chris Brown,Hou,RB|W/R
6,0.0,Weekend at Benoit's,Starter,Bubba Franks,NYJ,TE
6,0.0,Weekend at Benoit's,Starter,Kenton Keith,Ind,RB|W/R
6,0.0,Weekend at Benoit's,Non-Starter,Joseph Addai,Ind,RB|W/R
6,0.0,Weekend at Benoit's,Non-Starter,Ben Roethlisberger,Pit,QB
6,19.8,Weekend at Benoit's,Non-Starter,Jerious Norwood,LAR,RB|W/R
6,0.9,Weekend at Benoit's,Non-Starter,Michael Bennett,LV,RB|W/R
6,19.8,Weekend at Benoit's,Non-Starter,Devin Hester,Bal,WR|W/R
6,4.0,Weekend at Benoit's,Starter,Jay Feely,Chi,K
6,0.0,Weekend at Benoit's,Non-Starter,Jason Elam,Atl,K
6,8.0,Weekend at Benoit's,Starter,Houston Texans,Hou,DEF
7,23.6,Weekend at Benoit's,Starter,Ben Roethlisberger,Pit,QB
7,4.5,Weekend at Benoit's,Starter,Marques Colston,NO,WR|W/R
7,4.1,Weekend at Benoit's,Starter,Devin Hester,Bal,WR|W/R
7,10.9,Weekend at Benoit's,Starter,Ronnie Brown,Hou,RB|W/R
7,10.7,Weekend at Benoit's,Starter,Joseph Addai,Ind,RB|W/R
7,7.3,Weekend at Benoit's,Starter,Matt Spaeth,Pit,TE
7,5.9,Weekend at Benoit's,Starter,Jerry Porter,Jax,WR|W/R
7,3.9,Weekend at Benoit's,Non-Starter,Jerious Norwood,LAR,RB|W/R
7,13.2,Weekend at Benoit's,Non-Starter,Kenton Keith,Ind,RB|W/R
7,0.0,Weekend at Benoit's,Non-Starter,Chris Brown,Hou,RB|W/R
7,0.0,Weekend at Benoit's,Non-Starter,Vince Young,Phi,QB
7,0.0,Weekend at Benoit's,Non-Starter,Braylon Edwards,Sea,WR|W/R
7,0.0,Weekend at Benoit's,Starter,Jay Feely,Chi,K
7,4.0,Weekend at Benoit's,Non-Starter,Jason Elam,Atl,K
7,7.0,Weekend at Benoit's,Starter,Houston Texans,Hou,DEF
8,16.1,Weekend at Benoit's,Starter,Ben Roethlisberger,Pit,QB
8,24.5,Weekend at Benoit's,Starter,Marques Colston,NO,WR|W/R
8,23.7,Weekend at Benoit's,Starter,Braylon Edwards,Sea,WR|W/R
8,28.9,Weekend at Benoit's,Starter,Joseph Addai,Ind,RB|W/R
8,2.7,Weekend at Benoit's,Starter,Reuben Droughns,NYG,RB|W/R
8,0.0,Weekend at Benoit's,Starter,Matt Spaeth,Pit,TE
8,9.4,Weekend at Benoit's,Starter,Kenny Watson,Cin,RB|W/R
8,3.3,Weekend at Benoit's,Non-Starter,Kenton Keith,Ind,RB|W/R
8,0.0,Weekend at Benoit's,Non-Starter,Chris Brown,Hou,RB|W/R
8,1.3,Weekend at Benoit's,Non-Starter,Devin Hester,Bal,WR|W/R
8,0.0,Weekend at Benoit's,Non-Starter,Jerious Norwood,LAR,RB|W/R
8,2.78,Weekend at Benoit's,Non-Starter,Vince Young,Phi,QB
8,3.0,Weekend at Benoit's,Starter,Jay Feely,Chi,K
8,7.0,Weekend at Benoit's,Non-Starter,Jason Elam,Atl,K
8,14.0,Weekend at Benoit's,Starter,Detroit Lions,Det,DEF
9,28.36,Weekend at Benoit's,Starter,Ben Roethlisberger,Pit,QB
9,15.9,Weekend at Benoit's,Starter,Marques Colston,NO,WR|W/R
9,6.7,Weekend at Benoit's,Starter,Braylon Edwards,Sea,WR|W/R
9,28.6,Weekend at Benoit's,Starter,Joseph Addai,Ind,RB|W/R
9,3.9,Weekend at Benoit's,Starter,Jerious Norwood,LAR,RB|W/R
9,0.0,Weekend at Benoit's,Starter,Matt Spaeth,Pit,TE
9,10.1,Weekend at Benoit's,Starter,Kenny Watson,Cin,RB|W/R
9,0.0,Weekend at Benoit's,Non-Starter,Reuben Droughns,NYG,RB|W/R
9,0.6,Weekend at Benoit's,Non-Starter,Kenton Keith,Ind,RB|W/R
9,0.0,Weekend at Benoit's,Non-Starter,Devin Hester,Bal,WR|W/R
9,12.52,Weekend at Benoit's,Non-Starter,Damon Huard,KC,QB
9,0.0,Weekend at Benoit's,Non-Starter,Jesse Chatman,NYJ,RB|W/R
9,0.0,Weekend at Benoit's,Starter,Jason Elam,Atl,K
9,0.0,Weekend at Benoit's,Non-Starter,Jay Feely,Chi,K
9,29.0,Weekend at Benoit's,Starter,Detroit Lions,Det,DEF
10,30.02,Weekend at Benoit's,Starter,Ben Roethlisberger,Pit,QB
10,12.9,Weekend at Benoit's,Starter,Marques Colston,NO,WR|W/R
10,7.6,Weekend at Benoit's,Starter,Braylon Edwards,Sea,WR|W/R
10,7.2,Weekend at Benoit's,Starter,Joseph Addai,Ind,RB|W/R
10,14.9,Weekend at Benoit's,Starter,Jesse Chatman,NYJ,RB|W/R
10,2.4,Weekend at Benoit's,Starter,Desmond Clark,Chi,TE
10,4.9,Weekend at Benoit's,Starter,Kenny Watson,Cin,RB|W/R
10,0.0,Weekend at Benoit's,Non-Starter,Jerious Norwood,LAR,RB|W/R
10,7.3,Weekend at Benoit's,Non-Starter,Reuben Droughns,NYG,RB|W/R
10,8.6,Weekend at Benoit's,Non-Starter,Kenton Keith,Ind,RB|W/R
10,-0.2,Weekend at Benoit's,Non-Starter,Devin Hester,Bal,WR|W/R
10,-2.68,Weekend at Benoit's,Non-Starter,Damon Huard,KC,QB
10,3.0,Weekend at Benoit's,Starter,Jay Feely,Chi,K
10,9.0,Weekend at Benoit's,Non-Starter,Jason Elam,Atl,K
10,9.0,Weekend at Benoit's,Starter,Detroit Lions,Det,DEF
11,8.3,Weekend at Benoit's,Starter,Ben Roethlisberger,Pit,QB
11,11.8,Weekend at Benoit's,Starter,Marques Colston,NO,WR|W/R
11,6.5,Weekend at Benoit's,Starter,Braylon Edwards,Sea,WR|W/R
11,16.6,Weekend at Benoit's,Starter,Joseph Addai,Ind,RB|W/R
11,7.6,Weekend at Benoit's,Starter,Jesse Chatman,NYJ,RB|W/R
11,0.7,Weekend at Benoit's,Starter,Desmond Clark,Chi,TE
11,9.5,Weekend at Benoit's,Starter,Kenny Watson,Cin,RB|W/R
11,1.4,Weekend at Benoit's,Non-Starter,Jerious Norwood,LAR,RB|W/R
11,3.9,Weekend at Benoit's,Non-Starter,Reuben Droughns,NYG,RB|W/R
11,0.4,Weekend at Benoit's,Non-Starter,Kenton Keith,Ind,RB|W/R
11,-0.6,Weekend at Benoit's,Non-Starter,Devin Hester,Bal,WR|W/R
11,8.76,Weekend at Benoit's,Non-Starter,Brodie Croyle,KC,QB
11,0.0,Weekend at Benoit's,Starter,Jay Feely,Chi,K
11,6.0,Weekend at Benoit's,Non-Starter,Jason Elam,Atl,K
11,7.0,Weekend at Benoit's,Starter,Detroit Lions,Det,DEF
12,4.7,Weekend at Benoit's,Starter,Ben Roethlisberger,Pit,QB
12,15.3,Weekend at Benoit's,Starter,Marques Colston,NO,WR|W/R
12,11.7,Weekend at Benoit's,Starter,Braylon Edwards,Sea,WR|W/R
12,11.8,Weekend at Benoit's,Starter,Joseph Addai,Ind,RB|W/R
12,1.3,Weekend at Benoit's,Starter,Jesse Chatman,NYJ,RB|W/R
12,6.1,Weekend at Benoit's,Starter,Desmond Clark,Chi,TE
12,10.9,Weekend at Benoit's,Starter,Kenny Watson,Cin,RB|W/R
12,4.2,Weekend at Benoit's,Non-Starter,Jerious Norwood,LAR,RB|W/R
12,11.2,Weekend at Benoit's,Non-Starter,Reuben Droughns,NYG,RB|W/R
12,7.4,Weekend at Benoit's,Non-Starter,Kenton Keith,Ind,RB|W/R
12,10.1,Weekend at Benoit's,Non-Starter,Devin Hester,Bal,WR|W/R
12,4.8,Weekend at Benoit's,Non-Starter,Brodie Croyle,KC,QB
12,0.0,Weekend at Benoit's,Starter,Jay Feely,Chi,K
12,6.0,Weekend at Benoit's,Non-Starter,Jason Elam,Atl,K
12,-2.0,Weekend at Benoit's,Starter,Detroit Lions,Det,DEF
13,18.66,Weekend at Benoit's,Starter,Ben Roethlisberger,Pit,QB
13,3.9,Weekend at Benoit's,Starter,Marques Colston,NO,WR|W/R
13,20.9,Weekend at Benoit's,Starter,Braylon Edwards,Sea,WR|W/R
13,6.7,Weekend at Benoit's,Starter,Joseph Addai,Ind,RB|W/R
13,3.6,Weekend at Benoit's,Starter,Jesse Chatman,NYJ,RB|W/R
13,13.6,Weekend at Benoit's,Starter,Desmond Clark,Chi,TE
13,2.3,Weekend at Benoit's,Starter,Kenny Watson,Cin,RB|W/R
13,11.5,Weekend at Benoit's,Non-Starter,Jerious Norwood,LAR,RB|W/R
13,8.5,Weekend at Benoit's,Non-Starter,Reuben Droughns,NYG,RB|W/R
13,-0.6,Weekend at Benoit's,Non-Starter,Kenton Keith,Ind,RB|W/R
13,-0.3,Weekend at Benoit's,Non-Starter,Devin Hester,Bal,WR|W/R
13,0.0,Weekend at Benoit's,Non-Starter,Brodie Croyle,KC,QB
13,9.0,Weekend at Benoit's,Starter,Jay Feely,Chi,K
13,7.0,Weekend at Benoit's,Non-Starter,Jason Elam,Atl,K
13,-1.0,Weekend at Benoit's,Starter,Detroit Lions,Det,DEF
1,24.28,Cock Salad,Starter,Tom Brady,TB,QB
1,20.7,Cock Salad,Starter,Terrell Owens,Cin,WR|W/R
1,11.0,Cock Salad,Starter,T.J. Houshmandzadeh,LV,WR|W/R
1,18.28,Cock Salad,Starter,LaDainian Tomlinson,NYJ,RB|W/R
1,2.6,Cock Salad,Starter,Jamal Lewis,Cle,RB|W/R
1,17.6,Cock Salad,Starter,Jason Witten,LV,TE
1,3.2,Cock Salad,Starter,Marty Booker,Atl,WR|W/R
1,0.0,Cock Salad,Non-Starter,Greg Jennings,Mia,WR|W/R
1,6.4,Cock Salad,Non-Starter,Bobby Engram,KC,WR|W/R
1,34.9,Cock Salad,Non-Starter,Tony Romo,Dal,QB
1,5.1,Cock Salad,Non-Starter,Patrick Crayton,LAC,WR|W/R
1,6.0,Cock Salad,Non-Starter,Najeh Davenport,Ind,RB|W/R
1,0.0,Cock Salad,Non-Starter,Anthony Gonzalez,Ind,WR|W/R
1,6.0,Cock Salad,Starter,Adam Vinatieri,Ind,K
1,10.0,Cock Salad,Starter,Chicago Bears,Chi,DEF
2,19.04,Cock Salad,Starter,Tony Romo,Dal,QB
2,16.2,Cock Salad,Starter,Terrell Owens,Cin,WR|W/R
2,18.9,Cock Salad,Starter,T.J. Houshmandzadeh,LV,WR|W/R
2,5.8,Cock Salad,Starter,LaDainian Tomlinson,NYJ,RB|W/R
2,27.6,Cock Salad,Starter,Jamal Lewis,Cle,RB|W/R
2,2.7,Cock Salad,Starter,Jason Witten,LV,TE
2,13.9,Cock Salad,Starter,Marty Booker,Atl,WR|W/R
2,21.36,Cock Salad,Non-Starter,Tom Brady,TB,QB
2,0.0,Cock Salad,Non-Starter,Greg Jennings,Mia,WR|W/R
2,7.1,Cock Salad,Non-Starter,Bobby Engram,KC,WR|W/R
2,0.0,Cock Salad,Non-Starter,Patrick Crayton,LAC,WR|W/R
2,5.7,Cock Salad,Non-Starter,Najeh Davenport,Ind,RB|W/R
2,4.9,Cock Salad,Non-Starter,Anthony Gonzalez,Ind,WR|W/R
2,9.0,Cock Salad,Starter,Adam Vinatieri,Ind,K
2,14.0,Cock Salad,Starter,Chicago Bears,Chi,DEF
3,26.64,Cock Salad,Starter,Tom Brady,TB,QB
3,14.5,Cock Salad,Starter,Terrell Owens,Cin,WR|W/R
3,18.4,Cock Salad,Starter,T.J. Houshmandzadeh,LV,WR|W/R
3,15.5,Cock Salad,Starter,LaDainian Tomlinson,NYJ,RB|W/R
3,7.8,Cock Salad,Starter,Jamal Lewis,Cle,RB|W/R
3,15.0,Cock Salad,Starter,Jason Witten,LV,TE
3,6.0,Cock Salad,Starter,Marty Booker,Atl,WR|W/R
3,19.16,Cock Salad,Non-Starter,Tony Romo,Dal,QB
3,14.2,Cock Salad,Non-Starter,Greg Jennings,Mia,WR|W/R
3,12.2,Cock Salad,Non-Starter,Bobby Engram,KC,WR|W/R
3,2.7,Cock Salad,Non-Starter,Patrick Crayton,LAC,WR|W/R
3,10.7,Cock Salad,Non-Starter,Najeh Davenport,Ind,RB|W/R
3,3.9,Cock Salad,Non-Starter,Anthony Gonzalez,Ind,WR|W/R
3,9.0,Cock Salad,Starter,Adam Vinatieri,Ind,K
3,6.0,Cock Salad,Starter,Chicago Bears,Chi,DEF
4,31.96,Cock Salad,Starter,Tony Romo,Dal,QB
4,3.3,Cock Salad,Starter,Terrell Owens,Cin,WR|W/R
4,15.9,Cock Salad,Starter,T.J. Houshmandzadeh,LV,WR|W/R
4,21.4,Cock Salad,Starter,LaDainian Tomlinson,NYJ,RB|W/R
4,12.4,Cock Salad,Starter,Jamal Lewis,Cle,RB|W/R
4,13.1,Cock Salad,Starter,Jason Witten,LV,TE
4,0.8,Cock Salad,Starter,Marty Booker,Atl,WR|W/R
4,19.04,Cock Salad,Non-Starter,Tom Brady,TB,QB
4,10.3,Cock Salad,Non-Starter,Greg Jennings,Mia,WR|W/R
4,11.3,Cock Salad,Non-Starter,Bobby Engram,KC,WR|W/R
4,30.4,Cock Salad,Non-Starter,Patrick Crayton,LAC,WR|W/R
4,1.5,Cock Salad,Non-Starter,Najeh Davenport,Ind,RB|W/R
4,1.9,Cock Salad,Non-Starter,Anthony Gonzalez,Ind,WR|W/R
4,3.0,Cock Salad,Starter,Adam Vinatieri,Ind,K
4,13.0,Cock Salad,Starter,Chicago Bears,Chi,DEF
5,9.06,Cock Salad,Starter,Tony Romo,Dal,QB
5,2.5,Cock Salad,Starter,Terrell Owens,Cin,WR|W/R
5,13.3,Cock Salad,Starter,Patrick Crayton,LAC,WR|W/R
5,14.0,Cock Salad,Starter,LaDainian Tomlinson,NYJ,RB|W/R
5,1.1,Cock Salad,Starter,Jamal Lewis,Cle,RB|W/R
5,16.3,Cock Salad,Starter,Jason Witten,LV,TE
5,2.5,Cock Salad,Starter,Bobby Engram,KC,WR|W/R
5,4.5,Cock Salad,Non-Starter,Marty Booker,Atl,WR|W/R
5,0.0,Cock Salad,Non-Starter,T.J. Houshmandzadeh,LV,WR|W/R
5,22.6,Cock Salad,Non-Starter,Tom Brady,TB,QB
5,14.3,Cock Salad,Non-Starter,Greg Jennings,Mia,WR|W/R
5,21.6,Cock Salad,Non-Starter,Najeh Davenport,Ind,RB|W/R
5,7.1,Cock Salad,Non-Starter,Anthony Gonzalez,Ind,WR|W/R
5,6.0,Cock Salad,Starter,Adam Vinatieri,Ind,K
5,12.0,Cock Salad,Starter,Chicago Bears,Chi,DEF
6,13.86,Cock Salad,Starter,Tony Romo,Dal,QB
6,10.6,Cock Salad,Starter,Patrick Crayton,LAC,WR|W/R
6,26.5,Cock Salad,Starter,T.J. Houshmandzadeh,LV,WR|W/R
6,45.4,Cock Salad,Starter,LaDainian Tomlinson,NYJ,RB|W/R
6,4.7,Cock Salad,Starter,Jason Witten,LV,TE
6,12.6,Cock Salad,Starter,Terrell Owens,Cin,WR|W/R
6,0.0,Cock Salad,Non-Starter,Jamal Lewis,Cle,RB|W/R
6,12.0,Cock Salad,Non-Starter,Bobby Engram,KC,WR|W/R
6,3.4,Cock Salad,Non-Starter,Marty Booker,Atl,WR|W/R
6,34.02,Cock Salad,Non-Starter,Tom Brady,TB,QB
6,2.0,Cock Salad,Non-Starter,Greg Jennings,Mia,WR|W/R
6,0.0,Cock Salad,Non-Starter,Najeh Davenport,Ind,RB|W/R
6,7.0,Cock Salad,Starter,Stephen Gostkowski,Ten,K
6,0.0,Cock Salad,Non-Starter,Adam Vinatieri,Ind,K
6,0.0,Cock Salad,Starter,Chicago Bears,Chi,DEF
7,38.16,Cock Salad,Starter,Tom Brady,TB,QB
7,11.1,Cock Salad,Starter,T.J. Houshmandzadeh,LV,WR|W/R
7,16.3,Cock Salad,Starter,Terrell Owens,Cin,WR|W/R
7,0.6,Cock Salad,Starter,Najeh Davenport,Ind,RB|W/R
7,1.0,Cock Salad,Starter,Ron Dayne,Hou,RB|W/R
7,8.6,Cock Salad,Starter,Jason Witten,LV,TE
7,-0.1,Cock Salad,Starter,Patrick Crayton,LAC,WR|W/R
7,13.48,Cock Salad,Non-Starter,Tony Romo,Dal,QB
7,0.0,Cock Salad,Non-Starter,LaDainian Tomlinson,NYJ,RB|W/R
7,0.0,Cock Salad,Non-Starter,Jamal Lewis,Cle,RB|W/R
7,7.3,Cock Salad,Non-Starter,Bobby Engram,KC,WR|W/R
7,2.8,Cock Salad,Non-Starter,Marty Booker,Atl,WR|W/R
7,0.0,Cock Salad,Non-Starter,Greg Jennings,Mia,WR|W/R
7,6.0,Cock Salad,Starter,Adam Vinatieri,Ind,K
7,4.0,Cock Salad,Starter,Chicago Bears,Chi,DEF
8,35.64,Cock Salad,Starter,Tom Brady,TB,QB
8,14.1,Cock Salad,Starter,T.J. Houshmandzadeh,LV,WR|W/R
8,20.1,Cock Salad,Starter,Greg Jennings,Mia,WR|W/R
8,9.1,Cock Salad,Starter,LaDainian Tomlinson,NYJ,RB|W/R
8,6.1,Cock Salad,Starter,Jamal Lewis,Cle,RB|W/R
8,3.4,Cock Salad,Starter,Donald Lee,Cin,TE
8,2.3,Cock Salad,Starter,Najeh Davenport,Ind,RB|W/R
8,0.0,Cock Salad,Non-Starter,Terrell Owens,Cin,WR|W/R
8,0.0,Cock Salad,Non-Starter,Jason Witten,LV,TE
8,0.0,Cock Salad,Non-Starter,Patrick Crayton,LAC,WR|W/R
8,0.0,Cock Salad,Non-Starter,Tony Romo,Dal,QB
8,0.0,Cock Salad,Non-Starter,Bobby Engram,KC,WR|W/R
8,1.1,Cock Salad,Non-Starter,Marty Booker,Atl,WR|W/R
8,3.0,Cock Salad,Starter,Adam Vinatieri,Ind,K
8,7.0,Cock Salad,Starter,Chicago Bears,Chi,DEF
9,22.96,Cock Salad,Starter,Tony Romo,Dal,QB
9,10.5,Cock Salad,Starter,T.J. Houshmandzadeh,LV,WR|W/R
9,23.4,Cock Salad,Starter,Terrell Owens,Cin,WR|W/R
9,13.7,Cock Salad,Starter,LaDainian Tomlinson,NYJ,RB|W/R
9,34.4,Cock Salad,Starter,Jamal Lewis,Cle,RB|W/R
9,13.7,Cock Salad,Starter,Jason Witten,LV,TE
9,0.0,Cock Salad,Starter,Patrick Crayton,LAC,WR|W/R
9,19.6,Cock Salad,Non-Starter,Tom Brady,TB,QB
9,20.5,Cock Salad,Non-Starter,Greg Jennings,Mia,WR|W/R
9,3.4,Cock Salad,Non-Starter,Najeh Davenport,Ind,RB|W/R
9,19.9,Cock Salad,Non-Starter,Bobby Engram,KC,WR|W/R
9,0.0,Cock Salad,Non-Starter,Marty Booker,Atl,WR|W/R
9,6.0,Cock Salad,Starter,Adam Vinatieri,Ind,K
9,15.0,Cock Salad,Starter,Green Bay Packers,GB,DEF
9,0.0,Cock Salad,Non-Starter,Chicago Bears,Chi,DEF
10,23.68,Cock Salad,Starter,Tony Romo,Dal,QB
10,4.5,Cock Salad,Starter,T.J. Houshmandzadeh,LV,WR|W/R
10,24.5,Cock Salad,Starter,Terrell Owens,Cin,WR|W/R
10,15.7,Cock Salad,Starter,LaDainian Tomlinson,NYJ,RB|W/R
10,2.3,Cock Salad,Starter,Jamal Lewis,Cle,RB|W/R
10,1.2,Cock Salad,Starter,Jason Witten,LV,TE
10,5.3,Cock Salad,Starter,Bobby Engram,KC,WR|W/R
10,12.6,Cock Salad,Non-Starter,Patrick Crayton,LAC,WR|W/R
10,0.0,Cock Salad,Non-Starter,Tom Brady,TB,QB
10,6.3,Cock Salad,Non-Starter,Greg Jennings,Mia,WR|W/R
10,1.7,Cock Salad,Non-Starter,Najeh Davenport,Ind,RB|W/R
10,1.6,Cock Salad,Non-Starter,Marty Booker,Atl,WR|W/R
10,0.0,Cock Salad,Starter,Adam Vinatieri,Ind,K
10,16.0,Cock Salad,Starter,Chicago Bears,Chi,DEF
10,15.0,Cock Salad,Non-Starter,Green Bay Packers,GB,DEF
11,25.92,Cock Salad,Starter,Tony Romo,Dal,QB
11,14.7,Cock Salad,Starter,T.J. Houshmandzadeh,LV,WR|W/R
11,41.3,Cock Salad,Starter,Terrell Owens,Cin,WR|W/R
11,21.5,Cock Salad,Starter,LaDainian Tomlinson,NYJ,RB|W/R
11,18.2,Cock Salad,Starter,Jamal Lewis,Cle,RB|W/R
11,6.7,Cock Salad,Starter,Jason Witten,LV,TE
11,8.4,Cock Salad,Starter,Bobby Engram,KC,WR|W/R
11,35.82,Cock Salad,Non-Starter,Tom Brady,TB,QB
11,1.6,Cock Salad,Non-Starter,Patrick Crayton,LAC,WR|W/R
11,10.8,Cock Salad,Non-Starter,Greg Jennings,Mia,WR|W/R
11,6.1,Cock Salad,Non-Starter,Najeh Davenport,Ind,RB|W/R
11,1.9,Cock Salad,Non-Starter,Marty Booker,Atl,WR|W/R
11,6.0,Cock Salad,Starter,Adam Vinatieri,Ind,K
11,9.0,Cock Salad,Starter,Green Bay Packers,GB,DEF
11,3.0,Cock Salad,Non-Starter,Chicago Bears,Chi,DEF
12,20.8,Cock Salad,Starter,Tom Brady,TB,QB
12,6.2,Cock Salad,Starter,T.J. Houshmandzadeh,LV,WR|W/R
12,12.5,Cock Salad,Starter,Terrell Owens,Cin,WR|W/R
12,12.2,Cock Salad,Starter,LaDainian Tomlinson,NYJ,RB|W/R
12,20.7,Cock Salad,Starter,Jamal Lewis,Cle,RB|W/R
12,11.4,Cock Salad,Starter,Jason Witten,LV,TE
12,7.0,Cock Salad,Starter,Bobby Engram,KC,WR|W/R
12,14.5,Cock Salad,Non-Starter,Tony Romo,Dal,QB
12,0.0,Cock Salad,Non-Starter,Patrick Crayton,LAC,WR|W/R
12,18.0,Cock Salad,Non-Starter,Greg Jennings,Mia,WR|W/R
12,0.6,Cock Salad,Non-Starter,Najeh Davenport,Ind,RB|W/R
12,5.4,Cock Salad,Non-Starter,Marty Booker,Atl,WR|W/R
12,3.0,Cock Salad,Starter,Adam Vinatieri,Ind,K
12,6.0,Cock Salad,Starter,Green Bay Packers,GB,DEF
12,7.0,Cock Salad,Non-Starter,Chicago Bears,Chi,DEF
13,26.16,Cock Salad,Starter,Tony Romo,Dal,QB
13,4.2,Cock Salad,Starter,T.J. Houshmandzadeh,LV,WR|W/R
13,21.6,Cock Salad,Starter,Terrell Owens,Cin,WR|W/R
13,31.7,Cock Salad,Starter,LaDainian Tomlinson,NYJ,RB|W/R
13,14.6,Cock Salad,Starter,Jamal Lewis,Cle,RB|W/R
13,6.7,Cock Salad,Starter,Jason Witten,LV,TE
13,14.7,Cock Salad,Starter,Greg Jennings,Mia,WR|W/R
13,17.68,Cock Salad,Non-Starter,Tom Brady,TB,QB
13,10.0,Cock Salad,Non-Starter,Bobby Engram,KC,WR|W/R
13,16.2,Cock Salad,Non-Starter,Patrick Crayton,LAC,WR|W/R
13,0.0,Cock Salad,Non-Starter,Najeh Davenport,Ind,RB|W/R
13,3.6,Cock Salad,Non-Starter,Marty Booker,Atl,WR|W/R
13,0.0,Cock Salad,Starter,Adam Vinatieri,Ind,K
13,-2.0,Cock Salad,Starter,Green Bay Packers,GB,DEF
13,10.0,Cock Salad,Non-Starter,Chicago Bears,Chi,DEF
14,21.58,Cock Salad,Starter,Tony Romo,Dal,QB
14,6.0,Cock Salad,Starter,T.J. Houshmandzadeh,LV,WR|W/R
14,2.1,Cock Salad,Starter,Terrell Owens,Cin,WR|W/R
14,29.3,Cock Salad,Starter,LaDainian Tomlinson,NYJ,RB|W/R
14,25.7,Cock Salad,Starter,Jamal Lewis,Cle,RB|W/R
14,17.8,Cock Salad,Starter,Jason Witten,LV,TE
14,16.0,Cock Salad,Starter,Greg Jennings,Mia,WR|W/R
14,32.36,Cock Salad,Non-Starter,Tom Brady,TB,QB
14,11.5,Cock Salad,Non-Starter,Bobby Engram,KC,WR|W/R
14,4.6,Cock Salad,Non-Starter,Patrick Crayton,LAC,WR|W/R
14,12.5,Cock Salad,Non-Starter,Najeh Davenport,Ind,RB|W/R
14,0.0,Cock Salad,Non-Starter,Marty Booker,Atl,WR|W/R
14,0.0,Cock Salad,Starter,Adam Vinatieri,Ind,K
14,16.0,Cock Salad,Starter,Green Bay Packers,GB,DEF
14,3.0,Cock Salad,Non-Starter,Chicago Bears,Chi,DEF
15,4.5,Cock Salad,Starter,Tom Brady,TB,QB
15,6.2,Cock Salad,Starter,T.J. Houshmandzadeh,LV,WR|W/R
15,3.7,Cock Salad,Starter,Terrell Owens,Cin,WR|W/R
15,24.3,Cock Salad,Starter,LaDainian Tomlinson,NYJ,RB|W/R
15,17.4,Cock Salad,Starter,Jamal Lewis,Cle,RB|W/R
15,11.3,Cock Salad,Starter,Jason Witten,LV,TE
15,12.6,Cock Salad,Starter,Greg Jennings,Mia,WR|W/R
15,4.06,Cock Salad,Non-Starter,Tony Romo,Dal,QB
15,8.4,Cock Salad,Non-Starter,Bobby Engram,KC,WR|W/R
15,5.4,Cock Salad,Non-Starter,Patrick Crayton,LAC,WR|W/R
15,0.2,Cock Salad,Non-Starter,Najeh Davenport,Ind,RB|W/R
15,8.8,Cock Salad,Non-Starter,Marty Booker,Atl,WR|W/R
15,6.0,Cock Salad,Starter,Adam Vinatieri,Ind,K
15,9.0,Cock Salad,Starter,Green Bay Packers,GB,DEF
15,11.0,Cock Salad,Non-Starter,Chicago Bears,Chi,DEF
16,15.7,Cock Salad,Starter,Tom Brady,TB,QB
16,8.5,Cock Salad,Starter,T.J. Houshmandzadeh,LV,WR|W/R
16,10.8,Cock Salad,Starter,Terrell Owens,Cin,WR|W/R
16,17.4,Cock Salad,Starter,LaDainian Tomlinson,NYJ,RB|W/R
16,13.4,Cock Salad,Starter,Jamal Lewis,Cle,RB|W/R
16,5.3,Cock Salad,Starter,Jason Witten,LV,TE
16,4.2,Cock Salad,Starter,Greg Jennings,Mia,WR|W/R
16,13.58,Cock Salad,Non-Starter,Tony Romo,Dal,QB
16,6.9,Cock Salad,Non-Starter,Bobby Engram,KC,WR|W/R
16,6.5,Cock Salad,Non-Starter,Patrick Crayton,LAC,WR|W/R
16,28.7,Cock Salad,Non-Starter,Najeh Davenport,Ind,RB|W/R
16,2.9,Cock Salad,Non-Starter,Marty Booker,Atl,WR|W/R
16,3.0,Cock Salad,Starter,Adam Vinatieri,Ind,K
16,-1.0,Cock Salad,Starter,Green Bay Packers,GB,DEF
16,25.0,Cock Salad,Non-Starter,Chicago Bears,Chi,DEF
