1,10.96,Motor Boatin SOB's,Starter,Derek Anderson,Buf,QB
1,5.9,Motor Boatin SOB's,Starter,T.J. Houshmandzadeh,LV,WR|W/R
1,12.2,Motor Boatin SOB's,Starter,Roy Williams,Chi,WR|W/R
1,12.7,Motor Boatin SOB's,Starter,LaDainian Tomlinson,NYJ,RB|W/R
1,8.1,Motor Boatin SOB's,Starter,Jamal Lewis,Cle,RB|W/R
1,0.9,Motor Boatin SOB's,Starter,Alge Crumpler,NE,TE
1,14.5,Motor Boatin SOB's,Starter,Nate Burleson,Det,WR|W/R
1,11.6,Motor Boatin SOB's,Non-Starter,Greg Jennings,Mia,WR|W/R
1,12.2,Motor Boatin SOB's,Non-Starter,Felix Jones,Pit,RB|W/R
1,16.9,Motor Boatin SOB's,Non-Starter,Jerious Norwood,LAR,RB|W/R
1,5.3,Motor Boatin SOB's,Non-Starter,D.J. Hackett,Car,WR|W/R
1,0.0,Motor Boatin SOB's,Non-Starter,Jacob Hester,Den,RB|W/R
1,13.88,Motor Boatin SOB's,Non-Starter,Jake Delhomme,Hou,QB
1,4.0,Motor Boatin SOB's,Starter,Mason Crosby,NYG,K
1,2.0,Motor Boatin SOB's,Starter,Minnesota Vikings,Min,DEF
2,3.24,Motor Boatin SOB's,Starter,Derek Anderson,Buf,QB
2,4.1,Motor Boatin SOB's,Starter,T.J. Houshmandzadeh,LV,WR|W/R
2,6.3,Motor Boatin SOB's,Starter,Roy Williams,Chi,WR|W/R
2,5.0,Motor Boatin SOB's,Starter,LaDainian Tomlinson,NYJ,RB|W/R
2,8.1,Motor Boatin SOB's,Starter,Jamal Lewis,Cle,RB|W/R
2,1.1,Motor Boatin SOB's,Starter,Bo Scaife,Ten,TE
2,19.7,Motor Boatin SOB's,Starter,Greg Jennings,Mia,WR|W/R
2,3.42,Motor Boatin SOB's,Non-Starter,Jake Delhomme,Hou,QB
2,7.0,Motor Boatin SOB's,Non-Starter,Felix Jones,Pit,RB|W/R
2,3.1,Motor Boatin SOB's,Non-Starter,Jerious Norwood,LAR,RB|W/R
2,2.7,Motor Boatin SOB's,Non-Starter,D.J. Hackett,Car,WR|W/R
2,0.0,Motor Boatin SOB's,Non-Starter,Jacob Hester,Den,RB|W/R
2,0.0,Motor Boatin SOB's,Non-Starter,Mark Clayton,LAR,WR|W/R
2,6.0,Motor Boatin SOB's,Starter,Mason Crosby,NYG,K
2,7.0,Motor Boatin SOB's,Starter,Minnesota Vikings,Min,DEF
3,3.64,Motor Boatin SOB's,Starter,Jake Delhomme,Hou,QB
3,15.5,Motor Boatin SOB's,Starter,Greg Jennings,Mia,WR|W/R
3,2.8,Motor Boatin SOB's,Starter,Roy Williams,Chi,WR|W/R
3,8.7,Motor Boatin SOB's,Starter,Darren Sproles,Phi,RB|W/R
3,14.4,Motor Boatin SOB's,Starter,Felix Jones,Pit,RB|W/R
3,10.1,Motor Boatin SOB's,Starter,Bo Scaife,Ten,TE
3,11.0,Motor Boatin SOB's,Starter,Jerious Norwood,LAR,RB|W/R
3,26.6,Motor Boatin SOB's,Non-Starter,T.J. Houshmandzadeh,LV,WR|W/R
3,22.2,Motor Boatin SOB's,Non-Starter,LaDainian Tomlinson,NYJ,RB|W/R
3,2.9,Motor Boatin SOB's,Non-Starter,Derek Anderson,Buf,QB
3,9.2,Motor Boatin SOB's,Non-Starter,Jamal Lewis,Cle,RB|W/R
3,2.4,Motor Boatin SOB's,Non-Starter,Mark Clayton,LAR,WR|W/R
3,4.0,Motor Boatin SOB's,Non-Starter,Muhsin Muhammad,Car,WR|W/R
3,9.0,Motor Boatin SOB's,Starter,Mason Crosby,NYG,K
3,19.0,Motor Boatin SOB's,Starter,Minnesota Vikings,Min,DEF
4,19.76,Motor Boatin SOB's,Starter,Jake Delhomme,Hou,QB
4,25.9,Motor Boatin SOB's,Starter,Greg Jennings,Mia,WR|W/R
4,8.0,Motor Boatin SOB's,Starter,T.J. Houshmandzadeh,LV,WR|W/R
4,24.5,Motor Boatin SOB's,Starter,LaDainian Tomlinson,NYJ,RB|W/R
4,16.4,Motor Boatin SOB's,Starter,Jamal Lewis,Cle,RB|W/R
4,3.2,Motor Boatin SOB's,Starter,Bo Scaife,Ten,TE
4,0.0,Motor Boatin SOB's,Starter,Felix Jones,Pit,RB|W/R
4,7.2,Motor Boatin SOB's,Non-Starter,Jerious Norwood,LAR,RB|W/R
4,4.2,Motor Boatin SOB's,Non-Starter,Darren Sproles,Phi,RB|W/R
4,0.0,Motor Boatin SOB's,Non-Starter,Roy Williams,Chi,WR|W/R
4,8.62,Motor Boatin SOB's,Non-Starter,Derek Anderson,Buf,QB
4,-0.1,Motor Boatin SOB's,Non-Starter,Mark Clayton,LAR,WR|W/R
4,24.7,Motor Boatin SOB's,Non-Starter,Muhsin Muhammad,Car,WR|W/R
4,0.0,Motor Boatin SOB's,Starter,Mason Crosby,NYG,K
4,1.0,Motor Boatin SOB's,Starter,Minnesota Vikings,Min,DEF
5,15.54,Motor Boatin SOB's,Starter,Jake Delhomme,Hou,QB
5,16.7,Motor Boatin SOB's,Starter,Greg Jennings,Mia,WR|W/R
5,24.0,Motor Boatin SOB's,Starter,T.J. Houshmandzadeh,LV,WR|W/R
5,8.2,Motor Boatin SOB's,Starter,LaDainian Tomlinson,NYJ,RB|W/R
5,16.8,Motor Boatin SOB's,Starter,Felix Jones,Pit,RB|W/R
5,0.0,Motor Boatin SOB's,Starter,John Carlson,Ari,TE
5,13.1,Motor Boatin SOB's,Starter,Roy Williams,Chi,WR|W/R
5,0.0,Motor Boatin SOB's,Non-Starter,Jamal Lewis,Cle,RB|W/R
5,3.6,Motor Boatin SOB's,Non-Starter,Jerious Norwood,LAR,RB|W/R
5,5.2,Motor Boatin SOB's,Non-Starter,Darren Sproles,Phi,RB|W/R
5,0.0,Motor Boatin SOB's,Non-Starter,Derek Anderson,Buf,QB
5,14.6,Motor Boatin SOB's,Non-Starter,Muhsin Muhammad,Car,WR|W/R
5,6.3,Motor Boatin SOB's,Non-Starter,Derrick Mason,NYJ,WR|W/R
5,5.0,Motor Boatin SOB's,Starter,Mason Crosby,NYG,K
5,17.0,Motor Boatin SOB's,Starter,Minnesota Vikings,Min,DEF
6,3.58,Motor Boatin SOB's,Starter,Jake Delhomme,Hou,QB
6,16.9,Motor Boatin SOB's,Starter,Greg Jennings,Mia,WR|W/R
6,8.4,Motor Boatin SOB's,Starter,T.J. Houshmandzadeh,LV,WR|W/R
6,13.3,Motor Boatin SOB's,Starter,LaDainian Tomlinson,NYJ,RB|W/R
6,15.7,Motor Boatin SOB's,Starter,Jamal Lewis,Cle,RB|W/R
6,10.2,Motor Boatin SOB's,Starter,John Carlson,Ari,TE
6,2.2,Motor Boatin SOB's,Starter,Felix Jones,Pit,RB|W/R
6,3.3,Motor Boatin SOB's,Non-Starter,Roy Williams,Chi,WR|W/R
6,2.2,Motor Boatin SOB's,Non-Starter,Jerious Norwood,LAR,RB|W/R
6,2.2,Motor Boatin SOB's,Non-Starter,Darren Sproles,Phi,RB|W/R
6,22.2,Motor Boatin SOB's,Non-Starter,Derek Anderson,Buf,QB
6,8.8,Motor Boatin SOB's,Non-Starter,Muhsin Muhammad,Car,WR|W/R
6,8.0,Motor Boatin SOB's,Non-Starter,Derrick Mason,NYJ,WR|W/R
6,8.0,Motor Boatin SOB's,Starter,Mason Crosby,NYG,K
6,14.0,Motor Boatin SOB's,Starter,Minnesota Vikings,Min,DEF
7,16.6,Motor Boatin SOB's,Starter,Jake Delhomme,Hou,QB
7,4.7,Motor Boatin SOB's,Starter,Greg Jennings,Mia,WR|W/R
7,17.7,Motor Boatin SOB's,Starter,Derrick Mason,NYJ,WR|W/R
7,9.7,Motor Boatin SOB's,Starter,LaDainian Tomlinson,NYJ,RB|W/R
7,10.3,Motor Boatin SOB's,Starter,Jamal Lewis,Cle,RB|W/R
7,8.6,Motor Boatin SOB's,Starter,John Carlson,Ari,TE
7,5.8,Motor Boatin SOB's,Starter,Muhsin Muhammad,Car,WR|W/R
7,0.0,Motor Boatin SOB's,Non-Starter,Felix Jones,Pit,RB|W/R
7,9.8,Motor Boatin SOB's,Non-Starter,T.J. Houshmandzadeh,LV,WR|W/R
7,0.0,Motor Boatin SOB's,Non-Starter,Roy Williams,Chi,WR|W/R
7,0.0,Motor Boatin SOB's,Non-Starter,Jerious Norwood,LAR,RB|W/R
7,1.1,Motor Boatin SOB's,Non-Starter,Darren Sproles,Phi,RB|W/R
7,11.84,Motor Boatin SOB's,Non-Starter,Derek Anderson,Buf,QB
7,6.0,Motor Boatin SOB's,Starter,Mason Crosby,NYG,K
7,2.0,Motor Boatin SOB's,Starter,Minnesota Vikings,Min,DEF
8,15.72,Motor Boatin SOB's,Starter,Jake Delhomme,Hou,QB
8,0.8,Motor Boatin SOB's,Starter,Derrick Mason,NYJ,WR|W/R
8,10.3,Motor Boatin SOB's,Starter,T.J. Houshmandzadeh,LV,WR|W/R
8,25.5,Motor Boatin SOB's,Starter,LaDainian Tomlinson,NYJ,RB|W/R
8,15.3,Motor Boatin SOB's,Starter,Jamal Lewis,Cle,RB|W/R
8,1.8,Motor Boatin SOB's,Starter,John Carlson,Ari,TE
8,6.3,Motor Boatin SOB's,Starter,Muhsin Muhammad,Car,WR|W/R
8,0.0,Motor Boatin SOB's,Non-Starter,Greg Jennings,Mia,WR|W/R
8,0.0,Motor Boatin SOB's,Non-Starter,Felix Jones,Pit,RB|W/R
8,8.0,Motor Boatin SOB's,Non-Starter,Roy Williams,Chi,WR|W/R
8,8.5,Motor Boatin SOB's,Non-Starter,Jerious Norwood,LAR,RB|W/R
8,4.6,Motor Boatin SOB's,Non-Starter,Darren Sproles,Phi,RB|W/R
8,5.0,Motor Boatin SOB's,Starter,Josh Scobee,Pit,K
8,0.0,Motor Boatin SOB's,Starter,San Francisco 49ers,SF,DEF
8,0.0,Motor Boatin SOB's,Non-Starter,Minnesota Vikings,Min,DEF
9,17.56,Motor Boatin SOB's,Starter,Jeff Garcia,Hou,QB
9,10.0,Motor Boatin SOB's,Starter,T.J. Houshmandzadeh,LV,WR|W/R
9,9.4,Motor Boatin SOB's,Starter,Greg Jennings,Mia,WR|W/R
9,15.3,Motor Boatin SOB's,Starter,Jerious Norwood,LAR,RB|W/R
9,6.7,Motor Boatin SOB's,Starter,Jamal Lewis,Cle,RB|W/R
9,4.0,Motor Boatin SOB's,Starter,John Carlson,Ari,TE
9,4.1,Motor Boatin SOB's,Starter,Donnie Avery,KC,WR|W/R
9,0.0,Motor Boatin SOB's,Non-Starter,Jake Delhomme,Hou,QB
9,0.0,Motor Boatin SOB's,Non-Starter,LaDainian Tomlinson,NYJ,RB|W/R
9,24.1,Motor Boatin SOB's,Non-Starter,Derrick Mason,NYJ,WR|W/R
9,0.0,Motor Boatin SOB's,Non-Starter,Felix Jones,Pit,RB|W/R
9,3.3,Motor Boatin SOB's,Non-Starter,Roy Williams,Chi,WR|W/R
9,0.0,Motor Boatin SOB's,Non-Starter,Darren Sproles,Phi,RB|W/R
9,0.0,Motor Boatin SOB's,Starter,John Carney,NO,K
9,12.0,Motor Boatin SOB's,Starter,Minnesota Vikings,Min,DEF
10,-1.12,Motor Boatin SOB's,Starter,Jake Delhomme,Hou,QB
10,5.2,Motor Boatin SOB's,Starter,Greg Jennings,Mia,WR|W/R
10,7.6,Motor Boatin SOB's,Starter,Derrick Mason,NYJ,WR|W/R
10,15.4,Motor Boatin SOB's,Starter,Jamal Lewis,Cle,RB|W/R
10,13.7,Motor Boatin SOB's,Starter,LaDainian Tomlinson,NYJ,RB|W/R
10,2.6,Motor Boatin SOB's,Starter,Jeremy Shockey,Car,TE
10,5.2,Motor Boatin SOB's,Starter,Donnie Avery,KC,WR|W/R
10,17.5,Motor Boatin SOB's,Non-Starter,Jerious Norwood,LAR,RB|W/R
10,0.0,Motor Boatin SOB's,Non-Starter,T.J. Houshmandzadeh,LV,WR|W/R
10,0.0,Motor Boatin SOB's,Non-Starter,Jeff Garcia,Hou,QB
10,0.0,Motor Boatin SOB's,Non-Starter,Felix Jones,Pit,RB|W/R
10,0.0,Motor Boatin SOB's,Non-Starter,Roy Williams,Chi,WR|W/R
10,4.5,Motor Boatin SOB's,Non-Starter,Darren Sproles,Phi,RB|W/R
10,9.0,Motor Boatin SOB's,Starter,John Carney,NO,K
10,8.0,Motor Boatin SOB's,Starter,Minnesota Vikings,Min,DEF
11,7.88,Motor Boatin SOB's,Starter,Jake Delhomme,Hou,QB
11,14.9,Motor Boatin SOB's,Starter,Greg Jennings,Mia,WR|W/R
11,26.9,Motor Boatin SOB's,Starter,T.J. Houshmandzadeh,LV,WR|W/R
11,6.5,Motor Boatin SOB's,Starter,Jamal Lewis,Cle,RB|W/R
11,17.7,Motor Boatin SOB's,Starter,LaDainian Tomlinson,NYJ,RB|W/R
11,3.8,Motor Boatin SOB's,Starter,Bo Scaife,Ten,TE
11,11.7,Motor Boatin SOB's,Starter,Derrick Mason,NYJ,WR|W/R
11,5.1,Motor Boatin SOB's,Non-Starter,Roy Williams,Chi,WR|W/R
11,5.8,Motor Boatin SOB's,Non-Starter,Jerious Norwood,LAR,RB|W/R
11,13.8,Motor Boatin SOB's,Non-Starter,Donnie Avery,KC,WR|W/R
11,12.3,Motor Boatin SOB's,Non-Starter,Jeff Garcia,Hou,QB
11,0.0,Motor Boatin SOB's,Non-Starter,Felix Jones,Pit,RB|W/R
11,1.4,Motor Boatin SOB's,Non-Starter,Darren Sproles,Phi,RB|W/R
11,0.0,Motor Boatin SOB's,Starter,John Carney,NO,K
11,4.0,Motor Boatin SOB's,Starter,Minnesota Vikings,Min,DEF
12,10.2,Motor Boatin SOB's,Starter,Jeff Garcia,Hou,QB
12,20.1,Motor Boatin SOB's,Starter,Greg Jennings,Mia,WR|W/R
12,4.0,Motor Boatin SOB's,Starter,T.J. Houshmandzadeh,LV,WR|W/R
12,5.8,Motor Boatin SOB's,Starter,Jamal Lewis,Cle,RB|W/R
12,12.9,Motor Boatin SOB's,Starter,LaDainian Tomlinson,NYJ,RB|W/R
12,5.5,Motor Boatin SOB's,Starter,Bo Scaife,Ten,TE
12,1.4,Motor Boatin SOB's,Starter,Donnie Avery,KC,WR|W/R
12,5.1,Motor Boatin SOB's,Non-Starter,Roy Williams,Chi,WR|W/R
12,5.5,Motor Boatin SOB's,Non-Starter,Derrick Mason,NYJ,WR|W/R
12,23.6,Motor Boatin SOB's,Non-Starter,Jake Delhomme,Hou,QB
12,2.1,Motor Boatin SOB's,Non-Starter,Jerious Norwood,LAR,RB|W/R
12,4.4,Motor Boatin SOB's,Non-Starter,Darren Sproles,Phi,RB|W/R
12,6.8,Motor Boatin SOB's,Non-Starter,Michael Jenkins,Min,WR|W/R
12,10.0,Motor Boatin SOB's,Starter,Neil Rackers,Hou,K
12,24.0,Motor Boatin SOB's,Starter,Minnesota Vikings,Min,DEF
13,12.96,Motor Boatin SOB's,Starter,Jeff Garcia,Hou,QB
13,21.1,Motor Boatin SOB's,Starter,Greg Jennings,Mia,WR|W/R
13,8.4,Motor Boatin SOB's,Starter,T.J. Houshmandzadeh,LV,WR|W/R
13,8.9,Motor Boatin SOB's,Starter,Jamal Lewis,Cle,RB|W/R
13,15.1,Motor Boatin SOB's,Starter,LaDainian Tomlinson,NYJ,RB|W/R
13,1.3,Motor Boatin SOB's,Starter,Bo Scaife,Ten,TE
13,18.1,Motor Boatin SOB's,Starter,Derrick Mason,NYJ,WR|W/R
13,0.2,Motor Boatin SOB's,Non-Starter,Donnie Avery,KC,WR|W/R
13,7.4,Motor Boatin SOB's,Non-Starter,Roy Williams,Chi,WR|W/R
13,13.08,Motor Boatin SOB's,Non-Starter,Jake Delhomme,Hou,QB
13,3.6,Motor Boatin SOB's,Non-Starter,Jerious Norwood,LAR,RB|W/R
13,0.0,Motor Boatin SOB's,Non-Starter,Darren Sproles,Phi,RB|W/R
13,2.7,Motor Boatin SOB's,Non-Starter,Michael Jenkins,Min,WR|W/R
13,0.0,Motor Boatin SOB's,Starter,Neil Rackers,Hou,K
13,10.0,Motor Boatin SOB's,Starter,Minnesota Vikings,Min,DEF
14,21.44,Motor Boatin SOB's,Starter,Jeff Garcia,Hou,QB
14,8.4,Motor Boatin SOB's,Starter,Greg Jennings,Mia,WR|W/R
14,11.5,Motor Boatin SOB's,Starter,T.J. Houshmandzadeh,LV,WR|W/R
14,2.0,Motor Boatin SOB's,Starter,Jamal Lewis,Cle,RB|W/R
14,15.1,Motor Boatin SOB's,Starter,LaDainian Tomlinson,NYJ,RB|W/R
14,7.5,Motor Boatin SOB's,Starter,Heath Miller,Pit,TE
14,13.5,Motor Boatin SOB's,Starter,Derrick Mason,NYJ,WR|W/R
14,2.8,Motor Boatin SOB's,Non-Starter,Donnie Avery,KC,WR|W/R
14,2.6,Motor Boatin SOB's,Non-Starter,Roy Williams,Chi,WR|W/R
14,6.72,Motor Boatin SOB's,Non-Starter,Jake Delhomme,Hou,QB
14,5.8,Motor Boatin SOB's,Non-Starter,Jerious Norwood,LAR,RB|W/R
14,17.9,Motor Boatin SOB's,Non-Starter,Darren Sproles,Phi,RB|W/R
14,11.4,Motor Boatin SOB's,Non-Starter,Michael Jenkins,Min,WR|W/R
14,7.0,Motor Boatin SOB's,Starter,Neil Rackers,Hou,K
14,5.0,Motor Boatin SOB's,Starter,Minnesota Vikings,Min,DEF
15,0.0,Motor Boatin SOB's,Starter,Jeff Garcia,Hou,QB
15,9.7,Motor Boatin SOB's,Starter,Greg Jennings,Mia,WR|W/R
15,3.4,Motor Boatin SOB's,Starter,T.J. Houshmandzadeh,LV,WR|W/R
15,6.1,Motor Boatin SOB's,Starter,Jamal Lewis,Cle,RB|W/R
15,16.4,Motor Boatin SOB's,Starter,LaDainian Tomlinson,NYJ,RB|W/R
15,4.1,Motor Boatin SOB's,Starter,Heath Miller,Pit,TE
15,7.0,Motor Boatin SOB's,Starter,Michael Jenkins,Min,WR|W/R
15,3.8,Motor Boatin SOB's,Non-Starter,Derrick Mason,NYJ,WR|W/R
15,10.2,Motor Boatin SOB's,Non-Starter,Donnie Avery,KC,WR|W/R
15,1.0,Motor Boatin SOB's,Non-Starter,Roy Williams,Chi,WR|W/R
15,11.92,Motor Boatin SOB's,Non-Starter,Jake Delhomme,Hou,QB
15,2.7,Motor Boatin SOB's,Non-Starter,Jerious Norwood,LAR,RB|W/R
15,3.1,Motor Boatin SOB's,Non-Starter,Darren Sproles,Phi,RB|W/R
15,0.0,Motor Boatin SOB's,Starter,Neil Rackers,Hou,K
15,18.0,Motor Boatin SOB's,Starter,Minnesota Vikings,Min,DEF
16,9.2,Motor Boatin SOB's,Starter,Matt Schaub,Atl,QB
16,12.8,Motor Boatin SOB's,Starter,Greg Jennings,Mia,WR|W/R
16,0.0,Motor Boatin SOB's,Starter,T.J. Houshmandzadeh,LV,WR|W/R
16,7.6,Motor Boatin SOB's,Starter,Jamal Lewis,Cle,RB|W/R
16,12.0,Motor Boatin SOB's,Starter,LaDainian Tomlinson,NYJ,RB|W/R
16,10.9,Motor Boatin SOB's,Starter,Heath Miller,Pit,TE
16,15.6,Motor Boatin SOB's,Starter,Derrick Mason,NYJ,WR|W/R
16,7.4,Motor Boatin SOB's,Non-Starter,Jake Delhomme,Hou,QB
16,19.78,Motor Boatin SOB's,Non-Starter,Jeff Garcia,Hou,QB
16,8.1,Motor Boatin SOB's,Non-Starter,Michael Jenkins,Min,WR|W/R
16,8.1,Motor Boatin SOB's,Non-Starter,Donnie Avery,KC,WR|W/R
16,2.7,Motor Boatin SOB's,Non-Starter,Roy Williams,Chi,WR|W/R
16,9.1,Motor Boatin SOB's,Non-Starter,Jerious Norwood,LAR,RB|W/R
16,0.0,Motor Boatin SOB's,Starter,Neil Rackers,Hou,K
16,2.0,Motor Boatin SOB's,Starter,Minnesota Vikings,Min,DEF
1,13.18,KENYANS!,Starter,Ben Roethlisberger,Pit,QB
1,2.9,KENYANS!,Starter,Santonio Holmes,Chi,WR|W/R
1,2.9,KENYANS!,Starter,Ted Ginn,Chi,WR|W/R
1,9.1,KENYANS!,Starter,Larry Johnson,Mia,RB|W/R
1,31.8,KENYANS!,Starter,Willie Parker,Pit,RB|W/R
1,1.3,KENYANS!,Starter,Dallas Clark,Bal,TE
1,2.8,KENYANS!,Starter,Rashard Mendenhall,Ari,RB|W/R
1,0.0,KENYANS!,Non-Starter,Isaac Bruce,SF,WR|W/R
1,5.5,KENYANS!,Non-Starter,Chester Taylor,Ari,RB|W/R
1,0.0,KENYANS!,Non-Starter,Limas Sweed,Pit,WR|W/R
1,6.4,KENYANS!,Non-Starter,Steve Slaton,Hou,RB|W/R
1,16.04,KENYANS!,Non-Starter,Chad Pennington,Mia,QB
1,0.0,KENYANS!,Non-Starter,Nate Washington,Hou,WR|W/R
1,4.0,KENYANS!,Starter,Jeff Reed,Pit,K
1,12.0,KENYANS!,Starter,Pittsburgh Steelers,Pit,DEF
2,10.96,KENYANS!,Starter,Ben Roethlisberger,Pit,QB
2,12.9,KENYANS!,Starter,Santonio Holmes,Chi,WR|W/R
2,7.5,KENYANS!,Starter,Matt Jones,Jax,WR|W/R
2,2.2,KENYANS!,Starter,Larry Johnson,Mia,RB|W/R
2,10.5,KENYANS!,Starter,Willie Parker,Pit,RB|W/R
2,1.1,KENYANS!,Starter,Dante Rosario,Chi,TE
2,0.0,KENYANS!,Starter,Rashard Mendenhall,Ari,RB|W/R
2,1.4,KENYANS!,Non-Starter,Ted Ginn,Chi,WR|W/R
2,0.0,KENYANS!,Non-Starter,Dallas Clark,Bal,TE
2,17.3,KENYANS!,Non-Starter,Isaac Bruce,SF,WR|W/R
2,2.1,KENYANS!,Non-Starter,Chester Taylor,Ari,RB|W/R
2,0.0,KENYANS!,Non-Starter,Steve Slaton,Hou,RB|W/R
2,5.08,KENYANS!,Non-Starter,Chad Pennington,Mia,QB
2,4.0,KENYANS!,Starter,Jeff Reed,Pit,K
2,13.0,KENYANS!,Starter,Pittsburgh Steelers,Pit,DEF
3,-0.16,KENYANS!,Starter,Ben Roethlisberger,Pit,QB
3,4.7,KENYANS!,Starter,Santonio Holmes,Chi,WR|W/R
3,6.8,KENYANS!,Starter,Matt Jones,Jax,WR|W/R
3,18.1,KENYANS!,Starter,Larry Johnson,Mia,RB|W/R
3,2.0,KENYANS!,Starter,Willie Parker,Pit,RB|W/R
3,6.7,KENYANS!,Starter,Dallas Clark,Bal,TE
3,8.9,KENYANS!,Starter,Isaac Bruce,SF,WR|W/R
3,1.6,KENYANS!,Non-Starter,Rashard Mendenhall,Ari,RB|W/R
3,7.4,KENYANS!,Non-Starter,Ted Ginn,Chi,WR|W/R
3,8.1,KENYANS!,Non-Starter,Chester Taylor,Ari,RB|W/R
3,20.4,KENYANS!,Non-Starter,Steve Slaton,Hou,RB|W/R
3,9.04,KENYANS!,Non-Starter,Chad Pennington,Mia,QB
3,9.6,KENYANS!,Non-Starter,Robert Meachem,NO,WR|W/R
3,8.0,KENYANS!,Starter,Jeff Reed,Pit,K
3,13.0,KENYANS!,Starter,Pittsburgh Steelers,Pit,DEF
4,9.94,KENYANS!,Starter,Ben Roethlisberger,Pit,QB
4,13.6,KENYANS!,Starter,Santonio Holmes,Chi,WR|W/R
4,13.9,KENYANS!,Starter,Isaac Bruce,SF,WR|W/R
4,32.3,KENYANS!,Starter,Larry Johnson,Mia,RB|W/R
4,4.1,KENYANS!,Starter,Rashard Mendenhall,Ari,RB|W/R
4,1.3,KENYANS!,Starter,Robert Royal,Cle,TE
4,21.6,KENYANS!,Starter,Steve Slaton,Hou,RB|W/R
4,0.0,KENYANS!,Non-Starter,Willie Parker,Pit,RB|W/R
4,15.6,KENYANS!,Non-Starter,Matt Jones,Jax,WR|W/R
4,0.0,KENYANS!,Non-Starter,Dallas Clark,Bal,TE
4,0.0,KENYANS!,Non-Starter,Chester Taylor,Ari,RB|W/R
4,0.0,KENYANS!,Non-Starter,Chad Pennington,Mia,QB
4,16.9,KENYANS!,Non-Starter,Robert Meachem,NO,WR|W/R
4,11.0,KENYANS!,Starter,Jeff Reed,Pit,K
4,14.0,KENYANS!,Starter,Pittsburgh Steelers,Pit,DEF
5,22.56,KENYANS!,Starter,Ben Roethlisberger,Pit,QB
5,8.5,KENYANS!,Starter,Santonio Holmes,Chi,WR|W/R
5,18.4,KENYANS!,Starter,Isaac Bruce,SF,WR|W/R
5,0.2,KENYANS!,Starter,Larry Johnson,Mia,RB|W/R
5,22.1,KENYANS!,Starter,Steve Slaton,Hou,RB|W/R
5,10.6,KENYANS!,Starter,Dallas Clark,Bal,TE
5,4.1,KENYANS!,Starter,Robert Meachem,NO,WR|W/R
5,5.6,KENYANS!,Non-Starter,Lance Moore,Det,WR|W/R
5,0.0,KENYANS!,Non-Starter,Rashard Mendenhall,Ari,RB|W/R
5,0.0,KENYANS!,Non-Starter,Willie Parker,Pit,RB|W/R
5,3.5,KENYANS!,Non-Starter,Matt Jones,Jax,WR|W/R
5,13.42,KENYANS!,Non-Starter,Chad Pennington,Mia,QB
5,11.2,KENYANS!,Non-Starter,Steve Breaston,KC,WR|W/R
5,6.0,KENYANS!,Starter,Jeff Reed,Pit,K
5,4.0,KENYANS!,Starter,Pittsburgh Steelers,Pit,DEF
6,17.36,KENYANS!,Starter,Chad Pennington,Mia,QB
6,3.8,KENYANS!,Starter,Isaac Bruce,SF,WR|W/R
6,10.4,KENYANS!,Starter,Matt Jones,Jax,WR|W/R
6,6.6,KENYANS!,Starter,Steve Slaton,Hou,RB|W/R
6,0.6,KENYANS!,Starter,Cedric Benson,GB,RB|W/R
6,2.7,KENYANS!,Starter,Dallas Clark,Bal,TE
6,13.2,KENYANS!,Starter,Lance Moore,Det,WR|W/R
6,0.0,KENYANS!,Non-Starter,Robert Meachem,NO,WR|W/R
6,0.0,KENYANS!,Non-Starter,Ben Roethlisberger,Pit,QB
6,0.0,KENYANS!,Non-Starter,Santonio Holmes,Chi,WR|W/R
6,0.0,KENYANS!,Non-Starter,Larry Johnson,Mia,RB|W/R
6,0.0,KENYANS!,Non-Starter,Willie Parker,Pit,RB|W/R
6,18.0,KENYANS!,Starter,Jason Elam,Atl,K
6,16.0,KENYANS!,Starter,Philadelphia Eagles,Phi,DEF
6,0.0,KENYANS!,Non-Starter,Pittsburgh Steelers,Pit,DEF
7,16.54,KENYANS!,Starter,Ben Roethlisberger,Pit,QB
7,11.4,KENYANS!,Starter,Santonio Holmes,Chi,WR|W/R
7,6.2,KENYANS!,Starter,Isaac Bruce,SF,WR|W/R
7,16.4,KENYANS!,Starter,Steve Slaton,Hou,RB|W/R
7,6.3,KENYANS!,Starter,Jamaal Charles,Jax,RB|W/R
7,12.1,KENYANS!,Starter,Dallas Clark,Bal,TE
7,2.5,KENYANS!,Starter,Lance Moore,Det,WR|W/R
7,0.0,KENYANS!,Non-Starter,Larry Johnson,Mia,RB|W/R
7,0.0,KENYANS!,Non-Starter,Willie Parker,Pit,RB|W/R
7,0.0,KENYANS!,Non-Starter,Matt Jones,Jax,WR|W/R
7,16.3,KENYANS!,Non-Starter,Chad Pennington,Mia,QB
7,1.4,KENYANS!,Non-Starter,Robert Meachem,NO,WR|W/R
7,3.0,KENYANS!,Starter,Jeff Reed,Pit,K
7,13.0,KENYANS!,Starter,Pittsburgh Steelers,Pit,DEF
7,0.0,KENYANS!,Non-Starter,Philadelphia Eagles,Phi,DEF
8,3.86,KENYANS!,Starter,Ben Roethlisberger,Pit,QB
8,6.9,KENYANS!,Starter,Isaac Bruce,SF,WR|W/R
8,18.0,KENYANS!,Starter,Lance Moore,Det,WR|W/R
8,13.6,KENYANS!,Starter,Steve Slaton,Hou,RB|W/R
8,5.4,KENYANS!,Starter,Jamaal Charles,Jax,RB|W/R
8,24.9,KENYANS!,Starter,Dallas Clark,Bal,TE
8,23.6,KENYANS!,Starter,Leon Washington,Ten,RB|W/R
8,0.0,KENYANS!,Non-Starter,Willie Parker,Pit,RB|W/R
8,0.0,KENYANS!,Non-Starter,Santonio Holmes,Chi,WR|W/R
8,0.0,KENYANS!,Non-Starter,Larry Johnson,Mia,RB|W/R
8,21.7,KENYANS!,Non-Starter,Matt Jones,Jax,WR|W/R
8,0.8,KENYANS!,Non-Starter,Chris Henry,Cin,WR|W/R
8,10.9,KENYANS!,Non-Starter,Devery Henderson,NO,WR|W/R
8,0.0,KENYANS!,Starter,Jeff Reed,Pit,K
8,1.0,KENYANS!,Starter,Pittsburgh Steelers,Pit,DEF
9,6.1,KENYANS!,Starter,Ben Roethlisberger,Pit,QB
9,10.5,KENYANS!,Starter,Santonio Holmes,Chi,WR|W/R
9,10.4,KENYANS!,Starter,Matt Jones,Jax,WR|W/R
9,15.8,KENYANS!,Starter,Steve Slaton,Hou,RB|W/R
9,6.5,KENYANS!,Starter,Leon Washington,Ten,RB|W/R
9,8.3,KENYANS!,Starter,Dallas Clark,Bal,TE
9,13.0,KENYANS!,Starter,Willie Parker,Pit,RB|W/R
9,19.1,KENYANS!,Non-Starter,Ray Rice,Bal,RB|W/R
9,8.6,KENYANS!,Non-Starter,Jamaal Charles,Jax,RB|W/R
9,0.0,KENYANS!,Non-Starter,Larry Johnson,Mia,RB|W/R
9,0.0,KENYANS!,Non-Starter,Isaac Bruce,SF,WR|W/R
9,0.0,KENYANS!,Non-Starter,Lance Moore,Det,WR|W/R
9,0.0,KENYANS!,Non-Starter,Devery Henderson,NO,WR|W/R
9,3.0,KENYANS!,Starter,Jeff Reed,Pit,K
9,20.0,KENYANS!,Starter,Pittsburgh Steelers,Pit,DEF
10,5.1,KENYANS!,Starter,Ben Roethlisberger,Pit,QB
10,4.8,KENYANS!,Starter,Santonio Holmes,Chi,WR|W/R
10,8.7,KENYANS!,Starter,Matt Jones,Jax,WR|W/R
10,3.4,KENYANS!,Starter,Steve Slaton,Hou,RB|W/R
10,2.9,KENYANS!,Starter,Ray Rice,Bal,RB|W/R
10,9.9,KENYANS!,Starter,Dallas Clark,Bal,TE
10,8.8,KENYANS!,Starter,Leon Washington,Ten,RB|W/R
10,0.0,KENYANS!,Non-Starter,Willie Parker,Pit,RB|W/R
10,0.8,KENYANS!,Non-Starter,Jamaal Charles,Jax,RB|W/R
10,0.0,KENYANS!,Non-Starter,Larry Johnson,Mia,RB|W/R
10,1.7,KENYANS!,Non-Starter,Isaac Bruce,SF,WR|W/R
10,16.6,KENYANS!,Non-Starter,Lance Moore,Det,WR|W/R
10,0.0,KENYANS!,Non-Starter,Byron Leftwich,Pit,QB
10,7.0,KENYANS!,Starter,Jeff Reed,Pit,K
10,2.0,KENYANS!,Starter,Pittsburgh Steelers,Pit,DEF
11,12.32,KENYANS!,Starter,Ben Roethlisberger,Pit,QB
11,8.8,KENYANS!,Starter,Santonio Holmes,Chi,WR|W/R
11,20.2,KENYANS!,Starter,Lance Moore,Det,WR|W/R
11,21.6,KENYANS!,Starter,Steve Slaton,Hou,RB|W/R
11,12.4,KENYANS!,Starter,Willie Parker,Pit,RB|W/R
11,6.9,KENYANS!,Starter,Dallas Clark,Bal,TE
11,9.2,KENYANS!,Starter,Larry Johnson,Mia,RB|W/R
11,0.0,KENYANS!,Non-Starter,Matt Jones,Jax,WR|W/R
11,16.5,KENYANS!,Non-Starter,Leon Washington,Ten,RB|W/R
11,1.2,KENYANS!,Non-Starter,Jamaal Charles,Jax,RB|W/R
11,2.2,KENYANS!,Non-Starter,Isaac Bruce,SF,WR|W/R
11,0.0,KENYANS!,Non-Starter,Byron Leftwich,Pit,QB
11,3.4,KENYANS!,Non-Starter,Tatum Bell,Den,RB|W/R
11,10.0,KENYANS!,Starter,Jeff Reed,Pit,K
11,12.0,KENYANS!,Starter,Pittsburgh Steelers,Pit,DEF
12,21.02,KENYANS!,Starter,Ben Roethlisberger,Pit,QB
12,10.9,KENYANS!,Starter,Santonio Holmes,Chi,WR|W/R
12,24.0,KENYANS!,Starter,Lance Moore,Det,WR|W/R
12,7.3,KENYANS!,Starter,Steve Slaton,Hou,RB|W/R
12,3.7,KENYANS!,Starter,Willie Parker,Pit,RB|W/R
12,6.0,KENYANS!,Starter,Dallas Clark,Bal,TE
12,11.5,KENYANS!,Starter,Larry Johnson,Mia,RB|W/R
12,3.7,KENYANS!,Non-Starter,Matt Jones,Jax,WR|W/R
12,18.9,KENYANS!,Non-Starter,Leon Washington,Ten,RB|W/R
12,12.2,KENYANS!,Non-Starter,Jamaal Charles,Jax,RB|W/R
12,22.5,KENYANS!,Non-Starter,Isaac Bruce,SF,WR|W/R
12,0.0,KENYANS!,Non-Starter,Byron Leftwich,Pit,QB
12,1.9,KENYANS!,Non-Starter,Tatum Bell,Den,RB|W/R
12,6.0,KENYANS!,Starter,Jeff Reed,Pit,K
12,7.0,KENYANS!,Starter,Pittsburgh Steelers,Pit,DEF
13,13.76,KENYANS!,Starter,Ben Roethlisberger,Pit,QB
13,9.8,KENYANS!,Starter,Santonio Holmes,Chi,WR|W/R
13,8.5,KENYANS!,Starter,Lance Moore,Det,WR|W/R
13,31.2,KENYANS!,Starter,Steve Slaton,Hou,RB|W/R
13,8.7,KENYANS!,Starter,Willie Parker,Pit,RB|W/R
13,3.4,KENYANS!,Starter,Dallas Clark,Bal,TE
13,15.2,KENYANS!,Starter,Larry Johnson,Mia,RB|W/R
13,14.4,KENYANS!,Non-Starter,Matt Jones,Jax,WR|W/R
13,7.9,KENYANS!,Non-Starter,Leon Washington,Ten,RB|W/R
13,2.5,KENYANS!,Non-Starter,Jamaal Charles,Jax,RB|W/R
13,15.2,KENYANS!,Non-Starter,Isaac Bruce,SF,WR|W/R
13,0.0,KENYANS!,Non-Starter,Byron Leftwich,Pit,QB
13,0.0,KENYANS!,Non-Starter,Tatum Bell,Den,RB|W/R
13,13.0,KENYANS!,Starter,Jeff Reed,Pit,K
13,19.0,KENYANS!,Starter,Pittsburgh Steelers,Pit,DEF
14,11.86,KENYANS!,Starter,Ben Roethlisberger,Pit,QB
14,9.7,KENYANS!,Starter,Santonio Holmes,Chi,WR|W/R
14,5.0,KENYANS!,Starter,Lance Moore,Det,WR|W/R
14,15.5,KENYANS!,Starter,Steve Slaton,Hou,RB|W/R
14,2.5,KENYANS!,Starter,Willie Parker,Pit,RB|W/R
14,8.9,KENYANS!,Starter,Dallas Clark,Bal,TE
14,3.6,KENYANS!,Starter,Larry Johnson,Mia,RB|W/R
14,4.9,KENYANS!,Non-Starter,Matt Jones,Jax,WR|W/R
14,6.2,KENYANS!,Non-Starter,Leon Washington,Ten,RB|W/R
14,4.0,KENYANS!,Non-Starter,Jamaal Charles,Jax,RB|W/R
14,10.0,KENYANS!,Non-Starter,Isaac Bruce,SF,WR|W/R
14,0.0,KENYANS!,Non-Starter,Byron Leftwich,Pit,QB
14,7.8,KENYANS!,Non-Starter,Tatum Bell,Den,RB|W/R
14,7.0,KENYANS!,Starter,Jeff Reed,Pit,K
14,23.0,KENYANS!,Starter,Pittsburgh Steelers,Pit,DEF
15,13.94,KENYANS!,Starter,Ben Roethlisberger,Pit,QB
15,7.6,KENYANS!,Starter,Santonio Holmes,Chi,WR|W/R
15,5.2,KENYANS!,Starter,Lance Moore,Det,WR|W/R
15,13.0,KENYANS!,Starter,Steve Slaton,Hou,RB|W/R
15,6.0,KENYANS!,Starter,Tatum Bell,Den,RB|W/R
15,26.2,KENYANS!,Starter,Dallas Clark,Bal,TE
15,12.96,KENYANS!,Starter,Larry Johnson,Mia,RB|W/R
15,6.6,KENYANS!,Non-Starter,Willie Parker,Pit,RB|W/R
15,0.0,KENYANS!,Non-Starter,Matt Jones,Jax,WR|W/R
15,11.9,KENYANS!,Non-Starter,Leon Washington,Ten,RB|W/R
15,0.7,KENYANS!,Non-Starter,Jamaal Charles,Jax,RB|W/R
15,10.6,KENYANS!,Non-Starter,Isaac Bruce,SF,WR|W/R
15,0.0,KENYANS!,Non-Starter,Byron Leftwich,Pit,QB
15,6.0,KENYANS!,Starter,Jeff Reed,Pit,K
15,10.0,KENYANS!,Starter,Pittsburgh Steelers,Pit,DEF
1,9.6,Noun Verb 9/11,Starter,Matt Hasselbeck,Ind,QB
1,18.6,Noun Verb 9/11,Starter,Randy Moss,SF,WR|W/R
1,12.2,Noun Verb 9/11,Starter,Anquan Boldin,Det,WR|W/R
1,9.2,Noun Verb 9/11,Starter,Ryan Grant,GB,RB|W/R
1,0.0,Noun Verb 9/11,Starter,Willis McGahee,Cle,RB|W/R
1,8.4,Noun Verb 9/11,Starter,Jeremy Shockey,Car,TE
1,11.9,Noun Verb 9/11,Starter,Justin Fargas,LV,RB|W/R
1,9.6,Noun Verb 9/11,Non-Starter,Marvin Harrison,Ind,WR|W/R
1,5.3,Noun Verb 9/11,Non-Starter,Jonathan Stewart,NYG,RB|W/R
1,0.0,Noun Verb 9/11,Non-Starter,Javon Walker,LV,WR|W/R
1,2.6,Noun Verb 9/11,Non-Starter,Kenny Watson,Cin,RB|W/R
1,6.3,Noun Verb 9/11,Non-Starter,Bryant Johnson,Hou,WR|W/R
1,20.62,Noun Verb 9/11,Non-Starter,Aaron Rodgers,Pit,QB
1,0.0,Noun Verb 9/11,Starter,Shaun Suisham,Pit,K
1,5.0,Noun Verb 9/11,Starter,New York Giants,NYG,DEF
2,25.62,Noun Verb 9/11,Starter,Aaron Rodgers,Pit,QB
2,3.2,Noun Verb 9/11,Starter,Randy Moss,SF,WR|W/R
2,35.0,Noun Verb 9/11,Starter,Anquan Boldin,Det,WR|W/R
2,2.0,Noun Verb 9/11,Starter,Ryan Grant,GB,RB|W/R
2,4.3,Noun Verb 9/11,Starter,Justin Fargas,LV,RB|W/R
2,1.2,Noun Verb 9/11,Starter,Jeremy Shockey,Car,TE
2,2.1,Noun Verb 9/11,Starter,Marvin Harrison,Ind,WR|W/R
2,0.0,Noun Verb 9/11,Non-Starter,Willis McGahee,Cle,RB|W/R
2,4.76,Noun Verb 9/11,Non-Starter,Matt Hasselbeck,Ind,QB
2,19.7,Noun Verb 9/11,Non-Starter,Jonathan Stewart,NYG,RB|W/R
2,0.0,Noun Verb 9/11,Non-Starter,Javon Walker,LV,WR|W/R
2,1.4,Noun Verb 9/11,Non-Starter,Kenny Watson,Cin,RB|W/R
2,16.8,Noun Verb 9/11,Non-Starter,Bryant Johnson,Hou,WR|W/R
2,9.0,Noun Verb 9/11,Starter,Shaun Suisham,Pit,K
2,18.0,Noun Verb 9/11,Starter,New York Giants,NYG,DEF
3,18.6,Noun Verb 9/11,Starter,Aaron Rodgers,Pit,QB
3,4.5,Noun Verb 9/11,Starter,Randy Moss,SF,WR|W/R
3,10.0,Noun Verb 9/11,Starter,Anquan Boldin,Det,WR|W/R
3,3.4,Noun Verb 9/11,Starter,Ryan Grant,GB,RB|W/R
3,14.0,Noun Verb 9/11,Starter,Willis McGahee,Cle,RB|W/R
3,11.5,Noun Verb 9/11,Starter,Jeremy Shockey,Car,TE
3,3.0,Noun Verb 9/11,Starter,Bryant Johnson,Hou,WR|W/R
3,7.5,Noun Verb 9/11,Non-Starter,Jonathan Stewart,NYG,RB|W/R
3,12.0,Noun Verb 9/11,Non-Starter,Marvin Harrison,Ind,WR|W/R
3,0.0,Noun Verb 9/11,Non-Starter,Justin Fargas,LV,RB|W/R
3,12.78,Noun Verb 9/11,Non-Starter,Matt Hasselbeck,Ind,QB
3,2.8,Noun Verb 9/11,Non-Starter,Javon Walker,LV,WR|W/R
3,4.0,Noun Verb 9/11,Starter,Shaun Suisham,Pit,K
3,6.0,Noun Verb 9/11,Starter,New York Giants,NYG,DEF
3,2.0,Noun Verb 9/11,Non-Starter,Arizona,Ari,DEF
4,9.4,Noun Verb 9/11,Starter,Aaron Rodgers,Pit,QB
4,20.9,Noun Verb 9/11,Starter,Anquan Boldin,Det,WR|W/R
4,0.0,Noun Verb 9/11,Starter,Bryant Johnson,Hou,WR|W/R
4,7.6,Noun Verb 9/11,Starter,Willis McGahee,Cle,RB|W/R
4,11.2,Noun Verb 9/11,Starter,Jonathan Stewart,NYG,RB|W/R
4,2.8,Noun Verb 9/11,Starter,Dante Rosario,Chi,TE
4,0.6,Noun Verb 9/11,Starter,Ryan Grant,GB,RB|W/R
4,0.0,Noun Verb 9/11,Non-Starter,Randy Moss,SF,WR|W/R
4,0.0,Noun Verb 9/11,Non-Starter,Marvin Harrison,Ind,WR|W/R
4,0.0,Noun Verb 9/11,Non-Starter,Justin Fargas,LV,RB|W/R
4,0.0,Noun Verb 9/11,Non-Starter,Matt Hasselbeck,Ind,QB
4,4.4,Noun Verb 9/11,Non-Starter,Javon Walker,LV,WR|W/R
4,12.0,Noun Verb 9/11,Starter,Shaun Suisham,Pit,K
4,0.0,Noun Verb 9/11,Starter,Arizona,Ari,DEF
4,0.0,Noun Verb 9/11,Non-Starter,New York Giants,NYG,DEF
5,22.92,Noun Verb 9/11,Starter,Aaron Rodgers,Pit,QB
5,19.8,Noun Verb 9/11,Starter,Randy Moss,SF,WR|W/R
5,5.2,Noun Verb 9/11,Starter,Marvin Harrison,Ind,WR|W/R
5,6.5,Noun Verb 9/11,Starter,Jonathan Stewart,NYG,RB|W/R
5,8.3,Noun Verb 9/11,Starter,Ryan Grant,GB,RB|W/R
5,0.0,Noun Verb 9/11,Starter,Dante Rosario,Chi,TE
5,13.1,Noun Verb 9/11,Starter,Mewelde Moore,Ind,RB|W/R
5,7.1,Noun Verb 9/11,Non-Starter,Willis McGahee,Cle,RB|W/R
5,2.2,Noun Verb 9/11,Non-Starter,Matt Hasselbeck,Ind,QB
5,0.0,Noun Verb 9/11,Non-Starter,Anquan Boldin,Det,WR|W/R
5,4.2,Noun Verb 9/11,Non-Starter,Bryant Johnson,Hou,WR|W/R
5,0.0,Noun Verb 9/11,Non-Starter,Justin Fargas,LV,RB|W/R
5,0.0,Noun Verb 9/11,Non-Starter,Javon Walker,LV,WR|W/R
5,13.0,Noun Verb 9/11,Starter,Shaun Suisham,Pit,K
5,11.0,Noun Verb 9/11,Starter,New York Giants,NYG,DEF
6,22.62,Noun Verb 9/11,Starter,Aaron Rodgers,Pit,QB
6,4.1,Noun Verb 9/11,Starter,Randy Moss,SF,WR|W/R
6,21.8,Noun Verb 9/11,Starter,Marvin Harrison,Ind,WR|W/R
6,9.0,Noun Verb 9/11,Starter,Ryan Grant,GB,RB|W/R
6,6.4,Noun Verb 9/11,Starter,Willis McGahee,Cle,RB|W/R
6,0.0,Noun Verb 9/11,Starter,Tom Santi,Ind,TE
6,1.8,Noun Verb 9/11,Starter,Jonathan Stewart,NYG,RB|W/R
6,3.5,Noun Verb 9/11,Non-Starter,Justin Fargas,LV,RB|W/R
6,0.0,Noun Verb 9/11,Non-Starter,Mewelde Moore,Ind,RB|W/R
6,0.0,Noun Verb 9/11,Non-Starter,Matt Hasselbeck,Ind,QB
6,0.0,Noun Verb 9/11,Non-Starter,Anquan Boldin,Det,WR|W/R
6,0.0,Noun Verb 9/11,Non-Starter,Bryant Johnson,Hou,WR|W/R
6,1.2,Noun Verb 9/11,Non-Starter,Javon Walker,LV,WR|W/R
6,3.0,Noun Verb 9/11,Starter,Shaun Suisham,Pit,K
6,-1.0,Noun Verb 9/11,Starter,New York Giants,NYG,DEF
7,12.24,Noun Verb 9/11,Starter,Aaron Rodgers,Pit,QB
7,21.4,Noun Verb 9/11,Starter,Randy Moss,SF,WR|W/R
7,2.1,Noun Verb 9/11,Starter,Marvin Harrison,Ind,WR|W/R
7,18.7,Noun Verb 9/11,Starter,Ryan Grant,GB,RB|W/R
7,20.2,Noun Verb 9/11,Starter,Willis McGahee,Cle,RB|W/R
7,9.3,Noun Verb 9/11,Starter,Donald Lee,Cin,TE
7,33.9,Noun Verb 9/11,Starter,Mewelde Moore,Ind,RB|W/R
7,13.6,Noun Verb 9/11,Non-Starter,Jonathan Stewart,NYG,RB|W/R
7,9.1,Noun Verb 9/11,Non-Starter,Justin Fargas,LV,RB|W/R
7,0.0,Noun Verb 9/11,Non-Starter,Matt Hasselbeck,Ind,QB
7,0.0,Noun Verb 9/11,Non-Starter,Anquan Boldin,Det,WR|W/R
7,0.0,Noun Verb 9/11,Non-Starter,Bryant Johnson,Hou,WR|W/R
7,16.0,Noun Verb 9/11,Non-Starter,Javon Walker,LV,WR|W/R
7,0.0,Noun Verb 9/11,Starter,Shaun Suisham,Pit,K
7,18.0,Noun Verb 9/11,Starter,New York Giants,NYG,DEF
8,12.88,Noun Verb 9/11,Starter,Matt Cassel,Det,QB
8,13.7,Noun Verb 9/11,Starter,Randy Moss,SF,WR|W/R
8,25.8,Noun Verb 9/11,Starter,Anquan Boldin,Det,WR|W/R
8,10.7,Noun Verb 9/11,Starter,Willis McGahee,Cle,RB|W/R
8,1.5,Noun Verb 9/11,Starter,Jonathan Stewart,NYG,RB|W/R
8,3.0,Noun Verb 9/11,Starter,David Martin,Buf,TE
8,16.4,Noun Verb 9/11,Starter,Mewelde Moore,Ind,RB|W/R
8,0.0,Noun Verb 9/11,Non-Starter,Donald Lee,Cin,TE
8,1.7,Noun Verb 9/11,Non-Starter,Marvin Harrison,Ind,WR|W/R
8,0.0,Noun Verb 9/11,Non-Starter,Aaron Rodgers,Pit,QB
8,0.0,Noun Verb 9/11,Non-Starter,Ryan Grant,GB,RB|W/R
8,2.4,Noun Verb 9/11,Non-Starter,Justin Fargas,LV,RB|W/R
8,2.8,Noun Verb 9/11,Non-Starter,Pierre Thomas,SF,RB|W/R
8,15.0,Noun Verb 9/11,Starter,Shaun Suisham,Pit,K
8,16.0,Noun Verb 9/11,Starter,New York Giants,NYG,DEF
9,13.66,Noun Verb 9/11,Starter,Aaron Rodgers,Pit,QB
9,7.5,Noun Verb 9/11,Starter,Randy Moss,SF,WR|W/R
9,18.3,Noun Verb 9/11,Starter,Anquan Boldin,Det,WR|W/R
9,0.0,Noun Verb 9/11,Starter,Willis McGahee,Cle,RB|W/R
9,5.8,Noun Verb 9/11,Starter,Mewelde Moore,Ind,RB|W/R
9,3.7,Noun Verb 9/11,Starter,Donald Lee,Cin,TE
9,8.6,Noun Verb 9/11,Starter,Ryan Grant,GB,RB|W/R
9,8.16,Noun Verb 9/11,Non-Starter,Matt Cassel,Det,QB
9,0.0,Noun Verb 9/11,Non-Starter,Jonathan Stewart,NYG,RB|W/R
9,7.0,Noun Verb 9/11,Non-Starter,Marvin Harrison,Ind,WR|W/R
9,2.3,Noun Verb 9/11,Non-Starter,Justin Fargas,LV,RB|W/R
9,0.0,Noun Verb 9/11,Non-Starter,Pierre Thomas,SF,RB|W/R
9,14.9,Noun Verb 9/11,Non-Starter,Rashied Davis,Det,WR|W/R
9,8.0,Noun Verb 9/11,Starter,Shaun Suisham,Pit,K
9,16.0,Noun Verb 9/11,Starter,New York Giants,NYG,DEF
10,5.78,Noun Verb 9/11,Starter,Aaron Rodgers,Pit,QB
10,7.6,Noun Verb 9/11,Starter,Randy Moss,SF,WR|W/R
10,26.6,Noun Verb 9/11,Starter,Anquan Boldin,Det,WR|W/R
10,25.5,Noun Verb 9/11,Starter,Mewelde Moore,Ind,RB|W/R
10,10.3,Noun Verb 9/11,Starter,Justin Fargas,LV,RB|W/R
10,1.1,Noun Verb 9/11,Starter,Donald Lee,Cin,TE
10,13.5,Noun Verb 9/11,Starter,Ryan Grant,GB,RB|W/R
10,24.6,Noun Verb 9/11,Non-Starter,Willis McGahee,Cle,RB|W/R
10,15.56,Noun Verb 9/11,Non-Starter,Matt Cassel,Det,QB
10,2.1,Noun Verb 9/11,Non-Starter,Jonathan Stewart,NYG,RB|W/R
10,5.2,Noun Verb 9/11,Non-Starter,Marvin Harrison,Ind,WR|W/R
10,8.5,Noun Verb 9/11,Non-Starter,Pierre Thomas,SF,RB|W/R
10,0.0,Noun Verb 9/11,Starter,Rob Bironas,Ten,K
10,0.0,Noun Verb 9/11,Non-Starter,Shaun Suisham,Pit,K
10,3.0,Noun Verb 9/11,Starter,New York Giants,NYG,DEF
11,15.18,Noun Verb 9/11,Starter,Aaron Rodgers,Pit,QB
11,10.1,Noun Verb 9/11,Starter,Randy Moss,SF,WR|W/R
11,25.4,Noun Verb 9/11,Starter,Anquan Boldin,Det,WR|W/R
11,5.7,Noun Verb 9/11,Starter,Mewelde Moore,Ind,RB|W/R
11,3.5,Noun Verb 9/11,Starter,Willis McGahee,Cle,RB|W/R
11,12.3,Noun Verb 9/11,Starter,Donald Lee,Cin,TE
11,19.9,Noun Verb 9/11,Starter,Jonathan Stewart,NYG,RB|W/R
11,21.6,Noun Verb 9/11,Non-Starter,Ryan Grant,GB,RB|W/R
11,5.7,Noun Verb 9/11,Non-Starter,Justin Fargas,LV,RB|W/R
11,36.2,Noun Verb 9/11,Non-Starter,Matt Cassel,Det,QB
11,18.2,Noun Verb 9/11,Non-Starter,Marvin Harrison,Ind,WR|W/R
11,22.4,Noun Verb 9/11,Non-Starter,Pierre Thomas,SF,RB|W/R
11,1.6,Noun Verb 9/11,Non-Starter,Chester Taylor,Ari,RB|W/R
11,4.0,Noun Verb 9/11,Starter,Shaun Suisham,Pit,K
11,17.0,Noun Verb 9/11,Starter,New York Giants,NYG,DEF
12,23.52,Noun Verb 9/11,Starter,Aaron Rodgers,Pit,QB
12,34.5,Noun Verb 9/11,Starter,Randy Moss,SF,WR|W/R
12,20.1,Noun Verb 9/11,Starter,Anquan Boldin,Det,WR|W/R
12,10.1,Noun Verb 9/11,Starter,Ryan Grant,GB,RB|W/R
12,1.5,Noun Verb 9/11,Starter,Jonathan Stewart,NYG,RB|W/R
12,1.3,Noun Verb 9/11,Starter,Donald Lee,Cin,TE
12,25.6,Noun Verb 9/11,Starter,Pierre Thomas,SF,RB|W/R
12,0.8,Noun Verb 9/11,Non-Starter,Willis McGahee,Cle,RB|W/R
12,11.7,Noun Verb 9/11,Non-Starter,Mewelde Moore,Ind,RB|W/R
12,12.0,Noun Verb 9/11,Non-Starter,Justin Fargas,LV,RB|W/R
12,34.0,Noun Verb 9/11,Non-Starter,Matt Cassel,Det,QB
12,7.4,Noun Verb 9/11,Non-Starter,Marvin Harrison,Ind,WR|W/R
12,10.7,Noun Verb 9/11,Non-Starter,Chester Taylor,Ari,RB|W/R
12,6.0,Noun Verb 9/11,Starter,Shaun Suisham,Pit,K
12,4.0,Noun Verb 9/11,Starter,New York Giants,NYG,DEF
13,26.52,Noun Verb 9/11,Starter,Aaron Rodgers,Pit,QB
13,6.5,Noun Verb 9/11,Starter,Randy Moss,SF,WR|W/R
13,7.6,Noun Verb 9/11,Starter,Anquan Boldin,Det,WR|W/R
13,3.9,Noun Verb 9/11,Starter,Ryan Grant,GB,RB|W/R
13,6.4,Noun Verb 9/11,Starter,Jonathan Stewart,NYG,RB|W/R
13,11.7,Noun Verb 9/11,Starter,Donald Lee,Cin,TE
13,11.9,Noun Verb 9/11,Starter,Pierre Thomas,SF,RB|W/R
13,0.0,Noun Verb 9/11,Non-Starter,Willis McGahee,Cle,RB|W/R
13,8.6,Noun Verb 9/11,Non-Starter,Mewelde Moore,Ind,RB|W/R
13,13.0,Noun Verb 9/11,Non-Starter,Justin Fargas,LV,RB|W/R
13,-1.14,Noun Verb 9/11,Non-Starter,Matt Cassel,Det,QB
13,4.2,Noun Verb 9/11,Non-Starter,Marvin Harrison,Ind,WR|W/R
13,14.5,Noun Verb 9/11,Non-Starter,Chester Taylor,Ari,RB|W/R
13,0.0,Noun Verb 9/11,Starter,Shaun Suisham,Pit,K
13,12.0,Noun Verb 9/11,Starter,New York Giants,NYG,DEF
14,18.2,Noun Verb 9/11,Starter,Aaron Rodgers,Pit,QB
14,7.1,Noun Verb 9/11,Starter,Randy Moss,SF,WR|W/R
14,8.7,Noun Verb 9/11,Starter,Anquan Boldin,Det,WR|W/R
14,17.7,Noun Verb 9/11,Starter,Ryan Grant,GB,RB|W/R
14,23.5,Noun Verb 9/11,Starter,Jonathan Stewart,NYG,RB|W/R
14,12.3,Noun Verb 9/11,Starter,Donald Lee,Cin,TE
14,23.4,Noun Verb 9/11,Starter,Pierre Thomas,SF,RB|W/R
14,0.9,Noun Verb 9/11,Non-Starter,Willis McGahee,Cle,RB|W/R
14,7.8,Noun Verb 9/11,Non-Starter,Mewelde Moore,Ind,RB|W/R
14,6.9,Noun Verb 9/11,Non-Starter,Justin Fargas,LV,RB|W/R
14,18.12,Noun Verb 9/11,Non-Starter,Matt Cassel,Det,QB
14,15.3,Noun Verb 9/11,Non-Starter,Marvin Harrison,Ind,WR|W/R
14,12.3,Noun Verb 9/11,Non-Starter,Chester Taylor,Ari,RB|W/R
14,4.0,Noun Verb 9/11,Starter,Shaun Suisham,Pit,K
14,11.0,Noun Verb 9/11,Starter,New York Giants,NYG,DEF
15,24.52,Noun Verb 9/11,Starter,Matt Cassel,Det,QB
15,21.2,Noun Verb 9/11,Starter,Randy Moss,SF,WR|W/R
15,4.4,Noun Verb 9/11,Starter,Anquan Boldin,Det,WR|W/R
15,10.3,Noun Verb 9/11,Starter,Ryan Grant,GB,RB|W/R
15,11.2,Noun Verb 9/11,Starter,Jonathan Stewart,NYG,RB|W/R
15,1.8,Noun Verb 9/11,Starter,Donald Lee,Cin,TE
15,30.1,Noun Verb 9/11,Starter,Pierre Thomas,SF,RB|W/R
15,15.32,Noun Verb 9/11,Non-Starter,Aaron Rodgers,Pit,QB
15,4.3,Noun Verb 9/11,Non-Starter,Willis McGahee,Cle,RB|W/R
15,1.6,Noun Verb 9/11,Non-Starter,Mewelde Moore,Ind,RB|W/R
15,7.0,Noun Verb 9/11,Non-Starter,Justin Fargas,LV,RB|W/R
15,3.2,Noun Verb 9/11,Non-Starter,Marvin Harrison,Ind,WR|W/R
15,16.3,Noun Verb 9/11,Non-Starter,Chester Taylor,Ari,RB|W/R
15,6.0,Noun Verb 9/11,Starter,Shaun Suisham,Pit,K
15,7.0,Noun Verb 9/11,Starter,New York Giants,NYG,DEF
16,27.7,Noun Verb 9/11,Starter,Matt Cassel,Det,QB
16,15.7,Noun Verb 9/11,Starter,Randy Moss,SF,WR|W/R
16,10.0,Noun Verb 9/11,Starter,Muhsin Muhammad,Car,WR|W/R
16,6.7,Noun Verb 9/11,Starter,Jonathan Stewart,NYG,RB|W/R
16,15.8,Noun Verb 9/11,Starter,Pierre Thomas,SF,RB|W/R
16,0.0,Noun Verb 9/11,Starter,Donald Lee,Cin,TE
16,15.6,Noun Verb 9/11,Starter,Ryan Grant,GB,RB|W/R
16,0.0,Noun Verb 9/11,Non-Starter,Anquan Boldin,Det,WR|W/R
16,5.4,Noun Verb 9/11,Non-Starter,Chester Taylor,Ari,RB|W/R
16,15.8,Noun Verb 9/11,Non-Starter,Aaron Rodgers,Pit,QB
16,20.4,Noun Verb 9/11,Non-Starter,Willis McGahee,Cle,RB|W/R
16,5.8,Noun Verb 9/11,Non-Starter,Mewelde Moore,Ind,RB|W/R
16,10.2,Noun Verb 9/11,Non-Starter,Justin Fargas,LV,RB|W/R
16,3.0,Noun Verb 9/11,Starter,Shaun Suisham,Pit,K
16,-1.0,Noun Verb 9/11,Starter,New York Giants,NYG,DEF
1,23.52,imdrunkrightnow,Starter,Drew Brees,NO,QB
1,4.1,imdrunkrightnow,Starter,Marques Colston,NO,WR|W/R
1,15.5,imdrunkrightnow,Starter,Jerricho Cotchery,Car,WR|W/R
1,22.2,imdrunkrightnow,Starter,Brian Westbrook,SF,RB|W/R
1,9.6,imdrunkrightnow,Starter,Selvin Young,Den,RB|W/R
1,4.8,imdrunkrightnow,Starter,Owen Daniels,Den,TE
1,2.2,imdrunkrightnow,Starter,Chris Perry,Cin,RB|W/R
1,7.2,imdrunkrightnow,Non-Starter,Julius Jones,Sea,RB|W/R
1,2.7,imdrunkrightnow,Non-Starter,Reggie Williams,Jax,WR|W/R
1,12.48,imdrunkrightnow,Non-Starter,Matt Schaub,Atl,QB
1,0.3,imdrunkrightnow,Non-Starter,Darren Sproles,Phi,RB|W/R
1,3.5,imdrunkrightnow,Non-Starter,Justin Gage,Ten,WR|W/R
1,0.9,imdrunkrightnow,Non-Starter,Drew Bennett,LAR,WR|W/R
1,6.0,imdrunkrightnow,Starter,Adam Vinatieri,Ind,K
1,17.0,imdrunkrightnow,Starter,Tennessee Titans,Ten,DEF
2,9.54,imdrunkrightnow,Starter,Drew Brees,NO,QB
2,2.5,imdrunkrightnow,Starter,Jerricho Cotchery,Car,WR|W/R
2,8.0,imdrunkrightnow,Starter,David Patten,NO,WR|W/R
2,31.3,imdrunkrightnow,Starter,Brian Westbrook,SF,RB|W/R
2,21.6,imdrunkrightnow,Starter,Julius Jones,Sea,RB|W/R
2,0.0,imdrunkrightnow,Starter,Anthony Fasano,Mia,TE
2,15.7,imdrunkrightnow,Starter,Amani Toomer,NYG,WR|W/R
2,12.6,imdrunkrightnow,Non-Starter,Chris Perry,Cin,RB|W/R
2,0.0,imdrunkrightnow,Non-Starter,Marques Colston,NO,WR|W/R
2,9.1,imdrunkrightnow,Non-Starter,Selvin Young,Den,RB|W/R
2,5.6,imdrunkrightnow,Non-Starter,Reggie Williams,Jax,WR|W/R
2,0.0,imdrunkrightnow,Non-Starter,Matt Schaub,Atl,QB
2,14.4,imdrunkrightnow,Non-Starter,Justin Gage,Ten,WR|W/R
2,4.0,imdrunkrightnow,Starter,Adam Vinatieri,Ind,K
2,17.0,imdrunkrightnow,Starter,Tennessee Titans,Ten,DEF
3,20.84,imdrunkrightnow,Starter,Drew Brees,NO,QB
3,12.6,imdrunkrightnow,Starter,Jerricho Cotchery,Car,WR|W/R
3,2.2,imdrunkrightnow,Starter,David Patten,NO,WR|W/R
3,1.2,imdrunkrightnow,Starter,Brian Westbrook,SF,RB|W/R
3,20.9,imdrunkrightnow,Starter,Julius Jones,Sea,RB|W/R
3,4.8,imdrunkrightnow,Starter,John Carlson,Ari,TE
3,1.2,imdrunkrightnow,Starter,Ahmad Bradshaw,Ind,RB|W/R
3,8.9,imdrunkrightnow,Non-Starter,Amani Toomer,NYG,WR|W/R
3,7.7,imdrunkrightnow,Non-Starter,Selvin Young,Den,RB|W/R
3,16.3,imdrunkrightnow,Non-Starter,Chris Perry,Cin,RB|W/R
3,0.0,imdrunkrightnow,Non-Starter,Marques Colston,NO,WR|W/R
3,2.72,imdrunkrightnow,Non-Starter,Matt Schaub,Atl,QB
3,0.0,imdrunkrightnow,Non-Starter,Justin Gage,Ten,WR|W/R
3,0.0,imdrunkrightnow,Starter,Adam Vinatieri,Ind,K
3,19.0,imdrunkrightnow,Starter,Tennessee Titans,Ten,DEF
4,24.42,imdrunkrightnow,Starter,Drew Brees,NO,QB
4,20.7,imdrunkrightnow,Starter,Jerricho Cotchery,Car,WR|W/R
4,11.7,imdrunkrightnow,Starter,Justin Gage,Ten,WR|W/R
4,4.9,imdrunkrightnow,Starter,Selvin Young,Den,RB|W/R
4,4.8,imdrunkrightnow,Starter,Chris Perry,Cin,RB|W/R
4,12.2,imdrunkrightnow,Starter,Owen Daniels,Den,TE
4,1.5,imdrunkrightnow,Starter,Hank Baskett,Phi,WR|W/R
4,2.6,imdrunkrightnow,Non-Starter,David Patten,NO,WR|W/R
4,0.0,imdrunkrightnow,Non-Starter,Brian Westbrook,SF,RB|W/R
4,0.0,imdrunkrightnow,Non-Starter,Julius Jones,Sea,RB|W/R
4,0.0,imdrunkrightnow,Non-Starter,Amani Toomer,NYG,WR|W/R
4,0.0,imdrunkrightnow,Non-Starter,Marques Colston,NO,WR|W/R
4,26.68,imdrunkrightnow,Non-Starter,Matt Schaub,Atl,QB
4,11.0,imdrunkrightnow,Starter,Josh Scobee,Pit,K
4,13.0,imdrunkrightnow,Starter,Tennessee Titans,Ten,DEF
5,11.8,imdrunkrightnow,Starter,Drew Brees,NO,QB
5,8.4,imdrunkrightnow,Starter,Amani Toomer,NYG,WR|W/R
5,0.0,imdrunkrightnow,Starter,Reggie Williams,Jax,WR|W/R
5,4.4,imdrunkrightnow,Starter,Selvin Young,Den,RB|W/R
5,7.9,imdrunkrightnow,Starter,Julius Jones,Sea,RB|W/R
5,7.2,imdrunkrightnow,Starter,Owen Daniels,Den,TE
5,17.4,imdrunkrightnow,Starter,Brian Westbrook,SF,RB|W/R
5,0.0,imdrunkrightnow,Non-Starter,D.J. Hackett,Car,WR|W/R
5,0.0,imdrunkrightnow,Non-Starter,Justin Gage,Ten,WR|W/R
5,0.0,imdrunkrightnow,Non-Starter,Jerricho Cotchery,Car,WR|W/R
5,4.5,imdrunkrightnow,Non-Starter,Chris Perry,Cin,RB|W/R
5,0.0,imdrunkrightnow,Non-Starter,Marques Colston,NO,WR|W/R
5,0.0,imdrunkrightnow,Non-Starter,Matt Schaub,Atl,QB
5,0.0,imdrunkrightnow,Starter,Josh Scobee,Pit,K
5,8.0,imdrunkrightnow,Starter,Tennessee Titans,Ten,DEF
6,25.5,imdrunkrightnow,Starter,Drew Brees,NO,QB
6,0.0,imdrunkrightnow,Starter,Amani Toomer,NYG,WR|W/R
6,12.5,imdrunkrightnow,Starter,Jerricho Cotchery,Car,WR|W/R
6,4.4,imdrunkrightnow,Starter,Julius Jones,Sea,RB|W/R
6,2.6,imdrunkrightnow,Starter,Chris Perry,Cin,RB|W/R
6,9.0,imdrunkrightnow,Starter,Owen Daniels,Den,TE
6,20.2,imdrunkrightnow,Starter,Steve Breaston,KC,WR|W/R
6,0.0,imdrunkrightnow,Non-Starter,Brian Westbrook,SF,RB|W/R
6,0.0,imdrunkrightnow,Non-Starter,Selvin Young,Den,RB|W/R
6,0.0,imdrunkrightnow,Non-Starter,Justin Gage,Ten,WR|W/R
6,0.0,imdrunkrightnow,Non-Starter,Marques Colston,NO,WR|W/R
6,1.1,imdrunkrightnow,Non-Starter,Domenik Hixon,Car,WR|W/R
6,4.0,imdrunkrightnow,Starter,Josh Scobee,Pit,K
6,0.0,imdrunkrightnow,Starter,Carolina Panthers,Car,DEF
6,0.0,imdrunkrightnow,Non-Starter,Tennessee Titans,Ten,DEF
7,7.24,imdrunkrightnow,Starter,Drew Brees,NO,QB
7,0.5,imdrunkrightnow,Starter,Jerricho Cotchery,Car,WR|W/R
7,0.0,imdrunkrightnow,Starter,Marques Colston,NO,WR|W/R
7,4.2,imdrunkrightnow,Starter,Julius Jones,Sea,RB|W/R
7,13.0,imdrunkrightnow,Starter,Ahman Green,GB,RB|W/R
7,21.6,imdrunkrightnow,Starter,Owen Daniels,Den,TE
7,4.6,imdrunkrightnow,Starter,Amani Toomer,NYG,WR|W/R
7,0.0,imdrunkrightnow,Non-Starter,Justin Gage,Ten,WR|W/R
7,0.0,imdrunkrightnow,Non-Starter,Chris Perry,Cin,RB|W/R
7,0.0,imdrunkrightnow,Non-Starter,Steve Breaston,KC,WR|W/R
7,0.0,imdrunkrightnow,Non-Starter,Brian Westbrook,SF,RB|W/R
7,0.0,imdrunkrightnow,Non-Starter,Selvin Young,Den,RB|W/R
7,1.1,imdrunkrightnow,Non-Starter,Domenik Hixon,Car,WR|W/R
7,7.0,imdrunkrightnow,Starter,Stephen Gostkowski,Ten,K
7,7.0,imdrunkrightnow,Starter,Tennessee Titans,Ten,DEF
8,22.96,imdrunkrightnow,Starter,Drew Brees,NO,QB
8,14.7,imdrunkrightnow,Starter,Jerricho Cotchery,Car,WR|W/R
8,6.6,imdrunkrightnow,Starter,Marques Colston,NO,WR|W/R
8,35.9,imdrunkrightnow,Starter,Brian Westbrook,SF,RB|W/R
8,5.1,imdrunkrightnow,Starter,Ahman Green,GB,RB|W/R
8,3.6,imdrunkrightnow,Starter,Owen Daniels,Den,TE
8,13.6,imdrunkrightnow,Starter,Steve Breaston,KC,WR|W/R
8,4.1,imdrunkrightnow,Non-Starter,Julius Jones,Sea,RB|W/R
8,4.9,imdrunkrightnow,Non-Starter,Amani Toomer,NYG,WR|W/R
8,1.1,imdrunkrightnow,Non-Starter,Justin Gage,Ten,WR|W/R
8,0.0,imdrunkrightnow,Non-Starter,Chris Perry,Cin,RB|W/R
8,0.0,imdrunkrightnow,Non-Starter,Selvin Young,Den,RB|W/R
8,2.2,imdrunkrightnow,Non-Starter,Domenik Hixon,Car,WR|W/R
8,10.0,imdrunkrightnow,Starter,Stephen Gostkowski,Ten,K
8,4.0,imdrunkrightnow,Starter,Tennessee Titans,Ten,DEF
9,9.14,imdrunkrightnow,Starter,Chad Pennington,Mia,QB
9,10.0,imdrunkrightnow,Starter,Jerricho Cotchery,Car,WR|W/R
9,4.9,imdrunkrightnow,Starter,Steve Breaston,KC,WR|W/R
9,12.6,imdrunkrightnow,Starter,Brian Westbrook,SF,RB|W/R
9,0.0,imdrunkrightnow,Starter,Selvin Young,Den,RB|W/R
9,18.8,imdrunkrightnow,Starter,Owen Daniels,Den,TE
9,9.6,imdrunkrightnow,Starter,Amani Toomer,NYG,WR|W/R
9,0.0,imdrunkrightnow,Non-Starter,Ahman Green,GB,RB|W/R
9,0.0,imdrunkrightnow,Non-Starter,Marques Colston,NO,WR|W/R
9,0.0,imdrunkrightnow,Non-Starter,Drew Brees,NO,QB
9,5.0,imdrunkrightnow,Non-Starter,Julius Jones,Sea,RB|W/R
9,0.0,imdrunkrightnow,Non-Starter,Justin Gage,Ten,WR|W/R
9,0.0,imdrunkrightnow,Non-Starter,Domenik Hixon,Car,WR|W/R
9,9.0,imdrunkrightnow,Starter,Stephen Gostkowski,Ten,K
9,9.0,imdrunkrightnow,Starter,Tennessee Titans,Ten,DEF
10,19.88,imdrunkrightnow,Starter,Drew Brees,NO,QB
10,2.3,imdrunkrightnow,Starter,Jerricho Cotchery,Car,WR|W/R
10,15.9,imdrunkrightnow,Starter,Steve Breaston,KC,WR|W/R
10,7.4,imdrunkrightnow,Starter,Brian Westbrook,SF,RB|W/R
10,10.0,imdrunkrightnow,Starter,Julius Jones,Sea,RB|W/R
10,1.8,imdrunkrightnow,Starter,Owen Daniels,Den,TE
10,17.5,imdrunkrightnow,Starter,Marques Colston,NO,WR|W/R
10,10.46,imdrunkrightnow,Non-Starter,Chad Pennington,Mia,QB
10,0.2,imdrunkrightnow,Non-Starter,Selvin Young,Den,RB|W/R
10,7.8,imdrunkrightnow,Non-Starter,Amani Toomer,NYG,WR|W/R
10,3.3,imdrunkrightnow,Non-Starter,Ahman Green,GB,RB|W/R
10,12.7,imdrunkrightnow,Non-Starter,Justin Gage,Ten,WR|W/R
10,0.0,imdrunkrightnow,Non-Starter,Domenik Hixon,Car,WR|W/R
10,6.0,imdrunkrightnow,Starter,Stephen Gostkowski,Ten,K
10,7.0,imdrunkrightnow,Starter,Tennessee Titans,Ten,DEF
11,12.44,imdrunkrightnow,Starter,Drew Brees,NO,QB
11,15.2,imdrunkrightnow,Starter,Jerricho Cotchery,Car,WR|W/R
11,2.5,imdrunkrightnow,Starter,Steve Breaston,KC,WR|W/R
11,8.6,imdrunkrightnow,Starter,Brian Westbrook,SF,RB|W/R
11,-0.1,imdrunkrightnow,Starter,Julius Jones,Sea,RB|W/R
11,1.9,imdrunkrightnow,Starter,Owen Daniels,Den,TE
11,4.5,imdrunkrightnow,Starter,Marques Colston,NO,WR|W/R
11,7.66,imdrunkrightnow,Non-Starter,Chad Pennington,Mia,QB
11,0.0,imdrunkrightnow,Non-Starter,Selvin Young,Den,RB|W/R
11,1.4,imdrunkrightnow,Non-Starter,Amani Toomer,NYG,WR|W/R
11,14.9,imdrunkrightnow,Non-Starter,Ahman Green,GB,RB|W/R
11,28.7,imdrunkrightnow,Non-Starter,Justin Gage,Ten,WR|W/R
11,3.5,imdrunkrightnow,Non-Starter,Domenik Hixon,Car,WR|W/R
11,11.0,imdrunkrightnow,Starter,Stephen Gostkowski,Ten,K
11,7.0,imdrunkrightnow,Starter,Tennessee Titans,Ten,DEF
12,28.92,imdrunkrightnow,Starter,Drew Brees,NO,QB
12,8.5,imdrunkrightnow,Starter,Jerricho Cotchery,Car,WR|W/R
12,13.5,imdrunkrightnow,Starter,Marques Colston,NO,WR|W/R
12,4.4,imdrunkrightnow,Starter,Brian Westbrook,SF,RB|W/R
12,2.1,imdrunkrightnow,Starter,Julius Jones,Sea,RB|W/R
12,4.3,imdrunkrightnow,Starter,Owen Daniels,Den,TE
12,11.0,imdrunkrightnow,Starter,Amani Toomer,NYG,WR|W/R
12,12.0,imdrunkrightnow,Non-Starter,Steve Breaston,KC,WR|W/R
12,30.34,imdrunkrightnow,Non-Starter,Chad Pennington,Mia,QB
12,0.0,imdrunkrightnow,Non-Starter,Selvin Young,Den,RB|W/R
12,5.2,imdrunkrightnow,Non-Starter,Ahman Green,GB,RB|W/R
12,4.2,imdrunkrightnow,Non-Starter,Justin Gage,Ten,WR|W/R
12,9.8,imdrunkrightnow,Non-Starter,Domenik Hixon,Car,WR|W/R
12,6.0,imdrunkrightnow,Starter,Stephen Gostkowski,Ten,K
12,5.0,imdrunkrightnow,Starter,Tennessee Titans,Ten,DEF
13,13.84,imdrunkrightnow,Starter,Drew Brees,NO,QB
13,6.0,imdrunkrightnow,Starter,Jerricho Cotchery,Car,WR|W/R
13,13.6,imdrunkrightnow,Starter,Marques Colston,NO,WR|W/R
13,38.5,imdrunkrightnow,Starter,Brian Westbrook,SF,RB|W/R
13,3.1,imdrunkrightnow,Starter,Fred Jackson,Sea,RB|W/R
13,3.5,imdrunkrightnow,Starter,Owen Daniels,Den,TE
13,13.5,imdrunkrightnow,Starter,Steve Breaston,KC,WR|W/R
13,1.7,imdrunkrightnow,Non-Starter,Julius Jones,Sea,RB|W/R
13,17.0,imdrunkrightnow,Non-Starter,Amani Toomer,NYG,WR|W/R
13,8.14,imdrunkrightnow,Non-Starter,Chad Pennington,Mia,QB
13,0.0,imdrunkrightnow,Non-Starter,Selvin Young,Den,RB|W/R
13,5.0,imdrunkrightnow,Non-Starter,Justin Gage,Ten,WR|W/R
13,9.6,imdrunkrightnow,Non-Starter,Domenik Hixon,Car,WR|W/R
13,3.0,imdrunkrightnow,Starter,Stephen Gostkowski,Ten,K
13,20.0,imdrunkrightnow,Starter,Tennessee Titans,Ten,DEF
1,14.28,Fat Chiks w Ice Piks,Starter,Peyton Manning,Den,QB
1,22.6,Fat Chiks w Ice Piks,Starter,Hines Ward,Pit,WR|W/R
1,13.6,Fat Chiks w Ice Piks,Starter,DeSean Jackson,Bal,WR|W/R
1,17.9,Fat Chiks w Ice Piks,Starter,Adrian Peterson,Sea,RB|W/R
1,35.1,Fat Chiks w Ice Piks,Starter,Michael Turner,Atl,RB|W/R
1,12.1,Fat Chiks w Ice Piks,Starter,Antonio Gates,LAC,TE
1,5.8,Fat Chiks w Ice Piks,Starter,Donald Driver,GB,WR|W/R
1,1.0,Fat Chiks w Ice Piks,Non-Starter,Laveranues Coles,NYJ,WR|W/R
1,0.0,Fat Chiks w Ice Piks,Non-Starter,Ahmad Bradshaw,Ind,RB|W/R
1,13.96,Fat Chiks w Ice Piks,Non-Starter,Brett Favre,Min,QB
1,1.4,Fat Chiks w Ice Piks,Non-Starter,Rudi Johnson,Det,RB|W/R
1,1.6,Fat Chiks w Ice Piks,Non-Starter,Ladell Betts,NO,RB|W/R
1,0.0,Fat Chiks w Ice Piks,Non-Starter,Benjamin Watson,NE,TE
1,3.0,Fat Chiks w Ice Piks,Starter,David Akers,Det,K
1,5.0,Fat Chiks w Ice Piks,Starter,Dallas Cowboys,Dal,DEF
2,12.44,Fat Chiks w Ice Piks,Starter,Peyton Manning,Den,QB
2,14.4,Fat Chiks w Ice Piks,Starter,Hines Ward,Pit,WR|W/R
2,14.2,Fat Chiks w Ice Piks,Starter,Eddie Royal,Chi,WR|W/R
2,20.0,Fat Chiks w Ice Piks,Starter,Adrian Peterson,Sea,RB|W/R
2,5.3,Fat Chiks w Ice Piks,Starter,Michael Turner,Atl,RB|W/R
2,8.1,Fat Chiks w Ice Piks,Starter,Antonio Gates,LAC,TE
2,14.0,Fat Chiks w Ice Piks,Starter,DeSean Jackson,Bal,WR|W/R
2,14.7,Fat Chiks w Ice Piks,Non-Starter,Donald Driver,GB,WR|W/R
2,8.7,Fat Chiks w Ice Piks,Non-Starter,Laveranues Coles,NYJ,WR|W/R
2,9.84,Fat Chiks w Ice Piks,Non-Starter,Brett Favre,Min,QB
2,0.2,Fat Chiks w Ice Piks,Non-Starter,Rudi Johnson,Det,RB|W/R
2,4.3,Fat Chiks w Ice Piks,Non-Starter,Ladell Betts,NO,RB|W/R
2,0.0,Fat Chiks w Ice Piks,Non-Starter,Ronald Curry,LV,WR|W/R
2,7.0,Fat Chiks w Ice Piks,Starter,John Kasay,NO,K
2,11.0,Fat Chiks w Ice Piks,Starter,Dallas Cowboys,Dal,DEF
3,9.84,Fat Chiks w Ice Piks,Starter,Peyton Manning,Den,QB
3,5.4,Fat Chiks w Ice Piks,Starter,Hines Ward,Pit,WR|W/R
3,3.7,Fat Chiks w Ice Piks,Starter,Eddie Royal,Chi,WR|W/R
3,7.7,Fat Chiks w Ice Piks,Starter,Adrian Peterson,Sea,RB|W/R
3,28.4,Fat Chiks w Ice Piks,Starter,Michael Turner,Atl,RB|W/R
3,9.5,Fat Chiks w Ice Piks,Starter,Antonio Gates,LAC,TE
3,6.6,Fat Chiks w Ice Piks,Starter,DeSean Jackson,Bal,WR|W/R
3,9.6,Fat Chiks w Ice Piks,Non-Starter,Donald Driver,GB,WR|W/R
3,16.5,Fat Chiks w Ice Piks,Non-Starter,Laveranues Coles,NYJ,WR|W/R
3,19.34,Fat Chiks w Ice Piks,Non-Starter,Brett Favre,Min,QB
3,20.6,Fat Chiks w Ice Piks,Non-Starter,Rudi Johnson,Det,RB|W/R
3,2.3,Fat Chiks w Ice Piks,Non-Starter,Ladell Betts,NO,RB|W/R
3,4.0,Fat Chiks w Ice Piks,Starter,John Kasay,NO,K
3,3.0,Fat Chiks w Ice Piks,Starter,Buffalo Bills,Buf,DEF
3,8.0,Fat Chiks w Ice Piks,Non-Starter,Dallas Cowboys,Dal,DEF
4,33.56,Fat Chiks w Ice Piks,Starter,Brett Favre,Min,QB
4,17.1,Fat Chiks w Ice Piks,Starter,DeSean Jackson,Bal,WR|W/R
4,12.9,Fat Chiks w Ice Piks,Starter,Eddie Royal,Chi,WR|W/R
4,22.1,Fat Chiks w Ice Piks,Starter,Adrian Peterson,Sea,RB|W/R
4,6.0,Fat Chiks w Ice Piks,Starter,Michael Turner,Atl,RB|W/R
4,14.3,Fat Chiks w Ice Piks,Starter,Antonio Gates,LAC,TE
4,1.3,Fat Chiks w Ice Piks,Starter,Donald Driver,GB,WR|W/R
4,32.5,Fat Chiks w Ice Piks,Non-Starter,Laveranues Coles,NYJ,WR|W/R
4,0.0,Fat Chiks w Ice Piks,Non-Starter,Rudi Johnson,Det,RB|W/R
4,6.7,Fat Chiks w Ice Piks,Non-Starter,Hines Ward,Pit,WR|W/R
4,0.0,Fat Chiks w Ice Piks,Non-Starter,Peyton Manning,Den,QB
4,3.2,Fat Chiks w Ice Piks,Non-Starter,Ladell Betts,NO,RB|W/R
4,4.0,Fat Chiks w Ice Piks,Starter,John Kasay,NO,K
4,13.0,Fat Chiks w Ice Piks,Starter,Buffalo Bills,Buf,DEF
4,2.0,Fat Chiks w Ice Piks,Non-Starter,Dallas Cowboys,Dal,DEF
5,16.68,Fat Chiks w Ice Piks,Starter,Peyton Manning,Den,QB
5,8.6,Fat Chiks w Ice Piks,Starter,DeSean Jackson,Bal,WR|W/R
5,14.9,Fat Chiks w Ice Piks,Starter,Donald Driver,GB,WR|W/R
5,4.6,Fat Chiks w Ice Piks,Starter,Adrian Peterson,Sea,RB|W/R
5,18.1,Fat Chiks w Ice Piks,Starter,Michael Turner,Atl,RB|W/R
5,1.7,Fat Chiks w Ice Piks,Starter,Antonio Gates,LAC,TE
5,3.8,Fat Chiks w Ice Piks,Starter,Eddie Royal,Chi,WR|W/R
5,18.5,Fat Chiks w Ice Piks,Non-Starter,Hines Ward,Pit,WR|W/R
5,0.0,Fat Chiks w Ice Piks,Non-Starter,Brett Favre,Min,QB
5,0.0,Fat Chiks w Ice Piks,Non-Starter,Laveranues Coles,NYJ,WR|W/R
5,4.7,Fat Chiks w Ice Piks,Non-Starter,Rudi Johnson,Det,RB|W/R
5,5.6,Fat Chiks w Ice Piks,Non-Starter,Ladell Betts,NO,RB|W/R
5,7.0,Fat Chiks w Ice Piks,Starter,John Kasay,NO,K
5,-4.0,Fat Chiks w Ice Piks,Starter,Buffalo Bills,Buf,DEF
5,6.0,Fat Chiks w Ice Piks,Non-Starter,Dallas Cowboys,Dal,DEF
6,5.46,Fat Chiks w Ice Piks,Starter,Brett Favre,Min,QB
6,8.3,Fat Chiks w Ice Piks,Starter,Donald Driver,GB,WR|W/R
6,10.4,Fat Chiks w Ice Piks,Starter,Laveranues Coles,NYJ,WR|W/R
6,7.1,Fat Chiks w Ice Piks,Starter,Adrian Peterson,Sea,RB|W/R
6,5.4,Fat Chiks w Ice Piks,Starter,Michael Turner,Atl,RB|W/R
6,11.5,Fat Chiks w Ice Piks,Starter,Antonio Gates,LAC,TE
6,4.7,Fat Chiks w Ice Piks,Starter,Rudi Johnson,Det,RB|W/R
6,22.64,Fat Chiks w Ice Piks,Non-Starter,Peyton Manning,Den,QB
6,12.9,Fat Chiks w Ice Piks,Non-Starter,DeSean Jackson,Bal,WR|W/R
6,0.0,Fat Chiks w Ice Piks,Non-Starter,Eddie Royal,Chi,WR|W/R
6,0.0,Fat Chiks w Ice Piks,Non-Starter,Hines Ward,Pit,WR|W/R
6,6.0,Fat Chiks w Ice Piks,Non-Starter,Ladell Betts,NO,RB|W/R
6,7.8,Fat Chiks w Ice Piks,Non-Starter,Devery Henderson,NO,WR|W/R
6,3.0,Fat Chiks w Ice Piks,Starter,John Kasay,NO,K
6,6.0,Fat Chiks w Ice Piks,Starter,Dallas Cowboys,Dal,DEF
7,5.06,Fat Chiks w Ice Piks,Starter,Peyton Manning,Den,QB
7,7.1,Fat Chiks w Ice Piks,Starter,Laveranues Coles,NYJ,WR|W/R
7,14.0,Fat Chiks w Ice Piks,Starter,Hines Ward,Pit,WR|W/R
7,25.5,Fat Chiks w Ice Piks,Starter,Adrian Peterson,Sea,RB|W/R
7,19.8,Fat Chiks w Ice Piks,Starter,Sammy Morris,Dal,RB|W/R
7,7.5,Fat Chiks w Ice Piks,Starter,Antonio Gates,LAC,TE
7,5.5,Fat Chiks w Ice Piks,Starter,Donald Driver,GB,WR|W/R
7,11.6,Fat Chiks w Ice Piks,Non-Starter,Eddie Royal,Chi,WR|W/R
7,0.8,Fat Chiks w Ice Piks,Non-Starter,Rudi Johnson,Det,RB|W/R
7,4.38,Fat Chiks w Ice Piks,Non-Starter,Brett Favre,Min,QB
7,0.0,Fat Chiks w Ice Piks,Non-Starter,Michael Turner,Atl,RB|W/R
7,0.0,Fat Chiks w Ice Piks,Non-Starter,DeSean Jackson,Bal,WR|W/R
7,9.5,Fat Chiks w Ice Piks,Non-Starter,Devery Henderson,NO,WR|W/R
7,10.0,Fat Chiks w Ice Piks,Starter,John Kasay,NO,K
7,4.0,Fat Chiks w Ice Piks,Starter,Dallas Cowboys,Dal,DEF
8,13.5,Fat Chiks w Ice Piks,Starter,Brett Favre,Min,QB
8,4.5,Fat Chiks w Ice Piks,Starter,Hines Ward,Pit,WR|W/R
8,8.7,Fat Chiks w Ice Piks,Starter,DeSean Jackson,Bal,WR|W/R
8,5.8,Fat Chiks w Ice Piks,Starter,Michael Turner,Atl,RB|W/R
8,4.0,Fat Chiks w Ice Piks,Starter,Kolby Smith,KC,RB|W/R
8,18.6,Fat Chiks w Ice Piks,Starter,Antonio Gates,LAC,TE
8,5.8,Fat Chiks w Ice Piks,Starter,Chansi Stuckey,Ari,WR|W/R
8,16.5,Fat Chiks w Ice Piks,Non-Starter,Laveranues Coles,NYJ,WR|W/R
8,19.02,Fat Chiks w Ice Piks,Non-Starter,Peyton Manning,Den,QB
8,0.0,Fat Chiks w Ice Piks,Non-Starter,Sammy Morris,Dal,RB|W/R
8,0.0,Fat Chiks w Ice Piks,Non-Starter,Adrian Peterson,Sea,RB|W/R
8,0.0,Fat Chiks w Ice Piks,Non-Starter,Donald Driver,GB,WR|W/R
8,0.0,Fat Chiks w Ice Piks,Non-Starter,Eddie Royal,Chi,WR|W/R
8,8.0,Fat Chiks w Ice Piks,Starter,John Kasay,NO,K
8,8.0,Fat Chiks w Ice Piks,Starter,Dallas Cowboys,Dal,DEF
9,20.16,Fat Chiks w Ice Piks,Starter,Peyton Manning,Den,QB
9,5.4,Fat Chiks w Ice Piks,Starter,Hines Ward,Pit,WR|W/R
9,3.3,Fat Chiks w Ice Piks,Starter,DeSean Jackson,Bal,WR|W/R
9,13.9,Fat Chiks w Ice Piks,Starter,Michael Turner,Atl,RB|W/R
9,19.9,Fat Chiks w Ice Piks,Starter,Adrian Peterson,Sea,RB|W/R
9,9.0,Fat Chiks w Ice Piks,Starter,Visanthe Shiancoe,Ten,TE
9,5.5,Fat Chiks w Ice Piks,Starter,Laveranues Coles,NYJ,WR|W/R
9,23.1,Fat Chiks w Ice Piks,Non-Starter,Donald Driver,GB,WR|W/R
9,5.84,Fat Chiks w Ice Piks,Non-Starter,Brett Favre,Min,QB
9,10.6,Fat Chiks w Ice Piks,Non-Starter,Kolby Smith,KC,RB|W/R
9,0.0,Fat Chiks w Ice Piks,Non-Starter,Antonio Gates,LAC,TE
9,0.0,Fat Chiks w Ice Piks,Non-Starter,Sammy Morris,Dal,RB|W/R
9,16.4,Fat Chiks w Ice Piks,Non-Starter,Eddie Royal,Chi,WR|W/R
9,0.0,Fat Chiks w Ice Piks,Starter,Josh Brown,NYG,K
9,12.0,Fat Chiks w Ice Piks,Starter,Dallas Cowboys,Dal,DEF
10,21.6,Fat Chiks w Ice Piks,Starter,Peyton Manning,Den,QB
10,15.6,Fat Chiks w Ice Piks,Starter,Hines Ward,Pit,WR|W/R
10,6.9,Fat Chiks w Ice Piks,Starter,Donald Driver,GB,WR|W/R
10,16.1,Fat Chiks w Ice Piks,Starter,Michael Turner,Atl,RB|W/R
10,30.0,Fat Chiks w Ice Piks,Starter,Adrian Peterson,Sea,RB|W/R
10,16.6,Fat Chiks w Ice Piks,Starter,Antonio Gates,LAC,TE
10,1.9,Fat Chiks w Ice Piks,Starter,Laveranues Coles,NYJ,WR|W/R
10,25.4,Fat Chiks w Ice Piks,Non-Starter,Eddie Royal,Chi,WR|W/R
10,16.5,Fat Chiks w Ice Piks,Non-Starter,DeSean Jackson,Bal,WR|W/R
10,10.68,Fat Chiks w Ice Piks,Non-Starter,Brett Favre,Min,QB
10,0.0,Fat Chiks w Ice Piks,Non-Starter,Sammy Morris,Dal,RB|W/R
10,4.7,Fat Chiks w Ice Piks,Non-Starter,Greg Camarillo,NO,WR|W/R
10,2.4,Fat Chiks w Ice Piks,Non-Starter,Peyton Hillis,NYG,RB|W/R
10,3.0,Fat Chiks w Ice Piks,Starter,David Akers,Det,K
10,6.0,Fat Chiks w Ice Piks,Starter,Arizona,Ari,DEF
11,20.9,Fat Chiks w Ice Piks,Starter,Peyton Manning,Den,QB
11,17.9,Fat Chiks w Ice Piks,Starter,Hines Ward,Pit,WR|W/R
11,8.0,Fat Chiks w Ice Piks,Starter,Donald Driver,GB,WR|W/R
11,20.1,Fat Chiks w Ice Piks,Starter,Michael Turner,Atl,RB|W/R
11,8.7,Fat Chiks w Ice Piks,Starter,Adrian Peterson,Sea,RB|W/R
11,2.0,Fat Chiks w Ice Piks,Starter,Antonio Gates,LAC,TE
11,6.1,Fat Chiks w Ice Piks,Starter,Eddie Royal,Chi,WR|W/R
11,8.9,Fat Chiks w Ice Piks,Non-Starter,DeSean Jackson,Bal,WR|W/R
11,6.3,Fat Chiks w Ice Piks,Non-Starter,Laveranues Coles,NYJ,WR|W/R
11,18.42,Fat Chiks w Ice Piks,Non-Starter,Brett Favre,Min,QB
11,1.4,Fat Chiks w Ice Piks,Non-Starter,Sammy Morris,Dal,RB|W/R
11,20.5,Fat Chiks w Ice Piks,Non-Starter,Peyton Hillis,NYG,RB|W/R
11,3.8,Fat Chiks w Ice Piks,Non-Starter,Ladell Betts,NO,RB|W/R
11,7.0,Fat Chiks w Ice Piks,Starter,David Akers,Det,K
11,11.0,Fat Chiks w Ice Piks,Starter,Arizona,Ari,DEF
12,16.2,Fat Chiks w Ice Piks,Starter,Peyton Manning,Den,QB
12,4.2,Fat Chiks w Ice Piks,Starter,Hines Ward,Pit,WR|W/R
12,2.7,Fat Chiks w Ice Piks,Starter,Eddie Royal,Chi,WR|W/R
12,35.7,Fat Chiks w Ice Piks,Starter,Michael Turner,Atl,RB|W/R
12,14.0,Fat Chiks w Ice Piks,Starter,Adrian Peterson,Sea,RB|W/R
12,4.3,Fat Chiks w Ice Piks,Starter,Antonio Gates,LAC,TE
12,8.4,Fat Chiks w Ice Piks,Starter,DeSean Jackson,Bal,WR|W/R
12,18.3,Fat Chiks w Ice Piks,Non-Starter,Laveranues Coles,NYJ,WR|W/R
12,6.3,Fat Chiks w Ice Piks,Non-Starter,Donald Driver,GB,WR|W/R
12,14.86,Fat Chiks w Ice Piks,Non-Starter,Brett Favre,Min,QB
12,3.9,Fat Chiks w Ice Piks,Non-Starter,Sammy Morris,Dal,RB|W/R
12,16.6,Fat Chiks w Ice Piks,Non-Starter,Peyton Hillis,NYG,RB|W/R
12,11.3,Fat Chiks w Ice Piks,Non-Starter,Ted Ginn,Chi,WR|W/R
12,0.0,Fat Chiks w Ice Piks,Starter,David Akers,Det,K
12,-3.0,Fat Chiks w Ice Piks,Starter,Arizona,Ari,DEF
13,0.8,Fat Chiks w Ice Piks,Starter,Peyton Manning,Den,QB
13,16.9,Fat Chiks w Ice Piks,Starter,Eddie Royal,Chi,WR|W/R
13,16.8,Fat Chiks w Ice Piks,Starter,Donald Driver,GB,WR|W/R
13,10.0,Fat Chiks w Ice Piks,Starter,Michael Turner,Atl,RB|W/R
13,20.0,Fat Chiks w Ice Piks,Starter,Adrian Peterson,Sea,RB|W/R
13,4.2,Fat Chiks w Ice Piks,Starter,Antonio Gates,LAC,TE
13,18.9,Fat Chiks w Ice Piks,Starter,Peyton Hillis,NYG,RB|W/R
13,15.2,Fat Chiks w Ice Piks,Non-Starter,DeSean Jackson,Bal,WR|W/R
13,12.2,Fat Chiks w Ice Piks,Non-Starter,Hines Ward,Pit,WR|W/R
13,1.2,Fat Chiks w Ice Piks,Non-Starter,Laveranues Coles,NYJ,WR|W/R
13,7.88,Fat Chiks w Ice Piks,Non-Starter,Brett Favre,Min,QB
13,12.2,Fat Chiks w Ice Piks,Non-Starter,Sammy Morris,Dal,RB|W/R
13,7.5,Fat Chiks w Ice Piks,Non-Starter,Ted Ginn,Chi,WR|W/R
13,8.0,Fat Chiks w Ice Piks,Starter,David Akers,Det,K
13,-1.0,Fat Chiks w Ice Piks,Starter,Arizona,Ari,DEF
1,9.32,AirBudGoldenReceiver,Starter,Jason Campbell,Cin,QB
1,2.7,AirBudGoldenReceiver,Starter,Chad Johnson,NE,WR|W/R
1,14.2,AirBudGoldenReceiver,Starter,Calvin Johnson,Det,WR|W/R
1,5.2,AirBudGoldenReceiver,Starter,Joseph Addai,Ind,RB|W/R
1,7.0,AirBudGoldenReceiver,Starter,Maurice Jones-Drew,LV,RB|W/R
1,1.2,AirBudGoldenReceiver,Starter,Chris Cooley,Was,TE
1,12.2,AirBudGoldenReceiver,Starter,Santana Moss,Was,WR|W/R
1,16.0,AirBudGoldenReceiver,Non-Starter,Kevin Smith,Det,RB|W/R
1,0.0,AirBudGoldenReceiver,Non-Starter,Bobby Engram,KC,WR|W/R
1,12.54,AirBudGoldenReceiver,Non-Starter,Eli Manning,NYG,QB
1,3.6,AirBudGoldenReceiver,Non-Starter,Leon Washington,Ten,RB|W/R
1,11.3,AirBudGoldenReceiver,Non-Starter,Darrell Jackson,Den,WR|W/R
1,3.0,AirBudGoldenReceiver,Starter,Nate Kaeding,LAC,K
1,10.0,AirBudGoldenReceiver,Starter,New England Patriots,NE,DEF
1,5.0,AirBudGoldenReceiver,Non-Starter,Washington,Was,DEF
2,16.94,AirBudGoldenReceiver,Starter,Jason Campbell,Cin,QB
2,5.7,AirBudGoldenReceiver,Starter,Chad Johnson,NE,WR|W/R
2,27.9,AirBudGoldenReceiver,Starter,Calvin Johnson,Det,WR|W/R
2,10.3,AirBudGoldenReceiver,Starter,Joseph Addai,Ind,RB|W/R
2,11.7,AirBudGoldenReceiver,Starter,Maurice Jones-Drew,LV,RB|W/R
2,9.7,AirBudGoldenReceiver,Starter,Chris Cooley,Was,TE
2,28.6,AirBudGoldenReceiver,Starter,Santana Moss,Was,WR|W/R
2,8.1,AirBudGoldenReceiver,Non-Starter,Kevin Smith,Det,RB|W/R
2,0.0,AirBudGoldenReceiver,Non-Starter,Bobby Engram,KC,WR|W/R
2,22.4,AirBudGoldenReceiver,Non-Starter,Eli Manning,NYG,QB
2,7.0,AirBudGoldenReceiver,Non-Starter,Leon Washington,Ten,RB|W/R
2,0.0,AirBudGoldenReceiver,Non-Starter,Darrell Jackson,Den,WR|W/R
2,9.0,AirBudGoldenReceiver,Starter,Nate Kaeding,LAC,K
2,8.0,AirBudGoldenReceiver,Starter,New England Patriots,NE,DEF
2,8.0,AirBudGoldenReceiver,Non-Starter,Washington,Was,DEF
3,18.32,AirBudGoldenReceiver,Starter,Jason Campbell,Cin,QB
3,4.4,AirBudGoldenReceiver,Starter,Chad Johnson,NE,WR|W/R
3,6.0,AirBudGoldenReceiver,Starter,Calvin Johnson,Det,WR|W/R
3,21.3,AirBudGoldenReceiver,Starter,Joseph Addai,Ind,RB|W/R
3,24.6,AirBudGoldenReceiver,Starter,Maurice Jones-Drew,LV,RB|W/R
3,10.7,AirBudGoldenReceiver,Starter,Chris Cooley,Was,TE
3,17.0,AirBudGoldenReceiver,Starter,Santana Moss,Was,WR|W/R
3,1.4,AirBudGoldenReceiver,Non-Starter,Kevin Smith,Det,RB|W/R
3,0.0,AirBudGoldenReceiver,Non-Starter,Bobby Engram,KC,WR|W/R
3,15.56,AirBudGoldenReceiver,Non-Starter,Eli Manning,NYG,QB
3,2.9,AirBudGoldenReceiver,Non-Starter,Leon Washington,Ten,RB|W/R
3,0.0,AirBudGoldenReceiver,Non-Starter,Darrell Jackson,Den,WR|W/R
3,7.0,AirBudGoldenReceiver,Starter,Nate Kaeding,LAC,K
3,-4.0,AirBudGoldenReceiver,Starter,New England Patriots,NE,DEF
3,7.0,AirBudGoldenReceiver,Non-Starter,Washington,Was,DEF
4,17.54,AirBudGoldenReceiver,Starter,Jason Campbell,Cin,QB
4,10.3,AirBudGoldenReceiver,Starter,Chad Johnson,NE,WR|W/R
4,18.5,AirBudGoldenReceiver,Starter,Santana Moss,Was,WR|W/R
4,5.9,AirBudGoldenReceiver,Starter,Maurice Jones-Drew,LV,RB|W/R
4,16.3,AirBudGoldenReceiver,Starter,Michael Bush,Ari,RB|W/R
4,4.8,AirBudGoldenReceiver,Starter,Chris Cooley,Was,TE
4,5.9,AirBudGoldenReceiver,Starter,Antonio Bryant,TB,WR|W/R
4,0.0,AirBudGoldenReceiver,Non-Starter,Calvin Johnson,Det,WR|W/R
4,0.0,AirBudGoldenReceiver,Non-Starter,Joseph Addai,Ind,RB|W/R
4,0.0,AirBudGoldenReceiver,Non-Starter,Kevin Smith,Det,RB|W/R
4,0.0,AirBudGoldenReceiver,Non-Starter,Bobby Engram,KC,WR|W/R
4,0.0,AirBudGoldenReceiver,Non-Starter,Eli Manning,NYG,QB
4,7.0,AirBudGoldenReceiver,Starter,Nate Kaeding,LAC,K
4,2.0,AirBudGoldenReceiver,Starter,Washington,Was,DEF
4,0.0,AirBudGoldenReceiver,Non-Starter,New England Patriots,NE,DEF
5,8.44,AirBudGoldenReceiver,Starter,Jason Campbell,Cin,QB
5,0.0,AirBudGoldenReceiver,Starter,Santana Moss,Was,WR|W/R
5,9.3,AirBudGoldenReceiver,Starter,Antonio Bryant,TB,WR|W/R
5,12.0,AirBudGoldenReceiver,Starter,Maurice Jones-Drew,LV,RB|W/R
5,13.9,AirBudGoldenReceiver,Starter,Joseph Addai,Ind,RB|W/R
5,20.9,AirBudGoldenReceiver,Starter,Chris Cooley,Was,TE
5,2.6,AirBudGoldenReceiver,Starter,Calvin Johnson,Det,WR|W/R
5,10.1,AirBudGoldenReceiver,Non-Starter,Bobby Engram,KC,WR|W/R
5,5.8,AirBudGoldenReceiver,Non-Starter,Chad Johnson,NE,WR|W/R
5,0.0,AirBudGoldenReceiver,Non-Starter,Michael Bush,Ari,RB|W/R
5,13.6,AirBudGoldenReceiver,Non-Starter,Kevin Smith,Det,RB|W/R
5,18.68,AirBudGoldenReceiver,Non-Starter,Eli Manning,NYG,QB
5,3.0,AirBudGoldenReceiver,Starter,Nate Kaeding,LAC,K
5,7.0,AirBudGoldenReceiver,Starter,New England Patriots,NE,DEF
5,1.0,AirBudGoldenReceiver,Non-Starter,Washington,Was,DEF
6,10.22,AirBudGoldenReceiver,Starter,Jason Campbell,Cin,QB
6,3.2,AirBudGoldenReceiver,Starter,Santana Moss,Was,WR|W/R
6,8.2,AirBudGoldenReceiver,Starter,Chad Johnson,NE,WR|W/R
6,27.8,AirBudGoldenReceiver,Starter,Maurice Jones-Drew,LV,RB|W/R
6,0.3,AirBudGoldenReceiver,Starter,Joseph Addai,Ind,RB|W/R
6,6.2,AirBudGoldenReceiver,Starter,Chris Cooley,Was,TE
6,0.0,AirBudGoldenReceiver,Starter,Bobby Engram,KC,WR|W/R
6,14.5,AirBudGoldenReceiver,Non-Starter,Calvin Johnson,Det,WR|W/R
6,1.8,AirBudGoldenReceiver,Non-Starter,Antonio Bryant,TB,WR|W/R
6,1.8,AirBudGoldenReceiver,Non-Starter,Michael Bush,Ari,RB|W/R
6,8.3,AirBudGoldenReceiver,Non-Starter,Kevin Smith,Det,RB|W/R
6,7.14,AirBudGoldenReceiver,Non-Starter,Eli Manning,NYG,QB
6,9.0,AirBudGoldenReceiver,Starter,Nate Kaeding,LAC,K
6,8.0,AirBudGoldenReceiver,Starter,Washington,Was,DEF
6,1.0,AirBudGoldenReceiver,Non-Starter,New England Patriots,NE,DEF
7,10.66,AirBudGoldenReceiver,Starter,Jason Campbell,Cin,QB
7,15.5,AirBudGoldenReceiver,Starter,Santana Moss,Was,WR|W/R
7,24.2,AirBudGoldenReceiver,Starter,Calvin Johnson,Det,WR|W/R
7,13.3,AirBudGoldenReceiver,Starter,Kevin Smith,Det,RB|W/R
7,7.1,AirBudGoldenReceiver,Starter,Kevin Faulk,NE,RB|W/R
7,5.2,AirBudGoldenReceiver,Starter,Chris Cooley,Was,TE
7,15.2,AirBudGoldenReceiver,Starter,Chad Johnson,NE,WR|W/R
7,0.0,AirBudGoldenReceiver,Non-Starter,Joseph Addai,Ind,RB|W/R
7,1.3,AirBudGoldenReceiver,Non-Starter,Bobby Engram,KC,WR|W/R
7,20.5,AirBudGoldenReceiver,Non-Starter,Antonio Bryant,TB,WR|W/R
7,0.0,AirBudGoldenReceiver,Non-Starter,Maurice Jones-Drew,LV,RB|W/R
7,10.04,AirBudGoldenReceiver,Non-Starter,Eli Manning,NYG,QB
7,0.0,AirBudGoldenReceiver,Starter,Nate Kaeding,LAC,K
7,5.0,AirBudGoldenReceiver,Starter,Washington,Was,DEF
7,17.0,AirBudGoldenReceiver,Non-Starter,New England Patriots,NE,DEF
8,14.92,AirBudGoldenReceiver,Starter,Jason Campbell,Cin,QB
8,30.5,AirBudGoldenReceiver,Starter,Santana Moss,Was,WR|W/R
8,14.4,AirBudGoldenReceiver,Starter,Calvin Johnson,Det,WR|W/R
8,9.7,AirBudGoldenReceiver,Starter,Kevin Smith,Det,RB|W/R
8,6.3,AirBudGoldenReceiver,Starter,Maurice Jones-Drew,LV,RB|W/R
8,10.4,AirBudGoldenReceiver,Starter,Chris Cooley,Was,TE
8,6.9,AirBudGoldenReceiver,Starter,Chad Johnson,NE,WR|W/R
8,18.7,AirBudGoldenReceiver,Non-Starter,Kevin Faulk,NE,RB|W/R
8,0.0,AirBudGoldenReceiver,Non-Starter,Joseph Addai,Ind,RB|W/R
8,5.5,AirBudGoldenReceiver,Non-Starter,Bobby Engram,KC,WR|W/R
8,7.5,AirBudGoldenReceiver,Non-Starter,Antonio Bryant,TB,WR|W/R
8,11.86,AirBudGoldenReceiver,Non-Starter,Eli Manning,NYG,QB
8,9.0,AirBudGoldenReceiver,Starter,Nate Kaeding,LAC,K
8,7.0,AirBudGoldenReceiver,Starter,New England Patriots,NE,DEF
8,8.0,AirBudGoldenReceiver,Non-Starter,Washington,Was,DEF
9,4.74,AirBudGoldenReceiver,Starter,Jason Campbell,Cin,QB
9,2.4,AirBudGoldenReceiver,Starter,Santana Moss,Was,WR|W/R
9,18.8,AirBudGoldenReceiver,Starter,Calvin Johnson,Det,WR|W/R
9,12.3,AirBudGoldenReceiver,Starter,Kevin Smith,Det,RB|W/R
9,13.2,AirBudGoldenReceiver,Starter,Maurice Jones-Drew,LV,RB|W/R
9,11.8,AirBudGoldenReceiver,Starter,Chris Cooley,Was,TE
9,18.2,AirBudGoldenReceiver,Starter,Chad Johnson,NE,WR|W/R
9,12.22,AirBudGoldenReceiver,Non-Starter,Kevin Faulk,NE,RB|W/R
9,5.2,AirBudGoldenReceiver,Non-Starter,Joseph Addai,Ind,RB|W/R
9,3.5,AirBudGoldenReceiver,Non-Starter,Bobby Engram,KC,WR|W/R
9,21.5,AirBudGoldenReceiver,Non-Starter,Antonio Bryant,TB,WR|W/R
9,11.88,AirBudGoldenReceiver,Non-Starter,Eli Manning,NYG,QB
9,0.0,AirBudGoldenReceiver,Starter,Sebastian Janikowski,Sea,K
9,1.0,AirBudGoldenReceiver,Starter,New England Patriots,NE,DEF
9,7.0,AirBudGoldenReceiver,Non-Starter,Washington,Was,DEF
10,13.84,AirBudGoldenReceiver,Starter,Eli Manning,NYG,QB
10,10.2,AirBudGoldenReceiver,Starter,Calvin Johnson,Det,WR|W/R
10,8.8,AirBudGoldenReceiver,Starter,Bobby Engram,KC,WR|W/R
10,18.8,AirBudGoldenReceiver,Starter,Kevin Smith,Det,RB|W/R
10,28.1,AirBudGoldenReceiver,Starter,Maurice Jones-Drew,LV,RB|W/R
10,0.0,AirBudGoldenReceiver,Starter,Chris Cooley,Was,TE
10,5.7,AirBudGoldenReceiver,Starter,Joseph Addai,Ind,RB|W/R
10,0.0,AirBudGoldenReceiver,Non-Starter,Jason Campbell,Cin,QB
10,0.0,AirBudGoldenReceiver,Non-Starter,Santana Moss,Was,WR|W/R
10,0.0,AirBudGoldenReceiver,Non-Starter,Chad Johnson,NE,WR|W/R
10,2.3,AirBudGoldenReceiver,Non-Starter,Kevin Faulk,NE,RB|W/R
10,0.0,AirBudGoldenReceiver,Non-Starter,Antonio Bryant,TB,WR|W/R
10,7.0,AirBudGoldenReceiver,Starter,Sebastian Janikowski,Sea,K
10,10.0,AirBudGoldenReceiver,Starter,New England Patriots,NE,DEF
10,0.0,AirBudGoldenReceiver,Non-Starter,Washington,Was,DEF
11,10.68,AirBudGoldenReceiver,Starter,Jason Campbell,Cin,QB
11,15.5,AirBudGoldenReceiver,Starter,Calvin Johnson,Det,WR|W/R
11,5.4,AirBudGoldenReceiver,Starter,Santana Moss,Was,WR|W/R
11,14.5,AirBudGoldenReceiver,Starter,Kevin Smith,Det,RB|W/R
11,22.8,AirBudGoldenReceiver,Starter,Maurice Jones-Drew,LV,RB|W/R
11,8.2,AirBudGoldenReceiver,Starter,Chris Cooley,Was,TE
11,29.3,AirBudGoldenReceiver,Starter,Joseph Addai,Ind,RB|W/R
11,4.0,AirBudGoldenReceiver,Non-Starter,Bobby Engram,KC,WR|W/R
11,5.4,AirBudGoldenReceiver,Non-Starter,Chad Johnson,NE,WR|W/R
11,7.82,AirBudGoldenReceiver,Non-Starter,Eli Manning,NYG,QB
11,10.7,AirBudGoldenReceiver,Non-Starter,Kevin Faulk,NE,RB|W/R
11,9.3,AirBudGoldenReceiver,Non-Starter,Antonio Bryant,TB,WR|W/R
11,6.0,AirBudGoldenReceiver,Starter,Sebastian Janikowski,Sea,K
11,4.0,AirBudGoldenReceiver,Starter,New England Patriots,NE,DEF
11,5.0,AirBudGoldenReceiver,Non-Starter,Washington,Was,DEF
12,15.44,AirBudGoldenReceiver,Starter,Jason Campbell,Cin,QB
12,14.1,AirBudGoldenReceiver,Starter,Calvin Johnson,Det,WR|W/R
12,9.2,AirBudGoldenReceiver,Starter,Santana Moss,Was,WR|W/R
12,8.6,AirBudGoldenReceiver,Starter,Kevin Smith,Det,RB|W/R
12,16.2,AirBudGoldenReceiver,Starter,Maurice Jones-Drew,LV,RB|W/R
12,7.9,AirBudGoldenReceiver,Starter,Chris Cooley,Was,TE
12,13.6,AirBudGoldenReceiver,Starter,Joseph Addai,Ind,RB|W/R
12,4.4,AirBudGoldenReceiver,Non-Starter,Bobby Engram,KC,WR|W/R
12,0.0,AirBudGoldenReceiver,Non-Starter,Chad Johnson,NE,WR|W/R
12,21.4,AirBudGoldenReceiver,Non-Starter,Eli Manning,NYG,QB
12,19.5,AirBudGoldenReceiver,Non-Starter,Kevin Faulk,NE,RB|W/R
12,6.8,AirBudGoldenReceiver,Non-Starter,Antonio Bryant,TB,WR|W/R
12,3.0,AirBudGoldenReceiver,Starter,Sebastian Janikowski,Sea,K
12,7.0,AirBudGoldenReceiver,Starter,Washington,Was,DEF
12,4.0,AirBudGoldenReceiver,Non-Starter,New England Patriots,NE,DEF
13,11.08,AirBudGoldenReceiver,Starter,Jason Campbell,Cin,QB
13,9.1,AirBudGoldenReceiver,Starter,Calvin Johnson,Det,WR|W/R
13,5.5,AirBudGoldenReceiver,Starter,Santana Moss,Was,WR|W/R
13,3.6,AirBudGoldenReceiver,Starter,Kevin Smith,Det,RB|W/R
13,6.6,AirBudGoldenReceiver,Starter,Maurice Jones-Drew,LV,RB|W/R
13,10.1,AirBudGoldenReceiver,Starter,Chris Cooley,Was,TE
13,4.8,AirBudGoldenReceiver,Starter,Joseph Addai,Ind,RB|W/R
13,6.5,AirBudGoldenReceiver,Non-Starter,Bobby Engram,KC,WR|W/R
13,6.5,AirBudGoldenReceiver,Non-Starter,Chad Johnson,NE,WR|W/R
13,14.9,AirBudGoldenReceiver,Non-Starter,Eli Manning,NYG,QB
13,15.6,AirBudGoldenReceiver,Non-Starter,Kevin Faulk,NE,RB|W/R
13,15.1,AirBudGoldenReceiver,Non-Starter,Antonio Bryant,TB,WR|W/R
13,8.0,AirBudGoldenReceiver,Starter,Sebastian Janikowski,Sea,K
13,2.0,AirBudGoldenReceiver,Starter,New England Patriots,NE,DEF
13,4.0,AirBudGoldenReceiver,Non-Starter,Washington,Was,DEF
1,26.74,Football Yankees,Starter,Donovan McNabb,Min,QB
1,17.2,Football Yankees,Starter,Terrell Owens,Cin,WR|W/R
1,19.6,Football Yankees,Starter,Reggie Wayne,Ind,WR|W/R
1,12.9,Football Yankees,Starter,Brandon Jacobs,NYG,RB|W/R
1,17.8,Football Yankees,Starter,Thomas Jones,KC,RB|W/R
1,12.4,Football Yankees,Starter,L.J. Smith,Bal,TE
1,18.3,Football Yankees,Starter,Plaxico Burress,Pit,WR|W/R
1,3.2,Football Yankees,Non-Starter,Fred Taylor,NE,RB|W/R
1,7.3,Football Yankees,Non-Starter,Anthony Gonzalez,Ind,WR|W/R
1,7.0,Football Yankees,Non-Starter,Warrick Dunn,TB,RB|W/R
1,0.0,Football Yankees,Non-Starter,Jabar Gaffney,Mia,WR|W/R
1,7.8,Football Yankees,Non-Starter,Ray Rice,Bal,RB|W/R
1,0.0,Football Yankees,Non-Starter,Robert Meachem,NO,WR|W/R
1,6.0,Football Yankees,Starter,Ryan Longwell,Sea,K
1,13.0,Football Yankees,Starter,Baltimore Ravens,Bal,DEF
2,15.24,Football Yankees,Starter,Donovan McNabb,Min,QB
2,22.4,Football Yankees,Starter,Terrell Owens,Cin,WR|W/R
2,17.8,Football Yankees,Starter,Reggie Wayne,Ind,WR|W/R
2,10.0,Football Yankees,Starter,Brandon Jacobs,NYG,RB|W/R
2,8.5,Football Yankees,Starter,Thomas Jones,KC,RB|W/R
2,1.5,Football Yankees,Starter,L.J. Smith,Bal,TE
2,16.6,Football Yankees,Starter,Plaxico Burress,Pit,WR|W/R
2,5.9,Football Yankees,Non-Starter,Fred Taylor,NE,RB|W/R
2,18.2,Football Yankees,Non-Starter,Anthony Gonzalez,Ind,WR|W/R
2,0.0,Football Yankees,Non-Starter,Ray Rice,Bal,RB|W/R
2,7.1,Football Yankees,Non-Starter,Derrick Ward,Hou,RB|W/R
2,7.7,Football Yankees,Non-Starter,Sammy Morris,Dal,RB|W/R
2,7.3,Football Yankees,Non-Starter,Matt Cassel,Det,QB
2,19.0,Football Yankees,Starter,Ryan Longwell,Sea,K
2,6.0,Football Yankees,Starter,Philadelphia Eagles,Phi,DEF
3,9.64,Football Yankees,Starter,Donovan McNabb,Min,QB
3,2.7,Football Yankees,Starter,Terrell Owens,Cin,WR|W/R
3,8.9,Football Yankees,Starter,Reggie Wayne,Ind,WR|W/R
3,9.5,Football Yankees,Starter,Brandon Jacobs,NYG,RB|W/R
3,3.2,Football Yankees,Starter,Sammy Morris,Dal,RB|W/R
3,0.0,Football Yankees,Starter,L.J. Smith,Bal,TE
3,6.0,Football Yankees,Starter,Plaxico Burress,Pit,WR|W/R
3,4.4,Football Yankees,Non-Starter,Thomas Jones,KC,RB|W/R
3,14.0,Football Yankees,Non-Starter,Fred Taylor,NE,RB|W/R
3,4.7,Football Yankees,Non-Starter,Anthony Gonzalez,Ind,WR|W/R
3,2.1,Football Yankees,Non-Starter,Ray Rice,Bal,RB|W/R
3,12.1,Football Yankees,Non-Starter,Derrick Ward,Hou,RB|W/R
3,5.74,Football Yankees,Non-Starter,Matt Cassel,Det,QB
3,6.0,Football Yankees,Starter,Ryan Longwell,Sea,K
3,20.0,Football Yankees,Starter,Baltimore Ravens,Bal,DEF
4,11.98,Football Yankees,Starter,Donovan McNabb,Min,QB
4,17.7,Football Yankees,Starter,Terrell Owens,Cin,WR|W/R
4,3.1,Football Yankees,Starter,Ike Hilliard,TB,WR|W/R
4,7.9,Football Yankees,Starter,Thomas Jones,KC,RB|W/R
4,6.1,Football Yankees,Starter,Fred Taylor,NE,RB|W/R
4,18.0,Football Yankees,Starter,Zach Miller,Sea,TE
4,16.0,Football Yankees,Starter,Correll Buckhalter,Den,RB|W/R
4,0.0,Football Yankees,Non-Starter,Reggie Wayne,Ind,WR|W/R
4,0.0,Football Yankees,Non-Starter,Brandon Jacobs,NYG,RB|W/R
4,0.0,Football Yankees,Non-Starter,Plaxico Burress,Pit,WR|W/R
4,0.0,Football Yankees,Non-Starter,Anthony Gonzalez,Ind,WR|W/R
4,0.0,Football Yankees,Non-Starter,Derrick Ward,Hou,RB|W/R
4,0.0,Football Yankees,Non-Starter,Matt Cassel,Det,QB
4,4.0,Football Yankees,Starter,Ryan Longwell,Sea,K
4,6.0,Football Yankees,Starter,Baltimore Ravens,Bal,DEF
5,7.84,Football Yankees,Starter,Donovan McNabb,Min,QB
5,14.5,Football Yankees,Starter,Terrell Owens,Cin,WR|W/R
5,19.2,Football Yankees,Starter,Reggie Wayne,Ind,WR|W/R
5,3.5,Football Yankees,Starter,Fred Taylor,NE,RB|W/R
5,27.0,Football Yankees,Starter,Brandon Jacobs,NYG,RB|W/R
5,6.2,Football Yankees,Starter,Anthony Fasano,Mia,TE
5,0.8,Football Yankees,Starter,Anthony Gonzalez,Ind,WR|W/R
5,10.9,Football Yankees,Non-Starter,Ike Hilliard,TB,WR|W/R
5,0.0,Football Yankees,Non-Starter,Thomas Jones,KC,RB|W/R
5,0.0,Football Yankees,Non-Starter,Correll Buckhalter,Den,RB|W/R
5,0.0,Football Yankees,Non-Starter,Plaxico Burress,Pit,WR|W/R
5,6.0,Football Yankees,Non-Starter,Derrick Ward,Hou,RB|W/R
5,10.86,Football Yankees,Non-Starter,Matt Cassel,Det,QB
5,11.0,Football Yankees,Starter,Ryan Longwell,Sea,K
5,8.0,Football Yankees,Starter,Baltimore Ravens,Bal,DEF
6,17.6,Football Yankees,Starter,Donovan McNabb,Min,QB
6,6.2,Football Yankees,Starter,Terrell Owens,Cin,WR|W/R
6,21.8,Football Yankees,Starter,Reggie Wayne,Ind,WR|W/R
6,12.7,Football Yankees,Starter,Brandon Jacobs,NYG,RB|W/R
6,27.3,Football Yankees,Starter,Thomas Jones,KC,RB|W/R
6,5.6,Football Yankees,Starter,Greg Olsen,Sea,TE
6,13.8,Football Yankees,Starter,Plaxico Burress,Pit,WR|W/R
6,0.5,Football Yankees,Non-Starter,Fred Taylor,NE,RB|W/R
6,5.3,Football Yankees,Non-Starter,Anthony Gonzalez,Ind,WR|W/R
6,27.3,Football Yankees,Non-Starter,Correll Buckhalter,Den,RB|W/R
6,11.2,Football Yankees,Non-Starter,Derrick Ward,Hou,RB|W/R
6,9.02,Football Yankees,Non-Starter,Matt Cassel,Det,QB
6,0.0,Football Yankees,Non-Starter,Jeremy Shockey,Car,TE
6,3.0,Football Yankees,Starter,Ryan Longwell,Sea,K
6,1.0,Football Yankees,Starter,Baltimore Ravens,Bal,DEF
7,16.78,Football Yankees,Starter,Matt Schaub,Atl,QB
7,4.1,Football Yankees,Starter,Terrell Owens,Cin,WR|W/R
7,3.4,Football Yankees,Starter,Reggie Wayne,Ind,WR|W/R
7,20.0,Football Yankees,Starter,Brandon Jacobs,NYG,RB|W/R
7,16.4,Football Yankees,Starter,Thomas Jones,KC,RB|W/R
7,5.5,Football Yankees,Starter,Jeremy Shockey,Car,TE
7,9.9,Football Yankees,Starter,Plaxico Burress,Pit,WR|W/R
7,0.0,Football Yankees,Non-Starter,Donovan McNabb,Min,QB
7,0.0,Football Yankees,Non-Starter,Fred Taylor,NE,RB|W/R
7,9.7,Football Yankees,Non-Starter,Anthony Gonzalez,Ind,WR|W/R
7,0.0,Football Yankees,Non-Starter,Correll Buckhalter,Den,RB|W/R
7,8.4,Football Yankees,Non-Starter,Derrick Ward,Hou,RB|W/R
7,7.36,Football Yankees,Non-Starter,Brad Johnson,Dal,QB
7,7.0,Football Yankees,Starter,Ryan Longwell,Sea,K
7,13.0,Football Yankees,Starter,Baltimore Ravens,Bal,DEF
8,16.62,Football Yankees,Starter,Donovan McNabb,Min,QB
8,5.8,Football Yankees,Starter,Terrell Owens,Cin,WR|W/R
8,4.4,Football Yankees,Starter,Reggie Wayne,Ind,WR|W/R
8,5.8,Football Yankees,Starter,Brandon Jacobs,NYG,RB|W/R
8,12.5,Football Yankees,Starter,Thomas Jones,KC,RB|W/R
8,1.1,Football Yankees,Starter,Jeremy Shockey,Car,TE
8,3.0,Football Yankees,Starter,Plaxico Burress,Pit,WR|W/R
8,23.0,Football Yankees,Non-Starter,Matt Schaub,Atl,QB
8,2.4,Football Yankees,Non-Starter,Fred Taylor,NE,RB|W/R
8,4.7,Football Yankees,Non-Starter,Anthony Gonzalez,Ind,WR|W/R
8,3.9,Football Yankees,Non-Starter,Correll Buckhalter,Den,RB|W/R
8,10.5,Football Yankees,Non-Starter,Derrick Ward,Hou,RB|W/R
8,7.6,Football Yankees,Non-Starter,BenJarvus Green-Ellis,Cin,RB|W/R
8,11.0,Football Yankees,Starter,Rian Lindell,TB,K
8,12.0,Football Yankees,Starter,Baltimore Ravens,Bal,DEF
9,20.56,Football Yankees,Starter,Donovan McNabb,Min,QB
9,10.1,Football Yankees,Starter,Terrell Owens,Cin,WR|W/R
9,11.0,Football Yankees,Starter,Reggie Wayne,Ind,WR|W/R
9,17.7,Football Yankees,Starter,Brandon Jacobs,NYG,RB|W/R
9,19.7,Football Yankees,Starter,Thomas Jones,KC,RB|W/R
9,2.0,Football Yankees,Starter,Greg Olsen,Sea,TE
9,4.9,Football Yankees,Starter,Plaxico Burress,Pit,WR|W/R
9,1.56,Football Yankees,Non-Starter,Matt Schaub,Atl,QB
9,1.7,Football Yankees,Non-Starter,Fred Taylor,NE,RB|W/R
9,19.5,Football Yankees,Non-Starter,Anthony Gonzalez,Ind,WR|W/R
9,1.3,Football Yankees,Non-Starter,Correll Buckhalter,Den,RB|W/R
9,15.9,Football Yankees,Non-Starter,Derrick Ward,Hou,RB|W/R
9,0.1,Football Yankees,Non-Starter,Ryan Torain,NYG,RB|W/R
9,0.0,Football Yankees,Starter,Ryan Longwell,Sea,K
9,11.0,Football Yankees,Starter,Baltimore Ravens,Bal,DEF
10,17.86,Football Yankees,Starter,Brady Quinn,NYJ,QB
10,20.4,Football Yankees,Starter,Reggie Wayne,Ind,WR|W/R
10,8.2,Football Yankees,Starter,Plaxico Burress,Pit,WR|W/R
10,22.6,Football Yankees,Starter,Brandon Jacobs,NYG,RB|W/R
10,32.9,Football Yankees,Starter,Thomas Jones,KC,RB|W/R
10,15.9,Football Yankees,Starter,Kevin Boss,KC,TE
10,9.5,Football Yankees,Starter,Derrick Ward,Hou,RB|W/R
10,21.26,Football Yankees,Non-Starter,Donovan McNabb,Min,QB
10,0.0,Football Yankees,Non-Starter,Terrell Owens,Cin,WR|W/R
10,4.6,Football Yankees,Non-Starter,Anthony Gonzalez,Ind,WR|W/R
10,2.1,Football Yankees,Non-Starter,Correll Buckhalter,Den,RB|W/R
10,12.8,Football Yankees,Non-Starter,Ryan Torain,NYG,RB|W/R
10,16.5,Football Yankees,Non-Starter,BenJarvus Green-Ellis,Cin,RB|W/R
10,5.0,Football Yankees,Starter,Ryan Longwell,Sea,K
10,16.0,Football Yankees,Starter,Baltimore Ravens,Bal,DEF
11,9.76,Football Yankees,Starter,Donovan McNabb,Min,QB
11,12.5,Football Yankees,Starter,Reggie Wayne,Ind,WR|W/R
11,6.3,Football Yankees,Starter,Terrell Owens,Cin,WR|W/R
11,19.3,Football Yankees,Starter,Brandon Jacobs,NYG,RB|W/R
11,18.9,Football Yankees,Starter,Thomas Jones,KC,RB|W/R
11,0.0,Football Yankees,Starter,Kevin Boss,KC,TE
11,6.2,Football Yankees,Starter,Plaxico Burress,Pit,WR|W/R
11,0.9,Football Yankees,Non-Starter,BenJarvus Green-Ellis,Cin,RB|W/R
11,9.2,Football Yankees,Non-Starter,Brady Quinn,NYJ,QB
11,11.5,Football Yankees,Non-Starter,Derrick Ward,Hou,RB|W/R
11,4.5,Football Yankees,Non-Starter,Anthony Gonzalez,Ind,WR|W/R
11,5.2,Football Yankees,Non-Starter,Correll Buckhalter,Den,RB|W/R
11,7.0,Football Yankees,Starter,Ryan Longwell,Sea,K
11,13.0,Football Yankees,Starter,Tampa Bay Buccaneers,TB,DEF
11,3.0,Football Yankees,Non-Starter,Baltimore Ravens,Bal,DEF
12,18.5,Football Yankees,Starter,Tyler Thigpen,Cle,QB
12,4.4,Football Yankees,Starter,Reggie Wayne,Ind,WR|W/R
12,30.8,Football Yankees,Starter,Terrell Owens,Cin,WR|W/R
12,19.2,Football Yankees,Starter,Thomas Jones,KC,RB|W/R
12,17.9,Football Yankees,Starter,Derrick Ward,Hou,RB|W/R
12,12.8,Football Yankees,Starter,Kevin Boss,KC,TE
12,0.0,Football Yankees,Starter,Plaxico Burress,Pit,WR|W/R
12,0.0,Football Yankees,Non-Starter,Brandon Jacobs,NYG,RB|W/R
12,-2.94,Football Yankees,Non-Starter,Donovan McNabb,Min,QB
12,8.0,Football Yankees,Non-Starter,BenJarvus Green-Ellis,Cin,RB|W/R
12,18.5,Football Yankees,Non-Starter,Anthony Gonzalez,Ind,WR|W/R
12,1.6,Football Yankees,Non-Starter,Correll Buckhalter,Den,RB|W/R
12,11.0,Football Yankees,Starter,Ryan Longwell,Sea,K
12,23.0,Football Yankees,Starter,Tampa Bay Buccaneers,TB,DEF
12,26.0,Football Yankees,Non-Starter,Baltimore Ravens,Bal,DEF
13,9.28,Football Yankees,Starter,Tyler Thigpen,Cle,QB
13,6.6,Football Yankees,Starter,Reggie Wayne,Ind,WR|W/R
13,18.3,Football Yankees,Starter,Terrell Owens,Cin,WR|W/R
13,28.9,Football Yankees,Starter,Thomas Jones,KC,RB|W/R
13,13.1,Football Yankees,Starter,Brandon Jacobs,NYG,RB|W/R
13,6.0,Football Yankees,Starter,Kevin Boss,KC,TE
13,2.3,Football Yankees,Starter,Anthony Gonzalez,Ind,WR|W/R
13,13.0,Football Yankees,Non-Starter,Derrick Ward,Hou,RB|W/R
13,0.0,Football Yankees,Non-Starter,Plaxico Burress,Pit,WR|W/R
13,28.8,Football Yankees,Non-Starter,Donovan McNabb,Min,QB
13,2.8,Football Yankees,Non-Starter,BenJarvus Green-Ellis,Cin,RB|W/R
13,0.0,Football Yankees,Non-Starter,Correll Buckhalter,Den,RB|W/R
13,3.2,Football Yankees,Non-Starter,Steve Smith,LAR,WR|W/R
13,6.0,Football Yankees,Starter,Ryan Longwell,Sea,K
13,19.0,Football Yankees,Starter,Baltimore Ravens,Bal,DEF
14,14.88,Football Yankees,Starter,Tyler Thigpen,Cle,QB
14,7.3,Football Yankees,Starter,Reggie Wayne,Ind,WR|W/R
14,10.8,Football Yankees,Starter,Terrell Owens,Cin,WR|W/R
14,14.3,Football Yankees,Starter,Thomas Jones,KC,RB|W/R
14,5.2,Football Yankees,Starter,Brandon Jacobs,NYG,RB|W/R
14,1.0,Football Yankees,Starter,Kevin Boss,KC,TE
14,4.6,Football Yankees,Starter,Derrick Ward,Hou,RB|W/R
14,10.2,Football Yankees,Non-Starter,Anthony Gonzalez,Ind,WR|W/R
14,13.24,Football Yankees,Non-Starter,Donovan McNabb,Min,QB
14,0.0,Football Yankees,Non-Starter,BenJarvus Green-Ellis,Cin,RB|W/R
14,0.0,Football Yankees,Non-Starter,Correll Buckhalter,Den,RB|W/R
14,6.7,Football Yankees,Non-Starter,Steve Smith,LAR,WR|W/R
14,4.1,Football Yankees,Non-Starter,Mark Clayton,LAR,WR|W/R
14,8.0,Football Yankees,Starter,Ryan Longwell,Sea,K
14,18.0,Football Yankees,Starter,Baltimore Ravens,Bal,DEF
15,18.84,Football Yankees,Starter,Tyler Thigpen,Cle,QB
15,13.9,Football Yankees,Starter,Reggie Wayne,Ind,WR|W/R
15,5.3,Football Yankees,Starter,Terrell Owens,Cin,WR|W/R
15,15.2,Football Yankees,Starter,Thomas Jones,KC,RB|W/R
15,0.0,Football Yankees,Starter,Brandon Jacobs,NYG,RB|W/R
15,2.8,Football Yankees,Starter,Kevin Boss,KC,TE
15,7.1,Football Yankees,Starter,Derrick Ward,Hou,RB|W/R
15,1.1,Football Yankees,Non-Starter,Anthony Gonzalez,Ind,WR|W/R
15,17.6,Football Yankees,Non-Starter,Donovan McNabb,Min,QB
15,0.0,Football Yankees,Non-Starter,BenJarvus Green-Ellis,Cin,RB|W/R
15,5.5,Football Yankees,Non-Starter,Correll Buckhalter,Den,RB|W/R
15,8.4,Football Yankees,Non-Starter,Steve Smith,LAR,WR|W/R
15,5.3,Football Yankees,Non-Starter,Mark Clayton,LAR,WR|W/R
15,0.0,Football Yankees,Starter,Ryan Longwell,Sea,K
15,11.0,Football Yankees,Starter,Baltimore Ravens,Bal,DEF
1,14.7,Cock Salad,Starter,Tony Romo,Dal,QB
1,6.4,Cock Salad,Starter,Roddy White,Atl,WR|W/R
1,13.4,Cock Salad,Starter,Dwayne Bowe,Cle,WR|W/R
1,8.9,Cock Salad,Starter,Steven Jackson,NE,RB|W/R
1,26.3,Cock Salad,Starter,Reggie Bush,Buf,RB|W/R
1,12.6,Cock Salad,Starter,Jason Witten,LV,TE
1,0.0,Cock Salad,Starter,Donte' Stallworth,NE,WR|W/R
1,0.0,Cock Salad,Non-Starter,Kevin Curtis,Mia,WR|W/R
1,5.9,Cock Salad,Non-Starter,Ricky Williams,Bal,RB|W/R
1,11.48,Cock Salad,Non-Starter,Kurt Warner,Ari,QB
1,6.6,Cock Salad,Non-Starter,Vernon Davis,Was,TE
1,1.2,Cock Salad,Non-Starter,Devin Hester,Bal,WR|W/R
1,4.9,Cock Salad,Non-Starter,Shaun McDonald,Pit,WR|W/R
1,0.0,Cock Salad,Starter,Nick Folk,NYJ,K
1,4.0,Cock Salad,Starter,Los Angeles Chargers,LAC,DEF
2,19.98,Cock Salad,Starter,Tony Romo,Dal,QB
2,8.1,Cock Salad,Starter,Roddy White,Atl,WR|W/R
2,12.0,Cock Salad,Starter,Dwayne Bowe,Cle,WR|W/R
2,12.5,Cock Salad,Starter,Steven Jackson,NE,RB|W/R
2,18.6,Cock Salad,Starter,Reggie Bush,Buf,RB|W/R
2,14.5,Cock Salad,Starter,Jason Witten,LV,TE
2,3.4,Cock Salad,Starter,Ricky Williams,Bal,RB|W/R
2,0.0,Cock Salad,Non-Starter,Donte' Stallworth,NE,WR|W/R
2,0.0,Cock Salad,Non-Starter,Kevin Curtis,Mia,WR|W/R
2,26.44,Cock Salad,Non-Starter,Kurt Warner,Ari,QB
2,0.0,Cock Salad,Non-Starter,Vernon Davis,Was,TE
2,1.1,Cock Salad,Non-Starter,Devin Hester,Bal,WR|W/R
2,4.7,Cock Salad,Non-Starter,Shaun McDonald,Pit,WR|W/R
2,9.0,Cock Salad,Starter,Nick Folk,NYJ,K
2,5.0,Cock Salad,Starter,Los Angeles Chargers,LAC,DEF
3,12.3,Cock Salad,Starter,Tony Romo,Dal,QB
3,20.4,Cock Salad,Starter,Roddy White,Atl,WR|W/R
3,12.3,Cock Salad,Starter,Dwayne Bowe,Cle,WR|W/R
3,15.3,Cock Salad,Starter,Steven Jackson,NE,RB|W/R
3,30.3,Cock Salad,Starter,Reggie Bush,Buf,RB|W/R
3,10.2,Cock Salad,Starter,Jason Witten,LV,TE
3,12.9,Cock Salad,Starter,Ricky Williams,Bal,RB|W/R
3,0.0,Cock Salad,Non-Starter,Donte' Stallworth,NE,WR|W/R
3,0.0,Cock Salad,Non-Starter,Kevin Curtis,Mia,WR|W/R
3,13.68,Cock Salad,Non-Starter,Kurt Warner,Ari,QB
3,2.2,Cock Salad,Non-Starter,Vernon Davis,Was,TE
3,0.0,Cock Salad,Non-Starter,Devin Hester,Bal,WR|W/R
3,2.3,Cock Salad,Non-Starter,Shaun McDonald,Pit,WR|W/R
3,6.0,Cock Salad,Starter,Nick Folk,NYJ,K
3,17.0,Cock Salad,Starter,Los Angeles Chargers,LAC,DEF
4,22.7,Cock Salad,Starter,Tony Romo,Dal,QB
4,12.5,Cock Salad,Starter,Roddy White,Atl,WR|W/R
4,12.0,Cock Salad,Starter,Dwayne Bowe,Cle,WR|W/R
4,27.3,Cock Salad,Starter,Steven Jackson,NE,RB|W/R
4,6.3,Cock Salad,Starter,Reggie Bush,Buf,RB|W/R
4,18.5,Cock Salad,Starter,Jason Witten,LV,TE
4,11.7,Cock Salad,Starter,Devin Hester,Bal,WR|W/R
4,0.0,Cock Salad,Non-Starter,Ricky Williams,Bal,RB|W/R
4,0.0,Cock Salad,Non-Starter,Donte' Stallworth,NE,WR|W/R
4,0.0,Cock Salad,Non-Starter,Kevin Curtis,Mia,WR|W/R
4,14.88,Cock Salad,Non-Starter,Kurt Warner,Ari,QB
4,2.4,Cock Salad,Non-Starter,Vernon Davis,Was,TE
4,0.0,Cock Salad,Non-Starter,Shaun McDonald,Pit,WR|W/R
4,3.0,Cock Salad,Starter,Nick Folk,NYJ,K
4,11.0,Cock Salad,Starter,Los Angeles Chargers,LAC,DEF
5,15.74,Cock Salad,Starter,Tony Romo,Dal,QB
5,23.2,Cock Salad,Starter,Roddy White,Atl,WR|W/R
5,8.2,Cock Salad,Starter,Dwayne Bowe,Cle,WR|W/R
5,22.8,Cock Salad,Starter,Reggie Bush,Buf,RB|W/R
5,4.4,Cock Salad,Starter,Ricky Williams,Bal,RB|W/R
5,17.9,Cock Salad,Starter,Jason Witten,LV,TE
5,13.1,Cock Salad,Starter,Devin Hester,Bal,WR|W/R
5,0.0,Cock Salad,Non-Starter,Steven Jackson,NE,RB|W/R
5,0.0,Cock Salad,Non-Starter,Donte' Stallworth,NE,WR|W/R
5,0.0,Cock Salad,Non-Starter,Kevin Curtis,Mia,WR|W/R
5,19.0,Cock Salad,Non-Starter,Kurt Warner,Ari,QB
5,0.0,Cock Salad,Non-Starter,Vernon Davis,Was,TE
5,1.0,Cock Salad,Non-Starter,Shaun McDonald,Pit,WR|W/R
5,3.0,Cock Salad,Starter,Nick Folk,NYJ,K
5,5.0,Cock Salad,Starter,Los Angeles Chargers,LAC,DEF
6,22.84,Cock Salad,Starter,Tony Romo,Dal,QB
6,21.7,Cock Salad,Starter,Roddy White,Atl,WR|W/R
6,0.0,Cock Salad,Starter,Dwayne Bowe,Cle,WR|W/R
6,20.2,Cock Salad,Starter,Reggie Bush,Buf,RB|W/R
6,12.0,Cock Salad,Starter,Ricky Williams,Bal,RB|W/R
6,7.5,Cock Salad,Starter,Jason Witten,LV,TE
6,11.7,Cock Salad,Starter,Devin Hester,Bal,WR|W/R
6,10.6,Cock Salad,Non-Starter,Steven Jackson,NE,RB|W/R
6,2.9,Cock Salad,Non-Starter,Donte' Stallworth,NE,WR|W/R
6,0.0,Cock Salad,Non-Starter,Kevin Curtis,Mia,WR|W/R
6,13.34,Cock Salad,Non-Starter,Kurt Warner,Ari,QB
6,10.5,Cock Salad,Non-Starter,Vernon Davis,Was,TE
6,0.0,Cock Salad,Non-Starter,Shaun McDonald,Pit,WR|W/R
6,5.0,Cock Salad,Starter,Nick Folk,NYJ,K
6,10.0,Cock Salad,Starter,Los Angeles Chargers,LAC,DEF
7,12.1,Cock Salad,Starter,Dwayne Bowe,Cle,WR|W/R
7,3.2,Cock Salad,Starter,Devin Hester,Bal,WR|W/R
7,6.5,Cock Salad,Starter,Reggie Bush,Buf,RB|W/R
7,36.6,Cock Salad,Starter,Steven Jackson,NE,RB|W/R
7,7.4,Cock Salad,Starter,Jason Witten,LV,TE
7,1.6,Cock Salad,Starter,Ricky Williams,Bal,RB|W/R
7,0.0,Cock Salad,Non-Starter,Kurt Warner,Ari,QB
7,0.0,Cock Salad,Non-Starter,Tony Romo,Dal,QB
7,0.0,Cock Salad,Non-Starter,Roddy White,Atl,WR|W/R
7,0.0,Cock Salad,Non-Starter,Kevin Curtis,Mia,WR|W/R
7,1.0,Cock Salad,Non-Starter,Vernon Davis,Was,TE
7,-0.7,Cock Salad,Non-Starter,Shaun McDonald,Pit,WR|W/R
7,0.0,Cock Salad,Starter,Nick Folk,NYJ,K
7,0.0,Cock Salad,Starter,Los Angeles Chargers,LAC,DEF
8,21.24,Cock Salad,Starter,Kurt Warner,Ari,QB
8,13.2,Cock Salad,Starter,Dwayne Bowe,Cle,WR|W/R
8,27.3,Cock Salad,Starter,Roddy White,Atl,WR|W/R
8,10.9,Cock Salad,Starter,Ricky Williams,Bal,RB|W/R
8,0.8,Cock Salad,Starter,Travis Minor,LAR,RB|W/R
8,1.3,Cock Salad,Starter,Jason Witten,LV,TE
8,6.0,Cock Salad,Starter,Kevin Curtis,Mia,WR|W/R
8,0.0,Cock Salad,Non-Starter,Steven Jackson,NE,RB|W/R
8,0.0,Cock Salad,Non-Starter,Reggie Bush,Buf,RB|W/R
8,0.0,Cock Salad,Non-Starter,Devin Hester,Bal,WR|W/R
8,0.0,Cock Salad,Non-Starter,Tony Romo,Dal,QB
8,4.9,Cock Salad,Non-Starter,Vernon Davis,Was,TE
8,9.3,Cock Salad,Non-Starter,Shaun McDonald,Pit,WR|W/R
8,7.0,Cock Salad,Starter,Nick Folk,NYJ,K
8,-2.0,Cock Salad,Starter,Los Angeles Chargers,LAC,DEF
9,21.48,Cock Salad,Starter,Kurt Warner,Ari,QB
9,9.9,Cock Salad,Starter,Dwayne Bowe,Cle,WR|W/R
9,7.9,Cock Salad,Starter,Roddy White,Atl,WR|W/R
9,4.4,Cock Salad,Starter,Ricky Williams,Bal,RB|W/R
9,0.0,Cock Salad,Starter,Travis Minor,LAR,RB|W/R
9,0.0,Cock Salad,Starter,Jason Witten,LV,TE
9,11.3,Cock Salad,Starter,Kevin Curtis,Mia,WR|W/R
9,1.7,Cock Salad,Non-Starter,Steven Jackson,NE,RB|W/R
9,0.0,Cock Salad,Non-Starter,Reggie Bush,Buf,RB|W/R
9,4.8,Cock Salad,Non-Starter,Devin Hester,Bal,WR|W/R
9,0.0,Cock Salad,Non-Starter,Tony Romo,Dal,QB
9,0.0,Cock Salad,Non-Starter,Vernon Davis,Was,TE
9,15.5,Cock Salad,Non-Starter,Shaun McDonald,Pit,WR|W/R
9,0.0,Cock Salad,Starter,Nick Folk,NYJ,K
9,0.0,Cock Salad,Starter,Los Angeles Chargers,LAC,DEF
10,25.12,Cock Salad,Starter,Kurt Warner,Ari,QB
10,10.2,Cock Salad,Starter,Dwayne Bowe,Cle,WR|W/R
10,15.5,Cock Salad,Starter,Roddy White,Atl,WR|W/R
10,19.6,Cock Salad,Starter,Ricky Williams,Bal,RB|W/R
10,0.0,Cock Salad,Starter,Travis Minor,LAR,RB|W/R
10,8.3,Cock Salad,Starter,Vernon Davis,Was,TE
10,10.0,Cock Salad,Starter,Kevin Curtis,Mia,WR|W/R
10,0.0,Cock Salad,Non-Starter,Jason Witten,LV,TE
10,0.0,Cock Salad,Non-Starter,Steven Jackson,NE,RB|W/R
10,0.0,Cock Salad,Non-Starter,Reggie Bush,Buf,RB|W/R
10,7.4,Cock Salad,Non-Starter,Devin Hester,Bal,WR|W/R
10,0.0,Cock Salad,Non-Starter,Tony Romo,Dal,QB
10,5.7,Cock Salad,Non-Starter,Shaun McDonald,Pit,WR|W/R
10,0.0,Cock Salad,Starter,Nick Folk,NYJ,K
10,2.0,Cock Salad,Starter,Los Angeles Chargers,LAC,DEF
11,15.5,Cock Salad,Starter,Kurt Warner,Ari,QB
11,20.8,Cock Salad,Starter,Dwayne Bowe,Cle,WR|W/R
11,12.7,Cock Salad,Starter,Roddy White,Atl,WR|W/R
11,6.5,Cock Salad,Starter,Ricky Williams,Bal,RB|W/R
11,0.0,Cock Salad,Starter,Steven Jackson,NE,RB|W/R
11,6.7,Cock Salad,Starter,Vernon Davis,Was,TE
11,9.9,Cock Salad,Starter,Kevin Curtis,Mia,WR|W/R
11,0.0,Cock Salad,Non-Starter,Travis Minor,LAR,RB|W/R
11,4.4,Cock Salad,Non-Starter,Jason Witten,LV,TE
11,0.0,Cock Salad,Non-Starter,Reggie Bush,Buf,RB|W/R
11,1.2,Cock Salad,Non-Starter,Devin Hester,Bal,WR|W/R
11,7.62,Cock Salad,Non-Starter,Tony Romo,Dal,QB
11,4.5,Cock Salad,Non-Starter,Shaun McDonald,Pit,WR|W/R
11,12.0,Cock Salad,Starter,Matt Bryant,Atl,K
11,8.0,Cock Salad,Starter,Los Angeles Chargers,LAC,DEF
12,14.04,Cock Salad,Starter,Kurt Warner,Ari,QB
12,13.3,Cock Salad,Starter,Dwayne Bowe,Cle,WR|W/R
12,7.0,Cock Salad,Starter,Roddy White,Atl,WR|W/R
12,11.0,Cock Salad,Starter,Ricky Williams,Bal,RB|W/R
12,0.0,Cock Salad,Starter,Steven Jackson,NE,RB|W/R
12,5.2,Cock Salad,Starter,Vernon Davis,Was,TE
12,2.2,Cock Salad,Starter,Kevin Curtis,Mia,WR|W/R
12,0.0,Cock Salad,Non-Starter,Travis Minor,LAR,RB|W/R
12,1.6,Cock Salad,Non-Starter,Jason Witten,LV,TE
12,0.0,Cock Salad,Non-Starter,Reggie Bush,Buf,RB|W/R
12,11.4,Cock Salad,Non-Starter,Devin Hester,Bal,WR|W/R
12,23.34,Cock Salad,Non-Starter,Tony Romo,Dal,QB
12,3.1,Cock Salad,Non-Starter,Shaun McDonald,Pit,WR|W/R
12,4.0,Cock Salad,Starter,Matt Bryant,Atl,K
12,3.0,Cock Salad,Starter,Los Angeles Chargers,LAC,DEF
13,24.64,Cock Salad,Starter,Tony Romo,Dal,QB
13,3.7,Cock Salad,Starter,Dwayne Bowe,Cle,WR|W/R
13,14.2,Cock Salad,Starter,Roddy White,Atl,WR|W/R
13,5.4,Cock Salad,Starter,Ricky Williams,Bal,RB|W/R
13,11.5,Cock Salad,Starter,Steven Jackson,NE,RB|W/R
13,22.0,Cock Salad,Starter,Jason Witten,LV,TE
13,5.7,Cock Salad,Starter,Reggie Bush,Buf,RB|W/R
13,8.4,Cock Salad,Non-Starter,Kevin Curtis,Mia,WR|W/R
13,15.4,Cock Salad,Non-Starter,Kurt Warner,Ari,QB
13,0.0,Cock Salad,Non-Starter,Vernon Davis,Was,TE
13,0.0,Cock Salad,Non-Starter,Travis Minor,LAR,RB|W/R
13,14.5,Cock Salad,Non-Starter,Devin Hester,Bal,WR|W/R
13,4.4,Cock Salad,Non-Starter,Shaun McDonald,Pit,WR|W/R
13,9.0,Cock Salad,Starter,Matt Bryant,Atl,K
13,13.0,Cock Salad,Starter,Los Angeles Chargers,LAC,DEF
1,20.9,Kellen Joke,Starter,Jay Cutler,Mia,QB
1,10.6,Kellen Joke,Starter,Larry Fitzgerald,Ari,WR|W/R
1,6.4,Kellen Joke,Starter,Derrick Mason,NYJ,WR|W/R
1,23.6,Kellen Joke,Starter,Marion Barber,Chi,RB|W/R
1,13.3,Kellen Joke,Starter,Earnest Graham,TB,RB|W/R
1,13.2,Kellen Joke,Starter,Kellen Winslow,NYJ,TE
1,9.5,Kellen Joke,Starter,DeAngelo Williams,Pit,RB|W/R
1,12.2,Kellen Joke,Non-Starter,Vincent Jackson,TB,WR|W/R
1,21.6,Kellen Joke,Non-Starter,Matt Forte,NYJ,RB|W/R
1,0.0,Kellen Joke,Non-Starter,Brandon Marshall,Sea,WR|W/R
1,20.2,Kellen Joke,Non-Starter,Chris Johnson,Ari,RB|W/R
1,3.1,Kellen Joke,Non-Starter,Maurice Morris,Det,RB|W/R
1,1.9,Kellen Joke,Non-Starter,J.T. O'Sullivan,LV,QB
1,3.0,Kellen Joke,Starter,Phil Dawson,Ari,K
1,10.0,Kellen Joke,Starter,Green Bay Packers,GB,DEF
2,30.6,Kellen Joke,Starter,Jay Cutler,Mia,QB
2,18.3,Kellen Joke,Starter,Larry Fitzgerald,Ari,WR|W/R
2,31.6,Kellen Joke,Starter,Brandon Marshall,Sea,WR|W/R
2,25.4,Kellen Joke,Starter,Marion Barber,Chi,RB|W/R
2,19.3,Kellen Joke,Starter,Earnest Graham,TB,RB|W/R
2,9.0,Kellen Joke,Starter,Kellen Winslow,NYJ,TE
2,13.1,Kellen Joke,Starter,Chris Johnson,Ari,RB|W/R
2,12.8,Kellen Joke,Non-Starter,Matt Forte,NYJ,RB|W/R
2,3.0,Kellen Joke,Non-Starter,DeAngelo Williams,Pit,RB|W/R
2,0.0,Kellen Joke,Non-Starter,Derrick Mason,NYJ,WR|W/R
2,10.3,Kellen Joke,Non-Starter,Vincent Jackson,TB,WR|W/R
2,0.0,Kellen Joke,Non-Starter,Maurice Morris,Det,RB|W/R
2,20.04,Kellen Joke,Non-Starter,J.T. O'Sullivan,LV,QB
2,6.0,Kellen Joke,Starter,Phil Dawson,Ari,K
2,23.0,Kellen Joke,Starter,Green Bay Packers,GB,DEF
3,17.26,Kellen Joke,Starter,Jay Cutler,Mia,QB
3,20.4,Kellen Joke,Starter,Larry Fitzgerald,Ari,WR|W/R
3,24.5,Kellen Joke,Starter,Brandon Marshall,Sea,WR|W/R
3,21.2,Kellen Joke,Starter,Marion Barber,Chi,RB|W/R
3,25.0,Kellen Joke,Starter,Matt Forte,NYJ,RB|W/R
3,2.4,Kellen Joke,Starter,Kellen Winslow,NYJ,TE
3,8.9,Kellen Joke,Starter,Chris Johnson,Ari,RB|W/R
3,1.6,Kellen Joke,Non-Starter,Earnest Graham,TB,RB|W/R
3,5.4,Kellen Joke,Non-Starter,DeAngelo Williams,Pit,RB|W/R
3,8.9,Kellen Joke,Non-Starter,Vincent Jackson,TB,WR|W/R
3,18.76,Kellen Joke,Non-Starter,J.T. O'Sullivan,LV,QB
3,4.1,Kellen Joke,Non-Starter,Brandon Jackson,Cle,RB|W/R
3,3.0,Kellen Joke,Starter,Phil Dawson,Ari,K
3,24.0,Kellen Joke,Starter,Philadelphia Eagles,Phi,DEF
3,7.0,Kellen Joke,Non-Starter,Green Bay Packers,GB,DEF
4,15.04,Kellen Joke,Starter,Jay Cutler,Mia,QB
4,16.2,Kellen Joke,Starter,Larry Fitzgerald,Ari,WR|W/R
4,14.1,Kellen Joke,Starter,Brandon Marshall,Sea,WR|W/R
4,4.7,Kellen Joke,Starter,Marion Barber,Chi,RB|W/R
4,11.0,Kellen Joke,Starter,Matt Forte,NYJ,RB|W/R
4,7.9,Kellen Joke,Starter,Kellen Winslow,NYJ,TE
4,21.0,Kellen Joke,Starter,Chris Johnson,Ari,RB|W/R
4,17.9,Kellen Joke,Non-Starter,Earnest Graham,TB,RB|W/R
4,7.6,Kellen Joke,Non-Starter,DeAngelo Williams,Pit,RB|W/R
4,6.7,Kellen Joke,Non-Starter,Vincent Jackson,TB,WR|W/R
4,10.28,Kellen Joke,Non-Starter,J.T. O'Sullivan,LV,QB
4,16.4,Kellen Joke,Non-Starter,Le'Ron McClain,LAC,RB|W/R
4,6.0,Kellen Joke,Starter,Phil Dawson,Ari,K
4,12.0,Kellen Joke,Starter,Green Bay Packers,GB,DEF
4,12.0,Kellen Joke,Non-Starter,Philadelphia Eagles,Phi,DEF
5,14.68,Kellen Joke,Starter,Jay Cutler,Mia,QB
5,20.7,Kellen Joke,Starter,Larry Fitzgerald,Ari,WR|W/R
5,4.0,Kellen Joke,Starter,Brandon Marshall,Sea,WR|W/R
5,10.2,Kellen Joke,Starter,Marion Barber,Chi,RB|W/R
5,20.1,Kellen Joke,Starter,Matt Forte,NYJ,RB|W/R
5,8.6,Kellen Joke,Starter,Visanthe Shiancoe,Ten,TE
5,5.8,Kellen Joke,Starter,Chris Johnson,Ari,RB|W/R
5,0.0,Kellen Joke,Non-Starter,Kellen Winslow,NYJ,TE
5,10.5,Kellen Joke,Non-Starter,Earnest Graham,TB,RB|W/R
5,33.3,Kellen Joke,Non-Starter,DeAngelo Williams,Pit,RB|W/R
5,6.6,Kellen Joke,Non-Starter,Vincent Jackson,TB,WR|W/R
5,13.5,Kellen Joke,Non-Starter,J.T. O'Sullivan,LV,QB
5,13.3,Kellen Joke,Non-Starter,Le'Ron McClain,LAC,RB|W/R
5,7.0,Kellen Joke,Starter,Robbie Gould,SF,K
5,2.0,Kellen Joke,Starter,Green Bay Packers,GB,DEF
6,13.88,Kellen Joke,Starter,Jay Cutler,Mia,QB
6,16.4,Kellen Joke,Starter,Larry Fitzgerald,Ari,WR|W/R
6,12.3,Kellen Joke,Starter,Brandon Marshall,Sea,WR|W/R
6,28.8,Kellen Joke,Starter,Marion Barber,Chi,RB|W/R
6,19.5,Kellen Joke,Starter,Matt Forte,NYJ,RB|W/R
6,0.0,Kellen Joke,Starter,Kellen Winslow,NYJ,TE
6,-1.5,Kellen Joke,Starter,Le'Ron McClain,LAC,RB|W/R
6,0.0,Kellen Joke,Non-Starter,Chris Johnson,Ari,RB|W/R
6,12.8,Kellen Joke,Non-Starter,Earnest Graham,TB,RB|W/R
6,4.5,Kellen Joke,Non-Starter,DeAngelo Williams,Pit,RB|W/R
6,21.9,Kellen Joke,Non-Starter,Vincent Jackson,TB,WR|W/R
6,5.06,Kellen Joke,Non-Starter,J.T. O'Sullivan,LV,QB
6,10.4,Kellen Joke,Non-Starter,Brandon Stokley,Bal,WR|W/R
6,6.0,Kellen Joke,Starter,Robbie Gould,SF,K
6,8.0,Kellen Joke,Starter,Green Bay Packers,GB,DEF
7,8.52,Kellen Joke,Starter,Jay Cutler,Mia,QB
7,11.4,Kellen Joke,Starter,Brandon Marshall,Sea,WR|W/R
7,15.3,Kellen Joke,Starter,Vincent Jackson,TB,WR|W/R
7,15.8,Kellen Joke,Starter,Marion Barber,Chi,RB|W/R
7,14.3,Kellen Joke,Starter,Matt Forte,NYJ,RB|W/R
7,6.3,Kellen Joke,Starter,Bo Scaife,Ten,TE
7,24.2,Kellen Joke,Starter,Chris Johnson,Ari,RB|W/R
7,2.7,Kellen Joke,Non-Starter,Kellen Winslow,NYJ,TE
7,13.5,Kellen Joke,Non-Starter,Earnest Graham,TB,RB|W/R
7,4.2,Kellen Joke,Non-Starter,Le'Ron McClain,LAC,RB|W/R
7,0.0,Kellen Joke,Non-Starter,Larry Fitzgerald,Ari,WR|W/R
7,13.5,Kellen Joke,Non-Starter,DeAngelo Williams,Pit,RB|W/R
7,10.94,Kellen Joke,Non-Starter,J.T. O'Sullivan,LV,QB
7,7.0,Kellen Joke,Starter,Robbie Gould,SF,K
7,19.0,Kellen Joke,Starter,Green Bay Packers,GB,DEF
8,1.24,Kellen Joke,Starter,J.T. O'Sullivan,LV,QB
8,14.0,Kellen Joke,Starter,Vincent Jackson,TB,WR|W/R
8,15.0,Kellen Joke,Starter,Larry Fitzgerald,Ari,WR|W/R
8,13.0,Kellen Joke,Starter,Marion Barber,Chi,RB|W/R
8,17.6,Kellen Joke,Starter,Chris Johnson,Ari,RB|W/R
8,6.9,Kellen Joke,Starter,Bo Scaife,Ten,TE
8,8.4,Kellen Joke,Starter,Earnest Graham,TB,RB|W/R
8,0.0,Kellen Joke,Non-Starter,Jay Cutler,Mia,QB
8,0.0,Kellen Joke,Non-Starter,Brandon Marshall,Sea,WR|W/R
8,0.0,Kellen Joke,Non-Starter,Matt Forte,NYJ,RB|W/R
8,0.0,Kellen Joke,Non-Starter,Kellen Winslow,NYJ,TE
8,19.3,Kellen Joke,Non-Starter,DeAngelo Williams,Pit,RB|W/R
8,0.0,Kellen Joke,Starter,Kris Brown,Dal,K
8,9.0,Kellen Joke,Starter,Philadelphia Eagles,Phi,DEF
8,0.0,Kellen Joke,Non-Starter,Green Bay Packers,GB,DEF
9,14.48,Kellen Joke,Starter,Jay Cutler,Mia,QB
9,11.1,Kellen Joke,Starter,Larry Fitzgerald,Ari,WR|W/R
9,3.7,Kellen Joke,Starter,Brandon Marshall,Sea,WR|W/R
9,4.7,Kellen Joke,Starter,Marion Barber,Chi,RB|W/R
9,25.1,Kellen Joke,Starter,Chris Johnson,Ari,RB|W/R
9,8.9,Kellen Joke,Starter,Kellen Winslow,NYJ,TE
9,13.6,Kellen Joke,Starter,Matt Forte,NYJ,RB|W/R
9,4.6,Kellen Joke,Non-Starter,Bo Scaife,Ten,TE
9,11.72,Kellen Joke,Non-Starter,Earnest Graham,TB,RB|W/R
9,0.0,Kellen Joke,Non-Starter,Vincent Jackson,TB,WR|W/R
9,0.0,Kellen Joke,Non-Starter,DeAngelo Williams,Pit,RB|W/R
9,0.0,Kellen Joke,Non-Starter,Muhsin Muhammad,Car,WR|W/R
9,7.0,Kellen Joke,Starter,Robbie Gould,SF,K
9,8.0,Kellen Joke,Starter,Philadelphia Eagles,Phi,DEF
9,3.0,Kellen Joke,Non-Starter,Green Bay Packers,GB,DEF
10,30.78,Kellen Joke,Starter,Jay Cutler,Mia,QB
10,14.6,Kellen Joke,Starter,Larry Fitzgerald,Ari,WR|W/R
10,17.9,Kellen Joke,Starter,Brandon Marshall,Sea,WR|W/R
10,3.3,Kellen Joke,Starter,Chris Johnson,Ari,RB|W/R
10,20.8,Kellen Joke,Starter,DeAngelo Williams,Pit,RB|W/R
10,26.1,Kellen Joke,Starter,Kellen Winslow,NYJ,TE
10,22.1,Kellen Joke,Starter,Matt Forte,NYJ,RB|W/R
10,0.0,Kellen Joke,Non-Starter,Marion Barber,Chi,RB|W/R
10,0.0,Kellen Joke,Non-Starter,Earnest Graham,TB,RB|W/R
10,10.8,Kellen Joke,Non-Starter,Vincent Jackson,TB,WR|W/R
10,11.3,Kellen Joke,Non-Starter,Muhsin Muhammad,Car,WR|W/R
10,11.88,Kellen Joke,Non-Starter,Shaun Hill,Min,QB
10,0.0,Kellen Joke,Starter,Robbie Gould,SF,K
10,20.0,Kellen Joke,Starter,Green Bay Packers,GB,DEF
10,1.0,Kellen Joke,Non-Starter,Philadelphia Eagles,Phi,DEF
11,13.04,Kellen Joke,Starter,Jay Cutler,Mia,QB
11,20.1,Kellen Joke,Starter,Larry Fitzgerald,Ari,WR|W/R
11,11.9,Kellen Joke,Starter,Brandon Marshall,Sea,WR|W/R
11,24.0,Kellen Joke,Starter,DeAngelo Williams,Pit,RB|W/R
11,24.3,Kellen Joke,Starter,Marion Barber,Chi,RB|W/R
11,5.5,Kellen Joke,Starter,Kellen Winslow,NYJ,TE
11,10.8,Kellen Joke,Starter,Chris Johnson,Ari,RB|W/R
11,13.4,Kellen Joke,Non-Starter,Matt Forte,NYJ,RB|W/R
11,0.3,Kellen Joke,Non-Starter,Earnest Graham,TB,RB|W/R
11,3.5,Kellen Joke,Non-Starter,Vincent Jackson,TB,WR|W/R
11,2.1,Kellen Joke,Non-Starter,Muhsin Muhammad,Car,WR|W/R
11,23.02,Kellen Joke,Non-Starter,Shaun Hill,Min,QB
11,3.0,Kellen Joke,Starter,Robbie Gould,SF,K
11,14.0,Kellen Joke,Starter,Philadelphia Eagles,Phi,DEF
11,16.0,Kellen Joke,Non-Starter,Green Bay Packers,GB,DEF
12,6.56,Kellen Joke,Starter,Jay Cutler,Mia,QB
12,9.6,Kellen Joke,Starter,Larry Fitzgerald,Ari,WR|W/R
12,10.4,Kellen Joke,Starter,Brandon Marshall,Sea,WR|W/R
12,21.0,Kellen Joke,Starter,DeAngelo Williams,Pit,RB|W/R
12,14.4,Kellen Joke,Starter,Marion Barber,Chi,RB|W/R
12,1.6,Kellen Joke,Starter,Kellen Winslow,NYJ,TE
12,25.1,Kellen Joke,Starter,Matt Forte,NYJ,RB|W/R
12,7.2,Kellen Joke,Non-Starter,Dustin Keller,NYJ,TE
12,5.6,Kellen Joke,Non-Starter,Chris Johnson,Ari,RB|W/R
12,12.7,Kellen Joke,Non-Starter,Vincent Jackson,TB,WR|W/R
12,12.0,Kellen Joke,Non-Starter,Muhsin Muhammad,Car,WR|W/R
12,16.12,Kellen Joke,Non-Starter,Shaun Hill,Min,QB
12,7.0,Kellen Joke,Starter,Robbie Gould,SF,K
12,8.0,Kellen Joke,Starter,Philadelphia Eagles,Phi,DEF
12,-1.0,Kellen Joke,Non-Starter,Green Bay Packers,GB,DEF
13,20.08,Kellen Joke,Starter,Jay Cutler,Mia,QB
13,21.0,Kellen Joke,Starter,Larry Fitzgerald,Ari,WR|W/R
13,8.0,Kellen Joke,Starter,Brandon Marshall,Sea,WR|W/R
13,34.1,Kellen Joke,Starter,DeAngelo Williams,Pit,RB|W/R
13,11.0,Kellen Joke,Starter,Marion Barber,Chi,RB|W/R
13,3.0,Kellen Joke,Starter,Kellen Winslow,NYJ,TE
13,26.4,Kellen Joke,Starter,Chris Johnson,Ari,RB|W/R
13,20.5,Kellen Joke,Non-Starter,Matt Forte,NYJ,RB|W/R
13,11.2,Kellen Joke,Non-Starter,Dustin Keller,NYJ,TE
13,0.0,Kellen Joke,Non-Starter,Vincent Jackson,TB,WR|W/R
13,4.0,Kellen Joke,Non-Starter,Muhsin Muhammad,Car,WR|W/R
13,10.44,Kellen Joke,Non-Starter,Shaun Hill,Min,QB
13,0.0,Kellen Joke,Starter,Robbie Gould,SF,K
13,0.0,Kellen Joke,Starter,Green Bay Packers,GB,DEF
13,9.0,Kellen Joke,Non-Starter,Philadelphia Eagles,Phi,DEF
14,19.04,Kellen Joke,Starter,Jay Cutler,Mia,QB
14,16.3,Kellen Joke,Starter,Larry Fitzgerald,Ari,WR|W/R
14,26.6,Kellen Joke,Starter,Brandon Marshall,Sea,WR|W/R
14,31.7,Kellen Joke,Starter,DeAngelo Williams,Pit,RB|W/R
14,13.1,Kellen Joke,Starter,Matt Forte,NYJ,RB|W/R
14,2.4,Kellen Joke,Starter,Dustin Keller,NYJ,TE
14,24.6,Kellen Joke,Starter,Chris Johnson,Ari,RB|W/R
14,0.0,Kellen Joke,Non-Starter,Marion Barber,Chi,RB|W/R
14,0.0,Kellen Joke,Non-Starter,Kellen Winslow,NYJ,TE
14,23.3,Kellen Joke,Non-Starter,Vincent Jackson,TB,WR|W/R
14,5.8,Kellen Joke,Non-Starter,Muhsin Muhammad,Car,WR|W/R
14,18.2,Kellen Joke,Non-Starter,Shaun Hill,Min,QB
14,19.1,Kellen Joke,Non-Starter,Tashard Choice,Ind,RB|W/R
14,0.0,Kellen Joke,Starter,Rob Bironas,Ten,K
14,6.0,Kellen Joke,Starter,Philadelphia Eagles,Phi,DEF
15,9.78,Kellen Joke,Starter,Jay Cutler,Mia,QB
15,7.7,Kellen Joke,Starter,Larry Fitzgerald,Ari,WR|W/R
15,7.3,Kellen Joke,Starter,Brandon Marshall,Sea,WR|W/R
15,16.6,Kellen Joke,Starter,DeAngelo Williams,Pit,RB|W/R
15,14.8,Kellen Joke,Starter,Matt Forte,NYJ,RB|W/R
15,-0.1,Kellen Joke,Starter,Tony Scheffler,Det,TE
15,7.7,Kellen Joke,Starter,Chris Johnson,Ari,RB|W/R
15,3.6,Kellen Joke,Non-Starter,Marion Barber,Chi,RB|W/R
15,0.0,Kellen Joke,Non-Starter,Kellen Winslow,NYJ,TE
15,16.7,Kellen Joke,Non-Starter,Vincent Jackson,TB,WR|W/R
15,9.0,Kellen Joke,Non-Starter,Muhsin Muhammad,Car,WR|W/R
15,11.02,Kellen Joke,Non-Starter,Shaun Hill,Min,QB
15,22.3,Kellen Joke,Non-Starter,Tashard Choice,Ind,RB|W/R
15,14.0,Kellen Joke,Starter,Rob Bironas,Ten,K
15,19.0,Kellen Joke,Starter,Philadelphia Eagles,Phi,DEF
16,27.36,Kellen Joke,Starter,Jay Cutler,Mia,QB
16,17.6,Kellen Joke,Starter,Larry Fitzgerald,Ari,WR|W/R
16,15.9,Kellen Joke,Starter,Brandon Marshall,Sea,WR|W/R
16,34.8,Kellen Joke,Starter,DeAngelo Williams,Pit,RB|W/R
16,6.3,Kellen Joke,Starter,DeShaun Foster,SF,RB|W/R
16,8.2,Kellen Joke,Starter,John Carlson,Ari,TE
16,17.1,Kellen Joke,Starter,Matt Forte,NYJ,RB|W/R
16,15.14,Kellen Joke,Non-Starter,Shaun Hill,Min,QB
16,21.0,Kellen Joke,Non-Starter,Tashard Choice,Ind,RB|W/R
16,14.0,Kellen Joke,Non-Starter,Chris Johnson,Ari,RB|W/R
16,1.2,Kellen Joke,Non-Starter,Marion Barber,Chi,RB|W/R
16,14.6,Kellen Joke,Non-Starter,Vincent Jackson,TB,WR|W/R
16,1.6,Kellen Joke,Non-Starter,Deion Branch,Ind,WR|W/R
16,4.0,Kellen Joke,Starter,Rob Bironas,Ten,K
16,7.0,Kellen Joke,Starter,Philadelphia Eagles,Phi,DEF
1,3.04,Dancing Gorillas,Starter,Tom Brady,TB,QB
1,12.2,Dancing Gorillas,Starter,Lee Evans,Bal,WR|W/R
1,8.6,Dancing Gorillas,Starter,Joey Galloway,Was,WR|W/R
1,23.1,Dancing Gorillas,Starter,Frank Gore,NYJ,RB|W/R
1,6.6,Dancing Gorillas,Starter,Ronnie Brown,Hou,RB|W/R
1,-1.0,Dancing Gorillas,Starter,Todd Heap,Ari,TE
1,10.0,Dancing Gorillas,Starter,LenDale White,Ten,RB|W/R
1,2.5,Dancing Gorillas,Non-Starter,Donald Lee,Cin,TE
1,0.0,Dancing Gorillas,Non-Starter,Steve Smith,Bal,WR|W/R
1,0.0,Dancing Gorillas,Non-Starter,Jerry Porter,Jax,WR|W/R
1,20.58,Dancing Gorillas,Non-Starter,Philip Rivers,Ind,QB
1,5.2,Dancing Gorillas,Non-Starter,Dominic Rhodes,Ind,RB|W/R
1,4.0,Dancing Gorillas,Starter,Rob Bironas,Ten,K
1,2.0,Dancing Gorillas,Starter,Seattle Seahawks,Sea,DEF
1,16.0,Dancing Gorillas,Non-Starter,Chicago,Chi,DEF
2,27.08,Dancing Gorillas,Starter,Philip Rivers,Ind,QB
2,9.7,Dancing Gorillas,Starter,Lee Evans,Bal,WR|W/R
2,2.8,Dancing Gorillas,Starter,Joey Galloway,Was,WR|W/R
2,16.4,Dancing Gorillas,Starter,Frank Gore,NYJ,RB|W/R
2,11.4,Dancing Gorillas,Starter,Ronnie Brown,Hou,RB|W/R
2,21.4,Dancing Gorillas,Starter,Tony Scheffler,Det,TE
2,11.9,Dancing Gorillas,Starter,LenDale White,Ten,RB|W/R
2,0.0,Dancing Gorillas,Non-Starter,Kevin Walter,Hou,WR|W/R
2,3.7,Dancing Gorillas,Non-Starter,Donald Lee,Cin,TE
2,0.0,Dancing Gorillas,Non-Starter,Steve Smith,Bal,WR|W/R
2,0.0,Dancing Gorillas,Non-Starter,Jerry Porter,Jax,WR|W/R
2,3.2,Dancing Gorillas,Non-Starter,Tarvaris Jackson,Sea,QB
2,3.0,Dancing Gorillas,Starter,Rob Bironas,Ten,K
2,14.0,Dancing Gorillas,Starter,Chicago,Chi,DEF
2,16.0,Dancing Gorillas,Non-Starter,Seattle Seahawks,Sea,DEF
3,19.9,Dancing Gorillas,Starter,Philip Rivers,Ind,QB
3,6.5,Dancing Gorillas,Starter,Lee Evans,Bal,WR|W/R
3,9.0,Dancing Gorillas,Starter,Steve Smith,Bal,WR|W/R
3,24.2,Dancing Gorillas,Starter,Frank Gore,NYJ,RB|W/R
3,41.46,Dancing Gorillas,Starter,Ronnie Brown,Hou,RB|W/R
3,3.2,Dancing Gorillas,Starter,Tony Scheffler,Det,TE
3,16.9,Dancing Gorillas,Starter,LenDale White,Ten,RB|W/R
3,7.5,Dancing Gorillas,Non-Starter,Michael Pittman,Den,RB|W/R
3,0.0,Dancing Gorillas,Non-Starter,Joey Galloway,Was,WR|W/R
3,3.8,Dancing Gorillas,Non-Starter,Kevin Walter,Hou,WR|W/R
3,6.6,Dancing Gorillas,Non-Starter,Donald Lee,Cin,TE
3,14.34,Dancing Gorillas,Non-Starter,JaMarcus Russell,LV,QB
3,6.0,Dancing Gorillas,Starter,David Akers,Det,K
3,8.0,Dancing Gorillas,Starter,Chicago,Chi,DEF
3,9.0,Dancing Gorillas,Non-Starter,Seattle Seahawks,Sea,DEF
4,10.4,Dancing Gorillas,Starter,Philip Rivers,Ind,QB
4,17.8,Dancing Gorillas,Starter,Lee Evans,Bal,WR|W/R
4,18.6,Dancing Gorillas,Starter,Steve Smith,Bal,WR|W/R
4,14.3,Dancing Gorillas,Starter,Frank Gore,NYJ,RB|W/R
4,9.1,Dancing Gorillas,Starter,Michael Pittman,Den,RB|W/R
4,3.1,Dancing Gorillas,Starter,Tony Scheffler,Det,TE
4,7.3,Dancing Gorillas,Starter,LenDale White,Ten,RB|W/R
4,0.0,Dancing Gorillas,Non-Starter,Ronnie Brown,Hou,RB|W/R
4,0.0,Dancing Gorillas,Non-Starter,Joey Galloway,Was,WR|W/R
4,23.6,Dancing Gorillas,Non-Starter,Kevin Walter,Hou,WR|W/R
4,1.1,Dancing Gorillas,Non-Starter,Donald Lee,Cin,TE
4,11.48,Dancing Gorillas,Non-Starter,JaMarcus Russell,LV,QB
4,6.0,Dancing Gorillas,Starter,David Akers,Det,K
4,8.0,Dancing Gorillas,Starter,Chicago,Chi,DEF
4,0.0,Dancing Gorillas,Non-Starter,Seattle Seahawks,Sea,DEF
5,10.36,Dancing Gorillas,Starter,Philip Rivers,Ind,QB
5,19.2,Dancing Gorillas,Starter,Lee Evans,Bal,WR|W/R
5,12.6,Dancing Gorillas,Starter,Steve Smith,Bal,WR|W/R
5,15.8,Dancing Gorillas,Starter,Frank Gore,NYJ,RB|W/R
5,19.8,Dancing Gorillas,Starter,Ronnie Brown,Hou,RB|W/R
5,8.5,Dancing Gorillas,Starter,Tony Scheffler,Det,TE
5,0.9,Dancing Gorillas,Starter,LenDale White,Ten,RB|W/R
5,7.1,Dancing Gorillas,Non-Starter,Michael Pittman,Den,RB|W/R
5,0.0,Dancing Gorillas,Non-Starter,Joey Galloway,Was,WR|W/R
5,4.6,Dancing Gorillas,Non-Starter,Kevin Walter,Hou,WR|W/R
5,10.5,Dancing Gorillas,Non-Starter,Donald Lee,Cin,TE
5,0.0,Dancing Gorillas,Non-Starter,JaMarcus Russell,LV,QB
5,12.0,Dancing Gorillas,Starter,Matt Prater,Ari,K
5,18.0,Dancing Gorillas,Starter,Chicago,Chi,DEF
5,0.0,Dancing Gorillas,Non-Starter,New York,NYJ,DEF
6,24.24,Dancing Gorillas,Starter,Philip Rivers,Ind,QB
6,14.2,Dancing Gorillas,Starter,Steve Smith,Bal,WR|W/R
6,11.8,Dancing Gorillas,Starter,Kevin Walter,Hou,WR|W/R
6,19.2,Dancing Gorillas,Starter,Frank Gore,NYJ,RB|W/R
6,16.8,Dancing Gorillas,Starter,Ronnie Brown,Hou,RB|W/R
6,6.1,Dancing Gorillas,Starter,Zach Miller,Sea,TE
6,14.0,Dancing Gorillas,Starter,Michael Pittman,Den,RB|W/R
6,0.0,Dancing Gorillas,Non-Starter,Tony Scheffler,Det,TE
6,0.0,Dancing Gorillas,Non-Starter,Lee Evans,Bal,WR|W/R
6,0.0,Dancing Gorillas,Non-Starter,LenDale White,Ten,RB|W/R
6,3.46,Dancing Gorillas,Non-Starter,JaMarcus Russell,LV,QB
6,7.9,Dancing Gorillas,Non-Starter,Miles Austin,Phi,WR|W/R
6,3.0,Dancing Gorillas,Starter,Matt Prater,Ari,K
6,2.0,Dancing Gorillas,Starter,Chicago,Chi,DEF
6,11.0,Dancing Gorillas,Non-Starter,New York,NYJ,DEF
7,10.22,Dancing Gorillas,Starter,Philip Rivers,Ind,QB
7,21.2,Dancing Gorillas,Starter,Steve Smith,Bal,WR|W/R
7,18.9,Dancing Gorillas,Starter,Lee Evans,Bal,WR|W/R
7,7.6,Dancing Gorillas,Starter,Frank Gore,NYJ,RB|W/R
7,3.3,Dancing Gorillas,Starter,Ronnie Brown,Hou,RB|W/R
7,7.7,Dancing Gorillas,Starter,Zach Miller,Sea,TE
7,34.1,Dancing Gorillas,Starter,LenDale White,Ten,RB|W/R
7,0.0,Dancing Gorillas,Non-Starter,Tony Scheffler,Det,TE
7,4.9,Dancing Gorillas,Non-Starter,Kevin Walter,Hou,WR|W/R
7,8.8,Dancing Gorillas,Non-Starter,Michael Pittman,Den,RB|W/R
7,5.3,Dancing Gorillas,Non-Starter,Miles Austin,Phi,WR|W/R
7,0.0,Dancing Gorillas,Non-Starter,Matt Ryan,Ind,QB
7,0.0,Dancing Gorillas,Starter,Matt Prater,Ari,K
7,22.0,Dancing Gorillas,Starter,Chicago,Chi,DEF
7,3.0,Dancing Gorillas,Non-Starter,New York,NYJ,DEF
8,23.54,Dancing Gorillas,Starter,Philip Rivers,Ind,QB
8,25.6,Dancing Gorillas,Starter,Steve Smith,Bal,WR|W/R
8,15.1,Dancing Gorillas,Starter,Lee Evans,Bal,WR|W/R
8,19.4,Dancing Gorillas,Starter,Frank Gore,NYJ,RB|W/R
8,5.3,Dancing Gorillas,Starter,Ronnie Brown,Hou,RB|W/R
8,6.6,Dancing Gorillas,Starter,Zach Miller,Sea,TE
8,13.9,Dancing Gorillas,Starter,LenDale White,Ten,RB|W/R
8,0.0,Dancing Gorillas,Non-Starter,Tony Scheffler,Det,TE
8,21.5,Dancing Gorillas,Non-Starter,Kevin Walter,Hou,WR|W/R
8,0.0,Dancing Gorillas,Non-Starter,Michael Pittman,Den,RB|W/R
8,15.48,Dancing Gorillas,Non-Starter,Matt Ryan,Ind,QB
8,0.0,Dancing Gorillas,Starter,Jason Elam,Atl,K
8,0.0,Dancing Gorillas,Non-Starter,Matt Prater,Ari,K
8,5.0,Dancing Gorillas,Starter,New York,NYJ,DEF
8,0.0,Dancing Gorillas,Non-Starter,Chicago,Chi,DEF
9,14.9,Dancing Gorillas,Starter,Matt Ryan,Ind,QB
9,6.1,Dancing Gorillas,Starter,Lee Evans,Bal,WR|W/R
9,2.7,Dancing Gorillas,Starter,Joey Galloway,Was,WR|W/R
9,16.4,Dancing Gorillas,Starter,Ronnie Brown,Hou,RB|W/R
9,3.5,Dancing Gorillas,Starter,Michael Pittman,Den,RB|W/R
9,1.9,Dancing Gorillas,Starter,Zach Miller,Sea,TE
9,7.7,Dancing Gorillas,Starter,LenDale White,Ten,RB|W/R
9,0.0,Dancing Gorillas,Non-Starter,Tony Scheffler,Det,TE
9,6.7,Dancing Gorillas,Non-Starter,Kevin Walter,Hou,WR|W/R
9,0.0,Dancing Gorillas,Non-Starter,Philip Rivers,Ind,QB
9,0.0,Dancing Gorillas,Non-Starter,Steve Smith,Bal,WR|W/R
9,0.0,Dancing Gorillas,Non-Starter,Frank Gore,NYJ,RB|W/R
9,4.0,Dancing Gorillas,Starter,Jason Elam,Atl,K
9,10.0,Dancing Gorillas,Starter,Chicago,Chi,DEF
9,21.0,Dancing Gorillas,Non-Starter,New York,NYJ,DEF
10,16.54,Dancing Gorillas,Starter,Philip Rivers,Ind,QB
10,3.2,Dancing Gorillas,Starter,Lee Evans,Bal,WR|W/R
10,1.4,Dancing Gorillas,Starter,Steve Smith,Bal,WR|W/R
10,14.6,Dancing Gorillas,Starter,Ronnie Brown,Hou,RB|W/R
10,11.0,Dancing Gorillas,Starter,Frank Gore,NYJ,RB|W/R
10,5.7,Dancing Gorillas,Starter,Zach Miller,Sea,TE
10,8.5,Dancing Gorillas,Starter,LenDale White,Ten,RB|W/R
10,17.72,Dancing Gorillas,Non-Starter,Matt Ryan,Ind,QB
10,0.0,Dancing Gorillas,Non-Starter,Joey Galloway,Was,WR|W/R
10,0.0,Dancing Gorillas,Non-Starter,Michael Pittman,Den,RB|W/R
10,11.2,Dancing Gorillas,Non-Starter,Tony Scheffler,Det,TE
10,16.5,Dancing Gorillas,Non-Starter,Kevin Walter,Hou,WR|W/R
10,6.0,Dancing Gorillas,Starter,Jason Elam,Atl,K
10,25.0,Dancing Gorillas,Starter,New York,NYJ,DEF
10,3.0,Dancing Gorillas,Non-Starter,Chicago,Chi,DEF
11,9.8,Dancing Gorillas,Starter,Matt Ryan,Ind,QB
11,0.0,Dancing Gorillas,Starter,Lee Evans,Bal,WR|W/R
11,8.9,Dancing Gorillas,Starter,Steve Smith,Bal,WR|W/R
11,9.7,Dancing Gorillas,Starter,Ronnie Brown,Hou,RB|W/R
11,22.4,Dancing Gorillas,Starter,Frank Gore,NYJ,RB|W/R
11,0.0,Dancing Gorillas,Starter,Tony Scheffler,Det,TE
11,0.0,Dancing Gorillas,Starter,Joey Galloway,Was,WR|W/R
11,8.7,Dancing Gorillas,Non-Starter,Zach Miller,Sea,TE
11,5.2,Dancing Gorillas,Non-Starter,LenDale White,Ten,RB|W/R
11,3.06,Dancing Gorillas,Non-Starter,Philip Rivers,Ind,QB
11,0.0,Dancing Gorillas,Non-Starter,Michael Pittman,Den,RB|W/R
11,9.4,Dancing Gorillas,Non-Starter,Kevin Walter,Hou,WR|W/R
11,7.0,Dancing Gorillas,Starter,Jason Elam,Atl,K
11,10.0,Dancing Gorillas,Starter,New York,NYJ,DEF
11,1.0,Dancing Gorillas,Non-Starter,Chicago,Chi,DEF
12,19.02,Dancing Gorillas,Starter,Philip Rivers,Ind,QB
12,13.5,Dancing Gorillas,Starter,Lee Evans,Bal,WR|W/R
12,20.8,Dancing Gorillas,Starter,Steve Smith,Bal,WR|W/R
12,5.2,Dancing Gorillas,Starter,Ronnie Brown,Hou,RB|W/R
12,3.7,Dancing Gorillas,Starter,Frank Gore,NYJ,RB|W/R
12,5.6,Dancing Gorillas,Starter,Zach Miller,Sea,TE
12,-0.1,Dancing Gorillas,Starter,LenDale White,Ten,RB|W/R
12,10.56,Dancing Gorillas,Non-Starter,Matt Ryan,Ind,QB
12,18.8,Dancing Gorillas,Non-Starter,Kevin Walter,Hou,WR|W/R
12,7.5,Dancing Gorillas,Non-Starter,Visanthe Shiancoe,Ten,TE
12,14.8,Dancing Gorillas,Non-Starter,Le'Ron McClain,LAC,RB|W/R
12,1.4,Dancing Gorillas,Non-Starter,Devery Henderson,NO,WR|W/R
12,3.0,Dancing Gorillas,Starter,Jason Elam,Atl,K
12,20.0,Dancing Gorillas,Starter,Chicago,Chi,DEF
12,7.0,Dancing Gorillas,Non-Starter,New York,NYJ,DEF
13,7.76,Dancing Gorillas,Starter,Philip Rivers,Ind,QB
13,11.5,Dancing Gorillas,Starter,Lee Evans,Bal,WR|W/R
13,12.5,Dancing Gorillas,Starter,Steve Smith,Bal,WR|W/R
13,11.28,Dancing Gorillas,Starter,Ronnie Brown,Hou,RB|W/R
13,8.4,Dancing Gorillas,Starter,Frank Gore,NYJ,RB|W/R
13,10.4,Dancing Gorillas,Starter,Zach Miller,Sea,TE
13,22.6,Dancing Gorillas,Starter,LenDale White,Ten,RB|W/R
13,4.8,Dancing Gorillas,Non-Starter,Kevin Walter,Hou,WR|W/R
13,15.98,Dancing Gorillas,Non-Starter,Matt Ryan,Ind,QB
13,2.5,Dancing Gorillas,Non-Starter,Visanthe Shiancoe,Ten,TE
13,8.6,Dancing Gorillas,Non-Starter,Le'Ron McClain,LAC,RB|W/R
13,4.0,Dancing Gorillas,Non-Starter,Devery Henderson,NO,WR|W/R
13,7.0,Dancing Gorillas,Starter,Jason Elam,Atl,K
13,3.0,Dancing Gorillas,Starter,Chicago,Chi,DEF
13,1.0,Dancing Gorillas,Non-Starter,New York,NYJ,DEF
14,22.46,Dancing Gorillas,Starter,Philip Rivers,Ind,QB
14,3.8,Dancing Gorillas,Starter,Lee Evans,Bal,WR|W/R
14,22.2,Dancing Gorillas,Starter,Steve Smith,Bal,WR|W/R
14,9.8,Dancing Gorillas,Starter,Ronnie Brown,Hou,RB|W/R
14,14.0,Dancing Gorillas,Starter,Frank Gore,NYJ,RB|W/R
14,10.4,Dancing Gorillas,Starter,Zach Miller,Sea,TE
14,14.6,Dancing Gorillas,Starter,LenDale White,Ten,RB|W/R
14,23.6,Dancing Gorillas,Non-Starter,Kevin Walter,Hou,WR|W/R
14,23.9,Dancing Gorillas,Non-Starter,Matt Ryan,Ind,QB
14,15.0,Dancing Gorillas,Non-Starter,Visanthe Shiancoe,Ten,TE
14,12.1,Dancing Gorillas,Non-Starter,Le'Ron McClain,LAC,RB|W/R
14,8.7,Dancing Gorillas,Non-Starter,Devery Henderson,NO,WR|W/R
14,3.0,Dancing Gorillas,Starter,Jason Elam,Atl,K
14,9.0,Dancing Gorillas,Starter,Chicago,Chi,DEF
14,6.0,Dancing Gorillas,Non-Starter,New York,NYJ,DEF
15,19.04,Dancing Gorillas,Starter,Philip Rivers,Ind,QB
15,4.2,Dancing Gorillas,Starter,Lee Evans,Bal,WR|W/R
15,27.9,Dancing Gorillas,Starter,Steve Smith,Bal,WR|W/R
15,8.1,Dancing Gorillas,Starter,Ronnie Brown,Hou,RB|W/R
15,8.7,Dancing Gorillas,Starter,Le'Ron McClain,LAC,RB|W/R
15,8.5,Dancing Gorillas,Starter,Zach Miller,Sea,TE
15,2.6,Dancing Gorillas,Starter,LenDale White,Ten,RB|W/R
15,0.0,Dancing Gorillas,Non-Starter,Frank Gore,NYJ,RB|W/R
15,1.8,Dancing Gorillas,Non-Starter,Kevin Walter,Hou,WR|W/R
15,6.14,Dancing Gorillas,Non-Starter,Matt Ryan,Ind,QB
15,1.3,Dancing Gorillas,Non-Starter,Visanthe Shiancoe,Ten,TE
15,0.0,Dancing Gorillas,Non-Starter,Devery Henderson,NO,WR|W/R
15,6.0,Dancing Gorillas,Starter,Jason Elam,Atl,K
15,17.0,Dancing Gorillas,Starter,New York,NYJ,DEF
15,11.0,Dancing Gorillas,Non-Starter,Chicago,Chi,DEF
16,27.18,Dancing Gorillas,Starter,Philip Rivers,Ind,QB
16,2.9,Dancing Gorillas,Starter,Lee Evans,Bal,WR|W/R
16,8.3,Dancing Gorillas,Starter,Steve Smith,Bal,WR|W/R
16,7.8,Dancing Gorillas,Starter,Ronnie Brown,Hou,RB|W/R
16,20.8,Dancing Gorillas,Starter,Le'Ron McClain,LAC,RB|W/R
16,9.0,Dancing Gorillas,Starter,Zach Miller,Sea,TE
16,10.8,Dancing Gorillas,Starter,LenDale White,Ten,RB|W/R
16,0.0,Dancing Gorillas,Non-Starter,Frank Gore,NYJ,RB|W/R
16,4.0,Dancing Gorillas,Non-Starter,Kevin Walter,Hou,WR|W/R
16,9.56,Dancing Gorillas,Non-Starter,Matt Ryan,Ind,QB
16,29.1,Dancing Gorillas,Non-Starter,Visanthe Shiancoe,Ten,TE
16,10.6,Dancing Gorillas,Non-Starter,Devery Henderson,NO,WR|W/R
16,3.0,Dancing Gorillas,Starter,Jason Elam,Atl,K
16,7.0,Dancing Gorillas,Starter,Chicago,Chi,DEF
16,8.0,Dancing Gorillas,Non-Starter,New York,NYJ,DEF
1,6.8,kidsinthemendenhall,Starter,David Garrard,NYJ,QB
1,2.4,kidsinthemendenhall,Starter,Braylon Edwards,Sea,WR|W/R
1,1.4,kidsinthemendenhall,Starter,Torry Holt,Jax,WR|W/R
1,16.9,kidsinthemendenhall,Starter,Marshawn Lynch,Sea,RB|W/R
1,6.2,kidsinthemendenhall,Starter,Darren McFadden,Dal,RB|W/R
1,4.1,kidsinthemendenhall,Starter,Heath Miller,Pit,TE
1,10.0,kidsinthemendenhall,Starter,Edgerrin James,Sea,RB|W/R
1,11.2,kidsinthemendenhall,Non-Starter,Patrick Crayton,LAC,WR|W/R
1,5.3,kidsinthemendenhall,Non-Starter,Bernard Berrian,Min,WR|W/R
1,10.8,kidsinthemendenhall,Non-Starter,Antwaan Randle El,Pit,WR|W/R
1,5.1,kidsinthemendenhall,Non-Starter,Ahman Green,GB,RB|W/R
1,4.8,kidsinthemendenhall,Non-Starter,Vince Young,Phi,QB
1,16.48,kidsinthemendenhall,Non-Starter,Jon Kitna,Dal,QB
1,4.0,kidsinthemendenhall,Starter,Shayne Graham,Atl,K
1,0.0,kidsinthemendenhall,Starter,Houston Texans,Hou,DEF
2,7.8,kidsinthemendenhall,Starter,David Garrard,NYJ,QB
2,4.7,kidsinthemendenhall,Starter,Braylon Edwards,Sea,WR|W/R
2,3.3,kidsinthemendenhall,Starter,Patrick Crayton,LAC,WR|W/R
2,13.2,kidsinthemendenhall,Starter,Marshawn Lynch,Sea,RB|W/R
2,21.8,kidsinthemendenhall,Starter,Darren McFadden,Dal,RB|W/R
2,4.3,kidsinthemendenhall,Starter,Heath Miller,Pit,TE
2,6.0,kidsinthemendenhall,Starter,Edgerrin James,Sea,RB|W/R
2,16.6,kidsinthemendenhall,Non-Starter,Torry Holt,Jax,WR|W/R
2,0.0,kidsinthemendenhall,Non-Starter,Bernard Berrian,Min,WR|W/R
2,5.3,kidsinthemendenhall,Non-Starter,Antwaan Randle El,Pit,WR|W/R
2,0.0,kidsinthemendenhall,Non-Starter,Ahman Green,GB,RB|W/R
2,0.0,kidsinthemendenhall,Non-Starter,Vince Young,Phi,QB
2,13.74,kidsinthemendenhall,Non-Starter,Jon Kitna,Dal,QB
2,0.0,kidsinthemendenhall,Starter,Shayne Graham,Atl,K
2,0.0,kidsinthemendenhall,Starter,Houston Texans,Hou,DEF
3,9.74,kidsinthemendenhall,Starter,Jon Kitna,Dal,QB
3,4.2,kidsinthemendenhall,Starter,Braylon Edwards,Sea,WR|W/R
3,5.7,kidsinthemendenhall,Starter,Torry Holt,Jax,WR|W/R
3,25.4,kidsinthemendenhall,Starter,Marshawn Lynch,Sea,RB|W/R
3,6.3,kidsinthemendenhall,Starter,Darren McFadden,Dal,RB|W/R
3,8.3,kidsinthemendenhall,Starter,Heath Miller,Pit,TE
3,9.8,kidsinthemendenhall,Starter,Edgerrin James,Sea,RB|W/R
3,5.48,kidsinthemendenhall,Non-Starter,David Garrard,NYJ,QB
3,0.0,kidsinthemendenhall,Non-Starter,Patrick Crayton,LAC,WR|W/R
3,9.4,kidsinthemendenhall,Non-Starter,Bernard Berrian,Min,WR|W/R
3,4.24,kidsinthemendenhall,Non-Starter,Antwaan Randle El,Pit,WR|W/R
3,0.0,kidsinthemendenhall,Non-Starter,Ahman Green,GB,RB|W/R
3,7.8,kidsinthemendenhall,Non-Starter,Warrick Dunn,TB,RB|W/R
3,9.0,kidsinthemendenhall,Starter,Shayne Graham,Atl,K
3,13.0,kidsinthemendenhall,Starter,Tampa Bay Buccaneers,TB,DEF
4,3.96,kidsinthemendenhall,Starter,Brian Griese,TB,QB
4,9.7,kidsinthemendenhall,Starter,Braylon Edwards,Sea,WR|W/R
4,8.5,kidsinthemendenhall,Starter,Torry Holt,Jax,WR|W/R
4,10.1,kidsinthemendenhall,Starter,Marshawn Lynch,Sea,RB|W/R
4,4.7,kidsinthemendenhall,Starter,Darren McFadden,Dal,RB|W/R
4,1.8,kidsinthemendenhall,Starter,Heath Miller,Pit,TE
4,23.1,kidsinthemendenhall,Starter,Edgerrin James,Sea,RB|W/R
4,23.54,kidsinthemendenhall,Non-Starter,David Garrard,NYJ,QB
4,0.0,kidsinthemendenhall,Non-Starter,Jon Kitna,Dal,QB
4,12.2,kidsinthemendenhall,Non-Starter,Patrick Crayton,LAC,WR|W/R
4,10.3,kidsinthemendenhall,Non-Starter,Bernard Berrian,Min,WR|W/R
4,12.1,kidsinthemendenhall,Non-Starter,Antwaan Randle El,Pit,WR|W/R
4,9.6,kidsinthemendenhall,Non-Starter,Warrick Dunn,TB,RB|W/R
4,8.0,kidsinthemendenhall,Starter,Shayne Graham,Atl,K
4,18.0,kidsinthemendenhall,Starter,Tampa Bay Buccaneers,TB,DEF
5,13.2,kidsinthemendenhall,Starter,David Garrard,NYJ,QB
5,8.0,kidsinthemendenhall,Starter,Patrick Crayton,LAC,WR|W/R
5,9.62,kidsinthemendenhall,Starter,Antwaan Randle El,Pit,WR|W/R
5,6.9,kidsinthemendenhall,Starter,Marshawn Lynch,Sea,RB|W/R
5,10.2,kidsinthemendenhall,Starter,Warrick Dunn,TB,RB|W/R
5,13.0,kidsinthemendenhall,Starter,Heath Miller,Pit,TE
5,14.8,kidsinthemendenhall,Starter,Edgerrin James,Sea,RB|W/R
5,20.0,kidsinthemendenhall,Non-Starter,Bernard Berrian,Min,WR|W/R
5,3.52,kidsinthemendenhall,Non-Starter,Brian Griese,TB,QB
5,0.0,kidsinthemendenhall,Non-Starter,Braylon Edwards,Sea,WR|W/R
5,0.0,kidsinthemendenhall,Non-Starter,Torry Holt,Jax,WR|W/R
5,0.0,kidsinthemendenhall,Non-Starter,Darren McFadden,Dal,RB|W/R
5,0.96,kidsinthemendenhall,Non-Starter,Jon Kitna,Dal,QB
5,11.0,kidsinthemendenhall,Starter,Shayne Graham,Atl,K
5,3.0,kidsinthemendenhall,Starter,Tampa Bay Buccaneers,TB,DEF
6,13.74,kidsinthemendenhall,Starter,David Garrard,NYJ,QB
6,11.2,kidsinthemendenhall,Starter,Antwaan Randle El,Pit,WR|W/R
6,25.9,kidsinthemendenhall,Starter,Braylon Edwards,Sea,WR|W/R
6,14.8,kidsinthemendenhall,Starter,Warrick Dunn,TB,RB|W/R
6,3.0,kidsinthemendenhall,Starter,Darren McFadden,Dal,RB|W/R
6,1.7,kidsinthemendenhall,Starter,Anthony Fasano,Mia,TE
6,2.9,kidsinthemendenhall,Starter,Edgerrin James,Sea,RB|W/R
6,0.0,kidsinthemendenhall,Non-Starter,Heath Miller,Pit,TE
6,15.9,kidsinthemendenhall,Non-Starter,Patrick Crayton,LAC,WR|W/R
6,0.0,kidsinthemendenhall,Non-Starter,Marshawn Lynch,Sea,RB|W/R
6,21.9,kidsinthemendenhall,Non-Starter,Bernard Berrian,Min,WR|W/R
6,0.0,kidsinthemendenhall,Non-Starter,Brian Griese,TB,QB
6,4.8,kidsinthemendenhall,Non-Starter,Torry Holt,Jax,WR|W/R
6,0.0,kidsinthemendenhall,Starter,Shayne Graham,Atl,K
6,21.0,kidsinthemendenhall,Starter,Tampa Bay Buccaneers,TB,DEF
7,10.32,kidsinthemendenhall,Starter,Marc Bulger,Bal,QB
7,9.8,kidsinthemendenhall,Starter,Braylon Edwards,Sea,WR|W/R
7,6.6,kidsinthemendenhall,Starter,Torry Holt,Jax,WR|W/R
7,17.2,kidsinthemendenhall,Starter,Marshawn Lynch,Sea,RB|W/R
7,25.4,kidsinthemendenhall,Starter,Dominic Rhodes,Ind,RB|W/R
7,3.5,kidsinthemendenhall,Starter,Anthony Fasano,Mia,TE
7,17.1,kidsinthemendenhall,Starter,Bernard Berrian,Min,WR|W/R
7,7.8,kidsinthemendenhall,Non-Starter,Warrick Dunn,TB,RB|W/R
7,7.6,kidsinthemendenhall,Non-Starter,Antwaan Randle El,Pit,WR|W/R
7,0.0,kidsinthemendenhall,Non-Starter,David Garrard,NYJ,QB
7,10.4,kidsinthemendenhall,Non-Starter,Darren McFadden,Dal,RB|W/R
7,0.0,kidsinthemendenhall,Non-Starter,Edgerrin James,Sea,RB|W/R
7,2.3,kidsinthemendenhall,Non-Starter,Heath Miller,Pit,TE
7,4.0,kidsinthemendenhall,Starter,Joe Nedney,SF,K
7,8.0,kidsinthemendenhall,Starter,Tampa Bay Buccaneers,TB,DEF
8,25.22,kidsinthemendenhall,Starter,David Garrard,NYJ,QB
8,7.4,kidsinthemendenhall,Starter,Braylon Edwards,Sea,WR|W/R
8,4.3,kidsinthemendenhall,Starter,Torry Holt,Jax,WR|W/R
8,18.0,kidsinthemendenhall,Starter,Marshawn Lynch,Sea,RB|W/R
8,14.9,kidsinthemendenhall,Starter,Dominic Rhodes,Ind,RB|W/R
8,8.7,kidsinthemendenhall,Starter,Anthony Fasano,Mia,TE
8,0.0,kidsinthemendenhall,Starter,Darren McFadden,Dal,RB|W/R
8,14.16,kidsinthemendenhall,Non-Starter,Marc Bulger,Bal,QB
8,0.0,kidsinthemendenhall,Non-Starter,Bernard Berrian,Min,WR|W/R
8,1.8,kidsinthemendenhall,Non-Starter,Warrick Dunn,TB,RB|W/R
8,6.2,kidsinthemendenhall,Non-Starter,Antwaan Randle El,Pit,WR|W/R
8,-0.3,kidsinthemendenhall,Non-Starter,Edgerrin James,Sea,RB|W/R
8,6.7,kidsinthemendenhall,Non-Starter,Heath Miller,Pit,TE
8,8.0,kidsinthemendenhall,Starter,Joe Nedney,SF,K
8,7.0,kidsinthemendenhall,Starter,Tampa Bay Buccaneers,TB,DEF
9,9.46,kidsinthemendenhall,Starter,David Garrard,NYJ,QB
9,16.6,kidsinthemendenhall,Starter,Braylon Edwards,Sea,WR|W/R
9,14.8,kidsinthemendenhall,Starter,Torry Holt,Jax,WR|W/R
9,8.3,kidsinthemendenhall,Starter,Marshawn Lynch,Sea,RB|W/R
9,2.7,kidsinthemendenhall,Starter,Dominic Rhodes,Ind,RB|W/R
9,4.7,kidsinthemendenhall,Starter,Anthony Fasano,Mia,TE
9,0.0,kidsinthemendenhall,Starter,Edgerrin James,Sea,RB|W/R
9,0.0,kidsinthemendenhall,Non-Starter,Darren McFadden,Dal,RB|W/R
9,12.64,kidsinthemendenhall,Non-Starter,Marc Bulger,Bal,QB
9,17.4,kidsinthemendenhall,Non-Starter,Bernard Berrian,Min,WR|W/R
9,0.0,kidsinthemendenhall,Non-Starter,Warrick Dunn,TB,RB|W/R
9,3.7,kidsinthemendenhall,Non-Starter,Antwaan Randle El,Pit,WR|W/R
9,0.0,kidsinthemendenhall,Non-Starter,Heath Miller,Pit,TE
9,8.0,kidsinthemendenhall,Starter,Josh Scobee,Pit,K
9,9.0,kidsinthemendenhall,Starter,Tampa Bay Buccaneers,TB,DEF
10,18.52,kidsinthemendenhall,Starter,David Garrard,NYJ,QB
10,2.0,kidsinthemendenhall,Starter,Braylon Edwards,Sea,WR|W/R
10,1.0,kidsinthemendenhall,Starter,Torry Holt,Jax,WR|W/R
10,4.6,kidsinthemendenhall,Starter,Marshawn Lynch,Sea,RB|W/R
10,0.4,kidsinthemendenhall,Starter,Edgerrin James,Sea,RB|W/R
10,2.2,kidsinthemendenhall,Starter,Anthony Fasano,Mia,TE
10,0.0,kidsinthemendenhall,Starter,Bernard Berrian,Min,WR|W/R
10,12.2,kidsinthemendenhall,Non-Starter,Dominic Rhodes,Ind,RB|W/R
10,0.0,kidsinthemendenhall,Non-Starter,Darren McFadden,Dal,RB|W/R
10,-1.4,kidsinthemendenhall,Non-Starter,Marc Bulger,Bal,QB
10,0.0,kidsinthemendenhall,Non-Starter,Warrick Dunn,TB,RB|W/R
10,0.0,kidsinthemendenhall,Non-Starter,Antwaan Randle El,Pit,WR|W/R
10,0.0,kidsinthemendenhall,Non-Starter,Heath Miller,Pit,TE
10,3.0,kidsinthemendenhall,Starter,Josh Scobee,Pit,K
10,7.0,kidsinthemendenhall,Starter,Miami Dolphins,Mia,DEF
11,5.0,kidsinthemendenhall,Starter,David Garrard,NYJ,QB
11,14.4,kidsinthemendenhall,Starter,Braylon Edwards,Sea,WR|W/R
11,8.5,kidsinthemendenhall,Starter,Torry Holt,Jax,WR|W/R
11,28.7,kidsinthemendenhall,Starter,Marshawn Lynch,Sea,RB|W/R
11,0.1,kidsinthemendenhall,Starter,Edgerrin James,Sea,RB|W/R
11,0.0,kidsinthemendenhall,Starter,Anthony Fasano,Mia,TE
11,6.1,kidsinthemendenhall,Starter,Bernard Berrian,Min,WR|W/R
11,8.9,kidsinthemendenhall,Non-Starter,Dominic Rhodes,Ind,RB|W/R
11,2.4,kidsinthemendenhall,Non-Starter,Darren McFadden,Dal,RB|W/R
11,10.3,kidsinthemendenhall,Non-Starter,Marc Bulger,Bal,QB
11,13.8,kidsinthemendenhall,Non-Starter,Warrick Dunn,TB,RB|W/R
11,2.9,kidsinthemendenhall,Non-Starter,Antwaan Randle El,Pit,WR|W/R
11,0.0,kidsinthemendenhall,Non-Starter,Cadillac Williams,LAR,RB|W/R
11,0.0,kidsinthemendenhall,Starter,Josh Scobee,Pit,K
11,9.0,kidsinthemendenhall,Starter,Miami Dolphins,Mia,DEF
12,13.78,kidsinthemendenhall,Starter,David Garrard,NYJ,QB
12,11.0,kidsinthemendenhall,Starter,Braylon Edwards,Sea,WR|W/R
12,10.4,kidsinthemendenhall,Starter,Torry Holt,Jax,WR|W/R
12,18.9,kidsinthemendenhall,Starter,Marshawn Lynch,Sea,RB|W/R
12,-0.1,kidsinthemendenhall,Starter,Edgerrin James,Sea,RB|W/R
12,0.0,kidsinthemendenhall,Starter,Anthony Fasano,Mia,TE
12,3.3,kidsinthemendenhall,Starter,Bernard Berrian,Min,WR|W/R
12,12.7,kidsinthemendenhall,Non-Starter,Dominic Rhodes,Ind,RB|W/R
12,18.2,kidsinthemendenhall,Non-Starter,Darren McFadden,Dal,RB|W/R
12,0.44,kidsinthemendenhall,Non-Starter,Marc Bulger,Bal,QB
12,21.2,kidsinthemendenhall,Non-Starter,Warrick Dunn,TB,RB|W/R
12,8.8,kidsinthemendenhall,Non-Starter,Antwaan Randle El,Pit,WR|W/R
12,2.7,kidsinthemendenhall,Non-Starter,Cadillac Williams,LAR,RB|W/R
12,3.0,kidsinthemendenhall,Starter,Josh Scobee,Pit,K
12,2.0,kidsinthemendenhall,Starter,Miami Dolphins,Mia,DEF
13,12.38,kidsinthemendenhall,Starter,David Garrard,NYJ,QB
13,4.6,kidsinthemendenhall,Starter,Braylon Edwards,Sea,WR|W/R
13,4.5,kidsinthemendenhall,Starter,Torry Holt,Jax,WR|W/R
13,12.0,kidsinthemendenhall,Starter,Marshawn Lynch,Sea,RB|W/R
13,0.0,kidsinthemendenhall,Starter,Edgerrin James,Sea,RB|W/R
13,1.2,kidsinthemendenhall,Starter,Anthony Fasano,Mia,TE
13,20.2,kidsinthemendenhall,Starter,Bernard Berrian,Min,WR|W/R
13,5.1,kidsinthemendenhall,Non-Starter,Dominic Rhodes,Ind,RB|W/R
13,7.8,kidsinthemendenhall,Non-Starter,Darren McFadden,Dal,RB|W/R
13,-0.04,kidsinthemendenhall,Non-Starter,Marc Bulger,Bal,QB
13,7.4,kidsinthemendenhall,Non-Starter,Warrick Dunn,TB,RB|W/R
13,6.38,kidsinthemendenhall,Non-Starter,Antwaan Randle El,Pit,WR|W/R
13,8.0,kidsinthemendenhall,Non-Starter,Cadillac Williams,LAR,RB|W/R
13,3.0,kidsinthemendenhall,Starter,Josh Scobee,Pit,K
13,10.0,kidsinthemendenhall,Starter,Miami Dolphins,Mia,DEF
1,3.26,Zombie Redskins 3,Starter,Carson Palmer,Ari,QB
1,16.2,Zombie Redskins 3,Starter,Andre Johnson,Ten,WR|W/R
1,6.1,Zombie Redskins 3,Starter,Wes Welker,LAR,WR|W/R
1,8.4,Zombie Redskins 3,Starter,Clinton Portis,Was,RB|W/R
1,5.1,Zombie Redskins 3,Starter,Laurence Maroney,NE,RB|W/R
1,8.5,Zombie Redskins 3,Starter,Tony Gonzalez,Atl,TE
1,0.0,Zombie Redskins 3,Starter,Deuce McAllister,NO,RB|W/R
1,10.9,Zombie Redskins 3,Non-Starter,Chris Chambers,KC,WR|W/R
1,0.0,Zombie Redskins 3,Non-Starter,Reggie Brown,Phi,WR|W/R
1,4.5,Zombie Redskins 3,Non-Starter,Kevin Jones,Chi,RB|W/R
1,0.0,Zombie Redskins 3,Non-Starter,Deion Branch,Ind,WR|W/R
1,0.0,Zombie Redskins 3,Non-Starter,Adrian Peterson,Chi,RB|W/R
1,6.32,Zombie Redskins 3,Non-Starter,Marc Bulger,Bal,QB
1,9.0,Zombie Redskins 3,Starter,Neil Rackers,Hou,K
1,6.0,Zombie Redskins 3,Starter,Jacksonville Jaguars,Jax,DEF
2,1.36,Zombie Redskins 3,Starter,Carson Palmer,Ari,QB
2,10.7,Zombie Redskins 3,Starter,Wes Welker,LAR,WR|W/R
2,0.0,Zombie Redskins 3,Starter,Michael Jenkins,Min,WR|W/R
2,22.9,Zombie Redskins 3,Starter,Clinton Portis,Was,RB|W/R
2,1.6,Zombie Redskins 3,Starter,Laurence Maroney,NE,RB|W/R
2,12.4,Zombie Redskins 3,Starter,Tony Gonzalez,Atl,TE
2,22.3,Zombie Redskins 3,Starter,Chris Chambers,KC,WR|W/R
2,0.0,Zombie Redskins 3,Non-Starter,Andre Johnson,Ten,WR|W/R
2,0.0,Zombie Redskins 3,Non-Starter,Reggie Brown,Phi,WR|W/R
2,1.0,Zombie Redskins 3,Non-Starter,Deuce McAllister,NO,RB|W/R
2,0.0,Zombie Redskins 3,Non-Starter,Deion Branch,Ind,WR|W/R
2,9.98,Zombie Redskins 3,Non-Starter,Marc Bulger,Bal,QB
2,10.9,Zombie Redskins 3,Non-Starter,Tim Hightower,NO,RB|W/R
2,4.0,Zombie Redskins 3,Starter,Neil Rackers,Hou,K
2,6.0,Zombie Redskins 3,Starter,Jacksonville Jaguars,Jax,DEF
3,12.06,Zombie Redskins 3,Starter,Trent Edwards,Phi,QB
3,10.4,Zombie Redskins 3,Starter,Wes Welker,LAR,WR|W/R
3,3.9,Zombie Redskins 3,Starter,Andre Johnson,Ten,WR|W/R
3,15.7,Zombie Redskins 3,Starter,Clinton Portis,Was,RB|W/R
3,7.6,Zombie Redskins 3,Starter,Tim Hightower,NO,RB|W/R
3,5.5,Zombie Redskins 3,Starter,Tony Gonzalez,Atl,TE
3,9.2,Zombie Redskins 3,Starter,Chris Chambers,KC,WR|W/R
3,0.0,Zombie Redskins 3,Non-Starter,Laurence Maroney,NE,RB|W/R
3,7.36,Zombie Redskins 3,Non-Starter,Marc Bulger,Bal,QB
3,17.74,Zombie Redskins 3,Non-Starter,Carson Palmer,Ari,QB
3,0.0,Zombie Redskins 3,Non-Starter,Reggie Brown,Phi,WR|W/R
3,0.0,Zombie Redskins 3,Non-Starter,Deuce McAllister,NO,RB|W/R
3,0.0,Zombie Redskins 3,Non-Starter,Deion Branch,Ind,WR|W/R
3,3.0,Zombie Redskins 3,Starter,Neil Rackers,Hou,K
3,11.0,Zombie Redskins 3,Starter,Jacksonville Jaguars,Jax,DEF
4,12.68,Zombie Redskins 3,Starter,Trent Edwards,Phi,QB
4,5.3,Zombie Redskins 3,Starter,Andre Johnson,Ten,WR|W/R
4,2.2,Zombie Redskins 3,Starter,Chansi Stuckey,Ari,WR|W/R
4,14.5,Zombie Redskins 3,Starter,Clinton Portis,Was,RB|W/R
4,0.1,Zombie Redskins 3,Starter,Pierre Thomas,SF,RB|W/R
4,12.2,Zombie Redskins 3,Starter,Tony Gonzalez,Atl,TE
4,5.2,Zombie Redskins 3,Starter,Chris Chambers,KC,WR|W/R
4,8.3,Zombie Redskins 3,Non-Starter,Tim Hightower,NO,RB|W/R
4,0.0,Zombie Redskins 3,Non-Starter,Wes Welker,LAR,WR|W/R
4,0.0,Zombie Redskins 3,Non-Starter,Laurence Maroney,NE,RB|W/R
4,0.0,Zombie Redskins 3,Non-Starter,Carson Palmer,Ari,QB
4,10.9,Zombie Redskins 3,Non-Starter,Reggie Brown,Phi,WR|W/R
4,14.8,Zombie Redskins 3,Non-Starter,Deuce McAllister,NO,RB|W/R
4,0.0,Zombie Redskins 3,Starter,Neil Rackers,Hou,K
4,0.0,Zombie Redskins 3,Starter,Jacksonville Jaguars,Jax,DEF
5,0.72,Zombie Redskins 3,Starter,Trent Edwards,Phi,QB
5,23.6,Zombie Redskins 3,Starter,Andre Johnson,Ten,WR|W/R
5,11.3,Zombie Redskins 3,Starter,Wes Welker,LAR,WR|W/R
5,22.8,Zombie Redskins 3,Starter,Clinton Portis,Was,RB|W/R
5,1.3,Zombie Redskins 3,Starter,Deuce McAllister,NO,RB|W/R
5,3.2,Zombie Redskins 3,Starter,Tony Gonzalez,Atl,TE
5,10.6,Zombie Redskins 3,Starter,Chris Chambers,KC,WR|W/R
5,0.0,Zombie Redskins 3,Non-Starter,Chansi Stuckey,Ari,WR|W/R
5,0.0,Zombie Redskins 3,Non-Starter,Pierre Thomas,SF,RB|W/R
5,17.5,Zombie Redskins 3,Non-Starter,Tim Hightower,NO,RB|W/R
5,2.6,Zombie Redskins 3,Non-Starter,Laurence Maroney,NE,RB|W/R
5,14.68,Zombie Redskins 3,Non-Starter,Carson Palmer,Ari,QB
5,11.0,Zombie Redskins 3,Non-Starter,Reggie Brown,Phi,WR|W/R
5,7.0,Zombie Redskins 3,Starter,Neil Rackers,Hou,K
5,11.0,Zombie Redskins 3,Starter,Jacksonville Jaguars,Jax,DEF
6,15.44,Zombie Redskins 3,Starter,Kyle Orton,Buf,QB
6,26.8,Zombie Redskins 3,Starter,Andre Johnson,Ten,WR|W/R
6,11.8,Zombie Redskins 3,Starter,Wes Welker,LAR,WR|W/R
6,26.8,Zombie Redskins 3,Starter,Clinton Portis,Was,RB|W/R
6,8.2,Zombie Redskins 3,Starter,Deuce McAllister,NO,RB|W/R
6,1.5,Zombie Redskins 3,Starter,Visanthe Shiancoe,Ten,TE
6,6.9,Zombie Redskins 3,Starter,Tim Hightower,NO,RB|W/R
6,0.0,Zombie Redskins 3,Non-Starter,Chris Chambers,KC,WR|W/R
6,0.0,Zombie Redskins 3,Non-Starter,Trent Edwards,Phi,QB
6,0.0,Zombie Redskins 3,Non-Starter,Tony Gonzalez,Atl,TE
6,0.1,Zombie Redskins 3,Non-Starter,Chansi Stuckey,Ari,WR|W/R
6,0.0,Zombie Redskins 3,Non-Starter,Laurence Maroney,NE,RB|W/R
6,0.0,Zombie Redskins 3,Non-Starter,Reggie Brown,Phi,WR|W/R
6,4.0,Zombie Redskins 3,Starter,Neil Rackers,Hou,K
6,7.0,Zombie Redskins 3,Starter,Jacksonville Jaguars,Jax,DEF
7,17.12,Zombie Redskins 3,Starter,Kyle Orton,Buf,QB
7,19.6,Zombie Redskins 3,Starter,Andre Johnson,Ten,WR|W/R
7,15.3,Zombie Redskins 3,Starter,Wes Welker,LAR,WR|W/R
7,22.8,Zombie Redskins 3,Starter,Clinton Portis,Was,RB|W/R
7,5.8,Zombie Redskins 3,Starter,Deuce McAllister,NO,RB|W/R
7,12.7,Zombie Redskins 3,Starter,Tony Gonzalez,Atl,TE
7,-1.1,Zombie Redskins 3,Starter,Ike Hilliard,TB,WR|W/R
7,0.0,Zombie Redskins 3,Non-Starter,Chris Chambers,KC,WR|W/R
7,0.0,Zombie Redskins 3,Non-Starter,Tim Hightower,NO,RB|W/R
7,15.04,Zombie Redskins 3,Non-Starter,Trent Edwards,Phi,QB
7,3.0,Zombie Redskins 3,Starter,Olindo Mare,Chi,K
7,0.0,Zombie Redskins 3,Non-Starter,Neil Rackers,Hou,K
7,0.0,Zombie Redskins 3,Starter,Indianapolis Colts,Ind,DEF
7,0.0,Zombie Redskins 3,Non-Starter,Jacksonville Jaguars,Jax,DEF
7,9.0,Zombie Redskins 3,Non-Starter,Carolina Panthers,Car,DEF
8,6.78,Zombie Redskins 3,Starter,Trent Edwards,Phi,QB
8,19.8,Zombie Redskins 3,Starter,Andre Johnson,Ten,WR|W/R
8,11.4,Zombie Redskins 3,Starter,Wes Welker,LAR,WR|W/R
8,13.7,Zombie Redskins 3,Starter,Clinton Portis,Was,RB|W/R
8,9.1,Zombie Redskins 3,Starter,Tim Hightower,NO,RB|W/R
8,16.9,Zombie Redskins 3,Starter,Tony Gonzalez,Atl,TE
8,7.9,Zombie Redskins 3,Starter,Cedric Benson,GB,RB|W/R
8,16.5,Zombie Redskins 3,Non-Starter,Deuce McAllister,NO,RB|W/R
8,7.2,Zombie Redskins 3,Non-Starter,Chris Chambers,KC,WR|W/R
8,0.0,Zombie Redskins 3,Non-Starter,Kyle Orton,Buf,QB
8,3.8,Zombie Redskins 3,Non-Starter,Ike Hilliard,TB,WR|W/R
8,0.0,Zombie Redskins 3,Non-Starter,Deion Branch,Ind,WR|W/R
8,8.0,Zombie Redskins 3,Starter,Olindo Mare,Chi,K
8,3.0,Zombie Redskins 3,Non-Starter,Neil Rackers,Hou,K
8,6.0,Zombie Redskins 3,Starter,Carolina Panthers,Car,DEF
9,11.02,Zombie Redskins 3,Starter,Kyle Orton,Buf,QB
9,14.2,Zombie Redskins 3,Starter,Andre Johnson,Ten,WR|W/R
9,7.2,Zombie Redskins 3,Starter,Wes Welker,LAR,WR|W/R
9,15.9,Zombie Redskins 3,Starter,Clinton Portis,Was,RB|W/R
9,18.5,Zombie Redskins 3,Starter,Tim Hightower,NO,RB|W/R
9,9.7,Zombie Redskins 3,Starter,Tony Gonzalez,Atl,TE
9,17.4,Zombie Redskins 3,Starter,Cedric Benson,GB,RB|W/R
9,9.46,Zombie Redskins 3,Non-Starter,Trent Edwards,Phi,QB
9,0.0,Zombie Redskins 3,Non-Starter,Deuce McAllister,NO,RB|W/R
9,0.0,Zombie Redskins 3,Non-Starter,Chris Chambers,KC,WR|W/R
9,8.5,Zombie Redskins 3,Non-Starter,Ike Hilliard,TB,WR|W/R
9,0.0,Zombie Redskins 3,Starter,Olindo Mare,Chi,K
9,6.0,Zombie Redskins 3,Non-Starter,Neil Rackers,Hou,K
9,12.0,Zombie Redskins 3,Starter,Jacksonville Jaguars,Jax,DEF
9,0.0,Zombie Redskins 3,Non-Starter,Carolina Panthers,Car,DEF
10,4.8,Zombie Redskins 3,Starter,Trent Edwards,Phi,QB
10,10.1,Zombie Redskins 3,Starter,Andre Johnson,Ten,WR|W/R
10,15.9,Zombie Redskins 3,Starter,Wes Welker,LAR,WR|W/R
10,8.0,Zombie Redskins 3,Starter,Tim Hightower,NO,RB|W/R
10,11.1,Zombie Redskins 3,Starter,Deuce McAllister,NO,RB|W/R
10,28.3,Zombie Redskins 3,Starter,Tony Gonzalez,Atl,TE
10,0.0,Zombie Redskins 3,Starter,Chris Chambers,KC,WR|W/R
10,0.0,Zombie Redskins 3,Non-Starter,Kyle Orton,Buf,QB
10,0.0,Zombie Redskins 3,Non-Starter,Clinton Portis,Was,RB|W/R
10,0.0,Zombie Redskins 3,Non-Starter,Cedric Benson,GB,RB|W/R
10,0.0,Zombie Redskins 3,Non-Starter,Ike Hilliard,TB,WR|W/R
10,6.0,Zombie Redskins 3,Starter,Olindo Mare,Chi,K
10,9.0,Zombie Redskins 3,Non-Starter,Neil Rackers,Hou,K
10,12.0,Zombie Redskins 3,Starter,Jacksonville Jaguars,Jax,DEF
10,18.0,Zombie Redskins 3,Non-Starter,Carolina Panthers,Car,DEF
11,10.62,Zombie Redskins 3,Starter,Trent Edwards,Phi,QB
11,7.5,Zombie Redskins 3,Starter,Andre Johnson,Ten,WR|W/R
11,14.3,Zombie Redskins 3,Starter,Wes Welker,LAR,WR|W/R
11,3.5,Zombie Redskins 3,Starter,Tim Hightower,NO,RB|W/R
11,7.8,Zombie Redskins 3,Starter,Deuce McAllister,NO,RB|W/R
11,6.4,Zombie Redskins 3,Starter,Tony Gonzalez,Atl,TE
11,3.6,Zombie Redskins 3,Starter,Chris Chambers,KC,WR|W/R
11,10.9,Zombie Redskins 3,Non-Starter,Cedric Benson,GB,RB|W/R
11,8.4,Zombie Redskins 3,Non-Starter,Clinton Portis,Was,RB|W/R
11,3.32,Zombie Redskins 3,Non-Starter,Kyle Orton,Buf,QB
11,0.4,Zombie Redskins 3,Non-Starter,Ike Hilliard,TB,WR|W/R
11,5.7,Zombie Redskins 3,Non-Starter,Ray Rice,Bal,RB|W/R
11,0.0,Zombie Redskins 3,Starter,Olindo Mare,Chi,K
11,11.0,Zombie Redskins 3,Starter,Carolina Panthers,Car,DEF
11,3.0,Zombie Redskins 3,Non-Starter,Jacksonville Jaguars,Jax,DEF
12,9.18,Zombie Redskins 3,Starter,Kyle Orton,Buf,QB
12,16.6,Zombie Redskins 3,Starter,Andre Johnson,Ten,WR|W/R
12,16.0,Zombie Redskins 3,Starter,Wes Welker,LAR,WR|W/R
12,14.1,Zombie Redskins 3,Starter,Tim Hightower,NO,RB|W/R
12,16.9,Zombie Redskins 3,Starter,Clinton Portis,Was,RB|W/R
12,22.3,Zombie Redskins 3,Starter,Tony Gonzalez,Atl,TE
12,9.1,Zombie Redskins 3,Starter,Chris Chambers,KC,WR|W/R
12,34.72,Zombie Redskins 3,Non-Starter,Trent Edwards,Phi,QB
12,7.2,Zombie Redskins 3,Non-Starter,Deuce McAllister,NO,RB|W/R
12,4.4,Zombie Redskins 3,Non-Starter,Cedric Benson,GB,RB|W/R
12,10.1,Zombie Redskins 3,Non-Starter,Ike Hilliard,TB,WR|W/R
12,6.4,Zombie Redskins 3,Non-Starter,Ray Rice,Bal,RB|W/R
12,4.0,Zombie Redskins 3,Starter,Olindo Mare,Chi,K
12,-1.0,Zombie Redskins 3,Starter,Carolina Panthers,Car,DEF
12,7.0,Zombie Redskins 3,Non-Starter,Jacksonville Jaguars,Jax,DEF
13,8.12,Zombie Redskins 3,Starter,Kyle Orton,Buf,QB
13,17.0,Zombie Redskins 3,Starter,Andre Johnson,Ten,WR|W/R
13,5.0,Zombie Redskins 3,Starter,Wes Welker,LAR,WR|W/R
13,5.6,Zombie Redskins 3,Starter,Tim Hightower,NO,RB|W/R
13,4.2,Zombie Redskins 3,Starter,Clinton Portis,Was,RB|W/R
13,15.0,Zombie Redskins 3,Starter,Tony Gonzalez,Atl,TE
13,0.7,Zombie Redskins 3,Starter,Chris Chambers,KC,WR|W/R
13,4.98,Zombie Redskins 3,Non-Starter,Trent Edwards,Phi,QB
13,2.1,Zombie Redskins 3,Non-Starter,Deuce McAllister,NO,RB|W/R
13,2.8,Zombie Redskins 3,Non-Starter,Cedric Benson,GB,RB|W/R
13,0.0,Zombie Redskins 3,Non-Starter,Ike Hilliard,TB,WR|W/R
13,7.5,Zombie Redskins 3,Non-Starter,Ray Rice,Bal,RB|W/R
13,10.0,Zombie Redskins 3,Starter,Olindo Mare,Chi,K
13,5.0,Zombie Redskins 3,Starter,Carolina Panthers,Car,DEF
13,1.0,Zombie Redskins 3,Non-Starter,Jacksonville Jaguars,Jax,DEF
